id,model,dataset,included,m,n_clusters,entropy,norm_entropy,is_zero,pred,correct,em,f1,confidence,is_unanswerable,qtype
56bc751eac7ad10019000013,Mistral-7B-Instruct-v0.1,bioasq,False,2,,,,,,,,,,False,factoid
56c1f01def6e394741000045,Mistral-7B-Instruct-v0.1,bioasq,False,1,,,,,,,,,,False,factoid
56af9f130a360a5e45000015,Mistral-7B-Instruct-v0.1,bioasq,False,2,,,,,,,,,,False,factoid
52bf1b0a03868f1b06000009,Mistral-7B-Instruct-v0.1,bioasq,False,2,,,,,,,,,,False,factoid
52bf19c503868f1b06000001,Mistral-7B-Instruct-v0.1,bioasq,True,3,4.0,1.9999999999999942,0.9999999999999971,False,X-linked recessive,False,0.0,0.0,-0.24658611281188314,False,factoid
5505edac8e1671127b000005,Mistral-7B-Instruct-v0.1,bioasq,False,2,,,,,,,,,,False,factoid
56e2cec751531f7e33000015,Mistral-7B-Instruct-v0.1,bioasq,False,2,,,,,,,,,,False,factoid
5518e7da622b194345000004,Mistral-7B-Instruct-v0.1,bioasq,False,2,,,,,,,,,,False,factoid
530a5117970c65fa6b000007,Mistral-7B-Instruct-v0.1,bioasq,True,3,4.0,1.9999999999999942,0.9999999999999971,False,"TAILS stands for ""Tandem Affinity Purification of Interacting Proteins in Lysates"".",False,0.0,0.0,-0.4509140922695951,False,factoid
552fac4fbc4f83e828000006,Mistral-7B-Instruct-v0.1,bioasq,False,2,,,,,,,,,,False,factoid
54cf7051f693c3b16b000013,Mistral-7B-Instruct-v0.1,bioasq,False,2,,,,,,,,,,False,factoid
54e0d1491388e8454a000014,Mistral-7B-Instruct-v0.1,bioasq,True,3,4.0,1.9999999999999942,0.9999999999999971,False,Evolocumab targets the enzyme PCSK9.,False,0.0,0.0,-0.0809073234002522,False,factoid
51404dd723fec90375000002,Mistral-7B-Instruct-v0.1,bioasq,False,2,,,,,,,,,,False,factoid
56d0451c3975bb303a00000e,Mistral-7B-Instruct-v0.1,bioasq,False,1,,,,,,,,,,False,factoid
54ede8c594afd61504000009,Mistral-7B-Instruct-v0.1,bioasq,True,3,3.0,1.4999999999999956,0.7499999999999978,False,G1 phase.,False,0.0,0.0,-0.6023725692648441,False,factoid
551c23bc6b348bb82c00000b,Mistral-7B-Instruct-v0.1,bioasq,False,2,,,,,,,,,,False,factoid
56c1f02cef6e39474100004c,Mistral-7B-Instruct-v0.1,bioasq,False,1,,,,,,,,,,False,factoid
550af222c2af5d5b7000000b,Mistral-7B-Instruct-v0.1,bioasq,True,3,4.0,1.9999999999999942,0.9999999999999971,False,The E3 ubiquitin ligase that ubiquitinates IkB leading to its proteasomal degradation is NEMO (NF,False,0.0,0.0,-0.10382533969568897,False,factoid
56c1f03bef6e394741000053,Mistral-7B-Instruct-v0.1,bioasq,False,2,,,,,,,,,,False,factoid
532498959b2d7acc7e000017,Mistral-7B-Instruct-v0.1,bioasq,False,2,,,,,,,,,,False,factoid
56d06e043975bb303a000011,Mistral-7B-Instruct-v0.1,bioasq,False,1,,,,,,,,,,False,factoid
5509f433c2af5d5b70000008,Mistral-7B-Instruct-v0.1,bioasq,False,2,,,,,,,,,,False,factoid
531a34d5b166e2b806000036,Mistral-7B-Instruct-v0.1,bioasq,False,2,,,,,,,,,,False,factoid
56cdf40d5795f9a73e00003d,Mistral-7B-Instruct-v0.1,bioasq,False,1,,,,,,,,,,False,factoid
553653a5bc4f83e828000007,Mistral-7B-Instruct-v0.1,bioasq,True,3,2.0,0.8112781244591301,0.40563906222956503,False,The technique used for detection of EWS/FLI1 fusion transcripts is reverse transcription-polymerase chain reaction (RT-PCR).,False,0.0,0.0,-0.11014812173388755,False,factoid
56c868a95795f9a73e000017,Mistral-7B-Instruct-v0.1,bioasq,True,3,3.0,1.4999999999999956,0.7499999999999978,False,The BiFC assay is used to detect protein-protein interactions in Drosophila embryos.,False,0.0,0.0,-0.13564849081139604,False,factoid
516e5f41298dcd4e5100007f,Mistral-7B-Instruct-v0.1,bioasq,False,1,,,,,,,,,,False,factoid
56ed27012ac5ed145900000b,Mistral-7B-Instruct-v0.1,bioasq,False,1,,,,,,,,,,False,factoid
52f223e02059c6d71c00000e,Mistral-7B-Instruct-v0.1,bioasq,False,2,,,,,,,,,,False,factoid
5343caffaeec6fbd07000002,Mistral-7B-Instruct-v0.1,bioasq,True,3,2.0,0.8112781244591301,0.40563906222956503,False,Selenoprotein P.,True,1.0,1.0,-0.32179868577941306,False,factoid
56a39d60496b62f23f000006,Mistral-7B-Instruct-v0.1,bioasq,True,3,3.0,1.4999999999999956,0.7499999999999978,False,"The package available for analyzing genomic interactions in R/Bioconductor is ""interaction"".",False,0.0,0.0,-0.235029695353393,False,factoid
5150b807d24251bc05000072,Mistral-7B-Instruct-v0.1,bioasq,False,1,,,,,,,,,,False,factoid
56c1d857ef6e394741000033,Mistral-7B-Instruct-v0.1,bioasq,True,3,2.0,0.8112781244591301,0.40563906222956503,False,Opicapone inhibits the enzyme CYP2C9.,False,0.0,0.0,-0.1642408150717141,False,factoid
52fe58f82059c6d71c00007a,Mistral-7B-Instruct-v0.1,bioasq,False,2,,,,,,,,,,False,factoid
56c5fd325795f9a73e000005,Mistral-7B-Instruct-v0.1,bioasq,False,2,,,,,,,,,,False,factoid
5319ac99b166e2b806000034,Mistral-7B-Instruct-v0.1,bioasq,False,1,,,,,,,,,,False,factoid
54f89e1a06d9727f76000001,Mistral-7B-Instruct-v0.1,bioasq,False,2,,,,,,,,,,False,factoid
571e275dbb137a4b0c000005,Mistral-7B-Instruct-v0.1,bioasq,False,2,,,,,,,,,,False,factoid
51739df58ed59a060a00001c,Mistral-7B-Instruct-v0.1,bioasq,False,2,,,,,,,,,,False,factoid
56e857ae42442bac75000004,Mistral-7B-Instruct-v0.1,bioasq,True,3,4.0,1.9999999999999942,0.9999999999999971,False,MMP proteins need a specific amino acid sequence and post-translational modifications to be functional.,False,0.0,0.0,-0.3781004629160055,False,factoid
5509c52f1180f13250000004,Mistral-7B-Instruct-v0.1,bioasq,True,3,1.0,-1.6017132519074577e-15,-8.008566259537289e-16,True,Hyperosmia is an abnormally heightened sense of smell.,False,0.0,0.0,-0.13655348177318208,False,factoid
535d2cf09a4572de6f000004,Mistral-7B-Instruct-v0.1,bioasq,False,1,,,,,,,,,,False,factoid
55475dc2f35db75526000001,Mistral-7B-Instruct-v0.1,bioasq,False,2,,,,,,,,,,False,factoid
56c073fcef6e394741000020,Mistral-7B-Instruct-v0.1,bioasq,False,0,,,,,,,,,,False,factoid
52fe52702059c6d71c000078,Mistral-7B-Instruct-v0.1,bioasq,True,3,3.0,1.4999999999999956,0.7499999999999978,False,CENPA is preferentially localized in the centromere region of chromosomes.,False,0.0,0.0,-0.20137873462101652,False,factoid
5339ecf4d6d3ac6a3400005f,Mistral-7B-Instruct-v0.1,bioasq,False,2,,,,,,,,,,False,factoid
5717d64f29809bbe7a000001,Mistral-7B-Instruct-v0.1,bioasq,True,3,2.0,0.8112781244591301,0.40563906222956503,False,Opa1 is a protein that is localized in the inner mitochondrial membrane.,False,0.0,0.0,-0.18982516779931843,False,factoid
56c8f4615795f9a73e00001a,Mistral-7B-Instruct-v0.1,bioasq,False,1,,,,,,,,,,False,factoid
552421082c8b63434a000005,Mistral-7B-Instruct-v0.1,bioasq,False,1,,,,,,,,,,False,factoid
5719f5b27de986d80d00000c,Mistral-7B-Instruct-v0.1,bioasq,True,3,2.0,0.8112781244591301,0.40563906222956503,False,Neu5Gc (N-Glycolylneuraminic acid) is a type of sialic acid found in the brain and spinal,False,0.0,0.0,-0.144099131040754,False,factoid
5710a592cf1c32585100002a,Mistral-7B-Instruct-v0.1,bioasq,False,0,,,,,,,,,,False,factoid
532366f09b2d7acc7e000015,Mistral-7B-Instruct-v0.1,bioasq,True,3,2.0,0.8112781244591301,0.40563906222956503,False,Cysteine.,True,1.0,1.0,-0.3523845179588534,False,factoid
55000cc4e9bde69634000004,Mistral-7B-Instruct-v0.1,bioasq,True,3,4.0,1.9999999999999942,0.9999999999999971,False,The disease is called Hirschsprung's disease.,False,0.0,0.0,-0.17674191509892212,False,factoid
54ede28094afd61504000003,Mistral-7B-Instruct-v0.1,bioasq,False,2,,,,,,,,,,False,factoid
56ecfd572ac5ed1459000002,Mistral-7B-Instruct-v0.1,bioasq,False,2,,,,,,,,,,False,factoid
5709ee36cf1c32585100001e,Mistral-7B-Instruct-v0.1,bioasq,False,2,,,,,,,,,,False,factoid
54d649843706e89528000009,Mistral-7B-Instruct-v0.1,bioasq,False,2,,,,,,,,,,False,factoid
5335c7f2d6d3ac6a34000051,Mistral-7B-Instruct-v0.1,bioasq,False,2,,,,,,,,,,False,factoid
5545186cbf90a13052000002,Mistral-7B-Instruct-v0.1,bioasq,False,0,,,,,,,,,,False,factoid
5357a6d0f1005d6b58000004,Mistral-7B-Instruct-v0.1,bioasq,False,2,,,,,,,,,,False,factoid
56ed14d92ac5ed145900000a,Mistral-7B-Instruct-v0.1,bioasq,False,1,,,,,,,,,,False,factoid
57092332cf1c325851000018,Mistral-7B-Instruct-v0.1,bioasq,False,2,,,,,,,,,,False,factoid
56ed03862ac5ed1459000004,Mistral-7B-Instruct-v0.1,bioasq,False,2,,,,,,,,,,False,factoid
54f9cb34dd3fc62544000002,Mistral-7B-Instruct-v0.1,bioasq,True,3,2.0,0.8112781244591301,0.40563906222956503,False,Bcl-2,False,0.0,0.0,-0.1585673775523901,False,factoid
535d3c069a4572de6f000006,Mistral-7B-Instruct-v0.1,bioasq,False,1,,,,,,,,,,False,factoid
515df063298dcd4e51000029,Mistral-7B-Instruct-v0.1,bioasq,True,3,3.0,1.4999999999999956,0.7499999999999978,False,There is no indication for prophylactic use of antibiotics in COPD (chronic obstructive pulmonary disease).,False,0.0,0.0,-0.09018495769445374,False,factoid
54d73e223706e89528000010,Mistral-7B-Instruct-v0.1,bioasq,False,1,,,,,,,,,,False,factoid
515db083298dcd4e51000012,Mistral-7B-Instruct-v0.1,bioasq,False,1,,,,,,,,,,False,factoid
55058af6f73303d458000004,Mistral-7B-Instruct-v0.1,bioasq,False,2,,,,,,,,,,False,factoid
535d35779a4572de6f000005,Mistral-7B-Instruct-v0.1,bioasq,False,2,,,,,,,,,,False,factoid
56b7083376d8bf8d13000001,Mistral-7B-Instruct-v0.1,bioasq,True,3,2.0,0.8112781244591301,0.40563906222956503,False,"The causative agent of the ""Panama disease"" affecting bananas is a fungus called Fusarium oxysporum.",False,0.0,0.0,-0.10658366794430957,False,factoid
55376663bc4f83e82800000a,Mistral-7B-Instruct-v0.1,bioasq,False,2,,,,,,,,,,False,factoid
52f11b922059c6d71c000004,Mistral-7B-Instruct-v0.1,bioasq,True,3,4.0,1.9999999999999942,0.9999999999999971,False,The signalling pathway involved in Tuberous Sclerosis is the mTOR pathway.,False,0.0,0.0,-0.057498491546105555,False,factoid
536787467d100faa09000010,Mistral-7B-Instruct-v0.1,bioasq,False,2,,,,,,,,,,False,factoid
56c077e9ef6e394741000021,Mistral-7B-Instruct-v0.1,bioasq,True,3,4.0,1.9999999999999942,0.9999999999999971,False,IgG14,False,0.0,0.0,-0.8260099863012632,False,factoid
571f609c0fd6f91b6800000c,Mistral-7B-Instruct-v0.1,bioasq,True,3,3.0,1.4999999999999956,0.7499999999999978,False,GM1 gangliosidoses can be caused by deficiencies in the enzymes galactosidase alpha and galactosidase beta,False,0.0,0.0,-0.23018251838934844,False,factoid
55032e65e9bde69634000034,Mistral-7B-Instruct-v0.1,bioasq,True,3,4.0,1.9999999999999942,0.9999999999999971,False,"The characteristic feature of the Dyke-Davidoff-Masson syndrome is the presence of a triad of symptoms: progressive neurological deterioration,",False,0.0,0.0,-0.3949235186410931,False,factoid
5717d86029809bbe7a000003,Mistral-7B-Instruct-v0.1,bioasq,False,1,,,,,,,,,,False,factoid
514a0f4ad24251bc05000053,Mistral-7B-Instruct-v0.1,bioasq,False,2,,,,,,,,,,False,factoid
51651e24298dcd4e51000054,Mistral-7B-Instruct-v0.1,bioasq,True,3,2.0,0.8112781244591301,0.40563906222956503,False,30,True,1.0,1.0,-1.081860937178135,False,factoid
52b2e498f828ad283c000010,Mistral-7B-Instruct-v0.1,bioasq,False,0,,,,,,,,,,False,factoid
5147c088d24251bc05000026,Mistral-7B-Instruct-v0.1,bioasq,True,3,1.0,-1.6017132519074577e-15,-8.008566259537289e-16,True,Small cell lung cancer.,False,0.0,0.0,-0.23369158003091192,False,factoid
5719f5c67de986d80d00000d,Mistral-7B-Instruct-v0.1,bioasq,False,1,,,,,,,,,,False,factoid
517901bc8ed59a060a00003b,Mistral-7B-Instruct-v0.1,bioasq,True,4,5.0,2.321928094887355,0.9999999999999969,False,MK-3475 and CT-011 are targeting the protein programmed death-ligand 1 (PD-L1).,False,0.0,0.0,-0.16248050162392147,False,factoid
54e0e902ae9738404b000001,Mistral-7B-Instruct-v0.1,bioasq,False,2,,,,,,,,,,False,factoid
554356d0ed966d112c000005,Mistral-7B-Instruct-v0.1,bioasq,False,2,,,,,,,,,,False,factoid
532206819b2d7acc7e00000f,Mistral-7B-Instruct-v0.1,bioasq,True,3,3.0,1.4999999999999956,0.7499999999999978,False,One method for enrichment of arginine-methylated peptides is through the use of affinity purification.,False,0.0,0.0,-0.1738865557854963,False,factoid
54d8fd334b1fd0d33c000005,Mistral-7B-Instruct-v0.1,bioasq,False,1,,,,,,,,,,False,factoid
52f89fc62059c6d71c000050,Mistral-7B-Instruct-v0.1,bioasq,False,2,,,,,,,,,,False,factoid
52f350042059c6d71c000010,Mistral-7B-Instruct-v0.1,bioasq,False,2,,,,,,,,,,False,factoid
54f60ae05f206a0c06000008,Mistral-7B-Instruct-v0.1,bioasq,False,1,,,,,,,,,,False,factoid
5324a8ac9b2d7acc7e000018,Mistral-7B-Instruct-v0.1,bioasq,True,3,3.0,1.4999999999999956,0.7499999999999978,False,The tyrosine kinase targeted by Imatinib (Gleevec) in Philadelphia-chromosome positive chronic myelogenous leukem,False,0.0,0.0,-0.08521987573237055,False,factoid
571e172bbb137a4b0c000002,Mistral-7B-Instruct-v0.1,bioasq,False,1,,,,,,,,,,False,factoid
56b330bb39c782df06000001,Mistral-7B-Instruct-v0.1,bioasq,False,2,,,,,,,,,,False,factoid
57090c33cf1c325851000013,Mistral-7B-Instruct-v0.1,bioasq,False,1,,,,,,,,,,False,factoid
56ed27202ac5ed145900000c,Mistral-7B-Instruct-v0.1,bioasq,False,0,,,,,,,,,,False,factoid
5157539ed24251bc0500008a,Mistral-7B-Instruct-v0.1,bioasq,False,1,,,,,,,,,,False,factoid
530cf4e0c8a0b4a00c000002,Mistral-7B-Instruct-v0.1,bioasq,True,3,4.0,1.9999999999999942,0.9999999999999971,False,Isolated non-compaction cardiomyopathy (INCCM) and dilated cardiomyopathy (DCM) are two types,False,0.0,0.0,-0.13598965065831692,False,factoid
530cf4e0c8a0b4a00c000006,Mistral-7B-Instruct-v0.1,bioasq,False,2,,,,,,,,,,False,factoid
530cf4e0c8a0b4a00c000007,Mistral-7B-Instruct-v0.1,bioasq,False,2,,,,,,,,,,False,factoid
572096c90fd6f91b6800000e,Mistral-7B-Instruct-v0.1,bioasq,False,2,,,,,,,,,,False,factoid
5173bdb38ed59a060a000020,Mistral-7B-Instruct-v0.1,bioasq,False,0,,,,,,,,,,False,factoid
53442ca9aeec6fbd0700000b,Mistral-7B-Instruct-v0.1,bioasq,True,4,1.0,-1.6017132519074577e-15,-6.898203503520455e-16,True,ERAP2 is located in the endoplasmic reticulum (ER).,False,0.0,0.0,-0.11614263164694687,False,factoid
52efbfccc8da898910000018,Mistral-7B-Instruct-v0.1,bioasq,True,3,4.0,1.9999999999999942,0.9999999999999971,False,Pharmacological treatment of subclinical hypothyroidism is effective in reducing cardiovascular events in individuals with a TSH level above 4,False,0.0,0.0,-0.17478640717215654,False,factoid
530cefaaad0bf1360c000012,Mistral-7B-Instruct-v0.1,bioasq,False,2,,,,,,,,,,False,factoid
53398855d6d3ac6a3400005b,Mistral-7B-Instruct-v0.1,bioasq,True,3,4.0,1.9999999999999942,0.9999999999999971,False,Acetylated lysine.,False,0.0,0.0,-0.2994517110756634,False,factoid
56d1da3b67f0cb3d66000006,Mistral-7B-Instruct-v0.1,bioasq,False,2,,,,,,,,,,False,factoid
530cefaaad0bf1360c00000d,Mistral-7B-Instruct-v0.1,bioasq,False,2,,,,,,,,,,False,factoid
56f6d11c09dd18d46b00000f,Mistral-7B-Instruct-v0.1,bioasq,True,3,3.0,1.4999999999999956,0.7499999999999978,False,The protein encoded by the human gene GRIK is a member of the glutamate receptor ionotropic subfamily K (GluK),False,0.0,0.0,-0.30540091420294857,False,factoid
550c4011a103b78016000009,Mistral-7B-Instruct-v0.1,bioasq,True,3,3.0,1.4999999999999956,0.7499999999999978,False,Serine 129,True,1.0,1.0,-0.3736283593295541,False,factoid
56bc9268ac7ad1001900001b,Mistral-7B-Instruct-v0.1,bioasq,False,2,,,,,,,,,,False,factoid
54ff5197e9bde69634000001,Mistral-7B-Instruct-v0.1,bioasq,True,3,4.0,1.9999999999999942,0.9999999999999971,False,LINE elements are typically around 10-20 kb in length.,False,0.0,0.0,-0.4442276362937668,False,factoid
5343fc1aaeec6fbd07000003,Mistral-7B-Instruct-v0.1,bioasq,False,2,,,,,,,,,,False,factoid
516be1d6298dcd4e5100006a,Mistral-7B-Instruct-v0.1,bioasq,False,1,,,,,,,,,,False,factoid
56d860ad51531f7e33000002,Mistral-7B-Instruct-v0.1,bioasq,False,2,,,,,,,,,,False,factoid
52bf1cad03868f1b0600000a,Mistral-7B-Instruct-v0.1,bioasq,False,2,,,,,,,,,,False,factoid
552faababc4f83e828000005,Mistral-7B-Instruct-v0.1,bioasq,False,2,,,,,,,,,,False,factoid
55390901bc4f83e828000014,Mistral-7B-Instruct-v0.1,bioasq,True,3,1.0,-1.6017132519074577e-15,-8.008566259537289e-16,True,CRD-BP stabilizes c-myc mRNA.,False,0.0,0.0,-0.09350392987377441,False,factoid
56c341acfedd0b786b000001,Mistral-7B-Instruct-v0.1,bioasq,True,3,4.0,1.9999999999999942,0.9999999999999971,False,"Psoralen photobinding on DNA refers to the process by which psoralen, a photosensitizing agent, binds to DNA and is activated",False,0.0,0.0,-0.33593270192213254,False,factoid
53189656b166e2b80600001c,Mistral-7B-Instruct-v0.1,bioasq,False,2,,,,,,,,,,False,factoid
54d6562c3706e8952800000b,Mistral-7B-Instruct-v0.1,bioasq,False,2,,,,,,,,,,False,factoid
515ddda6298dcd4e5100001f,Mistral-7B-Instruct-v0.1,bioasq,False,2,,,,,,,,,,False,factoid
56bc7d71ac7ad10019000018,Mistral-7B-Instruct-v0.1,bioasq,False,2,,,,,,,,,,False,factoid
56d3346cf22319765a000008,Mistral-7B-Instruct-v0.1,bioasq,False,2,,,,,,,,,,False,factoid
52b2e1d8f828ad283c00000c,Mistral-7B-Instruct-v0.1,bioasq,True,3,3.0,1.4999999999999956,0.7499999999999978,False,The indication of Daonil (Glibenclamide) is to treat type 2 diabetes by lowering blood sugar levels.,False,0.0,0.0,-0.1106543232849597,False,factoid
55411d9f379ddf3f47000001,Mistral-7B-Instruct-v0.1,bioasq,True,3,3.0,1.4999999999999956,0.7499999999999978,False,The most typical peptide sequence responsible for retrieval of endoplasmic reticulum (ER) lumenal proteins from the Golgi appar,False,0.0,0.0,-0.02091010517264813,False,factoid
54d907c84b1fd0d33c000008,Mistral-7B-Instruct-v0.1,bioasq,True,3,3.0,1.4999999999999956,0.7499999999999978,False,Mepolizumab targets the molecule Interleukin-5 (IL-5).,True,1.0,1.0,-0.17435710173878183,False,factoid
550342a8f8aee20f27000002,Mistral-7B-Instruct-v0.1,bioasq,False,2,,,,,,,,,,False,factoid
56bdc79bef6e394741000001,Mistral-7B-Instruct-v0.1,bioasq,False,2,,,,,,,,,,False,factoid
5118dd1305c10fae75000001,Mistral-7B-Instruct-v0.1,bioasq,False,1,,,,,,,,,,False,factoid
534ebb59288f4dae47000004,Mistral-7B-Instruct-v0.1,bioasq,False,2,,,,,,,,,,False,factoid
54d7ae1fe19bba8909000001,Mistral-7B-Instruct-v0.1,bioasq,False,1,,,,,,,,,,False,factoid
532f55fed6d3ac6a34000036,Mistral-7B-Instruct-v0.1,bioasq,False,2,,,,,,,,,,False,factoid
5519110f622b19434500000c,Mistral-7B-Instruct-v0.1,bioasq,False,2,,,,,,,,,,False,factoid
54ff45966ad7dcbc12000010,Mistral-7B-Instruct-v0.1,bioasq,True,3,3.0,1.4999999999999956,0.7499999999999978,False,Trichohyalin.,False,0.0,0.0,-0.15867652992372833,False,factoid
550c3754a103b78016000007,Mistral-7B-Instruct-v0.1,bioasq,False,0,,,,,,,,,,False,factoid
517a8b768ed59a060a00003f,Mistral-7B-Instruct-v0.1,bioasq,False,1,,,,,,,,,,False,factoid
52fa6ac72059c6d71c000055,Mistral-7B-Instruct-v0.1,bioasq,False,1,,,,,,,,,,False,factoid
56c1f003ef6e394741000039,Mistral-7B-Instruct-v0.1,bioasq,False,2,,,,,,,,,,False,factoid
571e14fbbb137a4b0c000001,Mistral-7B-Instruct-v0.1,bioasq,False,2,,,,,,,,,,False,factoid
57136a7e1174fb1755000006,Mistral-7B-Instruct-v0.1,bioasq,False,2,,,,,,,,,,False,factoid
53357193d6d3ac6a34000047,Mistral-7B-Instruct-v0.1,bioasq,False,2,,,,,,,,,,False,factoid
571e2beabb137a4b0c000006,Mistral-7B-Instruct-v0.1,bioasq,False,2,,,,,,,,,,False,factoid
5708a845cf1c32585100000f,Mistral-7B-Instruct-v0.1,bioasq,False,2,,,,,,,,,,False,factoid
51405cd123fec90375000005,Mistral-7B-Instruct-v0.1,bioasq,True,3,3.0,1.4999999999999956,0.7499999999999978,False,The defective protein causing the lysosomal storage disease Fabry is alpha-galactosidase A (GLA).,True,1.0,1.0,-0.11426608253642065,False,factoid
5503133ae9bde6963400001d,Mistral-7B-Instruct-v0.1,bioasq,False,1,,,,,,,,,,False,factoid
569e731cca240fa209000003,Mistral-7B-Instruct-v0.1,bioasq,False,1,,,,,,,,,,False,factoid
52b2e409f828ad283c00000e,Mistral-7B-Instruct-v0.1,bioasq,False,1,,,,,,,,,,False,factoid
56c1f040ef6e394741000055,Mistral-7B-Instruct-v0.1,bioasq,True,3,4.0,1.9999999999999942,0.9999999999999971,False,"The exact cause of Riedel thyroiditis is not known, but it is believed to be related to autoimmune processes. The specific antibodies",False,0.0,0.0,-0.4091447819787746,False,factoid
54e1bdacae9738404b000009,Mistral-7B-Instruct-v0.1,bioasq,False,2,,,,,,,,,,False,factoid
56f146db2ac5ed145900000f,Mistral-7B-Instruct-v0.1,bioasq,False,1,,,,,,,,,,False,factoid
5321bc309b2d7acc7e00000d,Mistral-7B-Instruct-v0.1,bioasq,False,2,,,,,,,,,,False,factoid
51588bb2d24251bc05000091,Mistral-7B-Instruct-v0.1,bioasq,True,3,1.0,-1.6017132519074577e-15,-8.008566259537289e-16,True,Valproic acid.,False,0.0,0.0,-0.0982818849782537,False,factoid
571cdd227de986d80d00000f,Mistral-7B-Instruct-v0.1,bioasq,False,2,,,,,,,,,,False,factoid
54f9b74306d9727f76000004,Mistral-7B-Instruct-v0.1,bioasq,False,1,,,,,,,,,,False,factoid
53440d2caeec6fbd07000004,Mistral-7B-Instruct-v0.1,bioasq,False,2,,,,,,,,,,False,factoid
530c7f52970c65fa6b000010,Mistral-7B-Instruct-v0.1,bioasq,False,2,,,,,,,,,,False,factoid
56e6dfc2edfc094c1f000003,Mistral-7B-Instruct-v0.1,bioasq,False,2,,,,,,,,,,False,factoid
531d744c267d7dd053000009,Mistral-7B-Instruct-v0.1,bioasq,True,3,4.0,1.9999999999999942,0.9999999999999971,False,"The protein encoded by the gene PABPC4 is a component of the spliceosome complex, which is involved in pre-mRNA splic",False,0.0,0.0,-0.15806933920713817,False,factoid
55241f9e2c8b63434a000004,Mistral-7B-Instruct-v0.1,bioasq,True,3,2.0,0.9999999999999971,0.49999999999999856,False,Tyrosine kinase.,False,0.0,0.0,-0.258022780491891,False,factoid
52ee9f55c8da898910000009,Mistral-7B-Instruct-v0.1,bioasq,True,3,3.0,1.4999999999999956,0.7499999999999978,False,Autosomal dominant,True,1.0,1.0,-0.3023413026239723,False,factoid
52e92c6e98d0239505000024,Mistral-7B-Instruct-v0.1,bioasq,False,2,,,,,,,,,,False,factoid
550c3d45a103b78016000008,Mistral-7B-Instruct-v0.1,bioasq,False,1,,,,,,,,,,False,factoid
56ae2fab0a360a5e45000006,Mistral-7B-Instruct-v0.1,bioasq,False,2,,,,,,,,,,False,factoid
56cdf5315795f9a73e000046,Mistral-7B-Instruct-v0.1,bioasq,True,3,3.0,1.4999999999999956,0.7499999999999978,False,The enzyme that degrades decapped mRNAs is XRN4.,False,0.0,0.0,-0.13139311516703742,False,factoid
56f780cb09dd18d46b000011,Mistral-7B-Instruct-v0.1,bioasq,True,3,1.0,-1.6017132519074577e-15,-8.008566259537289e-16,True,The target protein of the drug nivolumab is programmed death-1 (PD-1).,False,0.0,0.0,-0.034076498244130365,False,factoid
5717dbfe7de986d80d000001,Mistral-7B-Instruct-v0.1,bioasq,False,1,,,,,,,,,,False,factoid
56cf20eb3975bb303a000001,Mistral-7B-Instruct-v0.1,bioasq,False,2,,,,,,,,,,False,factoid
56ed0ffe2ac5ed1459000008,Mistral-7B-Instruct-v0.1,bioasq,True,3,1.0,-1.6017132519074577e-15,-8.008566259537289e-16,True,Ixazomib is being evaluated for multiple myeloma.,True,1.0,1.0,-0.0358532671513179,False,factoid
56b76d916e3f8eaf4c000001,Mistral-7B-Instruct-v0.1,bioasq,False,1,,,,,,,,,,False,factoid
5177def18ed59a060a000034,Mistral-7B-Instruct-v0.1,bioasq,True,3,4.0,1.9999999999999942,0.9999999999999971,False,"K-ras alterations in carcinomas are caused by point mutations in the KRAS gene, resulting in the activation of the K-ras protein",True,1.0,1.0,-0.30838182922965984,False,factoid
56f4011709dd18d46b000003,Mistral-7B-Instruct-v0.1,bioasq,False,2,,,,,,,,,,False,factoid
51635202298dcd4e5100004f,Mistral-7B-Instruct-v0.1,bioasq,False,2,,,,,,,,,,False,factoid
553f72edab98a37113000007,Mistral-7B-Instruct-v0.1,bioasq,False,2,,,,,,,,,,False,factoid
5506ce078e1671127b00000b,Mistral-7B-Instruct-v0.1,bioasq,True,3,3.0,1.4999999999999956,0.7499999999999978,False,"Protein phosphatase 1B (PP1B) has been found to interact with the heat shock protein, HSP20.",True,1.0,1.0,-0.14623133110790004,False,factoid
54fc99f36ad7dcbc12000004,Mistral-7B-Instruct-v0.1,bioasq,False,1,,,,,,,,,,False,factoid
532f0bd6d6d3ac6a3400002d,Mistral-7B-Instruct-v0.1,bioasq,True,3,4.0,1.9999999999999942,0.9999999999999971,False,Autosomal Recessive,False,0.0,0.0,-0.258043071821362,False,factoid
571e4293bb137a4b0c00000b,Mistral-7B-Instruct-v0.1,bioasq,False,1,,,,,,,,,,False,factoid
530cf22aa177c6630c000004,Mistral-7B-Instruct-v0.1,bioasq,True,3,4.0,1.9999999999999942,0.9999999999999971,False,Ctf4 is a protein that plays a crucial role in DNA replication by providing a platform for the assembly of the replication machinery. It interacts with,False,0.0,0.0,-0.4386450457989781,False,factoid
53130a77e3eabad02100000f,Mistral-7B-Instruct-v0.1,bioasq,True,3,2.0,0.8112781244591301,0.40563906222956503,False,Growth hormone deficiency.,True,1.0,1.0,-0.12673660583931223,False,factoid
56c5feb75795f9a73e000006,Mistral-7B-Instruct-v0.1,bioasq,False,2,,,,,,,,,,False,factoid
54d669003706e8952800000e,Mistral-7B-Instruct-v0.1,bioasq,False,2,,,,,,,,,,False,factoid
56c1f010ef6e394741000041,Mistral-7B-Instruct-v0.1,bioasq,False,2,,,,,,,,,,False,factoid
51596a8ad24251bc0500009e,Mistral-7B-Instruct-v0.1,bioasq,False,1,,,,,,,,,,False,factoid
56c1f00def6e39474100003f,Mistral-7B-Instruct-v0.1,bioasq,False,1,,,,,,,,,,False,factoid
571e12097de986d80d000017,Mistral-7B-Instruct-v0.1,bioasq,False,2,,,,,,,,,,False,factoid
533ba218fd9a95ea0d000007,Mistral-7B-Instruct-v0.1,bioasq,False,2,,,,,,,,,,False,factoid
5540fbce234c5a7c75000001,Mistral-7B-Instruct-v0.1,bioasq,False,2,,,,,,,,,,False,factoid
5343bdd6aeec6fbd07000001,Mistral-7B-Instruct-v0.1,bioasq,True,3,3.0,1.4999999999999956,0.7499999999999978,False,Serine 2,False,0.0,0.0,-0.6428992033004761,False,factoid
5311bcc2e3eabad021000005,Mistral-7B-Instruct-v0.1,bioasq,False,2,,,,,,,,,,False,factoid
56ae57350a360a5e4500000a,Mistral-7B-Instruct-v0.1,bioasq,True,3,4.0,1.9999999999999942,0.9999999999999971,False,LeuRS translational quality control targets the ribosome.,False,0.0,0.0,-0.21367450235032134,False,factoid
56e6ec49edfc094c1f000005,Mistral-7B-Instruct-v0.1,bioasq,False,2,,,,,,,,,,False,factoid
53357ca0d6d3ac6a3400004b,Mistral-7B-Instruct-v0.1,bioasq,True,3,3.0,1.4999999999999956,0.7499999999999978,False,The enzyme that is inhibited by the drug fostamatinib is c-Kit tyrosine kinase.,False,0.0,0.0,-0.10413403596798212,False,factoid
51542dabd24251bc0500007d,Mistral-7B-Instruct-v0.1,bioasq,False,2,,,,,,,,,,False,factoid
571ce13f7de986d80d000011,Mistral-7B-Instruct-v0.1,bioasq,False,0,,,,,,,,,,False,factoid
550718e9fd1abe1741000001,Mistral-7B-Instruct-v0.1,bioasq,False,1,,,,,,,,,,False,factoid
56c1f039ef6e394741000052,Mistral-7B-Instruct-v0.1,bioasq,True,3,3.0,1.4999999999999956,0.7499999999999978,False,The antibody implicated in Bickerstaff's brainstem encephalitis is anti-myelin antibody.,False,0.0,0.0,-0.10120394470628469,False,factoid
55203ae78e534a4535000001,Mistral-7B-Instruct-v0.1,bioasq,False,1,,,,,,,,,,False,factoid
532670e7d6d3ac6a34000008,Mistral-7B-Instruct-v0.1,bioasq,True,3,4.0,1.9999999999999942,0.9999999999999971,False,The typical alteration of the thyroid profile metabolism early after coronary artery bypass graft surgery is a decrease in free thyroxine,False,0.0,0.0,-0.10970545008246191,False,factoid
56b76f496e3f8eaf4c000002,Mistral-7B-Instruct-v0.1,bioasq,False,1,,,,,,,,,,False,factoid
56cae60f5795f9a73e00002b,Mistral-7B-Instruct-v0.1,bioasq,True,3,4.0,1.9999999999999942,0.9999999999999971,False,Ataxin-2,False,0.0,0.0,-0.47461057857920724,False,factoid
56e0447a51531f7e3300000b,Mistral-7B-Instruct-v0.1,bioasq,False,2,,,,,,,,,,False,factoid
56bb621fac7ad10019000009,Mistral-7B-Instruct-v0.1,bioasq,False,1,,,,,,,,,,False,factoid
554140ad182542114d000003,Mistral-7B-Instruct-v0.1,bioasq,False,2,,,,,,,,,,False,factoid
554148c23f2354b713000001,Mistral-7B-Instruct-v0.1,bioasq,False,2,,,,,,,,,,False,factoid
56cb9b065795f9a73e000032,Mistral-7B-Instruct-v0.1,bioasq,False,2,,,,,,,,,,False,factoid
53188480b166e2b806000018,Mistral-7B-Instruct-v0.1,bioasq,False,2,,,,,,,,,,False,factoid
54ede76294afd61504000008,Mistral-7B-Instruct-v0.1,bioasq,False,2,,,,,,,,,,False,factoid
52c7311903868f1b0600001d,Mistral-7B-Instruct-v0.1,bioasq,False,2,,,,,,,,,,False,factoid
571366ba1174fb1755000005,Mistral-7B-Instruct-v0.1,bioasq,False,1,,,,,,,,,,False,factoid
54f1e031c409818c32000001,Mistral-7B-Instruct-v0.1,bioasq,False,1,,,,,,,,,,False,factoid
56c4d14ab04e159d0e000003,Mistral-7B-Instruct-v0.1,bioasq,False,2,,,,,,,,,,False,factoid
513ce494bee46bd34c000009,Mistral-7B-Instruct-v0.1,bioasq,True,3,3.0,1.4999999999999956,0.7499999999999978,False,Cystic Fibrosis,False,0.0,0.0,-0.16720438691477568,False,factoid
56c86aa95795f9a73e000018,Mistral-7B-Instruct-v0.1,bioasq,False,1,,,,,,,,,,False,factoid
571f5e740fd6f91b6800000b,Mistral-7B-Instruct-v0.1,bioasq,False,2,,,,,,,,,,False,factoid
55376f19bc4f83e82800000c,Mistral-7B-Instruct-v0.1,bioasq,True,3,3.0,1.4999999999999956,0.7499999999999978,False,The most common type of pediatric cerebellar tumor is medulloblastoma.,True,1.0,1.0,-0.07210505238438544,False,factoid
5319a7d2b166e2b806000029,Mistral-7B-Instruct-v0.1,bioasq,False,1,,,,,,,,,,False,factoid
5547a01cf35db75526000005,Mistral-7B-Instruct-v0.1,bioasq,False,1,,,,,,,,,,False,factoid
56b710f276d8bf8d13000003,Mistral-7B-Instruct-v0.1,bioasq,False,1,,,,,,,,,,False,factoid
5319a6e9b166e2b806000023,Mistral-7B-Instruct-v0.1,bioasq,False,2,,,,,,,,,,False,factoid
52bf208003868f1b06000019,Mistral-7B-Instruct-v0.1,bioasq,False,1,,,,,,,,,,False,factoid
514a51c2d24251bc0500005c,Mistral-7B-Instruct-v0.1,bioasq,True,3,4.0,1.9999999999999942,0.9999999999999971,False,Prolactinoma.,True,1.0,1.0,-0.15725219990209943,False,factoid
56b397a98525abca1e000003,Mistral-7B-Instruct-v0.1,bioasq,True,3,3.0,1.4999999999999956,0.7499999999999978,False,"Lipid droplets are used for storing lipids, such as triglycerides, cholesterol, and fatty acids,",False,0.0,0.0,-0.28409441010029113,False,factoid
56c58ceeb04e159d0e000004,Mistral-7B-Instruct-v0.1,bioasq,False,2,,,,,,,,,,False,factoid
54edf72c94afd61504000013,Mistral-7B-Instruct-v0.1,bioasq,False,2,,,,,,,,,,False,factoid
56d138fe3975bb303a000015,Mistral-7B-Instruct-v0.1,bioasq,True,3,2.0,0.8112781244591301,0.40563906222956503,False,The transcription factor that activates the betalain pathway is MYB.,False,0.0,0.0,-0.2091243169995778,False,factoid
512d2fff5274a5fb07000006,Mistral-7B-Instruct-v0.1,bioasq,True,3,2.0,0.8112781244591301,0.40563906222956503,False,H3K4me3 is a histone mark related to transcriptional initiation.,True,1.0,1.0,-0.1363192597821353,False,factoid
5326a85ad6d3ac6a3400000b,Mistral-7B-Instruct-v0.1,bioasq,True,3,4.0,1.9999999999999942,0.9999999999999971,False,Polyadenylate-binding protein 4 (PABP4) binds to poly(A) tails of messenger RNA (mR,False,0.0,0.0,-0.10075083746690261,False,factoid
515db3d8298dcd4e51000015,Mistral-7B-Instruct-v0.1,bioasq,False,1,,,,,,,,,,False,factoid
51680a6d298dcd4e51000063,Mistral-7B-Instruct-v0.1,bioasq,False,2,,,,,,,,,,False,factoid
5540ca8a0083d1bf0e000003,Mistral-7B-Instruct-v0.1,bioasq,False,1,,,,,,,,,,False,factoid
51585b28d24251bc0500008d,Mistral-7B-Instruct-v0.1,bioasq,True,3,2.0,0.8112781244591301,0.40563906222956503,False,DNA methyltransferase (DNMT),False,0.0,0.0,-0.2509791174263228,False,factoid
515dd3d5298dcd4e5100001c,Mistral-7B-Instruct-v0.1,bioasq,False,1,,,,,,,,,,False,factoid
54e262daae9738404b000018,Mistral-7B-Instruct-v0.1,bioasq,False,2,,,,,,,,,,False,factoid
56d1f790f22319765a000001,Mistral-7B-Instruct-v0.1,bioasq,False,2,,,,,,,,,,False,factoid
57138eb21174fb175500000a,Mistral-7B-Instruct-v0.1,bioasq,True,3,3.0,1.4999999999999956,0.7499999999999978,False,SCA3 is caused by mutations in the gene encoding the protein ataxin-3.,True,1.0,1.0,-0.2955813133868928,False,factoid
513ce5f2bee46bd34c00000a,Mistral-7B-Instruct-v0.1,bioasq,False,2,,,,,,,,,,False,factoid
5505a587f73303d458000005,Mistral-7B-Instruct-v0.1,bioasq,False,0,,,,,,,,,,False,factoid
56cf236f3975bb303a000002,Mistral-7B-Instruct-v0.1,bioasq,False,2,,,,,,,,,,False,factoid
55201a316b348bb82c000019,Mistral-7B-Instruct-v0.1,bioasq,False,2,,,,,,,,,,False,factoid
55032efde9bde69634000035,Mistral-7B-Instruct-v0.1,bioasq,False,2,,,,,,,,,,False,factoid
553656c4bc4f83e828000009,Mistral-7B-Instruct-v0.1,bioasq,True,3,3.0,1.4999999999999956,0.7499999999999978,False,The translocation harbored in Askin tumor cells is t(11;19)(p13;q13).,False,0.0,0.0,-0.3167516223136772,False,factoid
56bdcc4cef6e394741000002,Mistral-7B-Instruct-v0.1,bioasq,True,3,3.0,1.4999999999999956,0.7499999999999978,False,"The R/bioconductor package ""ggplot2"" utilizes the Hilbert curve to visualize genomic data.",False,0.0,0.0,-0.1434249413892351,False,factoid
56c1d856ef6e394741000032,Mistral-7B-Instruct-v0.1,bioasq,False,1,,,,,,,,,,False,factoid
56c1f01aef6e394741000043,Mistral-7B-Instruct-v0.1,bioasq,True,3,2.0,0.8112781244591301,0.40563906222956503,False,Pembrolizumab targets programmed death-1 (PD-1) receptors.,False,0.0,0.0,-0.10689463819694693,False,factoid
52e8e93498d023950500001e,Mistral-7B-Instruct-v0.1,bioasq,True,3,4.0,1.9999999999999942,0.9999999999999971,False,X-linked recessive,False,0.0,0.0,-0.2798067950751439,False,factoid
53035d7c2059c6d71c000085,Mistral-7B-Instruct-v0.1,bioasq,False,2,,,,,,,,,,False,factoid
56bb68f9ac7ad1001900000b,Mistral-7B-Instruct-v0.1,bioasq,False,1,,,,,,,,,,False,factoid
54f9ae2506d9727f76000002,Mistral-7B-Instruct-v0.1,bioasq,False,2,,,,,,,,,,False,factoid
56c1f020ef6e394741000047,Mistral-7B-Instruct-v0.1,bioasq,False,0,,,,,,,,,,False,factoid
5713c8d71174fb1755000015,Mistral-7B-Instruct-v0.1,bioasq,False,2,,,,,,,,,,False,factoid
51bdd9c2047fa84d1d000002,Mistral-7B-Instruct-v0.1,bioasq,True,3,4.0,1.9999999999999942,0.9999999999999971,False,The receptor for substrates of Chaperone Mediated Autophagy is the LC2/LC3-II complex.,False,0.0,0.0,-0.33182928841012377,False,factoid
52f509512059c6d71c000020,Mistral-7B-Instruct-v0.1,bioasq,True,3,3.0,1.4999999999999956,0.7499999999999978,False,Autosomal dominant,False,0.0,0.0,-0.31267226140031806,False,factoid
569e79ecceceede94d000002,Mistral-7B-Instruct-v0.1,bioasq,False,0,,,,,,,,,,False,factoid
57279ef20fd6f91b68000018,Mistral-7B-Instruct-v0.1,bioasq,False,2,,,,,,,,,,False,factoid
56a8d660a17756b72f000006,Mistral-7B-Instruct-v0.1,bioasq,False,2,,,,,,,,,,False,factoid
5353aedb288f4dae47000006,Mistral-7B-Instruct-v0.1,bioasq,False,2,,,,,,,,,,False,factoid
56c83f365795f9a73e000011,Mistral-7B-Instruct-v0.1,bioasq,True,3,4.0,1.9999999999999942,0.9999999999999971,False,TDP-43 and FUS proteins belong to the domain of RNA-binding proteins (RBPs). RBPs are known to,False,0.0,0.0,-0.27091720278573916,False,factoid
52bf1f1303868f1b06000014,Mistral-7B-Instruct-v0.1,bioasq,False,2,,,,,,,,,,False,factoid
550f0e4c6a8cde6b72000003,Mistral-7B-Instruct-v0.1,bioasq,True,3,3.0,1.4999999999999956,0.7499999999999978,False,The disease associated with the ectopic expression of the protein encoded by the gene DUX4 is Duchenne muscular dystrophy.,False,0.0,0.0,-0.08245624639769389,False,factoid
5319ac36b166e2b806000031,Mistral-7B-Instruct-v0.1,bioasq,True,3,3.0,1.4999999999999956,0.7499999999999978,False,G protein essential in the formation and function of lamellipodia is Cdc42.,False,0.0,0.0,-0.19123936493013555,False,factoid
530cf54dab4de4de0c00000c,Mistral-7B-Instruct-v0.1,bioasq,False,2,,,,,,,,,,False,factoid
52bf217003868f1b0600001b,Mistral-7B-Instruct-v0.1,bioasq,False,1,,,,,,,,,,False,factoid
54f2228e64850a5854000002,Mistral-7B-Instruct-v0.1,bioasq,False,2,,,,,,,,,,False,factoid
5323640b9b2d7acc7e000014,Mistral-7B-Instruct-v0.1,bioasq,False,1,,,,,,,,,,False,factoid
5505db6a8e1671127b000003,Mistral-7B-Instruct-v0.1,bioasq,False,2,,,,,,,,,,False,factoid
531d1998267d7dd053000001,Mistral-7B-Instruct-v0.1,bioasq,True,3,3.0,1.4999999999999956,0.7499999999999978,False,Hypothyroidism in patients with acute myocardial infarction is associated with a poorer prognosis.,False,0.0,0.0,-0.15362794691457538,False,factoid
52bf1d2e03868f1b0600000c,Mistral-7B-Instruct-v0.1,bioasq,False,1,,,,,,,,,,False,factoid
56bc77a3ac7ad10019000015,Mistral-7B-Instruct-v0.1,bioasq,False,1,,,,,,,,,,False,factoid
54cb9c94f693c3b16b000005,Mistral-7B-Instruct-v0.1,bioasq,True,3,3.0,1.4999999999999956,0.7499999999999978,False,Calcium ATPase (CaATPase),False,0.0,0.0,-0.33084245448117144,False,factoid
5519113b622b19434500000f,Mistral-7B-Instruct-v0.1,bioasq,False,2,,,,,,,,,,False,factoid
56d19a363975bb303a000017,Mistral-7B-Instruct-v0.1,bioasq,False,2,,,,,,,,,,False,factoid
5149f494d24251bc0500004c,Mistral-7B-Instruct-v0.1,bioasq,False,1,,,,,,,,,,False,factoid
56cdf3e55795f9a73e00003c,Mistral-7B-Instruct-v0.1,bioasq,True,3,2.0,0.8112781244591301,0.40563906222956503,False,RAG GTPases are required for amino acid-dependent activation of mTORC1.,False,0.0,0.0,-0.11639930155735617,False,factoid
54df695b1388e8454a000004,Mistral-7B-Instruct-v0.1,bioasq,False,2,,,,,,,,,,False,factoid
51724fca8ed59a060a000013,Mistral-7B-Instruct-v0.1,bioasq,False,2,,,,,,,,,,False,factoid
5506c3e38e1671127b00000a,Mistral-7B-Instruct-v0.1,bioasq,False,1,,,,,,,,,,False,factoid
56d85e7751531f7e33000001,Mistral-7B-Instruct-v0.1,bioasq,False,2,,,,,,,,,,False,factoid
56e47e0051531f7e3300001c,Mistral-7B-Instruct-v0.1,bioasq,False,1,,,,,,,,,,False,factoid
5721f4b30fd6f91b68000011,Mistral-7B-Instruct-v0.1,bioasq,False,2,,,,,,,,,,False,factoid
553c9f96f32186855800000c,Mistral-7B-Instruct-v0.1,bioasq,False,2,,,,,,,,,,False,factoid
56cf36263975bb303a000007,Mistral-7B-Instruct-v0.1,bioasq,False,2,,,,,,,,,,False,factoid
517170c48ed59a060a00000d,Mistral-7B-Instruct-v0.1,bioasq,False,2,,,,,,,,,,False,factoid
534eb34b288f4dae47000002,Mistral-7B-Instruct-v0.1,bioasq,False,2,,,,,,,,,,False,factoid
5710e131a5ed216440000001,Mistral-7B-Instruct-v0.1,bioasq,False,2,,,,,,,,,,False,factoid
56e2acfe51531f7e33000014,Mistral-7B-Instruct-v0.1,bioasq,True,3,2.0,0.8112781244591301,0.40563906222956503,False,Cohesin is deposited on the yeast genome during the S phase of the cell cycle.,False,0.0,0.0,-0.08243424916732583,False,factoid
517818508ed59a060a000035,Mistral-7B-Instruct-v0.1,bioasq,False,2,,,,,,,,,,False,factoid
56a8ee75a17756b72f000007,Mistral-7B-Instruct-v0.1,bioasq,False,2,,,,,,,,,,False,factoid
56d04a533975bb303a000010,Mistral-7B-Instruct-v0.1,bioasq,False,2,,,,,,,,,,False,factoid
534abe8aaeec6fbd07000013,Mistral-7B-Instruct-v0.1,bioasq,True,3,2.0,0.8112781244591301,0.40563906222956503,False,Hsp70,True,1.0,1.0,-0.2523567155469209,False,factoid
571f33bd0fd6f91b68000003,Mistral-7B-Instruct-v0.1,bioasq,False,1,,,,,,,,,,False,factoid
53617eeb7d100faa0900000a,Mistral-7B-Instruct-v0.1,bioasq,False,2,,,,,,,,,,False,factoid
534e364e288f4dae47000001,Mistral-7B-Instruct-v0.1,bioasq,True,3,3.0,1.4999999999999956,0.7499999999999978,False,Approximately 200 recombination hotspots have been found in the yeast genome.,True,1.0,1.0,-0.11384091052808525,False,factoid
533ea8fcc45e133714000010,Mistral-7B-Instruct-v0.1,bioasq,False,2,,,,,,,,,,False,factoid
54edf81f94afd61504000014,Mistral-7B-Instruct-v0.1,bioasq,False,2,,,,,,,,,,False,factoid
55200c606b348bb82c000013,Mistral-7B-Instruct-v0.1,bioasq,False,2,,,,,,,,,,False,factoid
56a8b8b5a17756b72f000005,Mistral-7B-Instruct-v0.1,bioasq,True,3,4.0,1.9999999999999942,0.9999999999999971,False,The outcome of TAF10 interacting with the GATA1 transcription factor is not specified in the question.,False,0.0,0.0,-0.1533701958484369,False,factoid
5324bdba9b2d7acc7e00001a,Mistral-7B-Instruct-v0.1,bioasq,False,0,,,,,,,,,,False,factoid
54f35ad864850a5854000004,Mistral-7B-Instruct-v0.1,bioasq,False,1,,,,,,,,,,False,factoid
5727ab040fd6f91b68000019,Mistral-7B-Instruct-v0.1,bioasq,False,2,,,,,,,,,,False,factoid
516e7fda298dcd4e51000081,Mistral-7B-Instruct-v0.1,bioasq,False,2,,,,,,,,,,False,factoid
5171438a8ed59a060a000007,Mistral-7B-Instruct-v0.1,bioasq,False,2,,,,,,,,,,False,factoid
56ffd08bcf1c325851000009,Mistral-7B-Instruct-v0.1,bioasq,False,0,,,,,,,,,,False,factoid
5313058de3eabad02100000e,Mistral-7B-Instruct-v0.1,bioasq,True,3,4.0,1.9999999999999942,0.9999999999999971,False,Lumbar spine.,False,0.0,0.0,-0.3791895804606611,False,factoid
5348307daeec6fbd07000011,Mistral-7B-Instruct-v0.1,bioasq,False,0,,,,,,,,,,False,factoid
54da32bc0f63c58e6e000001,Mistral-7B-Instruct-v0.1,bioasq,False,2,,,,,,,,,,False,factoid
54d8ea2c4b1fd0d33c000002,Mistral-7B-Instruct-v0.1,bioasq,False,2,,,,,,,,,,False,factoid
53189b05b166e2b80600001e,Mistral-7B-Instruct-v0.1,bioasq,True,3,4.0,1.9999999999999942,0.9999999999999971,False,Lymphocytes in Sjogren's syndrome can attack the salivary and lacrimal glands.,False,0.0,0.0,-0.12477750073807459,False,factoid
51542e44d24251bc05000081,Mistral-7B-Instruct-v0.1,bioasq,False,2,,,,,,,,,,False,factoid
54d662113706e8952800000d,Mistral-7B-Instruct-v0.1,bioasq,False,0,,,,,,,,,,False,factoid
550739cf3b8a5dc045000002,Mistral-7B-Instruct-v0.1,bioasq,False,0,,,,,,,,,,False,factoid
56ae70050a360a5e4500000f,Mistral-7B-Instruct-v0.1,bioasq,True,3,3.0,1.4999999999999956,0.7499999999999978,False,The RUNX1-MYEF2 complex plays a role in the regulation of gene expression during embryonic development and tissue homeostasis.,False,0.0,0.0,-0.2795753121307048,False,factoid
53261e79600967d132000003,Mistral-7B-Instruct-v0.1,bioasq,True,3,4.0,1.9999999999999942,0.9999999999999971,False,"In heart failure patients, elevated levels of thyroid hormone are associated with increased levels of inflammatory markers.",False,0.0,0.0,-0.20189451353796029,False,factoid
56f961b3cf1c325851000003,Mistral-7B-Instruct-v0.1,bioasq,True,3,3.0,1.4999999999999956,0.7499999999999978,False,The color of the protein Ranasmurfin is not specified in the question.,False,0.0,0.0,-0.30100939831241064,False,factoid
53372ba3d6d3ac6a34000058,Mistral-7B-Instruct-v0.1,bioasq,True,3,3.0,1.4999999999999956,0.7499999999999978,False,The histone modification primarily linked to elongating transcription is H3K4me3.,False,0.0,0.0,-0.09868454042993151,False,factoid
56c1f02aef6e39474100004b,Mistral-7B-Instruct-v0.1,bioasq,False,2,,,,,,,,,,False,factoid
551fd9c06b348bb82c000012,Mistral-7B-Instruct-v0.1,bioasq,False,0,,,,,,,,,,False,factoid
54d7a1047035c08008000002,Mistral-7B-Instruct-v0.1,bioasq,False,2,,,,,,,,,,False,factoid
55054f8af73303d458000002,Mistral-7B-Instruct-v0.1,bioasq,False,1,,,,,,,,,,False,factoid
56f7c15a09dd18d46b000012,Mistral-7B-Instruct-v0.1,bioasq,False,2,,,,,,,,,,False,factoid
5523e7837b523f2123000006,Mistral-7B-Instruct-v0.1,bioasq,False,1,,,,,,,,,,False,factoid
56c1f045ef6e394741000058,Mistral-7B-Instruct-v0.1,bioasq,False,1,,,,,,,,,,False,factoid
5708992ccf1c32585100000d,Mistral-7B-Instruct-v0.1,bioasq,False,1,,,,,,,,,,False,factoid
550ea8f1b305b40c5c000005,Mistral-7B-Instruct-v0.1,bioasq,False,0,,,,,,,,,,False,factoid
5319a708b166e2b806000024,Mistral-7B-Instruct-v0.1,bioasq,True,3,4.0,1.9999999999999942,0.9999999999999971,False,Bortezomib is used in cancer therapy to target the protein called cereblon.,False,0.0,0.0,-0.2225609979960609,False,factoid
56cf3f4f3975bb303a000008,Mistral-7B-Instruct-v0.1,bioasq,False,2,,,,,,,,,,False,factoid
56c079b1ef6e394741000022,Mistral-7B-Instruct-v0.1,bioasq,False,2,,,,,,,,,,False,factoid
5709f027cf1c32585100001f,Mistral-7B-Instruct-v0.1,bioasq,False,2,,,,,,,,,,False,factoid
5178d6be8ed59a060a000038,Mistral-7B-Instruct-v0.1,bioasq,False,1,,,,,,,,,,False,factoid
531dd4af267d7dd05300000d,Mistral-7B-Instruct-v0.1,bioasq,False,1,,,,,,,,,,False,factoid
52ece29f98d023950500002c,Mistral-7B-Instruct-v0.1,bioasq,True,4,5.0,2.321928094887355,0.9999999999999969,False,The thyroid hormone transporter implicated in thyroid hormone resistance syndrome is PPAR-beta/delta.,False,0.0,0.0,-0.20046361365210033,False,factoid
5148691bd24251bc0500002d,Mistral-7B-Instruct-v0.1,bioasq,False,2,,,,,,,,,,False,factoid
56c3320a50c68dd416000008,Mistral-7B-Instruct-v0.1,bioasq,False,2,,,,,,,,,,False,factoid
56b7210b76d8bf8d13000004,Mistral-7B-Instruct-v0.1,bioasq,False,2,,,,,,,,,,False,factoid
5318929fb166e2b80600001b,Mistral-7B-Instruct-v0.1,bioasq,False,2,,,,,,,,,,False,factoid
54e0c3e71388e8454a000013,Mistral-7B-Instruct-v0.1,bioasq,False,2,,,,,,,,,,False,factoid
54db5e24bcba1b1817000002,Mistral-7B-Instruct-v0.1,bioasq,False,2,,,,,,,,,,False,factoid
515d692c298dcd4e5100000a,Mistral-7B-Instruct-v0.1,bioasq,False,1,,,,,,,,,,False,factoid
53175e9fb166e2b80600000a,Mistral-7B-Instruct-v0.1,bioasq,True,3,3.0,1.4999999999999956,0.7499999999999978,False,"LKB1 is a tumor suppressor gene that plays a role in regulating cell growth and division. In Peutz-Jeghers syndrome,",False,0.0,0.0,-0.20592787187982253,False,factoid
53265dd4d6d3ac6a34000007,Mistral-7B-Instruct-v0.1,bioasq,False,2,,,,,,,,,,False,factoid
55149f156a8cde6b72000013,Mistral-7B-Instruct-v0.1,bioasq,False,1,,,,,,,,,,False,factoid
571e40a8bb137a4b0c000009,Mistral-7B-Instruct-v0.1,bioasq,False,0,,,,,,,,,,False,factoid
530cf4fe960c95ad0c00000b,Mistral-7B-Instruct-v0.1,bioasq,False,2,,,,,,,,,,False,factoid
56c1f009ef6e39474100003c,Mistral-7B-Instruct-v0.1,bioasq,True,3,3.0,1.4999999999999956,0.7499999999999978,False,Eliglustat is used to treat Gaucher disease.,False,0.0,0.0,-0.12554205874719931,False,factoid
54e0ace81388e8454a000010,Mistral-7B-Instruct-v0.1,bioasq,True,3,1.0,-1.6017132519074577e-15,-8.008566259537289e-16,True,Cytoplasmic.,False,0.0,0.0,-0.10394931001727466,False,factoid
56afe6d40a360a5e45000017,Mistral-7B-Instruct-v0.1,bioasq,False,2,,,,,,,,,,False,factoid
52e62bae98d0239505000015,Mistral-7B-Instruct-v0.1,bioasq,False,1,,,,,,,,,,False,factoid
56c1f00cef6e39474100003e,Mistral-7B-Instruct-v0.1,bioasq,False,2,,,,,,,,,,False,factoid
56caea805795f9a73e00002c,Mistral-7B-Instruct-v0.1,bioasq,False,1,,,,,,,,,,False,factoid
56c1f021ef6e394741000048,Mistral-7B-Instruct-v0.1,bioasq,False,2,,,,,,,,,,False,factoid
52bf1d9e03868f1b06000010,Mistral-7B-Instruct-v0.1,bioasq,False,2,,,,,,,,,,False,factoid
56fcf1b8cf1c325851000005,Mistral-7B-Instruct-v0.1,bioasq,True,3,4.0,1.9999999999999942,0.9999999999999971,False,SATB1 modulates both transcriptional and post-transcriptional regulation of genes.,False,0.0,0.0,-0.27238879874957567,False,factoid
56cafa845795f9a73e00002e,Mistral-7B-Instruct-v0.1,bioasq,True,3,4.0,1.9999999999999942,0.9999999999999971,False,The protein pathway regulating SGK1-mediated phosphorylation of FOXO3a to control cell proliferation is the PI,False,0.0,0.0,-0.07380724911274594,False,factoid
54f5bc7d5f206a0c06000001,Mistral-7B-Instruct-v0.1,bioasq,False,1,,,,,,,,,,False,factoid
56d1e23c67f0cb3d66000009,Mistral-7B-Instruct-v0.1,bioasq,False,2,,,,,,,,,,False,factoid
531af8cbb166e2b80600003a,Mistral-7B-Instruct-v0.1,bioasq,False,2,,,,,,,,,,False,factoid
5544de7a5beec11c10000005,Mistral-7B-Instruct-v0.1,bioasq,False,2,,,,,,,,,,False,factoid
55421ee7ccca0ce74b000002,Mistral-7B-Instruct-v0.1,bioasq,False,2,,,,,,,,,,False,factoid
514a0a57d24251bc05000051,Mistral-7B-Instruct-v0.1,bioasq,False,2,,,,,,,,,,False,factoid
53262cdcd6d3ac6a34000003,Mistral-7B-Instruct-v0.1,bioasq,True,3,4.0,1.9999999999999942,0.9999999999999971,False,There is no definitive treatment for low pressure headaches as the condition is often self-diagnosable and can be managed with over-the-counter,False,0.0,0.0,-0.23439184000373814,False,factoid
53036faab24d855b11000001,Mistral-7B-Instruct-v0.1,bioasq,False,2,,,,,,,,,,False,factoid
52fb7c512059c6d71c000069,Mistral-7B-Instruct-v0.1,bioasq,False,2,,,,,,,,,,False,factoid
56c58f1b5795f9a73e000001,Mistral-7B-Instruct-v0.1,bioasq,False,2,,,,,,,,,,False,factoid
56f7fe3709dd18d46b000015,Mistral-7B-Instruct-v0.1,bioasq,False,2,,,,,,,,,,False,factoid
54db62a3034aea571d000001,Mistral-7B-Instruct-v0.1,bioasq,False,2,,,,,,,,,,False,factoid
5344155faeec6fbd07000005,Mistral-7B-Instruct-v0.1,bioasq,True,3,4.0,1.9999999999999942,0.9999999999999971,False,X-linked recessive,False,0.0,0.0,-0.15507766490268945,False,factoid
553ca8d8f32186855800000d,Mistral-7B-Instruct-v0.1,bioasq,True,3,4.0,1.9999999999999942,0.9999999999999971,False,The absence of Saccharomyces cerevisiae Rrm3p results in the accumulation of 2'-deoxyribonucleot,False,0.0,0.0,-0.26114951065318337,False,factoid
532f1452d6d3ac6a34000030,Mistral-7B-Instruct-v0.1,bioasq,False,1,,,,,,,,,,False,factoid
5547ec32f35db7552600000a,Mistral-7B-Instruct-v0.1,bioasq,False,1,,,,,,,,,,False,factoid
52c7275103868f1b0600001c,Mistral-7B-Instruct-v0.1,bioasq,False,0,,,,,,,,,,False,factoid
5139b31dbee46bd34c000004,Mistral-7B-Instruct-v0.1,bioasq,True,3,1.0,-1.6017132519074577e-15,-8.008566259537289e-16,True,The most widely used model for the study of multiple sclerosis (MS) is the autoimmune model.,False,0.0,0.0,-0.05133723282261372,False,factoid
52f21b722059c6d71c00000b,Mistral-7B-Instruct-v0.1,bioasq,False,2,,,,,,,,,,False,factoid
55192892622b194345000012,Mistral-7B-Instruct-v0.1,bioasq,True,3,3.0,1.4999999999999956,0.7499999999999978,False,The E3 ubiquitin ligase that mediates the ubiquitination and degradation of the interferon receptor type 1 (,False,0.0,0.0,-0.03820170794698452,False,factoid
56cdf4875795f9a73e000040,Mistral-7B-Instruct-v0.1,bioasq,False,1,,,,,,,,,,False,factoid
532dcfc9d6d3ac6a34000021,Mistral-7B-Instruct-v0.1,bioasq,False,1,,,,,,,,,,False,factoid
5543829fed966d112c000009,Mistral-7B-Instruct-v0.1,bioasq,False,2,,,,,,,,,,False,factoid
56f564f909dd18d46b000009,Mistral-7B-Instruct-v0.1,bioasq,False,2,,,,,,,,,,False,factoid
550618f58e1671127b000007,Mistral-7B-Instruct-v0.1,bioasq,False,2,,,,,,,,,,False,factoid
56cdf5195795f9a73e000045,Mistral-7B-Instruct-v0.1,bioasq,True,3,3.0,1.4999999999999956,0.7499999999999978,False,The protein required for Argonaute 2 recruitment to stress granules and P-bodies is TARBP2.,False,0.0,0.0,-0.19377566519828981,False,factoid
51487dead24251bc05000030,Mistral-7B-Instruct-v0.1,bioasq,False,1,,,,,,,,,,False,factoid
53147b52e3eabad021000015,Mistral-7B-Instruct-v0.1,bioasq,False,1,,,,,,,,,,False,factoid
52bf1f2d03868f1b06000015,Mistral-7B-Instruct-v0.1,bioasq,False,2,,,,,,,,,,False,factoid
52bf19f703868f1b06000002,Mistral-7B-Instruct-v0.1,bioasq,True,3,4.0,1.9999999999999942,0.9999999999999971,False,Autosomal dominant,True,1.0,1.0,-0.3760153837811231,False,factoid
570917bccf1c325851000015,Mistral-7B-Instruct-v0.1,bioasq,False,2,,,,,,,,,,False,factoid
5519a7d5622b194345000015,Mistral-7B-Instruct-v0.1,bioasq,False,2,,,,,,,,,,False,factoid
52f21e8f2059c6d71c00000c,Mistral-7B-Instruct-v0.1,bioasq,False,2,,,,,,,,,,False,factoid
5147c8a6d24251bc05000027,Mistral-7B-Instruct-v0.1,bioasq,False,2,,,,,,,,,,False,factoid
54f60ea05f206a0c06000009,Mistral-7B-Instruct-v0.1,bioasq,False,2,,,,,,,,,,False,factoid
51631154298dcd4e5100004e,Mistral-7B-Instruct-v0.1,bioasq,False,2,,,,,,,,,,False,factoid
52fb78572059c6d71c000067,Mistral-7B-Instruct-v0.1,bioasq,False,0,,,,,,,,,,False,factoid
54cf45e7f693c3b16b00000a,Mistral-7B-Instruct-v0.1,bioasq,True,3,2.0,0.8112781244591301,0.40563906222956503,False,The main calcium binding protein of the sarcoplasmic reticulum is calmodulin.,False,0.0,0.0,-0.10701369902674461,False,factoid
54ede95c94afd6150400000a,Mistral-7B-Instruct-v0.1,bioasq,False,1,,,,,,,,,,False,factoid
52f896d62059c6d71c000046,Mistral-7B-Instruct-v0.1,bioasq,True,3,3.0,1.4999999999999956,0.7499999999999978,False,Gulf War Syndrome is a term used to describe a range of symptoms reported by veterans of the 1990-1991 Gulf War,False,0.0,0.0,-0.22297538880063428,False,factoid
56c04412ef6e39474100001b,Mistral-7B-Instruct-v0.1,bioasq,False,2,,,,,,,,,,False,factoid
52f899952059c6d71c00004b,Mistral-7B-Instruct-v0.1,bioasq,True,3,4.0,1.9999999999999942,0.9999999999999971,False,The mutation associated with PLMS (periodic limb movements in sleep) is the C9orf72 gene mutation.,False,0.0,0.0,-0.21188335420304277,False,factoid
53161545b166e2b806000002,Mistral-7B-Instruct-v0.1,bioasq,False,1,,,,,,,,,,False,factoid
56ae6e650a360a5e4500000e,Mistral-7B-Instruct-v0.1,bioasq,True,3,2.0,0.8112781244591301,0.40563906222956503,False,The only available genomics and developmental transcriptomics resource for the urochordate Oikopleura dioica is the Oikopleura,False,0.0,0.0,-0.08079012822522458,False,factoid
5314bd7ddae131f847000006,Mistral-7B-Instruct-v0.1,bioasq,True,3,4.0,1.9999999999999942,0.9999999999999971,False,The hormone receptor function that is altered in patients with Donohue syndrome is the function of the thyroid hormone receptor.,False,0.0,0.0,-0.2040009758627626,False,factoid
55180ef46487737b43000006,Mistral-7B-Instruct-v0.1,bioasq,False,1,,,,,,,,,,False,factoid
51716e808ed59a060a00000b,Mistral-7B-Instruct-v0.1,bioasq,False,2,,,,,,,,,,False,factoid
53592c1e9a4572de6f000002,Mistral-7B-Instruct-v0.1,bioasq,False,2,,,,,,,,,,False,factoid
56f553e309dd18d46b000006,Mistral-7B-Instruct-v0.1,bioasq,False,2,,,,,,,,,,False,factoid
55450521bf90a13052000001,Mistral-7B-Instruct-v0.1,bioasq,False,2,,,,,,,,,,False,factoid
533c390bc45e13371400000b,Mistral-7B-Instruct-v0.1,bioasq,False,1,,,,,,,,,,False,factoid
531a3a58b166e2b806000037,Mistral-7B-Instruct-v0.1,bioasq,False,0,,,,,,,,,,False,factoid
5339edd6d6d3ac6a34000061,Mistral-7B-Instruct-v0.1,bioasq,True,3,3.0,1.4999999999999956,0.7499999999999978,False,Delayed enhancement in patients with hypertrophic cardiomyopathy is a sign of myocardial ischemia and can indicate the,False,0.0,0.0,-0.16379408816790253,False,factoid
5156be17d24251bc05000086,Mistral-7B-Instruct-v0.1,bioasq,False,2,,,,,,,,,,False,factoid
516e5f10298dcd4e5100007c,Mistral-7B-Instruct-v0.1,bioasq,False,2,,,,,,,,,,False,factoid
5540b9800083d1bf0e000002,Mistral-7B-Instruct-v0.1,bioasq,False,1,,,,,,,,,,False,factoid
516545a8298dcd4e51000056,Mistral-7B-Instruct-v0.1,bioasq,False,2,,,,,,,,,,False,factoid
514c3fd7d24251bc05000062,Mistral-7B-Instruct-v0.1,bioasq,False,2,,,,,,,,,,False,factoid
56c1f01cef6e394741000044,Mistral-7B-Instruct-v0.1,bioasq,False,0,,,,,,,,,,False,factoid
56b1f4300a360a5e4500001b,Mistral-7B-Instruct-v0.1,bioasq,True,3,2.0,0.8112781244591301,0.40563906222956503,False,Cystatin C,False,0.0,0.0,-0.49001720268279314,False,factoid
5325fdf0600967d132000001,Mistral-7B-Instruct-v0.1,bioasq,False,2,,,,,,,,,,False,factoid
5357b36cf1005d6b58000006,Mistral-7B-Instruct-v0.1,bioasq,True,3,2.0,0.8112781244591301,0.40563906222956503,False,CHEK2 genetic variant c.1100G>A (rs17883097) is the main genetic variant thought,False,0.0,0.0,-0.2950728885496119,False,factoid
530f900ee3eabad021000003,Mistral-7B-Instruct-v0.1,bioasq,True,3,4.0,1.9999999999999942,0.9999999999999971,False,The exact hormone concentrations that are altered in patients with Allan–Herndon–Dudley syndrome are not specified in the question.,False,0.0,0.0,-0.21259228445155126,False,factoid
54e8c7220fc566b149000002,Mistral-7B-Instruct-v0.1,bioasq,False,2,,,,,,,,,,False,factoid
517194ef8ed59a060a000011,Mistral-7B-Instruct-v0.1,bioasq,False,1,,,,,,,,,,False,factoid
53551206a0726bee57000001,Mistral-7B-Instruct-v0.1,bioasq,True,3,3.0,1.4999999999999956,0.7499999999999978,False,"The major adverse effect of adriamycin (doxorubicin) is cardiotoxicity, which can lead to heart failure.",True,1.0,1.0,-0.07379726838546041,False,factoid
56ffdc1ccf1c32585100000b,Mistral-7B-Instruct-v0.1,bioasq,False,2,,,,,,,,,,False,factoid
56cae3eb5795f9a73e000021,Mistral-7B-Instruct-v0.1,bioasq,True,3,1.0,-1.6017132519074577e-15,-8.008566259537289e-16,True,The most likely age of diagnosis of Crohn's disease (CD) is between 15 and 35 years old.,False,0.0,0.0,-0.05928022260800552,False,factoid
5509bd6a1180f13250000002,Mistral-7B-Instruct-v0.1,bioasq,False,2,,,,,,,,,,False,factoid
54e0d7471388e8454a000015,Mistral-7B-Instruct-v0.1,bioasq,True,3,4.0,1.9999999999999942,0.9999999999999971,False,Interleukin-17A (IL-17A),True,1.0,1.0,-0.17621246353991182,False,factoid
54f9c40ddd3fc62544000001,Mistral-7B-Instruct-v0.1,bioasq,False,2,,,,,,,,,,False,factoid
532ff917d6d3ac6a34000038,Mistral-7B-Instruct-v0.1,bioasq,True,3,3.0,1.4999999999999956,0.7499999999999978,False,H3K4me3,False,0.0,0.0,-0.3101201585627028,False,factoid
569e7721ceceede94d000001,Mistral-7B-Instruct-v0.1,bioasq,False,1,,,,,,,,,,False,factoid
5156be04d24251bc05000085,Mistral-7B-Instruct-v0.1,bioasq,False,2,,,,,,,,,,False,factoid
56a24dfffe92d6fd19000002,Mistral-7B-Instruct-v0.1,bioasq,False,1,,,,,,,,,,False,factoid
5324ce779b2d7acc7e00001e,Mistral-7B-Instruct-v0.1,bioasq,False,2,,,,,,,,,,False,factoid
56c3184050c68dd416000003,Mistral-7B-Instruct-v0.1,bioasq,False,0,,,,,,,,,,False,factoid
55421398ccca0ce74b000001,Mistral-7B-Instruct-v0.1,bioasq,False,2,,,,,,,,,,False,factoid
530cf4c54a5037880c000008,Mistral-7B-Instruct-v0.1,bioasq,True,3,1.0,-1.6017132519074577e-15,-8.008566259537289e-16,True,Ibrutinib,True,1.0,1.0,-0.15603332053190874,False,factoid
54f2210164850a5854000001,Mistral-7B-Instruct-v0.1,bioasq,True,3,3.0,1.4999999999999956,0.7499999999999978,False,The protein hepcidin has 12 disulfide bridges.,False,0.0,0.0,-0.23468545128397475,False,factoid
55242d512c8b63434a000006,Mistral-7B-Instruct-v0.1,bioasq,False,2,,,,,,,,,,False,factoid
54e0ba781388e8454a000011,Mistral-7B-Instruct-v0.1,bioasq,True,3,3.0,1.4999999999999956,0.7499999999999978,False,The metaxin complex is localized in the nucleus.,False,0.0,0.0,-0.19917230178910877,False,factoid
5335f053d6d3ac6a34000055,Mistral-7B-Instruct-v0.1,bioasq,False,1,,,,,,,,,,False,factoid
56f6c11109dd18d46b00000e,Mistral-7B-Instruct-v0.1,bioasq,True,3,4.0,1.9999999999999942,0.9999999999999971,False,The receptor for the immunosuppressive drug cyclosporin A (CsA) is the cyclophilin A receptor.,True,1.0,1.0,-0.10215340621375901,False,factoid
536e46f27d100faa09000012,Mistral-7B-Instruct-v0.1,bioasq,True,3,2.0,0.8112781244591301,0.40563906222956503,False,The gene most commonly mutated in Tay-Sachs disease is the hexosaminidase A (HEXA) gene.,True,1.0,1.0,-0.11445310555247237,False,factoid
531e2695267d7dd05300000f,Mistral-7B-Instruct-v0.1,bioasq,True,3,3.0,1.4999999999999956,0.7499999999999978,False,The protein encoded by the gene DNAJC11 is localized in the mitochondria.,False,0.0,0.0,-0.12631999090990317,False,factoid
515df199298dcd4e5100002a,Mistral-7B-Instruct-v0.1,bioasq,True,3,4.0,1.9999999999999942,0.9999999999999971,False,"The lay name of the treatment for CCSVI in multiple sclerosis is ""venous angioplasty"" or ""venous intervention.",False,0.0,0.0,-0.16798126494067045,False,factoid
53148a07dae131f847000002,Mistral-7B-Instruct-v0.1,bioasq,False,2,,,,,,,,,,False,factoid
52eea4dcc8da89891000000c,Mistral-7B-Instruct-v0.1,bioasq,True,3,4.0,1.9999999999999942,0.9999999999999971,False,Autosomal dominant,False,0.0,0.0,-0.3409497129396186,False,factoid
56c85ed65795f9a73e000012,Mistral-7B-Instruct-v0.1,bioasq,False,0,,,,,,,,,,False,factoid
533c38b3c45e133714000009,Mistral-7B-Instruct-v0.1,bioasq,False,1,,,,,,,,,,False,factoid
51542e6fd24251bc05000082,Mistral-7B-Instruct-v0.1,bioasq,False,0,,,,,,,,,,False,factoid
53442023aeec6fbd07000007,Mistral-7B-Instruct-v0.1,bioasq,False,0,,,,,,,,,,False,factoid
534427f8aeec6fbd07000009,Mistral-7B-Instruct-v0.1,bioasq,False,1,,,,,,,,,,False,factoid
533abc76d6d3ac6a34000064,Mistral-7B-Instruct-v0.1,bioasq,False,2,,,,,,,,,,False,factoid
571f5c150fd6f91b68000009,Mistral-7B-Instruct-v0.1,bioasq,False,2,,,,,,,,,,False,factoid
51387022bee46bd34c000002,Mistral-7B-Instruct-v0.1,bioasq,False,1,,,,,,,,,,False,factoid
56df03c751531f7e3300000a,Mistral-7B-Instruct-v0.1,bioasq,True,3,4.0,1.9999999999999942,0.9999999999999971,False,"N6-methyladenosine (m6A) affects the stability, splicing, and translation of mRNA.",False,0.0,0.0,-0.12455354067529546,False,factoid
533be71dfd9a95ea0d000009,Mistral-7B-Instruct-v0.1,bioasq,False,2,,,,,,,,,,False,factoid
56c8274f5795f9a73e00000d,Mistral-7B-Instruct-v0.1,bioasq,True,3,1.0,-1.6017132519074577e-15,-8.008566259537289e-16,True,Motor neurons.,True,1.0,1.0,-0.07726611591060646,False,factoid
5545e65bd355485447000001,Mistral-7B-Instruct-v0.1,bioasq,False,1,,,,,,,,,,False,factoid
56f3faed09dd18d46b000002,Mistral-7B-Instruct-v0.1,bioasq,False,1,,,,,,,,,,False,factoid
531464a6e3eabad021000014,Mistral-7B-Instruct-v0.1,bioasq,False,0,,,,,,,,,,False,factoid
53124bdae3eabad02100000b,Mistral-7B-Instruct-v0.1,bioasq,True,3,4.0,1.9999999999999942,0.9999999999999971,False,Rapamycin targets the FK506 binding protein (FKBP12) and its complex with the immunophilin GTPase,False,0.0,0.0,-0.3151366504883413,False,factoid
54fc91e96ad7dcbc12000001,Mistral-7B-Instruct-v0.1,bioasq,False,0,,,,,,,,,,False,factoid
53318685d6d3ac6a3400003d,Mistral-7B-Instruct-v0.1,bioasq,True,3,4.0,1.9999999999999942,0.9999999999999971,False,Autosomal dominant.,True,1.0,1.0,-0.28214851893426385,False,factoid
511a3573df1ebcce7d000018,Mistral-7B-Instruct-v0.1,bioasq,False,2,,,,,,,,,,False,factoid
56c5c7915795f9a73e000004,Mistral-7B-Instruct-v0.1,bioasq,False,1,,,,,,,,,,False,factoid
56c865d25795f9a73e000016,Mistral-7B-Instruct-v0.1,bioasq,True,3,3.0,1.4999999999999956,0.7499999999999978,False,The compound that is a specific inhibitor for Nox1 and Nox4 is Diphenyleneiodonium chloride (DPI).,False,0.0,0.0,-0.1703356049582112,False,factoid
550e828c71445a662f000002,Mistral-7B-Instruct-v0.1,bioasq,False,2,,,,,,,,,,False,factoid
54f608f85f206a0c06000007,Mistral-7B-Instruct-v0.1,bioasq,False,0,,,,,,,,,,False,factoid
56c048acef6e39474100001c,Mistral-7B-Instruct-v0.1,bioasq,False,2,,,,,,,,,,False,factoid
512d0e635274a5fb07000005,Mistral-7B-Instruct-v0.1,bioasq,False,1,,,,,,,,,,False,factoid
56ffd805cf1c32585100000a,Mistral-7B-Instruct-v0.1,bioasq,False,2,,,,,,,,,,False,factoid
533ba85ffd9a95ea0d000008,Mistral-7B-Instruct-v0.1,bioasq,True,3,3.0,1.4999999999999956,0.7499999999999978,False,The frequency of mutations induced spontaneously through Ethylnitrosourea (ENU) mutagenesis is approximately 1-2 mutations per,False,0.0,0.0,-0.1703333155450366,False,factoid
58a2e5f760087bc10a000007,Mistral-7B-Instruct-v0.1,bioasq,True,3,1.0,-1.6017132519074577e-15,-8.008566259537289e-16,True,The primary protein component of Lewy bodies is alpha-synuclein.,True,1.0,1.0,-0.021035947762621108,False,factoid
5891f9e549702f2e01000002,Mistral-7B-Instruct-v0.1,bioasq,False,2,,,,,,,,,,False,factoid
58a9c532396a458e50000002,Mistral-7B-Instruct-v0.1,bioasq,False,2,,,,,,,,,,False,factoid
5880be1dc872c95565000007,Mistral-7B-Instruct-v0.1,bioasq,False,1,,,,,,,,,,False,factoid
587f760792a5b8ad44000005,Mistral-7B-Instruct-v0.1,bioasq,False,2,,,,,,,,,,False,factoid
589a246078275d0c4a00002a,Mistral-7B-Instruct-v0.1,bioasq,False,2,,,,,,,,,,False,factoid
58a2df9c60087bc10a000006,Mistral-7B-Instruct-v0.1,bioasq,True,3,2.0,0.8112781244591301,0.40563906222956503,False,"The incidence of beta-thalassemia in the Greek population is approximately 1 in 10,000.",False,0.0,0.0,-0.15971402971903595,False,factoid
5880aef4c872c95565000001,Mistral-7B-Instruct-v0.1,bioasq,False,1,,,,,,,,,,False,factoid
58a872bd38c171fb5b000002,Mistral-7B-Instruct-v0.1,bioasq,False,2,,,,,,,,,,False,factoid
5884c72fe56acf517600000f,Mistral-7B-Instruct-v0.1,bioasq,False,2,,,,,,,,,,False,factoid
5880a8ec0a76a87357000001,Mistral-7B-Instruct-v0.1,bioasq,False,1,,,,,,,,,,False,factoid
58aa0c6f396a458e50000008,Mistral-7B-Instruct-v0.1,bioasq,False,1,,,,,,,,,,False,factoid
5891c90949702f2e01000001,Mistral-7B-Instruct-v0.1,bioasq,False,2,,,,,,,,,,False,factoid
58a32edd60087bc10a000012,Mistral-7B-Instruct-v0.1,bioasq,False,0,,,,,,,,,,False,factoid
58a2ced760087bc10a000004,Mistral-7B-Instruct-v0.1,bioasq,True,3,3.0,1.4999999999999956,0.7499999999999978,False,The human gene coding for the dopamine transporter (DAT1) is located on chromosome 11.,False,0.0,0.0,-0.05822586460332786,False,factoid
58a877cf38c171fb5b000004,Mistral-7B-Instruct-v0.1,bioasq,False,2,,,,,,,,,,False,factoid
58a3428d60087bc10a00001b,Mistral-7B-Instruct-v0.1,bioasq,False,2,,,,,,,,,,False,factoid
587e07023ec846c24f000001,Mistral-7B-Instruct-v0.1,bioasq,False,1,,,,,,,,,,False,factoid
5895bc397d9090f35300000b,Mistral-7B-Instruct-v0.1,bioasq,False,2,,,,,,,,,,False,factoid
58a8045860087bc10a000035,Mistral-7B-Instruct-v0.1,bioasq,False,2,,,,,,,,,,False,factoid
58a95c711978bbde22000001,Mistral-7B-Instruct-v0.1,bioasq,False,2,,,,,,,,,,False,factoid
58a1c0f178275d0c4a000056,Mistral-7B-Instruct-v0.1,bioasq,False,2,,,,,,,,,,False,factoid
58a9bbe81978bbde22000007,Mistral-7B-Instruct-v0.1,bioasq,False,1,,,,,,,,,,False,factoid
58a9c152396a458e50000001,Mistral-7B-Instruct-v0.1,bioasq,True,3,4.0,1.9999999999999942,0.9999999999999971,False,Paneth cells.,False,0.0,0.0,-0.29800818506628274,False,factoid
58a8903b38c171fb5b000006,Mistral-7B-Instruct-v0.1,bioasq,False,2,,,,,,,,,,False,factoid
58a5b1fe60087bc10a000024,Mistral-7B-Instruct-v0.1,bioasq,True,3,4.0,1.9999999999999942,0.9999999999999971,False,UBC9 is an enzyme that plays a crucial role in the protein sumoylation pathway by catalyzing the transfer of the small molecule,False,0.0,0.0,-0.23884239775030025,False,factoid
58bc5e2202b8c60953000002,Mistral-7B-Instruct-v0.1,bioasq,True,3,2.0,0.8112781244591301,0.40563906222956503,False,Huntington's disease,False,0.0,0.0,-0.15475785868076336,False,factoid
58b6bd2622d300530900000c,Mistral-7B-Instruct-v0.1,bioasq,True,3,3.0,1.4999999999999956,0.7499999999999978,False,ApoE4 is associated with hyperlipoproteinemia.,False,0.0,0.0,-0.06973531634275787,False,factoid
589480b47d9090f353000007,Mistral-7B-Instruct-v0.1,bioasq,True,3,4.0,1.9999999999999942,0.9999999999999971,False,The server used for simulation of macromolecular diffusional association is typically a computer or a cluster of computers running specialized software designed for molecular dynamics simulations.,False,0.0,0.0,-0.3483866644198983,False,factoid
58a342e760087bc10a00001c,Mistral-7B-Instruct-v0.1,bioasq,False,1,,,,,,,,,,False,factoid
58b56fe422d3005309000007,Mistral-7B-Instruct-v0.1,bioasq,False,2,,,,,,,,,,False,factoid
58bc8e7a02b8c60953000007,Mistral-7B-Instruct-v0.1,bioasq,False,2,,,,,,,,,,False,factoid
58a9a8631978bbde22000003,Mistral-7B-Instruct-v0.1,bioasq,False,1,,,,,,,,,,False,factoid
588f2de394c1512c50000001,Mistral-7B-Instruct-v0.1,bioasq,False,2,,,,,,,,,,False,factoid
58bc363622d300530900001f,Mistral-7B-Instruct-v0.1,bioasq,False,2,,,,,,,,,,False,factoid
58a5a51060087bc10a000021,Mistral-7B-Instruct-v0.1,bioasq,False,2,,,,,,,,,,False,factoid
58a57f9460087bc10a00001f,Mistral-7B-Instruct-v0.1,bioasq,False,1,,,,,,,,,,False,factoid
58bcabc702b8c6095300000e,Mistral-7B-Instruct-v0.1,bioasq,False,2,,,,,,,,,,False,factoid
5883a727e56acf5176000001,Mistral-7B-Instruct-v0.1,bioasq,False,2,,,,,,,,,,False,factoid
5891b125621ea6ff7e00000e,Mistral-7B-Instruct-v0.1,bioasq,True,3,2.0,0.8112781244591301,0.40563906222956503,False,Gaucher disease.,True,1.0,1.0,-0.13248217161405287,False,factoid
587f795d92a5b8ad44000007,Mistral-7B-Instruct-v0.1,bioasq,False,1,,,,,,,,,,False,factoid
587e1bfdfc7e8dd84f000002,Mistral-7B-Instruct-v0.1,bioasq,False,2,,,,,,,,,,False,factoid
58a9d8a1396a458e50000005,Mistral-7B-Instruct-v0.1,bioasq,False,2,,,,,,,,,,False,factoid
58a2c77a60087bc10a000002,Mistral-7B-Instruct-v0.1,bioasq,True,3,3.0,1.4999999999999956,0.7499999999999978,False,"The role of gamma-secretase complex in Alzheimer's Disease is not fully understood, but it is believed to play a role in the",False,0.0,0.0,-0.17361465653426844,False,factoid
5890e163621ea6ff7e000004,Mistral-7B-Instruct-v0.1,bioasq,False,0,,,,,,,,,,False,factoid
58a32efe60087bc10a000013,Mistral-7B-Instruct-v0.1,bioasq,False,2,,,,,,,,,,False,factoid
5880b812c872c95565000006,Mistral-7B-Instruct-v0.1,bioasq,False,2,,,,,,,,,,False,factoid
58917c88621ea6ff7e00000a,Mistral-7B-Instruct-v0.1,bioasq,False,0,,,,,,,,,,False,factoid
58bbc0fc22d300530900001c,Mistral-7B-Instruct-v0.1,bioasq,False,2,,,,,,,,,,False,factoid
589185cc621ea6ff7e00000b,Mistral-7B-Instruct-v0.1,bioasq,True,3,3.0,1.4999999999999956,0.7499999999999978,False,Spinal muscular atrophy (SMA),True,1.0,1.0,-0.17974064300422773,False,factoid
58b6978822d300530900000a,Mistral-7B-Instruct-v0.1,bioasq,False,2,,,,,,,,,,False,factoid
58bc347422d300530900001e,Mistral-7B-Instruct-v0.1,bioasq,False,2,,,,,,,,,,False,factoid
5887fe7d3b87a8a738000008,Mistral-7B-Instruct-v0.1,bioasq,True,3,4.0,1.9999999999999942,0.9999999999999971,False,"3,4-diaminobenzoic acid derivatives, also known as antibiotics, play a crucial role in the immune system by",False,0.0,0.0,-0.17839571617464856,False,factoid
588f9f83ed9bbee70d000004,Mistral-7B-Instruct-v0.1,bioasq,False,1,,,,,,,,,,False,factoid
58a644e560087bc10a000027,Mistral-7B-Instruct-v0.1,bioasq,False,1,,,,,,,,,,False,factoid
58bca08702b8c6095300000a,Mistral-7B-Instruct-v0.1,bioasq,False,2,,,,,,,,,,False,factoid
58c99fcc02b8c60953000029,Mistral-7B-Instruct-v0.1,bioasq,False,1,,,,,,,,,,False,factoid
58ce363b02b8c60953000046,Mistral-7B-Instruct-v0.1,bioasq,False,2,,,,,,,,,,False,factoid
588f8e9794c1512c50000005,Mistral-7B-Instruct-v0.1,bioasq,False,2,,,,,,,,,,False,factoid
58cc5bae02b8c60953000037,Mistral-7B-Instruct-v0.1,bioasq,True,3,4.0,1.9999999999999942,0.9999999999999971,False,The incidence of new cases of X-linked adrenoleukodystrophy (ALD) in Australia and New Zealand in the late 1,False,0.0,0.0,-0.050602996055192584,False,factoid
58d0dc878acda34529000004,Mistral-7B-Instruct-v0.1,bioasq,False,1,,,,,,,,,,False,factoid
58b6cd3222d300530900000d,Mistral-7B-Instruct-v0.1,bioasq,False,1,,,,,,,,,,False,factoid
58caf0be02b8c6095300002f,Mistral-7B-Instruct-v0.1,bioasq,True,3,3.0,1.4999999999999956,0.7499999999999978,False,The organism that causes woolsorter's disease is a fungus called Aspergillus fumigatus.,False,0.0,0.0,-0.15150062131397032,False,factoid
587e1a01fc7e8dd84f000001,Mistral-7B-Instruct-v0.1,bioasq,False,2,,,,,,,,,,False,factoid
58bca2f302b8c6095300000c,Mistral-7B-Instruct-v0.1,bioasq,True,3,3.0,1.4999999999999956,0.7499999999999978,False,X,True,1.0,1.0,-0.6068477630615234,False,factoid
58cd7af402b8c6095300003e,Mistral-7B-Instruct-v0.1,bioasq,False,2,,,,,,,,,,False,factoid
587e3129c32c812009000002,Mistral-7B-Instruct-v0.1,bioasq,False,2,,,,,,,,,,False,factoid
58bac71222d3005309000013,Mistral-7B-Instruct-v0.1,bioasq,True,3,4.0,1.9999999999999942,0.9999999999999971,False,H3F36V,False,0.0,0.0,-0.2825961251136115,False,factoid
58cdb41302b8c60953000042,Mistral-7B-Instruct-v0.1,bioasq,True,3,2.0,0.9999999999999971,0.49999999999999856,False,Connective tissue.,True,1.0,1.0,-0.23687436445852655,False,factoid
587f7a69d8d850a152000001,Mistral-7B-Instruct-v0.1,bioasq,True,3,3.0,1.4999999999999956,0.7499999999999978,False,"The library used for fixed-length approximate string matching is called ""Boyer-Moore Algorithm"".",False,0.0,0.0,-0.2803287092701794,False,factoid
589d965a78275d0c4a000049,Mistral-7B-Instruct-v0.1,bioasq,False,0,,,,,,,,,,False,factoid
58cbb98c02b8c60953000034,Mistral-7B-Instruct-v0.1,bioasq,False,2,,,,,,,,,,False,factoid
58a6db8660087bc10a00002c,Mistral-7B-Instruct-v0.1,bioasq,False,1,,,,,,,,,,False,factoid
5895f7e978275d0c4a000001,Mistral-7B-Instruct-v0.1,bioasq,True,3,1.0,-1.6017132519074577e-15,-8.008566259537289e-16,True,"The fruit that causes Jamaican vomiting sickness is called ""ackee.",False,0.0,0.0,-0.2996975776066339,False,factoid
588f9950ed9bbee70d000002,Mistral-7B-Instruct-v0.1,bioasq,False,2,,,,,,,,,,False,factoid
58ce9bf1d46b5c2951000002,Mistral-7B-Instruct-v0.1,bioasq,False,2,,,,,,,,,,False,factoid
58bfd8e902b8c60953000018,Mistral-7B-Instruct-v0.1,bioasq,False,2,,,,,,,,,,False,factoid
58cd7fed02b8c6095300003f,Mistral-7B-Instruct-v0.1,bioasq,False,2,,,,,,,,,,False,factoid
58cd90c202b8c60953000040,Mistral-7B-Instruct-v0.1,bioasq,True,3,4.0,1.9999999999999942,0.9999999999999971,False,IL-18BP is an interleukin-18 binding protein that plays a role in regulating inflammation by inhibiting the activity of,False,0.0,0.0,-0.2039926976389097,False,factoid
58adc1ff9ef3c34033000006,Mistral-7B-Instruct-v0.1,bioasq,False,1,,,,,,,,,,False,factoid
58bfd0db02b8c60953000017,Mistral-7B-Instruct-v0.1,bioasq,False,0,,,,,,,,,,False,factoid
58bde18b02b8c60953000014,Mistral-7B-Instruct-v0.1,bioasq,False,2,,,,,,,,,,False,factoid
58cf5c5a8acda34529000003,Mistral-7B-Instruct-v0.1,bioasq,True,3,3.0,1.4999999999999956,0.7499999999999978,False,Base J is not found in the genome of Leishmania tarentolae.,False,0.0,0.0,-0.07927329602635406,False,factoid
587e0116ae05ffb474000002,Mistral-7B-Instruct-v0.1,bioasq,False,2,,,,,,,,,,False,factoid
58dfe6b56fddd3e83e000004,Mistral-7B-Instruct-v0.1,bioasq,False,2,,,,,,,,,,False,factoid
58e75d483e8b6dc87c000005,Mistral-7B-Instruct-v0.1,bioasq,False,1,,,,,,,,,,False,factoid
5880b073c872c95565000003,Mistral-7B-Instruct-v0.1,bioasq,False,2,,,,,,,,,,False,factoid
58da111c8acda34529000010,Mistral-7B-Instruct-v0.1,bioasq,True,3,3.0,1.4999999999999956,0.7499999999999978,False,Trisomy 13,False,0.0,0.0,-0.17967122611610517,False,factoid
58af1cb3717cd3f655000003,Mistral-7B-Instruct-v0.1,bioasq,True,3,4.0,1.9999999999999942,0.9999999999999971,False,"Sox9 locus duplication can result in a variety of abnormalities, including skeletal dysplasias, craniofacial mal",False,0.0,0.0,-0.35179100720708334,False,factoid
58dd0dde8acda34529000027,Mistral-7B-Instruct-v0.1,bioasq,True,3,2.0,0.8112781244591301,0.40563906222956503,False,Connective tissue.,True,1.0,1.0,-0.18628165839982103,False,factoid
58853922e56acf5176000016,Mistral-7B-Instruct-v0.1,bioasq,True,3,3.0,1.4999999999999956,0.7499999999999978,False,Hepatitis B virus (HBV) infection.,False,0.0,0.0,-0.1805291479822537,False,factoid
5880e417713cbdfd3d000001,Mistral-7B-Instruct-v0.1,bioasq,False,2,,,,,,,,,,False,factoid
58af16ea717cd3f655000002,Mistral-7B-Instruct-v0.1,bioasq,False,1,,,,,,,,,,False,factoid
58853667e56acf5176000015,Mistral-7B-Instruct-v0.1,bioasq,True,3,2.0,0.8112781244591301,0.40563906222956503,False,The direct interaction of Ikaros and Foxp1 in B-lymphocytes leads to the activation of the B-cell receptor (BC,False,0.0,0.0,-0.19381664615475813,False,factoid
5889eb503b87a8a73800000b,Mistral-7B-Instruct-v0.1,bioasq,True,3,2.0,0.8112781244591301,0.40563906222956503,False,Pds5b deletion in mice causes the Paget disease of bone syndrome.,False,0.0,0.0,-0.4015616018345952,False,factoid
58d900428acda3452900000c,Mistral-7B-Instruct-v0.1,bioasq,False,1,,,,,,,,,,False,factoid
58de18e48acda3452900002a,Mistral-7B-Instruct-v0.1,bioasq,True,3,3.0,1.4999999999999956,0.7499999999999978,False,miR-19a,False,0.0,0.0,-0.3780326566375152,False,factoid
5881f627713cbdfd3d000005,Mistral-7B-Instruct-v0.1,bioasq,False,2,,,,,,,,,,False,factoid
58c9a8fe02b8c6095300002a,Mistral-7B-Instruct-v0.1,bioasq,False,1,,,,,,,,,,False,factoid
588f341594c1512c50000002,Mistral-7B-Instruct-v0.1,bioasq,False,0,,,,,,,,,,False,factoid
58d8e6818acda3452900000a,Mistral-7B-Instruct-v0.1,bioasq,False,2,,,,,,,,,,False,factoid
58df47f08acda3452900002f,Mistral-7B-Instruct-v0.1,bioasq,False,0,,,,,,,,,,False,factoid
58e23ec66fddd3e83e000010,Mistral-7B-Instruct-v0.1,bioasq,False,2,,,,,,,,,,False,factoid
58d906b28acda3452900000d,Mistral-7B-Instruct-v0.1,bioasq,True,3,2.0,0.9999999999999971,0.49999999999999856,False,The TAZ (G4.5) is located in the nucleus of human cells.,False,0.0,0.0,-0.14637328282021503,False,factoid
5881f9b65bf093691f000001,Mistral-7B-Instruct-v0.1,bioasq,False,2,,,,,,,,,,False,factoid
58e793f53e8b6dc87c000008,Mistral-7B-Instruct-v0.1,bioasq,False,2,,,,,,,,,,False,factoid
58dfd70c6fddd3e83e000002,Mistral-7B-Instruct-v0.1,bioasq,False,1,,,,,,,,,,False,factoid
58e79e703e8b6dc87c00000a,Mistral-7B-Instruct-v0.1,bioasq,True,3,4.0,1.9999999999999942,0.9999999999999971,False,"The percentage of rheumatoid arthritis patients who are responsive to anti-TNF therapy varies, but it is estimated to be around",False,0.0,0.0,-0.1452096438488284,False,factoid
5880c42fc872c95565000008,Mistral-7B-Instruct-v0.1,bioasq,True,3,2.0,0.8112781244591301,0.40563906222956503,False,Type 2 diabetes.,True,1.0,1.0,-0.16459440180915408,False,factoid
58dbb8968acda3452900001b,Mistral-7B-Instruct-v0.1,bioasq,False,1,,,,,,,,,,False,factoid
5886519c3b87a8a738000007,Mistral-7B-Instruct-v0.1,bioasq,False,2,,,,,,,,,,False,factoid
58c6635f02b8c60953000023,Mistral-7B-Instruct-v0.1,bioasq,False,2,,,,,,,,,,False,factoid
58861d413b87a8a738000002,Mistral-7B-Instruct-v0.1,bioasq,False,2,,,,,,,,,,False,factoid
5880dba9c872c95565000009,Mistral-7B-Instruct-v0.1,bioasq,False,1,,,,,,,,,,False,factoid
58cefcfb8acda34529000002,Mistral-7B-Instruct-v0.1,bioasq,False,2,,,,,,,,,,False,factoid
58f4b2f070f9fc6f0f000012,Mistral-7B-Instruct-v0.1,bioasq,False,1,,,,,,,,,,False,factoid
58efa36d70f9fc6f0f000004,Mistral-7B-Instruct-v0.1,bioasq,False,2,,,,,,,,,,False,factoid
58f4b85f70f9fc6f0f000015,Mistral-7B-Instruct-v0.1,bioasq,False,1,,,,,,,,,,False,factoid
58e9f0ba3e8b6dc87c00000e,Mistral-7B-Instruct-v0.1,bioasq,False,2,,,,,,,,,,False,factoid
58f0b1d670f9fc6f0f000007,Mistral-7B-Instruct-v0.1,bioasq,False,0,,,,,,,,,,False,factoid
58f4b1a170f9fc6f0f000010,Mistral-7B-Instruct-v0.1,bioasq,True,3,3.0,1.4999999999999956,0.7499999999999978,False,Amanita phalloides,True,1.0,1.0,-0.13240284654733614,False,factoid
58e7902b3e8b6dc87c000007,Mistral-7B-Instruct-v0.1,bioasq,False,2,,,,,,,,,,False,factoid
589317e849702f2e01000005,Mistral-7B-Instruct-v0.1,bioasq,True,3,2.0,0.8112781244591301,0.40563906222956503,False,"The server used for generating modes of pseudo components of DNA, RNA and protein sequences is not specified in the question.",False,0.0,0.0,-0.1059381044161546,False,factoid
58e74bff3e8b6dc87c000004,Mistral-7B-Instruct-v0.1,bioasq,False,2,,,,,,,,,,False,factoid
58eb9542eda5a57672000007,Mistral-7B-Instruct-v0.1,bioasq,False,2,,,,,,,,,,False,factoid
58cbd0d502b8c60953000035,Mistral-7B-Instruct-v0.1,bioasq,False,2,,,,,,,,,,False,factoid
58f3ca5c70f9fc6f0f00000d,Mistral-7B-Instruct-v0.1,bioasq,False,2,,,,,,,,,,False,factoid
587e3e302420191125000002,Mistral-7B-Instruct-v0.1,bioasq,False,1,,,,,,,,,,False,factoid
58e9e7aa3e8b6dc87c00000d,Mistral-7B-Instruct-v0.1,bioasq,False,2,,,,,,,,,,False,factoid
58da1aa08acda34529000012,Mistral-7B-Instruct-v0.1,bioasq,False,2,,,,,,,,,,False,factoid
58e3d9ab3e8b6dc87c000002,Mistral-7B-Instruct-v0.1,bioasq,False,2,,,,,,,,,,False,factoid
58ea7248eda5a57672000002,Mistral-7B-Instruct-v0.1,bioasq,False,2,,,,,,,,,,False,factoid
58eb4ce7eda5a57672000004,Mistral-7B-Instruct-v0.1,bioasq,True,3,4.0,1.9999999999999942,0.9999999999999971,False,Transcription factors forkhead 1 and 2 (Fkh1 and Fkh2) are associated with the regulation of cell cycle progression and apopt,False,0.0,0.0,-0.25409244182855417,False,factoid
58f3c4b970f9fc6f0f00000a,Mistral-7B-Instruct-v0.1,bioasq,True,3,3.0,1.4999999999999956,0.7499999999999978,False,The virus that causes blue tongue disease has a single-stranded RNA genome.,False,0.0,0.0,-0.1084341772990037,False,factoid
58efa1b870f9fc6f0f000003,Mistral-7B-Instruct-v0.1,bioasq,False,2,,,,,,,,,,False,factoid
5890fde5621ea6ff7e000009,Mistral-7B-Instruct-v0.1,bioasq,False,2,,,,,,,,,,False,factoid
58c27b7102b8c60953000021,Mistral-7B-Instruct-v0.1,bioasq,True,3,4.0,1.9999999999999942,0.9999999999999971,False,Chromatin structure and DNA-protein interactions.,False,0.0,0.0,-0.39395496608494796,False,factoid
58f0b0c070f9fc6f0f000006,Mistral-7B-Instruct-v0.1,bioasq,False,1,,,,,,,,,,False,factoid
58853c56e56acf5176000018,Mistral-7B-Instruct-v0.1,bioasq,False,2,,,,,,,,,,False,factoid
58f4b9d470f9fc6f0f000016,Mistral-7B-Instruct-v0.1,bioasq,True,3,1.0,-1.6017132519074577e-15,-8.008566259537289e-16,True,The organism that causes tularemia is Francisella tularensis.,True,1.0,1.0,-0.04045702655499781,False,factoid
5895f18ce370baff39000001,Mistral-7B-Instruct-v0.1,bioasq,True,3,2.0,0.8112781244591301,0.40563906222956503,False,The method used for prediction of novel microRNA genes in cancer-associated genomic regions is bioinformatics analysis.,False,0.0,0.0,-0.07481605749026173,False,factoid
58f6295a70f9fc6f0f000019,Mistral-7B-Instruct-v0.1,bioasq,False,1,,,,,,,,,,False,factoid
58ee0dd5eda5a57672000013,Mistral-7B-Instruct-v0.1,bioasq,False,2,,,,,,,,,,False,factoid
589635dd78275d0c4a000009,Mistral-7B-Instruct-v0.1,bioasq,True,3,2.0,0.8112781244591301,0.40563906222956503,False,The tool used for the identification of recurrent variants in noncoding regions is called the Integrated Genome Viewer (IGV).,False,0.0,0.0,-0.15545233051945312,False,factoid
58f3c62970f9fc6f0f00000b,Mistral-7B-Instruct-v0.1,bioasq,False,2,,,,,,,,,,False,factoid
5896271178275d0c4a000004,Mistral-7B-Instruct-v0.1,bioasq,False,2,,,,,,,,,,False,factoid
589630f378275d0c4a000007,Mistral-7B-Instruct-v0.1,bioasq,False,1,,,,,,,,,,False,factoid
58f4b25e70f9fc6f0f000011,Mistral-7B-Instruct-v0.1,bioasq,False,1,,,,,,,,,,False,factoid
587e2300fc7e8dd84f000004,Mistral-7B-Instruct-v0.1,bioasq,False,2,,,,,,,,,,False,factoid
58dcb47c8acda34529000020,Mistral-7B-Instruct-v0.1,bioasq,False,2,,,,,,,,,,False,factoid
5a7d51dafaa1ab7d2e000017,Mistral-7B-Instruct-v0.1,bioasq,True,3,4.0,1.9999999999999942,0.9999999999999971,False,IVIG is administered intravenously in Alzheimer's disease patients.,True,1.0,1.0,-0.18074804416591583,False,factoid
5a43a139966455904c000008,Mistral-7B-Instruct-v0.1,bioasq,True,3,1.0,-1.6017132519074577e-15,-8.008566259537289e-16,True,The NOMe-Seq methodology measures DNA methylation patterns.,False,0.0,0.0,-0.152296855908844,False,factoid
58eb99f3eda5a57672000009,Mistral-7B-Instruct-v0.1,bioasq,False,2,,,,,,,,,,False,factoid
58edf567eda5a57672000011,Mistral-7B-Instruct-v0.1,bioasq,True,3,3.0,1.4999999999999956,0.7499999999999978,False,The DosR regulon in Mycobacterium tuberculosis is controlled by approximately 100 genes.,False,0.0,0.0,-0.24652176637106826,False,factoid
5a6a3335b750ff4455000025,Mistral-7B-Instruct-v0.1,bioasq,False,2,,,,,,,,,,False,factoid
5a67b2f7b750ff445500000f,Mistral-7B-Instruct-v0.1,bioasq,True,3,3.0,1.4999999999999956,0.7499999999999978,False,Stress urinary incontinence.,True,1.0,1.0,-0.2027096117788258,False,factoid
593ff22b70f9fc6f0f000023,Mistral-7B-Instruct-v0.1,bioasq,True,3,2.0,0.8112781244591301,0.40563906222956503,False,There are 10 GRG genes in the mouse genome.,False,0.0,0.0,-0.3520289483683878,False,factoid
5a87ea1861bb38fb2400000d,Mistral-7B-Instruct-v0.1,bioasq,False,0,,,,,,,,,,False,factoid
590af75d70f9fc6f0f00001c,Mistral-7B-Instruct-v0.1,bioasq,False,2,,,,,,,,,,False,factoid
5a8941c5bc7bade53a000002,Mistral-7B-Instruct-v0.1,bioasq,True,3,3.0,1.4999999999999956,0.7499999999999978,False,Serine 133,False,0.0,0.0,-0.32215507621211664,False,factoid
590c74d170f9fc6f0f00001e,Mistral-7B-Instruct-v0.1,bioasq,False,1,,,,,,,,,,False,factoid
5a89800efcd1d6a10c00000c,Mistral-7B-Instruct-v0.1,bioasq,False,2,,,,,,,,,,False,factoid
5a3e8683966455904c000007,Mistral-7B-Instruct-v0.1,bioasq,False,2,,,,,,,,,,False,factoid
5a7d5ce0faa1ab7d2e00001b,Mistral-7B-Instruct-v0.1,bioasq,False,2,,,,,,,,,,False,factoid
5a7617b183b0d9ea66000022,Mistral-7B-Instruct-v0.1,bioasq,False,2,,,,,,,,,,False,factoid
5a4df811966455904c00000e,Mistral-7B-Instruct-v0.1,bioasq,False,2,,,,,,,,,,False,factoid
593fe5c270f9fc6f0f000021,Mistral-7B-Instruct-v0.1,bioasq,False,1,,,,,,,,,,False,factoid
5a7d6287faa1ab7d2e00001c,Mistral-7B-Instruct-v0.1,bioasq,True,3,2.0,0.9999999999999971,0.49999999999999856,False,GDF15 binds to the receptor GDFR.,False,0.0,0.0,-0.26326305084855145,False,factoid
593fe7f970f9fc6f0f000022,Mistral-7B-Instruct-v0.1,bioasq,False,0,,,,,,,,,,False,factoid
5a7d4721faa1ab7d2e000012,Mistral-7B-Instruct-v0.1,bioasq,False,2,,,,,,,,,,False,factoid
5a39453d966455904c000006,Mistral-7B-Instruct-v0.1,bioasq,False,2,,,,,,,,,,False,factoid
5a4e50b242878bf97d000001,Mistral-7B-Instruct-v0.1,bioasq,False,1,,,,,,,,,,False,factoid
58f89eb270f9fc6f0f00001a,Mistral-7B-Instruct-v0.1,bioasq,False,1,,,,,,,,,,False,factoid
5a87d73861bb38fb2400000b,Mistral-7B-Instruct-v0.1,bioasq,True,3,3.0,1.4999999999999956,0.7499999999999978,False,The main ribotype of Clostridium difficile responsible for the recent outbreak is C. difficile ribotype 027.,True,1.0,1.0,-0.08802225357917891,False,factoid
5a6e2b1bb750ff445500003e,Mistral-7B-Instruct-v0.1,bioasq,False,2,,,,,,,,,,False,factoid
5a7610af83b0d9ea6600001a,Mistral-7B-Instruct-v0.1,bioasq,True,3,3.0,1.4999999999999956,0.7499999999999978,False,Janus kinase 1 (JAK1),False,0.0,0.0,-0.20629671532272673,False,factoid
5a88370c61bb38fb24000014,Mistral-7B-Instruct-v0.1,bioasq,False,2,,,,,,,,,,False,factoid
5a885daa61bb38fb24000018,Mistral-7B-Instruct-v0.1,bioasq,False,1,,,,,,,,,,False,factoid
58ee2515eda5a57672000016,Mistral-7B-Instruct-v0.1,bioasq,False,2,,,,,,,,,,False,factoid
5a7237672dc08e987e000008,Mistral-7B-Instruct-v0.1,bioasq,False,1,,,,,,,,,,False,factoid
5a6e472ab750ff4455000048,Mistral-7B-Instruct-v0.1,bioasq,True,3,4.0,1.9999999999999942,0.9999999999999971,False,The function of the TMEM132 genes is not well understood and more research is needed to determine their specific role in the body.,False,0.0,0.0,-0.21649903417506594,False,factoid
5a74b1730384be9551000007,Mistral-7B-Instruct-v0.1,bioasq,False,1,,,,,,,,,,False,factoid
5a735b383b9d13c708000002,Mistral-7B-Instruct-v0.1,bioasq,True,3,2.0,0.8112781244591301,0.40563906222956503,False,The name of the RNAi investigational drug being developed against hereditary amyloidosis is patisiran.,True,1.0,1.0,-0.07954499865091488,False,factoid
5a7346662dc08e987e00001a,Mistral-7B-Instruct-v0.1,bioasq,False,2,,,,,,,,,,False,factoid
5a690487b750ff445500001f,Mistral-7B-Instruct-v0.1,bioasq,False,1,,,,,,,,,,False,factoid
5a68f448b750ff4455000018,Mistral-7B-Instruct-v0.1,bioasq,True,3,4.0,1.9999999999999942,0.9999999999999971,False,The bacteria that causes erythrasma is Corynebacterium minutum.,False,0.0,0.0,-0.08211210562293444,False,factoid
5a6e4d22b750ff445500004d,Mistral-7B-Instruct-v0.1,bioasq,False,2,,,,,,,,,,False,factoid
5a7234352dc08e987e000007,Mistral-7B-Instruct-v0.1,bioasq,False,2,,,,,,,,,,False,factoid
5a6e24a5b750ff445500003c,Mistral-7B-Instruct-v0.1,bioasq,False,2,,,,,,,,,,False,factoid
5a895f51fcd1d6a10c000004,Mistral-7B-Instruct-v0.1,bioasq,True,3,3.0,1.4999999999999956,0.7499999999999978,False,CTCF binding sites prefer to be located at the edges of chromatin loops.,False,0.0,0.0,-0.40006053383010165,False,factoid
5a7d4e9afaa1ab7d2e000013,Mistral-7B-Instruct-v0.1,bioasq,False,2,,,,,,,,,,False,factoid
5a6a02a3b750ff4455000021,Mistral-7B-Instruct-v0.1,bioasq,True,3,2.0,0.8112781244591301,0.40563906222956503,False,The most common cause of hereditary renal amyloidosis is transthyretin (TTR).,False,0.0,0.0,-0.098945719437416,False,factoid
5a86f074faa1ab7d2e00003a,Mistral-7B-Instruct-v0.1,bioasq,False,1,,,,,,,,,,False,factoid
5a70ce82b750ff4455000065,Mistral-7B-Instruct-v0.1,bioasq,False,1,,,,,,,,,,False,factoid
5a742d620384be9551000002,Mistral-7B-Instruct-v0.1,bioasq,False,2,,,,,,,,,,False,factoid
5a74a8a70384be9551000005,Mistral-7B-Instruct-v0.1,bioasq,True,3,3.0,1.4999999999999956,0.7499999999999978,False,Onpattro (patisiran) is a siRNA-based drug in clinical trials for the treatment of pancreatic cancer.,False,0.0,0.0,-0.06757781857818519,False,factoid
5a6e3155b750ff445500003f,Mistral-7B-Instruct-v0.1,bioasq,False,2,,,,,,,,,,False,factoid
5a6e42f1b750ff4455000046,Mistral-7B-Instruct-v0.1,bioasq,False,2,,,,,,,,,,False,factoid
5a6e354fb750ff4455000042,Mistral-7B-Instruct-v0.1,bioasq,False,2,,,,,,,,,,False,factoid
5a6f960fb750ff445500005c,Mistral-7B-Instruct-v0.1,bioasq,False,0,,,,,,,,,,False,factoid
5a551a8fb750ff4455000002,Mistral-7B-Instruct-v0.1,bioasq,False,1,,,,,,,,,,False,factoid
5a87f44061bb38fb2400000f,Mistral-7B-Instruct-v0.1,bioasq,False,2,,,,,,,,,,False,factoid
5a6a3464b750ff4455000026,Mistral-7B-Instruct-v0.1,bioasq,True,3,4.0,1.9999999999999942,0.9999999999999971,False,"The algorithm that has been developed to improve multiple circular sequence alignment using refined sequences is called the ""Circular Consensus Sequence (CCS) Algorithm",False,0.0,0.0,-0.2685473725512111,False,factoid
5a6d08d5b750ff445500002c,Mistral-7B-Instruct-v0.1,bioasq,True,3,2.0,0.8112781244591301,0.40563906222956503,False,The stapled peptide designed to target Ctf4 is not specified in the question.,False,0.0,0.0,-0.19269209416666758,False,factoid
5a70d42899e2c3af26000002,Mistral-7B-Instruct-v0.1,bioasq,False,1,,,,,,,,,,False,factoid
5a8b1264fcd1d6a10c00001d,Mistral-7B-Instruct-v0.1,bioasq,False,2,,,,,,,,,,False,factoid
5a70e4b399e2c3af26000008,Mistral-7B-Instruct-v0.1,bioasq,False,1,,,,,,,,,,False,factoid
5a777ab9faa1ab7d2e00000a,Mistral-7B-Instruct-v0.1,bioasq,False,1,,,,,,,,,,False,factoid
5a8715a961bb38fb24000006,Mistral-7B-Instruct-v0.1,bioasq,False,1,,,,,,,,,,False,factoid
5a8718c861bb38fb24000008,Mistral-7B-Instruct-v0.1,bioasq,False,1,,,,,,,,,,False,factoid
5a75f6e083b0d9ea66000009,Mistral-7B-Instruct-v0.1,bioasq,False,2,,,,,,,,,,False,factoid
5a72329e2dc08e987e000006,Mistral-7B-Instruct-v0.1,bioasq,False,1,,,,,,,,,,False,factoid
5a735cdc3b9d13c708000004,Mistral-7B-Instruct-v0.1,bioasq,False,2,,,,,,,,,,False,factoid
5a6fa31ab750ff445500005e,Mistral-7B-Instruct-v0.1,bioasq,True,3,4.0,1.9999999999999942,0.9999999999999971,False,The Enhancer-Trap method has been developed for assignment of enhancers to target genes.,False,0.0,0.0,-0.22961810180976544,False,factoid
5a871a6861bb38fb24000009,Mistral-7B-Instruct-v0.1,bioasq,False,1,,,,,,,,,,False,factoid
5a67ab79b750ff445500000b,Mistral-7B-Instruct-v0.1,bioasq,False,2,,,,,,,,,,False,factoid
5a6d196db750ff4455000032,Mistral-7B-Instruct-v0.1,bioasq,True,3,4.0,1.9999999999999942,0.9999999999999971,False,The resource that has been developed to study the transcriptional regulation of GABAergic cell fate is a gene expression database called the GABAerg,False,0.0,0.0,-0.2797680575902337,False,factoid
5a74e9ad0384be955100000a,Mistral-7B-Instruct-v0.1,bioasq,False,0,,,,,,,,,,False,factoid
5a6d1733b750ff4455000030,Mistral-7B-Instruct-v0.1,bioasq,False,1,,,,,,,,,,False,factoid
5a7877c0faa1ab7d2e00000c,Mistral-7B-Instruct-v0.1,bioasq,False,2,,,,,,,,,,False,factoid
5a68f005b750ff4455000016,Mistral-7B-Instruct-v0.1,bioasq,True,3,2.0,0.8112781244591301,0.40563906222956503,False,Borderline personality disorder.,True,1.0,1.0,-0.05906756818824631,False,factoid
5a79d0b8faa1ab7d2e00000d,Mistral-7B-Instruct-v0.1,bioasq,False,2,,,,,,,,,,False,factoid
5a68f965b750ff445500001a,Mistral-7B-Instruct-v0.1,bioasq,False,2,,,,,,,,,,False,factoid
5a6900ebb750ff445500001d,Mistral-7B-Instruct-v0.1,bioasq,True,3,3.0,1.4999999999999956,0.7499999999999978,False,The Finkelstein's test is used to diagnose rheumatoid arthritis.,False,0.0,0.0,-0.07927033328330513,False,factoid
5a6e1280b750ff4455000037,Mistral-7B-Instruct-v0.1,bioasq,False,1,,,,,,,,,,False,factoid
5a87145861bb38fb24000004,Mistral-7B-Instruct-v0.1,bioasq,False,1,,,,,,,,,,False,factoid
5a6e2578b750ff445500003d,Mistral-7B-Instruct-v0.1,bioasq,True,3,3.0,1.4999999999999956,0.7499999999999978,False,"The package in Bioconductor that has been developed with the aim to analyze differential DNA loops from sequencing data is called ""LoopSeq"".",False,0.0,0.0,-0.1562969081297221,False,factoid
5a6f853ab750ff4455000055,Mistral-7B-Instruct-v0.1,bioasq,False,2,,,,,,,,,,False,factoid
5a871b8d61bb38fb2400000a,Mistral-7B-Instruct-v0.1,bioasq,False,2,,,,,,,,,,False,factoid
5a6f98e6b750ff445500005d,Mistral-7B-Instruct-v0.1,bioasq,False,2,,,,,,,,,,False,factoid
5a897a06fcd1d6a10c00000b,Mistral-7B-Instruct-v0.1,bioasq,False,1,,,,,,,,,,False,factoid
5a6fa61ab750ff4455000060,Mistral-7B-Instruct-v0.1,bioasq,False,1,,,,,,,,,,False,factoid
5a72302b2dc08e987e000005,Mistral-7B-Instruct-v0.1,bioasq,False,2,,,,,,,,,,False,factoid
5a8712af61bb38fb24000002,Mistral-7B-Instruct-v0.1,bioasq,True,3,2.0,0.9999999999999971,0.49999999999999856,False,There is a link between psoriatic arthritis and depression. Studies have shown that people with psoriatic arthritis are more,False,0.0,0.0,-0.09408487406447352,False,factoid
5a9dad764e03427e73000007,Mistral-7B-Instruct-v0.1,bioasq,False,2,,,,,,,,,,False,factoid
5a9d29571d1251d03b000018,Mistral-7B-Instruct-v0.1,bioasq,False,2,,,,,,,,,,False,factoid
5a9e2386de7cb99d40000004,Mistral-7B-Instruct-v0.1,bioasq,True,3,3.0,1.4999999999999956,0.7499999999999978,False,Forxiga is used to treat high blood pressure.,False,0.0,0.0,-0.25275432766769274,False,factoid
5a761ac3aacfb9cd4c000002,Mistral-7B-Instruct-v0.1,bioasq,True,3,3.0,1.4999999999999956,0.7499999999999978,False,The most common feature of Doege–Potter syndrome is short stature.,False,0.0,0.0,-0.203269070862958,False,factoid
5a679e8cb750ff4455000006,Mistral-7B-Instruct-v0.1,bioasq,False,2,,,,,,,,,,False,factoid
5a9ac7ba1d1251d03b000013,Mistral-7B-Instruct-v0.1,bioasq,False,0,,,,,,,,,,False,factoid
5a8b27e6fcd1d6a10c00001e,Mistral-7B-Instruct-v0.1,bioasq,False,2,,,,,,,,,,False,factoid
5a67c497b750ff4455000012,Mistral-7B-Instruct-v0.1,bioasq,True,3,2.0,0.8112781244591301,0.40563906222956503,False,Whole genome sequencing (WGS) is the method available for whole genome identification of pathogenic regulatory variants in Mendelian disease.,False,0.0,0.0,-0.12777922574250233,False,factoid
5a9acd921d1251d03b000016,Mistral-7B-Instruct-v0.1,bioasq,False,2,,,,,,,,,,False,factoid
5a76160a83b0d9ea66000020,Mistral-7B-Instruct-v0.1,bioasq,False,1,,,,,,,,,,False,factoid
5aa55b45d6d6b54f7900000d,Mistral-7B-Instruct-v0.1,bioasq,False,1,,,,,,,,,,False,factoid
5a9d8a651d1251d03b00001f,Mistral-7B-Instruct-v0.1,bioasq,False,2,,,,,,,,,,False,factoid
5a76179d83b0d9ea66000021,Mistral-7B-Instruct-v0.1,bioasq,False,1,,,,,,,,,,False,factoid
5a774fdcfaa1ab7d2e000008,Mistral-7B-Instruct-v0.1,bioasq,True,3,3.0,1.4999999999999956,0.7499999999999978,False,Tudor interacting repair regulator (TIRR) regulates the protein Tudor domain containing protein 1 (TDP-1).,False,0.0,0.0,-0.2296014988247671,False,factoid
5a804f71faa1ab7d2e00001d,Mistral-7B-Instruct-v0.1,bioasq,False,2,,,,,,,,,,False,factoid
5a9ac4e81d1251d03b000011,Mistral-7B-Instruct-v0.1,bioasq,False,1,,,,,,,,,,False,factoid
5a8056a2faa1ab7d2e00001f,Mistral-7B-Instruct-v0.1,bioasq,False,2,,,,,,,,,,False,factoid
5aa6c800d6d6b54f79000012,Mistral-7B-Instruct-v0.1,bioasq,True,3,3.0,1.4999999999999956,0.7499999999999978,False,Liquid-liquid phase transition is a phase transition in which a liquid changes into another liquid.,False,0.0,0.0,-0.27885111882032915,False,factoid
5a9d31711d1251d03b00001c,Mistral-7B-Instruct-v0.1,bioasq,False,2,,,,,,,,,,False,factoid
5aad4b37fcf456587200000a,Mistral-7B-Instruct-v0.1,bioasq,False,2,,,,,,,,,,False,factoid
5a9ac6821d1251d03b000012,Mistral-7B-Instruct-v0.1,bioasq,False,1,,,,,,,,,,False,factoid
5a9700adfcd1d6a10c00002c,Mistral-7B-Instruct-v0.1,bioasq,False,1,,,,,,,,,,False,factoid
5a9d8d691d1251d03b000020,Mistral-7B-Instruct-v0.1,bioasq,True,3,3.0,1.4999999999999956,0.7499999999999978,False,There is no established association between the protein RAB10 and Alzheimer's disease.,False,0.0,0.0,-0.21402806268022664,False,factoid
5a9da8df4e03427e73000006,Mistral-7B-Instruct-v0.1,bioasq,False,2,,,,,,,,,,False,factoid
5aa50086d6d6b54f7900000c,Mistral-7B-Instruct-v0.1,bioasq,True,3,3.0,1.4999999999999956,0.7499999999999978,False,"Ubiquilins are proteins that play a role in various cellular processes, including protein folding, trafficking, and degradation. They",False,0.0,0.0,-0.20441754817803925,False,factoid
5a7639419e632bc066000005,Mistral-7B-Instruct-v0.1,bioasq,True,3,4.0,1.9999999999999942,0.9999999999999971,False,The algorithm developed for prediction of protein subcellular localization using deep learning is called DeepPIL.,False,0.0,0.0,-0.22390076147636054,False,factoid
5a7347a02dc08e987e00001b,Mistral-7B-Instruct-v0.1,bioasq,False,1,,,,,,,,,,False,factoid
5a7373f63b9d13c708000008,Mistral-7B-Instruct-v0.1,bioasq,True,3,4.0,1.9999999999999942,0.9999999999999971,False,"Fexinidazole is used to treat certain parasitic infections, such as leishmaniasis and giardiasis.",False,0.0,0.0,-0.22057899937394407,False,factoid
5a95765bfcd1d6a10c000028,Mistral-7B-Instruct-v0.1,bioasq,True,3,2.0,0.8112781244591301,0.40563906222956503,False,The suprachiasmatic nucleus (SCN) of the hypothalamus controls the circadian clock.,False,0.0,0.0,-0.020092350082251978,False,factoid
5a992b371d1251d03b00000a,Mistral-7B-Instruct-v0.1,bioasq,False,0,,,,,,,,,,False,factoid
5aa3fb7ad6d6b54f79000009,Mistral-7B-Instruct-v0.1,bioasq,True,3,3.0,1.4999999999999956,0.7499999999999978,False,There is no single drug that cures hepatitis C. The standard of care for hepatitis C treatment is a combination of antiviral medications.,False,0.0,0.0,-0.2008239463673691,False,factoid
5a7428090384be9551000001,Mistral-7B-Instruct-v0.1,bioasq,False,0,,,,,,,,,,False,factoid
5aa824a8fcf4565872000002,Mistral-7B-Instruct-v0.1,bioasq,False,2,,,,,,,,,,False,factoid
589a247078275d0c4a000035,Mistral-7B-Instruct-v0.1,bioasq,False,2,,,,,,,,,,False,factoid
5ac24c9495d0062724000002,Mistral-7B-Instruct-v0.1,bioasq,False,2,,,,,,,,,,False,factoid
5abc9ecffcf4565872000021,Mistral-7B-Instruct-v0.1,bioasq,False,2,,,,,,,,,,False,factoid
5ac138aa95d0062724000001,Mistral-7B-Instruct-v0.1,bioasq,False,2,,,,,,,,,,False,factoid
5ab147edfcf4565872000013,Mistral-7B-Instruct-v0.1,bioasq,False,1,,,,,,,,,,False,factoid
5a9d99ac4e03427e73000002,Mistral-7B-Instruct-v0.1,bioasq,False,1,,,,,,,,,,False,factoid
5ab1483bfcf4565872000014,Mistral-7B-Instruct-v0.1,bioasq,False,1,,,,,,,,,,False,factoid
5a896c26fcd1d6a10c000007,Mistral-7B-Instruct-v0.1,bioasq,False,0,,,,,,,,,,False,factoid
5ac37afc0340b9f058000002,Mistral-7B-Instruct-v0.1,bioasq,False,2,,,,,,,,,,False,factoid
5abcf010fcf4565872000023,Mistral-7B-Instruct-v0.1,bioasq,False,2,,,,,,,,,,False,factoid
5ad243e30340b9f058000016,Mistral-7B-Instruct-v0.1,bioasq,False,0,,,,,,,,,,False,factoid
5ace17c30340b9f058000009,Mistral-7B-Instruct-v0.1,bioasq,False,2,,,,,,,,,,False,factoid
5abd13e1fcf4565872000029,Mistral-7B-Instruct-v0.1,bioasq,False,2,,,,,,,,,,False,factoid
5ac716810340b9f058000003,Mistral-7B-Instruct-v0.1,bioasq,False,2,,,,,,,,,,False,factoid
5ace19420340b9f05800000a,Mistral-7B-Instruct-v0.1,bioasq,False,1,,,,,,,,,,False,factoid
5abd5a62fcf4565872000031,Mistral-7B-Instruct-v0.1,bioasq,True,3,3.0,1.4999999999999956,0.7499999999999978,False,"EcoRI, restriction endonuclease, was isolated from Escherichia coli bacteria.",False,0.0,0.0,-0.10170014608505178,False,factoid
5ace37d50340b9f058000011,Mistral-7B-Instruct-v0.1,bioasq,False,2,,,,,,,,,,False,factoid
5a8980d2fcd1d6a10c00000d,Mistral-7B-Instruct-v0.1,bioasq,False,2,,,,,,,,,,False,factoid
5a9e202bde7cb99d40000002,Mistral-7B-Instruct-v0.1,bioasq,False,1,,,,,,,,,,False,factoid
5aafc37afcf4565872000010,Mistral-7B-Instruct-v0.1,bioasq,False,2,,,,,,,,,,False,factoid
5a885add61bb38fb24000017,Mistral-7B-Instruct-v0.1,bioasq,False,2,,,,,,,,,,False,factoid
5aacd487fcf4565872000007,Mistral-7B-Instruct-v0.1,bioasq,False,1,,,,,,,,,,False,factoid
5ac0a82d19833b0d7b000003,Mistral-7B-Instruct-v0.1,bioasq,False,2,,,,,,,,,,False,factoid
5ac725250340b9f058000006,Mistral-7B-Instruct-v0.1,bioasq,False,1,,,,,,,,,,False,factoid
5abd2ce0fcf456587200002a,Mistral-7B-Instruct-v0.1,bioasq,True,3,2.0,0.8112781244591301,0.40563906222956503,False,The two main bacterial phyla in human gut are Firmicutes and Bacteroidetes.,False,0.0,0.0,-0.043847239945369376,False,factoid
5ad6e431133db5eb7800000e,Mistral-7B-Instruct-v0.1,bioasq,False,2,,,,,,,,,,False,factoid
5ac08fe7d0c506ce46000003,Mistral-7B-Instruct-v0.1,bioasq,True,3,4.0,1.9999999999999942,0.9999999999999971,False,The MCF-7 cell line is of human origin.,False,0.0,0.0,-0.10900592773612935,False,factoid
5ab2cc66fcf4565872000015,Mistral-7B-Instruct-v0.1,bioasq,False,2,,,,,,,,,,False,factoid
5ace238e0340b9f05800000d,Mistral-7B-Instruct-v0.1,bioasq,False,0,,,,,,,,,,False,factoid
5ac09a7b19833b0d7b000001,Mistral-7B-Instruct-v0.1,bioasq,False,1,,,,,,,,,,False,factoid
5abbe429fcf456587200001c,Mistral-7B-Instruct-v0.1,bioasq,False,1,,,,,,,,,,False,factoid
5abbfd97fcf456587200001d,Mistral-7B-Instruct-v0.1,bioasq,False,1,,,,,,,,,,False,factoid
5ab90a79fcf456587200001b,Mistral-7B-Instruct-v0.1,bioasq,True,3,4.0,1.9999999999999942,0.9999999999999971,False,The drug treatment that can cause a spinal epidural hematoma is anticoagulants.,False,0.0,0.0,-0.1433703227449996,False,factoid
5a86e6fafaa1ab7d2e000036,Mistral-7B-Instruct-v0.1,bioasq,False,1,,,,,,,,,,False,factoid
5ad4dd93133db5eb78000008,Mistral-7B-Instruct-v0.1,bioasq,True,3,4.0,1.9999999999999942,0.9999999999999971,False,The clathrin triskelia structure refers to the three-dimensional arrangement of clathrin molecules in the plasma membrane of cells. Clathrin,False,0.0,0.0,-0.29882147307094087,False,factoid
5ace1a590340b9f05800000b,Mistral-7B-Instruct-v0.1,bioasq,False,2,,,,,,,,,,False,factoid
5ac0a36f19833b0d7b000002,Mistral-7B-Instruct-v0.1,bioasq,False,2,,,,,,,,,,False,factoid
5ac3699f0340b9f058000001,Mistral-7B-Instruct-v0.1,bioasq,False,2,,,,,,,,,,False,factoid
5aac543bfcf4565872000004,Mistral-7B-Instruct-v0.1,bioasq,False,2,,,,,,,,,,False,factoid
5abcf0b0fcf4565872000024,Mistral-7B-Instruct-v0.1,bioasq,False,0,,,,,,,,,,False,factoid
5a74eaa50384be955100000b,Mistral-7B-Instruct-v0.1,bioasq,False,2,,,,,,,,,,False,factoid
5aae6499fcf456587200000c,Mistral-7B-Instruct-v0.1,bioasq,False,1,,,,,,,,,,False,factoid
5ace12be0340b9f058000007,Mistral-7B-Instruct-v0.1,bioasq,False,1,,,,,,,,,,False,factoid
5a9da59c4e03427e73000005,Mistral-7B-Instruct-v0.1,bioasq,False,2,,,,,,,,,,False,factoid
5be48c39133db5eb7800001d,Mistral-7B-Instruct-v0.1,bioasq,False,1,,,,,,,,,,False,factoid
5c5f56501a4c55d80b00002a,Mistral-7B-Instruct-v0.1,bioasq,False,2,,,,,,,,,,False,factoid
5c34ad63da8336e21a000007,Mistral-7B-Instruct-v0.1,bioasq,True,3,4.0,1.9999999999999942,0.9999999999999971,False,"Transposons are mobile genetic elements that can insert into DNA sequences at specific locations, known as ""hotspots."" These hotspots are not well understood",False,0.0,0.0,-0.4671573446678039,False,factoid
5c65b7657c78d6947100000c,Mistral-7B-Instruct-v0.1,bioasq,False,2,,,,,,,,,,False,factoid
5acf74460340b9f058000013,Mistral-7B-Instruct-v0.1,bioasq,False,1,,,,,,,,,,False,factoid
5be44ed3133db5eb78000016,Mistral-7B-Instruct-v0.1,bioasq,False,2,,,,,,,,,,False,factoid
5ad83cd6133db5eb78000010,Mistral-7B-Instruct-v0.1,bioasq,False,2,,,,,,,,,,False,factoid
5c58474786df2b9174000001,Mistral-7B-Instruct-v0.1,bioasq,True,3,2.0,0.8112781244591301,0.40563906222956503,False,The algorithm that has been developed for the automatic extraction of co-expressed gene clusters from gene expression data is called k-means clustering.,True,1.0,1.0,-0.0680373627017472,False,factoid
5be47fcb133db5eb7800001a,Mistral-7B-Instruct-v0.1,bioasq,False,2,,,,,,,,,,False,factoid
5c5f094c1a4c55d80b00000c,Mistral-7B-Instruct-v0.1,bioasq,False,1,,,,,,,,,,False,factoid
5c2f669e133db5eb78000031,Mistral-7B-Instruct-v0.1,bioasq,False,2,,,,,,,,,,False,factoid
5c58962286df2b9174000007,Mistral-7B-Instruct-v0.1,bioasq,False,1,,,,,,,,,,False,factoid
5c59872b86df2b9174000017,Mistral-7B-Instruct-v0.1,bioasq,False,1,,,,,,,,,,False,factoid
5be48987133db5eb7800001c,Mistral-7B-Instruct-v0.1,bioasq,False,2,,,,,,,,,,False,factoid
5c307474133db5eb78000033,Mistral-7B-Instruct-v0.1,bioasq,False,2,,,,,,,,,,False,factoid
5c632542e842deac6700000d,Mistral-7B-Instruct-v0.1,bioasq,False,2,,,,,,,,,,False,factoid
5c58b99586df2b9174000012,Mistral-7B-Instruct-v0.1,bioasq,False,1,,,,,,,,,,False,factoid
5be494a0133db5eb7800001f,Mistral-7B-Instruct-v0.1,bioasq,False,1,,,,,,,,,,False,factoid
5c5f0fb41a4c55d80b000013,Mistral-7B-Instruct-v0.1,bioasq,False,1,,,,,,,,,,False,factoid
5c34ac49da8336e21a000006,Mistral-7B-Instruct-v0.1,bioasq,True,3,4.0,1.9999999999999942,0.9999999999999971,False,DNA hydroxymethylation is a type of epigenetic modification that can affect gene expression. In patients with Systemic Lupus Erythe,False,0.0,0.0,-0.1949589583419673,False,factoid
5c5f10791a4c55d80b000014,Mistral-7B-Instruct-v0.1,bioasq,False,2,,,,,,,,,,False,factoid
5c588efb86df2b9174000004,Mistral-7B-Instruct-v0.1,bioasq,False,2,,,,,,,,,,False,factoid
5c532ad97e3cb0e23100001a,Mistral-7B-Instruct-v0.1,bioasq,False,0,,,,,,,,,,False,factoid
5c011057133db5eb78000025,Mistral-7B-Instruct-v0.1,bioasq,True,3,2.0,0.8112781244591301,0.40563906222956503,False,Sutezolid was in phase III clinical trials in 2018.,True,1.0,1.0,-0.14655000347288982,False,factoid
5c5f2c0c1a4c55d80b000021,Mistral-7B-Instruct-v0.1,bioasq,True,3,2.0,0.8112781244591301,0.40563906222956503,False,Gingipain is an enzyme found in the oral bacteria Porphyromonas gingivalis.,False,0.0,0.0,-0.2092691973609908,False,factoid
5c0112dd133db5eb78000026,Mistral-7B-Instruct-v0.1,bioasq,False,0,,,,,,,,,,False,factoid
5c011448133db5eb78000027,Mistral-7B-Instruct-v0.1,bioasq,False,1,,,,,,,,,,False,factoid
5c5f3a1f1a4c55d80b000028,Mistral-7B-Instruct-v0.1,bioasq,True,3,1.0,-1.6017132519074577e-15,-8.008566259537289e-16,True,Fucokinase is an enzyme that catalyzes the hydrolysis of glycosidic bonds in fucoglycans,False,0.0,0.0,-0.16349128803780388,False,factoid
5c588d0986df2b9174000003,Mistral-7B-Instruct-v0.1,bioasq,False,2,,,,,,,,,,False,factoid
5c580aff07647bbc4b00001a,Mistral-7B-Instruct-v0.1,bioasq,False,2,,,,,,,,,,False,factoid
5c581e1507647bbc4b00001c,Mistral-7B-Instruct-v0.1,bioasq,False,1,,,,,,,,,,False,factoid
5c55d9b707647bbc4b000009,Mistral-7B-Instruct-v0.1,bioasq,False,2,,,,,,,,,,False,factoid
5ad4d758133db5eb78000007,Mistral-7B-Instruct-v0.1,bioasq,False,2,,,,,,,,,,False,factoid
5c2cf051133db5eb78000030,Mistral-7B-Instruct-v0.1,bioasq,False,2,,,,,,,,,,False,factoid
5c5f08ad1a4c55d80b00000b,Mistral-7B-Instruct-v0.1,bioasq,False,2,,,,,,,,,,False,factoid
5c5f0d071a4c55d80b000010,Mistral-7B-Instruct-v0.1,bioasq,False,2,,,,,,,,,,False,factoid
5c56b96e07647bbc4b000010,Mistral-7B-Instruct-v0.1,bioasq,False,2,,,,,,,,,,False,factoid
5c5f30c91a4c55d80b000025,Mistral-7B-Instruct-v0.1,bioasq,False,0,,,,,,,,,,False,factoid
5ad35d01133db5eb78000003,Mistral-7B-Instruct-v0.1,bioasq,False,1,,,,,,,,,,False,factoid
5c6be8f07c78d69471000032,Mistral-7B-Instruct-v0.1,bioasq,True,3,2.0,0.8112781244591301,0.40563906222956503,False,The Protein Carbonylation Database (PCarboDB) has been developed that contains experimentally-confirmed carbonylated proteins.,False,0.0,0.0,-0.1748461258273668,False,factoid
5c73ad367c78d69471000099,Mistral-7B-Instruct-v0.1,bioasq,False,2,,,,,,,,,,False,factoid
5c7b1a5fd774d0424000000c,Mistral-7B-Instruct-v0.1,bioasq,False,1,,,,,,,,,,False,factoid
5c5219f67e3cb0e231000006,Mistral-7B-Instruct-v0.1,bioasq,False,2,,,,,,,,,,False,factoid
5c630666e842deac6700000c,Mistral-7B-Instruct-v0.1,bioasq,False,2,,,,,,,,,,False,factoid
5c74111f7c78d694710000a1,Mistral-7B-Instruct-v0.1,bioasq,False,2,,,,,,,,,,False,factoid
5c536b857e3cb0e23100001c,Mistral-7B-Instruct-v0.1,bioasq,False,2,,,,,,,,,,False,factoid
5c73ad027c78d6947100008d,Mistral-7B-Instruct-v0.1,bioasq,False,2,,,,,,,,,,False,factoid
5c783d32d774d04240000004,Mistral-7B-Instruct-v0.1,bioasq,True,3,3.0,1.4999999999999956,0.7499999999999978,False,Multiple Sclerosis,False,0.0,0.0,-0.18895851163655866,False,factoid
5c76d0417c78d694710000a8,Mistral-7B-Instruct-v0.1,bioasq,False,2,,,,,,,,,,False,factoid
5c6545bae842deac6700001d,Mistral-7B-Instruct-v0.1,bioasq,False,2,,,,,,,,,,False,factoid
5c7161f47c78d69471000066,Mistral-7B-Instruct-v0.1,bioasq,False,1,,,,,,,,,,False,factoid
5c5f264b1a4c55d80b00001e,Mistral-7B-Instruct-v0.1,bioasq,False,2,,,,,,,,,,False,factoid
5c6aef167c78d69471000023,Mistral-7B-Instruct-v0.1,bioasq,False,2,,,,,,,,,,False,factoid
5c646fd3e842deac6700001a,Mistral-7B-Instruct-v0.1,bioasq,True,3,2.0,0.8112781244591301,0.40563906222956503,False,Gemtuzumab ozogamicin is used for the treatment of acute lymphocytic leukemia (ALL).,False,0.0,0.0,-0.09155995221870457,False,factoid
5c61d278e842deac67000005,Mistral-7B-Instruct-v0.1,bioasq,False,2,,,,,,,,,,False,factoid
5c6473b2e842deac6700001b,Mistral-7B-Instruct-v0.1,bioasq,False,1,,,,,,,,,,False,factoid
5c5312097e3cb0e231000011,Mistral-7B-Instruct-v0.1,bioasq,False,2,,,,,,,,,,False,factoid
5c65abd17c78d69471000009,Mistral-7B-Instruct-v0.1,bioasq,False,2,,,,,,,,,,False,factoid
5c0115e0133db5eb78000029,Mistral-7B-Instruct-v0.1,bioasq,False,1,,,,,,,,,,False,factoid
5c5f1f371a4c55d80b00001a,Mistral-7B-Instruct-v0.1,bioasq,False,0,,,,,,,,,,False,factoid
5c5249077e3cb0e23100000b,Mistral-7B-Instruct-v0.1,bioasq,True,3,1.0,-1.6017132519074577e-15,-8.008566259537289e-16,True,The 3D tomography imaging technique for diagnosis of eye disease is called optical coherence tomography (OCT).,True,1.0,1.0,-0.04660845706751018,False,factoid
5c65897a7c78d69471000006,Mistral-7B-Instruct-v0.1,bioasq,True,3,2.0,0.8112781244591301,0.40563906222956503,False,The first mutant IDH2 inhibitor to be approved for patients with acute myeloid leukemia is ivosidenib.,False,0.0,0.0,-0.12912697813303822,False,factoid
5c5310c37e3cb0e231000010,Mistral-7B-Instruct-v0.1,bioasq,False,2,,,,,,,,,,False,factoid
5c65901c7c78d69471000008,Mistral-7B-Instruct-v0.1,bioasq,False,2,,,,,,,,,,False,factoid
5c78080e7c78d694710000ae,Mistral-7B-Instruct-v0.1,bioasq,True,3,3.0,1.4999999999999956,0.7499999999999978,False,Sandhoff disease is caused by mutations in the gene encoding the enzyme hexosaminidase A.,False,0.0,0.0,-0.25571283463508737,False,factoid
5c65468ce842deac6700001e,Mistral-7B-Instruct-v0.1,bioasq,False,1,,,,,,,,,,False,factoid
5c51f01e07ef653866000002,Mistral-7B-Instruct-v0.1,bioasq,False,2,,,,,,,,,,False,factoid
5c531d8f7e3cb0e231000017,Mistral-7B-Instruct-v0.1,bioasq,True,3,4.0,1.9999999999999942,0.9999999999999971,False,Bathing suit ichthyosis (BSI) is caused by a mutation in the gene that encodes for the protein trichohyalin.,False,0.0,0.0,-0.30461615425429045,False,factoid
5c51f9dd07ef653866000005,Mistral-7B-Instruct-v0.1,bioasq,False,2,,,,,,,,,,False,factoid
5c5f29a81a4c55d80b00001f,Mistral-7B-Instruct-v0.1,bioasq,False,1,,,,,,,,,,False,factoid
5c5b4a941a4c55d80b000002,Mistral-7B-Instruct-v0.1,bioasq,False,2,,,,,,,,,,False,factoid
5c6b7fb27c78d6947100002d,Mistral-7B-Instruct-v0.1,bioasq,False,2,,,,,,,,,,False,factoid
5c629937e842deac67000008,Mistral-7B-Instruct-v0.1,bioasq,False,0,,,,,,,,,,False,factoid
5c7839edd774d04240000003,Mistral-7B-Instruct-v0.1,bioasq,False,2,,,,,,,,,,False,factoid
5c6e05f37c78d69471000049,Mistral-7B-Instruct-v0.1,bioasq,False,2,,,,,,,,,,False,factoid
5c674c287c78d6947100001a,Mistral-7B-Instruct-v0.1,bioasq,False,2,,,,,,,,,,False,factoid
5c6bec987c78d69471000033,Mistral-7B-Instruct-v0.1,bioasq,False,2,,,,,,,,,,False,factoid
5c7aae9dd774d0424000000a,Mistral-7B-Instruct-v0.1,bioasq,False,2,,,,,,,,,,False,factoid
5c6e0f537c78d6947100004a,Mistral-7B-Instruct-v0.1,bioasq,False,2,,,,,,,,,,False,factoid
5c6e16eb7c78d6947100004e,Mistral-7B-Instruct-v0.1,bioasq,False,1,,,,,,,,,,False,factoid
5c54d1a207647bbc4b000007,Mistral-7B-Instruct-v0.1,bioasq,False,1,,,,,,,,,,False,factoid
5c51fb7a07ef653866000006,Mistral-7B-Instruct-v0.1,bioasq,False,1,,,,,,,,,,False,factoid
5c51fe8907ef653866000007,Mistral-7B-Instruct-v0.1,bioasq,True,3,3.0,1.4999999999999956,0.7499999999999978,False,The percentage of individuals at risk of dominant medically actionable disease varies depending on the specific disease and population being considered.,False,0.0,0.0,-0.21010942691749052,False,factoid
5c71d6d27c78d6947100006a,Mistral-7B-Instruct-v0.1,bioasq,False,2,,,,,,,,,,False,factoid
5c0117fd133db5eb7800002a,Mistral-7B-Instruct-v0.1,bioasq,True,3,4.0,1.9999999999999942,0.9999999999999971,False,"Delafloxacin received its first approval in the USA for acute bacterial skin and skin structure infections on August 29, 2",False,0.0,0.0,-0.19414971156444594,False,factoid
5c71d7ca7c78d6947100006b,Mistral-7B-Instruct-v0.1,bioasq,False,0,,,,,,,,,,False,factoid
5c5b268986df2b9174000019,Mistral-7B-Instruct-v0.1,bioasq,False,2,,,,,,,,,,False,factoid
5c72ade07c78d69471000070,Mistral-7B-Instruct-v0.1,bioasq,True,3,3.0,1.4999999999999956,0.7499999999999978,False,The enzyme that is inhibited by the drug Lorlatinib is c-Kit tyrosine kinase.,False,0.0,0.0,-0.15779637980000197,False,factoid
5c53191a7e3cb0e231000016,Mistral-7B-Instruct-v0.1,bioasq,False,2,,,,,,,,,,False,factoid
5c7813f57c78d694710000b0,Mistral-7B-Instruct-v0.1,bioasq,False,2,,,,,,,,,,False,factoid
5c571dd307647bbc4b000016,Mistral-7B-Instruct-v0.1,bioasq,True,3,4.0,1.9999999999999942,0.9999999999999971,False,The organism that causes hepatic capillariasis is Dioxys iridis.,False,0.0,0.0,-0.22182212690494846,False,factoid
5c6b810e7c78d6947100002e,Mistral-7B-Instruct-v0.1,bioasq,False,2,,,,,,,,,,False,factoid
5c73ace87c78d69471000084,Mistral-7B-Instruct-v0.1,bioasq,False,1,,,,,,,,,,False,factoid
5c61f767e842deac67000007,Mistral-7B-Instruct-v0.1,bioasq,False,2,,,,,,,,,,False,factoid
5c929094ecadf2e73f000019,Mistral-7B-Instruct-v0.1,bioasq,False,1,,,,,,,,,,False,factoid
5c72f6b17c78d6947100007f,Mistral-7B-Instruct-v0.1,bioasq,False,2,,,,,,,,,,False,factoid
5c93e5acecadf2e73f00001a,Mistral-7B-Instruct-v0.1,bioasq,False,1,,,,,,,,,,False,factoid
5c89623bf9c2ba6b28000005,Mistral-7B-Instruct-v0.1,bioasq,True,3,3.0,1.4999999999999956,0.7499999999999978,False,Liver cancer.,False,0.0,0.0,-0.4284069968853146,False,factoid
5c8cd26a0101eac870000003,Mistral-7B-Instruct-v0.1,bioasq,False,2,,,,,,,,,,False,factoid
5c8cdfe50101eac870000004,Mistral-7B-Instruct-v0.1,bioasq,True,3,3.0,1.4999999999999956,0.7499999999999978,False,MTCH2 is a receptor for the protein glutamate.,False,0.0,0.0,-0.5024660213624941,False,factoid
5c84346b75a4a5d219000001,Mistral-7B-Instruct-v0.1,bioasq,True,3,3.0,1.4999999999999956,0.7499999999999978,False,The organism that causes Rhombencephalitis is not specified in the question. Rhombencephalitis is an inflammation of the brain,False,0.0,0.0,-0.20392387922206723,False,factoid
5c73acef7c78d69471000088,Mistral-7B-Instruct-v0.1,bioasq,True,3,3.0,1.4999999999999956,0.7499999999999978,False,Erenumab targets the glucocorticoid receptor.,False,0.0,0.0,-0.12036615604969825,False,factoid
5c85234775a4a5d219000007,Mistral-7B-Instruct-v0.1,bioasq,True,3,3.0,1.4999999999999956,0.7499999999999978,False,The standard of care for Clostridium Difficile infection as of 2018 is vancomycin.,False,0.0,0.0,-0.1132406726353039,False,factoid
5c8973f3d558e5f232000007,Mistral-7B-Instruct-v0.1,bioasq,False,2,,,,,,,,,,False,factoid
5c8974bcd558e5f232000008,Mistral-7B-Instruct-v0.1,bioasq,False,0,,,,,,,,,,False,factoid
5c73ad077c78d69471000090,Mistral-7B-Instruct-v0.1,bioasq,False,2,,,,,,,,,,False,factoid
5c920fc3ecadf2e73f000011,Mistral-7B-Instruct-v0.1,bioasq,False,2,,,,,,,,,,False,factoid
5c6ab4c17c78d6947100001d,Mistral-7B-Instruct-v0.1,bioasq,False,1,,,,,,,,,,False,factoid
5c92871decadf2e73f000016,Mistral-7B-Instruct-v0.1,bioasq,True,3,4.0,1.9999999999999942,0.9999999999999971,False,"The name of the Cas13 based diagnostic test for the Zika and dengue viruses is ""Cas13-based assay.",False,0.0,0.0,-0.2370016208277157,False,factoid
5c920f13ecadf2e73f000010,Mistral-7B-Instruct-v0.1,bioasq,False,2,,,,,,,,,,False,factoid
5c72b7277c78d69471000073,Mistral-7B-Instruct-v0.1,bioasq,False,2,,,,,,,,,,False,factoid
5c7d5ae9d774d04240000010,Mistral-7B-Instruct-v0.1,bioasq,False,1,,,,,,,,,,False,factoid
5c83fd8e617e120c34000004,Mistral-7B-Instruct-v0.1,bioasq,False,2,,,,,,,,,,False,factoid
5c7d5fcfd774d04240000011,Mistral-7B-Instruct-v0.1,bioasq,False,2,,,,,,,,,,False,factoid
5c6acb107c78d6947100001f,Mistral-7B-Instruct-v0.1,bioasq,True,3,3.0,1.4999999999999956,0.7499999999999978,False,"The tool used to visualize the junction sites of chloroplast genomes is called ""ChloroPulse"" software.",False,0.0,0.0,-0.21150265585837869,False,factoid
5c8fee200101eac87000000f,Mistral-7B-Instruct-v0.1,bioasq,False,2,,,,,,,,,,False,factoid
5c6ad2997c78d69471000020,Mistral-7B-Instruct-v0.1,bioasq,True,3,2.0,0.8112781244591301,0.40563906222956503,False,"The Python tool that has been developed for network-based stratification of tumor mutations is called ""PyMutNet"".",False,0.0,0.0,-0.24955277593187913,False,factoid
5c8fef490101eac870000010,Mistral-7B-Instruct-v0.1,bioasq,True,3,3.0,1.4999999999999956,0.7499999999999978,False,MLP regulates F-actin dynamics through the interaction with the protein RhoGDI.,False,0.0,0.0,-0.35930638557031325,False,factoid
5c8d15cf0101eac870000009,Mistral-7B-Instruct-v0.1,bioasq,False,2,,,,,,,,,,False,factoid
5c72f5247c78d6947100007e,Mistral-7B-Instruct-v0.1,bioasq,False,1,,,,,,,,,,False,factoid
5c73acec7c78d69471000086,Mistral-7B-Instruct-v0.1,bioasq,False,1,,,,,,,,,,False,factoid
5c909b6cecadf2e73f000005,Mistral-7B-Instruct-v0.1,bioasq,False,2,,,,,,,,,,False,factoid
5c6d65637c78d69471000038,Mistral-7B-Instruct-v0.1,bioasq,False,2,,,,,,,,,,False,factoid
5c915a8becadf2e73f000009,Mistral-7B-Instruct-v0.1,bioasq,False,2,,,,,,,,,,False,factoid
5c920df7ecadf2e73f00000f,Mistral-7B-Instruct-v0.1,bioasq,False,1,,,,,,,,,,False,factoid
5c632cc1e842deac6700000f,Mistral-7B-Instruct-v0.1,bioasq,False,0,,,,,,,,,,False,factoid
5c890ad575a4a5d21900000d,Mistral-7B-Instruct-v0.1,bioasq,False,1,,,,,,,,,,False,factoid
5ca0bf00ecadf2e73f000045,Mistral-7B-Instruct-v0.1,bioasq,False,2,,,,,,,,,,False,factoid
5c92869aecadf2e73f000015,Mistral-7B-Instruct-v0.1,bioasq,False,2,,,,,,,,,,False,factoid
5c990241ecadf2e73f00002d,Mistral-7B-Instruct-v0.1,bioasq,False,1,,,,,,,,,,False,factoid
5c890e6d75a4a5d21900000f,Mistral-7B-Instruct-v0.1,bioasq,False,2,,,,,,,,,,False,factoid
5c9904eaecadf2e73f00002e,Mistral-7B-Instruct-v0.1,bioasq,False,2,,,,,,,,,,False,factoid
5c9a6693ecadf2e73f000031,Mistral-7B-Instruct-v0.1,bioasq,False,1,,,,,,,,,,False,factoid
5c897082d558e5f232000004,Mistral-7B-Instruct-v0.1,bioasq,False,1,,,,,,,,,,False,factoid
5cb0856decadf2e73f000058,Mistral-7B-Instruct-v0.1,bioasq,False,2,,,,,,,,,,False,factoid
5c896f60d558e5f232000003,Mistral-7B-Instruct-v0.1,bioasq,False,1,,,,,,,,,,False,factoid
5c8fe1f10101eac87000000a,Mistral-7B-Instruct-v0.1,bioasq,True,3,3.0,1.4999999999999956,0.7499999999999978,False,NFIA (Neurofibrillary inclusion antigen) is a protein found in the neurofibrillary tangles of Alzheimer,False,0.0,0.0,-0.34344056345257457,False,factoid
5c9e6407ecadf2e73f000034,Mistral-7B-Instruct-v0.1,bioasq,False,2,,,,,,,,,,False,factoid
5c910ae0ecadf2e73f000007,Mistral-7B-Instruct-v0.1,bioasq,False,2,,,,,,,,,,False,factoid
5c960f21ecadf2e73f000020,Mistral-7B-Instruct-v0.1,bioasq,False,0,,,,,,,,,,False,factoid
5c9e6e99ecadf2e73f000036,Mistral-7B-Instruct-v0.1,bioasq,False,2,,,,,,,,,,False,factoid
5c9efde8ecadf2e73f000039,Mistral-7B-Instruct-v0.1,bioasq,False,2,,,,,,,,,,False,factoid
5c89623bf9c2ba6b28000004,Mistral-7B-Instruct-v0.1,bioasq,True,3,4.0,1.9999999999999942,0.9999999999999971,False,CFL2 mutation associated with nemaline myopathy is C9orf72.,False,0.0,0.0,-0.3216594422688104,False,factoid
5c9789a9ecadf2e73f000024,Mistral-7B-Instruct-v0.1,bioasq,False,2,,,,,,,,,,False,factoid
5c9791d2ecadf2e73f000026,Mistral-7B-Instruct-v0.1,bioasq,False,2,,,,,,,,,,False,factoid
5cb0d647ecadf2e73f000059,Mistral-7B-Instruct-v0.1,bioasq,False,1,,,,,,,,,,False,factoid
5c897167d558e5f232000005,Mistral-7B-Instruct-v0.1,bioasq,False,1,,,,,,,,,,False,factoid
5cb0e4a6ecadf2e73f00005b,Mistral-7B-Instruct-v0.1,bioasq,False,2,,,,,,,,,,False,factoid
5c897555d558e5f232000009,Mistral-7B-Instruct-v0.1,bioasq,False,2,,,,,,,,,,False,factoid
5c89773ed558e5f23200000a,Mistral-7B-Instruct-v0.1,bioasq,False,1,,,,,,,,,,False,factoid
5c9fb428ecadf2e73f000041,Mistral-7B-Instruct-v0.1,bioasq,False,1,,,,,,,,,,False,factoid
5c8aa082d558e5f23200000c,Mistral-7B-Instruct-v0.1,bioasq,False,2,,,,,,,,,,False,factoid
5c8fe7cb0101eac87000000c,Mistral-7B-Instruct-v0.1,bioasq,False,0,,,,,,,,,,False,factoid
5c9ff25eecadf2e73f000043,Mistral-7B-Instruct-v0.1,bioasq,False,1,,,,,,,,,,False,factoid
5c900b9eecadf2e73f000004,Mistral-7B-Instruct-v0.1,bioasq,False,0,,,,,,,,,,False,factoid
5caa0247ecadf2e73f000055,Mistral-7B-Instruct-v0.1,bioasq,True,3,4.0,1.9999999999999942,0.9999999999999971,False,"The protein recruited by Crumbs to regulate tracheal development is called ""Crumbs-associated protein 1"" (Crsap1",False,0.0,0.0,-0.2858150258407459,False,factoid
5caa06d0ecadf2e73f000056,Mistral-7B-Instruct-v0.1,bioasq,False,2,,,,,,,,,,False,factoid
5c840782617e120c34000006,Mistral-7B-Instruct-v0.1,bioasq,False,2,,,,,,,,,,False,factoid
5ca9f846ecadf2e73f000053,Mistral-7B-Instruct-v0.1,bioasq,False,1,,,,,,,,,,False,factoid
5c93e8bdecadf2e73f00001c,Mistral-7B-Instruct-v0.1,bioasq,False,2,,,,,,,,,,False,factoid
5cb39707ecadf2e73f000060,Mistral-7B-Instruct-v0.1,bioasq,True,3,3.0,1.4999999999999956,0.7499999999999978,False,"Mutations in the autoimmune regulator (AIRE) gene can lead to autoimmune diseases such as type 1 diabetes, multiple scler",False,0.0,0.0,-0.19766211304257553,False,factoid
5e6157cb1af46fc13000000e,Mistral-7B-Instruct-v0.1,bioasq,False,2,,,,,,,,,,False,factoid
5e44b04c48dab47f26000016,Mistral-7B-Instruct-v0.1,bioasq,False,1,,,,,,,,,,False,factoid
5d3852d07bc3fee31f000014,Mistral-7B-Instruct-v0.1,bioasq,False,1,,,,,,,,,,False,factoid
5e776cfe835f4e4777000010,Mistral-7B-Instruct-v0.1,bioasq,False,2,,,,,,,,,,False,factoid
5e7f5d0d835f4e4777000016,Mistral-7B-Instruct-v0.1,bioasq,True,3,4.0,1.9999999999999942,0.9999999999999971,False,Fluzone Intradermal Quadrivalent replaced Fluzone Intradermal in 2016.,False,0.0,0.0,-0.1533317039306136,False,factoid
5e35dc26158f994d3a000006,Mistral-7B-Instruct-v0.1,bioasq,True,3,4.0,1.9999999999999942,0.9999999999999971,False,"As of August 2021, the Drosophila protein interaction map (DPiM) has queried 11,599",False,0.0,0.0,-0.41323987280330243,False,factoid
5d386fbfa1e1595105000005,Mistral-7B-Instruct-v0.1,bioasq,False,2,,,,,,,,,,False,factoid
5e48bf5ed14c9f295d000019,Mistral-7B-Instruct-v0.1,bioasq,False,1,,,,,,,,,,False,factoid
5e4601293f54159529000002,Mistral-7B-Instruct-v0.1,bioasq,False,1,,,,,,,,,,False,factoid
5e6e487151b80c9423000001,Mistral-7B-Instruct-v0.1,bioasq,False,2,,,,,,,,,,False,factoid
5d374c727bc3fee31f00000d,Mistral-7B-Instruct-v0.1,bioasq,False,1,,,,,,,,,,False,factoid
5e36cf8eb5b409ea53000007,Mistral-7B-Instruct-v0.1,bioasq,False,2,,,,,,,,,,False,factoid
5d387573a1e159510500000a,Mistral-7B-Instruct-v0.1,bioasq,True,3,2.0,0.8112781244591301,0.40563906222956503,False,The primary interacting protein of BLK is SHC.,False,0.0,0.0,-0.286716604560507,False,factoid
5e764440c6a8763d23000013,Mistral-7B-Instruct-v0.1,bioasq,False,1,,,,,,,,,,False,factoid
5e6e82eac6a8763d23000001,Mistral-7B-Instruct-v0.1,bioasq,True,3,3.0,1.4999999999999956,0.7499999999999978,False,"The SLC25A20 protein is a transporter that transports a variety of molecules, including amino acids, nucleotides,",False,0.0,0.0,-0.37322923501480076,False,factoid
5e30fa32fbd6abf43b000048,Mistral-7B-Instruct-v0.1,bioasq,False,2,,,,,,,,,,False,factoid
5e5e502a1af46fc13000000a,Mistral-7B-Instruct-v0.1,bioasq,False,2,,,,,,,,,,False,factoid
5e30b870fbd6abf43b000038,Mistral-7B-Instruct-v0.1,bioasq,False,1,,,,,,,,,,False,factoid
5e76436cc6a8763d23000012,Mistral-7B-Instruct-v0.1,bioasq,False,0,,,,,,,,,,False,factoid
5e6de3f21af46fc130000022,Mistral-7B-Instruct-v0.1,bioasq,False,0,,,,,,,,,,False,factoid
5e36d5b9b5b409ea53000009,Mistral-7B-Instruct-v0.1,bioasq,True,3,4.0,1.9999999999999942,0.9999999999999971,False,"The algorithm that has been developed for detecting expansions of tandem repeats is called the ""Tandem Repeat Finder"" algorithm.",False,0.0,0.0,-0.2394283516460093,False,factoid
5e319617fbd6abf43b000049,Mistral-7B-Instruct-v0.1,bioasq,False,1,,,,,,,,,,False,factoid
5e669e401af46fc13000001a,Mistral-7B-Instruct-v0.1,bioasq,False,2,,,,,,,,,,False,factoid
5e764647c6a8763d23000016,Mistral-7B-Instruct-v0.1,bioasq,False,1,,,,,,,,,,False,factoid
5d3826427bc3fee31f00000f,Mistral-7B-Instruct-v0.1,bioasq,True,3,3.0,1.4999999999999956,0.7499999999999978,False,The percentage of patients of nasopharyngeal carcinoma (NPC) who develop recurrent disease varies depending on the stage of the initial diagnosis,False,0.0,0.0,-0.16136849939010722,False,factoid
5e5e50751af46fc13000000b,Mistral-7B-Instruct-v0.1,bioasq,False,0,,,,,,,,,,False,factoid
5e6399dd1af46fc13000000f,Mistral-7B-Instruct-v0.1,bioasq,False,2,,,,,,,,,,False,factoid
5e36a718b5b409ea53000004,Mistral-7B-Instruct-v0.1,bioasq,False,2,,,,,,,,,,False,factoid
5d38663da1e1595105000001,Mistral-7B-Instruct-v0.1,bioasq,False,1,,,,,,,,,,False,factoid
5e776db8835f4e4777000011,Mistral-7B-Instruct-v0.1,bioasq,False,0,,,,,,,,,,False,factoid
5e6df7887fc1ee872b000001,Mistral-7B-Instruct-v0.1,bioasq,False,1,,,,,,,,,,False,factoid
5e47546d3f54159529000019,Mistral-7B-Instruct-v0.1,bioasq,False,1,,,,,,,,,,False,factoid
5e3ab4f8b5b409ea5300001b,Mistral-7B-Instruct-v0.1,bioasq,False,1,,,,,,,,,,False,factoid
5e776845835f4e477700000a,Mistral-7B-Instruct-v0.1,bioasq,False,0,,,,,,,,,,False,factoid
5e822615835f4e4777000034,Mistral-7B-Instruct-v0.1,bioasq,True,3,3.0,1.4999999999999956,0.7499999999999978,False,The protein that is mutated in Erythropoietic Protoporphyria is heme biosynthesis enzyme 5,False,0.0,0.0,-0.17303667584031857,False,factoid
5d386ed6a1e1595105000004,Mistral-7B-Instruct-v0.1,bioasq,False,2,,,,,,,,,,False,factoid
5e49c2356d0a277941000010,Mistral-7B-Instruct-v0.1,bioasq,True,3,3.0,1.4999999999999956,0.7499999999999978,False,The database that contains regulatory SNPs which affect predicted transcription factor binding site affinity is called the Transcription Factor Binding Site Database (TFBSDB,False,0.0,0.0,-0.22987071262581082,False,factoid
5e52a4ec6d0a277941000044,Mistral-7B-Instruct-v0.1,bioasq,False,2,,,,,,,,,,False,factoid
5e3eba5548dab47f26000009,Mistral-7B-Instruct-v0.1,bioasq,False,2,,,,,,,,,,False,factoid
5d38577b7bc3fee31f000017,Mistral-7B-Instruct-v0.1,bioasq,False,2,,,,,,,,,,False,factoid
5d36b8a37bc3fee31f000009,Mistral-7B-Instruct-v0.1,bioasq,False,2,,,,,,,,,,False,factoid
5e47681b35b8f0833c000006,Mistral-7B-Instruct-v0.1,bioasq,False,0,,,,,,,,,,False,factoid
5e50123e6d0a277941000036,Mistral-7B-Instruct-v0.1,bioasq,False,2,,,,,,,,,,False,factoid
5e6e8f92c6a8763d23000004,Mistral-7B-Instruct-v0.1,bioasq,True,3,4.0,1.9999999999999942,0.9999999999999971,False,"The size of a lncRNA (long non-coding RNA) can vary greatly, but they are typically between 200 nucleot",False,0.0,0.0,-0.2676142979075564,False,factoid
5e3c686fb5b409ea53000020,Mistral-7B-Instruct-v0.1,bioasq,False,2,,,,,,,,,,False,factoid
5e5286036d0a277941000040,Mistral-7B-Instruct-v0.1,bioasq,False,1,,,,,,,,,,False,factoid
5e80489b835f4e4777000022,Mistral-7B-Instruct-v0.1,bioasq,True,3,4.0,1.9999999999999942,0.9999999999999971,False,The protein encoded by the gene NKCC2 is a sodium-potassium co-transporter that plays a role in the reabsorption,False,0.0,0.0,-0.20147960296792156,False,factoid
5e7f64d6835f4e477700001f,Mistral-7B-Instruct-v0.1,bioasq,True,4,5.0,2.321928094887355,0.9999999999999969,False,ZP-PTH is delivered to patients via subcutaneous injection.,False,0.0,0.0,-0.17052705830485593,False,factoid
5e7f6971835f4e4777000020,Mistral-7B-Instruct-v0.1,bioasq,False,2,,,,,,,,,,False,factoid
5e805e62835f4e4777000023,Mistral-7B-Instruct-v0.1,bioasq,False,2,,,,,,,,,,False,factoid
5e52a3416d0a277941000043,Mistral-7B-Instruct-v0.1,bioasq,False,2,,,,,,,,,,False,factoid
5e5438c3b761aafe09000003,Mistral-7B-Instruct-v0.1,bioasq,False,0,,,,,,,,,,False,factoid
5e808ef4835f4e477700002a,Mistral-7B-Instruct-v0.1,bioasq,False,1,,,,,,,,,,False,factoid
5d38767ca1e159510500000b,Mistral-7B-Instruct-v0.1,bioasq,False,1,,,,,,,,,,False,factoid
5e52a7b66d0a277941000045,Mistral-7B-Instruct-v0.1,bioasq,False,2,,,,,,,,,,False,factoid
5e7644a2c6a8763d23000014,Mistral-7B-Instruct-v0.1,bioasq,False,1,,,,,,,,,,False,factoid
5e7745ea835f4e4777000006,Mistral-7B-Instruct-v0.1,bioasq,False,2,,,,,,,,,,False,factoid
5e776443835f4e4777000008,Mistral-7B-Instruct-v0.1,bioasq,False,1,,,,,,,,,,False,factoid
5e52be146d0a27794100004a,Mistral-7B-Instruct-v0.1,bioasq,False,2,,,,,,,,,,False,factoid
5d388535a1e1595105000018,Mistral-7B-Instruct-v0.1,bioasq,False,2,,,,,,,,,,False,factoid
5e776a75835f4e477700000d,Mistral-7B-Instruct-v0.1,bioasq,False,0,,,,,,,,,,False,factoid
5e2b00bc76af173751000004,Mistral-7B-Instruct-v0.1,bioasq,True,3,4.0,1.9999999999999942,0.9999999999999971,False,"There are several tools that exist for predicting drug synergy with deep learning, including: 1. DeepSynergy 2. Deep",True,1.0,1.0,-0.1715353443856813,False,factoid
5e52add36d0a277941000047,Mistral-7B-Instruct-v0.1,bioasq,False,2,,,,,,,,,,False,factoid
5e7f5d83835f4e4777000017,Mistral-7B-Instruct-v0.1,bioasq,False,2,,,,,,,,,,False,factoid
5d387f24a1e1595105000013,Mistral-7B-Instruct-v0.1,bioasq,False,2,,,,,,,,,,False,factoid
5e36dc8cb5b409ea5300000d,Mistral-7B-Instruct-v0.1,bioasq,False,2,,,,,,,,,,False,factoid
5e3da25848dab47f26000004,Mistral-7B-Instruct-v0.1,bioasq,False,2,,,,,,,,,,False,factoid
5e31cb85fbd6abf43b00004e,Mistral-7B-Instruct-v0.1,bioasq,False,1,,,,,,,,,,False,factoid
5d31b847b3a6380763000002,Mistral-7B-Instruct-v0.1,bioasq,False,2,,,,,,,,,,False,factoid
5e30e80bfbd6abf43b00003b,Mistral-7B-Instruct-v0.1,bioasq,False,2,,,,,,,,,,False,factoid
5e499e266d0a27794100000c,Mistral-7B-Instruct-v0.1,bioasq,False,1,,,,,,,,,,False,factoid
5e5b6f04b761aafe0900000e,Mistral-7B-Instruct-v0.1,bioasq,True,3,3.0,1.4999999999999956,0.7499999999999978,False,"The SARS-CoV-2 proteome is approximately 29,900 amino acids long.",False,0.0,0.0,-0.23410874629089282,False,factoid
5cebf83ea49efeb44c00000a,Mistral-7B-Instruct-v0.1,bioasq,False,1,,,,,,,,,,False,factoid
5e5b8b4e752ebcdc7a000001,Mistral-7B-Instruct-v0.1,bioasq,False,2,,,,,,,,,,False,factoid
5e2dbd72fbd6abf43b000018,Mistral-7B-Instruct-v0.1,bioasq,False,2,,,,,,,,,,False,factoid
5e361c8792b3349b55000001,Mistral-7B-Instruct-v0.1,bioasq,False,1,,,,,,,,,,False,factoid
5e4940f46d0a277941000004,Mistral-7B-Instruct-v0.1,bioasq,True,3,1.0,-1.6017132519074577e-15,-8.008566259537289e-16,True,The number of annotated conserved human lncRNAs that come from ancestral protein-coding genes is not specified in the question.,False,0.0,0.0,-0.15362877272394826,False,factoid
5cea52c7a49efeb44c000005,Mistral-7B-Instruct-v0.1,bioasq,False,2,,,,,,,,,,False,factoid
5e5bab131af46fc130000001,Mistral-7B-Instruct-v0.1,bioasq,False,2,,,,,,,,,,False,factoid
5e2dbc55fbd6abf43b000016,Mistral-7B-Instruct-v0.1,bioasq,False,1,,,,,,,,,,False,factoid
5e5b8170b761aafe09000010,Mistral-7B-Instruct-v0.1,bioasq,False,1,,,,,,,,,,False,factoid
5e319789fbd6abf43b00004a,Mistral-7B-Instruct-v0.1,bioasq,False,1,,,,,,,,,,False,factoid
5e31cceafbd6abf43b000052,Mistral-7B-Instruct-v0.1,bioasq,False,1,,,,,,,,,,False,factoid
5e5b626fb761aafe0900000c,Mistral-7B-Instruct-v0.1,bioasq,True,3,4.0,1.9999999999999942,0.9999999999999971,False,"MDR3 targets a variety of drugs, including statins, antibiotics, and antiviral medications.",False,0.0,0.0,-0.4687963689599049,False,factoid
5e3c6c9eb5b409ea53000022,Mistral-7B-Instruct-v0.1,bioasq,True,3,2.0,0.8112781244591301,0.40563906222956503,False,Helicobacter pylori,True,1.0,1.0,-0.10983210965143542,False,factoid
5d387aa8a1e159510500000f,Mistral-7B-Instruct-v0.1,bioasq,False,2,,,,,,,,,,False,factoid
5cd96f33a49efeb44c000004,Mistral-7B-Instruct-v0.1,bioasq,False,2,,,,,,,,,,False,factoid
5e31cbd4fbd6abf43b00004f,Mistral-7B-Instruct-v0.1,bioasq,False,1,,,,,,,,,,False,factoid
5cebeb82a49efeb44c000009,Mistral-7B-Instruct-v0.1,bioasq,False,1,,,,,,,,,,False,factoid
5e29fb27aa19d74431000005,Mistral-7B-Instruct-v0.1,bioasq,False,2,,,,,,,,,,False,factoid
5e48edb1f8b2df0d49000002,Mistral-7B-Instruct-v0.1,bioasq,False,2,,,,,,,,,,False,factoid
5e29f666aa19d74431000001,Mistral-7B-Instruct-v0.1,bioasq,False,2,,,,,,,,,,False,factoid
5e480da0d14c9f295d000006,Mistral-7B-Instruct-v0.1,bioasq,False,1,,,,,,,,,,False,factoid
5e2e136bfbd6abf43b000023,Mistral-7B-Instruct-v0.1,bioasq,False,2,,,,,,,,,,False,factoid
5c74266a7c78d694710000a2,Mistral-7B-Instruct-v0.1,bioasq,False,1,,,,,,,,,,False,factoid
5e2b1ed9fbd6abf43b000005,Mistral-7B-Instruct-v0.1,bioasq,False,1,,,,,,,,,,False,factoid
5e355e20fbd6abf43b000065,Mistral-7B-Instruct-v0.1,bioasq,True,3,3.0,1.4999999999999956,0.7499999999999978,False,The gene frequently involved in autosomal dominant adult-onset demyelinating leukodystrophy (ADLD) is the SLC,False,0.0,0.0,-0.17428461057111022,False,factoid
5e48f2b6f8b2df0d49000005,Mistral-7B-Instruct-v0.1,bioasq,True,3,4.0,1.9999999999999942,0.9999999999999971,False,The radiation-induced CD8 lymphocyte apoptosis (RILA) assay is used to measure the sensitivity of CD8 l,False,0.0,0.0,-0.10323628262985096,False,factoid
5ca61f17ecadf2e73f000050,Mistral-7B-Instruct-v0.1,bioasq,False,2,,,,,,,,,,False,factoid
5e2f0afcfbd6abf43b000028,Mistral-7B-Instruct-v0.1,bioasq,False,1,,,,,,,,,,False,factoid
5c7a4fddd774d04240000009,Mistral-7B-Instruct-v0.1,bioasq,False,0,,,,,,,,,,False,factoid
5e46da9c3f5415952900000a,Mistral-7B-Instruct-v0.1,bioasq,False,1,,,,,,,,,,False,factoid
5e2902688b3851296d000005,Mistral-7B-Instruct-v0.1,bioasq,False,2,,,,,,,,,,False,factoid
5e46e74e3f5415952900000b,Mistral-7B-Instruct-v0.1,bioasq,False,2,,,,,,,,,,False,factoid
5e2a046caa19d74431000008,Mistral-7B-Instruct-v0.1,bioasq,False,0,,,,,,,,,,False,factoid
5e2902e48b3851296d000006,Mistral-7B-Instruct-v0.1,bioasq,False,2,,,,,,,,,,False,factoid
5e2e11a1fbd6abf43b000021,Mistral-7B-Instruct-v0.1,bioasq,False,2,,,,,,,,,,False,factoid
5c74285c7c78d694710000a3,Mistral-7B-Instruct-v0.1,bioasq,False,2,,,,,,,,,,False,factoid
5c701f4f7c78d69471000060,Mistral-7B-Instruct-v0.1,bioasq,False,2,,,,,,,,,,False,factoid
5e2894109499698331000002,Mistral-7B-Instruct-v0.1,bioasq,False,2,,,,,,,,,,False,factoid
5e2daaa2fbd6abf43b00000e,Mistral-7B-Instruct-v0.1,bioasq,False,1,,,,,,,,,,False,factoid
5e2a080caa19d7443100000a,Mistral-7B-Instruct-v0.1,bioasq,False,2,,,,,,,,,,False,factoid
5e2e1792fbd6abf43b000024,Mistral-7B-Instruct-v0.1,bioasq,False,2,,,,,,,,,,False,factoid
5e48efd9f8b2df0d49000004,Mistral-7B-Instruct-v0.1,bioasq,True,3,4.0,1.9999999999999942,0.9999999999999971,False,"The aim of the ""Radiogenomics Consortium"" is to develop and validate new imaging biomarkers for the early detection and prediction",False,0.0,0.0,-0.36661006023898146,False,factoid
5e2a1096aa19d7443100000e,Mistral-7B-Instruct-v0.1,bioasq,False,2,,,,,,,,,,False,factoid
5e29f6e0aa19d74431000002,Mistral-7B-Instruct-v0.1,bioasq,False,2,,,,,,,,,,False,factoid
5e2b2c85fbd6abf43b000007,Mistral-7B-Instruct-v0.1,bioasq,False,2,,,,,,,,,,False,factoid
5e2dafccfbd6abf43b000013,Mistral-7B-Instruct-v0.1,bioasq,False,1,,,,,,,,,,False,factoid
5e2deb35fbd6abf43b00001c,Mistral-7B-Instruct-v0.1,bioasq,True,3,2.0,0.8112781244591301,0.40563906222956503,False,RNA-seq,False,0.0,0.0,-0.36359427180141213,False,factoid
5e499c636d0a27794100000a,Mistral-7B-Instruct-v0.1,bioasq,True,3,2.0,0.9999999999999971,0.49999999999999856,False,"Molecular radiotherapy is a type of radiation therapy that uses radioactive molecules, such as isotopes, to target and destroy cancer cells.",False,0.0,0.0,-0.16798869679703188,False,factoid
5c74305d7c78d694710000a4,Mistral-7B-Instruct-v0.1,bioasq,False,2,,,,,,,,,,False,factoid
5e540c866d0a277941000052,Mistral-7B-Instruct-v0.1,bioasq,True,3,3.0,1.4999999999999956,0.7499999999999978,False,Another name for AZD0530 is olaparib.,False,0.0,0.0,-0.22139343725222502,False,factoid
5d35f1267bc3fee31f000004,Mistral-7B-Instruct-v0.1,bioasq,True,3,4.0,1.9999999999999942,0.9999999999999971,False,The HP1a protein is a histone acetyltransferase that modifies chromatin structure by adding an acetyl group to the lysine,False,0.0,0.0,-0.2446677807384816,False,factoid
5e4adb486d0a277941000015,Mistral-7B-Instruct-v0.1,bioasq,True,3,4.0,1.9999999999999942,0.9999999999999971,False,BioPAXViz is a software tool for visualizing biological pathway data. It uses the BioPAX (Pathway Exchange) format as its back,False,0.0,0.0,-0.36560579258076586,False,factoid
5e763602c6a8763d2300000c,Mistral-7B-Instruct-v0.1,bioasq,False,1,,,,,,,,,,False,factoid
5d35e7ddb3a638076300000e,Mistral-7B-Instruct-v0.1,bioasq,True,3,1.0,-1.6017132519074577e-15,-8.008566259537289e-16,True,SAF-A protein is localized in the nucleus.,True,1.0,1.0,-0.06586332397791596,False,factoid
5e5cc1fa1af46fc130000005,Mistral-7B-Instruct-v0.1,bioasq,True,3,4.0,1.9999999999999942,0.9999999999999971,False,Iodine thyroid blocking is a medical procedure in which iodine is administered to the thyroid gland to temporarily block the production of thyroid,False,0.0,0.0,-0.26824494283148503,False,factoid
5e4bed1c6d0a27794100002b,Mistral-7B-Instruct-v0.1,bioasq,False,2,,,,,,,,,,False,factoid
5d35ef017bc3fee31f000001,Mistral-7B-Instruct-v0.1,bioasq,True,3,4.0,1.9999999999999942,0.9999999999999971,False,PRC2 deposits the epigenetic mark H3K27me3.,True,1.0,1.0,-0.12487260117713479,False,factoid
5e460f823f54159529000006,Mistral-7B-Instruct-v0.1,bioasq,False,0,,,,,,,,,,False,factoid
5e4604d83f54159529000003,Mistral-7B-Instruct-v0.1,bioasq,False,1,,,,,,,,,,False,factoid
5d35d901b3a638076300000a,Mistral-7B-Instruct-v0.1,bioasq,False,0,,,,,,,,,,False,factoid
5e4fd44a6d0a277941000033,Mistral-7B-Instruct-v0.1,bioasq,False,2,,,,,,,,,,False,factoid
5e48a916d14c9f295d00000f,Mistral-7B-Instruct-v0.1,bioasq,False,1,,,,,,,,,,False,factoid
5e49ac346d0a27794100000e,Mistral-7B-Instruct-v0.1,bioasq,True,3,3.0,1.4999999999999956,0.7499999999999978,False,The first oral ghrelin receptor inverse agonist to be profiled in healthy subjects is MK-801.,False,0.0,0.0,-0.14662924338353125,False,factoid
5e76452fc6a8763d23000015,Mistral-7B-Instruct-v0.1,bioasq,False,2,,,,,,,,,,False,factoid
5e5409776d0a277941000051,Mistral-7B-Instruct-v0.1,bioasq,False,2,,,,,,,,,,False,factoid
5d35e421b3a638076300000d,Mistral-7B-Instruct-v0.1,bioasq,False,1,,,,,,,,,,False,factoid
5e5bafa01af46fc130000002,Mistral-7B-Instruct-v0.1,bioasq,False,2,,,,,,,,,,False,factoid
5e7641a0c6a8763d23000011,Mistral-7B-Instruct-v0.1,bioasq,False,1,,,,,,,,,,False,factoid
5d35be1cb3a6380763000005,Mistral-7B-Instruct-v0.1,bioasq,False,2,,,,,,,,,,False,factoid
5e5d24811af46fc130000006,Mistral-7B-Instruct-v0.1,bioasq,True,3,3.0,1.4999999999999956,0.7499999999999978,False,Romiplostim targets the activation of the immune system to promote wound healing.,False,0.0,0.0,-0.6047995736866546,False,factoid
5d35dfbdb3a638076300000b,Mistral-7B-Instruct-v0.1,bioasq,True,3,3.0,1.4999999999999956,0.7499999999999978,False,STAG1 and STAG2 proteins are involved in chromatin remodeling and play a role in regulating gene expression during differentiation.,False,0.0,0.0,-0.3134915234373994,False,factoid
5e4ada686d0a277941000014,Mistral-7B-Instruct-v0.1,bioasq,False,2,,,,,,,,,,False,factoid
5e42d1a748dab47f26000010,Mistral-7B-Instruct-v0.1,bioasq,False,1,,,,,,,,,,False,factoid
5d36a9507bc3fee31f000005,Mistral-7B-Instruct-v0.1,bioasq,False,1,,,,,,,,,,False,factoid
5e763bd4c6a8763d2300000f,Mistral-7B-Instruct-v0.1,bioasq,False,2,,,,,,,,,,False,factoid
5e2f4a8bfbd6abf43b00002a,Mistral-7B-Instruct-v0.1,bioasq,False,2,,,,,,,,,,False,factoid
5e51dc516d0a27794100003e,Mistral-7B-Instruct-v0.1,bioasq,False,0,,,,,,,,,,False,factoid
601bde6e1cb411341a000006,Mistral-7B-Instruct-v0.1,bioasq,True,3,3.0,1.4999999999999956,0.7499999999999978,False,"The disease caused by de novo VPS4A mutations is called ""Spinal Muscular Atrophy with Progressive External Ophthalm",False,0.0,0.0,-0.44744469008406185,False,factoid
5e3a6e70b5b409ea53000018,Mistral-7B-Instruct-v0.1,bioasq,False,1,,,,,,,,,,False,factoid
5e6d1c6f1af46fc130000021,Mistral-7B-Instruct-v0.1,bioasq,False,1,,,,,,,,,,False,factoid
602598101cb411341a0000ae,Mistral-7B-Instruct-v0.1,bioasq,False,0,,,,,,,,,,False,factoid
60258edd1cb411341a0000a9,Mistral-7B-Instruct-v0.1,bioasq,False,0,,,,,,,,,,False,factoid
5e4bf9436d0a27794100002d,Mistral-7B-Instruct-v0.1,bioasq,True,3,3.0,1.4999999999999956,0.7499999999999978,False,The transcription factor that controls Drosophila's Hes genes is called HesX.,False,0.0,0.0,-0.16798856614735252,False,factoid
601bcb5d1cb411341a000003,Mistral-7B-Instruct-v0.1,bioasq,True,3,3.0,1.4999999999999956,0.7499999999999978,False,GRK1 associated Oguchi disease is caused by missense mutations in the G protein-coupled receptor kinase 1 (GRK1,False,0.0,0.0,-0.1456096904464914,False,factoid
5e6e9a2fc6a8763d23000007,Mistral-7B-Instruct-v0.1,bioasq,False,2,,,,,,,,,,False,factoid
5e7667b1835f4e4777000004,Mistral-7B-Instruct-v0.1,bioasq,False,2,,,,,,,,,,False,factoid
602598301cb411341a0000b0,Mistral-7B-Instruct-v0.1,bioasq,False,0,,,,,,,,,,False,factoid
5e61425e1af46fc13000000d,Mistral-7B-Instruct-v0.1,bioasq,True,3,2.0,0.8112781244591301,0.40563906222956503,False,"16,569",False,0.0,0.0,-0.07858248223055853,False,factoid
601bfa531cb411341a000008,Mistral-7B-Instruct-v0.1,bioasq,False,2,,,,,,,,,,False,factoid
5e5e508b1af46fc13000000c,Mistral-7B-Instruct-v0.1,bioasq,False,1,,,,,,,,,,False,factoid
5fe30e06a43ad31278000037,Mistral-7B-Instruct-v0.1,bioasq,True,3,4.0,1.9999999999999942,0.9999999999999971,False,The histone mark that distinguishes active from inactive enhancers is H3K4me1.,False,0.0,0.0,-0.0640996552389197,False,factoid
602593101cb411341a0000ab,Mistral-7B-Instruct-v0.1,bioasq,False,0,,,,,,,,,,False,factoid
5e44cf61f5547e6e27000001,Mistral-7B-Instruct-v0.1,bioasq,False,1,,,,,,,,,,False,factoid
5e920fe42d3121100d00000f,Mistral-7B-Instruct-v0.1,bioasq,False,2,,,,,,,,,,False,factoid
601d2d001cb411341a00002c,Mistral-7B-Instruct-v0.1,bioasq,True,3,4.0,1.9999999999999942,0.9999999999999971,False,"The syndrome caused by dysfunction of the ciliary ARMC9/TOGARAM1 protein is called ""Ciliary Fibrosis.",False,0.0,0.0,-0.3834860590469772,False,factoid
5e920be42d3121100d00000c,Mistral-7B-Instruct-v0.1,bioasq,True,3,3.0,1.4999999999999956,0.7499999999999978,False,The main viral protein targeted by the drug remdesivir is the RNA-dependent RNA polymerase (RdRp).,False,0.0,0.0,-0.03864174349739495,False,factoid
5fd0d880a43ad31278000002,Mistral-7B-Instruct-v0.1,bioasq,False,2,,,,,,,,,,False,factoid
5fe08b50a43ad31278000031,Mistral-7B-Instruct-v0.1,bioasq,True,3,3.0,1.4999999999999956,0.7499999999999978,False,10,False,0.0,0.0,-1.1811588555574417,False,factoid
5e2e1986fbd6abf43b000025,Mistral-7B-Instruct-v0.1,bioasq,True,3,3.0,1.4999999999999956,0.7499999999999978,False,The loss-of-function ABCC8 mutation associated with Pulmonary Arterial Hypertension (PAH) is the G557,False,0.0,0.0,-0.22652555224032955,False,factoid
5e46eb7a3f5415952900000d,Mistral-7B-Instruct-v0.1,bioasq,False,2,,,,,,,,,,False,factoid
5fe31312a43ad31278000042,Mistral-7B-Instruct-v0.1,bioasq,False,2,,,,,,,,,,False,factoid
5e639a0a1af46fc130000010,Mistral-7B-Instruct-v0.1,bioasq,False,2,,,,,,,,,,False,factoid
602598201cb411341a0000af,Mistral-7B-Instruct-v0.1,bioasq,False,0,,,,,,,,,,False,factoid
5d387c20a1e1595105000010,Mistral-7B-Instruct-v0.1,bioasq,True,3,4.0,1.9999999999999942,0.9999999999999971,False,"The X chromosome's non-pseudoautosomal region (non-PAR) contains approximately 1,000 genes.",False,0.0,0.0,-0.2074150477890555,False,factoid
5e669e0e1af46fc130000019,Mistral-7B-Instruct-v0.1,bioasq,False,2,,,,,,,,,,False,factoid
5d388192a1e1595105000015,Mistral-7B-Instruct-v0.1,bioasq,False,1,,,,,,,,,,False,factoid
605271d994d57fd87900000f,Mistral-7B-Instruct-v0.1,bioasq,False,1,,,,,,,,,,False,factoid
6053bd5194d57fd879000018,Mistral-7B-Instruct-v0.1,bioasq,False,1,,,,,,,,,,False,factoid
5fe0b4cda43ad31278000034,Mistral-7B-Instruct-v0.1,bioasq,True,3,4.0,1.9999999999999942,0.9999999999999971,False,Hemochromatosis and hemophilia.,True,1.0,1.0,-0.28004515091617,False,factoid
5fdb4392a43ad3127800002a,Mistral-7B-Instruct-v0.1,bioasq,False,1,,,,,,,,,,False,factoid
5fdb2e23a43ad3127800000a,Mistral-7B-Instruct-v0.1,bioasq,False,1,,,,,,,,,,False,factoid
5fdb41b6a43ad3127800001d,Mistral-7B-Instruct-v0.1,bioasq,False,2,,,,,,,,,,False,factoid
5fdb41c5a43ad3127800001e,Mistral-7B-Instruct-v0.1,bioasq,False,2,,,,,,,,,,False,factoid
601eafcd1cb411341a000056,Mistral-7B-Instruct-v0.1,bioasq,False,2,,,,,,,,,,False,factoid
601eab7d1cb411341a000053,Mistral-7B-Instruct-v0.1,bioasq,True,3,2.0,0.8112781244591301,0.40563906222956503,False,Antidepressants,True,1.0,1.0,-0.12257149156175728,False,factoid
601eaac81cb411341a000051,Mistral-7B-Instruct-v0.1,bioasq,False,1,,,,,,,,,,False,factoid
601f08c11cb411341a00006c,Mistral-7B-Instruct-v0.1,bioasq,False,1,,,,,,,,,,False,factoid
601f105e1cb411341a000071,Mistral-7B-Instruct-v0.1,bioasq,False,2,,,,,,,,,,False,factoid
6020b2b21cb411341a000086,Mistral-7B-Instruct-v0.1,bioasq,False,1,,,,,,,,,,False,factoid
602343051cb411341a00008d,Mistral-7B-Instruct-v0.1,bioasq,False,0,,,,,,,,,,False,factoid
6023518f1cb411341a000097,Mistral-7B-Instruct-v0.1,bioasq,False,0,,,,,,,,,,False,factoid
6026ef311cb411341a0000d4,Mistral-7B-Instruct-v0.1,bioasq,True,3,4.0,1.9999999999999942,0.9999999999999971,False,The company that developed eptinezumab is Amgen.,False,0.0,0.0,-0.19474463676888262,False,factoid
6027f8ae1cb411341a0000ed,Mistral-7B-Instruct-v0.1,bioasq,False,2,,,,,,,,,,False,factoid
602c19e71cb411341a00011a,Mistral-7B-Instruct-v0.1,bioasq,False,1,,,,,,,,,,False,factoid
6030fe7a1cb411341a000128,Mistral-7B-Instruct-v0.1,bioasq,True,3,3.0,1.4999999999999956,0.7499999999999978,False,AMPA receptor GluA2 subunit defects cause neurodevelopmental disorders.,True,1.0,1.0,-0.15922337318902247,False,factoid
6032899c1cb411341a000144,Mistral-7B-Instruct-v0.1,bioasq,True,3,2.0,0.9999999999999971,0.49999999999999856,False,Integrins are localized on the plasma membrane of cells.,False,0.0,0.0,-0.15204809010711934,False,factoid
6032a0e21cb411341a000148,Mistral-7B-Instruct-v0.1,bioasq,False,1,,,,,,,,,,False,factoid
6032a8b91cb411341a000149,Mistral-7B-Instruct-v0.1,bioasq,True,3,3.0,1.4999999999999956,0.7499999999999978,False,The protein complex altered in Coffin-Siris syndrome is the SMAD4-SMAD3 complex.,False,0.0,0.0,-0.27502609054665855,False,factoid
60314c361cb411341a00012e,Mistral-7B-Instruct-v0.1,bioasq,False,2,,,,,,,,,,False,factoid
60320ef51cb411341a000130,Mistral-7B-Instruct-v0.1,bioasq,False,1,,,,,,,,,,False,factoid
6053ba5b94d57fd879000017,Mistral-7B-Instruct-v0.1,bioasq,True,3,3.0,1.4999999999999956,0.7499999999999978,False,Interferon beta-1a (Avonex),False,0.0,0.0,-0.2726051963640762,False,factoid
605281cf94d57fd879000015,Mistral-7B-Instruct-v0.1,bioasq,False,2,,,,,,,,,,False,factoid
605256a894d57fd87900000b,Mistral-7B-Instruct-v0.1,bioasq,False,2,,,,,,,,,,False,factoid
60579cb394d57fd87900002e,Mistral-7B-Instruct-v0.1,bioasq,True,3,4.0,1.9999999999999942,0.9999999999999971,False,"The tool that has been developed for microRNA-target enrichment and network-based analysis is called ""miRNet"".",False,0.0,0.0,-0.23885637144484154,False,factoid
6057bf0694d57fd879000031,Mistral-7B-Instruct-v0.1,bioasq,True,3,2.0,0.8112781244591301,0.40563906222956503,False,"The exact cause of Aβ42 accumulation in neuroblastoma cells is not fully understood, but it is believed to be related to genetic mutations",False,0.0,0.0,-0.21457341939003527,False,factoid
6057c2f894d57fd879000033,Mistral-7B-Instruct-v0.1,bioasq,True,3,4.0,1.9999999999999942,0.9999999999999971,False,"The method for detection of ATAC-seq or ChIP-seq signals with DNA methylation is called ""combined analysis"" or ""integrative analysis",False,0.0,0.0,-0.25705893380472844,False,factoid
6057c78994d57fd879000034,Mistral-7B-Instruct-v0.1,bioasq,False,1,,,,,,,,,,False,factoid
60578f2894d57fd87900002c,Mistral-7B-Instruct-v0.1,bioasq,False,1,,,,,,,,,,False,factoid
60578bc994d57fd87900002b,Mistral-7B-Instruct-v0.1,bioasq,False,2,,,,,,,,,,False,factoid
606081e594d57fd879000041,Mistral-7B-Instruct-v0.1,bioasq,False,1,,,,,,,,,,False,factoid
6057c0cd94d57fd879000032,Mistral-7B-Instruct-v0.1,bioasq,False,2,,,,,,,,,,False,factoid
6057057c94d57fd879000023,Mistral-7B-Instruct-v0.1,bioasq,False,2,,,,,,,,,,False,factoid
6031270b1cb411341a00012c,Mistral-7B-Instruct-v0.1,bioasq,False,2,,,,,,,,,,False,factoid
5e4565c63f54159529000001,Mistral-7B-Instruct-v0.1,bioasq,False,2,,,,,,,,,,False,factoid
601cb4541cb411341a000024,Mistral-7B-Instruct-v0.1,bioasq,True,3,2.0,0.8112781244591301,0.40563906222956503,False,Anti–Siglec-8 Antibody is used to treat multiple myeloma.,False,0.0,0.0,-0.16275584748457278,False,factoid
601ebbeb1cb411341a00005b,Mistral-7B-Instruct-v0.1,bioasq,False,2,,,,,,,,,,False,factoid
602967de1cb411341a000113,Mistral-7B-Instruct-v0.1,bioasq,False,2,,,,,,,,,,False,factoid
604911661cb411341a000169,Mistral-7B-Instruct-v0.1,bioasq,False,2,,,,,,,,,,False,factoid
601d74391cb411341a000041,Mistral-7B-Instruct-v0.1,bioasq,False,2,,,,,,,,,,False,factoid
602c1d3b1cb411341a00011e,Mistral-7B-Instruct-v0.1,bioasq,False,2,,,,,,,,,,False,factoid
5fe3131ba43ad31278000047,Mistral-7B-Instruct-v0.1,bioasq,False,1,,,,,,,,,,False,factoid
6048ff3e1cb411341a000160,Mistral-7B-Instruct-v0.1,bioasq,False,0,,,,,,,,,,False,factoid
60292d191cb411341a00010e,Mistral-7B-Instruct-v0.1,bioasq,False,1,,,,,,,,,,False,factoid
5d35ee08b3a6380763000012,Mistral-7B-Instruct-v0.1,bioasq,False,0,,,,,,,,,,False,factoid
6031287e1cb411341a00012d,Mistral-7B-Instruct-v0.1,bioasq,True,3,2.0,0.8112781244591301,0.40563906222956503,False,The key gene involved in interstitial 6q25 microdeletion syndrome is not specified.,False,0.0,0.0,-0.17219042275661423,False,factoid
601c42ad1cb411341a00001b,Mistral-7B-Instruct-v0.1,bioasq,False,1,,,,,,,,,,False,factoid
60355c0f1cb411341a000156,Mistral-7B-Instruct-v0.1,bioasq,False,2,,,,,,,,,,False,factoid
601f10b71cb411341a000072,Mistral-7B-Instruct-v0.1,bioasq,True,3,4.0,1.9999999999999942,0.9999999999999971,False,The Baltimore Classification divides viruses into seven groups based on their genetic material and replication strategies. These groups are: Group I (DNA viruses,True,1.0,1.0,-0.1959945072170015,False,factoid
601ec2d61cb411341a000062,Mistral-7B-Instruct-v0.1,bioasq,False,1,,,,,,,,,,False,factoid
5fdb43aea43ad3127800002b,Mistral-7B-Instruct-v0.1,bioasq,False,1,,,,,,,,,,False,factoid
6026ef9d1cb411341a0000d5,Mistral-7B-Instruct-v0.1,bioasq,False,2,,,,,,,,,,False,factoid
6030fcb51cb411341a000127,Mistral-7B-Instruct-v0.1,bioasq,True,3,3.0,1.4999999999999956,0.7499999999999978,False,The database that contains regulatory sites for splicing in human basal ganglia is the Human Protein Atlas (HPA).,False,0.0,0.0,-0.25742810708247027,False,factoid
601db8111cb411341a00004b,Mistral-7B-Instruct-v0.1,bioasq,False,0,,,,,,,,,,False,factoid
6026d6891cb411341a0000cc,Mistral-7B-Instruct-v0.1,bioasq,False,1,,,,,,,,,,False,factoid
5fe31301a43ad31278000039,Mistral-7B-Instruct-v0.1,bioasq,False,1,,,,,,,,,,False,factoid
6026ed981cb411341a0000d2,Mistral-7B-Instruct-v0.1,bioasq,False,2,,,,,,,,,,False,factoid
5fe08b77a43ad31278000032,Mistral-7B-Instruct-v0.1,bioasq,False,2,,,,,,,,,,False,factoid
5fdb2e74a43ad3127800000d,Mistral-7B-Instruct-v0.1,bioasq,False,2,,,,,,,,,,False,factoid
6028183e1cb411341a0000f1,Mistral-7B-Instruct-v0.1,bioasq,True,3,4.0,1.9999999999999942,0.9999999999999971,False,The hippocampus.,False,0.0,0.0,-0.35783166779481235,False,factoid
601c4b231cb411341a000020,Mistral-7B-Instruct-v0.1,bioasq,False,2,,,,,,,,,,False,factoid
601f027f1cb411341a00006b,Mistral-7B-Instruct-v0.1,bioasq,False,2,,,,,,,,,,False,factoid
601cb5be1cb411341a000025,Mistral-7B-Instruct-v0.1,bioasq,False,1,,,,,,,,,,False,factoid
5fdb4264a43ad31278000023,Mistral-7B-Instruct-v0.1,bioasq,False,1,,,,,,,,,,False,factoid
6028fc841cb411341a000103,Mistral-7B-Instruct-v0.1,bioasq,True,3,1.0,-1.6017132519074577e-15,-8.008566259537289e-16,True,The company that developed ivosidenib is Agios Pharmaceuticals.,True,1.0,1.0,-0.14079368243197035,False,factoid
60490c421cb411341a000166,Mistral-7B-Instruct-v0.1,bioasq,False,1,,,,,,,,,,False,factoid
5fe3130da43ad3127800003f,Mistral-7B-Instruct-v0.1,bioasq,False,2,,,,,,,,,,False,factoid
601c3fc21cb411341a000019,Mistral-7B-Instruct-v0.1,bioasq,False,2,,,,,,,,,,False,factoid
606ab57394d57fd87900004f,Mistral-7B-Instruct-v0.1,bioasq,True,3,2.0,0.8112781244591301,0.40563906222956503,False,Carbamazepine is an inducer of CYP3A4.,True,1.0,1.0,-0.10831766001228971,False,factoid
6080646c4e6a4cf630000004,Mistral-7B-Instruct-v0.1,bioasq,False,1,,,,,,,,,,False,factoid
606c34c994d57fd879000077,Mistral-7B-Instruct-v0.1,bioasq,False,1,,,,,,,,,,False,factoid
60805c344e6a4cf630000001,Mistral-7B-Instruct-v0.1,bioasq,False,1,,,,,,,,,,False,factoid
608069984e6a4cf630000006,Mistral-7B-Instruct-v0.1,bioasq,True,3,4.0,1.9999999999999942,0.9999999999999971,False,The function of the stard10 protein is not well understood and is still being studied.,False,0.0,0.0,-0.3645443542784733,False,factoid
5fe31305a43ad3127800003b,Mistral-7B-Instruct-v0.1,bioasq,False,1,,,,,,,,,,False,factoid
606ae4fd94d57fd879000056,Mistral-7B-Instruct-v0.1,bioasq,True,3,3.0,1.4999999999999956,0.7499999999999978,False,The gene implicated in the metabolism of codeine is CYP2C9. Its polymorphisms in the mother can pose a risk to,False,0.0,0.0,-0.09256898627408017,False,factoid
60805e204e6a4cf630000002,Mistral-7B-Instruct-v0.1,bioasq,False,2,,,,,,,,,,False,factoid
601c17c21cb411341a00000e,Mistral-7B-Instruct-v0.1,bioasq,False,1,,,,,,,,,,False,factoid
602a84ae1cb411341a000116,Mistral-7B-Instruct-v0.1,bioasq,False,2,,,,,,,,,,False,factoid
602828b11cb411341a0000fc,Mistral-7B-Instruct-v0.1,bioasq,False,2,,,,,,,,,,False,factoid
6086f0ef4e6a4cf630000011,Mistral-7B-Instruct-v0.1,bioasq,False,1,,,,,,,,,,False,factoid
601ff4a61cb411341a000076,Mistral-7B-Instruct-v0.1,bioasq,True,3,2.0,0.8112781244591301,0.40563906222956503,False,Statins,True,1.0,1.0,-0.3481297860853374,False,factoid
5fe3131fa43ad3127800004a,Mistral-7B-Instruct-v0.1,bioasq,False,2,,,,,,,,,,False,factoid
60281eb11cb411341a0000f5,Mistral-7B-Instruct-v0.1,bioasq,False,1,,,,,,,,,,False,factoid
601d74681cb411341a000042,Mistral-7B-Instruct-v0.1,bioasq,False,1,,,,,,,,,,False,factoid
603404f41cb411341a00014f,Mistral-7B-Instruct-v0.1,bioasq,False,2,,,,,,,,,,False,factoid
5ebac76b0d431b5f7300000d,Mistral-7B-Instruct-v0.1,bioasq,False,2,,,,,,,,,,False,factoid
6081b64d4e6a4cf63000000a,Mistral-7B-Instruct-v0.1,bioasq,True,3,2.0,0.8112781244591301,0.40563906222956503,False,The HSJ1 proteins are involved in the regulation of cellular stress response and apoptosis.,False,0.0,0.0,-0.4691944518863238,False,factoid
601dbe2b1cb411341a00004d,Mistral-7B-Instruct-v0.1,bioasq,False,0,,,,,,,,,,False,factoid
5fe09c99a43ad31278000033,Mistral-7B-Instruct-v0.1,bioasq,True,3,3.0,1.4999999999999956,0.7499999999999978,False,Approximately 70% of C. elegans genes reside in operons.,False,0.0,0.0,-0.13092793617981896,False,factoid
60527e8c94d57fd879000012,Mistral-7B-Instruct-v0.1,bioasq,True,3,2.0,0.9999999999999971,0.49999999999999856,False,The most advanced phase of clinical trial that fingolimod has entered is Phase III.,False,0.0,0.0,-0.08676370373684138,False,factoid
605fb41094d57fd879000039,Mistral-7B-Instruct-v0.1,bioasq,True,3,3.0,1.4999999999999956,0.7499999999999978,False,Cystic Fibrosis.,False,0.0,0.0,-0.22281528934548886,False,factoid
6026d8bf1cb411341a0000ce,Mistral-7B-Instruct-v0.1,bioasq,False,1,,,,,,,,,,False,factoid
6020a9f11cb411341a000080,Mistral-7B-Instruct-v0.1,bioasq,False,2,,,,,,,,,,False,factoid
6032ba631cb411341a00014b,Mistral-7B-Instruct-v0.1,bioasq,False,1,,,,,,,,,,False,factoid
606c34ff94d57fd879000078,Mistral-7B-Instruct-v0.1,bioasq,False,0,,,,,,,,,,False,factoid
601ebde11cb411341a00005d,Mistral-7B-Instruct-v0.1,bioasq,False,1,,,,,,,,,,False,factoid
601c317a1cb411341a000014,Mistral-7B-Instruct-v0.1,bioasq,False,1,,,,,,,,,,False,factoid
601db60e1cb411341a000049,Mistral-7B-Instruct-v0.1,bioasq,False,2,,,,,,,,,,False,factoid
606ad07394d57fd879000050,Mistral-7B-Instruct-v0.1,bioasq,True,3,2.0,0.8112781244591301,0.40563906222956503,False,The prevalence of poor metabolizers of CYP2C19 among Southern Asians is higher compared to East Asians.,True,1.0,1.0,-0.07608049801550416,False,factoid
601d79e01cb411341a000047,Mistral-7B-Instruct-v0.1,bioasq,False,2,,,,,,,,,,False,factoid
5fe30efea43ad31278000038,Mistral-7B-Instruct-v0.1,bioasq,False,1,,,,,,,,,,False,factoid
606b5ba794d57fd879000067,Mistral-7B-Instruct-v0.1,bioasq,True,3,1.0,-1.6017132519074577e-15,-8.008566259537289e-16,True,CYP2C9,False,0.0,0.0,-0.13561774269328453,False,factoid
605cc21d94d57fd879000036,Mistral-7B-Instruct-v0.1,bioasq,False,2,,,,,,,,,,False,factoid
606b800994d57fd879000071,Mistral-7B-Instruct-v0.1,bioasq,False,1,,,,,,,,,,False,factoid
6060701c94d57fd87900003c,Mistral-7B-Instruct-v0.1,bioasq,True,3,1.0,-1.6017132519074577e-15,-8.008566259537289e-16,True,"The R/bioconductor package for discovery of intergenic transcripts is called ""intergenic"".",False,0.0,0.0,-0.22088541474517115,False,factoid
606b390f94d57fd879000062,Mistral-7B-Instruct-v0.1,bioasq,False,2,,,,,,,,,,False,factoid
5fd779b4a43ad31278000004,Mistral-7B-Instruct-v0.1,bioasq,False,2,,,,,,,,,,False,factoid
5fdb1023a43ad31278000009,Mistral-7B-Instruct-v0.1,bioasq,False,2,,,,,,,,,,False,factoid
606b396994d57fd879000063,Mistral-7B-Instruct-v0.1,bioasq,False,2,,,,,,,,,,False,factoid
6068640894d57fd87900004b,Mistral-7B-Instruct-v0.1,bioasq,False,2,,,,,,,,,,False,factoid
5fe31307a43ad3127800003d,Mistral-7B-Instruct-v0.1,bioasq,True,3,2.0,0.8112781244591301,0.40563906222956503,False,Approximately 30-40% of Rheumatoid Arthritis (RA) patients are not responding to anti-TNF therapy,True,1.0,1.0,-0.10049208023475487,False,factoid
5e4e3cee6d0a277941000030,Mistral-7B-Instruct-v0.1,bioasq,True,3,4.0,1.9999999999999942,0.9999999999999971,False,The component of the Influenza A Virus that affects mRNA transcription termination is the viral RNA-dependent RNA polymer,False,0.0,0.0,-0.1133609635274393,False,factoid
5e52cb6d6d0a277941000050,Mistral-7B-Instruct-v0.1,bioasq,False,1,,,,,,,,,,False,factoid
606074ab94d57fd87900003e,Mistral-7B-Instruct-v0.1,bioasq,False,1,,,,,,,,,,False,factoid
601ee4c61cb411341a000066,Mistral-7B-Instruct-v0.1,bioasq,False,2,,,,,,,,,,False,factoid
5fe3130ca43ad3127800003e,Mistral-7B-Instruct-v0.1,bioasq,True,3,2.0,0.8112781244591301,0.40563906222956503,False,"The BIOCURA cohort monitors multiple diseases, including cancer, cardiovascular disease, and neurological disorders.",True,1.0,1.0,-0.269942572951171,False,factoid
606aea9b94d57fd879000058,Mistral-7B-Instruct-v0.1,bioasq,False,2,,,,,,,,,,False,factoid
6032b6661cb411341a00014a,Mistral-7B-Instruct-v0.1,bioasq,False,1,,,,,,,,,,False,factoid
5fe31317a43ad31278000044,Mistral-7B-Instruct-v0.1,bioasq,False,2,,,,,,,,,,False,factoid
606bfe5b94d57fd879000073,Mistral-7B-Instruct-v0.1,bioasq,False,2,,,,,,,,,,False,factoid
6024a4111cb411341a0000a2,Mistral-7B-Instruct-v0.1,bioasq,False,2,,,,,,,,,,False,factoid
607323fe94d57fd879000079,Mistral-7B-Instruct-v0.1,bioasq,True,3,2.0,0.8112781244591301,0.40563906222956503,False,APOBEC3C encodes the protein APOBEC3C.,False,0.0,0.0,-0.12449279409166694,False,factoid
5fe3131ca43ad31278000048,Mistral-7B-Instruct-v0.1,bioasq,False,2,,,,,,,,,,False,factoid
606ad16594d57fd879000051,Mistral-7B-Instruct-v0.1,bioasq,False,2,,,,,,,,,,False,factoid
6020af2e1cb411341a000084,Mistral-7B-Instruct-v0.1,bioasq,False,2,,,,,,,,,,False,factoid
606b2bf594d57fd87900005d,Mistral-7B-Instruct-v0.1,bioasq,False,1,,,,,,,,,,False,factoid
606b7e5694d57fd879000070,Mistral-7B-Instruct-v0.1,bioasq,True,3,4.0,1.9999999999999942,0.9999999999999971,False,"The exact number of genes screened by the FoundationOne companion diagnostic varies depending on the specific test ordered and the patient's individual cancer profile. However, the",False,0.0,0.0,-0.23788488080449333,False,factoid
603251f81cb411341a00013a,Mistral-7B-Instruct-v0.1,bioasq,False,1,,,,,,,,,,False,factoid
601ebba41cb411341a00005a,Mistral-7B-Instruct-v0.1,bioasq,True,3,3.0,1.4999999999999956,0.7499999999999978,False,"The R/Bioconductor package ""ggplot2"" has been developed for visualizing differential amino acid group usage in proteomics.",False,0.0,0.0,-0.1414153127526312,False,factoid
601cb2e41cb411341a000023,Mistral-7B-Instruct-v0.1,bioasq,False,2,,,,,,,,,,False,factoid
5fdb42e7a43ad31278000026,Mistral-7B-Instruct-v0.1,bioasq,False,2,,,,,,,,,,False,factoid
61f60157882a024a1000001e,Mistral-7B-Instruct-v0.1,bioasq,False,2,,,,,,,,,,False,factoid
6217e5433a8413c653000032,Mistral-7B-Instruct-v0.1,bioasq,False,2,,,,,,,,,,False,factoid
61f5fcb6882a024a1000001b,Mistral-7B-Instruct-v0.1,bioasq,False,1,,,,,,,,,,False,factoid
6217d8973a8413c653000020,Mistral-7B-Instruct-v0.1,bioasq,False,2,,,,,,,,,,False,factoid
622628b03a8413c65300007d,Mistral-7B-Instruct-v0.1,bioasq,True,3,4.0,1.9999999999999942,0.9999999999999971,False,The FTO-guided demethylation of GADD46 drives myogenesis through the Wnt/β-catenin pathway.,False,0.0,0.0,-0.14075221359103196,False,factoid
621d02f33a8413c653000047,Mistral-7B-Instruct-v0.1,bioasq,False,2,,,,,,,,,,False,factoid
622627103a8413c65300007c,Mistral-7B-Instruct-v0.1,bioasq,False,2,,,,,,,,,,False,factoid
61f95f9f882a024a1000004e,Mistral-7B-Instruct-v0.1,bioasq,True,3,3.0,1.4999999999999956,0.7499999999999978,False,The disorder caused by biallelic mutations in G-Protein coupled receptor kinase 1 (GRK1) is cystic fib,False,0.0,0.0,-0.10655756273027173,False,factoid
61f5fb64882a024a1000001a,Mistral-7B-Instruct-v0.1,bioasq,True,3,3.0,1.4999999999999956,0.7499999999999978,False,Tebentafusp is used to treat a type of blood cancer called relapsed or refractory Hodgkin lymphoma.,False,0.0,0.0,-0.23246883479689728,False,factoid
6222257e3a8413c653000077,Mistral-7B-Instruct-v0.1,bioasq,False,0,,,,,,,,,,False,factoid
6200411cc9dfcb9c09000014,Mistral-7B-Instruct-v0.1,bioasq,False,1,,,,,,,,,,False,factoid
601eb3b61cb411341a000057,Mistral-7B-Instruct-v0.1,bioasq,False,2,,,,,,,,,,False,factoid
61f60735882a024a10000022,Mistral-7B-Instruct-v0.1,bioasq,True,3,1.0,-1.6017132519074577e-15,-8.008566259537289e-16,True,Risdiplam is used to treat spinal muscular atrophy (SMA).,True,1.0,1.0,-0.10872717763969604,False,factoid
6028fad21cb411341a000101,Mistral-7B-Instruct-v0.1,bioasq,False,2,,,,,,,,,,False,factoid
602356b81cb411341a000099,Mistral-7B-Instruct-v0.1,bioasq,False,1,,,,,,,,,,False,factoid
606b2b1994d57fd87900005c,Mistral-7B-Instruct-v0.1,bioasq,False,1,,,,,,,,,,False,factoid
621b78e63a8413c65300003f,Mistral-7B-Instruct-v0.1,bioasq,True,3,3.0,1.4999999999999956,0.7499999999999978,False,Oligosaccharyltransferases are enzymes that transfer oligosaccharides from the donor molecule to the acceptor mole,False,0.0,0.0,-0.23083381560233818,False,factoid
601eb56c1cb411341a000058,Mistral-7B-Instruct-v0.1,bioasq,False,2,,,,,,,,,,False,factoid
601ef0571cb411341a000067,Mistral-7B-Instruct-v0.1,bioasq,True,3,2.0,0.8112781244591301,0.40563906222956503,False,Refractive surgery,False,0.0,0.0,-0.41075748214498164,False,factoid
62260afb3a8413c65300007b,Mistral-7B-Instruct-v0.1,bioasq,False,2,,,,,,,,,,False,factoid
603bc2801cb411341a00015a,Mistral-7B-Instruct-v0.1,bioasq,False,2,,,,,,,,,,False,factoid
6052729c94d57fd879000011,Mistral-7B-Instruct-v0.1,bioasq,False,0,,,,,,,,,,False,factoid
622118a43a8413c65300006a,Mistral-7B-Instruct-v0.1,bioasq,False,2,,,,,,,,,,False,factoid
6206d06ec9dfcb9c09000041,Mistral-7B-Instruct-v0.1,bioasq,False,1,,,,,,,,,,False,factoid
603219c21cb411341a000133,Mistral-7B-Instruct-v0.1,bioasq,False,2,,,,,,,,,,False,factoid
6026f0251cb411341a0000d6,Mistral-7B-Instruct-v0.1,bioasq,False,1,,,,,,,,,,False,factoid
606b648394d57fd879000069,Mistral-7B-Instruct-v0.1,bioasq,False,1,,,,,,,,,,False,factoid
602c1b141cb411341a00011c,Mistral-7B-Instruct-v0.1,bioasq,True,3,2.0,0.8112781244591301,0.40563906222956503,False,Another name for bimagrumab is CT-P10.,False,0.0,0.0,-0.22364367258996937,False,factoid
6023501a1cb411341a000096,Mistral-7B-Instruct-v0.1,bioasq,False,0,,,,,,,,,,False,factoid
6026d8641cb411341a0000cd,Mistral-7B-Instruct-v0.1,bioasq,False,1,,,,,,,,,,False,factoid
61f919cc882a024a10000048,Mistral-7B-Instruct-v0.1,bioasq,False,2,,,,,,,,,,False,factoid
606bfeb494d57fd879000074,Mistral-7B-Instruct-v0.1,bioasq,False,0,,,,,,,,,,False,factoid
6020a8431cb411341a00007f,Mistral-7B-Instruct-v0.1,bioasq,False,2,,,,,,,,,,False,factoid
60853db94e6a4cf630000010,Mistral-7B-Instruct-v0.1,bioasq,False,1,,,,,,,,,,False,factoid
6211454a3a8413c65300000b,Mistral-7B-Instruct-v0.1,bioasq,False,2,,,,,,,,,,False,factoid
603534671cb411341a000153,Mistral-7B-Instruct-v0.1,bioasq,False,1,,,,,,,,,,False,factoid
621142713a8413c65300000a,Mistral-7B-Instruct-v0.1,bioasq,True,3,2.0,0.8112781244591301,0.40563906222956503,False,Approximately 50% of currently available drugs are metabolized by CYP3A4.,True,1.0,1.0,-0.1044564755439064,False,factoid
61f810a5882a024a1000003e,Mistral-7B-Instruct-v0.1,bioasq,False,2,,,,,,,,,,False,factoid
6056fef294d57fd87900001f,Mistral-7B-Instruct-v0.1,bioasq,False,2,,,,,,,,,,False,factoid
621145c63a8413c65300000c,Mistral-7B-Instruct-v0.1,bioasq,False,2,,,,,,,,,,False,factoid
6049173d1cb411341a00016b,Mistral-7B-Instruct-v0.1,bioasq,False,1,,,,,,,,,,False,factoid
6206b740c9dfcb9c0900003b,Mistral-7B-Instruct-v0.1,bioasq,False,1,,,,,,,,,,False,factoid
6217bf6a3a8413c65300001d,Mistral-7B-Instruct-v0.1,bioasq,False,0,,,,,,,,,,False,factoid
606b32af94d57fd879000060,Mistral-7B-Instruct-v0.1,bioasq,False,2,,,,,,,,,,False,factoid
621ebb733a8413c65300005c,Mistral-7B-Instruct-v0.1,bioasq,False,0,,,,,,,,,,False,factoid
61f56284882a024a10000005,Mistral-7B-Instruct-v0.1,bioasq,False,2,,,,,,,,,,False,factoid
61f52f22882a024a10000002,Mistral-7B-Instruct-v0.1,bioasq,False,2,,,,,,,,,,False,factoid
6020b5681cb411341a000088,Mistral-7B-Instruct-v0.1,bioasq,False,1,,,,,,,,,,False,factoid
602354e41cb411341a000098,Mistral-7B-Instruct-v0.1,bioasq,False,1,,,,,,,,,,False,factoid
603bc3181cb411341a00015c,Mistral-7B-Instruct-v0.1,bioasq,False,2,,,,,,,,,,False,factoid
6206bf3cc9dfcb9c0900003d,Mistral-7B-Instruct-v0.1,bioasq,False,2,,,,,,,,,,False,factoid
61f80e22882a024a1000003d,Mistral-7B-Instruct-v0.1,bioasq,True,3,3.0,1.4999999999999956,0.7499999999999978,False,Loss-of-function variants in BCAS3 cause a rare genetic disorder called neurofibromatosis type 1 (NF1).,False,0.0,0.0,-0.24520649680514525,False,factoid
6217d8f03a8413c653000021,Mistral-7B-Instruct-v0.1,bioasq,True,3,4.0,1.9999999999999942,0.9999999999999971,False,The main use of ETD fragmentation is to generate smaller peptide fragments from proteins for mass spectrometry-based protein identification and quantification.,False,0.0,0.0,-0.2722487032435197,False,factoid
60329dc11cb411341a000147,Mistral-7B-Instruct-v0.1,bioasq,False,2,,,,,,,,,,False,factoid
601db4ac1cb411341a000048,Mistral-7B-Instruct-v0.1,bioasq,True,3,2.0,0.8112781244591301,0.40563906222956503,False,The protein that is truncated to produce progerin is lamin A.,True,1.0,1.0,-0.14417610194780484,False,factoid
602357ff1cb411341a00009a,Mistral-7B-Instruct-v0.1,bioasq,False,2,,,,,,,,,,False,factoid
6081b0b44e6a4cf630000009,Mistral-7B-Instruct-v0.1,bioasq,True,3,2.0,0.8112781244591301,0.40563906222956503,False,The disease associated with DNAJB1-PRKACA fusion gene is pancreatic cancer.,False,0.0,0.0,-0.16300478247456873,False,factoid
606b75c194d57fd87900006c,Mistral-7B-Instruct-v0.1,bioasq,False,1,,,,,,,,,,False,factoid
61f5914e882a024a1000000d,Mistral-7B-Instruct-v0.1,bioasq,False,1,,,,,,,,,,False,factoid
601efe051cb411341a00006a,Mistral-7B-Instruct-v0.1,bioasq,False,1,,,,,,,,,,False,factoid
6049080c1cb411341a000164,Mistral-7B-Instruct-v0.1,bioasq,True,3,4.0,1.9999999999999942,0.9999999999999971,False,"Goblet cells are localized in the respiratory tract, particularly in the trachea and bronchi.",False,0.0,0.0,-0.17908960515400396,False,factoid
601dbe101cb411341a00004c,Mistral-7B-Instruct-v0.1,bioasq,False,2,,,,,,,,,,False,factoid
606b7d6c94d57fd87900006f,Mistral-7B-Instruct-v0.1,bioasq,False,1,,,,,,,,,,False,factoid
6082f0ec4e6a4cf63000000e,Mistral-7B-Instruct-v0.1,bioasq,False,2,,,,,,,,,,False,factoid
606bff2194d57fd879000075,Mistral-7B-Instruct-v0.1,bioasq,False,0,,,,,,,,,,False,factoid
601ff4021cb411341a000075,Mistral-7B-Instruct-v0.1,bioasq,False,2,,,,,,,,,,False,factoid
624c919ee764a53204000004,Mistral-7B-Instruct-v0.1,bioasq,False,1,,,,,,,,,,False,factoid
626aed2fe764a53204000043,Mistral-7B-Instruct-v0.1,bioasq,False,0,,,,,,,,,,False,factoid
623e04e4f0baec9a1b000006,Mistral-7B-Instruct-v0.1,bioasq,False,2,,,,,,,,,,False,factoid
62005c68c9dfcb9c09000017,Mistral-7B-Instruct-v0.1,bioasq,True,3,3.0,1.4999999999999956,0.7499999999999978,False,"The tool developed for annotation of Gα, Gβ and Gγ subunits of G-proteins is called the G-protein Annotation Database",False,0.0,0.0,-0.2554078362550172,False,factoid
623e02e0f0baec9a1b000005,Mistral-7B-Instruct-v0.1,bioasq,False,1,,,,,,,,,,False,factoid
626aef83e764a53204000044,Mistral-7B-Instruct-v0.1,bioasq,False,2,,,,,,,,,,False,factoid
623c8330f0baec9a1b000003,Mistral-7B-Instruct-v0.1,bioasq,True,3,2.0,0.8112781244591301,0.40563906222956503,False,There is no direct association between maternal and fetal alloantigens and RANTES production.,False,0.0,0.0,-0.16966631630734613,False,factoid
626ae803e764a5320400003c,Mistral-7B-Instruct-v0.1,bioasq,False,2,,,,,,,,,,False,factoid
62507602e764a5320400000d,Mistral-7B-Instruct-v0.1,bioasq,False,1,,,,,,,,,,False,factoid
626aa929e764a53204000039,Mistral-7B-Instruct-v0.1,bioasq,True,3,3.0,1.4999999999999956,0.7499999999999978,False,The expression levels of piRNAs are not specifically mentioned in the context of intracranial aneurysm rupture in the available literature.,False,0.0,0.0,-0.26206300812029326,False,factoid
61f7c9ac882a024a10000028,Mistral-7B-Instruct-v0.1,bioasq,False,2,,,,,,,,,,False,factoid
62507520e764a5320400000c,Mistral-7B-Instruct-v0.1,bioasq,False,0,,,,,,,,,,False,factoid
6252f496e764a53204000020,Mistral-7B-Instruct-v0.1,bioasq,False,2,,,,,,,,,,False,factoid
626aeab6e764a5320400003e,Mistral-7B-Instruct-v0.1,bioasq,False,2,,,,,,,,,,False,factoid
6253307fe764a53204000024,Mistral-7B-Instruct-v0.1,bioasq,False,1,,,,,,,,,,False,factoid
6250787be764a5320400000e,Mistral-7B-Instruct-v0.1,bioasq,False,2,,,,,,,,,,False,factoid
624c838ee764a53204000001,Mistral-7B-Instruct-v0.1,bioasq,False,2,,,,,,,,,,False,factoid
62532ce6e764a53204000021,Mistral-7B-Instruct-v0.1,bioasq,False,2,,,,,,,,,,False,factoid
6251a2ffe764a5320400001c,Mistral-7B-Instruct-v0.1,bioasq,False,1,,,,,,,,,,False,factoid
61f609d3882a024a10000024,Mistral-7B-Instruct-v0.1,bioasq,False,2,,,,,,,,,,False,factoid
626aab13e764a5320400003b,Mistral-7B-Instruct-v0.1,bioasq,True,3,4.0,1.9999999999999942,0.9999999999999971,False,The rate of epimutations in C. elegans is not well established and is still a topic of ongoing research.,False,0.0,0.0,-0.27603602503635416,False,factoid
61f7d745882a024a10000038,Mistral-7B-Instruct-v0.1,bioasq,False,1,,,,,,,,,,False,factoid
624d9492e764a53204000006,Mistral-7B-Instruct-v0.1,bioasq,False,2,,,,,,,,,,False,factoid
626aeb2fe764a5320400003f,Mistral-7B-Instruct-v0.1,bioasq,False,2,,,,,,,,,,False,factoid
626aeba1e764a53204000040,Mistral-7B-Instruct-v0.1,bioasq,False,2,,,,,,,,,,False,factoid
625ebf76e764a53204000033,Mistral-7B-Instruct-v0.1,bioasq,False,2,,,,,,,,,,False,factoid
625bb257e764a5320400002e,Mistral-7B-Instruct-v0.1,bioasq,False,1,,,,,,,,,,False,factoid
62532ffee764a53204000023,Mistral-7B-Instruct-v0.1,bioasq,False,1,,,,,,,,,,False,factoid
62587803e764a5320400002b,Mistral-7B-Instruct-v0.1,bioasq,False,2,,,,,,,,,,False,factoid
6278ca4a56bf9aee6f00000c,Mistral-7B-Instruct-v0.1,bioasq,True,3,4.0,1.9999999999999942,0.9999999999999971,False,The protein-membrane interface of the Cholesterol-regulated Start protein 4 protein (STARD4) is the N-terminal,False,0.0,0.0,-0.1161365105675003,False,factoid
627a875a56bf9aee6f000023,Mistral-7B-Instruct-v0.1,bioasq,False,0,,,,,,,,,,False,factoid
6278dfe956bf9aee6f000016,Mistral-7B-Instruct-v0.1,bioasq,True,3,4.0,1.9999999999999942,0.9999999999999971,False,The disease phenotype with the worst prognosis in Duchenne Muscular Dystrophy is respiratory failure.,False,0.0,0.0,-0.10227869004438997,False,factoid
6277de0d56bf9aee6f000006,Mistral-7B-Instruct-v0.1,bioasq,False,1,,,,,,,,,,False,factoid
6277e4ee56bf9aee6f000008,Mistral-7B-Instruct-v0.1,bioasq,False,2,,,,,,,,,,False,factoid
6277e52256bf9aee6f000009,Mistral-7B-Instruct-v0.1,bioasq,False,1,,,,,,,,,,False,factoid
61f58de2882a024a1000000a,Mistral-7B-Instruct-v0.1,bioasq,False,2,,,,,,,,,,False,factoid
6217d9de3a8413c653000025,Mistral-7B-Instruct-v0.1,bioasq,False,2,,,,,,,,,,False,factoid
6206c22ac9dfcb9c0900003e,Mistral-7B-Instruct-v0.1,bioasq,False,0,,,,,,,,,,False,factoid
6217db1b3a8413c653000027,Mistral-7B-Instruct-v0.1,bioasq,False,2,,,,,,,,,,False,factoid
62211f453a8413c653000072,Mistral-7B-Instruct-v0.1,bioasq,True,3,3.0,1.4999999999999956,0.7499999999999978,False,The GRN gene encodes the protein growth hormone-releasing hormone.,False,0.0,0.0,-0.21757169091250417,False,factoid
62190ca03a8413c653000035,Mistral-7B-Instruct-v0.1,bioasq,True,3,4.0,1.9999999999999942,0.9999999999999971,False,TBK1 protein function.,False,0.0,0.0,-0.45000996362023216,False,factoid
621ecac13a8413c65300005f,Mistral-7B-Instruct-v0.1,bioasq,False,1,,,,,,,,,,False,factoid
6221209b3a8413c653000074,Mistral-7B-Instruct-v0.1,bioasq,False,1,,,,,,,,,,False,factoid
5fe1fc84a43ad31278000036,Mistral-7B-Instruct-v0.1,bioasq,False,1,,,,,,,,,,False,factoid
61f563f7882a024a10000006,Mistral-7B-Instruct-v0.1,bioasq,False,1,,,,,,,,,,False,factoid
5fe31316a43ad31278000043,Mistral-7B-Instruct-v0.1,bioasq,False,1,,,,,,,,,,False,factoid
6206b5a8c9dfcb9c0900003a,Mistral-7B-Instruct-v0.1,bioasq,False,2,,,,,,,,,,False,factoid
61f5ee57882a024a10000012,Mistral-7B-Instruct-v0.1,bioasq,False,1,,,,,,,,,,False,factoid
6217d9493a8413c653000022,Mistral-7B-Instruct-v0.1,bioasq,False,1,,,,,,,,,,False,factoid
62211ebc3a8413c653000071,Mistral-7B-Instruct-v0.1,bioasq,False,2,,,,,,,,,,False,factoid
5eb422150d431b5f73000009,Mistral-7B-Instruct-v0.1,bioasq,False,1,,,,,,,,,,False,factoid
620c28d03a8413c653000007,Mistral-7B-Instruct-v0.1,bioasq,True,3,3.0,1.4999999999999956,0.7499999999999978,False,The type of cancer that has been suggested as a strategy for potential small-molecule inhibition of METTL3 is non-small cell lung cancer,False,0.0,0.0,-0.11874529213723672,False,factoid
621b54f03a8413c65300003b,Mistral-7B-Instruct-v0.1,bioasq,True,3,3.0,1.4999999999999956,0.7499999999999978,False,PUX proteins are found in the nucleus of plant cells.,False,0.0,0.0,-0.2854469515072765,False,factoid
6024a6871cb411341a0000a4,Mistral-7B-Instruct-v0.1,bioasq,False,2,,,,,,,,,,False,factoid
621b4a223a8413c65300003a,Mistral-7B-Instruct-v0.1,bioasq,False,1,,,,,,,,,,False,factoid
61f5847b882a024a10000008,Mistral-7B-Instruct-v0.1,bioasq,False,2,,,,,,,,,,False,factoid
62058198c9dfcb9c09000030,Mistral-7B-Instruct-v0.1,bioasq,False,2,,,,,,,,,,False,factoid
61f81857882a024a10000040,Mistral-7B-Instruct-v0.1,bioasq,True,3,4.0,1.9999999999999942,0.9999999999999971,False,The major clinical feature observed in FDXR-associated disease is osteoporosis.,False,0.0,0.0,-0.18089585942115605,False,factoid
6217da133a8413c653000026,Mistral-7B-Instruct-v0.1,bioasq,False,2,,,,,,,,,,False,factoid
62190bac3a8413c653000034,Mistral-7B-Instruct-v0.1,bioasq,True,3,4.0,1.9999999999999942,0.9999999999999971,False,X-linked recessive TLR7 deficiency is associated with severe combined immunodeficiency (SCID).,False,0.0,0.0,-0.1307838234356408,False,factoid
6206cfd5c9dfcb9c09000040,Mistral-7B-Instruct-v0.1,bioasq,False,2,,,,,,,,,,False,factoid
605fb19794d57fd879000038,Mistral-7B-Instruct-v0.1,bioasq,True,3,3.0,1.4999999999999956,0.7499999999999978,False,PDB (Protein Data Bank),False,0.0,0.0,-0.22888815963880108,False,factoid
60234dc61cb411341a000094,Mistral-7B-Instruct-v0.1,bioasq,False,1,,,,,,,,,,False,factoid
621fcaf93a8413c653000065,Mistral-7B-Instruct-v0.1,bioasq,False,1,,,,,,,,,,False,factoid
6028f5851cb411341a0000ff,Mistral-7B-Instruct-v0.1,bioasq,False,2,,,,,,,,,,False,factoid
621ec0313a8413c65300005e,Mistral-7B-Instruct-v0.1,bioasq,True,3,4.0,1.9999999999999942,0.9999999999999971,False,The class of drugs commonly associated with Drug-induced interstitial lung disease (DIILD) is chemotherapy drugs.,False,0.0,0.0,-0.18970169780474533,False,factoid
6206b399c9dfcb9c09000039,Mistral-7B-Instruct-v0.1,bioasq,True,3,3.0,1.4999999999999956,0.7499999999999978,False,Muscle damage or rhabdomyolysis.,True,1.0,1.0,-0.31002103814637394,False,factoid
621911323a8413c653000038,Mistral-7B-Instruct-v0.1,bioasq,False,2,,,,,,,,,,False,factoid
61f7d683882a024a10000036,Mistral-7B-Instruct-v0.1,bioasq,False,1,,,,,,,,,,False,factoid
622d17b83a8413c6530000a2,Mistral-7B-Instruct-v0.1,bioasq,False,2,,,,,,,,,,False,factoid
61f7d5a0882a024a10000035,Mistral-7B-Instruct-v0.1,bioasq,False,2,,,,,,,,,,False,factoid
6237a8343a8413c6530000b2,Mistral-7B-Instruct-v0.1,bioasq,True,3,3.0,1.4999999999999956,0.7499999999999978,False,Epiregulin is a member of the insulin-like growth factor (IGF) family of proteins.,False,0.0,0.0,-0.09406284609807244,False,factoid
622d1ed13a8413c6530000a3,Mistral-7B-Instruct-v0.1,bioasq,True,3,4.0,1.9999999999999942,0.9999999999999971,False,"The Daughterless gene is a gene in the fruit fly, Drosophila melanogaster, that encodes a protein that is required for the",False,0.0,0.0,-0.3621848045267484,False,factoid
6237a8a33a8413c6530000b3,Mistral-7B-Instruct-v0.1,bioasq,True,3,4.0,1.9999999999999942,0.9999999999999971,False,Amphiregulin is a ligand of the epidermal growth factor receptor (EGFR).,True,1.0,1.0,-0.03466057026300717,False,factoid
623dfd2ef0baec9a1b000004,Mistral-7B-Instruct-v0.1,bioasq,True,3,4.0,1.9999999999999942,0.9999999999999971,False,Calreticulin is a protein that plays a role in calcium signaling and endoplasmic reticulum function in cells.,False,0.0,0.0,-0.2548499234991956,False,factoid
6237ab873a8413c6530000b6,Mistral-7B-Instruct-v0.1,bioasq,True,3,2.0,0.9999999999999971,0.49999999999999856,False,Epiregulin increases leptin secretion.,True,1.0,1.0,-0.14998450345331094,False,factoid
6202f600c9dfcb9c0900002b,Mistral-7B-Instruct-v0.1,bioasq,True,3,1.0,-1.6017132519074577e-15,-8.008566259537289e-16,True,JASPAR 2022,False,0.0,0.0,-0.11654681107918602,False,factoid
622deabc3a8413c6530000a6,Mistral-7B-Instruct-v0.1,bioasq,False,2,,,,,,,,,,False,factoid
6238a0033a8413c6530000b8,Mistral-7B-Instruct-v0.1,bioasq,False,2,,,,,,,,,,False,factoid
62265b4a3a8413c653000083,Mistral-7B-Instruct-v0.1,bioasq,False,0,,,,,,,,,,False,factoid
62265c953a8413c653000084,Mistral-7B-Instruct-v0.1,bioasq,False,2,,,,,,,,,,False,factoid
622dfb133a8413c6530000a8,Mistral-7B-Instruct-v0.1,bioasq,False,2,,,,,,,,,,False,factoid
622b99f73a8413c653000093,Mistral-7B-Instruct-v0.1,bioasq,False,2,,,,,,,,,,False,factoid
622668b13a8413c653000088,Mistral-7B-Instruct-v0.1,bioasq,False,0,,,,,,,,,,False,factoid
622b9d593a8413c653000095,Mistral-7B-Instruct-v0.1,bioasq,True,3,1.0,-1.6017132519074577e-15,-8.008566259537289e-16,True,Prostate gland,True,1.0,1.0,-0.21563564724565368,False,factoid
621e59ce3a8413c65300004c,Mistral-7B-Instruct-v0.1,bioasq,False,2,,,,,,,,,,False,factoid
6237a5513a8413c6530000b0,Mistral-7B-Instruct-v0.1,bioasq,False,0,,,,,,,,,,False,factoid
62005e02c9dfcb9c09000018,Mistral-7B-Instruct-v0.1,bioasq,False,1,,,,,,,,,,False,factoid
61f7c883882a024a10000026,Mistral-7B-Instruct-v0.1,bioasq,False,2,,,,,,,,,,False,factoid
622b9e743a8413c653000097,Mistral-7B-Instruct-v0.1,bioasq,True,3,3.0,1.4999999999999956,0.7499999999999978,False,Ankylosing Spondylitis,True,1.0,1.0,-0.03176973281531698,False,factoid
6237ac143a8413c6530000b7,Mistral-7B-Instruct-v0.1,bioasq,False,2,,,,,,,,,,False,factoid
61f7c60c882a024a10000025,Mistral-7B-Instruct-v0.1,bioasq,False,0,,,,,,,,,,False,factoid
6226335d3a8413c653000082,Mistral-7B-Instruct-v0.1,bioasq,False,2,,,,,,,,,,False,factoid
621e63a43a8413c653000051,Mistral-7B-Instruct-v0.1,bioasq,False,1,,,,,,,,,,False,factoid
61f7ce26882a024a1000002d,Mistral-7B-Instruct-v0.1,bioasq,False,1,,,,,,,,,,False,factoid
623345bf3a8413c6530000ab,Mistral-7B-Instruct-v0.1,bioasq,False,1,,,,,,,,,,False,factoid
61f86c03882a024a10000044,Mistral-7B-Instruct-v0.1,bioasq,False,2,,,,,,,,,,False,factoid
622a5a7c3a8413c653000090,Mistral-7B-Instruct-v0.1,bioasq,False,2,,,,,,,,,,False,factoid
61f7cc0c882a024a1000002a,Mistral-7B-Instruct-v0.1,bioasq,False,1,,,,,,,,,,False,factoid
64403ab057b1c7a31500004d,Mistral-7B-Instruct-v0.1,bioasq,True,3,2.0,0.8112781244591301,0.40563906222956503,False,The number of injections of CLS-TA received by the patients participating in the PEACHTREE trial is not specified in the question.,False,0.0,0.0,-0.09363590986586132,False,factoid
6411b678201352f04a000036,Mistral-7B-Instruct-v0.1,bioasq,False,1,,,,,,,,,,False,factoid
643bc8f957b1c7a31500002b,Mistral-7B-Instruct-v0.1,bioasq,False,1,,,,,,,,,,False,factoid
64403be357b1c7a31500004e,Mistral-7B-Instruct-v0.1,bioasq,True,3,2.0,0.9999999999999971,0.49999999999999856,False,The duration of the follow-up period of patients in the PEACHTREE clinical trial was 2 years.,False,0.0,0.0,-0.14377633199967477,False,factoid
6440396957b1c7a31500004b,Mistral-7B-Instruct-v0.1,bioasq,False,0,,,,,,,,,,False,factoid
6431708a57b1c7a315000017,Mistral-7B-Instruct-v0.1,bioasq,False,1,,,,,,,,,,False,factoid
640f8641201352f04a00002c,Mistral-7B-Instruct-v0.1,bioasq,False,1,,,,,,,,,,False,factoid
644009c557b1c7a315000041,Mistral-7B-Instruct-v0.1,bioasq,False,2,,,,,,,,,,False,factoid
64371a4257b1c7a315000029,Mistral-7B-Instruct-v0.1,bioasq,True,3,2.0,0.8112781244591301,0.40563906222956503,False,These are called operons.,True,1.0,1.0,-0.16867487320476876,False,factoid
6440377c57b1c7a315000049,Mistral-7B-Instruct-v0.1,bioasq,False,2,,,,,,,,,,False,factoid
6441057657b1c7a315000052,Mistral-7B-Instruct-v0.1,bioasq,True,3,1.0,-1.6017132519074577e-15,-8.008566259537289e-16,True,The most commonly used pain scale for the measurement of pain in children is the Wong-Baker Faces Pain Rating Scale.,False,0.0,0.0,-0.03716930957534714,False,factoid
64257c9c690f196b5100004b,Mistral-7B-Instruct-v0.1,bioasq,False,1,,,,,,,,,,False,factoid
6429e85e57b1c7a315000009,Mistral-7B-Instruct-v0.1,bioasq,False,2,,,,,,,,,,False,factoid
6440393157b1c7a31500004a,Mistral-7B-Instruct-v0.1,bioasq,False,2,,,,,,,,,,False,factoid
6415b3b4690f196b51000009,Mistral-7B-Instruct-v0.1,bioasq,True,3,1.0,-1.6017132519074577e-15,-8.008566259537289e-16,True,Blue light.,False,0.0,0.0,-0.3358694310882129,False,factoid
6429fad757b1c7a31500000e,Mistral-7B-Instruct-v0.1,bioasq,True,3,2.0,0.8112781244591301,0.40563906222956503,False,The regulatory element that promotes RNA polymerase II binding as well as the binding of factors that facilitate the unwinding of DNA prior to translation is called,False,0.0,0.0,-0.05979870525218445,False,factoid
64402e7757b1c7a315000044,Mistral-7B-Instruct-v0.1,bioasq,False,1,,,,,,,,,,False,factoid
64425ce357b1c7a315000059,Mistral-7B-Instruct-v0.1,bioasq,False,2,,,,,,,,,,False,factoid
63f581e933942b094c000007,Mistral-7B-Instruct-v0.1,bioasq,False,2,,,,,,,,,,False,factoid
6431f7de57b1c7a31500001b,Mistral-7B-Instruct-v0.1,bioasq,False,2,,,,,,,,,,False,factoid
643f9eeb57b1c7a31500003c,Mistral-7B-Instruct-v0.1,bioasq,False,2,,,,,,,,,,False,factoid
6415c252690f196b51000011,Mistral-7B-Instruct-v0.1,bioasq,False,2,,,,,,,,,,False,factoid
63eeed0af36125a426000007,Mistral-7B-Instruct-v0.1,bioasq,False,0,,,,,,,,,,False,factoid
63f03ea0f36125a426000020,Mistral-7B-Instruct-v0.1,bioasq,False,2,,,,,,,,,,False,factoid
64179113690f196b5100002e,Mistral-7B-Instruct-v0.1,bioasq,False,0,,,,,,,,,,False,factoid
6415c9e9690f196b51000018,Mistral-7B-Instruct-v0.1,bioasq,False,2,,,,,,,,,,False,factoid
6432fc0457b1c7a31500001f,Mistral-7B-Instruct-v0.1,bioasq,False,2,,,,,,,,,,False,factoid
63f03c47f36125a42600001e,Mistral-7B-Instruct-v0.1,bioasq,False,1,,,,,,,,,,False,factoid
642c82c557b1c7a315000012,Mistral-7B-Instruct-v0.1,bioasq,False,2,,,,,,,,,,False,factoid
643305b257b1c7a315000025,Mistral-7B-Instruct-v0.1,bioasq,False,1,,,,,,,,,,False,factoid
641635fa690f196b5100001c,Mistral-7B-Instruct-v0.1,bioasq,False,2,,,,,,,,,,False,factoid
6433050157b1c7a315000024,Mistral-7B-Instruct-v0.1,bioasq,True,3,2.0,0.8112781244591301,0.40563906222956503,False,The first recombinant human C1 inhibitor protein (C1INH) for the treatment of acute attacks of hereditary angioed,False,0.0,0.0,-0.025504194379905698,False,factoid
6417900b690f196b5100002a,Mistral-7B-Instruct-v0.1,bioasq,False,1,,,,,,,,,,False,factoid
64178fea690f196b51000028,Mistral-7B-Instruct-v0.1,bioasq,False,0,,,,,,,,,,False,factoid
6426d131690f196b5100004e,Mistral-7B-Instruct-v0.1,bioasq,True,3,3.0,1.4999999999999956,0.7499999999999978,False,The Ashwell receptor is found in the spleen.,False,0.0,0.0,-0.13080082187549963,False,factoid
64178ffb690f196b51000029,Mistral-7B-Instruct-v0.1,bioasq,False,2,,,,,,,,,,False,factoid
63eeefc5f36125a426000009,Mistral-7B-Instruct-v0.1,bioasq,False,0,,,,,,,,,,False,factoid
64172bb2690f196b5100001e,Mistral-7B-Instruct-v0.1,bioasq,False,2,,,,,,,,,,False,factoid
641790d6690f196b5100002d,Mistral-7B-Instruct-v0.1,bioasq,True,3,2.0,0.8112781244591301,0.40563906222956503,False,Loss of independent ambulation in Duchenne muscular dystrophy usually occurs between the ages of 8-12 years old.,False,0.0,0.0,-0.10061035143216061,False,factoid
6428da74690f196b51000052,Mistral-7B-Instruct-v0.1,bioasq,False,2,,,,,,,,,,False,factoid
64179aac690f196b51000037,Mistral-7B-Instruct-v0.1,bioasq,False,2,,,,,,,,,,False,factoid
6422ee03690f196b51000046,Mistral-7B-Instruct-v0.1,bioasq,False,2,,,,,,,,,,False,factoid
6415c0df690f196b51000010,Mistral-7B-Instruct-v0.1,bioasq,False,0,,,,,,,,,,False,factoid
6412331b201352f04a000038,Mistral-7B-Instruct-v0.1,bioasq,False,0,,,,,,,,,,False,factoid
6415c8f1690f196b51000017,Mistral-7B-Instruct-v0.1,bioasq,True,3,4.0,1.9999999999999942,0.9999999999999971,False,"Paclitaxel, docetaxel, doxorubicin, and epirubicin have been approved for the treatment of various forms",False,0.0,0.0,-0.09786769985413635,False,factoid
63eeec79f36125a426000006,Mistral-7B-Instruct-v0.1,bioasq,False,1,,,,,,,,,,False,factoid
6422e2f1690f196b51000043,Mistral-7B-Instruct-v0.1,bioasq,False,2,,,,,,,,,,False,factoid
6429ad3857b1c7a315000003,Mistral-7B-Instruct-v0.1,bioasq,True,4,3.0,1.3709505944546645,0.590436283308407,False,Xist encodes a long non-coding RNA (lncRNA) molecule.,True,1.0,1.0,-0.13176141988166343,False,factoid
63f57d9b33942b094c000004,Mistral-7B-Instruct-v0.1,bioasq,True,3,1.0,-1.6017132519074577e-15,-8.008566259537289e-16,True,The amino acid implicated in Blue diaper syndrome is phenylalanine.,False,0.0,0.0,-0.114098145885452,False,factoid
6450ec0c57b1c7a31500008f,Mistral-7B-Instruct-v0.1,bioasq,False,1,,,,,,,,,,False,factoid
644ef46557b1c7a315000083,Mistral-7B-Instruct-v0.1,bioasq,False,2,,,,,,,,,,False,factoid
6432fdd857b1c7a315000020,Mistral-7B-Instruct-v0.1,bioasq,False,2,,,,,,,,,,False,factoid
6450ede757b1c7a315000090,Mistral-7B-Instruct-v0.1,bioasq,True,3,3.0,1.4999999999999956,0.7499999999999978,False,The onset age of Friedreich's Ataxia is typically between 5 and 15 years old.,False,0.0,0.0,-0.11789940163557276,False,factoid
63f03d58f36125a42600001f,Mistral-7B-Instruct-v0.1,bioasq,True,3,2.0,0.8112781244591301,0.40563906222956503,False,The topic of the World Hip Trauma Evaluation (WHiTE) trial was hip fractures.,True,1.0,1.0,-0.052868300688616095,False,factoid
644008a657b1c7a31500003f,Mistral-7B-Instruct-v0.1,bioasq,False,2,,,,,,,,,,False,factoid
644640de57b1c7a31500006b,Mistral-7B-Instruct-v0.1,bioasq,False,1,,,,,,,,,,False,factoid
64403a5857b1c7a31500004c,Mistral-7B-Instruct-v0.1,bioasq,False,1,,,,,,,,,,False,factoid
64402bb057b1c7a315000043,Mistral-7B-Instruct-v0.1,bioasq,False,2,,,,,,,,,,False,factoid
63eef8d6f36125a42600000f,Mistral-7B-Instruct-v0.1,bioasq,False,1,,,,,,,,,,False,factoid
64121f44201352f04a000037,Mistral-7B-Instruct-v0.1,bioasq,False,0,,,,,,,,,,False,factoid
6451029f57b1c7a315000094,Mistral-7B-Instruct-v0.1,bioasq,False,2,,,,,,,,,,False,factoid
6432f5f257b1c7a31500001c,Mistral-7B-Instruct-v0.1,bioasq,False,1,,,,,,,,,,False,factoid
6440420857b1c7a315000050,Mistral-7B-Instruct-v0.1,bioasq,False,0,,,,,,,,,,False,factoid
63eef4f5f36125a42600000b,Mistral-7B-Instruct-v0.1,bioasq,False,1,,,,,,,,,,False,factoid
640c842f201352f04a000025,Mistral-7B-Instruct-v0.1,bioasq,False,1,,,,,,,,,,False,factoid
64468b0757b1c7a315000070,Mistral-7B-Instruct-v0.1,bioasq,True,3,1.0,-1.6017132519074577e-15,-8.008566259537289e-16,True,Oculopharyngeal Muscular Dystrophy (OPMD) is caused by a mutation in the gene that codes for the protein spect,False,0.0,0.0,-0.14894879181535714,False,factoid
63f0494cf36125a426000028,Mistral-7B-Instruct-v0.1,bioasq,False,2,,,,,,,,,,False,factoid
640ddbe9201352f04a000027,Mistral-7B-Instruct-v0.1,bioasq,False,1,,,,,,,,,,False,factoid
644e81fa57b1c7a315000079,Mistral-7B-Instruct-v0.1,bioasq,False,1,,,,,,,,,,False,factoid
6415c7fb690f196b51000016,Mistral-7B-Instruct-v0.1,bioasq,False,2,,,,,,,,,,False,factoid
64468e0d57b1c7a315000071,Mistral-7B-Instruct-v0.1,bioasq,True,3,1.0,-1.6017132519074577e-15,-8.008566259537289e-16,True,"The incidence of Oculopharyngeal Muscular Dystrophy (OPMD) is approximately 1 in 10,00",False,0.0,0.0,-0.0932581905681431,False,factoid
63f04716f36125a426000025,Mistral-7B-Instruct-v0.1,bioasq,False,1,,,,,,,,,,False,factoid
644ec7fe57b1c7a315000082,Mistral-7B-Instruct-v0.1,bioasq,False,2,,,,,,,,,,False,factoid
63fa16d8201352f04a000002,Mistral-7B-Instruct-v0.1,bioasq,False,2,,,,,,,,,,False,factoid
6451060c57b1c7a315000096,Mistral-7B-Instruct-v0.1,bioasq,False,2,,,,,,,,,,False,factoid
61f7c904882a024a10000027,Mistral-7B-Instruct-v0.1,bioasq,False,1,,,,,,,,,,False,factoid
644ef78f57b1c7a315000084,Mistral-7B-Instruct-v0.1,bioasq,False,2,,,,,,,,,,False,factoid
644298cc57b1c7a315000062,Mistral-7B-Instruct-v0.1,bioasq,True,3,3.0,1.4999999999999956,0.7499999999999978,False,The cause of Facioscapulohumeral Muscular Dystrophy type 2 (FSHD2) is a mutation in the gene,False,0.0,0.0,-0.0940628233813321,False,factoid
6442933f57b1c7a315000060,Mistral-7B-Instruct-v0.1,bioasq,True,3,2.0,0.9999999999999971,0.49999999999999856,False,The cause of Facioscapulohumeral Muscular Dystrophy type 1 (FSHD1) is a mutation in the gene,False,0.0,0.0,-0.10155965122186217,False,factoid
640f857d201352f04a00002b,Mistral-7B-Instruct-v0.1,bioasq,False,2,,,,,,,,,,False,factoid
63eef3ebf36125a42600000a,Mistral-7B-Instruct-v0.1,bioasq,False,0,,,,,,,,,,False,factoid
64136fbf201352f04a00003d,Mistral-7B-Instruct-v0.1,bioasq,False,2,,,,,,,,,,False,factoid
6415c53e690f196b51000012,Mistral-7B-Instruct-v0.1,bioasq,True,3,4.0,1.9999999999999942,0.9999999999999971,False,"Keytruda was approved by the FDA for the treatment of metastatic non-small cell lung cancer on October 15, 201",False,0.0,0.0,-0.08693670816161525,False,factoid
6415bc8d690f196b5100000f,Mistral-7B-Instruct-v0.1,bioasq,True,3,3.0,1.4999999999999956,0.7499999999999978,False,"The estimated reduction in time when using online genetic counseling varies depending on the specific service and individual circumstances. However, it is generally estimated to be around 2",False,0.0,0.0,-0.29640294360900654,False,factoid
6415c599690f196b51000013,Mistral-7B-Instruct-v0.1,bioasq,False,1,,,,,,,,,,False,factoid
6414638c201352f04a000047,Mistral-7B-Instruct-v0.1,bioasq,False,1,,,,,,,,,,False,factoid
6414c4cf690f196b51000006,Mistral-7B-Instruct-v0.1,bioasq,True,3,4.0,1.9999999999999942,0.9999999999999971,False,Dermatillomania and skin picking disorder are two different conditions. Dermatillomania is a psychiatric disorder characterized by the compulsive,False,0.0,0.0,-0.22039943436328358,False,factoid
63eefa3bf36125a426000012,Mistral-7B-Instruct-v0.1,bioasq,False,2,,,,,,,,,,False,factoid
63eef60ef36125a42600000c,Mistral-7B-Instruct-v0.1,bioasq,False,2,,,,,,,,,,False,factoid
63f03fc8f36125a426000021,Mistral-7B-Instruct-v0.1,bioasq,False,1,,,,,,,,,,False,factoid
640c85e9201352f04a000026,Mistral-7B-Instruct-v0.1,bioasq,False,2,,,,,,,,,,False,factoid
6415bb3c690f196b5100000e,Mistral-7B-Instruct-v0.1,bioasq,False,2,,,,,,,,,,False,factoid
63f03ae6f36125a42600001d,Mistral-7B-Instruct-v0.1,bioasq,False,0,,,,,,,,,,False,factoid
63eeeaaaf36125a426000004,Mistral-7B-Instruct-v0.1,bioasq,False,2,,,,,,,,,,False,factoid
64138ce8201352f04a000042,Mistral-7B-Instruct-v0.1,bioasq,False,1,,,,,,,,,,False,factoid
63f9cd0b33942b094c000010,Mistral-7B-Instruct-v0.1,bioasq,True,3,4.0,1.9999999999999942,0.9999999999999971,False,Alternative microexon splicing by RBFOX2 and PTBP1 is associated with the development of certain types of cancer.,False,0.0,0.0,-0.23440214314268057,False,factoid
63f56f7533942b094c000002,Mistral-7B-Instruct-v0.1,bioasq,False,2,,,,,,,,,,False,factoid
63eeeb70f36125a426000005,Mistral-7B-Instruct-v0.1,bioasq,False,1,,,,,,,,,,False,factoid
65f7736fc4010b4d78000024,Mistral-7B-Instruct-v0.1,bioasq,False,2,,,,,,,,,,False,factoid
65f7728fc4010b4d78000021,Mistral-7B-Instruct-v0.1,bioasq,False,1,,,,,,,,,,False,factoid
65f494d7c4010b4d78000013,Mistral-7B-Instruct-v0.1,bioasq,False,2,,,,,,,,,,False,factoid
64179034690f196b5100002b,Mistral-7B-Instruct-v0.1,bioasq,False,2,,,,,,,,,,False,factoid
65f77397c4010b4d78000025,Mistral-7B-Instruct-v0.1,bioasq,True,3,2.0,0.8112781244591301,0.40563906222956503,False,The proportion of alteration in NTRK genes attributable to colorectal cancer is not specified in the question.,False,0.0,0.0,-0.14247743987071607,False,factoid
65cfd4b21930410b13000020,Mistral-7B-Instruct-v0.1,bioasq,False,1,,,,,,,,,,False,factoid
65f8447fc4010b4d78000043,Mistral-7B-Instruct-v0.1,bioasq,False,1,,,,,,,,,,False,factoid
6451007857b1c7a315000093,Mistral-7B-Instruct-v0.1,bioasq,False,2,,,,,,,,,,False,factoid
65f70b9cc4010b4d7800001c,Mistral-7B-Instruct-v0.1,bioasq,False,0,,,,,,,,,,False,factoid
65cec1fb1930410b13000005,Mistral-7B-Instruct-v0.1,bioasq,False,0,,,,,,,,,,False,factoid
65f856a1c4010b4d7800004e,Mistral-7B-Instruct-v0.1,bioasq,False,2,,,,,,,,,,False,factoid
65f86ba3c4010b4d78000059,Mistral-7B-Instruct-v0.1,bioasq,False,0,,,,,,,,,,False,factoid
65f38059c4010b4d7800000e,Mistral-7B-Instruct-v0.1,bioasq,False,1,,,,,,,,,,False,factoid
65cfa22b1930410b1300000c,Mistral-7B-Instruct-v0.1,bioasq,False,0,,,,,,,,,,False,factoid
65f039fdc4010b4d78000002,Mistral-7B-Instruct-v0.1,bioasq,False,2,,,,,,,,,,False,factoid
65f37997c4010b4d7800000b,Mistral-7B-Instruct-v0.1,bioasq,False,1,,,,,,,,,,False,factoid
65f493cac4010b4d78000012,Mistral-7B-Instruct-v0.1,bioasq,False,0,,,,,,,,,,False,factoid
65f85ec7c4010b4d78000052,Mistral-7B-Instruct-v0.1,bioasq,False,2,,,,,,,,,,False,factoid
65cfa37c1930410b1300000d,Mistral-7B-Instruct-v0.1,bioasq,False,1,,,,,,,,,,False,factoid
65d1357c1930410b13000039,Mistral-7B-Instruct-v0.1,bioasq,False,1,,,,,,,,,,False,factoid
65f82058c4010b4d7800003d,Mistral-7B-Instruct-v0.1,bioasq,False,2,,,,,,,,,,False,factoid
65d36e761930410b13000044,Mistral-7B-Instruct-v0.1,bioasq,False,2,,,,,,,,,,False,factoid
65d144b81930410b13000041,Mistral-7B-Instruct-v0.1,bioasq,False,1,,,,,,,,,,False,factoid
662cfc88187cba990d000008,Mistral-7B-Instruct-v0.1,bioasq,True,3,4.0,1.9999999999999942,0.9999999999999971,False,TRNT1 catalyzes the nucleotidyl transfer of a guanine nucleotide from guanosine triphosphate (GTP),False,0.0,0.0,-0.2712602118514269,False,factoid
66300d3e187cba990d00001b,Mistral-7B-Instruct-v0.1,bioasq,False,2,,,,,,,,,,False,factoid
65cfdf1c1930410b13000028,Mistral-7B-Instruct-v0.1,bioasq,False,2,,,,,,,,,,False,factoid
662a4b08b9f8b89d7e00000b,Mistral-7B-Instruct-v0.1,bioasq,False,1,,,,,,,,,,False,factoid
6630154c187cba990d000021,Mistral-7B-Instruct-v0.1,bioasq,False,2,,,,,,,,,,False,factoid
663016bb187cba990d000023,Mistral-7B-Instruct-v0.1,bioasq,False,2,,,,,,,,,,False,factoid
66302487187cba990d000031,Mistral-7B-Instruct-v0.1,bioasq,True,3,4.0,1.9999999999999942,0.9999999999999971,False,"PUL-2 is a gene that encodes a protein called dystrophin-glycoprotein complex subunit 2, which is involved",False,0.0,0.0,-0.3471634532276937,False,factoid
66099907fdcbea915f000015,Mistral-7B-Instruct-v0.1,bioasq,False,2,,,,,,,,,,False,factoid
662cfbf5187cba990d000007,Mistral-7B-Instruct-v0.1,bioasq,False,1,,,,,,,,,,False,factoid
66151045fdcbea915f000048,Mistral-7B-Instruct-v0.1,bioasq,False,2,,,,,,,,,,False,factoid
66156200fdcbea915f00004d,Mistral-7B-Instruct-v0.1,bioasq,True,3,4.0,1.9999999999999942,0.9999999999999971,False,The gold standard for a diagnosis of narcolepsy is a combination of a polysomnographic study showing sleep onset REM sleep (SOREMS,False,0.0,0.0,-0.3497082842423822,False,factoid
6630390b187cba990d000035,Mistral-7B-Instruct-v0.1,bioasq,False,2,,,,,,,,,,False,factoid
66214c5db9f8b89d7e000002,Mistral-7B-Instruct-v0.1,bioasq,False,2,,,,,,,,,,False,factoid
662cfd21187cba990d000009,Mistral-7B-Instruct-v0.1,bioasq,True,3,1.0,-1.6017132519074577e-15,-8.008566259537289e-16,True,LRP6 is a member of the low-density lipoprotein receptor (LDLR) superfamily of cell-surface receptors.,False,0.0,0.0,-0.061652102968472455,False,factoid
66301e04187cba990d000027,Mistral-7B-Instruct-v0.1,bioasq,False,1,,,,,,,,,,False,factoid
662fbec6187cba990d00000f,Mistral-7B-Instruct-v0.1,bioasq,True,3,4.0,1.9999999999999942,0.9999999999999971,False,The clinical indication for Transarterial Chemoembolization (TACE) in liver metastasis for colorectal cancer is the treatment of liver,False,0.0,0.0,-0.12434166632644938,False,factoid
66300ee7187cba990d00001c,Mistral-7B-Instruct-v0.1,bioasq,True,3,4.0,1.9999999999999942,0.9999999999999971,False,The prevalence of intellectual developmental disorders in Duchenne Muscular Dystrophy is approximately 50%.,False,0.0,0.0,-0.13705507748242624,False,factoid
660c0071fdcbea915f00002b,Mistral-7B-Instruct-v0.1,bioasq,True,3,3.0,1.4999999999999956,0.7499999999999978,False,Ixodes,True,1.0,1.0,-0.08067558845505118,False,factoid
66088ffafdcbea915f00000f,Mistral-7B-Instruct-v0.1,bioasq,False,1,,,,,,,,,,False,factoid
65f86b3ac4010b4d78000058,Mistral-7B-Instruct-v0.1,bioasq,True,3,4.0,1.9999999999999942,0.9999999999999971,False,"The estimated impact of social determinants of health on health outcomes varies widely depending on the specific determinant and population being studied. However, research consistently shows that social",False,0.0,0.0,-0.1640884338194759,False,factoid
65f7798dc4010b4d78000038,Mistral-7B-Instruct-v0.1,bioasq,False,2,,,,,,,,,,False,factoid
65cfd3961930410b1300001f,Mistral-7B-Instruct-v0.1,bioasq,False,1,,,,,,,,,,False,factoid
65cfdaae1930410b13000025,Mistral-7B-Instruct-v0.1,bioasq,False,2,,,,,,,,,,False,factoid
65f7785dc4010b4d78000033,Mistral-7B-Instruct-v0.1,bioasq,True,3,1.0,-1.6017132519074577e-15,-8.008566259537289e-16,True,The most appropriate initial chemotherapy regimen in Total Neoadjuvant Therapy (TNT) for locally advanced rectal cancer patients is FOLFO,False,0.0,0.0,-0.061404136167038104,False,factoid
66088d66fdcbea915f00000c,Mistral-7B-Instruct-v0.1,bioasq,False,2,,,,,,,,,,False,factoid
65cf6ae91930410b13000007,Mistral-7B-Instruct-v0.1,bioasq,False,2,,,,,,,,,,False,factoid
65cfaf7e1930410b13000016,Mistral-7B-Instruct-v0.1,bioasq,False,0,,,,,,,,,,False,factoid
65f77a71c4010b4d7800003b,Mistral-7B-Instruct-v0.1,bioasq,True,3,3.0,1.4999999999999956,0.7499999999999978,False,The appropriate treatment in HER2Neu amplificated refractory advanced colorectal cancer patients is trastuzumab plus pertuzum,False,0.0,0.0,-0.19315413925954594,False,factoid
660bb7f9fdcbea915f000029,Mistral-7B-Instruct-v0.1,bioasq,True,3,1.0,-1.6017132519074577e-15,-8.008566259537289e-16,True,The drug administered to the mother for the prevention of lung immaturity when a preterm delivery is anticipated is called corticosteroids.,True,1.0,1.0,-0.07290789365405885,False,factoid
66099c01fdcbea915f000023,Mistral-7B-Instruct-v0.1,bioasq,False,1,,,,,,,,,,False,factoid
660877c8fdcbea915f000008,Mistral-7B-Instruct-v0.1,bioasq,True,3,3.0,1.4999999999999956,0.7499999999999978,False,Mitochondria.,True,1.0,1.0,-0.15959084106264396,False,factoid
65cfd02e1930410b1300001c,Mistral-7B-Instruct-v0.1,bioasq,True,3,3.0,1.4999999999999956,0.7499999999999978,False,VX-548 targets the voltage-gated sodium channel.,False,0.0,0.0,-0.2130897879848837,False,factoid
66099926fdcbea915f000016,Mistral-7B-Instruct-v0.1,bioasq,False,2,,,,,,,,,,False,factoid
65f37bb1c4010b4d7800000d,Mistral-7B-Instruct-v0.1,bioasq,False,1,,,,,,,,,,False,factoid
660c0486fdcbea915f00002d,Mistral-7B-Instruct-v0.1,bioasq,False,2,,,,,,,,,,False,factoid
66099a25fdcbea915f00001e,Mistral-7B-Instruct-v0.1,bioasq,True,3,2.0,0.8112781244591301,0.40563906222956503,False,The first-line treatment for BRAF mutated advanced colorectal cancer patients is typically a combination of a BRAF kinase inhibitor (,False,0.0,0.0,-0.10587690144224737,False,factoid
6616547dfdcbea915f00004f,Mistral-7B-Instruct-v0.1,bioasq,False,2,,,,,,,,,,False,factoid
661d96c9eac11fad33000028,Mistral-7B-Instruct-v0.1,bioasq,False,2,,,,,,,,,,False,factoid
661d48a2eac11fad33000018,Mistral-7B-Instruct-v0.1,bioasq,False,1,,,,,,,,,,False,factoid
65cebc0c1930410b13000003,Mistral-7B-Instruct-v0.1,bioasq,False,2,,,,,,,,,,False,factoid
65cfcd541930410b13000019,Mistral-7B-Instruct-v0.1,bioasq,False,1,,,,,,,,,,False,factoid
65f85fdbc4010b4d78000054,Mistral-7B-Instruct-v0.1,bioasq,False,1,,,,,,,,,,False,factoid
66099967fdcbea915f000018,Mistral-7B-Instruct-v0.1,bioasq,False,2,,,,,,,,,,False,factoid
661be55f48a2c27714000003,Mistral-7B-Instruct-v0.1,bioasq,False,2,,,,,,,,,,False,factoid
66099a03fdcbea915f00001d,Mistral-7B-Instruct-v0.1,bioasq,True,3,2.0,0.8112781244591301,0.40563906222956503,False,The recommended age to start population screening for colorectal cancer is 50 years old.,False,0.0,0.0,-0.1062364030602117,False,factoid
660d7324fdcbea915f000040,Mistral-7B-Instruct-v0.1,bioasq,False,0,,,,,,,,,,False,factoid
660999e7fdcbea915f00001c,Mistral-7B-Instruct-v0.1,bioasq,False,2,,,,,,,,,,False,factoid
661d6252eac11fad33000025,Mistral-7B-Instruct-v0.1,bioasq,False,1,,,,,,,,,,False,factoid
661c424588784bab31000001,Mistral-7B-Instruct-v0.1,bioasq,False,2,,,,,,,,,,False,factoid
661d6473eac11fad33000027,Mistral-7B-Instruct-v0.1,bioasq,False,2,,,,,,,,,,False,factoid
65ef8502dffffb9b6b000003,Mistral-7B-Instruct-v0.1,bioasq,False,0,,,,,,,,,,False,factoid
66165f2afdcbea915f000051,Mistral-7B-Instruct-v0.1,bioasq,False,0,,,,,,,,,,False,factoid
65f774a4c4010b4d78000029,Mistral-7B-Instruct-v0.1,bioasq,False,1,,,,,,,,,,False,factoid
660982eefdcbea915f000012,Mistral-7B-Instruct-v0.1,bioasq,False,2,,,,,,,,,,False,factoid
65cfa8f81930410b13000010,Mistral-7B-Instruct-v0.1,bioasq,True,3,3.0,1.4999999999999956,0.7499999999999978,False,The mutation associated with VEXAS syndrome is a missense mutation in the VEGF-A gene.,False,0.0,0.0,-0.40829137869164694,False,factoid
661d5c97eac11fad33000021,Mistral-7B-Instruct-v0.1,bioasq,False,1,,,,,,,,,,False,factoid
65f777d7c4010b4d78000032,Mistral-7B-Instruct-v0.1,bioasq,False,2,,,,,,,,,,False,factoid
6614f672fdcbea915f000042,Mistral-7B-Instruct-v0.1,bioasq,False,2,,,,,,,,,,False,factoid
65d134bd1930410b13000037,Mistral-7B-Instruct-v0.1,bioasq,False,1,,,,,,,,,,False,factoid
65f7789dc4010b4d78000034,Mistral-7B-Instruct-v0.1,bioasq,True,3,2.0,0.8112781244591301,0.40563906222956503,False,There is no single most reliable liquid biopsy technique after complete resection of colorectal cancer metastases. The choice of technique depends on various,False,0.0,0.0,-0.18928467643313573,False,factoid
65f59e46c4010b4d78000015,Mistral-7B-Instruct-v0.1,bioasq,False,2,,,,,,,,,,False,factoid
661d4c2eeac11fad3300001a,Mistral-7B-Instruct-v0.1,bioasq,True,3,2.0,0.8112781244591301,0.40563906222956503,False,Rett Syndrome is caused by a mutation in the MECP2 gene.,False,0.0,0.0,-0.07858659402156838,False,factoid
