id,model,dataset,included,m,n_clusters,entropy,norm_entropy,is_zero,pred,correct,em,f1,confidence,is_unanswerable,qtype
56dddf4066d3e219004dad5f,Meta-Llama-3-8B-Instruct,squad2,False,0,,,,,,,,,,False,squad2
56dddf4066d3e219004dad61,Meta-Llama-3-8B-Instruct,squad2,False,0,,,,,,,,,,False,squad2
5ad3a266604f3c001a3fea2b,Meta-Llama-3-8B-Instruct,squad2,False,1,,,,,,,,,,True,squad2
5ad3ab70604f3c001a3feb89,Meta-Llama-3-8B-Instruct,squad2,False,2,,,,,,,,,,True,squad2
5ad3ab70604f3c001a3feb8a,Meta-Llama-3-8B-Instruct,squad2,False,1,,,,,,,,,,True,squad2
56dde0ba66d3e219004dad75,Meta-Llama-3-8B-Instruct,squad2,False,1,,,,,,,,,,False,squad2
5ad3ae14604f3c001a3fec39,Meta-Llama-3-8B-Instruct,squad2,False,2,,,,,,,,,,True,squad2
56dde27d9a695914005b9651,Meta-Llama-3-8B-Instruct,squad2,False,0,,,,,,,,,,False,squad2
56dde2fa66d3e219004dad9b,Meta-Llama-3-8B-Instruct,squad2,False,2,,,,,,,,,,False,squad2
5ad3dbc6604f3c001a3ff3ec,Meta-Llama-3-8B-Instruct,squad2,False,2,,,,,,,,,,True,squad2
56de0ffd4396321400ee258e,Meta-Llama-3-8B-Instruct,squad2,True,3,2.0,0.8112781244591301,0.40563906222956503,False,In the 1060s.,True,1.0,1.0,-0.0597275190506279,False,squad2
5ad3de8b604f3c001a3ff469,Meta-Llama-3-8B-Instruct,squad2,False,0,,,,,,,,,,True,squad2
5ad3ed26604f3c001a3ff79b,Meta-Llama-3-8B-Instruct,squad2,False,2,,,,,,,,,,True,squad2
56de15dbcffd8e1900b4b5ca,Meta-Llama-3-8B-Instruct,squad2,False,2,,,,,,,,,,False,squad2
5ad3f187604f3c001a3ff871,Meta-Llama-3-8B-Instruct,squad2,False,2,,,,,,,,,,True,squad2
5ad3f6f5604f3c001a3ffa0a,Meta-Llama-3-8B-Instruct,squad2,False,0,,,,,,,,,,True,squad2
56de3e414396321400ee26d9,Meta-Llama-3-8B-Instruct,squad2,False,2,,,,,,,,,,False,squad2
5ad40358604f3c001a3ffd7d,Meta-Llama-3-8B-Instruct,squad2,False,2,,,,,,,,,,True,squad2
5ad532575b96ef001a10ab7c,Meta-Llama-3-8B-Instruct,squad2,False,1,,,,,,,,,,True,squad2
5ad5364c5b96ef001a10ab91,Meta-Llama-3-8B-Instruct,squad2,False,2,,,,,,,,,,True,squad2
56e17e6ee3433e1400422f81,Meta-Llama-3-8B-Instruct,squad2,False,0,,,,,,,,,,False,squad2
5ad537a15b96ef001a10ab9c,Meta-Llama-3-8B-Instruct,squad2,False,2,,,,,,,,,,True,squad2
56e181d9e3433e1400422fa0,Meta-Llama-3-8B-Instruct,squad2,False,0,,,,,,,,,,False,squad2
56e19724cd28a01900c679fa,Meta-Llama-3-8B-Instruct,squad2,False,0,,,,,,,,,,False,squad2
5ad53e615b96ef001a10abda,Meta-Llama-3-8B-Instruct,squad2,False,1,,,,,,,,,,True,squad2
5ad541ad5b96ef001a10abee,Meta-Llama-3-8B-Instruct,squad2,False,0,,,,,,,,,,True,squad2
56e1a564cd28a01900c67a4b,Meta-Llama-3-8B-Instruct,squad2,False,0,,,,,,,,,,False,squad2
56e1aba0e3433e1400423094,Meta-Llama-3-8B-Instruct,squad2,False,1,,,,,,,,,,False,squad2
5ad547945b96ef001a10ac18,Meta-Llama-3-8B-Instruct,squad2,False,1,,,,,,,,,,True,squad2
5ad5489b5b96ef001a10ac2c,Meta-Llama-3-8B-Instruct,squad2,False,2,,,,,,,,,,True,squad2
56e1b62ecd28a01900c67aa3,Meta-Llama-3-8B-Instruct,squad2,False,2,,,,,,,,,,False,squad2
56e1b754cd28a01900c67abd,Meta-Llama-3-8B-Instruct,squad2,False,0,,,,,,,,,,False,squad2
5ad54b035b96ef001a10ac53,Meta-Llama-3-8B-Instruct,squad2,False,2,,,,,,,,,,True,squad2
5ad54b035b96ef001a10ac54,Meta-Llama-3-8B-Instruct,squad2,False,0,,,,,,,,,,True,squad2
5ad54c2f5b96ef001a10ac5c,Meta-Llama-3-8B-Instruct,squad2,False,2,,,,,,,,,,True,squad2
5ad54c2f5b96ef001a10ac5f,Meta-Llama-3-8B-Instruct,squad2,False,0,,,,,,,,,,True,squad2
5ad54d625b96ef001a10ac66,Meta-Llama-3-8B-Instruct,squad2,False,1,,,,,,,,,,True,squad2
56e1c0f6cd28a01900c67b2c,Meta-Llama-3-8B-Instruct,squad2,False,0,,,,,,,,,,False,squad2
5ad55ee35b96ef001a10ace4,Meta-Llama-3-8B-Instruct,squad2,False,2,,,,,,,,,,True,squad2
56e1c4fce3433e1400423151,Meta-Llama-3-8B-Instruct,squad2,False,1,,,,,,,,,,False,squad2
5ad560b85b96ef001a10ad20,Meta-Llama-3-8B-Instruct,squad2,False,2,,,,,,,,,,True,squad2
5ad560b85b96ef001a10ad21,Meta-Llama-3-8B-Instruct,squad2,False,1,,,,,,,,,,True,squad2
56e1c720e3433e140042316a,Meta-Llama-3-8B-Instruct,squad2,False,0,,,,,,,,,,False,squad2
56e1c9bfe3433e1400423196,Meta-Llama-3-8B-Instruct,squad2,False,0,,,,,,,,,,False,squad2
56e1dc62cd28a01900c67bcd,Meta-Llama-3-8B-Instruct,squad2,False,2,,,,,,,,,,False,squad2
5ad568d35b96ef001a10ae1d,Meta-Llama-3-8B-Instruct,squad2,True,3,3.0,1.4999999999999956,0.7499999999999978,False,Three.,False,0.0,0.0,-0.5272277537733316,True,squad2
56e1e9dfe3433e14004231fc,Meta-Llama-3-8B-Instruct,squad2,True,3,3.0,1.4999999999999956,0.7499999999999978,False,The graph isomorphism problem.,True,1.0,1.0,-0.012740370875022222,False,squad2
56e1e9dfe3433e14004231ff,Meta-Llama-3-8B-Instruct,squad2,False,0,,,,,,,,,,False,squad2
5ad569c05b96ef001a10ae3a,Meta-Llama-3-8B-Instruct,squad2,False,0,,,,,,,,,,True,squad2
5ad56bcd5b96ef001a10ae62,Meta-Llama-3-8B-Instruct,squad2,False,2,,,,,,,,,,True,squad2
56e1f10ee3433e1400423222,Meta-Llama-3-8B-Instruct,squad2,True,3,1.0,-1.6017132519074577e-15,-8.008566259537289e-16,True,L,True,1.0,1.0,-0.001821881887735799,False,squad2
56e1fc57e3433e140042322c,Meta-Llama-3-8B-Instruct,squad2,False,1,,,,,,,,,,False,squad2
56e1febfe3433e1400423237,Meta-Llama-3-8B-Instruct,squad2,False,1,,,,,,,,,,False,squad2
56e2042ecd28a01900c67c20,Meta-Llama-3-8B-Instruct,squad2,False,1,,,,,,,,,,False,squad2
5ad5719f5b96ef001a10aeee,Meta-Llama-3-8B-Instruct,squad2,False,2,,,,,,,,,,True,squad2
56e20a3ae3433e140042324a,Meta-Llama-3-8B-Instruct,squad2,False,2,,,,,,,,,,False,squad2
5ad0185a77cf76001a6869b8,Meta-Llama-3-8B-Instruct,squad2,False,2,,,,,,,,,,True,squad2
5ad0185a77cf76001a6869b9,Meta-Llama-3-8B-Instruct,squad2,False,1,,,,,,,,,,True,squad2
5705e4fe75f01819005e7704,Meta-Llama-3-8B-Instruct,squad2,True,3,1.0,-1.6017132519074577e-15,-8.008566259537289e-16,True,Colorado River,True,1.0,1.0,-0.14341007421050259,False,squad2
5ad0206677cf76001a686afc,Meta-Llama-3-8B-Instruct,squad2,False,1,,,,,,,,,,True,squad2
5ad0220a77cf76001a686b2b,Meta-Llama-3-8B-Instruct,squad2,False,1,,,,,,,,,,True,squad2
5705edcd52bb8914006896ce,Meta-Llama-3-8B-Instruct,squad2,False,1,,,,,,,,,,False,squad2
5705eee952bb8914006896e0,Meta-Llama-3-8B-Instruct,squad2,False,2,,,,,,,,,,False,squad2
5705fb7f52bb891400689752,Meta-Llama-3-8B-Instruct,squad2,False,1,,,,,,,,,,False,squad2
5705fd8475f01819005e7844,Meta-Llama-3-8B-Instruct,squad2,False,1,,,,,,,,,,False,squad2
5705fec152bb89140068977d,Meta-Llama-3-8B-Instruct,squad2,False,2,,,,,,,,,,False,squad2
5705ffde52bb891400689784,Meta-Llama-3-8B-Instruct,squad2,False,1,,,,,,,,,,False,squad2
570603c475f01819005e7882,Meta-Llama-3-8B-Instruct,squad2,False,0,,,,,,,,,,False,squad2
5706074552bb8914006897d6,Meta-Llama-3-8B-Instruct,squad2,False,1,,,,,,,,,,False,squad2
5ad042cf77cf76001a686f28,Meta-Llama-3-8B-Instruct,squad2,True,3,2.0,0.8112781244591301,0.40563906222956503,False,unanswerable,True,1.0,1.0,-0.1983112675202392,True,squad2
570607f575f01819005e78b5,Meta-Llama-3-8B-Instruct,squad2,False,2,,,,,,,,,,False,squad2
57060a1175f01819005e78d4,Meta-Llama-3-8B-Instruct,squad2,False,0,,,,,,,,,,False,squad2
5ad0461477cf76001a686f7b,Meta-Llama-3-8B-Instruct,squad2,False,0,,,,,,,,,,True,squad2
57060cc352bb89140068980f,Meta-Llama-3-8B-Instruct,squad2,False,1,,,,,,,,,,False,squad2
57060eaf75f01819005e7912,Meta-Llama-3-8B-Instruct,squad2,False,0,,,,,,,,,,False,squad2
57060f3e75f01819005e7922,Meta-Llama-3-8B-Instruct,squad2,False,0,,,,,,,,,,False,squad2
5706139252bb891400689868,Meta-Llama-3-8B-Instruct,squad2,False,2,,,,,,,,,,False,squad2
5ad04ecf77cf76001a686faf,Meta-Llama-3-8B-Instruct,squad2,False,1,,,,,,,,,,True,squad2
5ad04ecf77cf76001a686fb2,Meta-Llama-3-8B-Instruct,squad2,False,2,,,,,,,,,,True,squad2
5706143575f01819005e7953,Meta-Llama-3-8B-Instruct,squad2,True,3,1.0,-1.6017132519074577e-15,-8.008566259537289e-16,True,Los Angeles Kings.,True,1.0,1.0,-0.06936392633242576,False,squad2
5ad051be77cf76001a686fd0,Meta-Llama-3-8B-Instruct,squad2,False,2,,,,,,,,,,True,squad2
5a2c0c2fbfd06b001a5ae99c,Meta-Llama-3-8B-Instruct,squad2,True,3,1.0,-1.6017132519074577e-15,-8.008566259537289e-16,True,Two.,False,0.0,0.0,-0.25576857724293706,True,squad2
5a2c0c2fbfd06b001a5ae99d,Meta-Llama-3-8B-Instruct,squad2,False,1,,,,,,,,,,True,squad2
5a2c14b4bfd06b001a5ae9d5,Meta-Llama-3-8B-Instruct,squad2,False,2,,,,,,,,,,True,squad2
5a2c3a5cbfd06b001a5aea7b,Meta-Llama-3-8B-Instruct,squad2,False,1,,,,,,,,,,True,squad2
570953a7efce8f15003a7e01,Meta-Llama-3-8B-Instruct,squad2,True,3,1.0,-1.6017132519074577e-15,-8.008566259537289e-16,True,Video On Demand content.,True,1.0,1.0,-0.01540073680128747,False,squad2
570960cf200fba1400367f02,Meta-Llama-3-8B-Instruct,squad2,False,2,,,,,,,,,,False,squad2
570963a5200fba1400367f33,Meta-Llama-3-8B-Instruct,squad2,False,0,,,,,,,,,,False,squad2
5a2c07d5bfd06b001a5ae980,Meta-Llama-3-8B-Instruct,squad2,False,1,,,,,,,,,,True,squad2
570967c4ed30961900e840bc,Meta-Llama-3-8B-Instruct,squad2,False,2,,,,,,,,,,False,squad2
5a2c30dabfd06b001a5aea29,Meta-Llama-3-8B-Instruct,squad2,False,1,,,,,,,,,,True,squad2
5a2c1622bfd06b001a5ae9e1,Meta-Llama-3-8B-Instruct,squad2,False,2,,,,,,,,,,True,squad2
57096c95200fba1400367fbf,Meta-Llama-3-8B-Instruct,squad2,True,3,2.0,0.8112781244591301,0.40563906222956503,False,Sky service.,True,1.0,1.0,-0.1356167651823057,False,squad2
57096e1ced30961900e84103,Meta-Llama-3-8B-Instruct,squad2,False,1,,,,,,,,,,False,squad2
57096f37200fba1400367fe5,Meta-Llama-3-8B-Instruct,squad2,False,2,,,,,,,,,,False,squad2
57096f37200fba1400367fe6,Meta-Llama-3-8B-Instruct,squad2,True,3,1.0,-1.6017132519074577e-15,-8.008566259537289e-16,True,"£15-100,000",False,0.0,0.0,-0.1259294719848429,False,squad2
57096f37200fba1400367fe9,Meta-Llama-3-8B-Instruct,squad2,False,2,,,,,,,,,,False,squad2
5a2c0fb8bfd06b001a5ae9b9,Meta-Llama-3-8B-Instruct,squad2,False,1,,,,,,,,,,True,squad2
5a2c0fb8bfd06b001a5ae9bb,Meta-Llama-3-8B-Instruct,squad2,False,2,,,,,,,,,,True,squad2
57097b50200fba140036804d,Meta-Llama-3-8B-Instruct,squad2,True,3,2.0,0.9999999999999971,0.49999999999999856,False,10 million homes.,False,0.0,0.8,-0.13689151437602048,False,squad2
5a6374de68151a001a9222ea,Meta-Llama-3-8B-Instruct,squad2,False,1,,,,,,,,,,True,squad2
570d2556fed7b91900d45c47,Meta-Llama-3-8B-Instruct,squad2,False,1,,,,,,,,,,False,squad2
570d2556fed7b91900d45c4a,Meta-Llama-3-8B-Instruct,squad2,False,2,,,,,,,,,,False,squad2
570d29c2b3d812140066d4be,Meta-Llama-3-8B-Instruct,squad2,False,1,,,,,,,,,,False,squad2
5a63888168151a001a922341,Meta-Llama-3-8B-Instruct,squad2,False,1,,,,,,,,,,True,squad2
5a636c5a68151a001a9222c8,Meta-Llama-3-8B-Instruct,squad2,False,1,,,,,,,,,,True,squad2
5a636c5a68151a001a9222ca,Meta-Llama-3-8B-Instruct,squad2,False,1,,,,,,,,,,True,squad2
570d2d68fed7b91900d45cbc,Meta-Llama-3-8B-Instruct,squad2,True,3,1.0,-1.6017132519074577e-15,-8.008566259537289e-16,True,50%,True,1.0,1.0,-0.08096761299141993,False,squad2
570d2d68fed7b91900d45cbd,Meta-Llama-3-8B-Instruct,squad2,False,2,,,,,,,,,,False,squad2
5a638d2768151a001a922372,Meta-Llama-3-8B-Instruct,squad2,False,0,,,,,,,,,,True,squad2
570d2f5bfed7b91900d45cd2,Meta-Llama-3-8B-Instruct,squad2,True,3,2.0,0.9999999999999971,0.49999999999999856,False,"entrenched"" provisions that require either an absolute majority in both houses, a three-fifths majority in both houses, or the approval of the Victorian people",False,0.0,0.18181818181818182,-0.07962544853102171,False,squad2
5a6395e668151a001a9223a3,Meta-Llama-3-8B-Instruct,squad2,False,2,,,,,,,,,,True,squad2
570d32e4fed7b91900d45d01,Meta-Llama-3-8B-Instruct,squad2,False,1,,,,,,,,,,False,squad2
570d32e4fed7b91900d45d02,Meta-Llama-3-8B-Instruct,squad2,True,3,1.0,-1.6017132519074577e-15,-8.008566259537289e-16,True,The Victoria Department of Education.,True,1.0,1.0,-0.08739458636418769,False,squad2
570d3468b3d812140066d547,Meta-Llama-3-8B-Instruct,squad2,False,2,,,,,,,,,,False,squad2
5a63969068151a001a9223ab,Meta-Llama-3-8B-Instruct,squad2,False,2,,,,,,,,,,True,squad2
5a63969068151a001a9223ac,Meta-Llama-3-8B-Instruct,squad2,False,1,,,,,,,,,,True,squad2
5a63969068151a001a9223ad,Meta-Llama-3-8B-Instruct,squad2,False,2,,,,,,,,,,True,squad2
5a63981168151a001a9223b7,Meta-Llama-3-8B-Instruct,squad2,False,1,,,,,,,,,,True,squad2
5a63730568151a001a9222e0,Meta-Llama-3-8B-Instruct,squad2,False,2,,,,,,,,,,True,squad2
570d4329fed7b91900d45dd7,Meta-Llama-3-8B-Instruct,squad2,True,3,2.0,0.8112781244591301,0.40563906222956503,False,1 July 1851,True,1.0,1.0,-0.02338872485900841,False,squad2
570d44abb3d812140066d601,Meta-Llama-3-8B-Instruct,squad2,True,3,2.0,0.9999999999999971,0.49999999999999856,False,Over 61%.,False,0.0,0.6666666666666666,-0.2642685965650344,False,squad2
5a638b3668151a001a92235e,Meta-Llama-3-8B-Instruct,squad2,False,2,,,,,,,,,,True,squad2
5a638e4468151a001a92237b,Meta-Llama-3-8B-Instruct,squad2,False,2,,,,,,,,,,True,squad2
570d47b8b3d812140066d631,Meta-Llama-3-8B-Instruct,squad2,True,3,1.0,-1.6017132519074577e-15,-8.008566259537289e-16,True,Five,True,1.0,1.0,-0.2694464512169361,False,squad2
570d4a6bfed7b91900d45e16,Meta-Llama-3-8B-Instruct,squad2,True,3,2.0,0.8112781244591301,0.40563906222956503,False,Sydney.,True,1.0,1.0,-0.002242243235031083,False,squad2
5a637c6268151a001a92230e,Meta-Llama-3-8B-Instruct,squad2,True,3,2.0,0.8112781244591301,0.40563906222956503,False,1854,False,0.0,0.0,-0.02358826684455077,True,squad2
5a637c6268151a001a922311,Meta-Llama-3-8B-Instruct,squad2,True,3,3.0,1.4999999999999956,0.7499999999999978,False,Members of the Victorian Parliament.,False,0.0,0.0,-0.04061770725871838,True,squad2
5a637c6268151a001a922312,Meta-Llama-3-8B-Instruct,squad2,False,0,,,,,,,,,,True,squad2
5a6381d868151a001a922323,Meta-Llama-3-8B-Instruct,squad2,False,1,,,,,,,,,,True,squad2
5a6381d868151a001a922325,Meta-Llama-3-8B-Instruct,squad2,False,1,,,,,,,,,,True,squad2
5a6381d868151a001a922326,Meta-Llama-3-8B-Instruct,squad2,False,2,,,,,,,,,,True,squad2
5a6391c268151a001a922390,Meta-Llama-3-8B-Instruct,squad2,True,3,1.0,-1.6017132519074577e-15,-8.008566259537289e-16,True,unanswerable,True,1.0,1.0,-0.06808250121798665,True,squad2
5ad23fded7d075001a4288ff,Meta-Llama-3-8B-Instruct,squad2,False,0,,,,,,,,,,True,squad2
5ad24a2ad7d075001a428bbc,Meta-Llama-3-8B-Instruct,squad2,False,1,,,,,,,,,,True,squad2
5ad25e99d7d075001a428f2e,Meta-Llama-3-8B-Instruct,squad2,True,3,4.0,1.9999999999999942,0.9999999999999971,False,New France was not mentioned in the context as being part of the now US.,False,0.0,0.0,-0.30244198528635025,True,squad2
5ad25e99d7d075001a428f32,Meta-Llama-3-8B-Instruct,squad2,False,2,,,,,,,,,,True,squad2
57107a3ea58dae1900cd69e0,Meta-Llama-3-8B-Instruct,squad2,True,3,1.0,-1.6017132519074577e-15,-8.008566259537289e-16,True,1697,True,1.0,1.0,-0.013580386837323507,False,squad2
57107c24a58dae1900cd69e8,Meta-Llama-3-8B-Instruct,squad2,False,0,,,,,,,,,,False,squad2
5ad24057d7d075001a42892e,Meta-Llama-3-8B-Instruct,squad2,False,1,,,,,,,,,,True,squad2
5ad24057d7d075001a42892f,Meta-Llama-3-8B-Instruct,squad2,False,1,,,,,,,,,,True,squad2
5ad24057d7d075001a428930,Meta-Llama-3-8B-Instruct,squad2,True,3,1.0,-1.6017132519074577e-15,-8.008566259537289e-16,True,"Roughly 500,000.",False,0.0,0.0,-0.09861031076597253,True,squad2
57107e6ca58dae1900cd69f2,Meta-Llama-3-8B-Instruct,squad2,True,3,2.0,0.8112781244591301,0.40563906222956503,False,The Catholic Church in France.,True,1.0,1.0,-0.1137617986630955,False,squad2
57108c95b654c5140001f97b,Meta-Llama-3-8B-Instruct,squad2,False,2,,,,,,,,,,False,squad2
57108c95b654c5140001f97c,Meta-Llama-3-8B-Instruct,squad2,False,2,,,,,,,,,,False,squad2
57108d69b654c5140001f983,Meta-Llama-3-8B-Instruct,squad2,False,2,,,,,,,,,,False,squad2
5ad26c87d7d075001a42939b,Meta-Llama-3-8B-Instruct,squad2,False,0,,,,,,,,,,True,squad2
57109180a58dae1900cd6a44,Meta-Llama-3-8B-Instruct,squad2,False,0,,,,,,,,,,False,squad2
5ad27081d7d075001a429456,Meta-Llama-3-8B-Instruct,squad2,False,2,,,,,,,,,,True,squad2
5ad25963d7d075001a428e0c,Meta-Llama-3-8B-Instruct,squad2,True,3,1.0,-1.6017132519074577e-15,-8.008566259537289e-16,True,Around 500.,False,0.0,0.0,-0.07803528904905192,True,squad2
571097baa58dae1900cd6a9a,Meta-Llama-3-8B-Instruct,squad2,False,2,,,,,,,,,,False,squad2
571098f8a58dae1900cd6ab2,Meta-Llama-3-8B-Instruct,squad2,False,1,,,,,,,,,,False,squad2
5710e8c8a58dae1900cd6b27,Meta-Llama-3-8B-Instruct,squad2,False,2,,,,,,,,,,False,squad2
5ad26278d7d075001a4290af,Meta-Llama-3-8B-Instruct,squad2,False,2,,,,,,,,,,True,squad2
5ad266f8d7d075001a42920a,Meta-Llama-3-8B-Instruct,squad2,False,1,,,,,,,,,,True,squad2
5ad240eed7d075001a428940,Meta-Llama-3-8B-Instruct,squad2,False,2,,,,,,,,,,True,squad2
571112ada58dae1900cd6bce,Meta-Llama-3-8B-Instruct,squad2,False,2,,,,,,,,,,False,squad2
57111428b654c5140001fb01,Meta-Llama-3-8B-Instruct,squad2,False,1,,,,,,,,,,False,squad2
5ad24600d7d075001a428acc,Meta-Llama-3-8B-Instruct,squad2,True,3,1.0,-1.6017132519074577e-15,-8.008566259537289e-16,True,"Nearly 3,000.",False,0.0,0.0,-0.070120241885862,True,squad2
5ad264d7d7d075001a429174,Meta-Llama-3-8B-Instruct,squad2,False,2,,,,,,,,,,True,squad2
57111992b654c5140001fb46,Meta-Llama-3-8B-Instruct,squad2,False,2,,,,,,,,,,False,squad2
5ad26dbcd7d075001a4293d7,Meta-Llama-3-8B-Instruct,squad2,False,2,,,,,,,,,,True,squad2
5ad3c637604f3c001a3ff01a,Meta-Llama-3-8B-Instruct,squad2,False,0,,,,,,,,,,True,squad2
5ad3c637604f3c001a3ff01b,Meta-Llama-3-8B-Instruct,squad2,False,0,,,,,,,,,,True,squad2
571135b8a58dae1900cd6d11,Meta-Llama-3-8B-Instruct,squad2,False,2,,,,,,,,,,False,squad2
57113ba6b654c5140001fc1f,Meta-Llama-3-8B-Instruct,squad2,False,2,,,,,,,,,,False,squad2
5ad40ec6604f3c001a400131,Meta-Llama-3-8B-Instruct,squad2,False,2,,,,,,,,,,True,squad2
5ad3bf63604f3c001a3fef5e,Meta-Llama-3-8B-Instruct,squad2,False,0,,,,,,,,,,True,squad2
57113c6da58dae1900cd6d36,Meta-Llama-3-8B-Instruct,squad2,True,3,1.0,-1.6017132519074577e-15,-8.008566259537289e-16,True,1606,True,1.0,1.0,-0.011473406785320606,False,squad2
57113f83b654c5140001fc2c,Meta-Llama-3-8B-Instruct,squad2,False,2,,,,,,,,,,False,squad2
5ad3cc47604f3c001a3ff143,Meta-Llama-3-8B-Instruct,squad2,True,3,1.0,-1.6017132519074577e-15,-8.008566259537289e-16,True,unanswerable,True,1.0,1.0,-0.04046332182610968,True,squad2
5ad3d3af604f3c001a3ff296,Meta-Llama-3-8B-Instruct,squad2,False,2,,,,,,,,,,True,squad2
57114667a58dae1900cd6d84,Meta-Llama-3-8B-Instruct,squad2,False,2,,,,,,,,,,False,squad2
5ad3ed37604f3c001a3ff7a3,Meta-Llama-3-8B-Instruct,squad2,True,3,2.0,0.9999999999999971,0.49999999999999856,False,90°,False,0.0,0.0,-0.2916298470227048,True,squad2
5ad3f03c604f3c001a3ff82c,Meta-Llama-3-8B-Instruct,squad2,False,1,,,,,,,,,,True,squad2
5ad3f4ed604f3c001a3ff967,Meta-Llama-3-8B-Instruct,squad2,True,3,1.0,-1.6017132519074577e-15,-8.008566259537289e-16,True,To remedy the defect of the usual counterflow cycle.,False,0.0,0.0,-0.1775403634697549,True,squad2
5ad3fc1f604f3c001a3ffb7c,Meta-Llama-3-8B-Instruct,squad2,False,2,,,,,,,,,,True,squad2
5ad415fd604f3c001a400328,Meta-Llama-3-8B-Instruct,squad2,True,3,1.0,-1.6017132519074577e-15,-8.008566259537289e-16,True,unanswerable,True,1.0,1.0,-0.15339879683779145,True,squad2
57114e8d50c2381900b54a5d,Meta-Llama-3-8B-Instruct,squad2,False,1,,,,,,,,,,False,squad2
57114f0050c2381900b54a65,Meta-Llama-3-8B-Instruct,squad2,False,1,,,,,,,,,,False,squad2
57114f0050c2381900b54a66,Meta-Llama-3-8B-Instruct,squad2,False,2,,,,,,,,,,False,squad2
571153422419e3140095557d,Meta-Llama-3-8B-Instruct,squad2,False,1,,,,,,,,,,False,squad2
571154c72419e31400955588,Meta-Llama-3-8B-Instruct,squad2,False,1,,,,,,,,,,False,squad2
571155ae2419e31400955592,Meta-Llama-3-8B-Instruct,squad2,False,2,,,,,,,,,,False,squad2
571156152419e3140095559c,Meta-Llama-3-8B-Instruct,squad2,False,2,,,,,,,,,,False,squad2
5ad41813604f3c001a4003de,Meta-Llama-3-8B-Instruct,squad2,False,2,,,,,,,,,,True,squad2
57115b2850c2381900b54a82,Meta-Llama-3-8B-Instruct,squad2,False,2,,,,,,,,,,False,squad2
57115bf350c2381900b54a96,Meta-Llama-3-8B-Instruct,squad2,True,3,2.0,0.8112781244591301,0.40563906222956503,False,8.8 lb,False,0.0,0.6666666666666666,-0.1429576128713279,False,squad2
57115bf350c2381900b54a97,Meta-Llama-3-8B-Instruct,squad2,False,2,,,,,,,,,,False,squad2
5ad3d7e0604f3c001a3ff35e,Meta-Llama-3-8B-Instruct,squad2,False,0,,,,,,,,,,True,squad2
57115dbe2419e314009555a7,Meta-Llama-3-8B-Instruct,squad2,False,0,,,,,,,,,,False,squad2
5ad3ee11604f3c001a3ff7d9,Meta-Llama-3-8B-Instruct,squad2,False,2,,,,,,,,,,True,squad2
57115f652419e314009555bb,Meta-Llama-3-8B-Instruct,squad2,True,3,1.0,-1.6017132519074577e-15,-8.008566259537289e-16,True,1606,True,1.0,1.0,-0.0063359128156056,False,squad2
5ad3f689604f3c001a3ff9e4,Meta-Llama-3-8B-Instruct,squad2,False,0,,,,,,,,,,True,squad2
5ad3c3bc604f3c001a3fefa0,Meta-Llama-3-8B-Instruct,squad2,False,2,,,,,,,,,,True,squad2
5711619950c2381900b54ab0,Meta-Llama-3-8B-Instruct,squad2,False,0,,,,,,,,,,False,squad2
5711623e50c2381900b54aba,Meta-Llama-3-8B-Instruct,squad2,False,1,,,,,,,,,,False,squad2
5711658e50c2381900b54ad8,Meta-Llama-3-8B-Instruct,squad2,False,2,,,,,,,,,,False,squad2
5711669550c2381900b54ae3,Meta-Llama-3-8B-Instruct,squad2,False,2,,,,,,,,,,False,squad2
571c3e8cdd7acb1400e4c0a9,Meta-Llama-3-8B-Instruct,squad2,False,1,,,,,,,,,,False,squad2
5ad22a96d7d075001a4285dd,Meta-Llama-3-8B-Instruct,squad2,False,0,,,,,,,,,,True,squad2
571c7abfdd7acb1400e4c0bc,Meta-Llama-3-8B-Instruct,squad2,False,1,,,,,,,,,,False,squad2
571c7abfdd7acb1400e4c0bd,Meta-Llama-3-8B-Instruct,squad2,True,3,1.0,-1.6017132519074577e-15,-8.008566259537289e-16,True,Leonardo da Vinci.,True,1.0,1.0,-0.058191386233261255,False,squad2
571cebc05efbb31900334e49,Meta-Llama-3-8B-Instruct,squad2,False,1,,,,,,,,,,False,squad2
5ad26235d7d075001a429083,Meta-Llama-3-8B-Instruct,squad2,False,2,,,,,,,,,,True,squad2
5ad23e1bd7d075001a4288b4,Meta-Llama-3-8B-Instruct,squad2,False,1,,,,,,,,,,True,squad2
5ad23e1bd7d075001a4288b5,Meta-Llama-3-8B-Instruct,squad2,True,3,1.0,-1.6017132519074577e-15,-8.008566259537289e-16,True,HO,False,0.0,0.0,-0.11132198944687843,True,squad2
5ad23e1bd7d075001a4288b8,Meta-Llama-3-8B-Instruct,squad2,False,1,,,,,,,,,,True,squad2
5ad22b87d7d075001a428601,Meta-Llama-3-8B-Instruct,squad2,False,2,,,,,,,,,,True,squad2
571c8539dd7acb1400e4c0e4,Meta-Llama-3-8B-Instruct,squad2,True,3,2.0,0.9999999999999971,0.49999999999999856,False,His work was published first.,True,1.0,1.0,-0.04465281726876518,False,squad2
571c8eb9dd7acb1400e4c0f6,Meta-Llama-3-8B-Instruct,squad2,False,2,,,,,,,,,,False,squad2
5ad24ce8d7d075001a428c0c,Meta-Llama-3-8B-Instruct,squad2,False,2,,,,,,,,,,True,squad2
5ad24ff3d7d075001a428ca4,Meta-Llama-3-8B-Instruct,squad2,True,3,1.0,-1.6017132519074577e-15,-8.008566259537289e-16,True,Oxygen.,False,0.0,0.0,-0.02289256360751324,True,squad2
571caac55efbb31900334dc9,Meta-Llama-3-8B-Instruct,squad2,False,2,,,,,,,,,,False,squad2
5ad245f9d7d075001a428ac1,Meta-Llama-3-8B-Instruct,squad2,False,2,,,,,,,,,,True,squad2
5ad245f9d7d075001a428ac3,Meta-Llama-3-8B-Instruct,squad2,False,1,,,,,,,,,,True,squad2
5ad254a5d7d075001a428d25,Meta-Llama-3-8B-Instruct,squad2,False,1,,,,,,,,,,True,squad2
571cca4add7acb1400e4c152,Meta-Llama-3-8B-Instruct,squad2,False,1,,,,,,,,,,False,squad2
5ad25bf3d7d075001a428e95,Meta-Llama-3-8B-Instruct,squad2,False,1,,,,,,,,,,True,squad2
5ad25f35d7d075001a428f6b,Meta-Llama-3-8B-Instruct,squad2,False,1,,,,,,,,,,True,squad2
5ad25e70d7d075001a428f1f,Meta-Llama-3-8B-Instruct,squad2,False,1,,,,,,,,,,True,squad2
5ad261bad7d075001a429052,Meta-Llama-3-8B-Instruct,squad2,True,3,2.0,0.8112781244591301,0.40563906222956503,False,wüstite,False,0.0,0.0,-0.13023915051599033,True,squad2
571cda1bdd7acb1400e4c196,Meta-Llama-3-8B-Instruct,squad2,True,3,2.0,0.8112781244591301,0.40563906222956503,False,Storage methods.,True,1.0,1.0,-0.24159397960414708,False,squad2
5ad26530d7d075001a4291a1,Meta-Llama-3-8B-Instruct,squad2,False,2,,,,,,,,,,True,squad2
5a38aa28a4b263001a8c1882,Meta-Llama-3-8B-Instruct,squad2,False,1,,,,,,,,,,True,squad2
5a38aa28a4b263001a8c1883,Meta-Llama-3-8B-Instruct,squad2,False,2,,,,,,,,,,True,squad2
5a38ab9fa4b263001a8c188d,Meta-Llama-3-8B-Instruct,squad2,True,3,1.0,-1.6017132519074577e-15,-8.008566259537289e-16,True,unanswerable,True,1.0,1.0,-0.06359213203404579,True,squad2
5a75054b97ca42001a521dd0,Meta-Llama-3-8B-Instruct,squad2,False,1,,,,,,,,,,True,squad2
5a38ace7a4b263001a8c1897,Meta-Llama-3-8B-Instruct,squad2,False,0,,,,,,,,,,True,squad2
5a75082a97ca42001a521df6,Meta-Llama-3-8B-Instruct,squad2,False,0,,,,,,,,,,True,squad2
57261dab38643c19005ad037,Meta-Llama-3-8B-Instruct,squad2,False,2,,,,,,,,,,False,squad2
57261dab38643c19005ad039,Meta-Llama-3-8B-Instruct,squad2,False,0,,,,,,,,,,False,squad2
5a38b468a4b263001a8c18b4,Meta-Llama-3-8B-Instruct,squad2,False,1,,,,,,,,,,True,squad2
57261f9f271a42140099d4a9,Meta-Llama-3-8B-Instruct,squad2,False,2,,,,,,,,,,False,squad2
57261f9f271a42140099d4ab,Meta-Llama-3-8B-Instruct,squad2,False,0,,,,,,,,,,False,squad2
57261f9f271a42140099d4ac,Meta-Llama-3-8B-Instruct,squad2,False,1,,,,,,,,,,False,squad2
5a38b5bca4b263001a8c18bd,Meta-Llama-3-8B-Instruct,squad2,False,0,,,,,,,,,,True,squad2
5a38b819a4b263001a8c18c6,Meta-Llama-3-8B-Instruct,squad2,True,3,3.0,1.4999999999999956,0.7499999999999978,False,"It did not influence the US economy, as it was mentioned that oil companies were searching for new ways to increase oil supplies, implying that developing new fields was a",False,0.0,0.0,-0.35696179957096064,True,squad2
5a38bbe3a4b263001a8c18e5,Meta-Llama-3-8B-Instruct,squad2,False,1,,,,,,,,,,True,squad2
572650325951b619008f6fa9,Meta-Llama-3-8B-Instruct,squad2,False,1,,,,,,,,,,False,squad2
572650325951b619008f6fab,Meta-Llama-3-8B-Instruct,squad2,False,1,,,,,,,,,,False,squad2
5a38c34ea4b263001a8c190e,Meta-Llama-3-8B-Instruct,squad2,True,3,3.0,1.4999999999999956,0.7499999999999978,False,A British intelligence estimate of U.S. intentions.,False,0.0,0.0,-0.10258112836942762,True,squad2
57265526708984140094c2c1,Meta-Llama-3-8B-Instruct,squad2,True,3,1.0,-1.6017132519074577e-15,-8.008566259537289e-16,True,November 1979,True,1.0,1.0,-0.022882068016645007,False,squad2
57265bdfdd62a815002e82a1,Meta-Llama-3-8B-Instruct,squad2,False,0,,,,,,,,,,False,squad2
57265e11708984140094c3bc,Meta-Llama-3-8B-Instruct,squad2,False,2,,,,,,,,,,False,squad2
57268b43dd62a815002e88f2,Meta-Llama-3-8B-Instruct,squad2,False,1,,,,,,,,,,False,squad2
5725c3a9ec44d21400f3d505,Meta-Llama-3-8B-Instruct,squad2,False,1,,,,,,,,,,False,squad2
5725c3a9ec44d21400f3d506,Meta-Llama-3-8B-Instruct,squad2,True,3,3.0,1.4999999999999956,0.7499999999999978,False,International law.,True,1.0,1.0,-0.15525034312383923,False,squad2
5ad10e0f645df0001a2d0b75,Meta-Llama-3-8B-Instruct,squad2,False,2,,,,,,,,,,True,squad2
5725c743ec44d21400f3d54b,Meta-Llama-3-8B-Instruct,squad2,False,2,,,,,,,,,,False,squad2
5ad10ece645df0001a2d0b9a,Meta-Llama-3-8B-Instruct,squad2,False,1,,,,,,,,,,True,squad2
5725cc38ec44d21400f3d5be,Meta-Llama-3-8B-Instruct,squad2,True,3,2.0,0.9999999999999971,0.49999999999999856,False,no,False,0.0,0.0,-0.24172315471514594,False,squad2
57264865dd62a815002e8063,Meta-Llama-3-8B-Instruct,squad2,True,3,1.0,-1.6017132519074577e-15,-8.008566259537289e-16,True,France and the Netherlands.,False,0.0,0.6,-0.025098614970488597,False,squad2
57264a8cdd62a815002e808d,Meta-Llama-3-8B-Instruct,squad2,False,0,,,,,,,,,,False,squad2
57264a8cdd62a815002e808e,Meta-Llama-3-8B-Instruct,squad2,False,1,,,,,,,,,,False,squad2
5726545f708984140094c2a7,Meta-Llama-3-8B-Instruct,squad2,False,1,,,,,,,,,,False,squad2
57269424dd62a815002e8a1e,Meta-Llama-3-8B-Instruct,squad2,False,1,,,,,,,,,,False,squad2
5ad1373b645df0001a2d11cf,Meta-Llama-3-8B-Instruct,squad2,False,2,,,,,,,,,,True,squad2
572695285951b619008f774d,Meta-Llama-3-8B-Instruct,squad2,False,1,,,,,,,,,,False,squad2
5726965ef1498d1400e8e488,Meta-Llama-3-8B-Instruct,squad2,False,1,,,,,,,,,,False,squad2
5ad139b2645df0001a2d1294,Meta-Llama-3-8B-Instruct,squad2,True,3,1.0,-1.6017132519074577e-15,-8.008566259537289e-16,True,unanswerable,True,1.0,1.0,-0.11030314165373056,True,squad2
5ad139b2645df0001a2d1296,Meta-Llama-3-8B-Instruct,squad2,False,0,,,,,,,,,,True,squad2
5ad13b23645df0001a2d12fa,Meta-Llama-3-8B-Instruct,squad2,False,1,,,,,,,,,,True,squad2
57269aa65951b619008f77ab,Meta-Llama-3-8B-Instruct,squad2,False,2,,,,,,,,,,False,squad2
57269aa65951b619008f77ae,Meta-Llama-3-8B-Instruct,squad2,False,2,,,,,,,,,,False,squad2
57269e3bf1498d1400e8e517,Meta-Llama-3-8B-Instruct,squad2,False,1,,,,,,,,,,False,squad2
5726a00cf1498d1400e8e551,Meta-Llama-3-8B-Instruct,squad2,True,3,1.0,-1.6017132519074577e-15,-8.008566259537289e-16,True,"Fundamental rights, proportionality, legal certainty, equality before the law, and subsidiarity.",False,0.0,0.8695652173913044,-0.023443824350853504,False,squad2
5ad14468645df0001a2d148c,Meta-Llama-3-8B-Instruct,squad2,False,2,,,,,,,,,,True,squad2
5ad14573645df0001a2d14b4,Meta-Llama-3-8B-Instruct,squad2,False,1,,,,,,,,,,True,squad2
5ad146c0645df0001a2d1504,Meta-Llama-3-8B-Instruct,squad2,False,2,,,,,,,,,,True,squad2
5ad14966645df0001a2d1581,Meta-Llama-3-8B-Instruct,squad2,False,1,,,,,,,,,,True,squad2
5ad14b2e645df0001a2d15ea,Meta-Llama-3-8B-Instruct,squad2,False,2,,,,,,,,,,True,squad2
5726a7ecf1498d1400e8e655,Meta-Llama-3-8B-Instruct,squad2,False,1,,,,,,,,,,False,squad2
5ad15289645df0001a2d175c,Meta-Llama-3-8B-Instruct,squad2,False,0,,,,,,,,,,True,squad2
5ad153e9645df0001a2d1797,Meta-Llama-3-8B-Instruct,squad2,False,0,,,,,,,,,,True,squad2
5726baf2dd62a815002e8e74,Meta-Llama-3-8B-Instruct,squad2,False,1,,,,,,,,,,False,squad2
5ad15676645df0001a2d17f6,Meta-Llama-3-8B-Instruct,squad2,False,1,,,,,,,,,,True,squad2
5ad15676645df0001a2d17f7,Meta-Llama-3-8B-Instruct,squad2,False,1,,,,,,,,,,True,squad2
5ad15676645df0001a2d17f8,Meta-Llama-3-8B-Instruct,squad2,False,1,,,,,,,,,,True,squad2
5ad158c0645df0001a2d182b,Meta-Llama-3-8B-Instruct,squad2,False,1,,,,,,,,,,True,squad2
5726c002708984140094d074,Meta-Llama-3-8B-Instruct,squad2,False,1,,,,,,,,,,False,squad2
5ad15a11645df0001a2d185a,Meta-Llama-3-8B-Instruct,squad2,False,2,,,,,,,,,,True,squad2
5726c3da708984140094d0db,Meta-Llama-3-8B-Instruct,squad2,False,1,,,,,,,,,,False,squad2
5726c5a9f1498d1400e8eac5,Meta-Llama-3-8B-Instruct,squad2,False,2,,,,,,,,,,False,squad2
5ad15b19645df0001a2d1880,Meta-Llama-3-8B-Instruct,squad2,False,1,,,,,,,,,,True,squad2
5728349dff5b5019007d9eff,Meta-Llama-3-8B-Instruct,squad2,True,3,3.0,1.4999999999999956,0.7499999999999978,False,The Amazon rainforest.,True,1.0,1.0,-0.04982107675399069,False,squad2
57283adcff5b5019007d9f96,Meta-Llama-3-8B-Instruct,squad2,False,1,,,,,,,,,,False,squad2
5729e500af94a219006aa6b5,Meta-Llama-3-8B-Instruct,squad2,True,3,1.0,-1.6017132519074577e-15,-8.008566259537289e-16,True,Cretaceous–Paleogene extinction event.,True,1.0,1.0,-0.04433259472335749,False,squad2
5a0c6a7ef5590b0018dab3f8,Meta-Llama-3-8B-Instruct,squad2,False,1,,,,,,,,,,True,squad2
5725c41eec44d21400f3d50d,Meta-Llama-3-8B-Instruct,squad2,False,2,,,,,,,,,,False,squad2
5a0c6c78f5590b0018dab404,Meta-Llama-3-8B-Instruct,squad2,False,0,,,,,,,,,,True,squad2
5725c63438643c19005acca0,Meta-Llama-3-8B-Instruct,squad2,False,2,,,,,,,,,,False,squad2
5725c63438643c19005acca1,Meta-Llama-3-8B-Instruct,squad2,True,3,3.0,1.4999999999999956,0.7499999999999978,False,"1,600 miles (2,600 km)",False,0.0,0.6666666666666666,-0.13606792042775206,False,squad2
5729ea263f37b319004785bd,Meta-Llama-3-8B-Instruct,squad2,False,1,,,,,,,,,,False,squad2
5729ea263f37b319004785be,Meta-Llama-3-8B-Instruct,squad2,True,3,2.0,0.8112781244591301,0.40563906222956503,False,NASA,True,1.0,1.0,-0.03978895166073926,False,squad2
5725c95f38643c19005accf6,Meta-Llama-3-8B-Instruct,squad2,False,1,,,,,,,,,,False,squad2
5729eb34af94a219006aa6cc,Meta-Llama-3-8B-Instruct,squad2,False,2,,,,,,,,,,False,squad2
5729edd56aef051400155112,Meta-Llama-3-8B-Instruct,squad2,False,1,,,,,,,,,,False,squad2
5a0c7cb3f5590b0018dab42a,Meta-Llama-3-8B-Instruct,squad2,False,1,,,,,,,,,,True,squad2
5a0c7cb3f5590b0018dab42c,Meta-Llama-3-8B-Instruct,squad2,False,0,,,,,,,,,,True,squad2
5726722bdd62a815002e852b,Meta-Llama-3-8B-Instruct,squad2,False,0,,,,,,,,,,False,squad2
5729f3831d0469140077967f,Meta-Llama-3-8B-Instruct,squad2,False,2,,,,,,,,,,False,squad2
5729fd56af94a219006aa731,Meta-Llama-3-8B-Instruct,squad2,True,3,2.0,0.8112781244591301,0.40563906222956503,False,Slash and burn method.,True,1.0,1.0,-0.09794722814744243,False,squad2
5a0c817df5590b0018dab458,Meta-Llama-3-8B-Instruct,squad2,False,2,,,,,,,,,,True,squad2
572a020f6aef051400155198,Meta-Llama-3-8B-Instruct,squad2,True,3,2.0,0.9999999999999971,0.49999999999999856,False,Loss of biodiversity and carbon.,False,0.0,0.7499999999999999,-0.22828246384285325,False,squad2
5a0c9275f5590b0018dab46b,Meta-Llama-3-8B-Instruct,squad2,False,0,,,,,,,,,,True,squad2
5a0c958bf5590b0018dab47f,Meta-Llama-3-8B-Instruct,squad2,False,1,,,,,,,,,,True,squad2
572a09abaf94a219006aa75c,Meta-Llama-3-8B-Instruct,squad2,False,0,,,,,,,,,,False,squad2
5a0c9832f5590b0018dab490,Meta-Llama-3-8B-Instruct,squad2,False,2,,,,,,,,,,True,squad2
5a0c99fcf5590b0018dab4a5,Meta-Llama-3-8B-Instruct,squad2,False,1,,,,,,,,,,True,squad2
57263eaa38643c19005ad372,Meta-Llama-3-8B-Instruct,squad2,False,2,,,,,,,,,,False,squad2
5a8349a2e60761001a2eb50a,Meta-Llama-3-8B-Instruct,squad2,True,3,1.0,-1.6017132519074577e-15,-8.008566259537289e-16,True,Unanswerable,True,1.0,1.0,-0.2379328309389166,True,squad2
5725c57a89a1e219009abe62,Meta-Llama-3-8B-Instruct,squad2,False,2,,,,,,,,,,False,squad2
5726415bec44d21400f3dcd5,Meta-Llama-3-8B-Instruct,squad2,False,0,,,,,,,,,,False,squad2
5a834caae60761001a2eb539,Meta-Llama-3-8B-Instruct,squad2,False,2,,,,,,,,,,True,squad2
5725c69738643c19005accbb,Meta-Llama-3-8B-Instruct,squad2,False,2,,,,,,,,,,False,squad2
5a834dbde60761001a2eb555,Meta-Llama-3-8B-Instruct,squad2,False,2,,,,,,,,,,True,squad2
5a834dbde60761001a2eb559,Meta-Llama-3-8B-Instruct,squad2,False,2,,,,,,,,,,True,squad2
5725c91e38643c19005acced,Meta-Llama-3-8B-Instruct,squad2,False,1,,,,,,,,,,False,squad2
5a835482e60761001a2eb597,Meta-Llama-3-8B-Instruct,squad2,False,1,,,,,,,,,,True,squad2
572647d0708984140094c14b,Meta-Llama-3-8B-Instruct,squad2,False,2,,,,,,,,,,False,squad2
572648e8dd62a815002e8079,Meta-Llama-3-8B-Instruct,squad2,False,1,,,,,,,,,,False,squad2
57264a0ef1498d1400e8db42,Meta-Llama-3-8B-Instruct,squad2,False,2,,,,,,,,,,False,squad2
5a835b42e60761001a2eb60f,Meta-Llama-3-8B-Instruct,squad2,False,1,,,,,,,,,,True,squad2
5a835b42e60761001a2eb611,Meta-Llama-3-8B-Instruct,squad2,False,1,,,,,,,,,,True,squad2
57264b1ddd62a815002e80a0,Meta-Llama-3-8B-Instruct,squad2,False,0,,,,,,,,,,False,squad2
57264cfa708984140094c1c4,Meta-Llama-3-8B-Instruct,squad2,False,1,,,,,,,,,,False,squad2
57264cfa708984140094c1c7,Meta-Llama-3-8B-Instruct,squad2,False,0,,,,,,,,,,False,squad2
5a836496e60761001a2eb657,Meta-Llama-3-8B-Instruct,squad2,False,2,,,,,,,,,,True,squad2
5a836496e60761001a2eb65b,Meta-Llama-3-8B-Instruct,squad2,False,2,,,,,,,,,,True,squad2
572658daf1498d1400e8dcac,Meta-Llama-3-8B-Instruct,squad2,False,1,,,,,,,,,,False,squad2
572658daf1498d1400e8dcae,Meta-Llama-3-8B-Instruct,squad2,False,2,,,,,,,,,,False,squad2
57265aaf5951b619008f706c,Meta-Llama-3-8B-Instruct,squad2,False,0,,,,,,,,,,False,squad2
57265aaf5951b619008f706d,Meta-Llama-3-8B-Instruct,squad2,False,1,,,,,,,,,,False,squad2
5a83894de60761001a2eb78b,Meta-Llama-3-8B-Instruct,squad2,False,0,,,,,,,,,,True,squad2
5a83894de60761001a2eb78c,Meta-Llama-3-8B-Instruct,squad2,True,3,2.0,0.8112781244591301,0.40563906222956503,False,unanswerable,True,1.0,1.0,-0.2593403524256246,True,squad2
572683075951b619008f7513,Meta-Llama-3-8B-Instruct,squad2,False,1,,,,,,,,,,False,squad2
572683075951b619008f7516,Meta-Llama-3-8B-Instruct,squad2,False,2,,,,,,,,,,False,squad2
572683075951b619008f7517,Meta-Llama-3-8B-Instruct,squad2,False,1,,,,,,,,,,False,squad2
5a838db9e60761001a2eb7bb,Meta-Llama-3-8B-Instruct,squad2,False,2,,,,,,,,,,True,squad2
5726887e708984140094c917,Meta-Llama-3-8B-Instruct,squad2,False,1,,,,,,,,,,False,squad2
5a8398bbe60761001a2eb807,Meta-Llama-3-8B-Instruct,squad2,False,2,,,,,,,,,,True,squad2
5a839ccfe60761001a2eb823,Meta-Llama-3-8B-Instruct,squad2,False,2,,,,,,,,,,True,squad2
5a7b064b21c2de001afe9ce3,Meta-Llama-3-8B-Instruct,squad2,False,1,,,,,,,,,,True,squad2
5a7b064b21c2de001afe9ce6,Meta-Llama-3-8B-Instruct,squad2,False,2,,,,,,,,,,True,squad2
5725d7e438643c19005acdf9,Meta-Llama-3-8B-Instruct,squad2,False,1,,,,,,,,,,False,squad2
5725d7e438643c19005acdfb,Meta-Llama-3-8B-Instruct,squad2,True,3,1.0,-1.6017132519074577e-15,-8.008566259537289e-16,True,San Joaquin Light & Power Building,True,1.0,1.0,-0.11182110811276719,False,squad2
5a7b093b21c2de001afe9d0d,Meta-Llama-3-8B-Instruct,squad2,False,2,,,,,,,,,,True,squad2
5725daa8ec44d21400f3d6b3,Meta-Llama-3-8B-Instruct,squad2,False,1,,,,,,,,,,False,squad2
5a7b0e2221c2de001afe9d14,Meta-Llama-3-8B-Instruct,squad2,False,2,,,,,,,,,,True,squad2
5a7b0ec521c2de001afe9d20,Meta-Llama-3-8B-Instruct,squad2,True,3,1.0,-1.6017132519074577e-15,-8.008566259537289e-16,True,Chestnut Avenue.,False,0.0,0.0,-0.07757389997822865,True,squad2
5725dd7d89a1e219009abfed,Meta-Llama-3-8B-Instruct,squad2,False,1,,,,,,,,,,False,squad2
5a7b103b21c2de001afe9d35,Meta-Llama-3-8B-Instruct,squad2,True,3,1.0,-1.6017132519074577e-15,-8.008566259537289e-16,True,unanswerable,True,1.0,1.0,-0.0928372281978227,True,squad2
5a7b10e021c2de001afe9d3f,Meta-Llama-3-8B-Instruct,squad2,False,2,,,,,,,,,,True,squad2
5725ec8289a1e219009ac0af,Meta-Llama-3-8B-Instruct,squad2,False,1,,,,,,,,,,False,squad2
5725ec8289a1e219009ac0b0,Meta-Llama-3-8B-Instruct,squad2,True,3,1.0,-1.6017132519074577e-15,-8.008566259537289e-16,True,1914,True,1.0,1.0,-0.0020263381738890494,False,squad2
5a7b32e621c2de001afe9db5,Meta-Llama-3-8B-Instruct,squad2,False,2,,,,,,,,,,True,squad2
5725f190ec44d21400f3d771,Meta-Llama-3-8B-Instruct,squad2,False,1,,,,,,,,,,False,squad2
5725f2c838643c19005aceed,Meta-Llama-3-8B-Instruct,squad2,False,1,,,,,,,,,,False,squad2
5725f2c838643c19005acef0,Meta-Llama-3-8B-Instruct,squad2,True,3,2.0,0.8112781244591301,0.40563906222956503,False,22 miles (35 km),False,0.0,0.6666666666666666,-0.1916648777478258,False,squad2
5a7b359f21c2de001afe9dd3,Meta-Llama-3-8B-Instruct,squad2,False,1,,,,,,,,,,True,squad2
5a7b359f21c2de001afe9dd4,Meta-Llama-3-8B-Instruct,squad2,False,1,,,,,,,,,,True,squad2
5725f7cd38643c19005acf24,Meta-Llama-3-8B-Instruct,squad2,False,2,,,,,,,,,,False,squad2
5a7b3f0f21c2de001afe9e02,Meta-Llama-3-8B-Instruct,squad2,False,2,,,,,,,,,,True,squad2
5a7b44ae21c2de001afe9e22,Meta-Llama-3-8B-Instruct,squad2,False,2,,,,,,,,,,True,squad2
5725fe63ec44d21400f3d7e0,Meta-Llama-3-8B-Instruct,squad2,False,0,,,,,,,,,,False,squad2
5a605197eae51e001ab14d0e,Meta-Llama-3-8B-Instruct,squad2,False,1,,,,,,,,,,True,squad2
5a60556eeae51e001ab14d17,Meta-Llama-3-8B-Instruct,squad2,False,2,,,,,,,,,,True,squad2
5726356938643c19005ad301,Meta-Llama-3-8B-Instruct,squad2,False,1,,,,,,,,,,False,squad2
5a6057f0eae51e001ab14d20,Meta-Llama-3-8B-Instruct,squad2,False,1,,,,,,,,,,True,squad2
5726249538643c19005ad081,Meta-Llama-3-8B-Instruct,squad2,False,0,,,,,,,,,,False,squad2
5a5508f5134fea001a0e1828,Meta-Llama-3-8B-Instruct,squad2,False,1,,,,,,,,,,True,squad2
5a564c956349e2001acdcd1e,Meta-Llama-3-8B-Instruct,squad2,False,0,,,,,,,,,,True,squad2
5a667f50846392001a1e1c69,Meta-Llama-3-8B-Instruct,squad2,False,0,,,,,,,,,,True,squad2
5a667f50846392001a1e1c6a,Meta-Llama-3-8B-Instruct,squad2,False,2,,,,,,,,,,True,squad2
5726385e271a42140099d797,Meta-Llama-3-8B-Instruct,squad2,False,1,,,,,,,,,,False,squad2
5a605cdce9e1cc001a33cd4c,Meta-Llama-3-8B-Instruct,squad2,False,1,,,,,,,,,,True,squad2
5a668172f038b7001ab0bef9,Meta-Llama-3-8B-Instruct,squad2,False,1,,,,,,,,,,True,squad2
5726398589a1e219009ac58a,Meta-Llama-3-8B-Instruct,squad2,False,2,,,,,,,,,,False,squad2
5a550f98134fea001a0e189c,Meta-Llama-3-8B-Instruct,squad2,False,1,,,,,,,,,,True,squad2
5a550f98134fea001a0e18a0,Meta-Llama-3-8B-Instruct,squad2,False,2,,,,,,,,,,True,squad2
5a55114d134fea001a0e18c4,Meta-Llama-3-8B-Instruct,squad2,False,1,,,,,,,,,,True,squad2
57263ea0271a42140099d7c3,Meta-Llama-3-8B-Instruct,squad2,False,2,,,,,,,,,,False,squad2
57263fd138643c19005ad37d,Meta-Llama-3-8B-Instruct,squad2,False,1,,,,,,,,,,False,squad2
5a551328134fea001a0e18d7,Meta-Llama-3-8B-Instruct,squad2,False,1,,,,,,,,,,True,squad2
5a551328134fea001a0e18da,Meta-Llama-3-8B-Instruct,squad2,False,1,,,,,,,,,,True,squad2
5a668fc9f038b7001ab0bfe9,Meta-Llama-3-8B-Instruct,squad2,False,2,,,,,,,,,,True,squad2
57264228ec44d21400f3dcf6,Meta-Llama-3-8B-Instruct,squad2,False,2,,,,,,,,,,False,squad2
5726431aec44d21400f3dd13,Meta-Llama-3-8B-Instruct,squad2,False,1,,,,,,,,,,False,squad2
5a55234d134fea001a0e1974,Meta-Llama-3-8B-Instruct,squad2,False,1,,,,,,,,,,True,squad2
5a669a2cf038b7001ab0c044,Meta-Llama-3-8B-Instruct,squad2,False,0,,,,,,,,,,True,squad2
5a669a2cf038b7001ab0c047,Meta-Llama-3-8B-Instruct,squad2,False,1,,,,,,,,,,True,squad2
5a2eb84ba83784001a7d2421,Meta-Llama-3-8B-Instruct,squad2,False,2,,,,,,,,,,True,squad2
5a2eb84ba83784001a7d2423,Meta-Llama-3-8B-Instruct,squad2,False,0,,,,,,,,,,True,squad2
5a2ebaada83784001a7d2440,Meta-Llama-3-8B-Instruct,squad2,False,2,,,,,,,,,,True,squad2
5a2ebb5fa83784001a7d2448,Meta-Llama-3-8B-Instruct,squad2,False,2,,,,,,,,,,True,squad2
5a2ebb5fa83784001a7d244b,Meta-Llama-3-8B-Instruct,squad2,False,2,,,,,,,,,,True,squad2
57264a74708984140094c18e,Meta-Llama-3-8B-Instruct,squad2,False,1,,,,,,,,,,False,squad2
5a2ec431a83784001a7d2451,Meta-Llama-3-8B-Instruct,squad2,True,3,2.0,0.8112781244591301,0.40563906222956503,False,unanswerable,True,1.0,1.0,-0.09348922217577638,True,squad2
5a2ec77ba83784001a7d2466,Meta-Llama-3-8B-Instruct,squad2,False,2,,,,,,,,,,True,squad2
57264cc6dd62a815002e80e8,Meta-Llama-3-8B-Instruct,squad2,False,2,,,,,,,,,,False,squad2
57264e2f708984140094c1e5,Meta-Llama-3-8B-Instruct,squad2,False,2,,,,,,,,,,False,squad2
5a2eca47a83784001a7d2482,Meta-Llama-3-8B-Instruct,squad2,True,3,1.0,-1.6017132519074577e-15,-8.008566259537289e-16,True,unanswerable,True,1.0,1.0,-0.1316741048167387,True,squad2
57264f18f1498d1400e8dbaf,Meta-Llama-3-8B-Instruct,squad2,False,1,,,,,,,,,,False,squad2
5a2ecb43a83784001a7d248b,Meta-Llama-3-8B-Instruct,squad2,False,1,,,,,,,,,,True,squad2
5a2ecbe9a83784001a7d2497,Meta-Llama-3-8B-Instruct,squad2,False,1,,,,,,,,,,True,squad2
5726509bdd62a815002e815e,Meta-Llama-3-8B-Instruct,squad2,False,1,,,,,,,,,,False,squad2
5a2eced7a83784001a7d24b5,Meta-Llama-3-8B-Instruct,squad2,False,1,,,,,,,,,,True,squad2
5726542ff1498d1400e8dc2b,Meta-Llama-3-8B-Instruct,squad2,False,1,,,,,,,,,,False,squad2
572654e2708984140094c2b9,Meta-Llama-3-8B-Instruct,squad2,False,1,,,,,,,,,,False,squad2
5726559edd62a815002e81c8,Meta-Llama-3-8B-Instruct,squad2,False,1,,,,,,,,,,False,squad2
5726559edd62a815002e81c9,Meta-Llama-3-8B-Instruct,squad2,False,0,,,,,,,,,,False,squad2
5a2ed246a83784001a7d24e5,Meta-Llama-3-8B-Instruct,squad2,False,2,,,,,,,,,,True,squad2
57265700dd62a815002e8212,Meta-Llama-3-8B-Instruct,squad2,False,0,,,,,,,,,,False,squad2
5726577f708984140094c304,Meta-Llama-3-8B-Instruct,squad2,True,3,3.0,1.4999999999999956,0.7499999999999978,False,"At most, two-thirds of Baghdad's population.",False,0.0,0.6,-0.22490571447071322,False,squad2
5a2ed525a83784001a7d2504,Meta-Llama-3-8B-Instruct,squad2,False,0,,,,,,,,,,True,squad2
5a58cfd63e1742001a15ce36,Meta-Llama-3-8B-Instruct,squad2,False,1,,,,,,,,,,True,squad2
57265d08708984140094c39b,Meta-Llama-3-8B-Instruct,squad2,False,0,,,,,,,,,,False,squad2
5a57ca90770dc0001aeefd71,Meta-Llama-3-8B-Instruct,squad2,False,2,,,,,,,,,,True,squad2
5a58d33e3e1742001a15ce40,Meta-Llama-3-8B-Instruct,squad2,False,1,,,,,,,,,,True,squad2
5a57cc97770dc0001aeefd84,Meta-Llama-3-8B-Instruct,squad2,False,1,,,,,,,,,,True,squad2
5a57d668770dc0001aeefdea,Meta-Llama-3-8B-Instruct,squad2,False,0,,,,,,,,,,True,squad2
5a58e9133e1742001a15cea6,Meta-Llama-3-8B-Instruct,squad2,True,3,3.0,1.4999999999999956,0.7499999999999978,False,The key bed is the bed that a fault penetrates some formations but not those on top of it.,False,0.0,0.0,-0.22321489710291365,True,squad2
5a57eee0770dc0001aeefed9,Meta-Llama-3-8B-Instruct,squad2,False,2,,,,,,,,,,True,squad2
5a57f0ea770dc0001aeefee3,Meta-Llama-3-8B-Instruct,squad2,False,2,,,,,,,,,,True,squad2
57266c015951b619008f723b,Meta-Llama-3-8B-Instruct,squad2,True,3,3.0,1.4999999999999956,0.7499999999999978,False,Rock units.,False,0.0,0.0,-0.16280486781812442,False,squad2
5a57f487770dc0001aeeff00,Meta-Llama-3-8B-Instruct,squad2,True,3,1.0,-1.6017132519074577e-15,-8.008566259537289e-16,True,unanswerable,True,1.0,1.0,-0.1349651055763843,True,squad2
5a57f717770dc0001aeeff06,Meta-Llama-3-8B-Instruct,squad2,False,0,,,,,,,,,,True,squad2
5726701add62a815002e84c9,Meta-Llama-3-8B-Instruct,squad2,False,1,,,,,,,,,,False,squad2
5726701add62a815002e84cc,Meta-Llama-3-8B-Instruct,squad2,False,2,,,,,,,,,,False,squad2
5a57fb62770dc0001aeeff14,Meta-Llama-3-8B-Instruct,squad2,True,3,2.0,0.8112781244591301,0.40563906222956503,False,Thrust faults.,False,0.0,0.0,-0.03688299050918431,True,squad2
5a57fe29770dc0001aeeff1d,Meta-Llama-3-8B-Instruct,squad2,False,1,,,,,,,,,,True,squad2
5a590de93e1742001a15cf5a,Meta-Llama-3-8B-Instruct,squad2,True,3,3.0,1.4999999999999956,0.7499999999999978,False,Maria Fold and Thrust Belt,False,0.0,0.0,-0.20554534826624046,True,squad2
572673f5708984140094c69c,Meta-Llama-3-8B-Instruct,squad2,False,0,,,,,,,,,,False,squad2
5a580070770dc0001aeeff39,Meta-Llama-3-8B-Instruct,squad2,False,1,,,,,,,,,,True,squad2
5a580429770dc0001aeeff48,Meta-Llama-3-8B-Instruct,squad2,False,2,,,,,,,,,,True,squad2
5a5915043e1742001a15cf6e,Meta-Llama-3-8B-Instruct,squad2,False,0,,,,,,,,,,True,squad2
5a580ab1770dc0001aeeff7c,Meta-Llama-3-8B-Instruct,squad2,False,1,,,,,,,,,,True,squad2
57267b3c5951b619008f7423,Meta-Llama-3-8B-Instruct,squad2,True,3,1.0,-1.6017132519074577e-15,-8.008566259537289e-16,True,Fluid inclusion data and high temperature and pressure physical experiments.,False,0.0,0.4615384615384615,-0.07432271418096548,False,squad2
57267ebfdd62a815002e872c,Meta-Llama-3-8B-Instruct,squad2,True,3,1.0,-1.6017132519074577e-15,-8.008566259537289e-16,True,Orogenic wedges.,True,1.0,1.0,-0.006138927400099549,False,squad2
5a581597770dc0001aeeffe6,Meta-Llama-3-8B-Instruct,squad2,False,2,,,,,,,,,,True,squad2
5a592b593e1742001a15cfce,Meta-Llama-3-8B-Instruct,squad2,False,2,,,,,,,,,,True,squad2
5a592c9d3e1742001a15cfda,Meta-Llama-3-8B-Instruct,squad2,False,1,,,,,,,,,,True,squad2
57268527708984140094c8bf,Meta-Llama-3-8B-Instruct,squad2,False,1,,,,,,,,,,False,squad2
5a592e733e1742001a15cff4,Meta-Llama-3-8B-Instruct,squad2,False,1,,,,,,,,,,True,squad2
57268882f1498d1400e8e306,Meta-Llama-3-8B-Instruct,squad2,False,1,,,,,,,,,,False,squad2
57268882f1498d1400e8e308,Meta-Llama-3-8B-Instruct,squad2,False,2,,,,,,,,,,False,squad2
5a582cfa770dc0001aef0018,Meta-Llama-3-8B-Instruct,squad2,False,1,,,,,,,,,,True,squad2
5726d8bd708984140094d35f,Meta-Llama-3-8B-Instruct,squad2,False,1,,,,,,,,,,False,squad2
5726db5add62a815002e92d8,Meta-Llama-3-8B-Instruct,squad2,False,2,,,,,,,,,,False,squad2
5726dcbddd62a815002e9321,Meta-Llama-3-8B-Instruct,squad2,False,1,,,,,,,,,,False,squad2
5726dcbddd62a815002e9323,Meta-Llama-3-8B-Instruct,squad2,True,3,2.0,0.8112781244591301,0.40563906222956503,False,Highly respected and superior to all others in health-related fields.,False,0.0,0.7777777777777777,-0.16670501404417695,False,squad2
5a6cba504eec6b001a80a64b,Meta-Llama-3-8B-Instruct,squad2,True,3,1.0,-1.6017132519074577e-15,-8.008566259537289e-16,True,unanswerable,True,1.0,1.0,-0.08093932339306775,True,squad2
5a6cba504eec6b001a80a64c,Meta-Llama-3-8B-Instruct,squad2,False,1,,,,,,,,,,True,squad2
5726e5c95951b619008f81cc,Meta-Llama-3-8B-Instruct,squad2,False,2,,,,,,,,,,False,squad2
5a6ce4fa4eec6b001a80a688,Meta-Llama-3-8B-Instruct,squad2,False,1,,,,,,,,,,True,squad2
5a6ce4fa4eec6b001a80a68b,Meta-Llama-3-8B-Instruct,squad2,False,0,,,,,,,,,,True,squad2
5726ea985951b619008f8261,Meta-Llama-3-8B-Instruct,squad2,False,0,,,,,,,,,,False,squad2
5726eb4b5951b619008f826d,Meta-Llama-3-8B-Instruct,squad2,False,1,,,,,,,,,,False,squad2
5a6ce8ea4eec6b001a80a6b8,Meta-Llama-3-8B-Instruct,squad2,False,1,,,,,,,,,,True,squad2
5a6ce9ab4eec6b001a80a6c3,Meta-Llama-3-8B-Instruct,squad2,False,0,,,,,,,,,,True,squad2
5726f36cdd62a815002e95ff,Meta-Llama-3-8B-Instruct,squad2,False,2,,,,,,,,,,False,squad2
5a6ceb7a4eec6b001a80a6d3,Meta-Llama-3-8B-Instruct,squad2,False,2,,,,,,,,,,True,squad2
5726f48df1498d1400e8f0de,Meta-Llama-3-8B-Instruct,squad2,False,2,,,,,,,,,,False,squad2
5726f635dd62a815002e9659,Meta-Llama-3-8B-Instruct,squad2,False,2,,,,,,,,,,False,squad2
5a6ced7d4eec6b001a80a6e0,Meta-Llama-3-8B-Instruct,squad2,False,1,,,,,,,,,,True,squad2
5a6cee244eec6b001a80a6eb,Meta-Llama-3-8B-Instruct,squad2,True,3,2.0,0.8112781244591301,0.40563906222956503,False,Unanswerable,True,1.0,1.0,-0.14513320841024324,True,squad2
5a6ceec84eec6b001a80a6f3,Meta-Llama-3-8B-Instruct,squad2,False,2,,,,,,,,,,True,squad2
5a6ceec84eec6b001a80a6f5,Meta-Llama-3-8B-Instruct,squad2,False,0,,,,,,,,,,True,squad2
5726f96ddd62a815002e9699,Meta-Llama-3-8B-Instruct,squad2,True,3,2.0,0.8112781244591301,0.40563906222956503,False,The Australian Government.,True,1.0,1.0,-0.014207273027534485,False,squad2
5a6cef5a4eec6b001a80a6fe,Meta-Llama-3-8B-Instruct,squad2,False,2,,,,,,,,,,True,squad2
5a6cefd64eec6b001a80a707,Meta-Llama-3-8B-Instruct,squad2,False,1,,,,,,,,,,True,squad2
57271c235951b619008f860f,Meta-Llama-3-8B-Instruct,squad2,False,2,,,,,,,,,,False,squad2
5728d4c03acd2414000dffa3,Meta-Llama-3-8B-Instruct,squad2,False,1,,,,,,,,,,False,squad2
5728d5793acd2414000dffb6,Meta-Llama-3-8B-Instruct,squad2,False,2,,,,,,,,,,False,squad2
5728d7c54b864d1900164f4c,Meta-Llama-3-8B-Instruct,squad2,False,1,,,,,,,,,,False,squad2
57280f974b864d1900164371,Meta-Llama-3-8B-Instruct,squad2,False,1,,,,,,,,,,False,squad2
5728d9403acd2414000e001b,Meta-Llama-3-8B-Instruct,squad2,False,1,,,,,,,,,,False,squad2
5a665002846392001a1e1ab7,Meta-Llama-3-8B-Instruct,squad2,False,0,,,,,,,,,,True,squad2
5728151b4b864d1900164429,Meta-Llama-3-8B-Instruct,squad2,False,0,,,,,,,,,,False,squad2
5728dddc2ca10214002da9d3,Meta-Llama-3-8B-Instruct,squad2,False,1,,,,,,,,,,False,squad2
5a665549846392001a1e1ad9,Meta-Llama-3-8B-Instruct,squad2,False,0,,,,,,,,,,True,squad2
5a665747846392001a1e1ae9,Meta-Llama-3-8B-Instruct,squad2,False,2,,,,,,,,,,True,squad2
5728e07e3acd2414000e00ea,Meta-Llama-3-8B-Instruct,squad2,False,1,,,,,,,,,,False,squad2
5728e3c33acd2414000e0134,Meta-Llama-3-8B-Instruct,squad2,False,2,,,,,,,,,,False,squad2
572825a92ca10214002d9f02,Meta-Llama-3-8B-Instruct,squad2,True,3,3.0,1.4999999999999956,0.7499999999999978,False,The tree was successfully prevented from being cut down.,False,0.0,0.6666666666666666,-0.18446860987540958,False,squad2
5728e5224b864d1900165035,Meta-Llama-3-8B-Instruct,squad2,False,0,,,,,,,,,,False,squad2
5a665b56846392001a1e1b1d,Meta-Llama-3-8B-Instruct,squad2,False,1,,,,,,,,,,True,squad2
5728e5f43acd2414000e0173,Meta-Llama-3-8B-Instruct,squad2,False,0,,,,,,,,,,False,squad2
5728e715ff5b5019007da917,Meta-Llama-3-8B-Instruct,squad2,False,1,,,,,,,,,,False,squad2
5728eb1a3acd2414000e01c5,Meta-Llama-3-8B-Instruct,squad2,False,2,,,,,,,,,,False,squad2
5728ed94ff5b5019007da97c,Meta-Llama-3-8B-Instruct,squad2,False,2,,,,,,,,,,False,squad2
5a668d4ef038b7001ab0bfc1,Meta-Llama-3-8B-Instruct,squad2,False,2,,,,,,,,,,True,squad2
5728eef92ca10214002daab4,Meta-Llama-3-8B-Instruct,squad2,False,2,,,,,,,,,,False,squad2
5a668ef8f038b7001ab0bfdf,Meta-Llama-3-8B-Instruct,squad2,False,2,,,,,,,,,,True,squad2
5728facd4b864d1900165174,Meta-Llama-3-8B-Instruct,squad2,False,2,,,,,,,,,,False,squad2
5728fb6a1d04691400778ef8,Meta-Llama-3-8B-Instruct,squad2,False,1,,,,,,,,,,False,squad2
5a669ee5f038b7001ab0c06b,Meta-Llama-3-8B-Instruct,squad2,False,0,,,,,,,,,,True,squad2
5728fd3c3f37b31900477f2f,Meta-Llama-3-8B-Instruct,squad2,False,0,,,,,,,,,,False,squad2
5a25a8e9ef59cd001a623c21,Meta-Llama-3-8B-Instruct,squad2,False,2,,,,,,,,,,True,squad2
5a25a8e9ef59cd001a623c24,Meta-Llama-3-8B-Instruct,squad2,False,1,,,,,,,,,,True,squad2
5a23548782b03a001a4aa785,Meta-Llama-3-8B-Instruct,squad2,False,2,,,,,,,,,,True,squad2
57274046dd62a815002e9a14,Meta-Llama-3-8B-Instruct,squad2,False,2,,,,,,,,,,False,squad2
5a25b668ef59cd001a623c78,Meta-Llama-3-8B-Instruct,squad2,False,2,,,,,,,,,,True,squad2
5a25b668ef59cd001a623c79,Meta-Llama-3-8B-Instruct,squad2,False,0,,,,,,,,,,True,squad2
5a25bb0bef59cd001a623cb4,Meta-Llama-3-8B-Instruct,squad2,False,0,,,,,,,,,,True,squad2
572744aff1498d1400e8f58a,Meta-Llama-3-8B-Instruct,squad2,False,2,,,,,,,,,,False,squad2
57274e0d708984140094dbe5,Meta-Llama-3-8B-Instruct,squad2,False,0,,,,,,,,,,False,squad2
5a25c41def59cd001a623cda,Meta-Llama-3-8B-Instruct,squad2,False,0,,,,,,,,,,True,squad2
57274e975951b619008f87f9,Meta-Llama-3-8B-Instruct,squad2,False,2,,,,,,,,,,False,squad2
5a25d529ef59cd001a623cee,Meta-Llama-3-8B-Instruct,squad2,False,1,,,,,,,,,,True,squad2
5a25d529ef59cd001a623cef,Meta-Llama-3-8B-Instruct,squad2,False,2,,,,,,,,,,True,squad2
5a25d89aef59cd001a623cf8,Meta-Llama-3-8B-Instruct,squad2,False,1,,,,,,,,,,True,squad2
572751b4708984140094dc1c,Meta-Llama-3-8B-Instruct,squad2,False,1,,,,,,,,,,False,squad2
572751b4708984140094dc1d,Meta-Llama-3-8B-Instruct,squad2,False,1,,,,,,,,,,False,squad2
5a25e4a2ef59cd001a623d0b,Meta-Llama-3-8B-Instruct,squad2,False,1,,,,,,,,,,True,squad2
572753335951b619008f8854,Meta-Llama-3-8B-Instruct,squad2,False,1,,,,,,,,,,False,squad2
572753335951b619008f8855,Meta-Llama-3-8B-Instruct,squad2,False,0,,,,,,,,,,False,squad2
5a25eae4c93d92001a40033d,Meta-Llama-3-8B-Instruct,squad2,False,1,,,,,,,,,,True,squad2
5a25eae4c93d92001a40033e,Meta-Llama-3-8B-Instruct,squad2,False,0,,,,,,,,,,True,squad2
57275411dd62a815002e9b33,Meta-Llama-3-8B-Instruct,squad2,False,1,,,,,,,,,,False,squad2
5a25eed2c93d92001a40034b,Meta-Llama-3-8B-Instruct,squad2,False,1,,,,,,,,,,True,squad2
572755b7708984140094dc51,Meta-Llama-3-8B-Instruct,squad2,False,2,,,,,,,,,,False,squad2
5a6787d4f038b7001ab0c27b,Meta-Llama-3-8B-Instruct,squad2,False,2,,,,,,,,,,True,squad2
5727482bf1498d1400e8f5a4,Meta-Llama-3-8B-Instruct,squad2,False,1,,,,,,,,,,False,squad2
57274971708984140094dbbe,Meta-Llama-3-8B-Instruct,squad2,False,2,,,,,,,,,,False,squad2
57274a1edd62a815002e9a9c,Meta-Llama-3-8B-Instruct,squad2,True,3,1.0,-1.6017132519074577e-15,-8.008566259537289e-16,True,7.8%,True,1.0,1.0,-0.016126631114821065,False,squad2
5a67986af038b7001ab0c310,Meta-Llama-3-8B-Instruct,squad2,False,2,,,,,,,,,,True,squad2
5a67986af038b7001ab0c314,Meta-Llama-3-8B-Instruct,squad2,True,3,1.0,-1.6017132519074577e-15,-8.008566259537289e-16,True,Religious groups.,False,0.0,0.0,-0.10127199252328864,True,squad2
5a679db8f038b7001ab0c350,Meta-Llama-3-8B-Instruct,squad2,False,1,,,,,,,,,,True,squad2
5a679f83f038b7001ab0c364,Meta-Llama-3-8B-Instruct,squad2,False,1,,,,,,,,,,True,squad2
57274e145951b619008f87e9,Meta-Llama-3-8B-Instruct,squad2,False,2,,,,,,,,,,False,squad2
5a67a1e3f038b7001ab0c389,Meta-Llama-3-8B-Instruct,squad2,False,2,,,,,,,,,,True,squad2
57274eca5951b619008f8802,Meta-Llama-3-8B-Instruct,squad2,False,2,,,,,,,,,,False,squad2
5a67a2c7f038b7001ab0c3a6,Meta-Llama-3-8B-Instruct,squad2,False,1,,,,,,,,,,True,squad2
5727500f708984140094dc01,Meta-Llama-3-8B-Instruct,squad2,True,3,1.0,-1.6017132519074577e-15,-8.008566259537289e-16,True,Natural science.,True,1.0,1.0,-0.21566388449355145,False,squad2
5a67a898f038b7001ab0c3f6,Meta-Llama-3-8B-Instruct,squad2,False,2,,,,,,,,,,True,squad2
5a67a898f038b7001ab0c3f7,Meta-Llama-3-8B-Instruct,squad2,False,2,,,,,,,,,,True,squad2
5727515f708984140094dc12,Meta-Llama-3-8B-Instruct,squad2,False,2,,,,,,,,,,False,squad2
5727515f708984140094dc13,Meta-Llama-3-8B-Instruct,squad2,False,2,,,,,,,,,,False,squad2
572754dd708984140094dc3e,Meta-Llama-3-8B-Instruct,squad2,False,1,,,,,,,,,,False,squad2
572756265951b619008f886d,Meta-Llama-3-8B-Instruct,squad2,False,2,,,,,,,,,,False,squad2
5a67d87ef038b7001ab0c48e,Meta-Llama-3-8B-Instruct,squad2,False,2,,,,,,,,,,True,squad2
572759665951b619008f8887,Meta-Llama-3-8B-Instruct,squad2,False,0,,,,,,,,,,False,squad2
5a67e29c8476ee001a58a756,Meta-Llama-3-8B-Instruct,squad2,False,2,,,,,,,,,,True,squad2
572759dbdd62a815002e9b94,Meta-Llama-3-8B-Instruct,squad2,False,2,,,,,,,,,,False,squad2
5a82025a31013a001a3350b8,Meta-Llama-3-8B-Instruct,squad2,False,2,,,,,,,,,,True,squad2
5a8205d131013a001a3350f9,Meta-Llama-3-8B-Instruct,squad2,False,1,,,,,,,,,,True,squad2
5727cebc2ca10214002d96f1,Meta-Llama-3-8B-Instruct,squad2,False,1,,,,,,,,,,False,squad2
5a82237d31013a001a335244,Meta-Llama-3-8B-Instruct,squad2,False,2,,,,,,,,,,True,squad2
5a8224ea31013a001a335250,Meta-Llama-3-8B-Instruct,squad2,False,1,,,,,,,,,,True,squad2
5a8225de31013a001a335264,Meta-Llama-3-8B-Instruct,squad2,True,3,1.0,-1.6017132519074577e-15,-8.008566259537289e-16,True,unanswerable,True,1.0,1.0,-0.07322000986823696,True,squad2
5727d3843acd2414000ded69,Meta-Llama-3-8B-Instruct,squad2,False,1,,,,,,,,,,False,squad2
5a822bc531013a001a335281,Meta-Llama-3-8B-Instruct,squad2,False,2,,,,,,,,,,True,squad2
5a822bc531013a001a335285,Meta-Llama-3-8B-Instruct,squad2,False,0,,,,,,,,,,True,squad2
5727d4922ca10214002d977e,Meta-Llama-3-8B-Instruct,squad2,False,1,,,,,,,,,,False,squad2
5a823a7731013a001a33530c,Meta-Llama-3-8B-Instruct,squad2,False,1,,,,,,,,,,True,squad2
5a823e6f31013a001a33532f,Meta-Llama-3-8B-Instruct,squad2,False,1,,,,,,,,,,True,squad2
5a823e6f31013a001a335331,Meta-Llama-3-8B-Instruct,squad2,True,3,1.0,-1.6017132519074577e-15,-8.008566259537289e-16,True,unanswerable,True,1.0,1.0,-0.054028620903864066,True,squad2
5727dd2e4b864d1900163ebc,Meta-Llama-3-8B-Instruct,squad2,False,2,,,,,,,,,,False,squad2
5727de862ca10214002d9861,Meta-Llama-3-8B-Instruct,squad2,False,2,,,,,,,,,,False,squad2
5727e0474b864d1900163f0b,Meta-Llama-3-8B-Instruct,squad2,True,3,1.0,-1.6017132519074577e-15,-8.008566259537289e-16,True,W. E. B. Du Bois.,True,1.0,1.0,-0.023442309225913505,False,squad2
5a8251c231013a001a3353f1,Meta-Llama-3-8B-Instruct,squad2,False,2,,,,,,,,,,True,squad2
5a8251c231013a001a3353f3,Meta-Llama-3-8B-Instruct,squad2,False,1,,,,,,,,,,True,squad2
5a1c539bb4fb5d00187145fd,Meta-Llama-3-8B-Instruct,squad2,False,2,,,,,,,,,,True,squad2
5727cb4b2ca10214002d967a,Meta-Llama-3-8B-Instruct,squad2,False,2,,,,,,,,,,False,squad2
5a1c55b4b4fb5d0018714606,Meta-Llama-3-8B-Instruct,squad2,False,2,,,,,,,,,,True,squad2
5a1c60f0b4fb5d0018714612,Meta-Llama-3-8B-Instruct,squad2,False,1,,,,,,,,,,True,squad2
5a1c6968b4fb5d0018714618,Meta-Llama-3-8B-Instruct,squad2,False,1,,,,,,,,,,True,squad2
5a1c6968b4fb5d001871461c,Meta-Llama-3-8B-Instruct,squad2,False,2,,,,,,,,,,True,squad2
5a1c8092b4fb5d0018714630,Meta-Llama-3-8B-Instruct,squad2,False,2,,,,,,,,,,True,squad2
572815d9ff5b5019007d9cbf,Meta-Llama-3-8B-Instruct,squad2,True,3,2.0,0.9999999999999971,0.49999999999999856,False,Extension of the Florida East Coast Railway.,False,0.0,0.8571428571428571,-0.08447981705659736,False,squad2
572820512ca10214002d9e74,Meta-Llama-3-8B-Instruct,squad2,True,3,2.0,0.8112781244591301,0.40563906222956503,False,Trout River,True,1.0,1.0,-0.1702742569682414,False,squad2
572820512ca10214002d9e76,Meta-Llama-3-8B-Instruct,squad2,False,2,,,,,,,,,,False,squad2
572821274b864d1900164510,Meta-Llama-3-8B-Instruct,squad2,False,2,,,,,,,,,,False,squad2
5a1c8bb4b4fb5d00187146ae,Meta-Llama-3-8B-Instruct,squad2,False,0,,,,,,,,,,True,squad2
57282358ff5b5019007d9de1,Meta-Llama-3-8B-Instruct,squad2,False,2,,,,,,,,,,False,squad2
5a1c8d0bb4fb5d00187146be,Meta-Llama-3-8B-Instruct,squad2,False,1,,,,,,,,,,True,squad2
5a1c8f54b4fb5d00187146dc,Meta-Llama-3-8B-Instruct,squad2,True,3,2.0,0.8112781244591301,0.40563906222956503,False,23.9%,False,0.0,0.0,-0.02170025575810399,True,squad2
5727e6cbff5b5019007d97f0,Meta-Llama-3-8B-Instruct,squad2,False,1,,,,,,,,,,False,squad2
5ad242e5d7d075001a4289a6,Meta-Llama-3-8B-Instruct,squad2,False,1,,,,,,,,,,True,squad2
5729d44b1d04691400779615,Meta-Llama-3-8B-Instruct,squad2,True,3,3.0,1.4999999999999956,0.7499999999999978,False,The Institute for Policy Studies.,True,1.0,1.0,-0.06736566716199276,False,squad2
5ad2434fd7d075001a4289da,Meta-Llama-3-8B-Instruct,squad2,False,2,,,,,,,,,,True,squad2
5ad243a7d7d075001a428a0a,Meta-Llama-3-8B-Instruct,squad2,False,2,,,,,,,,,,True,squad2
5729d609af94a219006aa661,Meta-Llama-3-8B-Instruct,squad2,False,2,,,,,,,,,,False,squad2
5729d609af94a219006aa664,Meta-Llama-3-8B-Instruct,squad2,False,1,,,,,,,,,,False,squad2
5727ec062ca10214002d99b6,Meta-Llama-3-8B-Instruct,squad2,False,1,,,,,,,,,,False,squad2
5729d878af94a219006aa66f,Meta-Llama-3-8B-Instruct,squad2,False,1,,,,,,,,,,False,squad2
5729da0faf94a219006aa676,Meta-Llama-3-8B-Instruct,squad2,False,1,,,,,,,,,,False,squad2
5ad2467ad7d075001a428afa,Meta-Llama-3-8B-Instruct,squad2,False,1,,,,,,,,,,True,squad2
5727ee372ca10214002d99ec,Meta-Llama-3-8B-Instruct,squad2,False,0,,,,,,,,,,False,squad2
5729e1e36aef0514001550ba,Meta-Llama-3-8B-Instruct,squad2,False,2,,,,,,,,,,False,squad2
5ad248e0d7d075001a428b86,Meta-Llama-3-8B-Instruct,squad2,True,3,2.0,0.8112781244591301,0.40563906222956503,False,unanswerable,True,1.0,1.0,-0.18318766796051023,True,squad2
5ad24b96d7d075001a428bf0,Meta-Llama-3-8B-Instruct,squad2,False,2,,,,,,,,,,True,squad2
5ad24e50d7d075001a428c3c,Meta-Llama-3-8B-Instruct,squad2,False,2,,,,,,,,,,True,squad2
5729f24baf94a219006aa6e1,Meta-Llama-3-8B-Instruct,squad2,False,1,,,,,,,,,,False,squad2
5729f3883f37b319004785f1,Meta-Llama-3-8B-Instruct,squad2,False,2,,,,,,,,,,False,squad2
5ad25af2d7d075001a428e52,Meta-Llama-3-8B-Instruct,squad2,False,1,,,,,,,,,,True,squad2
572a06866aef0514001551c2,Meta-Llama-3-8B-Instruct,squad2,False,2,,,,,,,,,,False,squad2
572a07a86aef0514001551d4,Meta-Llama-3-8B-Instruct,squad2,False,2,,,,,,,,,,False,squad2
572a0bafaf94a219006aa766,Meta-Llama-3-8B-Instruct,squad2,False,1,,,,,,,,,,False,squad2
572a0bafaf94a219006aa767,Meta-Llama-3-8B-Instruct,squad2,False,1,,,,,,,,,,False,squad2
572a0c541d046914007796f6,Meta-Llama-3-8B-Instruct,squad2,False,2,,,,,,,,,,False,squad2
572a0e0e1d04691400779707,Meta-Llama-3-8B-Instruct,squad2,False,1,,,,,,,,,,False,squad2
5ad2623dd7d075001a429095,Meta-Llama-3-8B-Instruct,squad2,False,2,,,,,,,,,,True,squad2
5ad262aad7d075001a4290c4,Meta-Llama-3-8B-Instruct,squad2,False,1,,,,,,,,,,True,squad2
572a1046af94a219006aa78d,Meta-Llama-3-8B-Instruct,squad2,False,2,,,,,,,,,,False,squad2
572a1046af94a219006aa78e,Meta-Llama-3-8B-Instruct,squad2,False,1,,,,,,,,,,False,squad2
572a1046af94a219006aa78f,Meta-Llama-3-8B-Instruct,squad2,True,3,1.0,-1.6017132519074577e-15,-8.008566259537289e-16,True,Economists.,False,0.0,0.0,-0.06785290605066621,False,squad2
572a1046af94a219006aa790,Meta-Llama-3-8B-Instruct,squad2,True,3,2.0,0.8112781244591301,0.40563906222956503,False,The increasing importance of human capital in development.,True,1.0,1.0,-0.020841703889237805,False,squad2
5ad262ffd7d075001a4290e4,Meta-Llama-3-8B-Instruct,squad2,False,2,,,,,,,,,,True,squad2
5ad262ffd7d075001a4290e5,Meta-Llama-3-8B-Instruct,squad2,False,2,,,,,,,,,,True,squad2
5ad26367d7d075001a4290ff,Meta-Llama-3-8B-Instruct,squad2,False,2,,,,,,,,,,True,squad2
5ad26367d7d075001a429101,Meta-Llama-3-8B-Instruct,squad2,False,2,,,,,,,,,,True,squad2
572a13841d0469140077973f,Meta-Llama-3-8B-Instruct,squad2,False,1,,,,,,,,,,False,squad2
5ad2647bd7d075001a42915a,Meta-Llama-3-8B-Instruct,squad2,False,2,,,,,,,,,,True,squad2
5ad264e2d7d075001a42917d,Meta-Llama-3-8B-Instruct,squad2,False,1,,,,,,,,,,True,squad2
572a1ba46aef05140015528e,Meta-Llama-3-8B-Instruct,squad2,False,1,,,,,,,,,,False,squad2
5ad265d2d7d075001a4291c9,Meta-Llama-3-8B-Instruct,squad2,False,2,,,,,,,,,,True,squad2
5ad2676ed7d075001a429210,Meta-Llama-3-8B-Instruct,squad2,False,1,,,,,,,,,,True,squad2
5ad268b2d7d075001a42928b,Meta-Llama-3-8B-Instruct,squad2,False,1,,,,,,,,,,True,squad2
5ad2690ed7d075001a4292b3,Meta-Llama-3-8B-Instruct,squad2,False,0,,,,,,,,,,True,squad2
572a2224af94a219006aa824,Meta-Llama-3-8B-Instruct,squad2,False,0,,,,,,,,,,False,squad2
5ad26964d7d075001a4292cf,Meta-Llama-3-8B-Instruct,squad2,False,2,,,,,,,,,,True,squad2
5acf774877cf76001a684e98,Meta-Llama-3-8B-Instruct,squad2,False,1,,,,,,,,,,True,squad2
57283f014b864d19001647e9,Meta-Llama-3-8B-Instruct,squad2,False,1,,,,,,,,,,False,squad2
5acf7dcf77cf76001a684f7e,Meta-Llama-3-8B-Instruct,squad2,False,1,,,,,,,,,,True,squad2
5acf7ecb77cf76001a684fa5,Meta-Llama-3-8B-Instruct,squad2,False,2,,,,,,,,,,True,squad2
5acf7fdf77cf76001a684fd6,Meta-Llama-3-8B-Instruct,squad2,False,1,,,,,,,,,,True,squad2
57284618ff5b5019007da0ac,Meta-Llama-3-8B-Instruct,squad2,False,0,,,,,,,,,,False,squad2
5acf82c277cf76001a685066,Meta-Llama-3-8B-Instruct,squad2,False,2,,,,,,,,,,True,squad2
572847ff3acd2414000df86a,Meta-Llama-3-8B-Instruct,squad2,False,1,,,,,,,,,,False,squad2
5acf86ff77cf76001a6850f8,Meta-Llama-3-8B-Instruct,squad2,False,0,,,,,,,,,,True,squad2
572849b4ff5b5019007da0f6,Meta-Llama-3-8B-Instruct,squad2,False,1,,,,,,,,,,False,squad2
57284b904b864d19001648e2,Meta-Llama-3-8B-Instruct,squad2,True,3,3.0,1.4999999999999956,0.7499999999999978,False,"The first buildings of the University of Chicago campus, which make up the Main Quadrangles.",False,0.0,0.2857142857142857,-0.1491655456853299,False,squad2
5acf8bbd77cf76001a6851b5,Meta-Llama-3-8B-Instruct,squad2,False,0,,,,,,,,,,True,squad2
5728510f4b864d1900164937,Meta-Llama-3-8B-Instruct,squad2,False,2,,,,,,,,,,False,squad2
5728510f4b864d1900164938,Meta-Llama-3-8B-Instruct,squad2,False,1,,,,,,,,,,False,squad2
572855973acd2414000df925,Meta-Llama-3-8B-Instruct,squad2,False,2,,,,,,,,,,False,squad2
57285841ff5b5019007da19c,Meta-Llama-3-8B-Instruct,squad2,True,3,1.0,-1.6017132519074577e-15,-8.008566259537289e-16,True,The Oriental Institute.,True,1.0,1.0,-0.08850329546239663,False,squad2
57285841ff5b5019007da19e,Meta-Llama-3-8B-Instruct,squad2,False,1,,,,,,,,,,False,squad2
5acf9a5277cf76001a685420,Meta-Llama-3-8B-Instruct,squad2,False,2,,,,,,,,,,True,squad2
5acf9e9377cf76001a685585,Meta-Llama-3-8B-Instruct,squad2,False,2,,,,,,,,,,True,squad2
572867543acd2414000df9a1,Meta-Llama-3-8B-Instruct,squad2,False,1,,,,,,,,,,False,squad2
5acfa23577cf76001a68562f,Meta-Llama-3-8B-Instruct,squad2,False,0,,,,,,,,,,True,squad2
5acfa23577cf76001a685632,Meta-Llama-3-8B-Instruct,squad2,False,2,,,,,,,,,,True,squad2
5acfa31377cf76001a685684,Meta-Llama-3-8B-Instruct,squad2,False,1,,,,,,,,,,True,squad2
5acfa31377cf76001a685685,Meta-Llama-3-8B-Instruct,squad2,False,1,,,,,,,,,,True,squad2
5acfa71b77cf76001a68572e,Meta-Llama-3-8B-Instruct,squad2,False,1,,,,,,,,,,True,squad2
572870b2ff5b5019007da225,Meta-Llama-3-8B-Instruct,squad2,True,3,1.0,-1.6017132519074577e-15,-8.008566259537289e-16,True,Eugene Fama.,True,1.0,1.0,-0.06128868008103235,False,squad2
5acfa8a277cf76001a685770,Meta-Llama-3-8B-Instruct,squad2,False,2,,,,,,,,,,True,squad2
5acfa9b877cf76001a6857a9,Meta-Llama-3-8B-Instruct,squad2,False,1,,,,,,,,,,True,squad2
5acfa9b877cf76001a6857ab,Meta-Llama-3-8B-Instruct,squad2,False,1,,,,,,,,,,True,squad2
5728759cff5b5019007da25b,Meta-Llama-3-8B-Instruct,squad2,False,2,,,,,,,,,,False,squad2
57286192ff5b5019007da1df,Meta-Llama-3-8B-Instruct,squad2,False,1,,,,,,,,,,False,squad2
572863c72ca10214002da2d7,Meta-Llama-3-8B-Instruct,squad2,True,3,1.0,-1.6017132519074577e-15,-8.008566259537289e-16,True,1251,True,1.0,1.0,-0.05109115441640218,False,squad2
5ad401de604f3c001a3ffd31,Meta-Llama-3-8B-Instruct,squad2,True,3,2.0,0.8112781244591301,0.40563906222956503,False,unanswerable,True,1.0,1.0,-0.14553071713862664,True,squad2
572867212ca10214002da2f2,Meta-Llama-3-8B-Instruct,squad2,False,2,,,,,,,,,,False,squad2
572867212ca10214002da2f4,Meta-Llama-3-8B-Instruct,squad2,False,2,,,,,,,,,,False,squad2
5ad40219604f3c001a3ffd45,Meta-Llama-3-8B-Instruct,squad2,False,1,,,,,,,,,,True,squad2
5ad40432604f3c001a3ffdbc,Meta-Llama-3-8B-Instruct,squad2,False,1,,,,,,,,,,True,squad2
5ad40515604f3c001a3ffe08,Meta-Llama-3-8B-Instruct,squad2,False,2,,,,,,,,,,True,squad2
5728710c3acd2414000df9f2,Meta-Llama-3-8B-Instruct,squad2,False,2,,,,,,,,,,False,squad2
572871bd3acd2414000dfa03,Meta-Llama-3-8B-Instruct,squad2,False,2,,,,,,,,,,False,squad2
5ad406b6604f3c001a3ffe73,Meta-Llama-3-8B-Instruct,squad2,False,0,,,,,,,,,,True,squad2
5ad406b6604f3c001a3ffe77,Meta-Llama-3-8B-Instruct,squad2,False,1,,,,,,,,,,True,squad2
57287338ff5b5019007da232,Meta-Llama-3-8B-Instruct,squad2,False,1,,,,,,,,,,False,squad2
57287338ff5b5019007da233,Meta-Llama-3-8B-Instruct,squad2,False,1,,,,,,,,,,False,squad2
57287338ff5b5019007da235,Meta-Llama-3-8B-Instruct,squad2,False,1,,,,,,,,,,False,squad2
5ad406e9604f3c001a3ffe7d,Meta-Llama-3-8B-Instruct,squad2,False,0,,,,,,,,,,True,squad2
572878942ca10214002da3a3,Meta-Llama-3-8B-Instruct,squad2,False,2,,,,,,,,,,False,squad2
572879574b864d1900164a14,Meta-Llama-3-8B-Instruct,squad2,True,3,2.0,0.9999999999999971,0.49999999999999856,False,Western.,True,1.0,1.0,-0.2814957165389842,False,squad2
57287b4a4b864d1900164a29,Meta-Llama-3-8B-Instruct,squad2,False,1,,,,,,,,,,False,squad2
57287c142ca10214002da3d3,Meta-Llama-3-8B-Instruct,squad2,False,1,,,,,,,,,,False,squad2
5ad407de604f3c001a3ffebf,Meta-Llama-3-8B-Instruct,squad2,False,1,,,,,,,,,,True,squad2
57287ccb2ca10214002da3de,Meta-Llama-3-8B-Instruct,squad2,False,1,,,,,,,,,,False,squad2
5ad4081b604f3c001a3ffed9,Meta-Llama-3-8B-Instruct,squad2,False,0,,,,,,,,,,True,squad2
5ad4081b604f3c001a3ffedb,Meta-Llama-3-8B-Instruct,squad2,False,2,,,,,,,,,,True,squad2
5ad40995604f3c001a3fff45,Meta-Llama-3-8B-Instruct,squad2,False,1,,,,,,,,,,True,squad2
5ad40995604f3c001a3fff47,Meta-Llama-3-8B-Instruct,squad2,False,1,,,,,,,,,,True,squad2
5728809f2ca10214002da40e,Meta-Llama-3-8B-Instruct,squad2,True,3,2.0,0.8112781244591301,0.40563906222956503,False,Shoushi Li (授時暦),False,0.0,0.8,-0.042143417864890995,False,squad2
5728809f2ca10214002da410,Meta-Llama-3-8B-Instruct,squad2,False,1,,,,,,,,,,False,squad2
572881704b864d1900164a54,Meta-Llama-3-8B-Instruct,squad2,False,2,,,,,,,,,,False,squad2
5ad40af0604f3c001a3fffe1,Meta-Llama-3-8B-Instruct,squad2,False,0,,,,,,,,,,True,squad2
5ad40b55604f3c001a3ffffd,Meta-Llama-3-8B-Instruct,squad2,False,1,,,,,,,,,,True,squad2
572883153acd2414000dfa72,Meta-Llama-3-8B-Instruct,squad2,False,2,,,,,,,,,,False,squad2
57288428ff5b5019007da290,Meta-Llama-3-8B-Instruct,squad2,False,1,,,,,,,,,,False,squad2
5ad40cac604f3c001a40008a,Meta-Llama-3-8B-Instruct,squad2,False,0,,,,,,,,,,True,squad2
5ad40d28604f3c001a4000b5,Meta-Llama-3-8B-Instruct,squad2,False,2,,,,,,,,,,True,squad2
5728855d3acd2414000dfa8e,Meta-Llama-3-8B-Instruct,squad2,False,1,,,,,,,,,,False,squad2
572885c44b864d1900164a79,Meta-Llama-3-8B-Instruct,squad2,False,2,,,,,,,,,,False,squad2
5728eff82ca10214002daade,Meta-Llama-3-8B-Instruct,squad2,False,2,,,,,,,,,,False,squad2
572a14af3f37b319004786c1,Meta-Llama-3-8B-Instruct,squad2,False,2,,,,,,,,,,False,squad2
5728f2e26aef051400154899,Meta-Llama-3-8B-Instruct,squad2,True,3,4.0,1.9999999999999942,0.9999999999999971,False,Acquired conditions such as HIV/AIDS.,False,0.0,0.33333333333333337,-0.06970980737393499,False,squad2
5ad49faaba00c4001a268e25,Meta-Llama-3-8B-Instruct,squad2,False,1,,,,,,,,,,True,squad2
5ad4a110ba00c4001a268e62,Meta-Llama-3-8B-Instruct,squad2,False,1,,,,,,,,,,True,squad2
5ad4a682ba00c4001a268ecd,Meta-Llama-3-8B-Instruct,squad2,False,2,,,,,,,,,,True,squad2
5728f9882ca10214002dab5d,Meta-Llama-3-8B-Instruct,squad2,False,2,,,,,,,,,,False,squad2
5ad4b0f25b96ef001a109dbc,Meta-Llama-3-8B-Instruct,squad2,False,2,,,,,,,,,,True,squad2
572900f73f37b31900477f6c,Meta-Llama-3-8B-Instruct,squad2,True,3,2.0,0.8112781244591301,0.40563906222956503,False,Prostaglandins.,True,1.0,1.0,-0.022067133318387278,False,squad2
5ad4ca235b96ef001a10a0b8,Meta-Llama-3-8B-Instruct,squad2,False,2,,,,,,,,,,True,squad2
5729081d3f37b31900477fae,Meta-Llama-3-8B-Instruct,squad2,True,3,1.0,-1.6017132519074577e-15,-8.008566259537289e-16,True,Chemotaxis.,True,1.0,1.0,-0.09568363726134947,False,squad2
5729efab3f37b319004785cf,Meta-Llama-3-8B-Instruct,squad2,False,2,,,,,,,,,,False,squad2
5729f06f1d04691400779674,Meta-Llama-3-8B-Instruct,squad2,False,1,,,,,,,,,,False,squad2
5729f1fcaf94a219006aa6d6,Meta-Llama-3-8B-Instruct,squad2,False,1,,,,,,,,,,False,squad2
5729f5a03f37b31900478606,Meta-Llama-3-8B-Instruct,squad2,False,1,,,,,,,,,,False,squad2
5ad4d7395b96ef001a10a2f5,Meta-Llama-3-8B-Instruct,squad2,False,2,,,,,,,,,,True,squad2
5729f9953f37b31900478621,Meta-Llama-3-8B-Instruct,squad2,False,2,,,,,,,,,,False,squad2
5ad4ea425b96ef001a10a627,Meta-Llama-3-8B-Instruct,squad2,False,0,,,,,,,,,,True,squad2
5ad4ea425b96ef001a10a629,Meta-Llama-3-8B-Instruct,squad2,False,1,,,,,,,,,,True,squad2
5ad4e90e5b96ef001a10a60c,Meta-Llama-3-8B-Instruct,squad2,False,2,,,,,,,,,,True,squad2
5729fd111d046914007796a6,Meta-Llama-3-8B-Instruct,squad2,False,2,,,,,,,,,,False,squad2
5ad4db615b96ef001a10a436,Meta-Llama-3-8B-Instruct,squad2,True,3,1.0,-1.6017132519074577e-15,-8.008566259537289e-16,True,unanswerable,True,1.0,1.0,-0.04598782914968069,True,squad2
5ad4d8845b96ef001a10a348,Meta-Llama-3-8B-Instruct,squad2,False,2,,,,,,,,,,True,squad2
5ad4f4405b96ef001a10a77f,Meta-Llama-3-8B-Instruct,squad2,False,1,,,,,,,,,,True,squad2
5ad4f4405b96ef001a10a780,Meta-Llama-3-8B-Instruct,squad2,False,2,,,,,,,,,,True,squad2
5ad4ec305b96ef001a10a66a,Meta-Llama-3-8B-Instruct,squad2,False,2,,,,,,,,,,True,squad2
5ad4ec305b96ef001a10a66b,Meta-Llama-3-8B-Instruct,squad2,False,1,,,,,,,,,,True,squad2
572a058aaf94a219006aa754,Meta-Llama-3-8B-Instruct,squad2,False,2,,,,,,,,,,False,squad2
5ad4e7eb5b96ef001a10a5f4,Meta-Llama-3-8B-Instruct,squad2,False,2,,,,,,,,,,True,squad2
572a07fc6aef0514001551df,Meta-Llama-3-8B-Instruct,squad2,True,3,2.0,0.8112781244591301,0.40563906222956503,False,Evolution of the adaptive immune system.,False,0.0,0.7499999999999999,-0.05206993223532663,False,squad2
5ad4d5e15b96ef001a10a298,Meta-Llama-3-8B-Instruct,squad2,False,1,,,,,,,,,,True,squad2
572a0ce11d04691400779701,Meta-Llama-3-8B-Instruct,squad2,False,2,,,,,,,,,,False,squad2
5ad4f7895b96ef001a10a7f3,Meta-Llama-3-8B-Instruct,squad2,False,2,,,,,,,,,,True,squad2
5ad4e4425b96ef001a10a572,Meta-Llama-3-8B-Instruct,squad2,False,0,,,,,,,,,,True,squad2
572a10cd6aef051400155222,Meta-Llama-3-8B-Instruct,squad2,False,2,,,,,,,,,,False,squad2
5ad4eb355b96ef001a10a650,Meta-Llama-3-8B-Instruct,squad2,False,2,,,,,,,,,,True,squad2
5ad4c6775b96ef001a10a014,Meta-Llama-3-8B-Instruct,squad2,False,0,,,,,,,,,,True,squad2
57293b843f37b31900478136,Meta-Llama-3-8B-Instruct,squad2,False,2,,,,,,,,,,False,squad2
57293c246aef051400154bba,Meta-Llama-3-8B-Instruct,squad2,True,3,2.0,0.9999999999999971,0.49999999999999856,False,Government officials and climate change experts.,True,1.0,1.0,-0.10434116402200289,False,squad2
57293d116aef051400154bcb,Meta-Llama-3-8B-Instruct,squad2,False,1,,,,,,,,,,False,squad2
5a3e307f378766001a0024da,Meta-Llama-3-8B-Instruct,squad2,False,1,,,,,,,,,,True,squad2
5a3e488b378766001a00253c,Meta-Llama-3-8B-Instruct,squad2,True,3,1.0,-1.6017132519074577e-15,-8.008566259537289e-16,True,Unanswerable,True,1.0,1.0,-0.2140119334744668,True,squad2
5a3e488b378766001a00253d,Meta-Llama-3-8B-Instruct,squad2,False,1,,,,,,,,,,True,squad2
57293f353f37b3190047819f,Meta-Llama-3-8B-Instruct,squad2,True,3,2.0,0.8112781244591301,0.40563906222956503,False,scientific evidence,True,1.0,1.0,-0.4387410605947082,False,squad2
5a3e3752378766001a0024f9,Meta-Llama-3-8B-Instruct,squad2,False,0,,,,,,,,,,True,squad2
57293f8a6aef051400154bde,Meta-Llama-3-8B-Instruct,squad2,False,1,,,,,,,,,,False,squad2
5a3e495c378766001a002547,Meta-Llama-3-8B-Instruct,squad2,True,3,1.0,-1.6017132519074577e-15,-8.008566259537289e-16,True,unanswerable,True,1.0,1.0,-0.14321717914276633,True,squad2
57294279af94a219006aa20a,Meta-Llama-3-8B-Instruct,squad2,False,2,,,,,,,,,,False,squad2
57294279af94a219006aa20b,Meta-Llama-3-8B-Instruct,squad2,False,2,,,,,,,,,,False,squad2
5a3e42de378766001a002529,Meta-Llama-3-8B-Instruct,squad2,False,2,,,,,,,,,,True,squad2
5a3e42de378766001a00252a,Meta-Llama-3-8B-Instruct,squad2,False,2,,,,,,,,,,True,squad2
572943ab1d0469140077921a,Meta-Llama-3-8B-Instruct,squad2,False,1,,,,,,,,,,False,squad2
572944e03f37b319004781e3,Meta-Llama-3-8B-Instruct,squad2,False,2,,,,,,,,,,False,squad2
5a3e582e378766001a0025a2,Meta-Llama-3-8B-Instruct,squad2,False,1,,,,,,,,,,True,squad2
572945b11d04691400779230,Meta-Llama-3-8B-Instruct,squad2,True,3,3.0,1.4999999999999956,0.7499999999999978,False,"The actual temperature rise was near the top end of the range given by IPCC's 2001 projection, and the actual sea level rise was above the top of",False,0.0,0.1714285714285714,-0.05509393512405136,False,squad2
5a3e5697378766001a002598,Meta-Llama-3-8B-Instruct,squad2,False,2,,,,,,,,,,True,squad2
57294baaaf94a219006aa26c,Meta-Llama-3-8B-Instruct,squad2,False,1,,,,,,,,,,False,squad2
5a3e4e57378766001a002564,Meta-Llama-3-8B-Instruct,squad2,False,1,,,,,,,,,,True,squad2
5a3e4e57378766001a002567,Meta-Llama-3-8B-Instruct,squad2,False,2,,,,,,,,,,True,squad2
57296d571d04691400779417,Meta-Llama-3-8B-Instruct,squad2,False,0,,,,,,,,,,False,squad2
57296f293f37b319004783a4,Meta-Llama-3-8B-Instruct,squad2,False,1,,,,,,,,,,False,squad2
5a89128d3b2508001a72a498,Meta-Llama-3-8B-Instruct,squad2,False,1,,,,,,,,,,True,squad2
5a8913713b2508001a72a49e,Meta-Llama-3-8B-Instruct,squad2,False,1,,,,,,,,,,True,squad2
5729727baf94a219006aa437,Meta-Llama-3-8B-Instruct,squad2,True,3,1.0,-1.6017132519074577e-15,-8.008566259537289e-16,True,Goldbach's conjecture.,True,1.0,1.0,-0.011806738587372325,False,squad2
5729727baf94a219006aa43b,Meta-Llama-3-8B-Instruct,squad2,True,3,3.0,1.4999999999999956,0.7499999999999978,False,Prime ideals.,True,1.0,1.0,-0.16572045907321353,False,squad2
572973f76aef051400154f0b,Meta-Llama-3-8B-Instruct,squad2,True,3,2.0,0.8112781244591301,0.40563906222956503,False,"1, 2, and n.",True,1.0,1.0,-0.09072931065262917,False,squad2
5a8923a23b2508001a72a4c8,Meta-Llama-3-8B-Instruct,squad2,False,2,,,,,,,,,,True,squad2
57297a276aef051400154f89,Meta-Llama-3-8B-Instruct,squad2,True,3,1.0,-1.6017132519074577e-15,-8.008566259537289e-16,True,Euler.,True,1.0,1.0,-0.040135388384442194,False,squad2
5a8929e43b2508001a72a4da,Meta-Llama-3-8B-Instruct,squad2,True,3,2.0,0.8112781244591301,0.40563906222956503,False,unanswerable,True,1.0,1.0,-0.05013697080539714,True,squad2
5a8929e43b2508001a72a4de,Meta-Llama-3-8B-Instruct,squad2,False,1,,,,,,,,,,True,squad2
5a892b473b2508001a72a4e8,Meta-Llama-3-8B-Instruct,squad2,False,2,,,,,,,,,,True,squad2
57297d421d046914007794e6,Meta-Llama-3-8B-Instruct,squad2,False,2,,,,,,,,,,False,squad2
5a892d303b2508001a72a4f1,Meta-Llama-3-8B-Instruct,squad2,False,1,,,,,,,,,,True,squad2
57297ed93f37b3190047845f,Meta-Llama-3-8B-Instruct,squad2,True,3,1.0,-1.6017132519074577e-15,-8.008566259537289e-16,True,The Fermat primality test.,True,1.0,1.0,-0.035567872649924226,False,squad2
57298ef11d0469140077952e,Meta-Llama-3-8B-Instruct,squad2,False,1,,,,,,,,,,False,squad2
5a893a003b2508001a72a542,Meta-Llama-3-8B-Instruct,squad2,True,3,3.0,1.4999999999999956,0.7499999999999978,False,Unanswerable,True,1.0,1.0,-0.201136760189911,True,squad2
5a8940ba3b2508001a72a55d,Meta-Llama-3-8B-Instruct,squad2,True,3,1.0,-1.6017132519074577e-15,-8.008566259537289e-16,True,p − 1 or a divisor of p − 1.,False,0.0,0.0,-0.01522137702086468,True,squad2
5a8944653b2508001a72a57a,Meta-Llama-3-8B-Instruct,squad2,False,0,,,,,,,,,,True,squad2
5a89464f3b2508001a72a590,Meta-Llama-3-8B-Instruct,squad2,False,1,,,,,,,,,,True,squad2
5729a26d6aef05140015505d,Meta-Llama-3-8B-Instruct,squad2,True,3,2.0,0.8112781244591301,0.40563906222956503,False,The local-global principle.,True,1.0,1.0,-0.09164795280275939,False,squad2
5ad262fbd7d075001a4290dd,Meta-Llama-3-8B-Instruct,squad2,False,2,,,,,,,,,,True,squad2
572f57c704bcaa1900d7686d,Meta-Llama-3-8B-Instruct,squad2,False,0,,,,,,,,,,False,squad2
572fe53104bcaa1900d76e6b,Meta-Llama-3-8B-Instruct,squad2,False,1,,,,,,,,,,False,squad2
572fe92204bcaa1900d76e97,Meta-Llama-3-8B-Instruct,squad2,False,2,,,,,,,,,,False,squad2
572f609ca23a5019007fc5af,Meta-Llama-3-8B-Instruct,squad2,False,1,,,,,,,,,,False,squad2
572fec30947a6a140053cdf5,Meta-Llama-3-8B-Instruct,squad2,False,1,,,,,,,,,,False,squad2
572f64ccb2c2fd14005680b7,Meta-Llama-3-8B-Instruct,squad2,False,0,,,,,,,,,,False,squad2
572ff12e04bcaa1900d76eff,Meta-Llama-3-8B-Instruct,squad2,False,2,,,,,,,,,,False,squad2
572ff12e04bcaa1900d76f02,Meta-Llama-3-8B-Instruct,squad2,False,1,,,,,,,,,,False,squad2
5ad27d5dd7d075001a4296bc,Meta-Llama-3-8B-Instruct,squad2,False,2,,,,,,,,,,True,squad2
572f6c85947a6a140053c940,Meta-Llama-3-8B-Instruct,squad2,False,1,,,,,,,,,,False,squad2
5ad27f33d7d075001a429755,Meta-Llama-3-8B-Instruct,squad2,True,3,2.0,0.8112781244591301,0.40563906222956503,False,The Ruhr.,False,0.0,0.0,-0.1444180149515873,True,squad2
572ff4ca04bcaa1900d76f26,Meta-Llama-3-8B-Instruct,squad2,False,2,,,,,,,,,,False,squad2
572ff5fcb2c2fd1400568658,Meta-Llama-3-8B-Instruct,squad2,False,0,,,,,,,,,,False,squad2
5ad28861d7d075001a429940,Meta-Llama-3-8B-Instruct,squad2,True,3,1.0,-1.6017132519074577e-15,-8.008566259537289e-16,True,Unanswerable,True,1.0,1.0,-0.1267442069038225,True,squad2
572ff7ab04bcaa1900d76f51,Meta-Llama-3-8B-Instruct,squad2,False,1,,,,,,,,,,False,squad2
5ad28c93d7d075001a429a0e,Meta-Llama-3-8B-Instruct,squad2,False,2,,,,,,,,,,True,squad2
5ad28c93d7d075001a429a0f,Meta-Llama-3-8B-Instruct,squad2,False,0,,,,,,,,,,True,squad2
572ff890a23a5019007fcbce,Meta-Llama-3-8B-Instruct,squad2,False,2,,,,,,,,,,False,squad2
5ad295d4d7d075001a429afd,Meta-Llama-3-8B-Instruct,squad2,False,1,,,,,,,,,,True,squad2
572ffd75b2c2fd14005686e9,Meta-Llama-3-8B-Instruct,squad2,True,3,3.0,1.4999999999999956,0.7499999999999978,False,The English Channel.,True,1.0,1.0,-0.05629018525951324,False,squad2
5ad29d35d7d075001a429c12,Meta-Llama-3-8B-Instruct,squad2,True,3,2.0,0.8112781244591301,0.40563906222956503,False,Unanswerable,True,1.0,1.0,-0.2714794797975628,True,squad2
572fff45947a6a140053cf28,Meta-Llama-3-8B-Instruct,squad2,False,1,,,,,,,,,,False,squad2
5ad2a3b3d7d075001a429d5b,Meta-Llama-3-8B-Instruct,squad2,False,1,,,,,,,,,,True,squad2
57300580b2c2fd140056874d,Meta-Llama-3-8B-Instruct,squad2,False,1,,,,,,,,,,False,squad2
5ad2a71ad7d075001a429e05,Meta-Llama-3-8B-Instruct,squad2,False,0,,,,,,,,,,True,squad2
5ad2a71ad7d075001a429e06,Meta-Llama-3-8B-Instruct,squad2,False,1,,,,,,,,,,True,squad2
57300761947a6a140053cf9b,Meta-Llama-3-8B-Instruct,squad2,True,3,2.0,0.8112781244591301,0.40563906222956503,False,Germania.,True,1.0,1.0,-0.0518438778251209,False,squad2
57300911947a6a140053cfba,Meta-Llama-3-8B-Instruct,squad2,False,0,,,,,,,,,,False,squad2
573009a004bcaa1900d77050,Meta-Llama-3-8B-Instruct,squad2,False,2,,,,,,,,,,False,squad2
5ad2b882d7d075001a42a041,Meta-Llama-3-8B-Instruct,squad2,False,1,,,,,,,,,,True,squad2
5ad2b882d7d075001a42a042,Meta-Llama-3-8B-Instruct,squad2,False,2,,,,,,,,,,True,squad2
5ad2b882d7d075001a42a043,Meta-Llama-3-8B-Instruct,squad2,False,1,,,,,,,,,,True,squad2
57300a9a04bcaa1900d77067,Meta-Llama-3-8B-Instruct,squad2,True,3,1.0,-1.6017132519074577e-15,-8.008566259537289e-16,True,1936,True,1.0,1.0,-0.03340004508694013,False,squad2
5ad2bb5fd7d075001a42a080,Meta-Llama-3-8B-Instruct,squad2,False,2,,,,,,,,,,True,squad2
57300c67947a6a140053cff3,Meta-Llama-3-8B-Instruct,squad2,False,0,,,,,,,,,,False,squad2
572fad30a23a5019007fc871,Meta-Llama-3-8B-Instruct,squad2,False,2,,,,,,,,,,False,squad2
5ad0247477cf76001a686b93,Meta-Llama-3-8B-Instruct,squad2,False,2,,,,,,,,,,True,squad2
5ad026a777cf76001a686bca,Meta-Llama-3-8B-Instruct,squad2,False,2,,,,,,,,,,True,squad2
5ad0291f77cf76001a686c2a,Meta-Llama-3-8B-Instruct,squad2,False,1,,,,,,,,,,True,squad2
572fb42904bcaa1900d76c19,Meta-Llama-3-8B-Instruct,squad2,False,2,,,,,,,,,,False,squad2
572fc043a23a5019007fc95d,Meta-Llama-3-8B-Instruct,squad2,False,2,,,,,,,,,,False,squad2
572fc41f947a6a140053cc80,Meta-Llama-3-8B-Instruct,squad2,False,2,,,,,,,,,,False,squad2
5ad02fdf77cf76001a686d9a,Meta-Llama-3-8B-Instruct,squad2,False,1,,,,,,,,,,True,squad2
5ad02fdf77cf76001a686d9c,Meta-Llama-3-8B-Instruct,squad2,False,0,,,,,,,,,,True,squad2
572fc49d04bcaa1900d76ccd,Meta-Llama-3-8B-Instruct,squad2,False,0,,,,,,,,,,False,squad2
572fc5a1947a6a140053cc8d,Meta-Llama-3-8B-Instruct,squad2,False,1,,,,,,,,,,False,squad2
572fc5a1947a6a140053cc8e,Meta-Llama-3-8B-Instruct,squad2,False,1,,,,,,,,,,False,squad2
572fc6f204bcaa1900d76cf7,Meta-Llama-3-8B-Instruct,squad2,False,2,,,,,,,,,,False,squad2
572fc78d04bcaa1900d76d0a,Meta-Llama-3-8B-Instruct,squad2,False,2,,,,,,,,,,False,squad2
5ad0392577cf76001a686e4e,Meta-Llama-3-8B-Instruct,squad2,False,1,,,,,,,,,,True,squad2
572fc80b04bcaa1900d76d14,Meta-Llama-3-8B-Instruct,squad2,True,3,3.0,1.4999999999999956,0.7499999999999978,False,Session,True,1.0,1.0,-0.32422062009572983,False,squad2
5ad03b2777cf76001a686e99,Meta-Llama-3-8B-Instruct,squad2,False,1,,,,,,,,,,True,squad2
572fcc43b2c2fd140056847e,Meta-Llama-3-8B-Instruct,squad2,False,0,,,,,,,,,,False,squad2
5ad03cd377cf76001a686ec6,Meta-Llama-3-8B-Instruct,squad2,False,2,,,,,,,,,,True,squad2
5ad03efa77cf76001a686edd,Meta-Llama-3-8B-Instruct,squad2,False,1,,,,,,,,,,True,squad2
572fd6aa04bcaa1900d76da2,Meta-Llama-3-8B-Instruct,squad2,False,2,,,,,,,,,,False,squad2
572fd6aa04bcaa1900d76da3,Meta-Llama-3-8B-Instruct,squad2,False,2,,,,,,,,,,False,squad2
5ad0415577cf76001a686f04,Meta-Llama-3-8B-Instruct,squad2,False,1,,,,,,,,,,True,squad2
5ad041c477cf76001a686f0e,Meta-Llama-3-8B-Instruct,squad2,False,0,,,,,,,,,,True,squad2
572fdb17b2c2fd140056851e,Meta-Llama-3-8B-Instruct,squad2,False,2,,,,,,,,,,False,squad2
5ad0440a77cf76001a686f4a,Meta-Llama-3-8B-Instruct,squad2,False,1,,,,,,,,,,True,squad2
572fdbb004bcaa1900d76dd9,Meta-Llama-3-8B-Instruct,squad2,False,1,,,,,,,,,,False,squad2
5ad044f977cf76001a686f64,Meta-Llama-3-8B-Instruct,squad2,False,1,,,,,,,,,,True,squad2
572fdd03a23a5019007fcaa0,Meta-Llama-3-8B-Instruct,squad2,False,2,,,,,,,,,,False,squad2
572fdd03a23a5019007fcaa1,Meta-Llama-3-8B-Instruct,squad2,False,1,,,,,,,,,,False,squad2
572ff626947a6a140053ce92,Meta-Llama-3-8B-Instruct,squad2,False,2,,,,,,,,,,False,squad2
572ff86004bcaa1900d76f66,Meta-Llama-3-8B-Instruct,squad2,False,2,,,,,,,,,,False,squad2
572ff86004bcaa1900d76f67,Meta-Llama-3-8B-Instruct,squad2,False,1,,,,,,,,,,False,squad2
5acfe78477cf76001a6863e9,Meta-Llama-3-8B-Instruct,squad2,False,1,,,,,,,,,,True,squad2
5acfe84677cf76001a686406,Meta-Llama-3-8B-Instruct,squad2,False,2,,,,,,,,,,True,squad2
572ffee1947a6a140053cf15,Meta-Llama-3-8B-Instruct,squad2,False,1,,,,,,,,,,False,squad2
5acfe99177cf76001a686458,Meta-Llama-3-8B-Instruct,squad2,False,1,,,,,,,,,,True,squad2
5730035e04bcaa1900d77004,Meta-Llama-3-8B-Instruct,squad2,False,1,,,,,,,,,,False,squad2
573004bf947a6a140053cf57,Meta-Llama-3-8B-Instruct,squad2,False,2,,,,,,,,,,False,squad2
573004bf947a6a140053cf58,Meta-Llama-3-8B-Instruct,squad2,False,2,,,,,,,,,,False,squad2
573004bf947a6a140053cf59,Meta-Llama-3-8B-Instruct,squad2,False,2,,,,,,,,,,False,squad2
5acfeae177cf76001a6864a1,Meta-Llama-3-8B-Instruct,squad2,False,2,,,,,,,,,,True,squad2
5acfeb2577cf76001a6864b3,Meta-Llama-3-8B-Instruct,squad2,False,1,,,,,,,,,,True,squad2
5acfeb2577cf76001a6864b4,Meta-Llama-3-8B-Instruct,squad2,False,0,,,,,,,,,,True,squad2
57300f8504bcaa1900d770d1,Meta-Llama-3-8B-Instruct,squad2,True,3,1.0,-1.6017132519074577e-15,-8.008566259537289e-16,True,Radicalized the Islamist movement.,False,0.0,0.6666666666666666,-0.10499831093868295,False,squad2
57300f8504bcaa1900d770d2,Meta-Llama-3-8B-Instruct,squad2,False,1,,,,,,,,,,False,squad2
573010fab2c2fd14005687d9,Meta-Llama-3-8B-Instruct,squad2,True,3,1.0,-1.6017132519074577e-15,-8.008566259537289e-16,True,domestic Islamists,True,1.0,1.0,-0.17282419660901951,False,squad2
5acfebe477cf76001a6864d7,Meta-Llama-3-8B-Instruct,squad2,False,2,,,,,,,,,,True,squad2
5acfebe477cf76001a6864d8,Meta-Llama-3-8B-Instruct,squad2,False,2,,,,,,,,,,True,squad2
5acfec2077cf76001a6864f6,Meta-Llama-3-8B-Instruct,squad2,False,1,,,,,,,,,,True,squad2
5730131c947a6a140053d054,Meta-Llama-3-8B-Instruct,squad2,False,2,,,,,,,,,,False,squad2
5acfec9277cf76001a686508,Meta-Llama-3-8B-Instruct,squad2,False,2,,,,,,,,,,True,squad2
5acfed5277cf76001a68652e,Meta-Llama-3-8B-Instruct,squad2,False,2,,,,,,,,,,True,squad2
573027d6a23a5019007fce9f,Meta-Llama-3-8B-Instruct,squad2,False,1,,,,,,,,,,False,squad2
5acfedc577cf76001a686549,Meta-Llama-3-8B-Instruct,squad2,False,0,,,,,,,,,,True,squad2
5acfedc577cf76001a68654a,Meta-Llama-3-8B-Instruct,squad2,False,0,,,,,,,,,,True,squad2
5acfeee177cf76001a686572,Meta-Llama-3-8B-Instruct,squad2,False,2,,,,,,,,,,True,squad2
57303048947a6a140053d257,Meta-Llama-3-8B-Instruct,squad2,False,1,,,,,,,,,,False,squad2
573062662461fd1900a9cdfb,Meta-Llama-3-8B-Instruct,squad2,False,2,,,,,,,,,,False,squad2
57306797396df919000960ee,Meta-Llama-3-8B-Instruct,squad2,False,0,,,,,,,,,,False,squad2
57306797396df919000960f2,Meta-Llama-3-8B-Instruct,squad2,False,0,,,,,,,,,,False,squad2
5acff4b177cf76001a686616,Meta-Llama-3-8B-Instruct,squad2,False,0,,,,,,,,,,True,squad2
5acff5b077cf76001a68662c,Meta-Llama-3-8B-Instruct,squad2,False,1,,,,,,,,,,True,squad2
5acff63377cf76001a68665a,Meta-Llama-3-8B-Instruct,squad2,False,1,,,,,,,,,,True,squad2
5acff63377cf76001a68665c,Meta-Llama-3-8B-Instruct,squad2,False,1,,,,,,,,,,True,squad2
5730876a396df9190009617c,Meta-Llama-3-8B-Instruct,squad2,False,2,,,,,,,,,,False,squad2
57308ddc396df919000961a6,Meta-Llama-3-8B-Instruct,squad2,False,2,,,,,,,,,,False,squad2
5730909d8ab72b1400f9c58e,Meta-Llama-3-8B-Instruct,squad2,False,0,,,,,,,,,,False,squad2
5ad02de177cf76001a686d15,Meta-Llama-3-8B-Instruct,squad2,False,1,,,,,,,,,,True,squad2
57309564069b5314008321a6,Meta-Llama-3-8B-Instruct,squad2,False,2,,,,,,,,,,False,squad2
57309564069b5314008321a9,Meta-Llama-3-8B-Instruct,squad2,False,0,,,,,,,,,,False,squad2
57309ef18ab72b1400f9c603,Meta-Llama-3-8B-Instruct,squad2,False,1,,,,,,,,,,False,squad2
5730a0778ab72b1400f9c60b,Meta-Llama-3-8B-Instruct,squad2,False,0,,,,,,,,,,False,squad2
5730a314069b5314008321eb,Meta-Llama-3-8B-Instruct,squad2,False,1,,,,,,,,,,False,squad2
5ad0316177cf76001a686ddc,Meta-Llama-3-8B-Instruct,squad2,False,1,,,,,,,,,,True,squad2
5ad031ef77cf76001a686df6,Meta-Llama-3-8B-Instruct,squad2,False,1,,,,,,,,,,True,squad2
5730a951069b531400832217,Meta-Llama-3-8B-Instruct,squad2,False,0,,,,,,,,,,False,squad2
5ad0322877cf76001a686dfc,Meta-Llama-3-8B-Instruct,squad2,False,1,,,,,,,,,,True,squad2
5ad0354e77cf76001a686e1f,Meta-Llama-3-8B-Instruct,squad2,True,3,1.0,-1.6017132519074577e-15,-8.008566259537289e-16,True,Unanswerable,True,1.0,1.0,-0.15941378462321154,True,squad2
5730ac782461fd1900a9cf75,Meta-Llama-3-8B-Instruct,squad2,False,2,,,,,,,,,,False,squad2
5730aef38ab72b1400f9c683,Meta-Llama-3-8B-Instruct,squad2,False,0,,,,,,,,,,False,squad2
5730b255396df919000962b4,Meta-Llama-3-8B-Instruct,squad2,False,2,,,,,,,,,,False,squad2
5730b4282461fd1900a9cfc6,Meta-Llama-3-8B-Instruct,squad2,False,2,,,,,,,,,,False,squad2
5730b541396df919000962c2,Meta-Llama-3-8B-Instruct,squad2,False,2,,,,,,,,,,False,squad2
5730b541396df919000962c5,Meta-Llama-3-8B-Instruct,squad2,False,1,,,,,,,,,,False,squad2
5730b7ce069b5314008322c7,Meta-Llama-3-8B-Instruct,squad2,False,1,,,,,,,,,,False,squad2
5730b8ca8ab72b1400f9c705,Meta-Llama-3-8B-Instruct,squad2,False,1,,,,,,,,,,False,squad2
5730b8ca8ab72b1400f9c707,Meta-Llama-3-8B-Instruct,squad2,True,3,1.0,-1.6017132519074577e-15,-8.008566259537289e-16,True,To build a premise that would allow for U.S authorship of a 'new world' characterized by geographical order.,False,0.0,0.7741935483870969,-0.046008319479929526,False,squad2
5730bd00069b5314008322d9,Meta-Llama-3-8B-Instruct,squad2,False,2,,,,,,,,,,False,squad2
5ad4bdbd5b96ef001a109edc,Meta-Llama-3-8B-Instruct,squad2,False,2,,,,,,,,,,True,squad2
5ad50bb95b96ef001a10aab0,Meta-Llama-3-8B-Instruct,squad2,False,0,,,,,,,,,,True,squad2
57332562d058e614000b5734,Meta-Llama-3-8B-Instruct,squad2,False,1,,,,,,,,,,False,squad2
5ad4bea25b96ef001a109ef8,Meta-Llama-3-8B-Instruct,squad2,False,2,,,,,,,,,,True,squad2
5ad4c99d5b96ef001a10a0a3,Meta-Llama-3-8B-Instruct,squad2,False,2,,,,,,,,,,True,squad2
57332a734776f41900660729,Meta-Llama-3-8B-Instruct,squad2,False,2,,,,,,,,,,False,squad2
5ad4caf45b96ef001a10a0d6,Meta-Llama-3-8B-Instruct,squad2,False,1,,,,,,,,,,True,squad2
5ad50c9f5b96ef001a10aae0,Meta-Llama-3-8B-Instruct,squad2,False,0,,,,,,,,,,True,squad2
5ad50c9f5b96ef001a10aae4,Meta-Llama-3-8B-Instruct,squad2,False,2,,,,,,,,,,True,squad2
5ad4cd6e5b96ef001a10a124,Meta-Llama-3-8B-Instruct,squad2,False,2,,,,,,,,,,True,squad2
5ad4cd6e5b96ef001a10a128,Meta-Llama-3-8B-Instruct,squad2,False,2,,,,,,,,,,True,squad2
57335c20d058e614000b58fa,Meta-Llama-3-8B-Instruct,squad2,False,1,,,,,,,,,,False,squad2
5ad4d2855b96ef001a10a1dd,Meta-Llama-3-8B-Instruct,squad2,True,3,1.0,-1.6017132519074577e-15,-8.008566259537289e-16,True,Warsaw Escarpment.,False,0.0,0.0,-0.04261984558194497,True,squad2
57335ddbd058e614000b5933,Meta-Llama-3-8B-Instruct,squad2,False,1,,,,,,,,,,False,squad2
57335fcad058e614000b5974,Meta-Llama-3-8B-Instruct,squad2,False,2,,,,,,,,,,False,squad2
573361404776f4190066093d,Meta-Llama-3-8B-Instruct,squad2,False,2,,,,,,,,,,False,squad2
573362b94776f41900660977,Meta-Llama-3-8B-Instruct,squad2,False,2,,,,,,,,,,False,squad2
5ad4d8d65b96ef001a10a363,Meta-Llama-3-8B-Instruct,squad2,False,1,,,,,,,,,,True,squad2
5733638fd058e614000b59e9,Meta-Llama-3-8B-Instruct,squad2,False,2,,,,,,,,,,False,squad2
5ad4d9be5b96ef001a10a3b4,Meta-Llama-3-8B-Instruct,squad2,False,2,,,,,,,,,,True,squad2
573368044776f41900660a29,Meta-Llama-3-8B-Instruct,squad2,False,2,,,,,,,,,,False,squad2
573368e54776f41900660a55,Meta-Llama-3-8B-Instruct,squad2,False,2,,,,,,,,,,False,squad2
57337ddc4776f41900660bba,Meta-Llama-3-8B-Instruct,squad2,False,1,,,,,,,,,,False,squad2
57337f6ad058e614000b5bce,Meta-Llama-3-8B-Instruct,squad2,True,3,2.0,0.8112781244591301,0.40563906222956503,False,That Varsovians thought of themselves as better only because they lived in the capital.,False,0.0,0.5555555555555556,-0.09102176466485742,False,squad2
5ad4f1c95b96ef001a10a729,Meta-Llama-3-8B-Instruct,squad2,False,2,,,,,,,,,,True,squad2
5ad4f4d95b96ef001a10a796,Meta-Llama-3-8B-Instruct,squad2,False,1,,,,,,,,,,True,squad2
573382d24776f41900660c38,Meta-Llama-3-8B-Instruct,squad2,False,2,,,,,,,,,,False,squad2
573382d24776f41900660c3a,Meta-Llama-3-8B-Instruct,squad2,False,0,,,,,,,,,,False,squad2
5733834ed058e614000b5c28,Meta-Llama-3-8B-Instruct,squad2,False,2,,,,,,,,,,False,squad2
5ad4f7235b96ef001a10a7de,Meta-Llama-3-8B-Instruct,squad2,False,2,,,,,,,,,,True,squad2
573383d0d058e614000b5c37,Meta-Llama-3-8B-Instruct,squad2,True,3,1.0,-1.6017132519074577e-15,-8.008566259537289e-16,True,Daewoo.,True,1.0,1.0,-0.09483024452236463,False,squad2
57339555d058e614000b5df5,Meta-Llama-3-8B-Instruct,squad2,False,1,,,,,,,,,,False,squad2
5ad4fe635b96ef001a10a8ba,Meta-Llama-3-8B-Instruct,squad2,False,0,,,,,,,,,,True,squad2
57339dd94776f41900660ed0,Meta-Llama-3-8B-Instruct,squad2,False,2,,,,,,,,,,False,squad2
5ad500e95b96ef001a10a914,Meta-Llama-3-8B-Instruct,squad2,True,3,1.0,-1.6017132519074577e-15,-8.008566259537289e-16,True,Midsummer's Night.,False,0.0,0.0,-0.01787323251445135,True,squad2
5ad502385b96ef001a10a956,Meta-Llama-3-8B-Instruct,squad2,True,3,1.0,-1.6017132519074577e-15,-8.008566259537289e-16,True,Museum of Hunting and Riding.,False,0.0,0.0,-0.14449031156118508,True,squad2
5733a2a9d058e614000b5f2c,Meta-Llama-3-8B-Instruct,squad2,False,2,,,,,,,,,,False,squad2
5733a32bd058e614000b5f32,Meta-Llama-3-8B-Instruct,squad2,False,1,,,,,,,,,,False,squad2
5ad505165b96ef001a10a9f8,Meta-Llama-3-8B-Instruct,squad2,False,0,,,,,,,,,,True,squad2
5733a45d4776f41900660f25,Meta-Llama-3-8B-Instruct,squad2,False,1,,,,,,,,,,False,squad2
5ad507d25b96ef001a10aa4f,Meta-Llama-3-8B-Instruct,squad2,False,1,,,,,,,,,,True,squad2
5ad508665b96ef001a10aa6b,Meta-Llama-3-8B-Instruct,squad2,False,0,,,,,,,,,,True,squad2
5ad508665b96ef001a10aa6c,Meta-Llama-3-8B-Instruct,squad2,False,2,,,,,,,,,,True,squad2
5733a6ac4776f41900660f58,Meta-Llama-3-8B-Instruct,squad2,False,1,,,,,,,,,,False,squad2
5ad3a076604f3c001a3fe9aa,Meta-Llama-3-8B-Instruct,squad2,False,1,,,,,,,,,,True,squad2
5733d13e4776f419006612c8,Meta-Llama-3-8B-Instruct,squad2,False,1,,,,,,,,,,False,squad2
5733d249d058e614000b6331,Meta-Llama-3-8B-Instruct,squad2,False,1,,,,,,,,,,False,squad2
5733d2dbd058e614000b633b,Meta-Llama-3-8B-Instruct,squad2,False,1,,,,,,,,,,False,squad2
5ad3a3fc604f3c001a3fea79,Meta-Llama-3-8B-Instruct,squad2,False,1,,,,,,,,,,True,squad2
5ad3a733604f3c001a3feacb,Meta-Llama-3-8B-Instruct,squad2,False,1,,,,,,,,,,True,squad2
5ad3a79a604f3c001a3fead6,Meta-Llama-3-8B-Instruct,squad2,True,3,1.0,-1.6017132519074577e-15,-8.008566259537289e-16,True,unanswerable,True,1.0,1.0,-0.05313735312802237,True,squad2
5ad3a7ef604f3c001a3feadd,Meta-Llama-3-8B-Instruct,squad2,True,3,1.0,-1.6017132519074577e-15,-8.008566259537289e-16,True,To inform British merchants and fur-traders of French claims on the Ohio Country and to tell them to leave.,False,0.0,0.0,-0.12729910210468817,True,squad2
5733dc95d058e614000b644a,Meta-Llama-3-8B-Instruct,squad2,False,2,,,,,,,,,,False,squad2
5ad3a893604f3c001a3feafd,Meta-Llama-3-8B-Instruct,squad2,False,2,,,,,,,,,,True,squad2
5733e5a14776f4190066145f,Meta-Llama-3-8B-Instruct,squad2,False,2,,,,,,,,,,False,squad2
5ad3a8fe604f3c001a3feb07,Meta-Llama-3-8B-Instruct,squad2,False,1,,,,,,,,,,True,squad2
5ad3a8fe604f3c001a3feb08,Meta-Llama-3-8B-Instruct,squad2,False,1,,,,,,,,,,True,squad2
5ad3ade2604f3c001a3fec15,Meta-Llama-3-8B-Instruct,squad2,False,2,,,,,,,,,,True,squad2
5ad3ade2604f3c001a3fec17,Meta-Llama-3-8B-Instruct,squad2,False,1,,,,,,,,,,True,squad2
5ad3ae4f604f3c001a3fec4a,Meta-Llama-3-8B-Instruct,squad2,False,2,,,,,,,,,,True,squad2
5733ef47d058e614000b662e,Meta-Llama-3-8B-Instruct,squad2,False,2,,,,,,,,,,False,squad2
5ad3af4e604f3c001a3fec74,Meta-Llama-3-8B-Instruct,squad2,False,0,,,,,,,,,,True,squad2
5ad3af4e604f3c001a3fec76,Meta-Llama-3-8B-Instruct,squad2,True,3,3.0,1.4999999999999956,0.7499999999999978,False,"He said, ""As to the Summons you send me to retire, I do not think myself obliged to obey it.",False,0.0,0.0,-0.08330305550152854,True,squad2
5733f410d058e614000b6664,Meta-Llama-3-8B-Instruct,squad2,False,1,,,,,,,,,,False,squad2
5ad3b1be604f3c001a3fecea,Meta-Llama-3-8B-Instruct,squad2,False,0,,,,,,,,,,True,squad2
5ad3b260604f3c001a3fed07,Meta-Llama-3-8B-Instruct,squad2,False,1,,,,,,,,,,True,squad2
5733f8dc4776f419006615fa,Meta-Llama-3-8B-Instruct,squad2,False,0,,,,,,,,,,False,squad2
5733f9fa4776f4190066161f,Meta-Llama-3-8B-Instruct,squad2,False,2,,,,,,,,,,False,squad2
5ad3b3dc604f3c001a3fed69,Meta-Llama-3-8B-Instruct,squad2,False,2,,,,,,,,,,True,squad2
5ad3b498604f3c001a3fed7f,Meta-Llama-3-8B-Instruct,squad2,False,1,,,,,,,,,,True,squad2
5ad3b567604f3c001a3fedb3,Meta-Llama-3-8B-Instruct,squad2,False,1,,,,,,,,,,True,squad2
5733fe73d058e614000b6740,Meta-Llama-3-8B-Instruct,squad2,False,1,,,,,,,,,,False,squad2
5ad3b781604f3c001a3fee26,Meta-Llama-3-8B-Instruct,squad2,False,2,,,,,,,,,,True,squad2
5ad3b826604f3c001a3fee4b,Meta-Llama-3-8B-Instruct,squad2,False,1,,,,,,,,,,True,squad2
57340111d058e614000b677f,Meta-Llama-3-8B-Instruct,squad2,True,3,2.0,0.9999999999999971,0.49999999999999856,False,"The defense of the St. Lawrence, with primary defenses at Carillon, Quebec, and Louisbourg.",False,0.0,0.9090909090909091,-0.059510096890829735,False,squad2
573403394776f419006616de,Meta-Llama-3-8B-Instruct,squad2,True,3,3.0,1.4999999999999956,0.7499999999999978,False,"18,000",True,1.0,1.0,-0.011423912247352064,False,squad2
573403394776f419006616e0,Meta-Llama-3-8B-Instruct,squad2,False,0,,,,,,,,,,False,squad2
5ad3bb12604f3c001a3feeba,Meta-Llama-3-8B-Instruct,squad2,False,2,,,,,,,,,,True,squad2
5ad3bb12604f3c001a3feebc,Meta-Llama-3-8B-Instruct,squad2,False,1,,,,,,,,,,True,squad2
573407d7d058e614000b6813,Meta-Llama-3-8B-Instruct,squad2,False,0,,,,,,,,,,False,squad2
5ad3bbcc604f3c001a3feed1,Meta-Llama-3-8B-Instruct,squad2,False,2,,,,,,,,,,True,squad2
5ad3bce5604f3c001a3feefd,Meta-Llama-3-8B-Instruct,squad2,False,0,,,,,,,,,,True,squad2
57340b1bd058e614000b686b,Meta-Llama-3-8B-Instruct,squad2,False,2,,,,,,,,,,False,squad2
57373a9fc3c5551400e51e7d,Meta-Llama-3-8B-Instruct,squad2,False,0,,,,,,,,,,False,squad2
57373a9fc3c5551400e51e7e,Meta-Llama-3-8B-Instruct,squad2,False,0,,,,,,,,,,False,squad2
5ad26382d7d075001a42911a,Meta-Llama-3-8B-Instruct,squad2,True,3,2.0,0.8112781244591301,0.40563906222956503,False,Force,False,0.0,0.0,-0.4332534447312355,True,squad2
5ad266f6d7d075001a429200,Meta-Llama-3-8B-Instruct,squad2,False,1,,,,,,,,,,True,squad2
573766251c45671900574471,Meta-Llama-3-8B-Instruct,squad2,False,2,,,,,,,,,,False,squad2
5ad26925d7d075001a4292c7,Meta-Llama-3-8B-Instruct,squad2,False,2,,,,,,,,,,True,squad2
5ad26c15d7d075001a42937e,Meta-Llama-3-8B-Instruct,squad2,False,1,,,,,,,,,,True,squad2
57377c98c3c5551400e51efb,Meta-Llama-3-8B-Instruct,squad2,False,0,,,,,,,,,,False,squad2
57377ec7c3c5551400e51f09,Meta-Llama-3-8B-Instruct,squad2,False,1,,,,,,,,,,False,squad2
5ad27941d7d075001a4295a9,Meta-Llama-3-8B-Instruct,squad2,False,2,,,,,,,,,,True,squad2
5ad27e30d7d075001a429703,Meta-Llama-3-8B-Instruct,squad2,False,2,,,,,,,,,,True,squad2
5ad27fb9d7d075001a429783,Meta-Llama-3-8B-Instruct,squad2,False,2,,,,,,,,,,True,squad2
5ad28035d7d075001a4297a9,Meta-Llama-3-8B-Instruct,squad2,False,1,,,,,,,,,,True,squad2
57378e311c456719005744b0,Meta-Llama-3-8B-Instruct,squad2,False,2,,,,,,,,,,False,squad2
573796edc3c5551400e51f34,Meta-Llama-3-8B-Instruct,squad2,False,1,,,,,,,,,,False,squad2
5ad28614d7d075001a4298c2,Meta-Llama-3-8B-Instruct,squad2,False,0,,,,,,,,,,True,squad2
5ad286fdd7d075001a429903,Meta-Llama-3-8B-Instruct,squad2,False,2,,,,,,,,,,True,squad2
5ad2877cd7d075001a429912,Meta-Llama-3-8B-Instruct,squad2,False,0,,,,,,,,,,True,squad2
5737a5931c456719005744e7,Meta-Llama-3-8B-Instruct,squad2,False,1,,,,,,,,,,False,squad2
5737a5931c456719005744e9,Meta-Llama-3-8B-Instruct,squad2,False,2,,,,,,,,,,False,squad2
5ad28a57d7d075001a4299b0,Meta-Llama-3-8B-Instruct,squad2,False,0,,,,,,,,,,True,squad2
