id,model,dataset,included,m,n_clusters,entropy,norm_entropy,is_zero,pred,correct,em,f1,confidence,is_unanswerable,qtype
56dddf4066d3e219004dad5f,Mistral-7B-Instruct-v0.1,squad2,False,0,,,,,,,,,,False,squad2
56dddf4066d3e219004dad61,Mistral-7B-Instruct-v0.1,squad2,False,0,,,,,,,,,,False,squad2
5ad3a266604f3c001a3fea2b,Mistral-7B-Instruct-v0.1,squad2,False,1,,,,,,,,,,True,squad2
5ad3ab70604f3c001a3feb89,Mistral-7B-Instruct-v0.1,squad2,False,2,,,,,,,,,,True,squad2
5ad3ab70604f3c001a3feb8a,Mistral-7B-Instruct-v0.1,squad2,False,1,,,,,,,,,,True,squad2
56dde0ba66d3e219004dad75,Mistral-7B-Instruct-v0.1,squad2,False,1,,,,,,,,,,False,squad2
5ad3ae14604f3c001a3fec39,Mistral-7B-Instruct-v0.1,squad2,False,2,,,,,,,,,,True,squad2
56dde27d9a695914005b9651,Mistral-7B-Instruct-v0.1,squad2,False,0,,,,,,,,,,False,squad2
56dde2fa66d3e219004dad9b,Mistral-7B-Instruct-v0.1,squad2,False,2,,,,,,,,,,False,squad2
5ad3dbc6604f3c001a3ff3ec,Mistral-7B-Instruct-v0.1,squad2,False,2,,,,,,,,,,True,squad2
56de0ffd4396321400ee258e,Mistral-7B-Instruct-v0.1,squad2,True,3,2.0,0.8112781244591301,0.40563906222956503,False,Robert Crispin went up against the Turks in the 1060s.,False,0.0,0.4,-0.030617004317981866,False,squad2
5ad3de8b604f3c001a3ff469,Mistral-7B-Instruct-v0.1,squad2,False,0,,,,,,,,,,True,squad2
5ad3ed26604f3c001a3ff79b,Mistral-7B-Instruct-v0.1,squad2,False,2,,,,,,,,,,True,squad2
56de15dbcffd8e1900b4b5ca,Mistral-7B-Instruct-v0.1,squad2,False,2,,,,,,,,,,False,squad2
5ad3f187604f3c001a3ff871,Mistral-7B-Instruct-v0.1,squad2,False,2,,,,,,,,,,True,squad2
5ad3f6f5604f3c001a3ffa0a,Mistral-7B-Instruct-v0.1,squad2,False,0,,,,,,,,,,True,squad2
56de3e414396321400ee26d9,Mistral-7B-Instruct-v0.1,squad2,False,2,,,,,,,,,,False,squad2
5ad40358604f3c001a3ffd7d,Mistral-7B-Instruct-v0.1,squad2,False,2,,,,,,,,,,True,squad2
5ad532575b96ef001a10ab7c,Mistral-7B-Instruct-v0.1,squad2,False,1,,,,,,,,,,True,squad2
5ad5364c5b96ef001a10ab91,Mistral-7B-Instruct-v0.1,squad2,False,2,,,,,,,,,,True,squad2
56e17e6ee3433e1400422f81,Mistral-7B-Instruct-v0.1,squad2,False,0,,,,,,,,,,False,squad2
5ad537a15b96ef001a10ab9c,Mistral-7B-Instruct-v0.1,squad2,False,2,,,,,,,,,,True,squad2
56e181d9e3433e1400422fa0,Mistral-7B-Instruct-v0.1,squad2,False,0,,,,,,,,,,False,squad2
56e19724cd28a01900c679fa,Mistral-7B-Instruct-v0.1,squad2,False,0,,,,,,,,,,False,squad2
5ad53e615b96ef001a10abda,Mistral-7B-Instruct-v0.1,squad2,False,1,,,,,,,,,,True,squad2
5ad541ad5b96ef001a10abee,Mistral-7B-Instruct-v0.1,squad2,False,0,,,,,,,,,,True,squad2
56e1a564cd28a01900c67a4b,Mistral-7B-Instruct-v0.1,squad2,False,0,,,,,,,,,,False,squad2
56e1aba0e3433e1400423094,Mistral-7B-Instruct-v0.1,squad2,False,1,,,,,,,,,,False,squad2
5ad547945b96ef001a10ac18,Mistral-7B-Instruct-v0.1,squad2,False,1,,,,,,,,,,True,squad2
5ad5489b5b96ef001a10ac2c,Mistral-7B-Instruct-v0.1,squad2,False,2,,,,,,,,,,True,squad2
56e1b62ecd28a01900c67aa3,Mistral-7B-Instruct-v0.1,squad2,False,2,,,,,,,,,,False,squad2
56e1b754cd28a01900c67abd,Mistral-7B-Instruct-v0.1,squad2,False,0,,,,,,,,,,False,squad2
5ad54b035b96ef001a10ac53,Mistral-7B-Instruct-v0.1,squad2,False,2,,,,,,,,,,True,squad2
5ad54b035b96ef001a10ac54,Mistral-7B-Instruct-v0.1,squad2,False,0,,,,,,,,,,True,squad2
5ad54c2f5b96ef001a10ac5c,Mistral-7B-Instruct-v0.1,squad2,False,2,,,,,,,,,,True,squad2
5ad54c2f5b96ef001a10ac5f,Mistral-7B-Instruct-v0.1,squad2,False,0,,,,,,,,,,True,squad2
5ad54d625b96ef001a10ac66,Mistral-7B-Instruct-v0.1,squad2,False,1,,,,,,,,,,True,squad2
56e1c0f6cd28a01900c67b2c,Mistral-7B-Instruct-v0.1,squad2,False,0,,,,,,,,,,False,squad2
5ad55ee35b96ef001a10ace4,Mistral-7B-Instruct-v0.1,squad2,False,2,,,,,,,,,,True,squad2
56e1c4fce3433e1400423151,Mistral-7B-Instruct-v0.1,squad2,False,1,,,,,,,,,,False,squad2
5ad560b85b96ef001a10ad20,Mistral-7B-Instruct-v0.1,squad2,False,2,,,,,,,,,,True,squad2
5ad560b85b96ef001a10ad21,Mistral-7B-Instruct-v0.1,squad2,False,1,,,,,,,,,,True,squad2
56e1c720e3433e140042316a,Mistral-7B-Instruct-v0.1,squad2,False,0,,,,,,,,,,False,squad2
56e1c9bfe3433e1400423196,Mistral-7B-Instruct-v0.1,squad2,False,0,,,,,,,,,,False,squad2
56e1dc62cd28a01900c67bcd,Mistral-7B-Instruct-v0.1,squad2,False,2,,,,,,,,,,False,squad2
5ad568d35b96ef001a10ae1d,Mistral-7B-Instruct-v0.1,squad2,True,3,3.0,1.4999999999999956,0.7499999999999978,False,"The graph isomorphism problem, the discrete logarithm problem, the integer factorization problem, and the 3-coloring problem are examples of problems believed",False,0.0,0.0,-0.16426593883840823,True,squad2
56e1e9dfe3433e14004231fc,Mistral-7B-Instruct-v0.1,squad2,True,3,2.0,0.8112781244591301,0.40563906222956503,False,The problem attributed to determining if two finite graphs are isomorphic is called the graph isomorphism problem.,False,0.0,0.33333333333333337,-0.09058825072640632,False,squad2
56e1e9dfe3433e14004231ff,Mistral-7B-Instruct-v0.1,squad2,False,0,,,,,,,,,,False,squad2
5ad569c05b96ef001a10ae3a,Mistral-7B-Instruct-v0.1,squad2,False,0,,,,,,,,,,True,squad2
5ad56bcd5b96ef001a10ae62,Mistral-7B-Instruct-v0.1,squad2,False,2,,,,,,,,,,True,squad2
56e1f10ee3433e1400423222,Mistral-7B-Instruct-v0.1,squad2,True,3,2.0,0.9999999999999971,0.49999999999999856,False,L,True,1.0,1.0,-0.5767601430416107,False,squad2
56e1fc57e3433e140042322c,Mistral-7B-Instruct-v0.1,squad2,False,1,,,,,,,,,,False,squad2
56e1febfe3433e1400423237,Mistral-7B-Instruct-v0.1,squad2,False,1,,,,,,,,,,False,squad2
56e2042ecd28a01900c67c20,Mistral-7B-Instruct-v0.1,squad2,False,1,,,,,,,,,,False,squad2
5ad5719f5b96ef001a10aeee,Mistral-7B-Instruct-v0.1,squad2,False,2,,,,,,,,,,True,squad2
56e20a3ae3433e140042324a,Mistral-7B-Instruct-v0.1,squad2,False,2,,,,,,,,,,False,squad2
5ad0185a77cf76001a6869b8,Mistral-7B-Instruct-v0.1,squad2,False,2,,,,,,,,,,True,squad2
5ad0185a77cf76001a6869b9,Mistral-7B-Instruct-v0.1,squad2,False,1,,,,,,,,,,True,squad2
5705e4fe75f01819005e7704,Mistral-7B-Instruct-v0.1,squad2,True,3,1.0,-1.6017132519074577e-15,-8.008566259537289e-16,True,The name of the water body found to the east is the Colorado River.,False,0.0,0.33333333333333337,-0.04487566597759951,False,squad2
5ad0206677cf76001a686afc,Mistral-7B-Instruct-v0.1,squad2,False,1,,,,,,,,,,True,squad2
5ad0220a77cf76001a686b2b,Mistral-7B-Instruct-v0.1,squad2,False,1,,,,,,,,,,True,squad2
5705edcd52bb8914006896ce,Mistral-7B-Instruct-v0.1,squad2,False,1,,,,,,,,,,False,squad2
5705eee952bb8914006896e0,Mistral-7B-Instruct-v0.1,squad2,False,2,,,,,,,,,,False,squad2
5705fb7f52bb891400689752,Mistral-7B-Instruct-v0.1,squad2,False,1,,,,,,,,,,False,squad2
5705fd8475f01819005e7844,Mistral-7B-Instruct-v0.1,squad2,False,1,,,,,,,,,,False,squad2
5705fec152bb89140068977d,Mistral-7B-Instruct-v0.1,squad2,False,2,,,,,,,,,,False,squad2
5705ffde52bb891400689784,Mistral-7B-Instruct-v0.1,squad2,False,1,,,,,,,,,,False,squad2
570603c475f01819005e7882,Mistral-7B-Instruct-v0.1,squad2,False,0,,,,,,,,,,False,squad2
5706074552bb8914006897d6,Mistral-7B-Instruct-v0.1,squad2,False,1,,,,,,,,,,False,squad2
5ad042cf77cf76001a686f28,Mistral-7B-Instruct-v0.1,squad2,True,3,1.0,-1.6017132519074577e-15,-8.008566259537289e-16,True,"The areas north of Greater Santa Barbara are the Santa Barbara, San Luis Obispo, and Bakersfield metropolitan areas.",False,0.0,0.0,-0.02165237973078149,True,squad2
570607f575f01819005e78b5,Mistral-7B-Instruct-v0.1,squad2,False,2,,,,,,,,,,False,squad2
57060a1175f01819005e78d4,Mistral-7B-Instruct-v0.1,squad2,False,0,,,,,,,,,,False,squad2
5ad0461477cf76001a686f7b,Mistral-7B-Instruct-v0.1,squad2,False,0,,,,,,,,,,True,squad2
57060cc352bb89140068980f,Mistral-7B-Instruct-v0.1,squad2,False,1,,,,,,,,,,False,squad2
57060eaf75f01819005e7912,Mistral-7B-Instruct-v0.1,squad2,False,0,,,,,,,,,,False,squad2
57060f3e75f01819005e7922,Mistral-7B-Instruct-v0.1,squad2,False,0,,,,,,,,,,False,squad2
5706139252bb891400689868,Mistral-7B-Instruct-v0.1,squad2,False,2,,,,,,,,,,False,squad2
5ad04ecf77cf76001a686faf,Mistral-7B-Instruct-v0.1,squad2,False,1,,,,,,,,,,True,squad2
5ad04ecf77cf76001a686fb2,Mistral-7B-Instruct-v0.1,squad2,False,2,,,,,,,,,,True,squad2
5706143575f01819005e7953,Mistral-7B-Instruct-v0.1,squad2,True,3,1.0,-1.6017132519074577e-15,-8.008566259537289e-16,True,There is no other NHL team aside from the Anaheim Ducks that resides in Southern California.,False,0.0,0.0,-0.04875874811150218,False,squad2
5ad051be77cf76001a686fd0,Mistral-7B-Instruct-v0.1,squad2,False,2,,,,,,,,,,True,squad2
5a2c0c2fbfd06b001a5ae99c,Mistral-7B-Instruct-v0.1,squad2,True,3,3.0,1.4999999999999956,0.7499999999999978,False,Setanta gave away two of the six total packages available to broadcasters.,False,0.0,0.0,-0.10322097989719356,True,squad2
5a2c0c2fbfd06b001a5ae99d,Mistral-7B-Instruct-v0.1,squad2,False,1,,,,,,,,,,True,squad2
5a2c14b4bfd06b001a5ae9d5,Mistral-7B-Instruct-v0.1,squad2,False,2,,,,,,,,,,True,squad2
5a2c3a5cbfd06b001a5aea7b,Mistral-7B-Instruct-v0.1,squad2,False,1,,,,,,,,,,True,squad2
570953a7efce8f15003a7e01,Mistral-7B-Instruct-v0.1,squad2,True,3,4.0,1.9999999999999942,0.9999999999999971,False,BSkyB offered Video On Demand content as an additional service.,False,0.0,0.6153846153846153,-0.3083967373045046,False,squad2
570960cf200fba1400367f02,Mistral-7B-Instruct-v0.1,squad2,False,2,,,,,,,,,,False,squad2
570963a5200fba1400367f33,Mistral-7B-Instruct-v0.1,squad2,False,0,,,,,,,,,,False,squad2
5a2c07d5bfd06b001a5ae980,Mistral-7B-Instruct-v0.1,squad2,False,1,,,,,,,,,,True,squad2
570967c4ed30961900e840bc,Mistral-7B-Instruct-v0.1,squad2,False,2,,,,,,,,,,False,squad2
5a2c30dabfd06b001a5aea29,Mistral-7B-Instruct-v0.1,squad2,False,1,,,,,,,,,,True,squad2
5a2c1622bfd06b001a5ae9e1,Mistral-7B-Instruct-v0.1,squad2,False,2,,,,,,,,,,True,squad2
57096c95200fba1400367fbf,Mistral-7B-Instruct-v0.1,squad2,True,3,3.0,1.4999999999999956,0.7499999999999978,False,Sky service.,True,1.0,1.0,-0.33546267401834484,False,squad2
57096e1ced30961900e84103,Mistral-7B-Instruct-v0.1,squad2,False,1,,,,,,,,,,False,squad2
57096f37200fba1400367fe5,Mistral-7B-Instruct-v0.1,squad2,False,2,,,,,,,,,,False,squad2
57096f37200fba1400367fe6,Mistral-7B-Instruct-v0.1,squad2,True,3,2.0,0.8112781244591301,0.40563906222956503,False,"The fee range for accessing BSkyB's EPG is £15-100,000.",False,0.0,0.0,-0.03271479823305315,False,squad2
57096f37200fba1400367fe9,Mistral-7B-Instruct-v0.1,squad2,False,2,,,,,,,,,,False,squad2
5a2c0fb8bfd06b001a5ae9b9,Mistral-7B-Instruct-v0.1,squad2,False,1,,,,,,,,,,True,squad2
5a2c0fb8bfd06b001a5ae9bb,Mistral-7B-Instruct-v0.1,squad2,False,2,,,,,,,,,,True,squad2
57097b50200fba140036804d,Mistral-7B-Instruct-v0.1,squad2,True,3,1.0,-1.6017132519074577e-15,-8.008566259537289e-16,True,10 million homes,False,0.0,0.8,-0.1579934311909407,False,squad2
5a6374de68151a001a9222ea,Mistral-7B-Instruct-v0.1,squad2,False,1,,,,,,,,,,True,squad2
570d2556fed7b91900d45c47,Mistral-7B-Instruct-v0.1,squad2,False,1,,,,,,,,,,False,squad2
570d2556fed7b91900d45c4a,Mistral-7B-Instruct-v0.1,squad2,False,2,,,,,,,,,,False,squad2
570d29c2b3d812140066d4be,Mistral-7B-Instruct-v0.1,squad2,False,1,,,,,,,,,,False,squad2
5a63888168151a001a922341,Mistral-7B-Instruct-v0.1,squad2,False,1,,,,,,,,,,True,squad2
5a636c5a68151a001a9222c8,Mistral-7B-Instruct-v0.1,squad2,False,1,,,,,,,,,,True,squad2
5a636c5a68151a001a9222ca,Mistral-7B-Instruct-v0.1,squad2,False,1,,,,,,,,,,True,squad2
570d2d68fed7b91900d45cbc,Mistral-7B-Instruct-v0.1,squad2,True,3,2.0,0.8112781244591301,0.40563906222956503,False,More than 50% of the farmland grows wheat.,False,0.0,0.25,-0.11063312708529338,False,squad2
570d2d68fed7b91900d45cbd,Mistral-7B-Instruct-v0.1,squad2,False,2,,,,,,,,,,False,squad2
5a638d2768151a001a922372,Mistral-7B-Instruct-v0.1,squad2,False,0,,,,,,,,,,True,squad2
570d2f5bfed7b91900d45cd2,Mistral-7B-Instruct-v0.1,squad2,True,3,1.0,-1.6017132519074577e-15,-8.008566259537289e-16,True,"The exceptions in the Victorian Constitution that require special considerations to amend are provisions that require either an absolute majority in both houses, a three-fifths",False,0.0,0.08695652173913042,-0.07466196778659562,False,squad2
5a6395e668151a001a9223a3,Mistral-7B-Instruct-v0.1,squad2,False,2,,,,,,,,,,True,squad2
570d32e4fed7b91900d45d01,Mistral-7B-Instruct-v0.1,squad2,False,1,,,,,,,,,,False,squad2
570d32e4fed7b91900d45d02,Mistral-7B-Instruct-v0.1,squad2,True,3,1.0,-1.6017132519074577e-15,-8.008566259537289e-16,True,The Victoria Department of Education runs the public schools in Victoria.,False,0.0,0.6153846153846153,-0.0687141692803572,False,squad2
570d3468b3d812140066d547,Mistral-7B-Instruct-v0.1,squad2,False,2,,,,,,,,,,False,squad2
5a63969068151a001a9223ab,Mistral-7B-Instruct-v0.1,squad2,False,2,,,,,,,,,,True,squad2
5a63969068151a001a9223ac,Mistral-7B-Instruct-v0.1,squad2,False,1,,,,,,,,,,True,squad2
5a63969068151a001a9223ad,Mistral-7B-Instruct-v0.1,squad2,False,2,,,,,,,,,,True,squad2
5a63981168151a001a9223b7,Mistral-7B-Instruct-v0.1,squad2,False,1,,,,,,,,,,True,squad2
5a63730568151a001a9222e0,Mistral-7B-Instruct-v0.1,squad2,False,2,,,,,,,,,,True,squad2
570d4329fed7b91900d45dd7,Mistral-7B-Instruct-v0.1,squad2,True,3,2.0,0.8112781244591301,0.40563906222956503,False,1 July 1851.,True,1.0,1.0,-0.10866852444243022,False,squad2
570d44abb3d812140066d601,Mistral-7B-Instruct-v0.1,squad2,True,3,1.0,-1.6017132519074577e-15,-8.008566259537289e-16,True,Over 61% of private students attend Catholic schools.,False,0.0,0.2222222222222222,-0.03907149384716691,False,squad2
5a638b3668151a001a92235e,Mistral-7B-Instruct-v0.1,squad2,False,2,,,,,,,,,,True,squad2
5a638e4468151a001a92237b,Mistral-7B-Instruct-v0.1,squad2,False,2,,,,,,,,,,True,squad2
570d47b8b3d812140066d631,Mistral-7B-Instruct-v0.1,squad2,True,3,1.0,-1.6017132519074577e-15,-8.008566259537289e-16,True,5.,False,0.0,0.0,-0.3067660430679098,False,squad2
570d4a6bfed7b91900d45e16,Mistral-7B-Instruct-v0.1,squad2,True,3,3.0,1.4999999999999956,0.7499999999999978,False,The colonial government that administered the new colony was located in Sydney.,False,0.0,0.18181818181818182,-0.061072102655634807,False,squad2
5a637c6268151a001a92230e,Mistral-7B-Instruct-v0.1,squad2,True,3,1.0,-1.6017132519074577e-15,-8.008566259537289e-16,True,1854,False,0.0,0.0,-0.08188555458309565,True,squad2
5a637c6268151a001a922311,Mistral-7B-Instruct-v0.1,squad2,True,3,3.0,1.4999999999999956,0.7499999999999978,False,Some leaders of the Eureka rebellion became members of the Victorian Parliament.,False,0.0,0.0,-0.05346571822045957,True,squad2
5a637c6268151a001a922312,Mistral-7B-Instruct-v0.1,squad2,False,0,,,,,,,,,,True,squad2
5a6381d868151a001a922323,Mistral-7B-Instruct-v0.1,squad2,False,1,,,,,,,,,,True,squad2
5a6381d868151a001a922325,Mistral-7B-Instruct-v0.1,squad2,False,1,,,,,,,,,,True,squad2
5a6381d868151a001a922326,Mistral-7B-Instruct-v0.1,squad2,False,2,,,,,,,,,,True,squad2
5a6391c268151a001a922390,Mistral-7B-Instruct-v0.1,squad2,True,3,3.0,1.4999999999999956,0.7499999999999978,False,Unanswerable. The provided context does not mention any event held at Port Sunshine in Victoria.,False,0.0,0.0,-0.06886123241255826,True,squad2
5ad23fded7d075001a4288ff,Mistral-7B-Instruct-v0.1,squad2,False,0,,,,,,,,,,True,squad2
5ad24a2ad7d075001a428bbc,Mistral-7B-Instruct-v0.1,squad2,False,1,,,,,,,,,,True,squad2
5ad25e99d7d075001a428f2e,Mistral-7B-Instruct-v0.1,squad2,True,3,4.0,1.9999999999999942,0.9999999999999971,False,New France was not in the now US.,False,0.0,0.0,-0.21217576353810727,True,squad2
5ad25e99d7d075001a428f32,Mistral-7B-Instruct-v0.1,squad2,False,2,,,,,,,,,,True,squad2
57107a3ea58dae1900cd69e0,Mistral-7B-Instruct-v0.1,squad2,True,3,1.0,-1.6017132519074577e-15,-8.008566259537289e-16,True,The Huguenots secured the right to own land in the Baronies in 1697.,False,0.0,0.18181818181818182,-0.023090445679837434,False,squad2
57107c24a58dae1900cd69e8,Mistral-7B-Instruct-v0.1,squad2,False,0,,,,,,,,,,False,squad2
5ad24057d7d075001a42892e,Mistral-7B-Instruct-v0.1,squad2,False,1,,,,,,,,,,True,squad2
5ad24057d7d075001a42892f,Mistral-7B-Instruct-v0.1,squad2,False,1,,,,,,,,,,True,squad2
5ad24057d7d075001a428930,Mistral-7B-Instruct-v0.1,squad2,True,3,4.0,1.9999999999999942,0.9999999999999971,False,"Unanswerable. The text states that nearly three-quarters of the Huguenots were killed or submitted and roughly 500,000 had",False,0.0,0.0,-0.09455023255330852,True,squad2
57107e6ca58dae1900cd69f2,Mistral-7B-Instruct-v0.1,squad2,True,3,2.0,0.8112781244591301,0.40563906222956503,False,The Catholic Church in France and many of its members opposed the Huguenots.,False,0.0,0.5333333333333333,-0.03547630742483467,False,squad2
57108c95b654c5140001f97b,Mistral-7B-Instruct-v0.1,squad2,False,2,,,,,,,,,,False,squad2
57108c95b654c5140001f97c,Mistral-7B-Instruct-v0.1,squad2,False,2,,,,,,,,,,False,squad2
57108d69b654c5140001f983,Mistral-7B-Instruct-v0.1,squad2,False,2,,,,,,,,,,False,squad2
5ad26c87d7d075001a42939b,Mistral-7B-Instruct-v0.1,squad2,False,0,,,,,,,,,,True,squad2
57109180a58dae1900cd6a44,Mistral-7B-Instruct-v0.1,squad2,False,0,,,,,,,,,,False,squad2
5ad27081d7d075001a429456,Mistral-7B-Instruct-v0.1,squad2,False,2,,,,,,,,,,True,squad2
5ad25963d7d075001a428e0c,Mistral-7B-Instruct-v0.1,squad2,True,3,2.0,0.8112781244591301,0.40563906222956503,False,The text states that a group of Huguenots was part of the French colonisers who arrived in Brazil in 1555 to found France Ant,False,0.0,0.0,-0.1002026747995508,True,squad2
571097baa58dae1900cd6a9a,Mistral-7B-Instruct-v0.1,squad2,False,2,,,,,,,,,,False,squad2
571098f8a58dae1900cd6ab2,Mistral-7B-Instruct-v0.1,squad2,False,1,,,,,,,,,,False,squad2
5710e8c8a58dae1900cd6b27,Mistral-7B-Instruct-v0.1,squad2,False,2,,,,,,,,,,False,squad2
5ad26278d7d075001a4290af,Mistral-7B-Instruct-v0.1,squad2,False,2,,,,,,,,,,True,squad2
5ad266f8d7d075001a42920a,Mistral-7B-Instruct-v0.1,squad2,False,1,,,,,,,,,,True,squad2
5ad240eed7d075001a428940,Mistral-7B-Instruct-v0.1,squad2,False,2,,,,,,,,,,True,squad2
571112ada58dae1900cd6bce,Mistral-7B-Instruct-v0.1,squad2,False,2,,,,,,,,,,False,squad2
57111428b654c5140001fb01,Mistral-7B-Instruct-v0.1,squad2,False,1,,,,,,,,,,False,squad2
5ad24600d7d075001a428acc,Mistral-7B-Instruct-v0.1,squad2,True,3,3.0,1.4999999999999956,0.7499999999999978,False,"Nearly 3,000 Huguenots were slain in Toulouse.",False,0.0,0.0,-0.08127538677079223,True,squad2
5ad264d7d7d075001a429174,Mistral-7B-Instruct-v0.1,squad2,False,2,,,,,,,,,,True,squad2
57111992b654c5140001fb46,Mistral-7B-Instruct-v0.1,squad2,False,2,,,,,,,,,,False,squad2
5ad26dbcd7d075001a4293d7,Mistral-7B-Instruct-v0.1,squad2,False,2,,,,,,,,,,True,squad2
5ad3c637604f3c001a3ff01a,Mistral-7B-Instruct-v0.1,squad2,False,0,,,,,,,,,,True,squad2
5ad3c637604f3c001a3ff01b,Mistral-7B-Instruct-v0.1,squad2,False,0,,,,,,,,,,True,squad2
571135b8a58dae1900cd6d11,Mistral-7B-Instruct-v0.1,squad2,False,2,,,,,,,,,,False,squad2
57113ba6b654c5140001fc1f,Mistral-7B-Instruct-v0.1,squad2,False,2,,,,,,,,,,False,squad2
5ad40ec6604f3c001a400131,Mistral-7B-Instruct-v0.1,squad2,False,2,,,,,,,,,,True,squad2
5ad3bf63604f3c001a3fef5e,Mistral-7B-Instruct-v0.1,squad2,False,0,,,,,,,,,,True,squad2
57113c6da58dae1900cd6d36,Mistral-7B-Instruct-v0.1,squad2,True,3,2.0,0.8112781244591301,0.40563906222956503,False,1606,True,1.0,1.0,-0.16735973439332005,False,squad2
57113f83b654c5140001fc2c,Mistral-7B-Instruct-v0.1,squad2,False,2,,,,,,,,,,False,squad2
5ad3cc47604f3c001a3ff143,Mistral-7B-Instruct-v0.1,squad2,True,3,2.0,0.8112781244591301,0.40563906222956503,False,Electric motors and internal combustion engines became widespread around the end of the 20th century.,False,0.0,0.0,-0.06913508225345867,True,squad2
5ad3d3af604f3c001a3ff296,Mistral-7B-Instruct-v0.1,squad2,False,2,,,,,,,,,,True,squad2
57114667a58dae1900cd6d84,Mistral-7B-Instruct-v0.1,squad2,False,2,,,,,,,,,,False,squad2
5ad3ed37604f3c001a3ff7a3,Mistral-7B-Instruct-v0.1,squad2,True,3,2.0,0.9999999999999971,0.49999999999999856,False,The groups of pistons were set at 90° to each other in a 4-cylinder crank.,False,0.0,0.0,-0.026029391568186015,True,squad2
5ad3f03c604f3c001a3ff82c,Mistral-7B-Instruct-v0.1,squad2,False,1,,,,,,,,,,True,squad2
5ad3f4ed604f3c001a3ff967,Mistral-7B-Instruct-v0.1,squad2,True,3,1.0,-1.6017132519074577e-15,-8.008566259537289e-16,True,The aim of the additional stroke in a uniflow engine is to improve efficiency by providing an additional port uncovered by the piston at the end of each,False,0.0,0.0,-0.039653058389317763,True,squad2
5ad3fc1f604f3c001a3ffb7c,Mistral-7B-Instruct-v0.1,squad2,False,2,,,,,,,,,,True,squad2
5ad415fd604f3c001a400328,Mistral-7B-Instruct-v0.1,squad2,True,3,2.0,0.8112781244591301,0.40563906222956503,False,"An ""open loop"" system releases the exhaust steam into the boiler.",False,0.0,0.0,-0.1174419540147369,True,squad2
57114e8d50c2381900b54a5d,Mistral-7B-Instruct-v0.1,squad2,False,1,,,,,,,,,,False,squad2
57114f0050c2381900b54a65,Mistral-7B-Instruct-v0.1,squad2,False,1,,,,,,,,,,False,squad2
57114f0050c2381900b54a66,Mistral-7B-Instruct-v0.1,squad2,False,2,,,,,,,,,,False,squad2
571153422419e3140095557d,Mistral-7B-Instruct-v0.1,squad2,False,1,,,,,,,,,,False,squad2
571154c72419e31400955588,Mistral-7B-Instruct-v0.1,squad2,False,1,,,,,,,,,,False,squad2
571155ae2419e31400955592,Mistral-7B-Instruct-v0.1,squad2,False,2,,,,,,,,,,False,squad2
571156152419e3140095559c,Mistral-7B-Instruct-v0.1,squad2,False,2,,,,,,,,,,False,squad2
5ad41813604f3c001a4003de,Mistral-7B-Instruct-v0.1,squad2,False,2,,,,,,,,,,True,squad2
57115b2850c2381900b54a82,Mistral-7B-Instruct-v0.1,squad2,False,2,,,,,,,,,,False,squad2
57115bf350c2381900b54a96,Mistral-7B-Instruct-v0.1,squad2,True,3,2.0,0.8112781244591301,0.40563906222956503,False,The Energiprojekt AB engine uses approximately 4 kilograms (8.8 pounds) of steam per kilowatt hour.,False,0.0,0.13333333333333333,-0.06030713955116822,False,squad2
57115bf350c2381900b54a97,Mistral-7B-Instruct-v0.1,squad2,False,2,,,,,,,,,,False,squad2
5ad3d7e0604f3c001a3ff35e,Mistral-7B-Instruct-v0.1,squad2,False,0,,,,,,,,,,True,squad2
57115dbe2419e314009555a7,Mistral-7B-Instruct-v0.1,squad2,False,0,,,,,,,,,,False,squad2
5ad3ee11604f3c001a3ff7d9,Mistral-7B-Instruct-v0.1,squad2,False,2,,,,,,,,,,True,squad2
57115f652419e314009555bb,Mistral-7B-Instruct-v0.1,squad2,True,3,1.0,-1.6017132519074577e-15,-8.008566259537289e-16,True,1606,True,1.0,1.0,-0.11875041071303372,False,squad2
5ad3f689604f3c001a3ff9e4,Mistral-7B-Instruct-v0.1,squad2,False,0,,,,,,,,,,True,squad2
5ad3c3bc604f3c001a3fefa0,Mistral-7B-Instruct-v0.1,squad2,False,2,,,,,,,,,,True,squad2
5711619950c2381900b54ab0,Mistral-7B-Instruct-v0.1,squad2,False,0,,,,,,,,,,False,squad2
5711623e50c2381900b54aba,Mistral-7B-Instruct-v0.1,squad2,False,1,,,,,,,,,,False,squad2
5711658e50c2381900b54ad8,Mistral-7B-Instruct-v0.1,squad2,False,2,,,,,,,,,,False,squad2
5711669550c2381900b54ae3,Mistral-7B-Instruct-v0.1,squad2,False,2,,,,,,,,,,False,squad2
571c3e8cdd7acb1400e4c0a9,Mistral-7B-Instruct-v0.1,squad2,False,1,,,,,,,,,,False,squad2
5ad22a96d7d075001a4285dd,Mistral-7B-Instruct-v0.1,squad2,False,0,,,,,,,,,,True,squad2
571c7abfdd7acb1400e4c0bc,Mistral-7B-Instruct-v0.1,squad2,False,1,,,,,,,,,,False,squad2
571c7abfdd7acb1400e4c0bd,Mistral-7B-Instruct-v0.1,squad2,True,3,1.0,-1.6017132519074577e-15,-8.008566259537289e-16,True,Leonardo da Vinci.,True,1.0,1.0,-0.09237801163309863,False,squad2
571cebc05efbb31900334e49,Mistral-7B-Instruct-v0.1,squad2,False,1,,,,,,,,,,False,squad2
5ad26235d7d075001a429083,Mistral-7B-Instruct-v0.1,squad2,False,2,,,,,,,,,,True,squad2
5ad23e1bd7d075001a4288b4,Mistral-7B-Instruct-v0.1,squad2,False,1,,,,,,,,,,True,squad2
5ad23e1bd7d075001a4288b5,Mistral-7B-Instruct-v0.1,squad2,True,3,4.0,1.9999999999999942,0.9999999999999971,False,Dalton assumed that the atomic mass of oxygen in OH was 8 times that of hydrogen.,False,0.0,0.0,-0.08882003471046315,True,squad2
5ad23e1bd7d075001a4288b8,Mistral-7B-Instruct-v0.1,squad2,False,1,,,,,,,,,,True,squad2
5ad22b87d7d075001a428601,Mistral-7B-Instruct-v0.1,squad2,False,2,,,,,,,,,,True,squad2
571c8539dd7acb1400e4c0e4,Mistral-7B-Instruct-v0.1,squad2,True,3,4.0,1.9999999999999942,0.9999999999999971,False,Priestley's work was published first.,False,0.0,0.888888888888889,-0.03829989899417218,False,squad2
571c8eb9dd7acb1400e4c0f6,Mistral-7B-Instruct-v0.1,squad2,False,2,,,,,,,,,,False,squad2
5ad24ce8d7d075001a428c0c,Mistral-7B-Instruct-v0.1,squad2,False,2,,,,,,,,,,True,squad2
5ad24ff3d7d075001a428ca4,Mistral-7B-Instruct-v0.1,squad2,True,3,2.0,0.9999999999999971,0.49999999999999856,False,Oxygen is the most abundant chemical element by mass in the Earth's biosphere.,False,0.0,0.0,-0.09169424716595488,True,squad2
571caac55efbb31900334dc9,Mistral-7B-Instruct-v0.1,squad2,False,2,,,,,,,,,,False,squad2
5ad245f9d7d075001a428ac1,Mistral-7B-Instruct-v0.1,squad2,False,2,,,,,,,,,,True,squad2
5ad245f9d7d075001a428ac3,Mistral-7B-Instruct-v0.1,squad2,False,1,,,,,,,,,,True,squad2
5ad254a5d7d075001a428d25,Mistral-7B-Instruct-v0.1,squad2,False,1,,,,,,,,,,True,squad2
571cca4add7acb1400e4c152,Mistral-7B-Instruct-v0.1,squad2,False,1,,,,,,,,,,False,squad2
5ad25bf3d7d075001a428e95,Mistral-7B-Instruct-v0.1,squad2,False,1,,,,,,,,,,True,squad2
5ad25f35d7d075001a428f6b,Mistral-7B-Instruct-v0.1,squad2,False,1,,,,,,,,,,True,squad2
5ad25e70d7d075001a428f1f,Mistral-7B-Instruct-v0.1,squad2,False,1,,,,,,,,,,True,squad2
5ad261bad7d075001a429052,Mistral-7B-Instruct-v0.1,squad2,True,3,2.0,0.8112781244591301,0.40563906222956503,False,The mineral written as Fe1 - oX is wüstite.,False,0.0,0.0,-0.06420771711735895,True,squad2
571cda1bdd7acb1400e4c196,Mistral-7B-Instruct-v0.1,squad2,True,3,3.0,1.4999999999999956,0.7499999999999978,False,"Oxygen tanks serve as storage containers for liquid oxygen, which can be refilled from bulk tankers. Cryogenics is a method of storing oxygen at",False,0.0,0.08333333333333333,-0.19219938236488865,False,squad2
5ad26530d7d075001a4291a1,Mistral-7B-Instruct-v0.1,squad2,False,2,,,,,,,,,,True,squad2
5a38aa28a4b263001a8c1882,Mistral-7B-Instruct-v0.1,squad2,False,1,,,,,,,,,,True,squad2
5a38aa28a4b263001a8c1883,Mistral-7B-Instruct-v0.1,squad2,False,2,,,,,,,,,,True,squad2
5a38ab9fa4b263001a8c188d,Mistral-7B-Instruct-v0.1,squad2,True,3,4.0,1.9999999999999942,0.9999999999999971,False,Oil was not priced based on pound sterling. It was priced in terms of a fixed amount of gold after the depreciation of the dollar,False,0.0,0.0,-0.10096646727247993,True,squad2
5a75054b97ca42001a521dd0,Mistral-7B-Instruct-v0.1,squad2,False,1,,,,,,,,,,True,squad2
5a38ace7a4b263001a8c1897,Mistral-7B-Instruct-v0.1,squad2,False,0,,,,,,,,,,True,squad2
5a75082a97ca42001a521df6,Mistral-7B-Instruct-v0.1,squad2,False,0,,,,,,,,,,True,squad2
57261dab38643c19005ad037,Mistral-7B-Instruct-v0.1,squad2,False,2,,,,,,,,,,False,squad2
57261dab38643c19005ad039,Mistral-7B-Instruct-v0.1,squad2,False,0,,,,,,,,,,False,squad2
5a38b468a4b263001a8c18b4,Mistral-7B-Instruct-v0.1,squad2,False,1,,,,,,,,,,True,squad2
57261f9f271a42140099d4a9,Mistral-7B-Instruct-v0.1,squad2,False,2,,,,,,,,,,False,squad2
57261f9f271a42140099d4ab,Mistral-7B-Instruct-v0.1,squad2,False,0,,,,,,,,,,False,squad2
57261f9f271a42140099d4ac,Mistral-7B-Instruct-v0.1,squad2,False,1,,,,,,,,,,False,squad2
5a38b5bca4b263001a8c18bd,Mistral-7B-Instruct-v0.1,squad2,False,0,,,,,,,,,,True,squad2
5a38b819a4b263001a8c18c6,Mistral-7B-Instruct-v0.1,squad2,True,3,4.0,1.9999999999999942,0.9999999999999971,False,Developing new oil fields had a positive influence on the US economy by increasing oil supplies and reducing dependence on foreign sources. This led to lower prices and improved energy,False,0.0,0.0,-0.3670293182936639,True,squad2
5a38bbe3a4b263001a8c18e5,Mistral-7B-Instruct-v0.1,squad2,False,1,,,,,,,,,,True,squad2
572650325951b619008f6fa9,Mistral-7B-Instruct-v0.1,squad2,False,1,,,,,,,,,,False,squad2
572650325951b619008f6fab,Mistral-7B-Instruct-v0.1,squad2,False,1,,,,,,,,,,False,squad2
5a38c34ea4b263001a8c190e,Mistral-7B-Instruct-v0.1,squad2,True,3,2.0,0.8112781244591301,0.40563906222956503,False,British Ambassador Lord Cromer ordered a British intelligence estimate of U.S. intentions.,False,0.0,0.0,-0.023819538983221377,True,squad2
57265526708984140094c2c1,Mistral-7B-Instruct-v0.1,squad2,True,3,1.0,-1.6017132519074577e-15,-8.008566259537289e-16,True,November 1979.,True,1.0,1.0,-0.1204338416778512,False,squad2
57265bdfdd62a815002e82a1,Mistral-7B-Instruct-v0.1,squad2,False,0,,,,,,,,,,False,squad2
57265e11708984140094c3bc,Mistral-7B-Instruct-v0.1,squad2,False,2,,,,,,,,,,False,squad2
57268b43dd62a815002e88f2,Mistral-7B-Instruct-v0.1,squad2,False,1,,,,,,,,,,False,squad2
5725c3a9ec44d21400f3d505,Mistral-7B-Instruct-v0.1,squad2,False,1,,,,,,,,,,False,squad2
5725c3a9ec44d21400f3d506,Mistral-7B-Instruct-v0.1,squad2,True,3,2.0,0.8112781244591301,0.40563906222956503,False,One supplementary source of European Union law is case law by the Court of Justice.,False,0.0,0.125,-0.008007449967730432,False,squad2
5ad10e0f645df0001a2d0b75,Mistral-7B-Instruct-v0.1,squad2,False,2,,,,,,,,,,True,squad2
5725c743ec44d21400f3d54b,Mistral-7B-Instruct-v0.1,squad2,False,2,,,,,,,,,,False,squad2
5ad10ece645df0001a2d0b9a,Mistral-7B-Instruct-v0.1,squad2,False,1,,,,,,,,,,True,squad2
5725cc38ec44d21400f3d5be,Mistral-7B-Instruct-v0.1,squad2,True,3,3.0,1.4999999999999956,0.7499999999999978,False,"No, Norway did not end up joining the European Union in 1972.",False,0.0,0.7999999999999999,-0.013678018724983443,False,squad2
57264865dd62a815002e8063,Mistral-7B-Instruct-v0.1,squad2,True,3,2.0,0.8112781244591301,0.40563906222956503,False,France and the Netherlands.,False,0.0,0.6,-0.05255462547211209,False,squad2
57264a8cdd62a815002e808d,Mistral-7B-Instruct-v0.1,squad2,False,0,,,,,,,,,,False,squad2
57264a8cdd62a815002e808e,Mistral-7B-Instruct-v0.1,squad2,False,1,,,,,,,,,,False,squad2
5726545f708984140094c2a7,Mistral-7B-Instruct-v0.1,squad2,False,1,,,,,,,,,,False,squad2
57269424dd62a815002e8a1e,Mistral-7B-Instruct-v0.1,squad2,False,1,,,,,,,,,,False,squad2
5ad1373b645df0001a2d11cf,Mistral-7B-Instruct-v0.1,squad2,False,2,,,,,,,,,,True,squad2
572695285951b619008f774d,Mistral-7B-Instruct-v0.1,squad2,False,1,,,,,,,,,,False,squad2
5726965ef1498d1400e8e488,Mistral-7B-Instruct-v0.1,squad2,False,1,,,,,,,,,,False,squad2
5ad139b2645df0001a2d1294,Mistral-7B-Instruct-v0.1,squad2,True,3,3.0,1.4999999999999956,0.7499999999999978,False,The text does not provide information about the gender of the judges.,False,0.0,0.0,-0.112298481983089,True,squad2
5ad139b2645df0001a2d1296,Mistral-7B-Instruct-v0.1,squad2,False,0,,,,,,,,,,True,squad2
5ad13b23645df0001a2d12fa,Mistral-7B-Instruct-v0.1,squad2,False,1,,,,,,,,,,True,squad2
57269aa65951b619008f77ab,Mistral-7B-Instruct-v0.1,squad2,False,2,,,,,,,,,,False,squad2
57269aa65951b619008f77ae,Mistral-7B-Instruct-v0.1,squad2,False,2,,,,,,,,,,False,squad2
57269e3bf1498d1400e8e517,Mistral-7B-Instruct-v0.1,squad2,False,1,,,,,,,,,,False,squad2
5726a00cf1498d1400e8e551,Mistral-7B-Instruct-v0.1,squad2,True,3,1.0,-1.6017132519074577e-15,-8.008566259537289e-16,True,"Some of the accepted general principles of European Union law include fundamental rights, proportionality, legal certainty, equality before the law, and subsidiarity",False,0.0,0.6060606060606061,-0.03285862759489033,False,squad2
5ad14468645df0001a2d148c,Mistral-7B-Instruct-v0.1,squad2,False,2,,,,,,,,,,True,squad2
5ad14573645df0001a2d14b4,Mistral-7B-Instruct-v0.1,squad2,False,1,,,,,,,,,,True,squad2
5ad146c0645df0001a2d1504,Mistral-7B-Instruct-v0.1,squad2,False,2,,,,,,,,,,True,squad2
5ad14966645df0001a2d1581,Mistral-7B-Instruct-v0.1,squad2,False,1,,,,,,,,,,True,squad2
5ad14b2e645df0001a2d15ea,Mistral-7B-Instruct-v0.1,squad2,False,2,,,,,,,,,,True,squad2
5726a7ecf1498d1400e8e655,Mistral-7B-Instruct-v0.1,squad2,False,1,,,,,,,,,,False,squad2
5ad15289645df0001a2d175c,Mistral-7B-Instruct-v0.1,squad2,False,0,,,,,,,,,,True,squad2
5ad153e9645df0001a2d1797,Mistral-7B-Instruct-v0.1,squad2,False,0,,,,,,,,,,True,squad2
5726baf2dd62a815002e8e74,Mistral-7B-Instruct-v0.1,squad2,False,1,,,,,,,,,,False,squad2
5ad15676645df0001a2d17f6,Mistral-7B-Instruct-v0.1,squad2,False,1,,,,,,,,,,True,squad2
5ad15676645df0001a2d17f7,Mistral-7B-Instruct-v0.1,squad2,False,1,,,,,,,,,,True,squad2
5ad15676645df0001a2d17f8,Mistral-7B-Instruct-v0.1,squad2,False,1,,,,,,,,,,True,squad2
5ad158c0645df0001a2d182b,Mistral-7B-Instruct-v0.1,squad2,False,1,,,,,,,,,,True,squad2
5726c002708984140094d074,Mistral-7B-Instruct-v0.1,squad2,False,1,,,,,,,,,,False,squad2
5ad15a11645df0001a2d185a,Mistral-7B-Instruct-v0.1,squad2,False,2,,,,,,,,,,True,squad2
5726c3da708984140094d0db,Mistral-7B-Instruct-v0.1,squad2,False,1,,,,,,,,,,False,squad2
5726c5a9f1498d1400e8eac5,Mistral-7B-Instruct-v0.1,squad2,False,2,,,,,,,,,,False,squad2
5ad15b19645df0001a2d1880,Mistral-7B-Instruct-v0.1,squad2,False,1,,,,,,,,,,True,squad2
5728349dff5b5019007d9eff,Mistral-7B-Instruct-v0.1,squad2,True,3,2.0,0.8112781244591301,0.40563906222956503,False,The Amazon rainforest covers the majority of the Amazon basin in South America.,False,0.0,0.33333333333333337,-0.01249426082362485,False,squad2
57283adcff5b5019007d9f96,Mistral-7B-Instruct-v0.1,squad2,False,1,,,,,,,,,,False,squad2
5729e500af94a219006aa6b5,Mistral-7B-Instruct-v0.1,squad2,True,3,2.0,0.9999999999999971,0.49999999999999856,False,The Cretaceous–Paleogene extinction event might have created some conditions allowing the expansion of the Amazon rainforest.,False,0.0,0.375,-0.038755923218707675,False,squad2
5a0c6a7ef5590b0018dab3f8,Mistral-7B-Instruct-v0.1,squad2,False,1,,,,,,,,,,True,squad2
5725c41eec44d21400f3d50d,Mistral-7B-Instruct-v0.1,squad2,False,2,,,,,,,,,,False,squad2
5a0c6c78f5590b0018dab404,Mistral-7B-Instruct-v0.1,squad2,False,0,,,,,,,,,,True,squad2
5725c63438643c19005acca0,Mistral-7B-Instruct-v0.1,squad2,False,2,,,,,,,,,,False,squad2
5725c63438643c19005acca1,Mistral-7B-Instruct-v0.1,squad2,True,3,2.0,0.8112781244591301,0.40563906222956503,False,"1,600 miles (2,600 km)",False,0.0,0.6666666666666666,-0.08034192398801387,False,squad2
5729ea263f37b319004785bd,Mistral-7B-Instruct-v0.1,squad2,False,1,,,,,,,,,,False,squad2
5729ea263f37b319004785be,Mistral-7B-Instruct-v0.1,squad2,True,3,2.0,0.8112781244591301,0.40563906222956503,False,NASA,True,1.0,1.0,-0.2134347464889288,False,squad2
5725c95f38643c19005accf6,Mistral-7B-Instruct-v0.1,squad2,False,1,,,,,,,,,,False,squad2
5729eb34af94a219006aa6cc,Mistral-7B-Instruct-v0.1,squad2,False,2,,,,,,,,,,False,squad2
5729edd56aef051400155112,Mistral-7B-Instruct-v0.1,squad2,False,1,,,,,,,,,,False,squad2
5a0c7cb3f5590b0018dab42a,Mistral-7B-Instruct-v0.1,squad2,False,1,,,,,,,,,,True,squad2
5a0c7cb3f5590b0018dab42c,Mistral-7B-Instruct-v0.1,squad2,False,0,,,,,,,,,,True,squad2
5726722bdd62a815002e852b,Mistral-7B-Instruct-v0.1,squad2,False,0,,,,,,,,,,False,squad2
5729f3831d0469140077967f,Mistral-7B-Instruct-v0.1,squad2,False,2,,,,,,,,,,False,squad2
5729fd56af94a219006aa731,Mistral-7B-Instruct-v0.1,squad2,True,3,2.0,0.8112781244591301,0.40563906222956503,False,The method used to clear forest for crop cultivation in the Amazon was the slash and burn method.,False,0.0,0.4210526315789474,-0.06123293664856533,False,squad2
5a0c817df5590b0018dab458,Mistral-7B-Instruct-v0.1,squad2,False,2,,,,,,,,,,True,squad2
572a020f6aef051400155198,Mistral-7B-Instruct-v0.1,squad2,True,3,4.0,1.9999999999999942,0.9999999999999971,False,Environmentalists are concerned about losing biodiversity and accelerating global warming due to the destruction of the Amazonian evergreen forests.,False,0.0,0.2,-0.10384221924197296,False,squad2
5a0c9275f5590b0018dab46b,Mistral-7B-Instruct-v0.1,squad2,False,0,,,,,,,,,,True,squad2
5a0c958bf5590b0018dab47f,Mistral-7B-Instruct-v0.1,squad2,False,1,,,,,,,,,,True,squad2
572a09abaf94a219006aa75c,Mistral-7B-Instruct-v0.1,squad2,False,0,,,,,,,,,,False,squad2
5a0c9832f5590b0018dab490,Mistral-7B-Instruct-v0.1,squad2,False,2,,,,,,,,,,True,squad2
5a0c99fcf5590b0018dab4a5,Mistral-7B-Instruct-v0.1,squad2,False,1,,,,,,,,,,True,squad2
57263eaa38643c19005ad372,Mistral-7B-Instruct-v0.1,squad2,False,2,,,,,,,,,,False,squad2
5a8349a2e60761001a2eb50a,Mistral-7B-Instruct-v0.1,squad2,True,3,2.0,0.8112781244591301,0.40563906222956503,False,"The most distinctive feature of cnidarians is their bodies consisting of a mass of jelly, with one layer of cells on the outside and another lining",False,0.0,0.0,-0.0553656425565876,True,squad2
5725c57a89a1e219009abe62,Mistral-7B-Instruct-v0.1,squad2,False,2,,,,,,,,,,False,squad2
5726415bec44d21400f3dcd5,Mistral-7B-Instruct-v0.1,squad2,False,0,,,,,,,,,,False,squad2
5a834caae60761001a2eb539,Mistral-7B-Instruct-v0.1,squad2,False,2,,,,,,,,,,True,squad2
5725c69738643c19005accbb,Mistral-7B-Instruct-v0.1,squad2,False,2,,,,,,,,,,False,squad2
5a834dbde60761001a2eb555,Mistral-7B-Instruct-v0.1,squad2,False,2,,,,,,,,,,True,squad2
5a834dbde60761001a2eb559,Mistral-7B-Instruct-v0.1,squad2,False,2,,,,,,,,,,True,squad2
5725c91e38643c19005acced,Mistral-7B-Instruct-v0.1,squad2,False,1,,,,,,,,,,False,squad2
5a835482e60761001a2eb597,Mistral-7B-Instruct-v0.1,squad2,False,1,,,,,,,,,,True,squad2
572647d0708984140094c14b,Mistral-7B-Instruct-v0.1,squad2,False,2,,,,,,,,,,False,squad2
572648e8dd62a815002e8079,Mistral-7B-Instruct-v0.1,squad2,False,1,,,,,,,,,,False,squad2
57264a0ef1498d1400e8db42,Mistral-7B-Instruct-v0.1,squad2,False,2,,,,,,,,,,False,squad2
5a835b42e60761001a2eb60f,Mistral-7B-Instruct-v0.1,squad2,False,1,,,,,,,,,,True,squad2
5a835b42e60761001a2eb611,Mistral-7B-Instruct-v0.1,squad2,False,1,,,,,,,,,,True,squad2
57264b1ddd62a815002e80a0,Mistral-7B-Instruct-v0.1,squad2,False,0,,,,,,,,,,False,squad2
57264cfa708984140094c1c4,Mistral-7B-Instruct-v0.1,squad2,False,1,,,,,,,,,,False,squad2
57264cfa708984140094c1c7,Mistral-7B-Instruct-v0.1,squad2,False,0,,,,,,,,,,False,squad2
5a836496e60761001a2eb657,Mistral-7B-Instruct-v0.1,squad2,False,2,,,,,,,,,,True,squad2
5a836496e60761001a2eb65b,Mistral-7B-Instruct-v0.1,squad2,False,2,,,,,,,,,,True,squad2
572658daf1498d1400e8dcac,Mistral-7B-Instruct-v0.1,squad2,False,1,,,,,,,,,,False,squad2
572658daf1498d1400e8dcae,Mistral-7B-Instruct-v0.1,squad2,False,2,,,,,,,,,,False,squad2
57265aaf5951b619008f706c,Mistral-7B-Instruct-v0.1,squad2,False,0,,,,,,,,,,False,squad2
57265aaf5951b619008f706d,Mistral-7B-Instruct-v0.1,squad2,False,1,,,,,,,,,,False,squad2
5a83894de60761001a2eb78b,Mistral-7B-Instruct-v0.1,squad2,False,0,,,,,,,,,,True,squad2
5a83894de60761001a2eb78c,Mistral-7B-Instruct-v0.1,squad2,True,3,4.0,1.9999999999999942,0.9999999999999971,False,"Epithelial cells are able to ""zip"" the mouth shut when the animal is not feeding, forming intercellular connections with the opposite adhesive",False,0.0,0.0,-0.10986760623308278,True,squad2
572683075951b619008f7513,Mistral-7B-Instruct-v0.1,squad2,False,1,,,,,,,,,,False,squad2
572683075951b619008f7516,Mistral-7B-Instruct-v0.1,squad2,False,2,,,,,,,,,,False,squad2
572683075951b619008f7517,Mistral-7B-Instruct-v0.1,squad2,False,1,,,,,,,,,,False,squad2
5a838db9e60761001a2eb7bb,Mistral-7B-Instruct-v0.1,squad2,False,2,,,,,,,,,,True,squad2
5726887e708984140094c917,Mistral-7B-Instruct-v0.1,squad2,False,1,,,,,,,,,,False,squad2
5a8398bbe60761001a2eb807,Mistral-7B-Instruct-v0.1,squad2,False,2,,,,,,,,,,True,squad2
5a839ccfe60761001a2eb823,Mistral-7B-Instruct-v0.1,squad2,False,2,,,,,,,,,,True,squad2
5a7b064b21c2de001afe9ce3,Mistral-7B-Instruct-v0.1,squad2,False,1,,,,,,,,,,True,squad2
5a7b064b21c2de001afe9ce6,Mistral-7B-Instruct-v0.1,squad2,False,2,,,,,,,,,,True,squad2
5725d7e438643c19005acdf9,Mistral-7B-Instruct-v0.1,squad2,False,1,,,,,,,,,,False,squad2
5725d7e438643c19005acdfb,Mistral-7B-Instruct-v0.1,squad2,True,3,1.0,-1.6017132519074577e-15,-8.008566259537289e-16,True,The San Joaquin Light & Power Building is currently known as Grand 1401.,False,0.0,0.625,-0.06764255276748832,False,squad2
5a7b093b21c2de001afe9d0d,Mistral-7B-Instruct-v0.1,squad2,False,2,,,,,,,,,,True,squad2
5725daa8ec44d21400f3d6b3,Mistral-7B-Instruct-v0.1,squad2,False,1,,,,,,,,,,False,squad2
5a7b0e2221c2de001afe9d14,Mistral-7B-Instruct-v0.1,squad2,False,2,,,,,,,,,,True,squad2
5a7b0ec521c2de001afe9d20,Mistral-7B-Instruct-v0.1,squad2,True,3,2.0,0.8112781244591301,0.40563906222956503,False,Chestnut Avenue is to the west of the golf course.,False,0.0,0.0,-0.03486136817177713,True,squad2
5725dd7d89a1e219009abfed,Mistral-7B-Instruct-v0.1,squad2,False,1,,,,,,,,,,False,squad2
5a7b103b21c2de001afe9d35,Mistral-7B-Instruct-v0.1,squad2,True,3,3.0,1.4999999999999956,0.7499999999999978,False,Unanswerable. The provided context does not mention any award won by Roger Rocka.,False,0.0,0.0,-0.17177945506973352,True,squad2
5a7b10e021c2de001afe9d3f,Mistral-7B-Instruct-v0.1,squad2,False,2,,,,,,,,,,True,squad2
5725ec8289a1e219009ac0af,Mistral-7B-Instruct-v0.1,squad2,False,1,,,,,,,,,,False,squad2
5725ec8289a1e219009ac0b0,Mistral-7B-Instruct-v0.1,squad2,True,3,2.0,0.8112781244591301,0.40563906222956503,False,1914,True,1.0,1.0,-0.1049044106174127,False,squad2
5a7b32e621c2de001afe9db5,Mistral-7B-Instruct-v0.1,squad2,False,2,,,,,,,,,,True,squad2
5725f190ec44d21400f3d771,Mistral-7B-Instruct-v0.1,squad2,False,1,,,,,,,,,,False,squad2
5725f2c838643c19005aceed,Mistral-7B-Instruct-v0.1,squad2,False,1,,,,,,,,,,False,squad2
5725f2c838643c19005acef0,Mistral-7B-Instruct-v0.1,squad2,True,3,2.0,0.8112781244591301,0.40563906222956503,False,The Lewis S. Eaton trail will cover 22 miles once completed.,False,0.0,0.33333333333333337,-0.13224970634898375,False,squad2
5a7b359f21c2de001afe9dd3,Mistral-7B-Instruct-v0.1,squad2,False,1,,,,,,,,,,True,squad2
5a7b359f21c2de001afe9dd4,Mistral-7B-Instruct-v0.1,squad2,False,1,,,,,,,,,,True,squad2
5725f7cd38643c19005acf24,Mistral-7B-Instruct-v0.1,squad2,False,2,,,,,,,,,,False,squad2
5a7b3f0f21c2de001afe9e02,Mistral-7B-Instruct-v0.1,squad2,False,2,,,,,,,,,,True,squad2
5a7b44ae21c2de001afe9e22,Mistral-7B-Instruct-v0.1,squad2,False,2,,,,,,,,,,True,squad2
5725fe63ec44d21400f3d7e0,Mistral-7B-Instruct-v0.1,squad2,False,0,,,,,,,,,,False,squad2
5a605197eae51e001ab14d0e,Mistral-7B-Instruct-v0.1,squad2,False,1,,,,,,,,,,True,squad2
5a60556eeae51e001ab14d17,Mistral-7B-Instruct-v0.1,squad2,False,2,,,,,,,,,,True,squad2
5726356938643c19005ad301,Mistral-7B-Instruct-v0.1,squad2,False,1,,,,,,,,,,False,squad2
5a6057f0eae51e001ab14d20,Mistral-7B-Instruct-v0.1,squad2,False,1,,,,,,,,,,True,squad2
5726249538643c19005ad081,Mistral-7B-Instruct-v0.1,squad2,False,0,,,,,,,,,,False,squad2
5a5508f5134fea001a0e1828,Mistral-7B-Instruct-v0.1,squad2,False,1,,,,,,,,,,True,squad2
5a564c956349e2001acdcd1e,Mistral-7B-Instruct-v0.1,squad2,False,0,,,,,,,,,,True,squad2
5a667f50846392001a1e1c69,Mistral-7B-Instruct-v0.1,squad2,False,0,,,,,,,,,,True,squad2
5a667f50846392001a1e1c6a,Mistral-7B-Instruct-v0.1,squad2,False,2,,,,,,,,,,True,squad2
5726385e271a42140099d797,Mistral-7B-Instruct-v0.1,squad2,False,1,,,,,,,,,,False,squad2
5a605cdce9e1cc001a33cd4c,Mistral-7B-Instruct-v0.1,squad2,False,1,,,,,,,,,,True,squad2
5a668172f038b7001ab0bef9,Mistral-7B-Instruct-v0.1,squad2,False,1,,,,,,,,,,True,squad2
5726398589a1e219009ac58a,Mistral-7B-Instruct-v0.1,squad2,False,2,,,,,,,,,,False,squad2
5a550f98134fea001a0e189c,Mistral-7B-Instruct-v0.1,squad2,False,1,,,,,,,,,,True,squad2
5a550f98134fea001a0e18a0,Mistral-7B-Instruct-v0.1,squad2,False,2,,,,,,,,,,True,squad2
5a55114d134fea001a0e18c4,Mistral-7B-Instruct-v0.1,squad2,False,1,,,,,,,,,,True,squad2
57263ea0271a42140099d7c3,Mistral-7B-Instruct-v0.1,squad2,False,2,,,,,,,,,,False,squad2
57263fd138643c19005ad37d,Mistral-7B-Instruct-v0.1,squad2,False,1,,,,,,,,,,False,squad2
5a551328134fea001a0e18d7,Mistral-7B-Instruct-v0.1,squad2,False,1,,,,,,,,,,True,squad2
5a551328134fea001a0e18da,Mistral-7B-Instruct-v0.1,squad2,False,1,,,,,,,,,,True,squad2
5a668fc9f038b7001ab0bfe9,Mistral-7B-Instruct-v0.1,squad2,False,2,,,,,,,,,,True,squad2
57264228ec44d21400f3dcf6,Mistral-7B-Instruct-v0.1,squad2,False,2,,,,,,,,,,False,squad2
5726431aec44d21400f3dd13,Mistral-7B-Instruct-v0.1,squad2,False,1,,,,,,,,,,False,squad2
5a55234d134fea001a0e1974,Mistral-7B-Instruct-v0.1,squad2,False,1,,,,,,,,,,True,squad2
5a669a2cf038b7001ab0c044,Mistral-7B-Instruct-v0.1,squad2,False,0,,,,,,,,,,True,squad2
5a669a2cf038b7001ab0c047,Mistral-7B-Instruct-v0.1,squad2,False,1,,,,,,,,,,True,squad2
5a2eb84ba83784001a7d2421,Mistral-7B-Instruct-v0.1,squad2,False,2,,,,,,,,,,True,squad2
5a2eb84ba83784001a7d2423,Mistral-7B-Instruct-v0.1,squad2,False,0,,,,,,,,,,True,squad2
5a2ebaada83784001a7d2440,Mistral-7B-Instruct-v0.1,squad2,False,2,,,,,,,,,,True,squad2
5a2ebb5fa83784001a7d2448,Mistral-7B-Instruct-v0.1,squad2,False,2,,,,,,,,,,True,squad2
5a2ebb5fa83784001a7d244b,Mistral-7B-Instruct-v0.1,squad2,False,2,,,,,,,,,,True,squad2
57264a74708984140094c18e,Mistral-7B-Instruct-v0.1,squad2,False,1,,,,,,,,,,False,squad2
5a2ec431a83784001a7d2451,Mistral-7B-Instruct-v0.1,squad2,True,3,3.0,1.4999999999999956,0.7499999999999978,False,1631.,False,0.0,0.0,-0.10974108851210726,True,squad2
5a2ec77ba83784001a7d2466,Mistral-7B-Instruct-v0.1,squad2,False,2,,,,,,,,,,True,squad2
57264cc6dd62a815002e80e8,Mistral-7B-Instruct-v0.1,squad2,False,2,,,,,,,,,,False,squad2
57264e2f708984140094c1e5,Mistral-7B-Instruct-v0.1,squad2,False,2,,,,,,,,,,False,squad2
5a2eca47a83784001a7d2482,Mistral-7B-Instruct-v0.1,squad2,True,3,2.0,0.8112781244591301,0.40563906222956503,False,The location of PloS Pathogens' headquarters is not mentioned in the provided context.,False,0.0,0.0,-0.18351930605956568,True,squad2
57264f18f1498d1400e8dbaf,Mistral-7B-Instruct-v0.1,squad2,False,1,,,,,,,,,,False,squad2
5a2ecb43a83784001a7d248b,Mistral-7B-Instruct-v0.1,squad2,False,1,,,,,,,,,,True,squad2
5a2ecbe9a83784001a7d2497,Mistral-7B-Instruct-v0.1,squad2,False,1,,,,,,,,,,True,squad2
5726509bdd62a815002e815e,Mistral-7B-Instruct-v0.1,squad2,False,1,,,,,,,,,,False,squad2
5a2eced7a83784001a7d24b5,Mistral-7B-Instruct-v0.1,squad2,False,1,,,,,,,,,,True,squad2
5726542ff1498d1400e8dc2b,Mistral-7B-Instruct-v0.1,squad2,False,1,,,,,,,,,,False,squad2
572654e2708984140094c2b9,Mistral-7B-Instruct-v0.1,squad2,False,1,,,,,,,,,,False,squad2
5726559edd62a815002e81c8,Mistral-7B-Instruct-v0.1,squad2,False,1,,,,,,,,,,False,squad2
5726559edd62a815002e81c9,Mistral-7B-Instruct-v0.1,squad2,False,0,,,,,,,,,,False,squad2
5a2ed246a83784001a7d24e5,Mistral-7B-Instruct-v0.1,squad2,False,2,,,,,,,,,,True,squad2
57265700dd62a815002e8212,Mistral-7B-Instruct-v0.1,squad2,False,0,,,,,,,,,,False,squad2
5726577f708984140094c304,Mistral-7B-Instruct-v0.1,squad2,True,3,4.0,1.9999999999999942,0.9999999999999971,False,"At most, two-thirds of Baghdad's population has died of plague.",False,0.0,0.4285714285714285,-0.06570723461989743,False,squad2
5a2ed525a83784001a7d2504,Mistral-7B-Instruct-v0.1,squad2,False,0,,,,,,,,,,True,squad2
5a58cfd63e1742001a15ce36,Mistral-7B-Instruct-v0.1,squad2,False,1,,,,,,,,,,True,squad2
57265d08708984140094c39b,Mistral-7B-Instruct-v0.1,squad2,False,0,,,,,,,,,,False,squad2
5a57ca90770dc0001aeefd71,Mistral-7B-Instruct-v0.1,squad2,False,2,,,,,,,,,,True,squad2
5a58d33e3e1742001a15ce40,Mistral-7B-Instruct-v0.1,squad2,False,1,,,,,,,,,,True,squad2
5a57cc97770dc0001aeefd84,Mistral-7B-Instruct-v0.1,squad2,False,1,,,,,,,,,,True,squad2
5a57d668770dc0001aeefdea,Mistral-7B-Instruct-v0.1,squad2,False,0,,,,,,,,,,True,squad2
5a58e9133e1742001a15cea6,Mistral-7B-Instruct-v0.1,squad2,True,3,2.0,0.8112781244591301,0.40563906222956503,False,The key bed is a formation that helps determine whether a fault is a normal fault or a thrust fault.,False,0.0,0.0,-0.059557682378578065,True,squad2
5a57eee0770dc0001aeefed9,Mistral-7B-Instruct-v0.1,squad2,False,2,,,,,,,,,,True,squad2
5a57f0ea770dc0001aeefee3,Mistral-7B-Instruct-v0.1,squad2,False,2,,,,,,,,,,True,squad2
57266c015951b619008f723b,Mistral-7B-Instruct-v0.1,squad2,True,3,4.0,1.9999999999999942,0.9999999999999971,False,The absolute isotopic date is applied to rock units.,False,0.0,0.0,-0.05499393246722443,False,squad2
5a57f487770dc0001aeeff00,Mistral-7B-Instruct-v0.1,squad2,True,3,4.0,1.9999999999999942,0.9999999999999971,False,Fossils.,False,0.0,0.0,-0.33075056849775136,True,squad2
5a57f717770dc0001aeeff06,Mistral-7B-Instruct-v0.1,squad2,False,0,,,,,,,,,,True,squad2
5726701add62a815002e84c9,Mistral-7B-Instruct-v0.1,squad2,False,1,,,,,,,,,,False,squad2
5726701add62a815002e84cc,Mistral-7B-Instruct-v0.1,squad2,False,2,,,,,,,,,,False,squad2
5a57fb62770dc0001aeeff14,Mistral-7B-Instruct-v0.1,squad2,True,3,3.0,1.4999999999999956,0.7499999999999978,False,Thrust faults and normal faults.,False,0.0,0.0,-0.08084264687900031,True,squad2
5a57fe29770dc0001aeeff1d,Mistral-7B-Instruct-v0.1,squad2,False,1,,,,,,,,,,True,squad2
5a590de93e1742001a15cf5a,Mistral-7B-Instruct-v0.1,squad2,True,3,2.0,0.8112781244591301,0.40563906222956503,False,The stretched sequence in the Grand Canyon is known as the Maria Fold and Thrust Belt.,False,0.0,0.0,-0.08006230979498982,True,squad2
572673f5708984140094c69c,Mistral-7B-Instruct-v0.1,squad2,False,0,,,,,,,,,,False,squad2
5a580070770dc0001aeeff39,Mistral-7B-Instruct-v0.1,squad2,False,1,,,,,,,,,,True,squad2
5a580429770dc0001aeeff48,Mistral-7B-Instruct-v0.1,squad2,False,2,,,,,,,,,,True,squad2
5a5915043e1742001a15cf6e,Mistral-7B-Instruct-v0.1,squad2,False,0,,,,,,,,,,True,squad2
5a580ab1770dc0001aeeff7c,Mistral-7B-Instruct-v0.1,squad2,False,1,,,,,,,,,,True,squad2
57267b3c5951b619008f7423,Mistral-7B-Instruct-v0.1,squad2,True,3,1.0,-1.6017132519074577e-15,-8.008566259537289e-16,True,Petrologists can use fluid inclusion data and perform high temperature and pressure physical experiments to understand the pressures at which different mineral phases appear.,False,0.0,0.23076923076923078,-0.03865292677936951,False,squad2
57267ebfdd62a815002e872c,Mistral-7B-Instruct-v0.1,squad2,True,3,1.0,-1.6017132519074577e-15,-8.008566259537289e-16,True,Orogenic wedges.,True,1.0,1.0,-0.06721427478805708,False,squad2
5a581597770dc0001aeeffe6,Mistral-7B-Instruct-v0.1,squad2,False,2,,,,,,,,,,True,squad2
5a592b593e1742001a15cfce,Mistral-7B-Instruct-v0.1,squad2,False,2,,,,,,,,,,True,squad2
5a592c9d3e1742001a15cfda,Mistral-7B-Instruct-v0.1,squad2,False,1,,,,,,,,,,True,squad2
57268527708984140094c8bf,Mistral-7B-Instruct-v0.1,squad2,False,1,,,,,,,,,,False,squad2
5a592e733e1742001a15cff4,Mistral-7B-Instruct-v0.1,squad2,False,1,,,,,,,,,,True,squad2
57268882f1498d1400e8e306,Mistral-7B-Instruct-v0.1,squad2,False,1,,,,,,,,,,False,squad2
57268882f1498d1400e8e308,Mistral-7B-Instruct-v0.1,squad2,False,2,,,,,,,,,,False,squad2
5a582cfa770dc0001aef0018,Mistral-7B-Instruct-v0.1,squad2,False,1,,,,,,,,,,True,squad2
5726d8bd708984140094d35f,Mistral-7B-Instruct-v0.1,squad2,False,1,,,,,,,,,,False,squad2
5726db5add62a815002e92d8,Mistral-7B-Instruct-v0.1,squad2,False,2,,,,,,,,,,False,squad2
5726dcbddd62a815002e9321,Mistral-7B-Instruct-v0.1,squad2,False,1,,,,,,,,,,False,squad2
5726dcbddd62a815002e9323,Mistral-7B-Instruct-v0.1,squad2,True,3,2.0,0.8112781244591301,0.40563906222956503,False,"Pharmacists had a high stature in the pre-Heian Imperial court, with ranked positions and status superior to all others in health-related fields",False,0.0,0.5714285714285715,-0.16378664383695707,False,squad2
5a6cba504eec6b001a80a64b,Mistral-7B-Instruct-v0.1,squad2,True,3,4.0,1.9999999999999942,0.9999999999999971,False,The roles of pharmacists were not destroyed by any codes.,False,0.0,0.0,-0.18929365978406412,True,squad2
5a6cba504eec6b001a80a64c,Mistral-7B-Instruct-v0.1,squad2,False,1,,,,,,,,,,True,squad2
5726e5c95951b619008f81cc,Mistral-7B-Instruct-v0.1,squad2,False,2,,,,,,,,,,False,squad2
5a6ce4fa4eec6b001a80a688,Mistral-7B-Instruct-v0.1,squad2,False,1,,,,,,,,,,True,squad2
5a6ce4fa4eec6b001a80a68b,Mistral-7B-Instruct-v0.1,squad2,False,0,,,,,,,,,,True,squad2
5726ea985951b619008f8261,Mistral-7B-Instruct-v0.1,squad2,False,0,,,,,,,,,,False,squad2
5726eb4b5951b619008f826d,Mistral-7B-Instruct-v0.1,squad2,False,1,,,,,,,,,,False,squad2
5a6ce8ea4eec6b001a80a6b8,Mistral-7B-Instruct-v0.1,squad2,False,1,,,,,,,,,,True,squad2
5a6ce9ab4eec6b001a80a6c3,Mistral-7B-Instruct-v0.1,squad2,False,0,,,,,,,,,,True,squad2
5726f36cdd62a815002e95ff,Mistral-7B-Instruct-v0.1,squad2,False,2,,,,,,,,,,False,squad2
5a6ceb7a4eec6b001a80a6d3,Mistral-7B-Instruct-v0.1,squad2,False,2,,,,,,,,,,True,squad2
5726f48df1498d1400e8f0de,Mistral-7B-Instruct-v0.1,squad2,False,2,,,,,,,,,,False,squad2
5726f635dd62a815002e9659,Mistral-7B-Instruct-v0.1,squad2,False,2,,,,,,,,,,False,squad2
5a6ced7d4eec6b001a80a6e0,Mistral-7B-Instruct-v0.1,squad2,False,1,,,,,,,,,,True,squad2
5a6cee244eec6b001a80a6eb,Mistral-7B-Instruct-v0.1,squad2,True,3,4.0,1.9999999999999942,0.9999999999999971,False,The answer is unanswerable as the provided context states that the doctor's self-interest conflicts with the patient's interest in obtaining cost-effective medication,False,0.0,0.0,-0.16280500709731882,True,squad2
5a6ceec84eec6b001a80a6f3,Mistral-7B-Instruct-v0.1,squad2,False,2,,,,,,,,,,True,squad2
5a6ceec84eec6b001a80a6f5,Mistral-7B-Instruct-v0.1,squad2,False,0,,,,,,,,,,True,squad2
5726f96ddd62a815002e9699,Mistral-7B-Instruct-v0.1,squad2,True,3,3.0,1.4999999999999956,0.7499999999999978,False,The Australian Government pays Australian pharmacists for conducting comprehensive Home Medicines Reviews.,False,0.0,0.3076923076923077,-0.02095084403993209,False,squad2
5a6cef5a4eec6b001a80a6fe,Mistral-7B-Instruct-v0.1,squad2,False,2,,,,,,,,,,True,squad2
5a6cefd64eec6b001a80a707,Mistral-7B-Instruct-v0.1,squad2,False,1,,,,,,,,,,True,squad2
57271c235951b619008f860f,Mistral-7B-Instruct-v0.1,squad2,False,2,,,,,,,,,,False,squad2
5728d4c03acd2414000dffa3,Mistral-7B-Instruct-v0.1,squad2,False,1,,,,,,,,,,False,squad2
5728d5793acd2414000dffb6,Mistral-7B-Instruct-v0.1,squad2,False,2,,,,,,,,,,False,squad2
5728d7c54b864d1900164f4c,Mistral-7B-Instruct-v0.1,squad2,False,1,,,,,,,,,,False,squad2
57280f974b864d1900164371,Mistral-7B-Instruct-v0.1,squad2,False,1,,,,,,,,,,False,squad2
5728d9403acd2414000e001b,Mistral-7B-Instruct-v0.1,squad2,False,1,,,,,,,,,,False,squad2
5a665002846392001a1e1ab7,Mistral-7B-Instruct-v0.1,squad2,False,0,,,,,,,,,,True,squad2
5728151b4b864d1900164429,Mistral-7B-Instruct-v0.1,squad2,False,0,,,,,,,,,,False,squad2
5728dddc2ca10214002da9d3,Mistral-7B-Instruct-v0.1,squad2,False,1,,,,,,,,,,False,squad2
5a665549846392001a1e1ad9,Mistral-7B-Instruct-v0.1,squad2,False,0,,,,,,,,,,True,squad2
5a665747846392001a1e1ae9,Mistral-7B-Instruct-v0.1,squad2,False,2,,,,,,,,,,True,squad2
5728e07e3acd2414000e00ea,Mistral-7B-Instruct-v0.1,squad2,False,1,,,,,,,,,,False,squad2
5728e3c33acd2414000e0134,Mistral-7B-Instruct-v0.1,squad2,False,2,,,,,,,,,,False,squad2
572825a92ca10214002d9f02,Mistral-7B-Instruct-v0.1,squad2,True,3,4.0,1.9999999999999942,0.9999999999999971,False,The outcome of living in the California Redwood tree was that Julia Butterfly Hill successfully prevented it from being cut down.,False,0.0,0.46153846153846156,-0.07422280043703694,False,squad2
5728e5224b864d1900165035,Mistral-7B-Instruct-v0.1,squad2,False,0,,,,,,,,,,False,squad2
5a665b56846392001a1e1b1d,Mistral-7B-Instruct-v0.1,squad2,False,1,,,,,,,,,,True,squad2
5728e5f43acd2414000e0173,Mistral-7B-Instruct-v0.1,squad2,False,0,,,,,,,,,,False,squad2
5728e715ff5b5019007da917,Mistral-7B-Instruct-v0.1,squad2,False,1,,,,,,,,,,False,squad2
5728eb1a3acd2414000e01c5,Mistral-7B-Instruct-v0.1,squad2,False,2,,,,,,,,,,False,squad2
5728ed94ff5b5019007da97c,Mistral-7B-Instruct-v0.1,squad2,False,2,,,,,,,,,,False,squad2
5a668d4ef038b7001ab0bfc1,Mistral-7B-Instruct-v0.1,squad2,False,2,,,,,,,,,,True,squad2
5728eef92ca10214002daab4,Mistral-7B-Instruct-v0.1,squad2,False,2,,,,,,,,,,False,squad2
5a668ef8f038b7001ab0bfdf,Mistral-7B-Instruct-v0.1,squad2,False,2,,,,,,,,,,True,squad2
5728facd4b864d1900165174,Mistral-7B-Instruct-v0.1,squad2,False,2,,,,,,,,,,False,squad2
5728fb6a1d04691400778ef8,Mistral-7B-Instruct-v0.1,squad2,False,1,,,,,,,,,,False,squad2
5a669ee5f038b7001ab0c06b,Mistral-7B-Instruct-v0.1,squad2,False,0,,,,,,,,,,True,squad2
5728fd3c3f37b31900477f2f,Mistral-7B-Instruct-v0.1,squad2,False,0,,,,,,,,,,False,squad2
5a25a8e9ef59cd001a623c21,Mistral-7B-Instruct-v0.1,squad2,False,2,,,,,,,,,,True,squad2
5a25a8e9ef59cd001a623c24,Mistral-7B-Instruct-v0.1,squad2,False,1,,,,,,,,,,True,squad2
5a23548782b03a001a4aa785,Mistral-7B-Instruct-v0.1,squad2,False,2,,,,,,,,,,True,squad2
57274046dd62a815002e9a14,Mistral-7B-Instruct-v0.1,squad2,False,2,,,,,,,,,,False,squad2
5a25b668ef59cd001a623c78,Mistral-7B-Instruct-v0.1,squad2,False,2,,,,,,,,,,True,squad2
5a25b668ef59cd001a623c79,Mistral-7B-Instruct-v0.1,squad2,False,0,,,,,,,,,,True,squad2
5a25bb0bef59cd001a623cb4,Mistral-7B-Instruct-v0.1,squad2,False,0,,,,,,,,,,True,squad2
572744aff1498d1400e8f58a,Mistral-7B-Instruct-v0.1,squad2,False,2,,,,,,,,,,False,squad2
57274e0d708984140094dbe5,Mistral-7B-Instruct-v0.1,squad2,False,0,,,,,,,,,,False,squad2
5a25c41def59cd001a623cda,Mistral-7B-Instruct-v0.1,squad2,False,0,,,,,,,,,,True,squad2
57274e975951b619008f87f9,Mistral-7B-Instruct-v0.1,squad2,False,2,,,,,,,,,,False,squad2
5a25d529ef59cd001a623cee,Mistral-7B-Instruct-v0.1,squad2,False,1,,,,,,,,,,True,squad2
5a25d529ef59cd001a623cef,Mistral-7B-Instruct-v0.1,squad2,False,2,,,,,,,,,,True,squad2
5a25d89aef59cd001a623cf8,Mistral-7B-Instruct-v0.1,squad2,False,1,,,,,,,,,,True,squad2
572751b4708984140094dc1c,Mistral-7B-Instruct-v0.1,squad2,False,1,,,,,,,,,,False,squad2
572751b4708984140094dc1d,Mistral-7B-Instruct-v0.1,squad2,False,1,,,,,,,,,,False,squad2
5a25e4a2ef59cd001a623d0b,Mistral-7B-Instruct-v0.1,squad2,False,1,,,,,,,,,,True,squad2
572753335951b619008f8854,Mistral-7B-Instruct-v0.1,squad2,False,1,,,,,,,,,,False,squad2
572753335951b619008f8855,Mistral-7B-Instruct-v0.1,squad2,False,0,,,,,,,,,,False,squad2
5a25eae4c93d92001a40033d,Mistral-7B-Instruct-v0.1,squad2,False,1,,,,,,,,,,True,squad2
5a25eae4c93d92001a40033e,Mistral-7B-Instruct-v0.1,squad2,False,0,,,,,,,,,,True,squad2
57275411dd62a815002e9b33,Mistral-7B-Instruct-v0.1,squad2,False,1,,,,,,,,,,False,squad2
5a25eed2c93d92001a40034b,Mistral-7B-Instruct-v0.1,squad2,False,1,,,,,,,,,,True,squad2
572755b7708984140094dc51,Mistral-7B-Instruct-v0.1,squad2,False,2,,,,,,,,,,False,squad2
5a6787d4f038b7001ab0c27b,Mistral-7B-Instruct-v0.1,squad2,False,2,,,,,,,,,,True,squad2
5727482bf1498d1400e8f5a4,Mistral-7B-Instruct-v0.1,squad2,False,1,,,,,,,,,,False,squad2
57274971708984140094dbbe,Mistral-7B-Instruct-v0.1,squad2,False,2,,,,,,,,,,False,squad2
57274a1edd62a815002e9a9c,Mistral-7B-Instruct-v0.1,squad2,True,3,2.0,0.8112781244591301,0.40563906222956503,False,7.8% of German students attended private schools in 2008.,False,0.0,0.19999999999999998,-0.08506582332349479,False,squad2
5a67986af038b7001ab0c310,Mistral-7B-Instruct-v0.1,squad2,False,2,,,,,,,,,,True,squad2
5a67986af038b7001ab0c314,Mistral-7B-Instruct-v0.1,squad2,True,3,2.0,0.8112781244591301,0.40563906222956503,False,Religious groups.,False,0.0,0.0,-0.1312299191038619,True,squad2
5a679db8f038b7001ab0c350,Mistral-7B-Instruct-v0.1,squad2,False,1,,,,,,,,,,True,squad2
5a679f83f038b7001ab0c364,Mistral-7B-Instruct-v0.1,squad2,False,1,,,,,,,,,,True,squad2
57274e145951b619008f87e9,Mistral-7B-Instruct-v0.1,squad2,False,2,,,,,,,,,,False,squad2
5a67a1e3f038b7001ab0c389,Mistral-7B-Instruct-v0.1,squad2,False,2,,,,,,,,,,True,squad2
57274eca5951b619008f8802,Mistral-7B-Instruct-v0.1,squad2,False,2,,,,,,,,,,False,squad2
5a67a2c7f038b7001ab0c3a6,Mistral-7B-Instruct-v0.1,squad2,False,1,,,,,,,,,,True,squad2
5727500f708984140094dc01,Mistral-7B-Instruct-v0.1,squad2,True,3,2.0,0.9999999999999971,0.49999999999999856,False,Natural science replaced values education for fourth year students.,False,0.0,0.3636363636363636,-0.09377026237908384,False,squad2
5a67a898f038b7001ab0c3f6,Mistral-7B-Instruct-v0.1,squad2,False,2,,,,,,,,,,True,squad2
5a67a898f038b7001ab0c3f7,Mistral-7B-Instruct-v0.1,squad2,False,2,,,,,,,,,,True,squad2
5727515f708984140094dc12,Mistral-7B-Instruct-v0.1,squad2,False,2,,,,,,,,,,False,squad2
5727515f708984140094dc13,Mistral-7B-Instruct-v0.1,squad2,False,2,,,,,,,,,,False,squad2
572754dd708984140094dc3e,Mistral-7B-Instruct-v0.1,squad2,False,1,,,,,,,,,,False,squad2
572756265951b619008f886d,Mistral-7B-Instruct-v0.1,squad2,False,2,,,,,,,,,,False,squad2
5a67d87ef038b7001ab0c48e,Mistral-7B-Instruct-v0.1,squad2,False,2,,,,,,,,,,True,squad2
572759665951b619008f8887,Mistral-7B-Instruct-v0.1,squad2,False,0,,,,,,,,,,False,squad2
5a67e29c8476ee001a58a756,Mistral-7B-Instruct-v0.1,squad2,False,2,,,,,,,,,,True,squad2
572759dbdd62a815002e9b94,Mistral-7B-Instruct-v0.1,squad2,False,2,,,,,,,,,,False,squad2
5a82025a31013a001a3350b8,Mistral-7B-Instruct-v0.1,squad2,False,2,,,,,,,,,,True,squad2
5a8205d131013a001a3350f9,Mistral-7B-Instruct-v0.1,squad2,False,1,,,,,,,,,,True,squad2
5727cebc2ca10214002d96f1,Mistral-7B-Instruct-v0.1,squad2,False,1,,,,,,,,,,False,squad2
5a82237d31013a001a335244,Mistral-7B-Instruct-v0.1,squad2,False,2,,,,,,,,,,True,squad2
5a8224ea31013a001a335250,Mistral-7B-Instruct-v0.1,squad2,False,1,,,,,,,,,,True,squad2
5a8225de31013a001a335264,Mistral-7B-Instruct-v0.1,squad2,True,3,4.0,1.9999999999999942,0.9999999999999971,False,Unanswerable. The text does not provide any information about the amount of money Kent-Brown had invested in Harvard.,False,0.0,0.0,-0.1587938703926885,True,squad2
5727d3843acd2414000ded69,Mistral-7B-Instruct-v0.1,squad2,False,1,,,,,,,,,,False,squad2
5a822bc531013a001a335281,Mistral-7B-Instruct-v0.1,squad2,False,2,,,,,,,,,,True,squad2
5a822bc531013a001a335285,Mistral-7B-Instruct-v0.1,squad2,False,0,,,,,,,,,,True,squad2
5727d4922ca10214002d977e,Mistral-7B-Instruct-v0.1,squad2,False,1,,,,,,,,,,False,squad2
5a823a7731013a001a33530c,Mistral-7B-Instruct-v0.1,squad2,False,1,,,,,,,,,,True,squad2
5a823e6f31013a001a33532f,Mistral-7B-Instruct-v0.1,squad2,False,1,,,,,,,,,,True,squad2
5a823e6f31013a001a335331,Mistral-7B-Instruct-v0.1,squad2,True,3,3.0,1.4999999999999956,0.7499999999999978,False,The forward pass.,False,0.0,0.0,-0.4737357631842315,True,squad2
5727dd2e4b864d1900163ebc,Mistral-7B-Instruct-v0.1,squad2,False,2,,,,,,,,,,False,squad2
5727de862ca10214002d9861,Mistral-7B-Instruct-v0.1,squad2,False,2,,,,,,,,,,False,squad2
5727e0474b864d1900163f0b,Mistral-7B-Instruct-v0.1,squad2,True,3,2.0,0.8112781244591301,0.40563906222956503,False,W. E. B. Du Bois,True,1.0,1.0,-0.029980198472412668,False,squad2
5a8251c231013a001a3353f1,Mistral-7B-Instruct-v0.1,squad2,False,2,,,,,,,,,,True,squad2
5a8251c231013a001a3353f3,Mistral-7B-Instruct-v0.1,squad2,False,1,,,,,,,,,,True,squad2
5a1c539bb4fb5d00187145fd,Mistral-7B-Instruct-v0.1,squad2,False,2,,,,,,,,,,True,squad2
5727cb4b2ca10214002d967a,Mistral-7B-Instruct-v0.1,squad2,False,2,,,,,,,,,,False,squad2
5a1c55b4b4fb5d0018714606,Mistral-7B-Instruct-v0.1,squad2,False,2,,,,,,,,,,True,squad2
5a1c60f0b4fb5d0018714612,Mistral-7B-Instruct-v0.1,squad2,False,1,,,,,,,,,,True,squad2
5a1c6968b4fb5d0018714618,Mistral-7B-Instruct-v0.1,squad2,False,1,,,,,,,,,,True,squad2
5a1c6968b4fb5d001871461c,Mistral-7B-Instruct-v0.1,squad2,False,2,,,,,,,,,,True,squad2
5a1c8092b4fb5d0018714630,Mistral-7B-Instruct-v0.1,squad2,False,2,,,,,,,,,,True,squad2
572815d9ff5b5019007d9cbf,Mistral-7B-Instruct-v0.1,squad2,True,3,2.0,0.8112781244591301,0.40563906222956503,False,The extension of the Florida East Coast Railway and yellow fever outbreaks drew would-be Jacksonville tourists to other Florida destinations.,False,0.0,0.46153846153846156,-0.12531552290916234,False,squad2
572820512ca10214002d9e74,Mistral-7B-Instruct-v0.1,squad2,True,3,2.0,0.8112781244591301,0.40563906222956503,False,The name of the river that is completely contained inside Jacksonville is the Trout River.,False,0.0,0.2857142857142857,-0.04210295102954008,False,squad2
572820512ca10214002d9e76,Mistral-7B-Instruct-v0.1,squad2,False,2,,,,,,,,,,False,squad2
572821274b864d1900164510,Mistral-7B-Instruct-v0.1,squad2,False,2,,,,,,,,,,False,squad2
5a1c8bb4b4fb5d00187146ae,Mistral-7B-Instruct-v0.1,squad2,False,0,,,,,,,,,,True,squad2
57282358ff5b5019007d9de1,Mistral-7B-Instruct-v0.1,squad2,False,2,,,,,,,,,,False,squad2
5a1c8d0bb4fb5d00187146be,Mistral-7B-Instruct-v0.1,squad2,False,1,,,,,,,,,,True,squad2
5a1c8f54b4fb5d00187146dc,Mistral-7B-Instruct-v0.1,squad2,True,3,3.0,1.4999999999999956,0.7499999999999978,False,43.8% of married couples had children living with them.,False,0.0,0.0,-0.1043351246611337,True,squad2
5727e6cbff5b5019007d97f0,Mistral-7B-Instruct-v0.1,squad2,False,1,,,,,,,,,,False,squad2
5ad242e5d7d075001a4289a6,Mistral-7B-Instruct-v0.1,squad2,False,1,,,,,,,,,,True,squad2
5729d44b1d04691400779615,Mistral-7B-Instruct-v0.1,squad2,True,3,2.0,0.9999999999999971,0.49999999999999856,False,The Institute for Policy Studies published findings in September 2012 regarding the Forbes richest 400 Americans.,False,0.0,0.4444444444444445,-0.0036207018180233674,False,squad2
5ad2434fd7d075001a4289da,Mistral-7B-Instruct-v0.1,squad2,False,2,,,,,,,,,,True,squad2
5ad243a7d7d075001a428a0a,Mistral-7B-Instruct-v0.1,squad2,False,2,,,,,,,,,,True,squad2
5729d609af94a219006aa661,Mistral-7B-Instruct-v0.1,squad2,False,2,,,,,,,,,,False,squad2
5729d609af94a219006aa664,Mistral-7B-Instruct-v0.1,squad2,False,1,,,,,,,,,,False,squad2
5727ec062ca10214002d99b6,Mistral-7B-Instruct-v0.1,squad2,False,1,,,,,,,,,,False,squad2
5729d878af94a219006aa66f,Mistral-7B-Instruct-v0.1,squad2,False,1,,,,,,,,,,False,squad2
5729da0faf94a219006aa676,Mistral-7B-Instruct-v0.1,squad2,False,1,,,,,,,,,,False,squad2
5ad2467ad7d075001a428afa,Mistral-7B-Instruct-v0.1,squad2,False,1,,,,,,,,,,True,squad2
5727ee372ca10214002d99ec,Mistral-7B-Instruct-v0.1,squad2,False,0,,,,,,,,,,False,squad2
5729e1e36aef0514001550ba,Mistral-7B-Instruct-v0.1,squad2,False,2,,,,,,,,,,False,squad2
5ad248e0d7d075001a428b86,Mistral-7B-Instruct-v0.1,squad2,True,3,4.0,1.9999999999999942,0.9999999999999971,False,Unanswerable. The provided context specifically mentions that economists with the Standard & Poor's rating agency reached the conclusion.,False,0.0,0.0,-0.15205880679033665,True,squad2
5ad24b96d7d075001a428bf0,Mistral-7B-Instruct-v0.1,squad2,False,2,,,,,,,,,,True,squad2
5ad24e50d7d075001a428c3c,Mistral-7B-Instruct-v0.1,squad2,False,2,,,,,,,,,,True,squad2
5729f24baf94a219006aa6e1,Mistral-7B-Instruct-v0.1,squad2,False,1,,,,,,,,,,False,squad2
5729f3883f37b319004785f1,Mistral-7B-Instruct-v0.1,squad2,False,2,,,,,,,,,,False,squad2
5ad25af2d7d075001a428e52,Mistral-7B-Instruct-v0.1,squad2,False,1,,,,,,,,,,True,squad2
572a06866aef0514001551c2,Mistral-7B-Instruct-v0.1,squad2,False,2,,,,,,,,,,False,squad2
572a07a86aef0514001551d4,Mistral-7B-Instruct-v0.1,squad2,False,2,,,,,,,,,,False,squad2
572a0bafaf94a219006aa766,Mistral-7B-Instruct-v0.1,squad2,False,1,,,,,,,,,,False,squad2
572a0bafaf94a219006aa767,Mistral-7B-Instruct-v0.1,squad2,False,1,,,,,,,,,,False,squad2
572a0c541d046914007796f6,Mistral-7B-Instruct-v0.1,squad2,False,2,,,,,,,,,,False,squad2
572a0e0e1d04691400779707,Mistral-7B-Instruct-v0.1,squad2,False,1,,,,,,,,,,False,squad2
5ad2623dd7d075001a429095,Mistral-7B-Instruct-v0.1,squad2,False,2,,,,,,,,,,True,squad2
5ad262aad7d075001a4290c4,Mistral-7B-Instruct-v0.1,squad2,False,1,,,,,,,,,,True,squad2
572a1046af94a219006aa78d,Mistral-7B-Instruct-v0.1,squad2,False,2,,,,,,,,,,False,squad2
572a1046af94a219006aa78e,Mistral-7B-Instruct-v0.1,squad2,False,1,,,,,,,,,,False,squad2
572a1046af94a219006aa78f,Mistral-7B-Instruct-v0.1,squad2,True,3,2.0,0.8112781244591301,0.40563906222956503,False,Branko Milanovic and Joseph Stiglitz are economists.,False,0.0,0.0,-0.08238687131979398,False,squad2
572a1046af94a219006aa790,Mistral-7B-Instruct-v0.1,squad2,True,3,1.0,-1.6017132519074577e-15,-8.008566259537289e-16,True,The main reason for the shift to the view that income inequality harms growth is the increasing importance of human capital in development.,False,0.0,0.5384615384615384,-0.006121389742011511,False,squad2
5ad262ffd7d075001a4290e4,Mistral-7B-Instruct-v0.1,squad2,False,2,,,,,,,,,,True,squad2
5ad262ffd7d075001a4290e5,Mistral-7B-Instruct-v0.1,squad2,False,2,,,,,,,,,,True,squad2
5ad26367d7d075001a4290ff,Mistral-7B-Instruct-v0.1,squad2,False,2,,,,,,,,,,True,squad2
5ad26367d7d075001a429101,Mistral-7B-Instruct-v0.1,squad2,False,2,,,,,,,,,,True,squad2
572a13841d0469140077973f,Mistral-7B-Instruct-v0.1,squad2,False,1,,,,,,,,,,False,squad2
5ad2647bd7d075001a42915a,Mistral-7B-Instruct-v0.1,squad2,False,2,,,,,,,,,,True,squad2
5ad264e2d7d075001a42917d,Mistral-7B-Instruct-v0.1,squad2,False,1,,,,,,,,,,True,squad2
572a1ba46aef05140015528e,Mistral-7B-Instruct-v0.1,squad2,False,1,,,,,,,,,,False,squad2
5ad265d2d7d075001a4291c9,Mistral-7B-Instruct-v0.1,squad2,False,2,,,,,,,,,,True,squad2
5ad2676ed7d075001a429210,Mistral-7B-Instruct-v0.1,squad2,False,1,,,,,,,,,,True,squad2
5ad268b2d7d075001a42928b,Mistral-7B-Instruct-v0.1,squad2,False,1,,,,,,,,,,True,squad2
5ad2690ed7d075001a4292b3,Mistral-7B-Instruct-v0.1,squad2,False,0,,,,,,,,,,True,squad2
572a2224af94a219006aa824,Mistral-7B-Instruct-v0.1,squad2,False,0,,,,,,,,,,False,squad2
5ad26964d7d075001a4292cf,Mistral-7B-Instruct-v0.1,squad2,False,2,,,,,,,,,,True,squad2
5acf774877cf76001a684e98,Mistral-7B-Instruct-v0.1,squad2,False,1,,,,,,,,,,True,squad2
57283f014b864d19001647e9,Mistral-7B-Instruct-v0.1,squad2,False,1,,,,,,,,,,False,squad2
5acf7dcf77cf76001a684f7e,Mistral-7B-Instruct-v0.1,squad2,False,1,,,,,,,,,,True,squad2
5acf7ecb77cf76001a684fa5,Mistral-7B-Instruct-v0.1,squad2,False,2,,,,,,,,,,True,squad2
5acf7fdf77cf76001a684fd6,Mistral-7B-Instruct-v0.1,squad2,False,1,,,,,,,,,,True,squad2
57284618ff5b5019007da0ac,Mistral-7B-Instruct-v0.1,squad2,False,0,,,,,,,,,,False,squad2
5acf82c277cf76001a685066,Mistral-7B-Instruct-v0.1,squad2,False,2,,,,,,,,,,True,squad2
572847ff3acd2414000df86a,Mistral-7B-Instruct-v0.1,squad2,False,1,,,,,,,,,,False,squad2
5acf86ff77cf76001a6850f8,Mistral-7B-Instruct-v0.1,squad2,False,0,,,,,,,,,,True,squad2
572849b4ff5b5019007da0f6,Mistral-7B-Instruct-v0.1,squad2,False,1,,,,,,,,,,False,squad2
57284b904b864d19001648e2,Mistral-7B-Instruct-v0.1,squad2,True,3,4.0,1.9999999999999942,0.9999999999999971,False,"The first buildings of the University of Chicago campus, which make up what is now known as the Main Quadrangles, were part of a ""master plan",False,0.0,0.16666666666666669,-0.0912553167520116,False,squad2
5acf8bbd77cf76001a6851b5,Mistral-7B-Instruct-v0.1,squad2,False,0,,,,,,,,,,True,squad2
5728510f4b864d1900164937,Mistral-7B-Instruct-v0.1,squad2,False,2,,,,,,,,,,False,squad2
5728510f4b864d1900164938,Mistral-7B-Instruct-v0.1,squad2,False,1,,,,,,,,,,False,squad2
572855973acd2414000df925,Mistral-7B-Instruct-v0.1,squad2,False,2,,,,,,,,,,False,squad2
57285841ff5b5019007da19c,Mistral-7B-Instruct-v0.1,squad2,True,3,2.0,0.9999999999999971,0.49999999999999856,False,Oriental Institute,True,1.0,1.0,-0.16540694443756365,False,squad2
57285841ff5b5019007da19e,Mistral-7B-Instruct-v0.1,squad2,False,1,,,,,,,,,,False,squad2
5acf9a5277cf76001a685420,Mistral-7B-Instruct-v0.1,squad2,False,2,,,,,,,,,,True,squad2
5acf9e9377cf76001a685585,Mistral-7B-Instruct-v0.1,squad2,False,2,,,,,,,,,,True,squad2
572867543acd2414000df9a1,Mistral-7B-Instruct-v0.1,squad2,False,1,,,,,,,,,,False,squad2
5acfa23577cf76001a68562f,Mistral-7B-Instruct-v0.1,squad2,False,0,,,,,,,,,,True,squad2
5acfa23577cf76001a685632,Mistral-7B-Instruct-v0.1,squad2,False,2,,,,,,,,,,True,squad2
5acfa31377cf76001a685684,Mistral-7B-Instruct-v0.1,squad2,False,1,,,,,,,,,,True,squad2
5acfa31377cf76001a685685,Mistral-7B-Instruct-v0.1,squad2,False,1,,,,,,,,,,True,squad2
5acfa71b77cf76001a68572e,Mistral-7B-Instruct-v0.1,squad2,False,1,,,,,,,,,,True,squad2
572870b2ff5b5019007da225,Mistral-7B-Instruct-v0.1,squad2,True,3,1.0,-1.6017132519074577e-15,-8.008566259537289e-16,True,Eugene Fama,True,1.0,1.0,-0.11717219929478233,False,squad2
5acfa8a277cf76001a685770,Mistral-7B-Instruct-v0.1,squad2,False,2,,,,,,,,,,True,squad2
5acfa9b877cf76001a6857a9,Mistral-7B-Instruct-v0.1,squad2,False,1,,,,,,,,,,True,squad2
5acfa9b877cf76001a6857ab,Mistral-7B-Instruct-v0.1,squad2,False,1,,,,,,,,,,True,squad2
5728759cff5b5019007da25b,Mistral-7B-Instruct-v0.1,squad2,False,2,,,,,,,,,,False,squad2
57286192ff5b5019007da1df,Mistral-7B-Instruct-v0.1,squad2,False,1,,,,,,,,,,False,squad2
572863c72ca10214002da2d7,Mistral-7B-Instruct-v0.1,squad2,True,3,2.0,0.8112781244591301,0.40563906222956503,False,Mongke Khan became Great Khan in 1251.,False,0.0,0.25,-0.005840224425339459,False,squad2
5ad401de604f3c001a3ffd31,Mistral-7B-Instruct-v0.1,squad2,True,3,3.0,1.4999999999999956,0.7499999999999978,False,Jin,False,0.0,0.0,-0.8145586550235748,True,squad2
572867212ca10214002da2f2,Mistral-7B-Instruct-v0.1,squad2,False,2,,,,,,,,,,False,squad2
572867212ca10214002da2f4,Mistral-7B-Instruct-v0.1,squad2,False,2,,,,,,,,,,False,squad2
5ad40219604f3c001a3ffd45,Mistral-7B-Instruct-v0.1,squad2,False,1,,,,,,,,,,True,squad2
5ad40432604f3c001a3ffdbc,Mistral-7B-Instruct-v0.1,squad2,False,1,,,,,,,,,,True,squad2
5ad40515604f3c001a3ffe08,Mistral-7B-Instruct-v0.1,squad2,False,2,,,,,,,,,,True,squad2
5728710c3acd2414000df9f2,Mistral-7B-Instruct-v0.1,squad2,False,2,,,,,,,,,,False,squad2
572871bd3acd2414000dfa03,Mistral-7B-Instruct-v0.1,squad2,False,2,,,,,,,,,,False,squad2
5ad406b6604f3c001a3ffe73,Mistral-7B-Instruct-v0.1,squad2,False,0,,,,,,,,,,True,squad2
5ad406b6604f3c001a3ffe77,Mistral-7B-Instruct-v0.1,squad2,False,1,,,,,,,,,,True,squad2
57287338ff5b5019007da232,Mistral-7B-Instruct-v0.1,squad2,False,1,,,,,,,,,,False,squad2
57287338ff5b5019007da233,Mistral-7B-Instruct-v0.1,squad2,False,1,,,,,,,,,,False,squad2
57287338ff5b5019007da235,Mistral-7B-Instruct-v0.1,squad2,False,1,,,,,,,,,,False,squad2
5ad406e9604f3c001a3ffe7d,Mistral-7B-Instruct-v0.1,squad2,False,0,,,,,,,,,,True,squad2
572878942ca10214002da3a3,Mistral-7B-Instruct-v0.1,squad2,False,2,,,,,,,,,,False,squad2
572879574b864d1900164a14,Mistral-7B-Instruct-v0.1,squad2,True,3,2.0,0.8112781244591301,0.40563906222956503,False,The text does not provide information on the type of musical instruments the Yuan brought to China.,False,0.0,0.0,-0.2449243838625307,False,squad2
57287b4a4b864d1900164a29,Mistral-7B-Instruct-v0.1,squad2,False,1,,,,,,,,,,False,squad2
57287c142ca10214002da3d3,Mistral-7B-Instruct-v0.1,squad2,False,1,,,,,,,,,,False,squad2
5ad407de604f3c001a3ffebf,Mistral-7B-Instruct-v0.1,squad2,False,1,,,,,,,,,,True,squad2
57287ccb2ca10214002da3de,Mistral-7B-Instruct-v0.1,squad2,False,1,,,,,,,,,,False,squad2
5ad4081b604f3c001a3ffed9,Mistral-7B-Instruct-v0.1,squad2,False,0,,,,,,,,,,True,squad2
5ad4081b604f3c001a3ffedb,Mistral-7B-Instruct-v0.1,squad2,False,2,,,,,,,,,,True,squad2
5ad40995604f3c001a3fff45,Mistral-7B-Instruct-v0.1,squad2,False,1,,,,,,,,,,True,squad2
5ad40995604f3c001a3fff47,Mistral-7B-Instruct-v0.1,squad2,False,1,,,,,,,,,,True,squad2
5728809f2ca10214002da40e,Mistral-7B-Instruct-v0.1,squad2,True,3,2.0,0.8112781244591301,0.40563906222956503,False,The Chinese name of Gou's calendar was the Shoushi Li (授時暦) or Calendar for Fixing the Seasons.,False,0.0,0.25,-0.027355560834161352,False,squad2
5728809f2ca10214002da410,Mistral-7B-Instruct-v0.1,squad2,False,1,,,,,,,,,,False,squad2
572881704b864d1900164a54,Mistral-7B-Instruct-v0.1,squad2,False,2,,,,,,,,,,False,squad2
5ad40af0604f3c001a3fffe1,Mistral-7B-Instruct-v0.1,squad2,False,0,,,,,,,,,,True,squad2
5ad40b55604f3c001a3ffffd,Mistral-7B-Instruct-v0.1,squad2,False,1,,,,,,,,,,True,squad2
572883153acd2414000dfa72,Mistral-7B-Instruct-v0.1,squad2,False,2,,,,,,,,,,False,squad2
57288428ff5b5019007da290,Mistral-7B-Instruct-v0.1,squad2,False,1,,,,,,,,,,False,squad2
5ad40cac604f3c001a40008a,Mistral-7B-Instruct-v0.1,squad2,False,0,,,,,,,,,,True,squad2
5ad40d28604f3c001a4000b5,Mistral-7B-Instruct-v0.1,squad2,False,2,,,,,,,,,,True,squad2
5728855d3acd2414000dfa8e,Mistral-7B-Instruct-v0.1,squad2,False,1,,,,,,,,,,False,squad2
572885c44b864d1900164a79,Mistral-7B-Instruct-v0.1,squad2,False,2,,,,,,,,,,False,squad2
5728eff82ca10214002daade,Mistral-7B-Instruct-v0.1,squad2,False,2,,,,,,,,,,False,squad2
572a14af3f37b319004786c1,Mistral-7B-Instruct-v0.1,squad2,False,2,,,,,,,,,,False,squad2
5728f2e26aef051400154899,Mistral-7B-Instruct-v0.1,squad2,True,3,4.0,1.9999999999999942,0.9999999999999971,False,HIV/AIDS.,True,1.0,1.0,-0.13434673273108425,False,squad2
5ad49faaba00c4001a268e25,Mistral-7B-Instruct-v0.1,squad2,False,1,,,,,,,,,,True,squad2
5ad4a110ba00c4001a268e62,Mistral-7B-Instruct-v0.1,squad2,False,1,,,,,,,,,,True,squad2
5ad4a682ba00c4001a268ecd,Mistral-7B-Instruct-v0.1,squad2,False,2,,,,,,,,,,True,squad2
5728f9882ca10214002dab5d,Mistral-7B-Instruct-v0.1,squad2,False,2,,,,,,,,,,False,squad2
5ad4b0f25b96ef001a109dbc,Mistral-7B-Instruct-v0.1,squad2,False,2,,,,,,,,,,True,squad2
572900f73f37b31900477f6c,Mistral-7B-Instruct-v0.1,squad2,True,3,3.0,1.4999999999999956,0.7499999999999978,False,Eicosanoids include prostaglandins that result in fever and blood vessel dilation.,False,0.0,0.16666666666666669,-0.05687026802603157,False,squad2
5ad4ca235b96ef001a10a0b8,Mistral-7B-Instruct-v0.1,squad2,False,2,,,,,,,,,,True,squad2
5729081d3f37b31900477fae,Mistral-7B-Instruct-v0.1,squad2,True,3,1.0,-1.6017132519074577e-15,-8.008566259537289e-16,True,The process in which neutrophils move towards the site of inflammation is called chemotaxis.,False,0.0,0.15384615384615385,-0.024251348075035116,False,squad2
5729efab3f37b319004785cf,Mistral-7B-Instruct-v0.1,squad2,False,2,,,,,,,,,,False,squad2
5729f06f1d04691400779674,Mistral-7B-Instruct-v0.1,squad2,False,1,,,,,,,,,,False,squad2
5729f1fcaf94a219006aa6d6,Mistral-7B-Instruct-v0.1,squad2,False,1,,,,,,,,,,False,squad2
5729f5a03f37b31900478606,Mistral-7B-Instruct-v0.1,squad2,False,1,,,,,,,,,,False,squad2
5ad4d7395b96ef001a10a2f5,Mistral-7B-Instruct-v0.1,squad2,False,2,,,,,,,,,,True,squad2
5729f9953f37b31900478621,Mistral-7B-Instruct-v0.1,squad2,False,2,,,,,,,,,,False,squad2
5ad4ea425b96ef001a10a627,Mistral-7B-Instruct-v0.1,squad2,False,0,,,,,,,,,,True,squad2
5ad4ea425b96ef001a10a629,Mistral-7B-Instruct-v0.1,squad2,False,1,,,,,,,,,,True,squad2
5ad4e90e5b96ef001a10a60c,Mistral-7B-Instruct-v0.1,squad2,False,2,,,,,,,,,,True,squad2
5729fd111d046914007796a6,Mistral-7B-Instruct-v0.1,squad2,False,2,,,,,,,,,,False,squad2
5ad4db615b96ef001a10a436,Mistral-7B-Instruct-v0.1,squad2,True,3,2.0,0.9999999999999971,0.49999999999999856,False,Unanswerable. The provided context does not mention any specialized cells located in the brain.,False,0.0,0.0,-0.06503129749691688,True,squad2
5ad4d8845b96ef001a10a348,Mistral-7B-Instruct-v0.1,squad2,False,2,,,,,,,,,,True,squad2
5ad4f4405b96ef001a10a77f,Mistral-7B-Instruct-v0.1,squad2,False,1,,,,,,,,,,True,squad2
5ad4f4405b96ef001a10a780,Mistral-7B-Instruct-v0.1,squad2,False,2,,,,,,,,,,True,squad2
5ad4ec305b96ef001a10a66a,Mistral-7B-Instruct-v0.1,squad2,False,2,,,,,,,,,,True,squad2
5ad4ec305b96ef001a10a66b,Mistral-7B-Instruct-v0.1,squad2,False,1,,,,,,,,,,True,squad2
572a058aaf94a219006aa754,Mistral-7B-Instruct-v0.1,squad2,False,2,,,,,,,,,,False,squad2
5ad4e7eb5b96ef001a10a5f4,Mistral-7B-Instruct-v0.1,squad2,False,2,,,,,,,,,,True,squad2
572a07fc6aef0514001551df,Mistral-7B-Instruct-v0.1,squad2,True,3,2.0,0.8112781244591301,0.40563906222956503,False,The adaptive immune system.,True,1.0,1.0,-0.08207072798066813,False,squad2
5ad4d5e15b96ef001a10a298,Mistral-7B-Instruct-v0.1,squad2,False,1,,,,,,,,,,True,squad2
572a0ce11d04691400779701,Mistral-7B-Instruct-v0.1,squad2,False,2,,,,,,,,,,False,squad2
5ad4f7895b96ef001a10a7f3,Mistral-7B-Instruct-v0.1,squad2,False,2,,,,,,,,,,True,squad2
5ad4e4425b96ef001a10a572,Mistral-7B-Instruct-v0.1,squad2,False,0,,,,,,,,,,True,squad2
572a10cd6aef051400155222,Mistral-7B-Instruct-v0.1,squad2,False,2,,,,,,,,,,False,squad2
5ad4eb355b96ef001a10a650,Mistral-7B-Instruct-v0.1,squad2,False,2,,,,,,,,,,True,squad2
5ad4c6775b96ef001a10a014,Mistral-7B-Instruct-v0.1,squad2,False,0,,,,,,,,,,True,squad2
57293b843f37b31900478136,Mistral-7B-Instruct-v0.1,squad2,False,2,,,,,,,,,,False,squad2
57293c246aef051400154bba,Mistral-7B-Instruct-v0.1,squad2,True,3,2.0,0.8112781244591301,0.40563906222956503,False,Government officials and climate change experts attend the IPCC meetings.,False,0.0,0.8,-0.09175890086220743,False,squad2
57293d116aef051400154bcb,Mistral-7B-Instruct-v0.1,squad2,False,1,,,,,,,,,,False,squad2
5a3e307f378766001a0024da,Mistral-7B-Instruct-v0.1,squad2,False,1,,,,,,,,,,True,squad2
5a3e488b378766001a00253c,Mistral-7B-Instruct-v0.1,squad2,True,3,3.0,1.4999999999999956,0.7499999999999978,False,Each chapter has two coordinating lead authors.,False,0.0,0.0,-0.11552727957584921,True,squad2
5a3e488b378766001a00253d,Mistral-7B-Instruct-v0.1,squad2,False,1,,,,,,,,,,True,squad2
57293f353f37b3190047819f,Mistral-7B-Instruct-v0.1,squad2,True,3,2.0,0.8112781244591301,0.40563906222956503,False,Houghton said that any changes to the SPM must be supported by scientific evidence.,False,0.0,0.631578947368421,-0.06781413224821096,False,squad2
5a3e3752378766001a0024f9,Mistral-7B-Instruct-v0.1,squad2,False,0,,,,,,,,,,True,squad2
57293f8a6aef051400154bde,Mistral-7B-Instruct-v0.1,squad2,False,1,,,,,,,,,,False,squad2
5a3e495c378766001a002547,Mistral-7B-Instruct-v0.1,squad2,True,3,4.0,1.9999999999999942,0.9999999999999971,False,The IPCC created a final summary for policymakers.,False,0.0,0.0,-0.27476201781284826,True,squad2
57294279af94a219006aa20a,Mistral-7B-Instruct-v0.1,squad2,False,2,,,,,,,,,,False,squad2
57294279af94a219006aa20b,Mistral-7B-Instruct-v0.1,squad2,False,2,,,,,,,,,,False,squad2
5a3e42de378766001a002529,Mistral-7B-Instruct-v0.1,squad2,False,2,,,,,,,,,,True,squad2
5a3e42de378766001a00252a,Mistral-7B-Instruct-v0.1,squad2,False,2,,,,,,,,,,True,squad2
572943ab1d0469140077921a,Mistral-7B-Instruct-v0.1,squad2,False,1,,,,,,,,,,False,squad2
572944e03f37b319004781e3,Mistral-7B-Instruct-v0.1,squad2,False,2,,,,,,,,,,False,squad2
5a3e582e378766001a0025a2,Mistral-7B-Instruct-v0.1,squad2,False,1,,,,,,,,,,True,squad2
572945b11d04691400779230,Mistral-7B-Instruct-v0.1,squad2,True,3,4.0,1.9999999999999942,0.9999999999999971,False,The 2001 IPCC report underestimated the temperature and sea level rise for the period 2001-2006.,False,0.0,0.16666666666666666,-0.0912206911325475,False,squad2
5a3e5697378766001a002598,Mistral-7B-Instruct-v0.1,squad2,False,2,,,,,,,,,,True,squad2
57294baaaf94a219006aa26c,Mistral-7B-Instruct-v0.1,squad2,False,1,,,,,,,,,,False,squad2
5a3e4e57378766001a002564,Mistral-7B-Instruct-v0.1,squad2,False,1,,,,,,,,,,True,squad2
5a3e4e57378766001a002567,Mistral-7B-Instruct-v0.1,squad2,False,2,,,,,,,,,,True,squad2
57296d571d04691400779417,Mistral-7B-Instruct-v0.1,squad2,False,0,,,,,,,,,,False,squad2
57296f293f37b319004783a4,Mistral-7B-Instruct-v0.1,squad2,False,1,,,,,,,,,,False,squad2
5a89128d3b2508001a72a498,Mistral-7B-Instruct-v0.1,squad2,False,1,,,,,,,,,,True,squad2
5a8913713b2508001a72a49e,Mistral-7B-Instruct-v0.1,squad2,False,1,,,,,,,,,,True,squad2
5729727baf94a219006aa437,Mistral-7B-Instruct-v0.1,squad2,True,3,1.0,-1.6017132519074577e-15,-8.008566259537289e-16,True,Goldbach's conjecture.,True,1.0,1.0,-0.11795409860245501,False,squad2
5729727baf94a219006aa43b,Mistral-7B-Instruct-v0.1,squad2,True,3,2.0,0.9999999999999971,0.49999999999999856,False,One algebraic generalization prime numbers have inspired is prime elements.,False,0.0,0.33333333333333337,-0.14046111607511388,False,squad2
572973f76aef051400154f0b,Mistral-7B-Instruct-v0.1,squad2,True,3,1.0,-1.6017132519074577e-15,-8.008566259537289e-16,True,"The specific divisors of all even numbers larger than 2 are 1, 2, and the number itself.",False,0.0,0.31578947368421056,-0.027786946738369806,False,squad2
5a8923a23b2508001a72a4c8,Mistral-7B-Instruct-v0.1,squad2,False,2,,,,,,,,,,True,squad2
57297a276aef051400154f89,Mistral-7B-Instruct-v0.1,squad2,True,3,2.0,0.8112781244591301,0.40563906222956503,False,Euler proved the validity of Fermat's little theorem.,False,0.0,0.25,-0.04515491838407071,False,squad2
5a8929e43b2508001a72a4da,Mistral-7B-Instruct-v0.1,squad2,True,3,4.0,1.9999999999999942,0.9999999999999971,False,"Unanswerable. The question refers to Fermat's little theorem, which was declared by Pierre de Fermat in 1640.",False,0.0,0.0,-0.20378367411031117,True,squad2
5a8929e43b2508001a72a4de,Mistral-7B-Instruct-v0.1,squad2,False,1,,,,,,,,,,True,squad2
5a892b473b2508001a72a4e8,Mistral-7B-Instruct-v0.1,squad2,False,2,,,,,,,,,,True,squad2
57297d421d046914007794e6,Mistral-7B-Instruct-v0.1,squad2,False,2,,,,,,,,,,False,squad2
5a892d303b2508001a72a4f1,Mistral-7B-Instruct-v0.1,squad2,False,1,,,,,,,,,,True,squad2
57297ed93f37b3190047845f,Mistral-7B-Instruct-v0.1,squad2,True,3,1.0,-1.6017132519074577e-15,-8.008566259537289e-16,True,One straightforward case of a probabilistic test is the Fermat primality test.,False,0.0,0.4615384615384615,-0.03749882997026601,False,squad2
57298ef11d0469140077952e,Mistral-7B-Instruct-v0.1,squad2,False,1,,,,,,,,,,False,squad2
5a893a003b2508001a72a542,Mistral-7B-Instruct-v0.1,squad2,True,3,2.0,0.8112781244591301,0.40563906222956503,False,Vinogradov's theorem states that every sufficiently large odd integer can be written as a sum of three primes.,False,0.0,0.0,-0.019689584743371843,True,squad2
5a8940ba3b2508001a72a55d,Mistral-7B-Instruct-v0.1,squad2,True,3,3.0,1.4999999999999956,0.7499999999999978,False,The period of 1/p is p - 1 or a divisor of p - 1.,False,0.0,0.0,-0.14957933395968984,True,squad2
5a8944653b2508001a72a57a,Mistral-7B-Instruct-v0.1,squad2,False,0,,,,,,,,,,True,squad2
5a89464f3b2508001a72a590,Mistral-7B-Instruct-v0.1,squad2,False,1,,,,,,,,,,True,squad2
5729a26d6aef05140015505d,Mistral-7B-Instruct-v0.1,squad2,True,3,2.0,0.8112781244591301,0.40563906222956503,False,The local-global principle highlights the significance of primes in number theory.,False,0.0,0.3636363636363636,-0.03703571624214419,False,squad2
5ad262fbd7d075001a4290dd,Mistral-7B-Instruct-v0.1,squad2,False,2,,,,,,,,,,True,squad2
572f57c704bcaa1900d7686d,Mistral-7B-Instruct-v0.1,squad2,False,0,,,,,,,,,,False,squad2
572fe53104bcaa1900d76e6b,Mistral-7B-Instruct-v0.1,squad2,False,1,,,,,,,,,,False,squad2
572fe92204bcaa1900d76e97,Mistral-7B-Instruct-v0.1,squad2,False,2,,,,,,,,,,False,squad2
572f609ca23a5019007fc5af,Mistral-7B-Instruct-v0.1,squad2,False,1,,,,,,,,,,False,squad2
572fec30947a6a140053cdf5,Mistral-7B-Instruct-v0.1,squad2,False,1,,,,,,,,,,False,squad2
572f64ccb2c2fd14005680b7,Mistral-7B-Instruct-v0.1,squad2,False,0,,,,,,,,,,False,squad2
572ff12e04bcaa1900d76eff,Mistral-7B-Instruct-v0.1,squad2,False,2,,,,,,,,,,False,squad2
572ff12e04bcaa1900d76f02,Mistral-7B-Instruct-v0.1,squad2,False,1,,,,,,,,,,False,squad2
5ad27d5dd7d075001a4296bc,Mistral-7B-Instruct-v0.1,squad2,False,2,,,,,,,,,,True,squad2
572f6c85947a6a140053c940,Mistral-7B-Instruct-v0.1,squad2,False,1,,,,,,,,,,False,squad2
5ad27f33d7d075001a429755,Mistral-7B-Instruct-v0.1,squad2,True,3,3.0,1.4999999999999956,0.7499999999999978,False,The Ruhr separates the Rhine from Duisburg.,False,0.0,0.0,-0.12748271412766396,True,squad2
572ff4ca04bcaa1900d76f26,Mistral-7B-Instruct-v0.1,squad2,False,2,,,,,,,,,,False,squad2
572ff5fcb2c2fd1400568658,Mistral-7B-Instruct-v0.1,squad2,False,0,,,,,,,,,,False,squad2
5ad28861d7d075001a429940,Mistral-7B-Instruct-v0.1,squad2,True,3,2.0,0.8112781244591301,0.40563906222956503,False,"Unanswerable. The provided context only discusses the names and locations of various branches of the Rhine, but does not provide information about the old south branch",False,0.0,0.0,-0.1949397354164366,True,squad2
572ff7ab04bcaa1900d76f51,Mistral-7B-Instruct-v0.1,squad2,False,1,,,,,,,,,,False,squad2
5ad28c93d7d075001a429a0e,Mistral-7B-Instruct-v0.1,squad2,False,2,,,,,,,,,,True,squad2
5ad28c93d7d075001a429a0f,Mistral-7B-Instruct-v0.1,squad2,False,0,,,,,,,,,,True,squad2
572ff890a23a5019007fcbce,Mistral-7B-Instruct-v0.1,squad2,False,2,,,,,,,,,,False,squad2
5ad295d4d7d075001a429afd,Mistral-7B-Instruct-v0.1,squad2,False,1,,,,,,,,,,True,squad2
572ffd75b2c2fd14005686e9,Mistral-7B-Instruct-v0.1,squad2,True,3,3.0,1.4999999999999956,0.7499999999999978,False,The English Channel was lowered in the last cold phase.,False,0.0,0.4,-0.16067502355023558,False,squad2
5ad29d35d7d075001a429c12,Mistral-7B-Instruct-v0.1,squad2,True,3,1.0,-1.6017132519074577e-15,-8.008566259537289e-16,True,The Pleistocene began around 2.6 million years ago.,False,0.0,0.0,-0.053985833902814306,True,squad2
572fff45947a6a140053cf28,Mistral-7B-Instruct-v0.1,squad2,False,1,,,,,,,,,,False,squad2
5ad2a3b3d7d075001a429d5b,Mistral-7B-Instruct-v0.1,squad2,False,1,,,,,,,,,,True,squad2
57300580b2c2fd140056874d,Mistral-7B-Instruct-v0.1,squad2,False,1,,,,,,,,,,False,squad2
5ad2a71ad7d075001a429e05,Mistral-7B-Instruct-v0.1,squad2,False,0,,,,,,,,,,True,squad2
5ad2a71ad7d075001a429e06,Mistral-7B-Instruct-v0.1,squad2,False,1,,,,,,,,,,True,squad2
57300761947a6a140053cf9b,Mistral-7B-Instruct-v0.1,squad2,True,3,2.0,0.8112781244591301,0.40563906222956503,False,The Rhine first formed a boundary between Gaul and Germania.,False,0.0,0.2222222222222222,-0.05272730196458421,False,squad2
57300911947a6a140053cfba,Mistral-7B-Instruct-v0.1,squad2,False,0,,,,,,,,,,False,squad2
573009a004bcaa1900d77050,Mistral-7B-Instruct-v0.1,squad2,False,2,,,,,,,,,,False,squad2
5ad2b882d7d075001a42a041,Mistral-7B-Instruct-v0.1,squad2,False,1,,,,,,,,,,True,squad2
5ad2b882d7d075001a42a042,Mistral-7B-Instruct-v0.1,squad2,False,2,,,,,,,,,,True,squad2
5ad2b882d7d075001a42a043,Mistral-7B-Instruct-v0.1,squad2,False,1,,,,,,,,,,True,squad2
57300a9a04bcaa1900d77067,Mistral-7B-Instruct-v0.1,squad2,True,3,2.0,0.8112781244591301,0.40563906222956503,False,The German army reoccupied the Rhineland in 1936.,False,0.0,0.2857142857142857,-0.023552078574804212,False,squad2
5ad2bb5fd7d075001a42a080,Mistral-7B-Instruct-v0.1,squad2,False,2,,,,,,,,,,True,squad2
57300c67947a6a140053cff3,Mistral-7B-Instruct-v0.1,squad2,False,0,,,,,,,,,,False,squad2
572fad30a23a5019007fc871,Mistral-7B-Instruct-v0.1,squad2,False,2,,,,,,,,,,False,squad2
5ad0247477cf76001a686b93,Mistral-7B-Instruct-v0.1,squad2,False,2,,,,,,,,,,True,squad2
5ad026a777cf76001a686bca,Mistral-7B-Instruct-v0.1,squad2,False,2,,,,,,,,,,True,squad2
5ad0291f77cf76001a686c2a,Mistral-7B-Instruct-v0.1,squad2,False,1,,,,,,,,,,True,squad2
572fb42904bcaa1900d76c19,Mistral-7B-Instruct-v0.1,squad2,False,2,,,,,,,,,,False,squad2
572fc043a23a5019007fc95d,Mistral-7B-Instruct-v0.1,squad2,False,2,,,,,,,,,,False,squad2
572fc41f947a6a140053cc80,Mistral-7B-Instruct-v0.1,squad2,False,2,,,,,,,,,,False,squad2
5ad02fdf77cf76001a686d9a,Mistral-7B-Instruct-v0.1,squad2,False,1,,,,,,,,,,True,squad2
5ad02fdf77cf76001a686d9c,Mistral-7B-Instruct-v0.1,squad2,False,0,,,,,,,,,,True,squad2
572fc49d04bcaa1900d76ccd,Mistral-7B-Instruct-v0.1,squad2,False,0,,,,,,,,,,False,squad2
572fc5a1947a6a140053cc8d,Mistral-7B-Instruct-v0.1,squad2,False,1,,,,,,,,,,False,squad2
572fc5a1947a6a140053cc8e,Mistral-7B-Instruct-v0.1,squad2,False,1,,,,,,,,,,False,squad2
572fc6f204bcaa1900d76cf7,Mistral-7B-Instruct-v0.1,squad2,False,2,,,,,,,,,,False,squad2
572fc78d04bcaa1900d76d0a,Mistral-7B-Instruct-v0.1,squad2,False,2,,,,,,,,,,False,squad2
5ad0392577cf76001a686e4e,Mistral-7B-Instruct-v0.1,squad2,False,1,,,,,,,,,,True,squad2
572fc80b04bcaa1900d76d14,Mistral-7B-Instruct-v0.1,squad2,True,3,2.0,0.8112781244591301,0.40563906222956503,False,The Scottish Parliament is currently in the fourth session.,False,0.0,0.25,-0.05281452131980173,False,squad2
5ad03b2777cf76001a686e99,Mistral-7B-Instruct-v0.1,squad2,False,1,,,,,,,,,,True,squad2
572fcc43b2c2fd140056847e,Mistral-7B-Instruct-v0.1,squad2,False,0,,,,,,,,,,False,squad2
5ad03cd377cf76001a686ec6,Mistral-7B-Instruct-v0.1,squad2,False,2,,,,,,,,,,True,squad2
5ad03efa77cf76001a686edd,Mistral-7B-Instruct-v0.1,squad2,False,1,,,,,,,,,,True,squad2
572fd6aa04bcaa1900d76da2,Mistral-7B-Instruct-v0.1,squad2,False,2,,,,,,,,,,False,squad2
572fd6aa04bcaa1900d76da3,Mistral-7B-Instruct-v0.1,squad2,False,2,,,,,,,,,,False,squad2
5ad0415577cf76001a686f04,Mistral-7B-Instruct-v0.1,squad2,False,1,,,,,,,,,,True,squad2
5ad041c477cf76001a686f0e,Mistral-7B-Instruct-v0.1,squad2,False,0,,,,,,,,,,True,squad2
572fdb17b2c2fd140056851e,Mistral-7B-Instruct-v0.1,squad2,False,2,,,,,,,,,,False,squad2
5ad0440a77cf76001a686f4a,Mistral-7B-Instruct-v0.1,squad2,False,1,,,,,,,,,,True,squad2
572fdbb004bcaa1900d76dd9,Mistral-7B-Instruct-v0.1,squad2,False,1,,,,,,,,,,False,squad2
5ad044f977cf76001a686f64,Mistral-7B-Instruct-v0.1,squad2,False,1,,,,,,,,,,True,squad2
572fdd03a23a5019007fcaa0,Mistral-7B-Instruct-v0.1,squad2,False,2,,,,,,,,,,False,squad2
572fdd03a23a5019007fcaa1,Mistral-7B-Instruct-v0.1,squad2,False,1,,,,,,,,,,False,squad2
572ff626947a6a140053ce92,Mistral-7B-Instruct-v0.1,squad2,False,2,,,,,,,,,,False,squad2
572ff86004bcaa1900d76f66,Mistral-7B-Instruct-v0.1,squad2,False,2,,,,,,,,,,False,squad2
572ff86004bcaa1900d76f67,Mistral-7B-Instruct-v0.1,squad2,False,1,,,,,,,,,,False,squad2
5acfe78477cf76001a6863e9,Mistral-7B-Instruct-v0.1,squad2,False,1,,,,,,,,,,True,squad2
5acfe84677cf76001a686406,Mistral-7B-Instruct-v0.1,squad2,False,2,,,,,,,,,,True,squad2
572ffee1947a6a140053cf15,Mistral-7B-Instruct-v0.1,squad2,False,1,,,,,,,,,,False,squad2
5acfe99177cf76001a686458,Mistral-7B-Instruct-v0.1,squad2,False,1,,,,,,,,,,True,squad2
5730035e04bcaa1900d77004,Mistral-7B-Instruct-v0.1,squad2,False,1,,,,,,,,,,False,squad2
573004bf947a6a140053cf57,Mistral-7B-Instruct-v0.1,squad2,False,2,,,,,,,,,,False,squad2
573004bf947a6a140053cf58,Mistral-7B-Instruct-v0.1,squad2,False,2,,,,,,,,,,False,squad2
573004bf947a6a140053cf59,Mistral-7B-Instruct-v0.1,squad2,False,2,,,,,,,,,,False,squad2
5acfeae177cf76001a6864a1,Mistral-7B-Instruct-v0.1,squad2,False,2,,,,,,,,,,True,squad2
5acfeb2577cf76001a6864b3,Mistral-7B-Instruct-v0.1,squad2,False,1,,,,,,,,,,True,squad2
5acfeb2577cf76001a6864b4,Mistral-7B-Instruct-v0.1,squad2,False,0,,,,,,,,,,True,squad2
57300f8504bcaa1900d770d1,Mistral-7B-Instruct-v0.1,squad2,True,3,3.0,1.4999999999999956,0.7499999999999978,False,The Gulf War inadvertently radicalized the Islamist movement in the early 1990s by bringing several hundred thousand US and allied non,False,0.0,0.1904761904761905,-0.07359970171323837,False,squad2
57300f8504bcaa1900d770d2,Mistral-7B-Instruct-v0.1,squad2,False,1,,,,,,,,,,False,squad2
573010fab2c2fd14005687d9,Mistral-7B-Instruct-v0.1,squad2,True,3,1.0,-1.6017132519074577e-15,-8.008566259537289e-16,True,Saudi Arabia tried to repress domestic Islamists to compensate for its loss of stature.,False,0.0,0.25,-0.041838768400992876,False,squad2
5acfebe477cf76001a6864d7,Mistral-7B-Instruct-v0.1,squad2,False,2,,,,,,,,,,True,squad2
5acfebe477cf76001a6864d8,Mistral-7B-Instruct-v0.1,squad2,False,2,,,,,,,,,,True,squad2
5acfec2077cf76001a6864f6,Mistral-7B-Instruct-v0.1,squad2,False,1,,,,,,,,,,True,squad2
5730131c947a6a140053d054,Mistral-7B-Instruct-v0.1,squad2,False,2,,,,,,,,,,False,squad2
5acfec9277cf76001a686508,Mistral-7B-Instruct-v0.1,squad2,False,2,,,,,,,,,,True,squad2
5acfed5277cf76001a68652e,Mistral-7B-Instruct-v0.1,squad2,False,2,,,,,,,,,,True,squad2
573027d6a23a5019007fce9f,Mistral-7B-Instruct-v0.1,squad2,False,1,,,,,,,,,,False,squad2
5acfedc577cf76001a686549,Mistral-7B-Instruct-v0.1,squad2,False,0,,,,,,,,,,True,squad2
5acfedc577cf76001a68654a,Mistral-7B-Instruct-v0.1,squad2,False,0,,,,,,,,,,True,squad2
5acfeee177cf76001a686572,Mistral-7B-Instruct-v0.1,squad2,False,2,,,,,,,,,,True,squad2
57303048947a6a140053d257,Mistral-7B-Instruct-v0.1,squad2,False,1,,,,,,,,,,False,squad2
573062662461fd1900a9cdfb,Mistral-7B-Instruct-v0.1,squad2,False,2,,,,,,,,,,False,squad2
57306797396df919000960ee,Mistral-7B-Instruct-v0.1,squad2,False,0,,,,,,,,,,False,squad2
57306797396df919000960f2,Mistral-7B-Instruct-v0.1,squad2,False,0,,,,,,,,,,False,squad2
5acff4b177cf76001a686616,Mistral-7B-Instruct-v0.1,squad2,False,0,,,,,,,,,,True,squad2
5acff5b077cf76001a68662c,Mistral-7B-Instruct-v0.1,squad2,False,1,,,,,,,,,,True,squad2
5acff63377cf76001a68665a,Mistral-7B-Instruct-v0.1,squad2,False,1,,,,,,,,,,True,squad2
5acff63377cf76001a68665c,Mistral-7B-Instruct-v0.1,squad2,False,1,,,,,,,,,,True,squad2
5730876a396df9190009617c,Mistral-7B-Instruct-v0.1,squad2,False,2,,,,,,,,,,False,squad2
57308ddc396df919000961a6,Mistral-7B-Instruct-v0.1,squad2,False,2,,,,,,,,,,False,squad2
5730909d8ab72b1400f9c58e,Mistral-7B-Instruct-v0.1,squad2,False,0,,,,,,,,,,False,squad2
5ad02de177cf76001a686d15,Mistral-7B-Instruct-v0.1,squad2,False,1,,,,,,,,,,True,squad2
57309564069b5314008321a6,Mistral-7B-Instruct-v0.1,squad2,False,2,,,,,,,,,,False,squad2
57309564069b5314008321a9,Mistral-7B-Instruct-v0.1,squad2,False,0,,,,,,,,,,False,squad2
57309ef18ab72b1400f9c603,Mistral-7B-Instruct-v0.1,squad2,False,1,,,,,,,,,,False,squad2
5730a0778ab72b1400f9c60b,Mistral-7B-Instruct-v0.1,squad2,False,0,,,,,,,,,,False,squad2
5730a314069b5314008321eb,Mistral-7B-Instruct-v0.1,squad2,False,1,,,,,,,,,,False,squad2
5ad0316177cf76001a686ddc,Mistral-7B-Instruct-v0.1,squad2,False,1,,,,,,,,,,True,squad2
5ad031ef77cf76001a686df6,Mistral-7B-Instruct-v0.1,squad2,False,1,,,,,,,,,,True,squad2
5730a951069b531400832217,Mistral-7B-Instruct-v0.1,squad2,False,0,,,,,,,,,,False,squad2
5ad0322877cf76001a686dfc,Mistral-7B-Instruct-v0.1,squad2,False,1,,,,,,,,,,True,squad2
5ad0354e77cf76001a686e1f,Mistral-7B-Instruct-v0.1,squad2,True,3,3.0,1.4999999999999956,0.7499999999999978,False,The Germanic tribes did not claim territory in north and west Europe during the middle period of classical antiquity.,False,0.0,0.0,-0.09903839857311898,True,squad2
5730ac782461fd1900a9cf75,Mistral-7B-Instruct-v0.1,squad2,False,2,,,,,,,,,,False,squad2
5730aef38ab72b1400f9c683,Mistral-7B-Instruct-v0.1,squad2,False,0,,,,,,,,,,False,squad2
5730b255396df919000962b4,Mistral-7B-Instruct-v0.1,squad2,False,2,,,,,,,,,,False,squad2
5730b4282461fd1900a9cfc6,Mistral-7B-Instruct-v0.1,squad2,False,2,,,,,,,,,,False,squad2
5730b541396df919000962c2,Mistral-7B-Instruct-v0.1,squad2,False,2,,,,,,,,,,False,squad2
5730b541396df919000962c5,Mistral-7B-Instruct-v0.1,squad2,False,1,,,,,,,,,,False,squad2
5730b7ce069b5314008322c7,Mistral-7B-Instruct-v0.1,squad2,False,1,,,,,,,,,,False,squad2
5730b8ca8ab72b1400f9c705,Mistral-7B-Instruct-v0.1,squad2,False,1,,,,,,,,,,False,squad2
5730b8ca8ab72b1400f9c707,Mistral-7B-Instruct-v0.1,squad2,True,3,2.0,0.8112781244591301,0.40563906222956503,False,The premise of Woodrow Wilson's inquiry was to build a basis for U.S. authorship of a 'new world' characterized by ge,False,0.0,0.606060606060606,-0.04848203979890364,False,squad2
5730bd00069b5314008322d9,Mistral-7B-Instruct-v0.1,squad2,False,2,,,,,,,,,,False,squad2
5ad4bdbd5b96ef001a109edc,Mistral-7B-Instruct-v0.1,squad2,False,2,,,,,,,,,,True,squad2
5ad50bb95b96ef001a10aab0,Mistral-7B-Instruct-v0.1,squad2,False,0,,,,,,,,,,True,squad2
57332562d058e614000b5734,Mistral-7B-Instruct-v0.1,squad2,False,1,,,,,,,,,,False,squad2
5ad4bea25b96ef001a109ef8,Mistral-7B-Instruct-v0.1,squad2,False,2,,,,,,,,,,True,squad2
5ad4c99d5b96ef001a10a0a3,Mistral-7B-Instruct-v0.1,squad2,False,2,,,,,,,,,,True,squad2
57332a734776f41900660729,Mistral-7B-Instruct-v0.1,squad2,False,2,,,,,,,,,,False,squad2
5ad4caf45b96ef001a10a0d6,Mistral-7B-Instruct-v0.1,squad2,False,1,,,,,,,,,,True,squad2
5ad50c9f5b96ef001a10aae0,Mistral-7B-Instruct-v0.1,squad2,False,0,,,,,,,,,,True,squad2
5ad50c9f5b96ef001a10aae4,Mistral-7B-Instruct-v0.1,squad2,False,2,,,,,,,,,,True,squad2
5ad4cd6e5b96ef001a10a124,Mistral-7B-Instruct-v0.1,squad2,False,2,,,,,,,,,,True,squad2
5ad4cd6e5b96ef001a10a128,Mistral-7B-Instruct-v0.1,squad2,False,2,,,,,,,,,,True,squad2
57335c20d058e614000b58fa,Mistral-7B-Instruct-v0.1,squad2,False,1,,,,,,,,,,False,squad2
5ad4d2855b96ef001a10a1dd,Mistral-7B-Instruct-v0.1,squad2,True,3,1.0,-1.6017132519074577e-15,-8.008566259537289e-16,True,The edge of the Vistula plateau is called the Warsaw Escarpment.,False,0.0,0.0,-0.04700115453805378,True,squad2
57335ddbd058e614000b5933,Mistral-7B-Instruct-v0.1,squad2,False,1,,,,,,,,,,False,squad2
57335fcad058e614000b5974,Mistral-7B-Instruct-v0.1,squad2,False,2,,,,,,,,,,False,squad2
573361404776f4190066093d,Mistral-7B-Instruct-v0.1,squad2,False,2,,,,,,,,,,False,squad2
573362b94776f41900660977,Mistral-7B-Instruct-v0.1,squad2,False,2,,,,,,,,,,False,squad2
5ad4d8d65b96ef001a10a363,Mistral-7B-Instruct-v0.1,squad2,False,1,,,,,,,,,,True,squad2
5733638fd058e614000b59e9,Mistral-7B-Instruct-v0.1,squad2,False,2,,,,,,,,,,False,squad2
5ad4d9be5b96ef001a10a3b4,Mistral-7B-Instruct-v0.1,squad2,False,2,,,,,,,,,,True,squad2
573368044776f41900660a29,Mistral-7B-Instruct-v0.1,squad2,False,2,,,,,,,,,,False,squad2
573368e54776f41900660a55,Mistral-7B-Instruct-v0.1,squad2,False,2,,,,,,,,,,False,squad2
57337ddc4776f41900660bba,Mistral-7B-Instruct-v0.1,squad2,False,1,,,,,,,,,,False,squad2
57337f6ad058e614000b5bce,Mistral-7B-Instruct-v0.1,squad2,True,3,3.0,1.4999999999999956,0.7499999999999978,False,Many Poles had the conviction that Varsovians thought of themselves as better only because they lived in the capital.,False,0.0,0.45454545454545453,-0.04024063479543542,False,squad2
5ad4f1c95b96ef001a10a729,Mistral-7B-Instruct-v0.1,squad2,False,2,,,,,,,,,,True,squad2
5ad4f4d95b96ef001a10a796,Mistral-7B-Instruct-v0.1,squad2,False,1,,,,,,,,,,True,squad2
573382d24776f41900660c38,Mistral-7B-Instruct-v0.1,squad2,False,2,,,,,,,,,,False,squad2
573382d24776f41900660c3a,Mistral-7B-Instruct-v0.1,squad2,False,0,,,,,,,,,,False,squad2
5733834ed058e614000b5c28,Mistral-7B-Instruct-v0.1,squad2,False,2,,,,,,,,,,False,squad2
5ad4f7235b96ef001a10a7de,Mistral-7B-Instruct-v0.1,squad2,False,2,,,,,,,,,,True,squad2
573383d0d058e614000b5c37,Mistral-7B-Instruct-v0.1,squad2,True,3,1.0,-1.6017132519074577e-15,-8.008566259537289e-16,True,Daewoo,True,1.0,1.0,-0.0932713713334806,False,squad2
57339555d058e614000b5df5,Mistral-7B-Instruct-v0.1,squad2,False,1,,,,,,,,,,False,squad2
5ad4fe635b96ef001a10a8ba,Mistral-7B-Instruct-v0.1,squad2,False,0,,,,,,,,,,True,squad2
57339dd94776f41900660ed0,Mistral-7B-Instruct-v0.1,squad2,False,2,,,,,,,,,,False,squad2
5ad500e95b96ef001a10a914,Mistral-7B-Instruct-v0.1,squad2,True,3,3.0,1.4999999999999956,0.7499999999999978,False,The Midsummer's festival is held on Midsummer's Eve.,False,0.0,0.0,-0.04182439104132148,True,squad2
5ad502385b96ef001a10a956,Mistral-7B-Instruct-v0.1,squad2,True,3,4.0,1.9999999999999942,0.9999999999999971,False,Unanswerable. The context does not provide information about Warsaw's Riding Museum.,False,0.0,0.0,-0.1717102445206052,True,squad2
5733a2a9d058e614000b5f2c,Mistral-7B-Instruct-v0.1,squad2,False,2,,,,,,,,,,False,squad2
5733a32bd058e614000b5f32,Mistral-7B-Instruct-v0.1,squad2,False,1,,,,,,,,,,False,squad2
5ad505165b96ef001a10a9f8,Mistral-7B-Instruct-v0.1,squad2,False,0,,,,,,,,,,True,squad2
5733a45d4776f41900660f25,Mistral-7B-Instruct-v0.1,squad2,False,1,,,,,,,,,,False,squad2
5ad507d25b96ef001a10aa4f,Mistral-7B-Instruct-v0.1,squad2,False,1,,,,,,,,,,True,squad2
5ad508665b96ef001a10aa6b,Mistral-7B-Instruct-v0.1,squad2,False,0,,,,,,,,,,True,squad2
5ad508665b96ef001a10aa6c,Mistral-7B-Instruct-v0.1,squad2,False,2,,,,,,,,,,True,squad2
5733a6ac4776f41900660f58,Mistral-7B-Instruct-v0.1,squad2,False,1,,,,,,,,,,False,squad2
5ad3a076604f3c001a3fe9aa,Mistral-7B-Instruct-v0.1,squad2,False,1,,,,,,,,,,True,squad2
5733d13e4776f419006612c8,Mistral-7B-Instruct-v0.1,squad2,False,1,,,,,,,,,,False,squad2
5733d249d058e614000b6331,Mistral-7B-Instruct-v0.1,squad2,False,1,,,,,,,,,,False,squad2
5733d2dbd058e614000b633b,Mistral-7B-Instruct-v0.1,squad2,False,1,,,,,,,,,,False,squad2
5ad3a3fc604f3c001a3fea79,Mistral-7B-Instruct-v0.1,squad2,False,1,,,,,,,,,,True,squad2
5ad3a733604f3c001a3feacb,Mistral-7B-Instruct-v0.1,squad2,False,1,,,,,,,,,,True,squad2
5ad3a79a604f3c001a3fead6,Mistral-7B-Instruct-v0.1,squad2,True,3,4.0,1.9999999999999942,0.9999999999999971,False,"Unanswerable. The question refers to the start of the war, but it does not specify which war. The context only mentions North America and British colon",False,0.0,0.0,-0.2771001149674106,True,squad2
5ad3a7ef604f3c001a3feadd,Mistral-7B-Instruct-v0.1,squad2,True,3,2.0,0.8112781244591301,0.40563906222956503,False,The intent of Céloron's expedition was to establish French control over the Ohio Country by claiming it through the burial of lead plates engraved,False,0.0,0.0,-0.08421143961680855,True,squad2
5733dc95d058e614000b644a,Mistral-7B-Instruct-v0.1,squad2,False,2,,,,,,,,,,False,squad2
5ad3a893604f3c001a3feafd,Mistral-7B-Instruct-v0.1,squad2,False,2,,,,,,,,,,True,squad2
5733e5a14776f4190066145f,Mistral-7B-Instruct-v0.1,squad2,False,2,,,,,,,,,,False,squad2
5ad3a8fe604f3c001a3feb07,Mistral-7B-Instruct-v0.1,squad2,False,1,,,,,,,,,,True,squad2
5ad3a8fe604f3c001a3feb08,Mistral-7B-Instruct-v0.1,squad2,False,1,,,,,,,,,,True,squad2
5ad3ade2604f3c001a3fec15,Mistral-7B-Instruct-v0.1,squad2,False,2,,,,,,,,,,True,squad2
5ad3ade2604f3c001a3fec17,Mistral-7B-Instruct-v0.1,squad2,False,1,,,,,,,,,,True,squad2
5ad3ae4f604f3c001a3fec4a,Mistral-7B-Instruct-v0.1,squad2,False,2,,,,,,,,,,True,squad2
5733ef47d058e614000b662e,Mistral-7B-Instruct-v0.1,squad2,False,2,,,,,,,,,,False,squad2
5ad3af4e604f3c001a3fec74,Mistral-7B-Instruct-v0.1,squad2,False,0,,,,,,,,,,True,squad2
5ad3af4e604f3c001a3fec76,Mistral-7B-Instruct-v0.1,squad2,True,3,4.0,1.9999999999999942,0.9999999999999971,False,Saint-Girard did not respond to the question.,False,0.0,0.0,-0.289812229751288,True,squad2
5733f410d058e614000b6664,Mistral-7B-Instruct-v0.1,squad2,False,1,,,,,,,,,,False,squad2
5ad3b1be604f3c001a3fecea,Mistral-7B-Instruct-v0.1,squad2,False,0,,,,,,,,,,True,squad2
5ad3b260604f3c001a3fed07,Mistral-7B-Instruct-v0.1,squad2,False,1,,,,,,,,,,True,squad2
5733f8dc4776f419006615fa,Mistral-7B-Instruct-v0.1,squad2,False,0,,,,,,,,,,False,squad2
5733f9fa4776f4190066161f,Mistral-7B-Instruct-v0.1,squad2,False,2,,,,,,,,,,False,squad2
5ad3b3dc604f3c001a3fed69,Mistral-7B-Instruct-v0.1,squad2,False,2,,,,,,,,,,True,squad2
5ad3b498604f3c001a3fed7f,Mistral-7B-Instruct-v0.1,squad2,False,1,,,,,,,,,,True,squad2
5ad3b567604f3c001a3fedb3,Mistral-7B-Instruct-v0.1,squad2,False,1,,,,,,,,,,True,squad2
5733fe73d058e614000b6740,Mistral-7B-Instruct-v0.1,squad2,False,1,,,,,,,,,,False,squad2
5ad3b781604f3c001a3fee26,Mistral-7B-Instruct-v0.1,squad2,False,2,,,,,,,,,,True,squad2
5ad3b826604f3c001a3fee4b,Mistral-7B-Instruct-v0.1,squad2,False,1,,,,,,,,,,True,squad2
57340111d058e614000b677f,Mistral-7B-Instruct-v0.1,squad2,True,3,3.0,1.4999999999999956,0.7499999999999978,False,"Montcalm was focusing the defense of New France at Carillon, Quebec, and Louisbourg.",False,0.0,0.45454545454545453,-0.04996739329631271,False,squad2
573403394776f419006616de,Mistral-7B-Instruct-v0.1,squad2,True,3,3.0,1.4999999999999956,0.7499999999999978,False,"18,000.",True,1.0,1.0,-0.18757290330818754,False,squad2
573403394776f419006616e0,Mistral-7B-Instruct-v0.1,squad2,False,0,,,,,,,,,,False,squad2
5ad3bb12604f3c001a3feeba,Mistral-7B-Instruct-v0.1,squad2,False,2,,,,,,,,,,True,squad2
5ad3bb12604f3c001a3feebc,Mistral-7B-Instruct-v0.1,squad2,False,1,,,,,,,,,,True,squad2
573407d7d058e614000b6813,Mistral-7B-Instruct-v0.1,squad2,False,0,,,,,,,,,,False,squad2
5ad3bbcc604f3c001a3feed1,Mistral-7B-Instruct-v0.1,squad2,False,2,,,,,,,,,,True,squad2
5ad3bce5604f3c001a3feefd,Mistral-7B-Instruct-v0.1,squad2,False,0,,,,,,,,,,True,squad2
57340b1bd058e614000b686b,Mistral-7B-Instruct-v0.1,squad2,False,2,,,,,,,,,,False,squad2
57373a9fc3c5551400e51e7d,Mistral-7B-Instruct-v0.1,squad2,False,0,,,,,,,,,,False,squad2
57373a9fc3c5551400e51e7e,Mistral-7B-Instruct-v0.1,squad2,False,0,,,,,,,,,,False,squad2
5ad26382d7d075001a42911a,Mistral-7B-Instruct-v0.1,squad2,True,3,3.0,1.4999999999999956,0.7499999999999978,False,Newton's Third Law asserts the direct proportionality of acceleration to force.,False,0.0,0.0,-0.054958860800777574,True,squad2
5ad266f6d7d075001a429200,Mistral-7B-Instruct-v0.1,squad2,False,1,,,,,,,,,,True,squad2
573766251c45671900574471,Mistral-7B-Instruct-v0.1,squad2,False,2,,,,,,,,,,False,squad2
5ad26925d7d075001a4292c7,Mistral-7B-Instruct-v0.1,squad2,False,2,,,,,,,,,,True,squad2
5ad26c15d7d075001a42937e,Mistral-7B-Instruct-v0.1,squad2,False,1,,,,,,,,,,True,squad2
57377c98c3c5551400e51efb,Mistral-7B-Instruct-v0.1,squad2,False,0,,,,,,,,,,False,squad2
57377ec7c3c5551400e51f09,Mistral-7B-Instruct-v0.1,squad2,False,1,,,,,,,,,,False,squad2
5ad27941d7d075001a4295a9,Mistral-7B-Instruct-v0.1,squad2,False,2,,,,,,,,,,True,squad2
5ad27e30d7d075001a429703,Mistral-7B-Instruct-v0.1,squad2,False,2,,,,,,,,,,True,squad2
5ad27fb9d7d075001a429783,Mistral-7B-Instruct-v0.1,squad2,False,2,,,,,,,,,,True,squad2
5ad28035d7d075001a4297a9,Mistral-7B-Instruct-v0.1,squad2,False,1,,,,,,,,,,True,squad2
57378e311c456719005744b0,Mistral-7B-Instruct-v0.1,squad2,False,2,,,,,,,,,,False,squad2
573796edc3c5551400e51f34,Mistral-7B-Instruct-v0.1,squad2,False,1,,,,,,,,,,False,squad2
5ad28614d7d075001a4298c2,Mistral-7B-Instruct-v0.1,squad2,False,0,,,,,,,,,,True,squad2
5ad286fdd7d075001a429903,Mistral-7B-Instruct-v0.1,squad2,False,2,,,,,,,,,,True,squad2
5ad2877cd7d075001a429912,Mistral-7B-Instruct-v0.1,squad2,False,0,,,,,,,,,,True,squad2
5737a5931c456719005744e7,Mistral-7B-Instruct-v0.1,squad2,False,1,,,,,,,,,,False,squad2
5737a5931c456719005744e9,Mistral-7B-Instruct-v0.1,squad2,False,2,,,,,,,,,,False,squad2
5ad28a57d7d075001a4299b0,Mistral-7B-Instruct-v0.1,squad2,False,0,,,,,,,,,,True,squad2
