id,model,dataset,included,m,n_clusters,entropy,norm_entropy,is_zero,correct,em,f1,confidence,is_unanswerable,qtype
56bc751eac7ad10019000013,FLAN-T5-base,bioasq,False,2,,,,,,,,,False,factoid
56c1f01def6e394741000045,FLAN-T5-base,bioasq,False,1,,,,,,,,,False,factoid
56af9f130a360a5e45000015,FLAN-T5-base,bioasq,False,2,,,,,,,,,False,factoid
52bf1b0a03868f1b06000009,FLAN-T5-base,bioasq,False,2,,,,,,,,,False,factoid
52bf19c503868f1b06000001,FLAN-T5-base,bioasq,True,3,2.0,0.9999999999999971,0.49999999999999856,False,False,0.0,0.0,-1.412755310535431,False,factoid
5505edac8e1671127b000005,FLAN-T5-base,bioasq,False,2,,,,,,,,,False,factoid
56e2cec751531f7e33000015,FLAN-T5-base,bioasq,False,2,,,,,,,,,False,factoid
5518e7da622b194345000004,FLAN-T5-base,bioasq,False,2,,,,,,,,,False,factoid
530a5117970c65fa6b000007,FLAN-T5-base,bioasq,True,3,4.0,1.9999999999999942,0.9999999999999971,False,False,0.0,0.0,-1.7696689168612163,False,factoid
552fac4fbc4f83e828000006,FLAN-T5-base,bioasq,False,2,,,,,,,,,False,factoid
54cf7051f693c3b16b000013,FLAN-T5-base,bioasq,False,2,,,,,,,,,False,factoid
54e0d1491388e8454a000014,FLAN-T5-base,bioasq,True,3,1.0,-1.6017132519074577e-15,-8.008566259537289e-16,True,False,0.0,0.0,-0.7093343025073409,False,factoid
51404dd723fec90375000002,FLAN-T5-base,bioasq,False,2,,,,,,,,,False,factoid
56d0451c3975bb303a00000e,FLAN-T5-base,bioasq,False,1,,,,,,,,,False,factoid
54ede8c594afd61504000009,FLAN-T5-base,bioasq,True,3,3.0,1.4999999999999956,0.7499999999999978,False,False,0.0,0.0,-0.7774757493919294,False,factoid
551c23bc6b348bb82c00000b,FLAN-T5-base,bioasq,False,2,,,,,,,,,False,factoid
56c1f02cef6e39474100004c,FLAN-T5-base,bioasq,False,1,,,,,,,,,False,factoid
550af222c2af5d5b7000000b,FLAN-T5-base,bioasq,True,3,3.0,1.4999999999999956,0.7499999999999978,False,False,0.0,0.0,-0.7636541482061148,False,factoid
56c1f03bef6e394741000053,FLAN-T5-base,bioasq,False,2,,,,,,,,,False,factoid
532498959b2d7acc7e000017,FLAN-T5-base,bioasq,False,2,,,,,,,,,False,factoid
56d06e043975bb303a000011,FLAN-T5-base,bioasq,False,1,,,,,,,,,False,factoid
5509f433c2af5d5b70000008,FLAN-T5-base,bioasq,False,2,,,,,,,,,False,factoid
531a34d5b166e2b806000036,FLAN-T5-base,bioasq,False,2,,,,,,,,,False,factoid
56cdf40d5795f9a73e00003d,FLAN-T5-base,bioasq,False,1,,,,,,,,,False,factoid
553653a5bc4f83e828000007,FLAN-T5-base,bioasq,True,3,4.0,1.9999999999999942,0.9999999999999971,False,False,0.0,0.0,-1.3408182632178067,False,factoid
56c868a95795f9a73e000017,FLAN-T5-base,bioasq,True,3,3.0,1.4999999999999956,0.7499999999999978,False,False,0.0,0.0,-1.764156570037206,False,factoid
516e5f41298dcd4e5100007f,FLAN-T5-base,bioasq,False,1,,,,,,,,,False,factoid
56ed27012ac5ed145900000b,FLAN-T5-base,bioasq,False,1,,,,,,,,,False,factoid
52f223e02059c6d71c00000e,FLAN-T5-base,bioasq,False,2,,,,,,,,,False,factoid
5343caffaeec6fbd07000002,FLAN-T5-base,bioasq,True,3,2.0,0.9999999999999971,0.49999999999999856,False,False,0.0,0.0,-1.3956410222583346,False,factoid
56a39d60496b62f23f000006,FLAN-T5-base,bioasq,True,3,3.0,1.4999999999999956,0.7499999999999978,False,False,0.0,0.0,-1.7063581943511963,False,factoid
5150b807d24251bc05000072,FLAN-T5-base,bioasq,False,1,,,,,,,,,False,factoid
56c1d857ef6e394741000033,FLAN-T5-base,bioasq,True,3,3.0,1.4999999999999956,0.7499999999999978,False,False,0.0,0.0,-1.1325891315937042,False,factoid
52fe58f82059c6d71c00007a,FLAN-T5-base,bioasq,False,2,,,,,,,,,False,factoid
56c5fd325795f9a73e000005,FLAN-T5-base,bioasq,False,2,,,,,,,,,False,factoid
5319ac99b166e2b806000034,FLAN-T5-base,bioasq,False,1,,,,,,,,,False,factoid
54f89e1a06d9727f76000001,FLAN-T5-base,bioasq,False,2,,,,,,,,,False,factoid
571e275dbb137a4b0c000005,FLAN-T5-base,bioasq,False,2,,,,,,,,,False,factoid
51739df58ed59a060a00001c,FLAN-T5-base,bioasq,False,2,,,,,,,,,False,factoid
56e857ae42442bac75000004,FLAN-T5-base,bioasq,True,3,2.0,0.8112781244591301,0.40563906222956503,False,False,0.0,0.0,-1.2562254657968879,False,factoid
5509c52f1180f13250000004,FLAN-T5-base,bioasq,True,3,2.0,0.8112781244591301,0.40563906222956503,False,False,0.0,0.0,-1.389706896411048,False,factoid
535d2cf09a4572de6f000004,FLAN-T5-base,bioasq,False,1,,,,,,,,,False,factoid
55475dc2f35db75526000001,FLAN-T5-base,bioasq,False,2,,,,,,,,,False,factoid
56c073fcef6e394741000020,FLAN-T5-base,bioasq,False,0,,,,,,,,,False,factoid
52fe52702059c6d71c000078,FLAN-T5-base,bioasq,True,3,1.0,-1.6017132519074577e-15,-8.008566259537289e-16,True,False,0.0,0.0,-1.3054785983016093,False,factoid
5339ecf4d6d3ac6a3400005f,FLAN-T5-base,bioasq,False,2,,,,,,,,,False,factoid
5717d64f29809bbe7a000001,FLAN-T5-base,bioasq,True,3,1.0,-1.6017132519074577e-15,-8.008566259537289e-16,True,False,0.0,0.0,-1.3334221662953496,False,factoid
56c8f4615795f9a73e00001a,FLAN-T5-base,bioasq,False,1,,,,,,,,,False,factoid
552421082c8b63434a000005,FLAN-T5-base,bioasq,False,1,,,,,,,,,False,factoid
5719f5b27de986d80d00000c,FLAN-T5-base,bioasq,True,3,4.0,1.9999999999999942,0.9999999999999971,False,False,0.0,0.0,-0.6137430676681106,False,factoid
5710a592cf1c32585100002a,FLAN-T5-base,bioasq,False,0,,,,,,,,,False,factoid
532366f09b2d7acc7e000015,FLAN-T5-base,bioasq,True,3,3.0,1.4999999999999956,0.7499999999999978,False,False,0.0,0.0,-1.0487236678600311,False,factoid
55000cc4e9bde69634000004,FLAN-T5-base,bioasq,True,3,4.0,1.9999999999999942,0.9999999999999971,False,False,0.0,0.0,-0.6902886720167266,False,factoid
54ede28094afd61504000003,FLAN-T5-base,bioasq,False,2,,,,,,,,,False,factoid
56ecfd572ac5ed1459000002,FLAN-T5-base,bioasq,False,2,,,,,,,,,False,factoid
5709ee36cf1c32585100001e,FLAN-T5-base,bioasq,False,2,,,,,,,,,False,factoid
54d649843706e89528000009,FLAN-T5-base,bioasq,False,2,,,,,,,,,False,factoid
5335c7f2d6d3ac6a34000051,FLAN-T5-base,bioasq,False,2,,,,,,,,,False,factoid
5545186cbf90a13052000002,FLAN-T5-base,bioasq,False,0,,,,,,,,,False,factoid
5357a6d0f1005d6b58000004,FLAN-T5-base,bioasq,False,2,,,,,,,,,False,factoid
56ed14d92ac5ed145900000a,FLAN-T5-base,bioasq,False,1,,,,,,,,,False,factoid
57092332cf1c325851000018,FLAN-T5-base,bioasq,False,2,,,,,,,,,False,factoid
56ed03862ac5ed1459000004,FLAN-T5-base,bioasq,False,2,,,,,,,,,False,factoid
54f9cb34dd3fc62544000002,FLAN-T5-base,bioasq,True,3,2.0,0.8112781244591301,0.40563906222956503,False,False,0.0,0.0,-0.8044176869249592,False,factoid
535d3c069a4572de6f000006,FLAN-T5-base,bioasq,False,1,,,,,,,,,False,factoid
515df063298dcd4e51000029,FLAN-T5-base,bioasq,True,3,2.0,0.8112781244591301,0.40563906222956503,False,False,0.0,0.0,-1.7726697474718094,False,factoid
54d73e223706e89528000010,FLAN-T5-base,bioasq,False,1,,,,,,,,,False,factoid
515db083298dcd4e51000012,FLAN-T5-base,bioasq,False,1,,,,,,,,,False,factoid
55058af6f73303d458000004,FLAN-T5-base,bioasq,False,2,,,,,,,,,False,factoid
535d35779a4572de6f000005,FLAN-T5-base,bioasq,False,2,,,,,,,,,False,factoid
56b7083376d8bf8d13000001,FLAN-T5-base,bioasq,True,3,2.0,0.8112781244591301,0.40563906222956503,False,False,0.0,0.0,-1.095740631222725,False,factoid
55376663bc4f83e82800000a,FLAN-T5-base,bioasq,False,2,,,,,,,,,False,factoid
52f11b922059c6d71c000004,FLAN-T5-base,bioasq,True,3,3.0,1.4999999999999956,0.7499999999999978,False,False,0.0,0.0,-1.3055319590494037,False,factoid
536787467d100faa09000010,FLAN-T5-base,bioasq,False,2,,,,,,,,,False,factoid
56c077e9ef6e394741000021,FLAN-T5-base,bioasq,True,3,2.0,0.9999999999999971,0.49999999999999856,False,False,0.0,0.0,-0.8752758637748973,False,factoid
571f609c0fd6f91b6800000c,FLAN-T5-base,bioasq,True,3,3.0,1.4999999999999956,0.7499999999999978,False,False,0.0,0.0,-0.7497437396086752,False,factoid
55032e65e9bde69634000034,FLAN-T5-base,bioasq,True,3,1.0,-1.6017132519074577e-15,-8.008566259537289e-16,True,False,0.0,0.0,-1.4417295124795702,False,factoid
5717d86029809bbe7a000003,FLAN-T5-base,bioasq,False,1,,,,,,,,,False,factoid
514a0f4ad24251bc05000053,FLAN-T5-base,bioasq,False,2,,,,,,,,,False,factoid
51651e24298dcd4e51000054,FLAN-T5-base,bioasq,True,3,2.0,0.8112781244591301,0.40563906222956503,False,False,0.0,0.0,-1.2145549356937408,False,factoid
52b2e498f828ad283c000010,FLAN-T5-base,bioasq,False,0,,,,,,,,,False,factoid
5147c088d24251bc05000026,FLAN-T5-base,bioasq,True,3,1.0,-1.6017132519074577e-15,-8.008566259537289e-16,True,False,0.0,0.0,-0.8773314394056797,False,factoid
5719f5c67de986d80d00000d,FLAN-T5-base,bioasq,False,1,,,,,,,,,False,factoid
517901bc8ed59a060a00003b,FLAN-T5-base,bioasq,True,4,3.0,1.3709505944546645,0.590436283308407,False,False,0.0,0.0,-0.7372207766398787,False,factoid
54e0e902ae9738404b000001,FLAN-T5-base,bioasq,False,2,,,,,,,,,False,factoid
554356d0ed966d112c000005,FLAN-T5-base,bioasq,False,2,,,,,,,,,False,factoid
532206819b2d7acc7e00000f,FLAN-T5-base,bioasq,True,3,2.0,0.9999999999999971,0.49999999999999856,False,False,0.0,0.0,-1.0425400707426888,False,factoid
54d8fd334b1fd0d33c000005,FLAN-T5-base,bioasq,False,1,,,,,,,,,False,factoid
52f89fc62059c6d71c000050,FLAN-T5-base,bioasq,False,2,,,,,,,,,False,factoid
52f350042059c6d71c000010,FLAN-T5-base,bioasq,False,2,,,,,,,,,False,factoid
54f60ae05f206a0c06000008,FLAN-T5-base,bioasq,False,1,,,,,,,,,False,factoid
5324a8ac9b2d7acc7e000018,FLAN-T5-base,bioasq,True,3,1.0,-1.6017132519074577e-15,-8.008566259537289e-16,True,False,0.0,0.0,-0.3819258244455506,False,factoid
571e172bbb137a4b0c000002,FLAN-T5-base,bioasq,False,1,,,,,,,,,False,factoid
56b330bb39c782df06000001,FLAN-T5-base,bioasq,False,2,,,,,,,,,False,factoid
57090c33cf1c325851000013,FLAN-T5-base,bioasq,False,1,,,,,,,,,False,factoid
56ed27202ac5ed145900000c,FLAN-T5-base,bioasq,False,0,,,,,,,,,False,factoid
5157539ed24251bc0500008a,FLAN-T5-base,bioasq,False,1,,,,,,,,,False,factoid
530cf4e0c8a0b4a00c000002,FLAN-T5-base,bioasq,True,3,3.0,1.4999999999999956,0.7499999999999978,False,False,0.0,0.0,-0.6658543277881108,False,factoid
530cf4e0c8a0b4a00c000006,FLAN-T5-base,bioasq,False,2,,,,,,,,,False,factoid
530cf4e0c8a0b4a00c000007,FLAN-T5-base,bioasq,False,2,,,,,,,,,False,factoid
572096c90fd6f91b6800000e,FLAN-T5-base,bioasq,False,2,,,,,,,,,False,factoid
5173bdb38ed59a060a000020,FLAN-T5-base,bioasq,False,0,,,,,,,,,False,factoid
53442ca9aeec6fbd0700000b,FLAN-T5-base,bioasq,True,4,2.0,0.7219280948873594,0.3109175070825699,False,False,0.0,0.0,-1.3336869683116674,False,factoid
52efbfccc8da898910000018,FLAN-T5-base,bioasq,True,3,2.0,0.9999999999999971,0.49999999999999856,False,False,0.0,0.0,-0.8295610933148835,False,factoid
530cefaaad0bf1360c000012,FLAN-T5-base,bioasq,False,2,,,,,,,,,False,factoid
53398855d6d3ac6a3400005b,FLAN-T5-base,bioasq,True,3,3.0,1.4999999999999956,0.7499999999999978,False,False,0.0,0.0,-1.54033812135458,False,factoid
56d1da3b67f0cb3d66000006,FLAN-T5-base,bioasq,False,2,,,,,,,,,False,factoid
530cefaaad0bf1360c00000d,FLAN-T5-base,bioasq,False,2,,,,,,,,,False,factoid
56f6d11c09dd18d46b00000f,FLAN-T5-base,bioasq,True,3,1.0,-1.6017132519074577e-15,-8.008566259537289e-16,True,False,0.0,0.0,-0.43991238476883154,False,factoid
550c4011a103b78016000009,FLAN-T5-base,bioasq,True,3,4.0,1.9999999999999942,0.9999999999999971,False,False,0.0,0.0,-0.5744295347431034,False,factoid
56bc9268ac7ad1001900001b,FLAN-T5-base,bioasq,False,2,,,,,,,,,False,factoid
54ff5197e9bde69634000001,FLAN-T5-base,bioasq,True,3,3.0,1.4999999999999956,0.7499999999999978,False,False,0.0,0.0,-2.319303274154663,False,factoid
5343fc1aaeec6fbd07000003,FLAN-T5-base,bioasq,False,2,,,,,,,,,False,factoid
516be1d6298dcd4e5100006a,FLAN-T5-base,bioasq,False,1,,,,,,,,,False,factoid
56d860ad51531f7e33000002,FLAN-T5-base,bioasq,False,2,,,,,,,,,False,factoid
52bf1cad03868f1b0600000a,FLAN-T5-base,bioasq,False,2,,,,,,,,,False,factoid
552faababc4f83e828000005,FLAN-T5-base,bioasq,False,2,,,,,,,,,False,factoid
55390901bc4f83e828000014,FLAN-T5-base,bioasq,True,3,4.0,1.9999999999999942,0.9999999999999971,False,False,0.0,0.0,-1.184422937787271,False,factoid
56c341acfedd0b786b000001,FLAN-T5-base,bioasq,True,3,2.0,0.8112781244591301,0.40563906222956503,False,False,0.0,0.0,-1.1581190444994718,False,factoid
53189656b166e2b80600001c,FLAN-T5-base,bioasq,False,2,,,,,,,,,False,factoid
54d6562c3706e8952800000b,FLAN-T5-base,bioasq,False,2,,,,,,,,,False,factoid
515ddda6298dcd4e5100001f,FLAN-T5-base,bioasq,False,2,,,,,,,,,False,factoid
56bc7d71ac7ad10019000018,FLAN-T5-base,bioasq,False,2,,,,,,,,,False,factoid
56d3346cf22319765a000008,FLAN-T5-base,bioasq,False,2,,,,,,,,,False,factoid
52b2e1d8f828ad283c00000c,FLAN-T5-base,bioasq,True,3,3.0,1.4999999999999956,0.7499999999999978,False,False,0.0,0.0,-1.538346835412085,False,factoid
55411d9f379ddf3f47000001,FLAN-T5-base,bioasq,True,3,1.0,-1.6017132519074577e-15,-8.008566259537289e-16,True,False,0.0,0.0,-1.5435011386871338,False,factoid
54d907c84b1fd0d33c000008,FLAN-T5-base,bioasq,True,3,3.0,1.4999999999999956,0.7499999999999978,False,False,0.0,0.0,-0.7350632155314087,False,factoid
550342a8f8aee20f27000002,FLAN-T5-base,bioasq,False,2,,,,,,,,,False,factoid
56bdc79bef6e394741000001,FLAN-T5-base,bioasq,False,2,,,,,,,,,False,factoid
5118dd1305c10fae75000001,FLAN-T5-base,bioasq,False,1,,,,,,,,,False,factoid
534ebb59288f4dae47000004,FLAN-T5-base,bioasq,False,2,,,,,,,,,False,factoid
54d7ae1fe19bba8909000001,FLAN-T5-base,bioasq,False,1,,,,,,,,,False,factoid
532f55fed6d3ac6a34000036,FLAN-T5-base,bioasq,False,2,,,,,,,,,False,factoid
5519110f622b19434500000c,FLAN-T5-base,bioasq,False,2,,,,,,,,,False,factoid
54ff45966ad7dcbc12000010,FLAN-T5-base,bioasq,True,3,2.0,0.8112781244591301,0.40563906222956503,False,False,0.0,0.0,-0.6958899601362646,False,factoid
550c3754a103b78016000007,FLAN-T5-base,bioasq,False,0,,,,,,,,,False,factoid
517a8b768ed59a060a00003f,FLAN-T5-base,bioasq,False,1,,,,,,,,,False,factoid
52fa6ac72059c6d71c000055,FLAN-T5-base,bioasq,False,1,,,,,,,,,False,factoid
56c1f003ef6e394741000039,FLAN-T5-base,bioasq,False,2,,,,,,,,,False,factoid
571e14fbbb137a4b0c000001,FLAN-T5-base,bioasq,False,2,,,,,,,,,False,factoid
57136a7e1174fb1755000006,FLAN-T5-base,bioasq,False,2,,,,,,,,,False,factoid
53357193d6d3ac6a34000047,FLAN-T5-base,bioasq,False,2,,,,,,,,,False,factoid
571e2beabb137a4b0c000006,FLAN-T5-base,bioasq,False,2,,,,,,,,,False,factoid
5708a845cf1c32585100000f,FLAN-T5-base,bioasq,False,2,,,,,,,,,False,factoid
51405cd123fec90375000005,FLAN-T5-base,bioasq,True,3,3.0,1.4999999999999956,0.7499999999999978,False,False,0.0,0.0,-0.6808954270556569,False,factoid
5503133ae9bde6963400001d,FLAN-T5-base,bioasq,False,1,,,,,,,,,False,factoid
569e731cca240fa209000003,FLAN-T5-base,bioasq,False,1,,,,,,,,,False,factoid
52b2e409f828ad283c00000e,FLAN-T5-base,bioasq,False,1,,,,,,,,,False,factoid
56c1f040ef6e394741000055,FLAN-T5-base,bioasq,True,3,2.0,0.9999999999999971,0.49999999999999856,False,False,0.0,0.0,-0.9263221576809884,False,factoid
54e1bdacae9738404b000009,FLAN-T5-base,bioasq,False,2,,,,,,,,,False,factoid
56f146db2ac5ed145900000f,FLAN-T5-base,bioasq,False,1,,,,,,,,,False,factoid
5321bc309b2d7acc7e00000d,FLAN-T5-base,bioasq,False,2,,,,,,,,,False,factoid
51588bb2d24251bc05000091,FLAN-T5-base,bioasq,True,3,2.0,0.9999999999999971,0.49999999999999856,False,False,0.0,0.0,-0.5697546847150079,False,factoid
571cdd227de986d80d00000f,FLAN-T5-base,bioasq,False,2,,,,,,,,,False,factoid
54f9b74306d9727f76000004,FLAN-T5-base,bioasq,False,1,,,,,,,,,False,factoid
53440d2caeec6fbd07000004,FLAN-T5-base,bioasq,False,2,,,,,,,,,False,factoid
530c7f52970c65fa6b000010,FLAN-T5-base,bioasq,False,2,,,,,,,,,False,factoid
56e6dfc2edfc094c1f000003,FLAN-T5-base,bioasq,False,2,,,,,,,,,False,factoid
531d744c267d7dd053000009,FLAN-T5-base,bioasq,True,3,4.0,1.9999999999999942,0.9999999999999971,False,False,0.0,0.0,-1.9815036598592997,False,factoid
55241f9e2c8b63434a000004,FLAN-T5-base,bioasq,True,3,2.0,0.8112781244591301,0.40563906222956503,False,False,0.0,0.0,-1.1503149622253008,False,factoid
52ee9f55c8da898910000009,FLAN-T5-base,bioasq,True,3,3.0,1.4999999999999956,0.7499999999999978,False,False,0.0,0.0,-1.3439204096794128,False,factoid
52e92c6e98d0239505000024,FLAN-T5-base,bioasq,False,2,,,,,,,,,False,factoid
550c3d45a103b78016000008,FLAN-T5-base,bioasq,False,1,,,,,,,,,False,factoid
56ae2fab0a360a5e45000006,FLAN-T5-base,bioasq,False,2,,,,,,,,,False,factoid
56cdf5315795f9a73e000046,FLAN-T5-base,bioasq,True,3,1.0,-1.6017132519074577e-15,-8.008566259537289e-16,True,False,0.0,0.0,-1.104716356098652,False,factoid
56f780cb09dd18d46b000011,FLAN-T5-base,bioasq,True,3,3.0,1.4999999999999956,0.7499999999999978,False,False,0.0,0.0,-0.5354584150663868,False,factoid
5717dbfe7de986d80d000001,FLAN-T5-base,bioasq,False,1,,,,,,,,,False,factoid
56cf20eb3975bb303a000001,FLAN-T5-base,bioasq,False,2,,,,,,,,,False,factoid
56ed0ffe2ac5ed1459000008,FLAN-T5-base,bioasq,True,3,3.0,1.4999999999999956,0.7499999999999978,False,False,0.0,0.0,-0.7979459993856092,False,factoid
56b76d916e3f8eaf4c000001,FLAN-T5-base,bioasq,False,1,,,,,,,,,False,factoid
5177def18ed59a060a000034,FLAN-T5-base,bioasq,True,3,1.0,-1.6017132519074577e-15,-8.008566259537289e-16,True,False,0.0,0.0,-0.7657263771397993,False,factoid
56f4011709dd18d46b000003,FLAN-T5-base,bioasq,False,2,,,,,,,,,False,factoid
51635202298dcd4e5100004f,FLAN-T5-base,bioasq,False,2,,,,,,,,,False,factoid
553f72edab98a37113000007,FLAN-T5-base,bioasq,False,2,,,,,,,,,False,factoid
5506ce078e1671127b00000b,FLAN-T5-base,bioasq,True,3,2.0,0.8112781244591301,0.40563906222956503,False,False,0.0,0.0,-0.5435822664888595,False,factoid
54fc99f36ad7dcbc12000004,FLAN-T5-base,bioasq,False,1,,,,,,,,,False,factoid
532f0bd6d6d3ac6a3400002d,FLAN-T5-base,bioasq,True,3,3.0,1.4999999999999956,0.7499999999999978,False,False,0.0,0.0,-1.309108595053355,False,factoid
571e4293bb137a4b0c00000b,FLAN-T5-base,bioasq,False,1,,,,,,,,,False,factoid
530cf22aa177c6630c000004,FLAN-T5-base,bioasq,True,3,4.0,1.9999999999999942,0.9999999999999971,False,False,0.0,0.0,-1.2042692564427853,False,factoid
53130a77e3eabad02100000f,FLAN-T5-base,bioasq,True,3,3.0,1.4999999999999956,0.7499999999999978,False,False,0.0,0.0,-0.6203735793886673,False,factoid
56c5feb75795f9a73e000006,FLAN-T5-base,bioasq,False,2,,,,,,,,,False,factoid
54d669003706e8952800000e,FLAN-T5-base,bioasq,False,2,,,,,,,,,False,factoid
56c1f010ef6e394741000041,FLAN-T5-base,bioasq,False,2,,,,,,,,,False,factoid
51596a8ad24251bc0500009e,FLAN-T5-base,bioasq,False,1,,,,,,,,,False,factoid
56c1f00def6e39474100003f,FLAN-T5-base,bioasq,False,1,,,,,,,,,False,factoid
571e12097de986d80d000017,FLAN-T5-base,bioasq,False,2,,,,,,,,,False,factoid
533ba218fd9a95ea0d000007,FLAN-T5-base,bioasq,False,2,,,,,,,,,False,factoid
5540fbce234c5a7c75000001,FLAN-T5-base,bioasq,False,2,,,,,,,,,False,factoid
5343bdd6aeec6fbd07000001,FLAN-T5-base,bioasq,True,3,2.0,0.9999999999999971,0.49999999999999856,False,False,0.0,0.0,-1.5167002454400063,False,factoid
5311bcc2e3eabad021000005,FLAN-T5-base,bioasq,False,2,,,,,,,,,False,factoid
56ae57350a360a5e4500000a,FLAN-T5-base,bioasq,True,3,2.0,0.8112781244591301,0.40563906222956503,False,False,0.0,0.0,-1.175677896477282,False,factoid
56e6ec49edfc094c1f000005,FLAN-T5-base,bioasq,False,2,,,,,,,,,False,factoid
53357ca0d6d3ac6a3400004b,FLAN-T5-base,bioasq,True,3,2.0,0.8112781244591301,0.40563906222956503,False,False,0.0,0.0,-1.1323964089155196,False,factoid
51542dabd24251bc0500007d,FLAN-T5-base,bioasq,False,2,,,,,,,,,False,factoid
571ce13f7de986d80d000011,FLAN-T5-base,bioasq,False,0,,,,,,,,,False,factoid
550718e9fd1abe1741000001,FLAN-T5-base,bioasq,False,1,,,,,,,,,False,factoid
56c1f039ef6e394741000052,FLAN-T5-base,bioasq,True,3,2.0,0.9999999999999971,0.49999999999999856,False,False,0.0,0.0,-0.7851608084514737,False,factoid
55203ae78e534a4535000001,FLAN-T5-base,bioasq,False,1,,,,,,,,,False,factoid
532670e7d6d3ac6a34000008,FLAN-T5-base,bioasq,True,3,3.0,1.4999999999999956,0.7499999999999978,False,False,0.0,0.0,-1.1297502968460322,False,factoid
56b76f496e3f8eaf4c000002,FLAN-T5-base,bioasq,False,1,,,,,,,,,False,factoid
56cae60f5795f9a73e00002b,FLAN-T5-base,bioasq,True,3,3.0,1.4999999999999956,0.7499999999999978,False,False,0.0,0.0,-0.946196939739261,False,factoid
56e0447a51531f7e3300000b,FLAN-T5-base,bioasq,False,2,,,,,,,,,False,factoid
56bb621fac7ad10019000009,FLAN-T5-base,bioasq,False,1,,,,,,,,,False,factoid
554140ad182542114d000003,FLAN-T5-base,bioasq,False,2,,,,,,,,,False,factoid
554148c23f2354b713000001,FLAN-T5-base,bioasq,False,2,,,,,,,,,False,factoid
56cb9b065795f9a73e000032,FLAN-T5-base,bioasq,False,2,,,,,,,,,False,factoid
53188480b166e2b806000018,FLAN-T5-base,bioasq,False,2,,,,,,,,,False,factoid
54ede76294afd61504000008,FLAN-T5-base,bioasq,False,2,,,,,,,,,False,factoid
52c7311903868f1b0600001d,FLAN-T5-base,bioasq,False,2,,,,,,,,,False,factoid
571366ba1174fb1755000005,FLAN-T5-base,bioasq,False,1,,,,,,,,,False,factoid
54f1e031c409818c32000001,FLAN-T5-base,bioasq,False,1,,,,,,,,,False,factoid
56c4d14ab04e159d0e000003,FLAN-T5-base,bioasq,False,2,,,,,,,,,False,factoid
513ce494bee46bd34c000009,FLAN-T5-base,bioasq,True,3,1.0,-1.6017132519074577e-15,-8.008566259537289e-16,True,False,0.0,0.0,-1.45076272636652,False,factoid
56c86aa95795f9a73e000018,FLAN-T5-base,bioasq,False,1,,,,,,,,,False,factoid
571f5e740fd6f91b6800000b,FLAN-T5-base,bioasq,False,2,,,,,,,,,False,factoid
55376f19bc4f83e82800000c,FLAN-T5-base,bioasq,True,3,2.0,0.8112781244591301,0.40563906222956503,False,False,0.0,0.0,-0.6057628554942008,False,factoid
5319a7d2b166e2b806000029,FLAN-T5-base,bioasq,False,1,,,,,,,,,False,factoid
5547a01cf35db75526000005,FLAN-T5-base,bioasq,False,1,,,,,,,,,False,factoid
56b710f276d8bf8d13000003,FLAN-T5-base,bioasq,False,1,,,,,,,,,False,factoid
5319a6e9b166e2b806000023,FLAN-T5-base,bioasq,False,2,,,,,,,,,False,factoid
52bf208003868f1b06000019,FLAN-T5-base,bioasq,False,1,,,,,,,,,False,factoid
514a51c2d24251bc0500005c,FLAN-T5-base,bioasq,True,3,2.0,0.8112781244591301,0.40563906222956503,False,False,0.0,0.0,-0.7656187057495117,False,factoid
56b397a98525abca1e000003,FLAN-T5-base,bioasq,True,3,3.0,1.4999999999999956,0.7499999999999978,False,False,0.0,0.0,-1.5086386501789093,False,factoid
56c58ceeb04e159d0e000004,FLAN-T5-base,bioasq,False,2,,,,,,,,,False,factoid
54edf72c94afd61504000013,FLAN-T5-base,bioasq,False,2,,,,,,,,,False,factoid
56d138fe3975bb303a000015,FLAN-T5-base,bioasq,True,3,1.0,-1.6017132519074577e-15,-8.008566259537289e-16,True,False,0.0,0.0,-0.6570757088717073,False,factoid
512d2fff5274a5fb07000006,FLAN-T5-base,bioasq,True,3,2.0,0.8112781244591301,0.40563906222956503,False,True,1.0,1.0,-0.19072189666330813,False,factoid
5326a85ad6d3ac6a3400000b,FLAN-T5-base,bioasq,True,3,4.0,1.9999999999999942,0.9999999999999971,False,False,0.0,0.0,-0.6784666481544264,False,factoid
515db3d8298dcd4e51000015,FLAN-T5-base,bioasq,False,1,,,,,,,,,False,factoid
51680a6d298dcd4e51000063,FLAN-T5-base,bioasq,False,2,,,,,,,,,False,factoid
5540ca8a0083d1bf0e000003,FLAN-T5-base,bioasq,False,1,,,,,,,,,False,factoid
51585b28d24251bc0500008d,FLAN-T5-base,bioasq,True,3,2.0,0.8112781244591301,0.40563906222956503,False,False,0.0,0.0,-0.9576066061854362,False,factoid
515dd3d5298dcd4e5100001c,FLAN-T5-base,bioasq,False,1,,,,,,,,,False,factoid
54e262daae9738404b000018,FLAN-T5-base,bioasq,False,2,,,,,,,,,False,factoid
56d1f790f22319765a000001,FLAN-T5-base,bioasq,False,2,,,,,,,,,False,factoid
57138eb21174fb175500000a,FLAN-T5-base,bioasq,True,3,1.0,-1.6017132519074577e-15,-8.008566259537289e-16,True,False,0.0,0.0,-0.7299216796644032,False,factoid
513ce5f2bee46bd34c00000a,FLAN-T5-base,bioasq,False,2,,,,,,,,,False,factoid
5505a587f73303d458000005,FLAN-T5-base,bioasq,False,0,,,,,,,,,False,factoid
56cf236f3975bb303a000002,FLAN-T5-base,bioasq,False,2,,,,,,,,,False,factoid
55201a316b348bb82c000019,FLAN-T5-base,bioasq,False,2,,,,,,,,,False,factoid
55032efde9bde69634000035,FLAN-T5-base,bioasq,False,2,,,,,,,,,False,factoid
553656c4bc4f83e828000009,FLAN-T5-base,bioasq,True,3,2.0,0.8112781244591301,0.40563906222956503,False,False,0.0,0.0,-1.25174730271101,False,factoid
56bdcc4cef6e394741000002,FLAN-T5-base,bioasq,True,3,4.0,1.9999999999999942,0.9999999999999971,False,False,0.0,0.0,-1.5531327247619628,False,factoid
56c1d856ef6e394741000032,FLAN-T5-base,bioasq,False,1,,,,,,,,,False,factoid
56c1f01aef6e394741000043,FLAN-T5-base,bioasq,True,3,4.0,1.9999999999999942,0.9999999999999971,False,False,0.0,0.0,-1.4440382681787014,False,factoid
52e8e93498d023950500001e,FLAN-T5-base,bioasq,True,3,2.0,0.9999999999999971,0.49999999999999856,False,False,0.0,0.0,-1.412755310535431,False,factoid
53035d7c2059c6d71c000085,FLAN-T5-base,bioasq,False,2,,,,,,,,,False,factoid
56bb68f9ac7ad1001900000b,FLAN-T5-base,bioasq,False,1,,,,,,,,,False,factoid
54f9ae2506d9727f76000002,FLAN-T5-base,bioasq,False,2,,,,,,,,,False,factoid
56c1f020ef6e394741000047,FLAN-T5-base,bioasq,False,0,,,,,,,,,False,factoid
5713c8d71174fb1755000015,FLAN-T5-base,bioasq,False,2,,,,,,,,,False,factoid
51bdd9c2047fa84d1d000002,FLAN-T5-base,bioasq,True,3,2.0,0.8112781244591301,0.40563906222956503,False,False,0.0,0.0,-0.679949039965868,False,factoid
52f509512059c6d71c000020,FLAN-T5-base,bioasq,True,3,2.0,0.9999999999999971,0.49999999999999856,False,False,0.0,0.0,-1.4739363590876262,False,factoid
569e79ecceceede94d000002,FLAN-T5-base,bioasq,False,0,,,,,,,,,False,factoid
57279ef20fd6f91b68000018,FLAN-T5-base,bioasq,False,2,,,,,,,,,False,factoid
56a8d660a17756b72f000006,FLAN-T5-base,bioasq,False,2,,,,,,,,,False,factoid
5353aedb288f4dae47000006,FLAN-T5-base,bioasq,False,2,,,,,,,,,False,factoid
56c83f365795f9a73e000011,FLAN-T5-base,bioasq,True,3,2.0,0.8112781244591301,0.40563906222956503,False,False,0.0,0.0,-1.4132543525525503,False,factoid
52bf1f1303868f1b06000014,FLAN-T5-base,bioasq,False,2,,,,,,,,,False,factoid
550f0e4c6a8cde6b72000003,FLAN-T5-base,bioasq,True,3,1.0,-1.6017132519074577e-15,-8.008566259537289e-16,True,False,0.0,0.0,-0.7185097130916094,False,factoid
5319ac36b166e2b806000031,FLAN-T5-base,bioasq,True,3,4.0,1.9999999999999942,0.9999999999999971,False,False,0.0,0.0,-1.4503589630126954,False,factoid
530cf54dab4de4de0c00000c,FLAN-T5-base,bioasq,False,2,,,,,,,,,False,factoid
52bf217003868f1b0600001b,FLAN-T5-base,bioasq,False,1,,,,,,,,,False,factoid
54f2228e64850a5854000002,FLAN-T5-base,bioasq,False,2,,,,,,,,,False,factoid
5323640b9b2d7acc7e000014,FLAN-T5-base,bioasq,False,1,,,,,,,,,False,factoid
5505db6a8e1671127b000003,FLAN-T5-base,bioasq,False,2,,,,,,,,,False,factoid
531d1998267d7dd053000001,FLAN-T5-base,bioasq,True,3,3.0,1.4999999999999956,0.7499999999999978,False,False,0.0,0.0,-1.070160448551178,False,factoid
52bf1d2e03868f1b0600000c,FLAN-T5-base,bioasq,False,1,,,,,,,,,False,factoid
56bc77a3ac7ad10019000015,FLAN-T5-base,bioasq,False,1,,,,,,,,,False,factoid
54cb9c94f693c3b16b000005,FLAN-T5-base,bioasq,True,3,4.0,1.9999999999999942,0.9999999999999971,False,False,0.0,0.0,-0.6959974389523268,False,factoid
5519113b622b19434500000f,FLAN-T5-base,bioasq,False,2,,,,,,,,,False,factoid
56d19a363975bb303a000017,FLAN-T5-base,bioasq,False,2,,,,,,,,,False,factoid
5149f494d24251bc0500004c,FLAN-T5-base,bioasq,False,1,,,,,,,,,False,factoid
56cdf3e55795f9a73e00003c,FLAN-T5-base,bioasq,True,3,1.0,-1.6017132519074577e-15,-8.008566259537289e-16,True,False,0.0,0.0,-0.7517803311347961,False,factoid
54df695b1388e8454a000004,FLAN-T5-base,bioasq,False,2,,,,,,,,,False,factoid
51724fca8ed59a060a000013,FLAN-T5-base,bioasq,False,2,,,,,,,,,False,factoid
5506c3e38e1671127b00000a,FLAN-T5-base,bioasq,False,1,,,,,,,,,False,factoid
56d85e7751531f7e33000001,FLAN-T5-base,bioasq,False,2,,,,,,,,,False,factoid
56e47e0051531f7e3300001c,FLAN-T5-base,bioasq,False,1,,,,,,,,,False,factoid
5721f4b30fd6f91b68000011,FLAN-T5-base,bioasq,False,2,,,,,,,,,False,factoid
553c9f96f32186855800000c,FLAN-T5-base,bioasq,False,2,,,,,,,,,False,factoid
56cf36263975bb303a000007,FLAN-T5-base,bioasq,False,2,,,,,,,,,False,factoid
517170c48ed59a060a00000d,FLAN-T5-base,bioasq,False,2,,,,,,,,,False,factoid
534eb34b288f4dae47000002,FLAN-T5-base,bioasq,False,2,,,,,,,,,False,factoid
5710e131a5ed216440000001,FLAN-T5-base,bioasq,False,2,,,,,,,,,False,factoid
56e2acfe51531f7e33000014,FLAN-T5-base,bioasq,True,3,3.0,1.4999999999999956,0.7499999999999978,False,False,0.0,0.0,-1.4867364317178726,False,factoid
517818508ed59a060a000035,FLAN-T5-base,bioasq,False,2,,,,,,,,,False,factoid
56a8ee75a17756b72f000007,FLAN-T5-base,bioasq,False,2,,,,,,,,,False,factoid
56d04a533975bb303a000010,FLAN-T5-base,bioasq,False,2,,,,,,,,,False,factoid
534abe8aaeec6fbd07000013,FLAN-T5-base,bioasq,True,3,1.0,-1.6017132519074577e-15,-8.008566259537289e-16,True,False,0.0,0.0,-0.8580827775100867,False,factoid
571f33bd0fd6f91b68000003,FLAN-T5-base,bioasq,False,1,,,,,,,,,False,factoid
53617eeb7d100faa0900000a,FLAN-T5-base,bioasq,False,2,,,,,,,,,False,factoid
534e364e288f4dae47000001,FLAN-T5-base,bioasq,True,3,1.0,-1.6017132519074577e-15,-8.008566259537289e-16,True,False,0.0,0.0,-1.8855063021183014,False,factoid
533ea8fcc45e133714000010,FLAN-T5-base,bioasq,False,2,,,,,,,,,False,factoid
54edf81f94afd61504000014,FLAN-T5-base,bioasq,False,2,,,,,,,,,False,factoid
55200c606b348bb82c000013,FLAN-T5-base,bioasq,False,2,,,,,,,,,False,factoid
56a8b8b5a17756b72f000005,FLAN-T5-base,bioasq,True,3,3.0,1.4999999999999956,0.7499999999999978,False,False,0.0,0.0,-0.9356011878366449,False,factoid
5324bdba9b2d7acc7e00001a,FLAN-T5-base,bioasq,False,0,,,,,,,,,False,factoid
54f35ad864850a5854000004,FLAN-T5-base,bioasq,False,1,,,,,,,,,False,factoid
5727ab040fd6f91b68000019,FLAN-T5-base,bioasq,False,2,,,,,,,,,False,factoid
516e7fda298dcd4e51000081,FLAN-T5-base,bioasq,False,2,,,,,,,,,False,factoid
5171438a8ed59a060a000007,FLAN-T5-base,bioasq,False,2,,,,,,,,,False,factoid
56ffd08bcf1c325851000009,FLAN-T5-base,bioasq,False,0,,,,,,,,,False,factoid
5313058de3eabad02100000e,FLAN-T5-base,bioasq,True,3,3.0,1.4999999999999956,0.7499999999999978,False,False,0.0,0.0,-1.0198547560721636,False,factoid
5348307daeec6fbd07000011,FLAN-T5-base,bioasq,False,0,,,,,,,,,False,factoid
54da32bc0f63c58e6e000001,FLAN-T5-base,bioasq,False,2,,,,,,,,,False,factoid
54d8ea2c4b1fd0d33c000002,FLAN-T5-base,bioasq,False,2,,,,,,,,,False,factoid
53189b05b166e2b80600001e,FLAN-T5-base,bioasq,True,3,2.0,0.8112781244591301,0.40563906222956503,False,False,0.0,0.0,-1.1793508015573024,False,factoid
51542e44d24251bc05000081,FLAN-T5-base,bioasq,False,2,,,,,,,,,False,factoid
54d662113706e8952800000d,FLAN-T5-base,bioasq,False,0,,,,,,,,,False,factoid
550739cf3b8a5dc045000002,FLAN-T5-base,bioasq,False,0,,,,,,,,,False,factoid
56ae70050a360a5e4500000f,FLAN-T5-base,bioasq,True,3,2.0,0.8112781244591301,0.40563906222956503,False,False,0.0,0.0,-1.764111913740635,False,factoid
53261e79600967d132000003,FLAN-T5-base,bioasq,True,3,1.0,-1.6017132519074577e-15,-8.008566259537289e-16,True,False,0.0,0.0,-1.5177863597869874,False,factoid
56f961b3cf1c325851000003,FLAN-T5-base,bioasq,True,3,2.0,0.8112781244591301,0.40563906222956503,False,False,0.0,0.0,-1.0889561027288437,False,factoid
53372ba3d6d3ac6a34000058,FLAN-T5-base,bioasq,True,3,3.0,1.4999999999999956,0.7499999999999978,False,False,0.0,0.0,-1.247284362713496,False,factoid
56c1f02aef6e39474100004b,FLAN-T5-base,bioasq,False,2,,,,,,,,,False,factoid
551fd9c06b348bb82c000012,FLAN-T5-base,bioasq,False,0,,,,,,,,,False,factoid
54d7a1047035c08008000002,FLAN-T5-base,bioasq,False,2,,,,,,,,,False,factoid
55054f8af73303d458000002,FLAN-T5-base,bioasq,False,1,,,,,,,,,False,factoid
56f7c15a09dd18d46b000012,FLAN-T5-base,bioasq,False,2,,,,,,,,,False,factoid
5523e7837b523f2123000006,FLAN-T5-base,bioasq,False,1,,,,,,,,,False,factoid
56c1f045ef6e394741000058,FLAN-T5-base,bioasq,False,1,,,,,,,,,False,factoid
5708992ccf1c32585100000d,FLAN-T5-base,bioasq,False,1,,,,,,,,,False,factoid
550ea8f1b305b40c5c000005,FLAN-T5-base,bioasq,False,0,,,,,,,,,False,factoid
5319a708b166e2b806000024,FLAN-T5-base,bioasq,True,3,4.0,1.9999999999999942,0.9999999999999971,False,False,0.0,0.0,-1.4992008861154318,False,factoid
56cf3f4f3975bb303a000008,FLAN-T5-base,bioasq,False,2,,,,,,,,,False,factoid
56c079b1ef6e394741000022,FLAN-T5-base,bioasq,False,2,,,,,,,,,False,factoid
5709f027cf1c32585100001f,FLAN-T5-base,bioasq,False,2,,,,,,,,,False,factoid
5178d6be8ed59a060a000038,FLAN-T5-base,bioasq,False,1,,,,,,,,,False,factoid
531dd4af267d7dd05300000d,FLAN-T5-base,bioasq,False,1,,,,,,,,,False,factoid
52ece29f98d023950500002c,FLAN-T5-base,bioasq,True,4,3.0,1.5219280948873581,0.6554587535412838,False,False,0.0,0.0,-1.3976876705884933,False,factoid
5148691bd24251bc0500002d,FLAN-T5-base,bioasq,False,2,,,,,,,,,False,factoid
56c3320a50c68dd416000008,FLAN-T5-base,bioasq,False,2,,,,,,,,,False,factoid
56b7210b76d8bf8d13000004,FLAN-T5-base,bioasq,False,2,,,,,,,,,False,factoid
5318929fb166e2b80600001b,FLAN-T5-base,bioasq,False,2,,,,,,,,,False,factoid
54e0c3e71388e8454a000013,FLAN-T5-base,bioasq,False,2,,,,,,,,,False,factoid
54db5e24bcba1b1817000002,FLAN-T5-base,bioasq,False,2,,,,,,,,,False,factoid
515d692c298dcd4e5100000a,FLAN-T5-base,bioasq,False,1,,,,,,,,,False,factoid
53175e9fb166e2b80600000a,FLAN-T5-base,bioasq,True,3,3.0,1.4999999999999956,0.7499999999999978,False,False,0.0,0.0,-1.5380306036344595,False,factoid
53265dd4d6d3ac6a34000007,FLAN-T5-base,bioasq,False,2,,,,,,,,,False,factoid
55149f156a8cde6b72000013,FLAN-T5-base,bioasq,False,1,,,,,,,,,False,factoid
571e40a8bb137a4b0c000009,FLAN-T5-base,bioasq,False,0,,,,,,,,,False,factoid
530cf4fe960c95ad0c00000b,FLAN-T5-base,bioasq,False,2,,,,,,,,,False,factoid
56c1f009ef6e39474100003c,FLAN-T5-base,bioasq,True,3,2.0,0.8112781244591301,0.40563906222956503,False,False,0.0,0.0,-0.895447590075643,False,factoid
54e0ace81388e8454a000010,FLAN-T5-base,bioasq,True,3,1.0,-1.6017132519074577e-15,-8.008566259537289e-16,True,False,0.0,0.0,-0.07466269242922863,False,factoid
56afe6d40a360a5e45000017,FLAN-T5-base,bioasq,False,2,,,,,,,,,False,factoid
52e62bae98d0239505000015,FLAN-T5-base,bioasq,False,1,,,,,,,,,False,factoid
56c1f00cef6e39474100003e,FLAN-T5-base,bioasq,False,2,,,,,,,,,False,factoid
56caea805795f9a73e00002c,FLAN-T5-base,bioasq,False,1,,,,,,,,,False,factoid
56c1f021ef6e394741000048,FLAN-T5-base,bioasq,False,2,,,,,,,,,False,factoid
52bf1d9e03868f1b06000010,FLAN-T5-base,bioasq,False,2,,,,,,,,,False,factoid
56fcf1b8cf1c325851000005,FLAN-T5-base,bioasq,True,3,3.0,1.4999999999999956,0.7499999999999978,False,False,0.0,0.0,-0.8808478798717261,False,factoid
56cafa845795f9a73e00002e,FLAN-T5-base,bioasq,True,3,3.0,1.4999999999999956,0.7499999999999978,False,False,0.0,0.0,-1.62410964568456,False,factoid
54f5bc7d5f206a0c06000001,FLAN-T5-base,bioasq,False,1,,,,,,,,,False,factoid
56d1e23c67f0cb3d66000009,FLAN-T5-base,bioasq,False,2,,,,,,,,,False,factoid
531af8cbb166e2b80600003a,FLAN-T5-base,bioasq,False,2,,,,,,,,,False,factoid
5544de7a5beec11c10000005,FLAN-T5-base,bioasq,False,2,,,,,,,,,False,factoid
55421ee7ccca0ce74b000002,FLAN-T5-base,bioasq,False,2,,,,,,,,,False,factoid
514a0a57d24251bc05000051,FLAN-T5-base,bioasq,False,2,,,,,,,,,False,factoid
53262cdcd6d3ac6a34000003,FLAN-T5-base,bioasq,True,3,2.0,0.8112781244591301,0.40563906222956503,False,False,0.0,0.0,-1.2736631607015927,False,factoid
53036faab24d855b11000001,FLAN-T5-base,bioasq,False,2,,,,,,,,,False,factoid
52fb7c512059c6d71c000069,FLAN-T5-base,bioasq,False,2,,,,,,,,,False,factoid
56c58f1b5795f9a73e000001,FLAN-T5-base,bioasq,False,2,,,,,,,,,False,factoid
56f7fe3709dd18d46b000015,FLAN-T5-base,bioasq,False,2,,,,,,,,,False,factoid
54db62a3034aea571d000001,FLAN-T5-base,bioasq,False,2,,,,,,,,,False,factoid
5344155faeec6fbd07000005,FLAN-T5-base,bioasq,True,3,2.0,0.8112781244591301,0.40563906222956503,False,False,0.0,0.0,-0.3170080628687257,False,factoid
553ca8d8f32186855800000d,FLAN-T5-base,bioasq,True,3,3.0,1.4999999999999956,0.7499999999999978,False,False,0.0,0.0,-0.9177327258512378,False,factoid
532f1452d6d3ac6a34000030,FLAN-T5-base,bioasq,False,1,,,,,,,,,False,factoid
5547ec32f35db7552600000a,FLAN-T5-base,bioasq,False,1,,,,,,,,,False,factoid
52c7275103868f1b0600001c,FLAN-T5-base,bioasq,False,0,,,,,,,,,False,factoid
5139b31dbee46bd34c000004,FLAN-T5-base,bioasq,True,3,4.0,1.9999999999999942,0.9999999999999971,False,False,0.0,0.0,-1.2686990685760975,False,factoid
52f21b722059c6d71c00000b,FLAN-T5-base,bioasq,False,2,,,,,,,,,False,factoid
55192892622b194345000012,FLAN-T5-base,bioasq,True,3,3.0,1.4999999999999956,0.7499999999999978,False,False,0.0,0.0,-1.6662069082260131,False,factoid
56cdf4875795f9a73e000040,FLAN-T5-base,bioasq,False,1,,,,,,,,,False,factoid
532dcfc9d6d3ac6a34000021,FLAN-T5-base,bioasq,False,1,,,,,,,,,False,factoid
5543829fed966d112c000009,FLAN-T5-base,bioasq,False,2,,,,,,,,,False,factoid
56f564f909dd18d46b000009,FLAN-T5-base,bioasq,False,2,,,,,,,,,False,factoid
550618f58e1671127b000007,FLAN-T5-base,bioasq,False,2,,,,,,,,,False,factoid
56cdf5195795f9a73e000045,FLAN-T5-base,bioasq,True,3,2.0,0.8112781244591301,0.40563906222956503,False,False,0.0,0.0,-0.668463191371302,False,factoid
51487dead24251bc05000030,FLAN-T5-base,bioasq,False,1,,,,,,,,,False,factoid
53147b52e3eabad021000015,FLAN-T5-base,bioasq,False,1,,,,,,,,,False,factoid
52bf1f2d03868f1b06000015,FLAN-T5-base,bioasq,False,2,,,,,,,,,False,factoid
52bf19f703868f1b06000002,FLAN-T5-base,bioasq,True,3,3.0,1.4999999999999956,0.7499999999999978,False,False,0.0,0.0,-1.5266212970018387,False,factoid
570917bccf1c325851000015,FLAN-T5-base,bioasq,False,2,,,,,,,,,False,factoid
5519a7d5622b194345000015,FLAN-T5-base,bioasq,False,2,,,,,,,,,False,factoid
52f21e8f2059c6d71c00000c,FLAN-T5-base,bioasq,False,2,,,,,,,,,False,factoid
5147c8a6d24251bc05000027,FLAN-T5-base,bioasq,False,2,,,,,,,,,False,factoid
54f60ea05f206a0c06000009,FLAN-T5-base,bioasq,False,2,,,,,,,,,False,factoid
51631154298dcd4e5100004e,FLAN-T5-base,bioasq,False,2,,,,,,,,,False,factoid
52fb78572059c6d71c000067,FLAN-T5-base,bioasq,False,0,,,,,,,,,False,factoid
54cf45e7f693c3b16b00000a,FLAN-T5-base,bioasq,True,3,3.0,1.4999999999999956,0.7499999999999978,False,False,0.0,0.0,-1.2349618667115767,False,factoid
54ede95c94afd6150400000a,FLAN-T5-base,bioasq,False,1,,,,,,,,,False,factoid
52f896d62059c6d71c000046,FLAN-T5-base,bioasq,True,3,3.0,1.4999999999999956,0.7499999999999978,False,False,0.0,0.0,-1.56007763898621,False,factoid
56c04412ef6e39474100001b,FLAN-T5-base,bioasq,False,2,,,,,,,,,False,factoid
52f899952059c6d71c00004b,FLAN-T5-base,bioasq,True,3,3.0,1.4999999999999956,0.7499999999999978,False,False,0.0,0.0,-1.5232677639329009,False,factoid
53161545b166e2b806000002,FLAN-T5-base,bioasq,False,1,,,,,,,,,False,factoid
56ae6e650a360a5e4500000e,FLAN-T5-base,bioasq,True,3,3.0,1.4999999999999956,0.7499999999999978,False,False,0.0,0.0,-1.2925228543712624,False,factoid
5314bd7ddae131f847000006,FLAN-T5-base,bioasq,True,3,2.0,0.8112781244591301,0.40563906222956503,False,False,0.0,0.0,-1.4241841793060304,False,factoid
55180ef46487737b43000006,FLAN-T5-base,bioasq,False,1,,,,,,,,,False,factoid
51716e808ed59a060a00000b,FLAN-T5-base,bioasq,False,2,,,,,,,,,False,factoid
53592c1e9a4572de6f000002,FLAN-T5-base,bioasq,False,2,,,,,,,,,False,factoid
56f553e309dd18d46b000006,FLAN-T5-base,bioasq,False,2,,,,,,,,,False,factoid
55450521bf90a13052000001,FLAN-T5-base,bioasq,False,2,,,,,,,,,False,factoid
533c390bc45e13371400000b,FLAN-T5-base,bioasq,False,1,,,,,,,,,False,factoid
531a3a58b166e2b806000037,FLAN-T5-base,bioasq,False,0,,,,,,,,,False,factoid
5339edd6d6d3ac6a34000061,FLAN-T5-base,bioasq,True,3,3.0,1.4999999999999956,0.7499999999999978,False,False,0.0,0.0,-1.526916159523858,False,factoid
5156be17d24251bc05000086,FLAN-T5-base,bioasq,False,2,,,,,,,,,False,factoid
516e5f10298dcd4e5100007c,FLAN-T5-base,bioasq,False,2,,,,,,,,,False,factoid
5540b9800083d1bf0e000002,FLAN-T5-base,bioasq,False,1,,,,,,,,,False,factoid
516545a8298dcd4e51000056,FLAN-T5-base,bioasq,False,2,,,,,,,,,False,factoid
514c3fd7d24251bc05000062,FLAN-T5-base,bioasq,False,2,,,,,,,,,False,factoid
56c1f01cef6e394741000044,FLAN-T5-base,bioasq,False,0,,,,,,,,,False,factoid
56b1f4300a360a5e4500001b,FLAN-T5-base,bioasq,True,3,2.0,0.8112781244591301,0.40563906222956503,False,False,0.0,0.0,-1.4865432620048522,False,factoid
5325fdf0600967d132000001,FLAN-T5-base,bioasq,False,2,,,,,,,,,False,factoid
5357b36cf1005d6b58000006,FLAN-T5-base,bioasq,True,3,3.0,1.4999999999999956,0.7499999999999978,False,False,0.0,0.0,-1.4284852918769633,False,factoid
530f900ee3eabad021000003,FLAN-T5-base,bioasq,True,3,3.0,1.4999999999999956,0.7499999999999978,False,False,0.0,0.0,-1.3416679799556732,False,factoid
54e8c7220fc566b149000002,FLAN-T5-base,bioasq,False,2,,,,,,,,,False,factoid
517194ef8ed59a060a000011,FLAN-T5-base,bioasq,False,1,,,,,,,,,False,factoid
53551206a0726bee57000001,FLAN-T5-base,bioasq,True,3,1.0,-1.6017132519074577e-15,-8.008566259537289e-16,True,False,0.0,0.0,-1.0943952947854996,False,factoid
56ffdc1ccf1c32585100000b,FLAN-T5-base,bioasq,False,2,,,,,,,,,False,factoid
56cae3eb5795f9a73e000021,FLAN-T5-base,bioasq,True,3,3.0,1.4999999999999956,0.7499999999999978,False,False,0.0,0.0,-1.3996234357357025,False,factoid
5509bd6a1180f13250000002,FLAN-T5-base,bioasq,False,2,,,,,,,,,False,factoid
54e0d7471388e8454a000015,FLAN-T5-base,bioasq,True,3,3.0,1.4999999999999956,0.7499999999999978,False,False,0.0,0.0,-0.5875607467824011,False,factoid
54f9c40ddd3fc62544000001,FLAN-T5-base,bioasq,False,2,,,,,,,,,False,factoid
532ff917d6d3ac6a34000038,FLAN-T5-base,bioasq,True,3,4.0,1.9999999999999942,0.9999999999999971,False,False,0.0,0.0,-0.7867882100399584,False,factoid
569e7721ceceede94d000001,FLAN-T5-base,bioasq,False,1,,,,,,,,,False,factoid
5156be04d24251bc05000085,FLAN-T5-base,bioasq,False,2,,,,,,,,,False,factoid
56a24dfffe92d6fd19000002,FLAN-T5-base,bioasq,False,1,,,,,,,,,False,factoid
5324ce779b2d7acc7e00001e,FLAN-T5-base,bioasq,False,2,,,,,,,,,False,factoid
56c3184050c68dd416000003,FLAN-T5-base,bioasq,False,0,,,,,,,,,False,factoid
55421398ccca0ce74b000001,FLAN-T5-base,bioasq,False,2,,,,,,,,,False,factoid
530cf4c54a5037880c000008,FLAN-T5-base,bioasq,True,3,2.0,0.9999999999999971,0.49999999999999856,False,False,0.0,0.0,-0.5647568179144097,False,factoid
54f2210164850a5854000001,FLAN-T5-base,bioasq,True,3,3.0,1.4999999999999956,0.7499999999999978,False,False,0.0,0.0,-1.2190438471734524,False,factoid
55242d512c8b63434a000006,FLAN-T5-base,bioasq,False,2,,,,,,,,,False,factoid
54e0ba781388e8454a000011,FLAN-T5-base,bioasq,True,3,3.0,1.4999999999999956,0.7499999999999978,False,False,0.0,0.0,-1.6655850470066071,False,factoid
5335f053d6d3ac6a34000055,FLAN-T5-base,bioasq,False,1,,,,,,,,,False,factoid
56f6c11109dd18d46b00000e,FLAN-T5-base,bioasq,True,3,4.0,1.9999999999999942,0.9999999999999971,False,False,0.0,0.0,-1.3791106015443801,False,factoid
536e46f27d100faa09000012,FLAN-T5-base,bioasq,True,3,4.0,1.9999999999999942,0.9999999999999971,False,False,0.0,0.0,-1.0977745305746793,False,factoid
531e2695267d7dd05300000f,FLAN-T5-base,bioasq,True,3,3.0,1.4999999999999956,0.7499999999999978,False,False,0.0,0.0,-1.4692136719822884,False,factoid
515df199298dcd4e5100002a,FLAN-T5-base,bioasq,True,3,2.0,0.8112781244591301,0.40563906222956503,False,False,0.0,0.0,-1.7163630227247875,False,factoid
53148a07dae131f847000002,FLAN-T5-base,bioasq,False,2,,,,,,,,,False,factoid
52eea4dcc8da89891000000c,FLAN-T5-base,bioasq,True,3,4.0,1.9999999999999942,0.9999999999999971,False,False,0.0,0.0,-1.4038122495015461,False,factoid
56c85ed65795f9a73e000012,FLAN-T5-base,bioasq,False,0,,,,,,,,,False,factoid
533c38b3c45e133714000009,FLAN-T5-base,bioasq,False,1,,,,,,,,,False,factoid
51542e6fd24251bc05000082,FLAN-T5-base,bioasq,False,0,,,,,,,,,False,factoid
53442023aeec6fbd07000007,FLAN-T5-base,bioasq,False,0,,,,,,,,,False,factoid
534427f8aeec6fbd07000009,FLAN-T5-base,bioasq,False,1,,,,,,,,,False,factoid
533abc76d6d3ac6a34000064,FLAN-T5-base,bioasq,False,2,,,,,,,,,False,factoid
571f5c150fd6f91b68000009,FLAN-T5-base,bioasq,False,2,,,,,,,,,False,factoid
51387022bee46bd34c000002,FLAN-T5-base,bioasq,False,1,,,,,,,,,False,factoid
56df03c751531f7e3300000a,FLAN-T5-base,bioasq,True,3,4.0,1.9999999999999942,0.9999999999999971,False,False,0.0,0.0,-1.2091840684879571,False,factoid
533be71dfd9a95ea0d000009,FLAN-T5-base,bioasq,False,2,,,,,,,,,False,factoid
56c8274f5795f9a73e00000d,FLAN-T5-base,bioasq,True,3,3.0,1.4999999999999956,0.7499999999999978,False,False,0.0,0.0,-0.8305517675277466,False,factoid
5545e65bd355485447000001,FLAN-T5-base,bioasq,False,1,,,,,,,,,False,factoid
56f3faed09dd18d46b000002,FLAN-T5-base,bioasq,False,1,,,,,,,,,False,factoid
531464a6e3eabad021000014,FLAN-T5-base,bioasq,False,0,,,,,,,,,False,factoid
53124bdae3eabad02100000b,FLAN-T5-base,bioasq,True,3,3.0,1.4999999999999956,0.7499999999999978,False,False,0.0,0.0,-1.4621228766110208,False,factoid
54fc91e96ad7dcbc12000001,FLAN-T5-base,bioasq,False,0,,,,,,,,,False,factoid
53318685d6d3ac6a3400003d,FLAN-T5-base,bioasq,True,3,3.0,1.4999999999999956,0.7499999999999978,False,False,0.0,0.0,-1.487114389737447,False,factoid
511a3573df1ebcce7d000018,FLAN-T5-base,bioasq,False,2,,,,,,,,,False,factoid
56c5c7915795f9a73e000004,FLAN-T5-base,bioasq,False,1,,,,,,,,,False,factoid
56c865d25795f9a73e000016,FLAN-T5-base,bioasq,True,3,3.0,1.4999999999999956,0.7499999999999978,False,False,0.0,0.0,-0.9480012613348663,False,factoid
550e828c71445a662f000002,FLAN-T5-base,bioasq,False,2,,,,,,,,,False,factoid
54f608f85f206a0c06000007,FLAN-T5-base,bioasq,False,0,,,,,,,,,False,factoid
56c048acef6e39474100001c,FLAN-T5-base,bioasq,False,2,,,,,,,,,False,factoid
512d0e635274a5fb07000005,FLAN-T5-base,bioasq,False,1,,,,,,,,,False,factoid
56ffd805cf1c32585100000a,FLAN-T5-base,bioasq,False,2,,,,,,,,,False,factoid
533ba85ffd9a95ea0d000008,FLAN-T5-base,bioasq,True,3,2.0,0.9999999999999971,0.49999999999999856,False,False,0.0,0.0,-1.8772770643234253,False,factoid
58a2e5f760087bc10a000007,FLAN-T5-base,bioasq,True,3,3.0,1.4999999999999956,0.7499999999999978,False,False,0.0,0.0,-1.1215698085725307,False,factoid
5891f9e549702f2e01000002,FLAN-T5-base,bioasq,False,2,,,,,,,,,False,factoid
58a9c532396a458e50000002,FLAN-T5-base,bioasq,False,2,,,,,,,,,False,factoid
5880be1dc872c95565000007,FLAN-T5-base,bioasq,False,1,,,,,,,,,False,factoid
587f760792a5b8ad44000005,FLAN-T5-base,bioasq,False,2,,,,,,,,,False,factoid
589a246078275d0c4a00002a,FLAN-T5-base,bioasq,False,2,,,,,,,,,False,factoid
58a2df9c60087bc10a000006,FLAN-T5-base,bioasq,True,3,2.0,0.8112781244591301,0.40563906222956503,False,False,0.0,0.0,-1.7718144399779183,False,factoid
5880aef4c872c95565000001,FLAN-T5-base,bioasq,False,1,,,,,,,,,False,factoid
58a872bd38c171fb5b000002,FLAN-T5-base,bioasq,False,2,,,,,,,,,False,factoid
5884c72fe56acf517600000f,FLAN-T5-base,bioasq,False,2,,,,,,,,,False,factoid
5880a8ec0a76a87357000001,FLAN-T5-base,bioasq,False,1,,,,,,,,,False,factoid
58aa0c6f396a458e50000008,FLAN-T5-base,bioasq,False,1,,,,,,,,,False,factoid
5891c90949702f2e01000001,FLAN-T5-base,bioasq,False,2,,,,,,,,,False,factoid
58a32edd60087bc10a000012,FLAN-T5-base,bioasq,False,0,,,,,,,,,False,factoid
58a2ced760087bc10a000004,FLAN-T5-base,bioasq,True,3,4.0,1.9999999999999942,0.9999999999999971,False,False,0.0,0.0,-1.1011270466260612,False,factoid
58a877cf38c171fb5b000004,FLAN-T5-base,bioasq,False,2,,,,,,,,,False,factoid
58a3428d60087bc10a00001b,FLAN-T5-base,bioasq,False,2,,,,,,,,,False,factoid
587e07023ec846c24f000001,FLAN-T5-base,bioasq,False,1,,,,,,,,,False,factoid
5895bc397d9090f35300000b,FLAN-T5-base,bioasq,False,2,,,,,,,,,False,factoid
58a8045860087bc10a000035,FLAN-T5-base,bioasq,False,2,,,,,,,,,False,factoid
58a95c711978bbde22000001,FLAN-T5-base,bioasq,False,2,,,,,,,,,False,factoid
58a1c0f178275d0c4a000056,FLAN-T5-base,bioasq,False,2,,,,,,,,,False,factoid
58a9bbe81978bbde22000007,FLAN-T5-base,bioasq,False,1,,,,,,,,,False,factoid
58a9c152396a458e50000001,FLAN-T5-base,bioasq,True,3,2.0,0.8112781244591301,0.40563906222956503,False,False,0.0,0.0,-0.7929627601665238,False,factoid
58a8903b38c171fb5b000006,FLAN-T5-base,bioasq,False,2,,,,,,,,,False,factoid
58a5b1fe60087bc10a000024,FLAN-T5-base,bioasq,True,3,3.0,1.4999999999999956,0.7499999999999978,False,False,0.0,0.0,-1.3913286948310477,False,factoid
58bc5e2202b8c60953000002,FLAN-T5-base,bioasq,True,3,2.0,0.8112781244591301,0.40563906222956503,False,False,0.0,0.0,-1.5850310306996107,False,factoid
58b6bd2622d300530900000c,FLAN-T5-base,bioasq,True,3,1.0,-1.6017132519074577e-15,-8.008566259537289e-16,True,False,0.0,0.0,-0.6420751536265016,False,factoid
589480b47d9090f353000007,FLAN-T5-base,bioasq,True,3,4.0,1.9999999999999942,0.9999999999999971,False,False,0.0,0.0,-2.3778539896011353,False,factoid
58a342e760087bc10a00001c,FLAN-T5-base,bioasq,False,1,,,,,,,,,False,factoid
58b56fe422d3005309000007,FLAN-T5-base,bioasq,False,2,,,,,,,,,False,factoid
58bc8e7a02b8c60953000007,FLAN-T5-base,bioasq,False,2,,,,,,,,,False,factoid
58a9a8631978bbde22000003,FLAN-T5-base,bioasq,False,1,,,,,,,,,False,factoid
588f2de394c1512c50000001,FLAN-T5-base,bioasq,False,2,,,,,,,,,False,factoid
58bc363622d300530900001f,FLAN-T5-base,bioasq,False,2,,,,,,,,,False,factoid
58a5a51060087bc10a000021,FLAN-T5-base,bioasq,False,2,,,,,,,,,False,factoid
58a57f9460087bc10a00001f,FLAN-T5-base,bioasq,False,1,,,,,,,,,False,factoid
58bcabc702b8c6095300000e,FLAN-T5-base,bioasq,False,2,,,,,,,,,False,factoid
5883a727e56acf5176000001,FLAN-T5-base,bioasq,False,2,,,,,,,,,False,factoid
5891b125621ea6ff7e00000e,FLAN-T5-base,bioasq,True,3,3.0,1.4999999999999956,0.7499999999999978,False,False,0.0,0.0,-0.7867144829829663,False,factoid
587f795d92a5b8ad44000007,FLAN-T5-base,bioasq,False,1,,,,,,,,,False,factoid
587e1bfdfc7e8dd84f000002,FLAN-T5-base,bioasq,False,2,,,,,,,,,False,factoid
58a9d8a1396a458e50000005,FLAN-T5-base,bioasq,False,2,,,,,,,,,False,factoid
58a2c77a60087bc10a000002,FLAN-T5-base,bioasq,True,3,3.0,1.4999999999999956,0.7499999999999978,False,False,0.0,0.0,-1.5449524436678206,False,factoid
5890e163621ea6ff7e000004,FLAN-T5-base,bioasq,False,0,,,,,,,,,False,factoid
58a32efe60087bc10a000013,FLAN-T5-base,bioasq,False,2,,,,,,,,,False,factoid
5880b812c872c95565000006,FLAN-T5-base,bioasq,False,2,,,,,,,,,False,factoid
58917c88621ea6ff7e00000a,FLAN-T5-base,bioasq,False,0,,,,,,,,,False,factoid
58bbc0fc22d300530900001c,FLAN-T5-base,bioasq,False,2,,,,,,,,,False,factoid
589185cc621ea6ff7e00000b,FLAN-T5-base,bioasq,True,3,2.0,0.8112781244591301,0.40563906222956503,False,False,0.0,0.0,-0.7697884372901171,False,factoid
58b6978822d300530900000a,FLAN-T5-base,bioasq,False,2,,,,,,,,,False,factoid
58bc347422d300530900001e,FLAN-T5-base,bioasq,False,2,,,,,,,,,False,factoid
5887fe7d3b87a8a738000008,FLAN-T5-base,bioasq,True,3,1.0,-1.6017132519074577e-15,-8.008566259537289e-16,True,False,0.0,0.0,-1.754460056622823,False,factoid
588f9f83ed9bbee70d000004,FLAN-T5-base,bioasq,False,1,,,,,,,,,False,factoid
58a644e560087bc10a000027,FLAN-T5-base,bioasq,False,1,,,,,,,,,False,factoid
58bca08702b8c6095300000a,FLAN-T5-base,bioasq,False,2,,,,,,,,,False,factoid
58c99fcc02b8c60953000029,FLAN-T5-base,bioasq,False,1,,,,,,,,,False,factoid
58ce363b02b8c60953000046,FLAN-T5-base,bioasq,False,2,,,,,,,,,False,factoid
588f8e9794c1512c50000005,FLAN-T5-base,bioasq,False,2,,,,,,,,,False,factoid
58cc5bae02b8c60953000037,FLAN-T5-base,bioasq,True,3,4.0,1.9999999999999942,0.9999999999999971,False,False,0.0,0.0,-1.929929844207234,False,factoid
58d0dc878acda34529000004,FLAN-T5-base,bioasq,False,1,,,,,,,,,False,factoid
58b6cd3222d300530900000d,FLAN-T5-base,bioasq,False,1,,,,,,,,,False,factoid
58caf0be02b8c6095300002f,FLAN-T5-base,bioasq,True,3,1.0,-1.6017132519074577e-15,-8.008566259537289e-16,True,False,0.0,0.0,-0.8171141892671585,False,factoid
587e1a01fc7e8dd84f000001,FLAN-T5-base,bioasq,False,2,,,,,,,,,False,factoid
58bca2f302b8c6095300000c,FLAN-T5-base,bioasq,True,3,2.0,0.9999999999999971,0.49999999999999856,False,False,0.0,0.0,-1.1790820849793298,False,factoid
58cd7af402b8c6095300003e,FLAN-T5-base,bioasq,False,2,,,,,,,,,False,factoid
587e3129c32c812009000002,FLAN-T5-base,bioasq,False,2,,,,,,,,,False,factoid
58bac71222d3005309000013,FLAN-T5-base,bioasq,True,3,2.0,0.8112781244591301,0.40563906222956503,False,False,0.0,0.0,-1.339339479804039,False,factoid
58cdb41302b8c60953000042,FLAN-T5-base,bioasq,True,3,2.0,0.8112781244591301,0.40563906222956503,False,False,0.0,0.0,-0.8306039241967179,False,factoid
587f7a69d8d850a152000001,FLAN-T5-base,bioasq,True,3,2.0,0.8112781244591301,0.40563906222956503,False,False,0.0,0.0,-0.6295859459140856,False,factoid
589d965a78275d0c4a000049,FLAN-T5-base,bioasq,False,0,,,,,,,,,False,factoid
58cbb98c02b8c60953000034,FLAN-T5-base,bioasq,False,2,,,,,,,,,False,factoid
58a6db8660087bc10a00002c,FLAN-T5-base,bioasq,False,1,,,,,,,,,False,factoid
5895f7e978275d0c4a000001,FLAN-T5-base,bioasq,True,3,1.0,-1.6017132519074577e-15,-8.008566259537289e-16,True,False,0.0,0.0,-1.0143077733460815,False,factoid
588f9950ed9bbee70d000002,FLAN-T5-base,bioasq,False,2,,,,,,,,,False,factoid
58ce9bf1d46b5c2951000002,FLAN-T5-base,bioasq,False,2,,,,,,,,,False,factoid
58bfd8e902b8c60953000018,FLAN-T5-base,bioasq,False,2,,,,,,,,,False,factoid
58cd7fed02b8c6095300003f,FLAN-T5-base,bioasq,False,2,,,,,,,,,False,factoid
58cd90c202b8c60953000040,FLAN-T5-base,bioasq,True,3,2.0,0.8112781244591301,0.40563906222956503,False,False,0.0,0.0,-1.175521372869197,False,factoid
58adc1ff9ef3c34033000006,FLAN-T5-base,bioasq,False,1,,,,,,,,,False,factoid
58bfd0db02b8c60953000017,FLAN-T5-base,bioasq,False,0,,,,,,,,,False,factoid
58bde18b02b8c60953000014,FLAN-T5-base,bioasq,False,2,,,,,,,,,False,factoid
58cf5c5a8acda34529000003,FLAN-T5-base,bioasq,True,3,2.0,0.8112781244591301,0.40563906222956503,False,False,0.0,0.0,-0.9326401889324188,False,factoid
587e0116ae05ffb474000002,FLAN-T5-base,bioasq,False,2,,,,,,,,,False,factoid
58dfe6b56fddd3e83e000004,FLAN-T5-base,bioasq,False,2,,,,,,,,,False,factoid
58e75d483e8b6dc87c000005,FLAN-T5-base,bioasq,False,1,,,,,,,,,False,factoid
5880b073c872c95565000003,FLAN-T5-base,bioasq,False,2,,,,,,,,,False,factoid
58da111c8acda34529000010,FLAN-T5-base,bioasq,True,3,3.0,1.4999999999999956,0.7499999999999978,False,False,0.0,0.0,-1.3510256227519777,False,factoid
58af1cb3717cd3f655000003,FLAN-T5-base,bioasq,True,3,1.0,-1.6017132519074577e-15,-8.008566259537289e-16,True,False,0.0,0.0,-1.5054482892155647,False,factoid
58dd0dde8acda34529000027,FLAN-T5-base,bioasq,True,3,1.0,-1.6017132519074577e-15,-8.008566259537289e-16,True,False,0.0,0.0,-1.3617077440555607,False,factoid
58853922e56acf5176000016,FLAN-T5-base,bioasq,True,3,1.0,-1.6017132519074577e-15,-8.008566259537289e-16,True,False,0.0,0.0,-0.8123943187908557,False,factoid
5880e417713cbdfd3d000001,FLAN-T5-base,bioasq,False,2,,,,,,,,,False,factoid
58af16ea717cd3f655000002,FLAN-T5-base,bioasq,False,1,,,,,,,,,False,factoid
58853667e56acf5176000015,FLAN-T5-base,bioasq,True,3,3.0,1.4999999999999956,0.7499999999999978,False,False,0.0,0.0,-0.9545098491279143,False,factoid
5889eb503b87a8a73800000b,FLAN-T5-base,bioasq,True,3,3.0,1.4999999999999956,0.7499999999999978,False,False,0.0,0.0,-1.2278784969821572,False,factoid
58d900428acda3452900000c,FLAN-T5-base,bioasq,False,1,,,,,,,,,False,factoid
58de18e48acda3452900002a,FLAN-T5-base,bioasq,True,3,3.0,1.4999999999999956,0.7499999999999978,False,False,0.0,0.0,-0.9951217057691379,False,factoid
5881f627713cbdfd3d000005,FLAN-T5-base,bioasq,False,2,,,,,,,,,False,factoid
58c9a8fe02b8c6095300002a,FLAN-T5-base,bioasq,False,1,,,,,,,,,False,factoid
588f341594c1512c50000002,FLAN-T5-base,bioasq,False,0,,,,,,,,,False,factoid
58d8e6818acda3452900000a,FLAN-T5-base,bioasq,False,2,,,,,,,,,False,factoid
58df47f08acda3452900002f,FLAN-T5-base,bioasq,False,0,,,,,,,,,False,factoid
58e23ec66fddd3e83e000010,FLAN-T5-base,bioasq,False,2,,,,,,,,,False,factoid
58d906b28acda3452900000d,FLAN-T5-base,bioasq,True,3,2.0,0.9999999999999971,0.49999999999999856,False,False,0.0,0.0,-1.3489011954516172,False,factoid
5881f9b65bf093691f000001,FLAN-T5-base,bioasq,False,2,,,,,,,,,False,factoid
58e793f53e8b6dc87c000008,FLAN-T5-base,bioasq,False,2,,,,,,,,,False,factoid
58dfd70c6fddd3e83e000002,FLAN-T5-base,bioasq,False,1,,,,,,,,,False,factoid
58e79e703e8b6dc87c00000a,FLAN-T5-base,bioasq,True,3,1.0,-1.6017132519074577e-15,-8.008566259537289e-16,True,False,0.0,0.0,-1.5570128361384075,False,factoid
5880c42fc872c95565000008,FLAN-T5-base,bioasq,True,3,3.0,1.4999999999999956,0.7499999999999978,False,False,0.0,0.0,-0.8026466873982119,False,factoid
58dbb8968acda3452900001b,FLAN-T5-base,bioasq,False,1,,,,,,,,,False,factoid
5886519c3b87a8a738000007,FLAN-T5-base,bioasq,False,2,,,,,,,,,False,factoid
58c6635f02b8c60953000023,FLAN-T5-base,bioasq,False,2,,,,,,,,,False,factoid
58861d413b87a8a738000002,FLAN-T5-base,bioasq,False,2,,,,,,,,,False,factoid
5880dba9c872c95565000009,FLAN-T5-base,bioasq,False,1,,,,,,,,,False,factoid
58cefcfb8acda34529000002,FLAN-T5-base,bioasq,False,2,,,,,,,,,False,factoid
58f4b2f070f9fc6f0f000012,FLAN-T5-base,bioasq,False,1,,,,,,,,,False,factoid
58efa36d70f9fc6f0f000004,FLAN-T5-base,bioasq,False,2,,,,,,,,,False,factoid
58f4b85f70f9fc6f0f000015,FLAN-T5-base,bioasq,False,1,,,,,,,,,False,factoid
58e9f0ba3e8b6dc87c00000e,FLAN-T5-base,bioasq,False,2,,,,,,,,,False,factoid
58f0b1d670f9fc6f0f000007,FLAN-T5-base,bioasq,False,0,,,,,,,,,False,factoid
58f4b1a170f9fc6f0f000010,FLAN-T5-base,bioasq,True,3,2.0,0.8112781244591301,0.40563906222956503,False,False,0.0,0.0,-0.10963235659801285,False,factoid
58e7902b3e8b6dc87c000007,FLAN-T5-base,bioasq,False,2,,,,,,,,,False,factoid
589317e849702f2e01000005,FLAN-T5-base,bioasq,True,3,2.0,0.9999999999999971,0.49999999999999856,False,False,0.0,0.0,-1.6276398301124573,False,factoid
58e74bff3e8b6dc87c000004,FLAN-T5-base,bioasq,False,2,,,,,,,,,False,factoid
58eb9542eda5a57672000007,FLAN-T5-base,bioasq,False,2,,,,,,,,,False,factoid
58cbd0d502b8c60953000035,FLAN-T5-base,bioasq,False,2,,,,,,,,,False,factoid
58f3ca5c70f9fc6f0f00000d,FLAN-T5-base,bioasq,False,2,,,,,,,,,False,factoid
587e3e302420191125000002,FLAN-T5-base,bioasq,False,1,,,,,,,,,False,factoid
58e9e7aa3e8b6dc87c00000d,FLAN-T5-base,bioasq,False,2,,,,,,,,,False,factoid
58da1aa08acda34529000012,FLAN-T5-base,bioasq,False,2,,,,,,,,,False,factoid
58e3d9ab3e8b6dc87c000002,FLAN-T5-base,bioasq,False,2,,,,,,,,,False,factoid
58ea7248eda5a57672000002,FLAN-T5-base,bioasq,False,2,,,,,,,,,False,factoid
58eb4ce7eda5a57672000004,FLAN-T5-base,bioasq,True,3,2.0,0.8112781244591301,0.40563906222956503,False,False,0.0,0.0,-0.9454023963888176,False,factoid
58f3c4b970f9fc6f0f00000a,FLAN-T5-base,bioasq,True,3,1.0,-1.6017132519074577e-15,-8.008566259537289e-16,True,False,0.0,0.0,-0.9502778748671213,False,factoid
58efa1b870f9fc6f0f000003,FLAN-T5-base,bioasq,False,2,,,,,,,,,False,factoid
5890fde5621ea6ff7e000009,FLAN-T5-base,bioasq,False,2,,,,,,,,,False,factoid
58c27b7102b8c60953000021,FLAN-T5-base,bioasq,True,3,3.0,1.4999999999999956,0.7499999999999978,False,False,0.0,0.0,-2.2366288900375366,False,factoid
58f0b0c070f9fc6f0f000006,FLAN-T5-base,bioasq,False,1,,,,,,,,,False,factoid
58853c56e56acf5176000018,FLAN-T5-base,bioasq,False,2,,,,,,,,,False,factoid
58f4b9d470f9fc6f0f000016,FLAN-T5-base,bioasq,True,3,3.0,1.4999999999999956,0.7499999999999978,False,False,0.0,0.0,-1.1507109018663566,False,factoid
5895f18ce370baff39000001,FLAN-T5-base,bioasq,True,3,1.0,-1.6017132519074577e-15,-8.008566259537289e-16,True,False,0.0,0.0,-1.2105219177901745,False,factoid
58f6295a70f9fc6f0f000019,FLAN-T5-base,bioasq,False,1,,,,,,,,,False,factoid
58ee0dd5eda5a57672000013,FLAN-T5-base,bioasq,False,2,,,,,,,,,False,factoid
589635dd78275d0c4a000009,FLAN-T5-base,bioasq,True,3,2.0,0.9999999999999971,0.49999999999999856,False,False,0.0,0.0,-1.2163507209883795,False,factoid
58f3c62970f9fc6f0f00000b,FLAN-T5-base,bioasq,False,2,,,,,,,,,False,factoid
5896271178275d0c4a000004,FLAN-T5-base,bioasq,False,2,,,,,,,,,False,factoid
589630f378275d0c4a000007,FLAN-T5-base,bioasq,False,1,,,,,,,,,False,factoid
58f4b25e70f9fc6f0f000011,FLAN-T5-base,bioasq,False,1,,,,,,,,,False,factoid
587e2300fc7e8dd84f000004,FLAN-T5-base,bioasq,False,2,,,,,,,,,False,factoid
58dcb47c8acda34529000020,FLAN-T5-base,bioasq,False,2,,,,,,,,,False,factoid
5a7d51dafaa1ab7d2e000017,FLAN-T5-base,bioasq,True,3,3.0,1.4999999999999956,0.7499999999999978,False,False,0.0,0.0,-1.5113751632826669,False,factoid
5a43a139966455904c000008,FLAN-T5-base,bioasq,True,3,3.0,1.4999999999999956,0.7499999999999978,False,False,0.0,0.0,-1.7426745258271694,False,factoid
58eb99f3eda5a57672000009,FLAN-T5-base,bioasq,False,2,,,,,,,,,False,factoid
58edf567eda5a57672000011,FLAN-T5-base,bioasq,True,3,3.0,1.4999999999999956,0.7499999999999978,False,False,0.0,0.0,-1.4145434126257896,False,factoid
5a6a3335b750ff4455000025,FLAN-T5-base,bioasq,False,2,,,,,,,,,False,factoid
5a67b2f7b750ff445500000f,FLAN-T5-base,bioasq,True,3,2.0,0.8112781244591301,0.40563906222956503,False,False,0.0,0.0,-1.7355439960956573,False,factoid
593ff22b70f9fc6f0f000023,FLAN-T5-base,bioasq,True,3,3.0,1.4999999999999956,0.7499999999999978,False,False,0.0,0.0,-2.0258414099613824,False,factoid
5a87ea1861bb38fb2400000d,FLAN-T5-base,bioasq,False,0,,,,,,,,,False,factoid
590af75d70f9fc6f0f00001c,FLAN-T5-base,bioasq,False,2,,,,,,,,,False,factoid
5a8941c5bc7bade53a000002,FLAN-T5-base,bioasq,True,3,3.0,1.4999999999999956,0.7499999999999978,False,False,0.0,0.0,-1.105292407174905,False,factoid
590c74d170f9fc6f0f00001e,FLAN-T5-base,bioasq,False,1,,,,,,,,,False,factoid
5a89800efcd1d6a10c00000c,FLAN-T5-base,bioasq,False,2,,,,,,,,,False,factoid
5a3e8683966455904c000007,FLAN-T5-base,bioasq,False,2,,,,,,,,,False,factoid
5a7d5ce0faa1ab7d2e00001b,FLAN-T5-base,bioasq,False,2,,,,,,,,,False,factoid
5a7617b183b0d9ea66000022,FLAN-T5-base,bioasq,False,2,,,,,,,,,False,factoid
5a4df811966455904c00000e,FLAN-T5-base,bioasq,False,2,,,,,,,,,False,factoid
593fe5c270f9fc6f0f000021,FLAN-T5-base,bioasq,False,1,,,,,,,,,False,factoid
5a7d6287faa1ab7d2e00001c,FLAN-T5-base,bioasq,True,3,3.0,1.4999999999999956,0.7499999999999978,False,False,0.0,0.0,-0.6636119517921046,False,factoid
593fe7f970f9fc6f0f000022,FLAN-T5-base,bioasq,False,0,,,,,,,,,False,factoid
5a7d4721faa1ab7d2e000012,FLAN-T5-base,bioasq,False,2,,,,,,,,,False,factoid
5a39453d966455904c000006,FLAN-T5-base,bioasq,False,2,,,,,,,,,False,factoid
5a4e50b242878bf97d000001,FLAN-T5-base,bioasq,False,1,,,,,,,,,False,factoid
58f89eb270f9fc6f0f00001a,FLAN-T5-base,bioasq,False,1,,,,,,,,,False,factoid
5a87d73861bb38fb2400000b,FLAN-T5-base,bioasq,True,3,3.0,1.4999999999999956,0.7499999999999978,False,False,0.0,0.0,-1.0997135697139635,False,factoid
5a6e2b1bb750ff445500003e,FLAN-T5-base,bioasq,False,2,,,,,,,,,False,factoid
5a7610af83b0d9ea6600001a,FLAN-T5-base,bioasq,True,3,2.0,0.8112781244591301,0.40563906222956503,False,False,0.0,0.0,-0.6973904096521437,False,factoid
5a88370c61bb38fb24000014,FLAN-T5-base,bioasq,False,2,,,,,,,,,False,factoid
5a885daa61bb38fb24000018,FLAN-T5-base,bioasq,False,1,,,,,,,,,False,factoid
58ee2515eda5a57672000016,FLAN-T5-base,bioasq,False,2,,,,,,,,,False,factoid
5a7237672dc08e987e000008,FLAN-T5-base,bioasq,False,1,,,,,,,,,False,factoid
5a6e472ab750ff4455000048,FLAN-T5-base,bioasq,True,3,3.0,1.4999999999999956,0.7499999999999978,False,False,0.0,0.0,-1.843310121446848,False,factoid
5a74b1730384be9551000007,FLAN-T5-base,bioasq,False,1,,,,,,,,,False,factoid
5a735b383b9d13c708000002,FLAN-T5-base,bioasq,True,3,2.0,0.8112781244591301,0.40563906222956503,False,False,0.0,0.0,-1.3187468983232975,False,factoid
5a7346662dc08e987e00001a,FLAN-T5-base,bioasq,False,2,,,,,,,,,False,factoid
5a690487b750ff445500001f,FLAN-T5-base,bioasq,False,1,,,,,,,,,False,factoid
5a68f448b750ff4455000018,FLAN-T5-base,bioasq,True,3,4.0,1.9999999999999942,0.9999999999999971,False,False,0.0,0.0,-1.2779305854013987,False,factoid
5a6e4d22b750ff445500004d,FLAN-T5-base,bioasq,False,2,,,,,,,,,False,factoid
5a7234352dc08e987e000007,FLAN-T5-base,bioasq,False,2,,,,,,,,,False,factoid
5a6e24a5b750ff445500003c,FLAN-T5-base,bioasq,False,2,,,,,,,,,False,factoid
5a895f51fcd1d6a10c000004,FLAN-T5-base,bioasq,True,3,2.0,0.8112781244591301,0.40563906222956503,False,False,0.0,0.0,-1.3787338932355244,False,factoid
5a7d4e9afaa1ab7d2e000013,FLAN-T5-base,bioasq,False,2,,,,,,,,,False,factoid
5a6a02a3b750ff4455000021,FLAN-T5-base,bioasq,True,3,3.0,1.4999999999999956,0.7499999999999978,False,False,0.0,0.0,-1.3204501271247864,False,factoid
5a86f074faa1ab7d2e00003a,FLAN-T5-base,bioasq,False,1,,,,,,,,,False,factoid
5a70ce82b750ff4455000065,FLAN-T5-base,bioasq,False,1,,,,,,,,,False,factoid
5a742d620384be9551000002,FLAN-T5-base,bioasq,False,2,,,,,,,,,False,factoid
5a74a8a70384be9551000005,FLAN-T5-base,bioasq,True,3,2.0,0.8112781244591301,0.40563906222956503,False,False,0.0,0.0,-0.8431401280686259,False,factoid
5a6e3155b750ff445500003f,FLAN-T5-base,bioasq,False,2,,,,,,,,,False,factoid
5a6e42f1b750ff4455000046,FLAN-T5-base,bioasq,False,2,,,,,,,,,False,factoid
5a6e354fb750ff4455000042,FLAN-T5-base,bioasq,False,2,,,,,,,,,False,factoid
5a6f960fb750ff445500005c,FLAN-T5-base,bioasq,False,0,,,,,,,,,False,factoid
5a551a8fb750ff4455000002,FLAN-T5-base,bioasq,False,1,,,,,,,,,False,factoid
5a87f44061bb38fb2400000f,FLAN-T5-base,bioasq,False,2,,,,,,,,,False,factoid
5a6a3464b750ff4455000026,FLAN-T5-base,bioasq,True,3,2.0,0.8112781244591301,0.40563906222956503,False,False,0.0,0.0,-1.658433921635151,False,factoid
5a6d08d5b750ff445500002c,FLAN-T5-base,bioasq,True,3,3.0,1.4999999999999956,0.7499999999999978,False,False,0.0,0.0,-0.9827413614839315,False,factoid
5a70d42899e2c3af26000002,FLAN-T5-base,bioasq,False,1,,,,,,,,,False,factoid
5a8b1264fcd1d6a10c00001d,FLAN-T5-base,bioasq,False,2,,,,,,,,,False,factoid
5a70e4b399e2c3af26000008,FLAN-T5-base,bioasq,False,1,,,,,,,,,False,factoid
5a777ab9faa1ab7d2e00000a,FLAN-T5-base,bioasq,False,1,,,,,,,,,False,factoid
5a8715a961bb38fb24000006,FLAN-T5-base,bioasq,False,1,,,,,,,,,False,factoid
5a8718c861bb38fb24000008,FLAN-T5-base,bioasq,False,1,,,,,,,,,False,factoid
5a75f6e083b0d9ea66000009,FLAN-T5-base,bioasq,False,2,,,,,,,,,False,factoid
5a72329e2dc08e987e000006,FLAN-T5-base,bioasq,False,1,,,,,,,,,False,factoid
5a735cdc3b9d13c708000004,FLAN-T5-base,bioasq,False,2,,,,,,,,,False,factoid
5a6fa31ab750ff445500005e,FLAN-T5-base,bioasq,True,3,4.0,1.9999999999999942,0.9999999999999971,False,False,0.0,0.0,-1.3936675254787718,False,factoid
5a871a6861bb38fb24000009,FLAN-T5-base,bioasq,False,1,,,,,,,,,False,factoid
5a67ab79b750ff445500000b,FLAN-T5-base,bioasq,False,2,,,,,,,,,False,factoid
5a6d196db750ff4455000032,FLAN-T5-base,bioasq,True,3,2.0,0.8112781244591301,0.40563906222956503,False,False,0.0,0.0,-1.3920848965644836,False,factoid
5a74e9ad0384be955100000a,FLAN-T5-base,bioasq,False,0,,,,,,,,,False,factoid
5a6d1733b750ff4455000030,FLAN-T5-base,bioasq,False,1,,,,,,,,,False,factoid
5a7877c0faa1ab7d2e00000c,FLAN-T5-base,bioasq,False,2,,,,,,,,,False,factoid
5a68f005b750ff4455000016,FLAN-T5-base,bioasq,True,3,2.0,0.8112781244591301,0.40563906222956503,False,False,0.0,0.0,-1.1479601268656552,False,factoid
5a79d0b8faa1ab7d2e00000d,FLAN-T5-base,bioasq,False,2,,,,,,,,,False,factoid
5a68f965b750ff445500001a,FLAN-T5-base,bioasq,False,2,,,,,,,,,False,factoid
5a6900ebb750ff445500001d,FLAN-T5-base,bioasq,True,3,2.0,0.9999999999999971,0.49999999999999856,False,False,0.0,0.0,-0.7753513227984917,False,factoid
5a6e1280b750ff4455000037,FLAN-T5-base,bioasq,False,1,,,,,,,,,False,factoid
5a87145861bb38fb24000004,FLAN-T5-base,bioasq,False,1,,,,,,,,,False,factoid
5a6e2578b750ff445500003d,FLAN-T5-base,bioasq,True,3,3.0,1.4999999999999956,0.7499999999999978,False,False,0.0,0.0,-0.5549892674898729,False,factoid
5a6f853ab750ff4455000055,FLAN-T5-base,bioasq,False,2,,,,,,,,,False,factoid
5a871b8d61bb38fb2400000a,FLAN-T5-base,bioasq,False,2,,,,,,,,,False,factoid
5a6f98e6b750ff445500005d,FLAN-T5-base,bioasq,False,2,,,,,,,,,False,factoid
5a897a06fcd1d6a10c00000b,FLAN-T5-base,bioasq,False,1,,,,,,,,,False,factoid
5a6fa61ab750ff4455000060,FLAN-T5-base,bioasq,False,1,,,,,,,,,False,factoid
5a72302b2dc08e987e000005,FLAN-T5-base,bioasq,False,2,,,,,,,,,False,factoid
5a8712af61bb38fb24000002,FLAN-T5-base,bioasq,True,3,3.0,1.4999999999999956,0.7499999999999978,False,False,0.0,0.0,-1.5366181135177612,False,factoid
5a9dad764e03427e73000007,FLAN-T5-base,bioasq,False,2,,,,,,,,,False,factoid
5a9d29571d1251d03b000018,FLAN-T5-base,bioasq,False,2,,,,,,,,,False,factoid
5a9e2386de7cb99d40000004,FLAN-T5-base,bioasq,True,3,2.0,0.8112781244591301,0.40563906222956503,False,False,0.0,0.0,-1.6457935720682144,False,factoid
5a761ac3aacfb9cd4c000002,FLAN-T5-base,bioasq,True,3,1.0,-1.6017132519074577e-15,-8.008566259537289e-16,True,False,0.0,0.0,-1.5425371713936329,False,factoid
5a679e8cb750ff4455000006,FLAN-T5-base,bioasq,False,2,,,,,,,,,False,factoid
5a9ac7ba1d1251d03b000013,FLAN-T5-base,bioasq,False,0,,,,,,,,,False,factoid
5a8b27e6fcd1d6a10c00001e,FLAN-T5-base,bioasq,False,2,,,,,,,,,False,factoid
5a67c497b750ff4455000012,FLAN-T5-base,bioasq,True,3,3.0,1.4999999999999956,0.7499999999999978,False,False,0.0,0.0,-1.4545965109718964,False,factoid
5a9acd921d1251d03b000016,FLAN-T5-base,bioasq,False,2,,,,,,,,,False,factoid
5a76160a83b0d9ea66000020,FLAN-T5-base,bioasq,False,1,,,,,,,,,False,factoid
5aa55b45d6d6b54f7900000d,FLAN-T5-base,bioasq,False,1,,,,,,,,,False,factoid
5a9d8a651d1251d03b00001f,FLAN-T5-base,bioasq,False,2,,,,,,,,,False,factoid
5a76179d83b0d9ea66000021,FLAN-T5-base,bioasq,False,1,,,,,,,,,False,factoid
5a774fdcfaa1ab7d2e000008,FLAN-T5-base,bioasq,True,3,2.0,0.9999999999999971,0.49999999999999856,False,False,0.0,0.0,-0.6640113904368263,False,factoid
5a804f71faa1ab7d2e00001d,FLAN-T5-base,bioasq,False,2,,,,,,,,,False,factoid
5a9ac4e81d1251d03b000011,FLAN-T5-base,bioasq,False,1,,,,,,,,,False,factoid
5a8056a2faa1ab7d2e00001f,FLAN-T5-base,bioasq,False,2,,,,,,,,,False,factoid
5aa6c800d6d6b54f79000012,FLAN-T5-base,bioasq,True,3,3.0,1.4999999999999956,0.7499999999999978,False,False,0.0,0.0,-1.149691078066826,False,factoid
5a9d31711d1251d03b00001c,FLAN-T5-base,bioasq,False,2,,,,,,,,,False,factoid
5aad4b37fcf456587200000a,FLAN-T5-base,bioasq,False,2,,,,,,,,,False,factoid
5a9ac6821d1251d03b000012,FLAN-T5-base,bioasq,False,1,,,,,,,,,False,factoid
5a9700adfcd1d6a10c00002c,FLAN-T5-base,bioasq,False,1,,,,,,,,,False,factoid
5a9d8d691d1251d03b000020,FLAN-T5-base,bioasq,True,3,3.0,1.4999999999999956,0.7499999999999978,False,False,0.0,0.0,-1.3387902421610696,False,factoid
5a9da8df4e03427e73000006,FLAN-T5-base,bioasq,False,2,,,,,,,,,False,factoid
5aa50086d6d6b54f7900000c,FLAN-T5-base,bioasq,True,3,3.0,1.4999999999999956,0.7499999999999978,False,False,0.0,0.0,-1.8316139238221305,False,factoid
5a7639419e632bc066000005,FLAN-T5-base,bioasq,True,3,4.0,1.9999999999999942,0.9999999999999971,False,False,0.0,0.0,-1.8719785083085299,False,factoid
5a7347a02dc08e987e00001b,FLAN-T5-base,bioasq,False,1,,,,,,,,,False,factoid
5a7373f63b9d13c708000008,FLAN-T5-base,bioasq,True,3,1.0,-1.6017132519074577e-15,-8.008566259537289e-16,True,False,0.0,0.0,-1.4675388671457767,False,factoid
5a95765bfcd1d6a10c000028,FLAN-T5-base,bioasq,True,3,1.0,-1.6017132519074577e-15,-8.008566259537289e-16,True,False,0.0,0.0,-0.8959044977091253,False,factoid
5a992b371d1251d03b00000a,FLAN-T5-base,bioasq,False,0,,,,,,,,,False,factoid
5aa3fb7ad6d6b54f79000009,FLAN-T5-base,bioasq,True,3,1.0,-1.6017132519074577e-15,-8.008566259537289e-16,True,False,0.0,0.0,-0.5269533927275916,False,factoid
5a7428090384be9551000001,FLAN-T5-base,bioasq,False,0,,,,,,,,,False,factoid
5aa824a8fcf4565872000002,FLAN-T5-base,bioasq,False,2,,,,,,,,,False,factoid
589a247078275d0c4a000035,FLAN-T5-base,bioasq,False,2,,,,,,,,,False,factoid
5ac24c9495d0062724000002,FLAN-T5-base,bioasq,False,2,,,,,,,,,False,factoid
5abc9ecffcf4565872000021,FLAN-T5-base,bioasq,False,2,,,,,,,,,False,factoid
5ac138aa95d0062724000001,FLAN-T5-base,bioasq,False,2,,,,,,,,,False,factoid
5ab147edfcf4565872000013,FLAN-T5-base,bioasq,False,1,,,,,,,,,False,factoid
5a9d99ac4e03427e73000002,FLAN-T5-base,bioasq,False,1,,,,,,,,,False,factoid
5ab1483bfcf4565872000014,FLAN-T5-base,bioasq,False,1,,,,,,,,,False,factoid
5a896c26fcd1d6a10c000007,FLAN-T5-base,bioasq,False,0,,,,,,,,,False,factoid
5ac37afc0340b9f058000002,FLAN-T5-base,bioasq,False,2,,,,,,,,,False,factoid
5abcf010fcf4565872000023,FLAN-T5-base,bioasq,False,2,,,,,,,,,False,factoid
5ad243e30340b9f058000016,FLAN-T5-base,bioasq,False,0,,,,,,,,,False,factoid
5ace17c30340b9f058000009,FLAN-T5-base,bioasq,False,2,,,,,,,,,False,factoid
5abd13e1fcf4565872000029,FLAN-T5-base,bioasq,False,2,,,,,,,,,False,factoid
5ac716810340b9f058000003,FLAN-T5-base,bioasq,False,2,,,,,,,,,False,factoid
5ace19420340b9f05800000a,FLAN-T5-base,bioasq,False,1,,,,,,,,,False,factoid
5abd5a62fcf4565872000031,FLAN-T5-base,bioasq,True,3,2.0,0.9999999999999971,0.49999999999999856,False,False,0.0,0.0,-1.348703197358797,False,factoid
5ace37d50340b9f058000011,FLAN-T5-base,bioasq,False,2,,,,,,,,,False,factoid
5a8980d2fcd1d6a10c00000d,FLAN-T5-base,bioasq,False,2,,,,,,,,,False,factoid
5a9e202bde7cb99d40000002,FLAN-T5-base,bioasq,False,1,,,,,,,,,False,factoid
5aafc37afcf4565872000010,FLAN-T5-base,bioasq,False,2,,,,,,,,,False,factoid
5a885add61bb38fb24000017,FLAN-T5-base,bioasq,False,2,,,,,,,,,False,factoid
5aacd487fcf4565872000007,FLAN-T5-base,bioasq,False,1,,,,,,,,,False,factoid
5ac0a82d19833b0d7b000003,FLAN-T5-base,bioasq,False,2,,,,,,,,,False,factoid
5ac725250340b9f058000006,FLAN-T5-base,bioasq,False,1,,,,,,,,,False,factoid
5abd2ce0fcf456587200002a,FLAN-T5-base,bioasq,True,3,2.0,0.8112781244591301,0.40563906222956503,False,False,0.0,0.0,-0.5904791954219237,False,factoid
5ad6e431133db5eb7800000e,FLAN-T5-base,bioasq,False,2,,,,,,,,,False,factoid
5ac08fe7d0c506ce46000003,FLAN-T5-base,bioasq,True,3,4.0,1.9999999999999942,0.9999999999999971,False,False,0.0,0.0,-1.0350047340810609,False,factoid
5ab2cc66fcf4565872000015,FLAN-T5-base,bioasq,False,2,,,,,,,,,False,factoid
5ace238e0340b9f05800000d,FLAN-T5-base,bioasq,False,0,,,,,,,,,False,factoid
5ac09a7b19833b0d7b000001,FLAN-T5-base,bioasq,False,1,,,,,,,,,False,factoid
5abbe429fcf456587200001c,FLAN-T5-base,bioasq,False,1,,,,,,,,,False,factoid
5abbfd97fcf456587200001d,FLAN-T5-base,bioasq,False,1,,,,,,,,,False,factoid
5ab90a79fcf456587200001b,FLAN-T5-base,bioasq,True,3,3.0,1.4999999999999956,0.7499999999999978,False,False,0.0,0.0,-1.3768355903836589,False,factoid
5a86e6fafaa1ab7d2e000036,FLAN-T5-base,bioasq,False,1,,,,,,,,,False,factoid
5ad4dd93133db5eb78000008,FLAN-T5-base,bioasq,True,3,2.0,0.8112781244591301,0.40563906222956503,False,False,0.0,0.0,-1.251684891874902,False,factoid
5ace1a590340b9f05800000b,FLAN-T5-base,bioasq,False,2,,,,,,,,,False,factoid
5ac0a36f19833b0d7b000002,FLAN-T5-base,bioasq,False,2,,,,,,,,,False,factoid
5ac3699f0340b9f058000001,FLAN-T5-base,bioasq,False,2,,,,,,,,,False,factoid
5aac543bfcf4565872000004,FLAN-T5-base,bioasq,False,2,,,,,,,,,False,factoid
5abcf0b0fcf4565872000024,FLAN-T5-base,bioasq,False,0,,,,,,,,,False,factoid
5a74eaa50384be955100000b,FLAN-T5-base,bioasq,False,2,,,,,,,,,False,factoid
5aae6499fcf456587200000c,FLAN-T5-base,bioasq,False,1,,,,,,,,,False,factoid
5ace12be0340b9f058000007,FLAN-T5-base,bioasq,False,1,,,,,,,,,False,factoid
5a9da59c4e03427e73000005,FLAN-T5-base,bioasq,False,2,,,,,,,,,False,factoid
5be48c39133db5eb7800001d,FLAN-T5-base,bioasq,False,1,,,,,,,,,False,factoid
5c5f56501a4c55d80b00002a,FLAN-T5-base,bioasq,False,2,,,,,,,,,False,factoid
5c34ad63da8336e21a000007,FLAN-T5-base,bioasq,True,3,4.0,1.9999999999999942,0.9999999999999971,False,False,0.0,0.0,-0.6311248115089256,False,factoid
5c65b7657c78d6947100000c,FLAN-T5-base,bioasq,False,2,,,,,,,,,False,factoid
5acf74460340b9f058000013,FLAN-T5-base,bioasq,False,1,,,,,,,,,False,factoid
5be44ed3133db5eb78000016,FLAN-T5-base,bioasq,False,2,,,,,,,,,False,factoid
5ad83cd6133db5eb78000010,FLAN-T5-base,bioasq,False,2,,,,,,,,,False,factoid
5c58474786df2b9174000001,FLAN-T5-base,bioasq,True,3,4.0,1.9999999999999942,0.9999999999999971,False,False,0.0,0.0,-1.7644025436179205,False,factoid
5be47fcb133db5eb7800001a,FLAN-T5-base,bioasq,False,2,,,,,,,,,False,factoid
5c5f094c1a4c55d80b00000c,FLAN-T5-base,bioasq,False,1,,,,,,,,,False,factoid
5c2f669e133db5eb78000031,FLAN-T5-base,bioasq,False,2,,,,,,,,,False,factoid
5c58962286df2b9174000007,FLAN-T5-base,bioasq,False,1,,,,,,,,,False,factoid
5c59872b86df2b9174000017,FLAN-T5-base,bioasq,False,1,,,,,,,,,False,factoid
5be48987133db5eb7800001c,FLAN-T5-base,bioasq,False,2,,,,,,,,,False,factoid
5c307474133db5eb78000033,FLAN-T5-base,bioasq,False,2,,,,,,,,,False,factoid
5c632542e842deac6700000d,FLAN-T5-base,bioasq,False,2,,,,,,,,,False,factoid
5c58b99586df2b9174000012,FLAN-T5-base,bioasq,False,1,,,,,,,,,False,factoid
5be494a0133db5eb7800001f,FLAN-T5-base,bioasq,False,1,,,,,,,,,False,factoid
5c5f0fb41a4c55d80b000013,FLAN-T5-base,bioasq,False,1,,,,,,,,,False,factoid
5c34ac49da8336e21a000006,FLAN-T5-base,bioasq,True,3,2.0,0.8112781244591301,0.40563906222956503,False,False,0.0,0.0,-1.5725704252719879,False,factoid
5c5f10791a4c55d80b000014,FLAN-T5-base,bioasq,False,2,,,,,,,,,False,factoid
5c588efb86df2b9174000004,FLAN-T5-base,bioasq,False,2,,,,,,,,,False,factoid
5c532ad97e3cb0e23100001a,FLAN-T5-base,bioasq,False,0,,,,,,,,,False,factoid
5c011057133db5eb78000025,FLAN-T5-base,bioasq,True,3,4.0,1.9999999999999942,0.9999999999999971,False,True,1.0,1.0,-1.4795187711715698,False,factoid
5c5f2c0c1a4c55d80b000021,FLAN-T5-base,bioasq,True,3,2.0,0.8112781244591301,0.40563906222956503,False,False,0.0,0.0,-1.0893766954541206,False,factoid
5c0112dd133db5eb78000026,FLAN-T5-base,bioasq,False,0,,,,,,,,,False,factoid
5c011448133db5eb78000027,FLAN-T5-base,bioasq,False,1,,,,,,,,,False,factoid
5c5f3a1f1a4c55d80b000028,FLAN-T5-base,bioasq,True,3,3.0,1.4999999999999956,0.7499999999999978,False,False,0.0,0.0,-1.4716155957430601,False,factoid
5c588d0986df2b9174000003,FLAN-T5-base,bioasq,False,2,,,,,,,,,False,factoid
5c580aff07647bbc4b00001a,FLAN-T5-base,bioasq,False,2,,,,,,,,,False,factoid
5c581e1507647bbc4b00001c,FLAN-T5-base,bioasq,False,1,,,,,,,,,False,factoid
5c55d9b707647bbc4b000009,FLAN-T5-base,bioasq,False,2,,,,,,,,,False,factoid
5ad4d758133db5eb78000007,FLAN-T5-base,bioasq,False,2,,,,,,,,,False,factoid
5c2cf051133db5eb78000030,FLAN-T5-base,bioasq,False,2,,,,,,,,,False,factoid
5c5f08ad1a4c55d80b00000b,FLAN-T5-base,bioasq,False,2,,,,,,,,,False,factoid
5c5f0d071a4c55d80b000010,FLAN-T5-base,bioasq,False,2,,,,,,,,,False,factoid
5c56b96e07647bbc4b000010,FLAN-T5-base,bioasq,False,2,,,,,,,,,False,factoid
5c5f30c91a4c55d80b000025,FLAN-T5-base,bioasq,False,0,,,,,,,,,False,factoid
5ad35d01133db5eb78000003,FLAN-T5-base,bioasq,False,1,,,,,,,,,False,factoid
5c6be8f07c78d69471000032,FLAN-T5-base,bioasq,True,3,3.0,1.4999999999999956,0.7499999999999978,False,False,0.0,0.0,-1.0261739824309188,False,factoid
5c73ad367c78d69471000099,FLAN-T5-base,bioasq,False,2,,,,,,,,,False,factoid
5c7b1a5fd774d0424000000c,FLAN-T5-base,bioasq,False,1,,,,,,,,,False,factoid
5c5219f67e3cb0e231000006,FLAN-T5-base,bioasq,False,2,,,,,,,,,False,factoid
5c630666e842deac6700000c,FLAN-T5-base,bioasq,False,2,,,,,,,,,False,factoid
5c74111f7c78d694710000a1,FLAN-T5-base,bioasq,False,2,,,,,,,,,False,factoid
5c536b857e3cb0e23100001c,FLAN-T5-base,bioasq,False,2,,,,,,,,,False,factoid
5c73ad027c78d6947100008d,FLAN-T5-base,bioasq,False,2,,,,,,,,,False,factoid
5c783d32d774d04240000004,FLAN-T5-base,bioasq,True,3,1.0,-1.6017132519074577e-15,-8.008566259537289e-16,True,False,0.0,0.0,-0.9541411651298404,False,factoid
5c76d0417c78d694710000a8,FLAN-T5-base,bioasq,False,2,,,,,,,,,False,factoid
5c6545bae842deac6700001d,FLAN-T5-base,bioasq,False,2,,,,,,,,,False,factoid
5c7161f47c78d69471000066,FLAN-T5-base,bioasq,False,1,,,,,,,,,False,factoid
5c5f264b1a4c55d80b00001e,FLAN-T5-base,bioasq,False,2,,,,,,,,,False,factoid
5c6aef167c78d69471000023,FLAN-T5-base,bioasq,False,2,,,,,,,,,False,factoid
5c646fd3e842deac6700001a,FLAN-T5-base,bioasq,True,3,2.0,0.8112781244591301,0.40563906222956503,False,False,0.0,0.0,-0.7329427878527591,False,factoid
5c61d278e842deac67000005,FLAN-T5-base,bioasq,False,2,,,,,,,,,False,factoid
5c6473b2e842deac6700001b,FLAN-T5-base,bioasq,False,1,,,,,,,,,False,factoid
5c5312097e3cb0e231000011,FLAN-T5-base,bioasq,False,2,,,,,,,,,False,factoid
5c65abd17c78d69471000009,FLAN-T5-base,bioasq,False,2,,,,,,,,,False,factoid
5c0115e0133db5eb78000029,FLAN-T5-base,bioasq,False,1,,,,,,,,,False,factoid
5c5f1f371a4c55d80b00001a,FLAN-T5-base,bioasq,False,0,,,,,,,,,False,factoid
5c5249077e3cb0e23100000b,FLAN-T5-base,bioasq,True,3,3.0,1.4999999999999956,0.7499999999999978,False,False,0.0,0.0,-1.6805780529975891,False,factoid
5c65897a7c78d69471000006,FLAN-T5-base,bioasq,True,3,2.0,0.8112781244591301,0.40563906222956503,False,False,0.0,0.0,-0.9191259300336242,False,factoid
5c5310c37e3cb0e231000010,FLAN-T5-base,bioasq,False,2,,,,,,,,,False,factoid
5c65901c7c78d69471000008,FLAN-T5-base,bioasq,False,2,,,,,,,,,False,factoid
5c78080e7c78d694710000ae,FLAN-T5-base,bioasq,True,3,2.0,0.8112781244591301,0.40563906222956503,False,False,0.0,0.0,-1.229569239275796,False,factoid
5c65468ce842deac6700001e,FLAN-T5-base,bioasq,False,1,,,,,,,,,False,factoid
5c51f01e07ef653866000002,FLAN-T5-base,bioasq,False,2,,,,,,,,,False,factoid
5c531d8f7e3cb0e231000017,FLAN-T5-base,bioasq,True,3,1.0,-1.6017132519074577e-15,-8.008566259537289e-16,True,False,0.0,0.0,-1.2457668458422024,False,factoid
5c51f9dd07ef653866000005,FLAN-T5-base,bioasq,False,2,,,,,,,,,False,factoid
5c5f29a81a4c55d80b00001f,FLAN-T5-base,bioasq,False,1,,,,,,,,,False,factoid
5c5b4a941a4c55d80b000002,FLAN-T5-base,bioasq,False,2,,,,,,,,,False,factoid
5c6b7fb27c78d6947100002d,FLAN-T5-base,bioasq,False,2,,,,,,,,,False,factoid
5c629937e842deac67000008,FLAN-T5-base,bioasq,False,0,,,,,,,,,False,factoid
5c7839edd774d04240000003,FLAN-T5-base,bioasq,False,2,,,,,,,,,False,factoid
5c6e05f37c78d69471000049,FLAN-T5-base,bioasq,False,2,,,,,,,,,False,factoid
5c674c287c78d6947100001a,FLAN-T5-base,bioasq,False,2,,,,,,,,,False,factoid
5c6bec987c78d69471000033,FLAN-T5-base,bioasq,False,2,,,,,,,,,False,factoid
5c7aae9dd774d0424000000a,FLAN-T5-base,bioasq,False,2,,,,,,,,,False,factoid
5c6e0f537c78d6947100004a,FLAN-T5-base,bioasq,False,2,,,,,,,,,False,factoid
5c6e16eb7c78d6947100004e,FLAN-T5-base,bioasq,False,1,,,,,,,,,False,factoid
5c54d1a207647bbc4b000007,FLAN-T5-base,bioasq,False,1,,,,,,,,,False,factoid
5c51fb7a07ef653866000006,FLAN-T5-base,bioasq,False,1,,,,,,,,,False,factoid
5c51fe8907ef653866000007,FLAN-T5-base,bioasq,True,3,2.0,0.9999999999999971,0.49999999999999856,False,False,0.0,0.0,-1.6868970334529876,False,factoid
5c71d6d27c78d6947100006a,FLAN-T5-base,bioasq,False,2,,,,,,,,,False,factoid
5c0117fd133db5eb7800002a,FLAN-T5-base,bioasq,True,3,3.0,1.4999999999999956,0.7499999999999978,False,False,0.0,0.0,-2.2475272553662458,False,factoid
5c71d7ca7c78d6947100006b,FLAN-T5-base,bioasq,False,0,,,,,,,,,False,factoid
5c5b268986df2b9174000019,FLAN-T5-base,bioasq,False,2,,,,,,,,,False,factoid
5c72ade07c78d69471000070,FLAN-T5-base,bioasq,True,3,2.0,0.8112781244591301,0.40563906222956503,False,False,0.0,0.0,-1.1507817924022674,False,factoid
5c53191a7e3cb0e231000016,FLAN-T5-base,bioasq,False,2,,,,,,,,,False,factoid
5c7813f57c78d694710000b0,FLAN-T5-base,bioasq,False,2,,,,,,,,,False,factoid
5c571dd307647bbc4b000016,FLAN-T5-base,bioasq,True,3,2.0,0.8112781244591301,0.40563906222956503,False,False,0.0,0.0,-1.1918547479435802,False,factoid
5c6b810e7c78d6947100002e,FLAN-T5-base,bioasq,False,2,,,,,,,,,False,factoid
5c73ace87c78d69471000084,FLAN-T5-base,bioasq,False,1,,,,,,,,,False,factoid
5c61f767e842deac67000007,FLAN-T5-base,bioasq,False,2,,,,,,,,,False,factoid
5c929094ecadf2e73f000019,FLAN-T5-base,bioasq,False,1,,,,,,,,,False,factoid
5c72f6b17c78d6947100007f,FLAN-T5-base,bioasq,False,2,,,,,,,,,False,factoid
5c93e5acecadf2e73f00001a,FLAN-T5-base,bioasq,False,1,,,,,,,,,False,factoid
5c89623bf9c2ba6b28000005,FLAN-T5-base,bioasq,True,3,2.0,0.8112781244591301,0.40563906222956503,False,False,0.0,0.0,-0.5401987825413622,False,factoid
5c8cd26a0101eac870000003,FLAN-T5-base,bioasq,False,2,,,,,,,,,False,factoid
5c8cdfe50101eac870000004,FLAN-T5-base,bioasq,True,3,3.0,1.4999999999999956,0.7499999999999978,False,False,0.0,0.0,-0.7312111952342093,False,factoid
5c84346b75a4a5d219000001,FLAN-T5-base,bioasq,True,3,3.0,1.4999999999999956,0.7499999999999978,False,False,0.0,0.0,-1.166850206752618,False,factoid
5c73acef7c78d69471000088,FLAN-T5-base,bioasq,True,3,2.0,0.8112781244591301,0.40563906222956503,False,False,0.0,0.0,-0.7097125078551472,False,factoid
5c85234775a4a5d219000007,FLAN-T5-base,bioasq,True,3,2.0,0.8112781244591301,0.40563906222956503,False,False,0.0,0.0,-0.9062649856011072,False,factoid
5c8973f3d558e5f232000007,FLAN-T5-base,bioasq,False,2,,,,,,,,,False,factoid
5c8974bcd558e5f232000008,FLAN-T5-base,bioasq,False,0,,,,,,,,,False,factoid
5c73ad077c78d69471000090,FLAN-T5-base,bioasq,False,2,,,,,,,,,False,factoid
5c920fc3ecadf2e73f000011,FLAN-T5-base,bioasq,False,2,,,,,,,,,False,factoid
5c6ab4c17c78d6947100001d,FLAN-T5-base,bioasq,False,1,,,,,,,,,False,factoid
5c92871decadf2e73f000016,FLAN-T5-base,bioasq,True,3,4.0,1.9999999999999942,0.9999999999999971,False,False,0.0,0.0,-1.7332442336612277,False,factoid
5c920f13ecadf2e73f000010,FLAN-T5-base,bioasq,False,2,,,,,,,,,False,factoid
5c72b7277c78d69471000073,FLAN-T5-base,bioasq,False,2,,,,,,,,,False,factoid
5c7d5ae9d774d04240000010,FLAN-T5-base,bioasq,False,1,,,,,,,,,False,factoid
5c83fd8e617e120c34000004,FLAN-T5-base,bioasq,False,2,,,,,,,,,False,factoid
5c7d5fcfd774d04240000011,FLAN-T5-base,bioasq,False,2,,,,,,,,,False,factoid
5c6acb107c78d6947100001f,FLAN-T5-base,bioasq,True,3,2.0,0.8112781244591301,0.40563906222956503,False,False,0.0,0.0,-1.052099335938692,False,factoid
5c8fee200101eac87000000f,FLAN-T5-base,bioasq,False,2,,,,,,,,,False,factoid
5c6ad2997c78d69471000020,FLAN-T5-base,bioasq,True,3,3.0,1.4999999999999956,0.7499999999999978,False,False,0.0,0.0,-2.333700160185496,False,factoid
5c8fef490101eac870000010,FLAN-T5-base,bioasq,True,3,4.0,1.9999999999999942,0.9999999999999971,False,False,0.0,0.0,-1.4204770307784202,False,factoid
5c8d15cf0101eac870000009,FLAN-T5-base,bioasq,False,2,,,,,,,,,False,factoid
5c72f5247c78d6947100007e,FLAN-T5-base,bioasq,False,1,,,,,,,,,False,factoid
5c73acec7c78d69471000086,FLAN-T5-base,bioasq,False,1,,,,,,,,,False,factoid
5c909b6cecadf2e73f000005,FLAN-T5-base,bioasq,False,2,,,,,,,,,False,factoid
5c6d65637c78d69471000038,FLAN-T5-base,bioasq,False,2,,,,,,,,,False,factoid
5c915a8becadf2e73f000009,FLAN-T5-base,bioasq,False,2,,,,,,,,,False,factoid
5c920df7ecadf2e73f00000f,FLAN-T5-base,bioasq,False,1,,,,,,,,,False,factoid
5c632cc1e842deac6700000f,FLAN-T5-base,bioasq,False,0,,,,,,,,,False,factoid
5c890ad575a4a5d21900000d,FLAN-T5-base,bioasq,False,1,,,,,,,,,False,factoid
5ca0bf00ecadf2e73f000045,FLAN-T5-base,bioasq,False,2,,,,,,,,,False,factoid
5c92869aecadf2e73f000015,FLAN-T5-base,bioasq,False,2,,,,,,,,,False,factoid
5c990241ecadf2e73f00002d,FLAN-T5-base,bioasq,False,1,,,,,,,,,False,factoid
5c890e6d75a4a5d21900000f,FLAN-T5-base,bioasq,False,2,,,,,,,,,False,factoid
5c9904eaecadf2e73f00002e,FLAN-T5-base,bioasq,False,2,,,,,,,,,False,factoid
5c9a6693ecadf2e73f000031,FLAN-T5-base,bioasq,False,1,,,,,,,,,False,factoid
5c897082d558e5f232000004,FLAN-T5-base,bioasq,False,1,,,,,,,,,False,factoid
5cb0856decadf2e73f000058,FLAN-T5-base,bioasq,False,2,,,,,,,,,False,factoid
5c896f60d558e5f232000003,FLAN-T5-base,bioasq,False,1,,,,,,,,,False,factoid
5c8fe1f10101eac87000000a,FLAN-T5-base,bioasq,True,3,3.0,1.4999999999999956,0.7499999999999978,False,False,0.0,0.0,-1.0957003514881112,False,factoid
5c9e6407ecadf2e73f000034,FLAN-T5-base,bioasq,False,2,,,,,,,,,False,factoid
5c910ae0ecadf2e73f000007,FLAN-T5-base,bioasq,False,2,,,,,,,,,False,factoid
5c960f21ecadf2e73f000020,FLAN-T5-base,bioasq,False,0,,,,,,,,,False,factoid
5c9e6e99ecadf2e73f000036,FLAN-T5-base,bioasq,False,2,,,,,,,,,False,factoid
5c9efde8ecadf2e73f000039,FLAN-T5-base,bioasq,False,2,,,,,,,,,False,factoid
5c89623bf9c2ba6b28000004,FLAN-T5-base,bioasq,True,3,3.0,1.4999999999999956,0.7499999999999978,False,False,0.0,0.0,-1.2229911531321704,False,factoid
5c9789a9ecadf2e73f000024,FLAN-T5-base,bioasq,False,2,,,,,,,,,False,factoid
5c9791d2ecadf2e73f000026,FLAN-T5-base,bioasq,False,2,,,,,,,,,False,factoid
5cb0d647ecadf2e73f000059,FLAN-T5-base,bioasq,False,1,,,,,,,,,False,factoid
5c897167d558e5f232000005,FLAN-T5-base,bioasq,False,1,,,,,,,,,False,factoid
5cb0e4a6ecadf2e73f00005b,FLAN-T5-base,bioasq,False,2,,,,,,,,,False,factoid
5c897555d558e5f232000009,FLAN-T5-base,bioasq,False,2,,,,,,,,,False,factoid
5c89773ed558e5f23200000a,FLAN-T5-base,bioasq,False,1,,,,,,,,,False,factoid
5c9fb428ecadf2e73f000041,FLAN-T5-base,bioasq,False,1,,,,,,,,,False,factoid
5c8aa082d558e5f23200000c,FLAN-T5-base,bioasq,False,2,,,,,,,,,False,factoid
5c8fe7cb0101eac87000000c,FLAN-T5-base,bioasq,False,0,,,,,,,,,False,factoid
5c9ff25eecadf2e73f000043,FLAN-T5-base,bioasq,False,1,,,,,,,,,False,factoid
5c900b9eecadf2e73f000004,FLAN-T5-base,bioasq,False,0,,,,,,,,,False,factoid
5caa0247ecadf2e73f000055,FLAN-T5-base,bioasq,True,3,1.0,-1.6017132519074577e-15,-8.008566259537289e-16,True,False,0.0,0.0,-1.0523252993822099,False,factoid
5caa06d0ecadf2e73f000056,FLAN-T5-base,bioasq,False,2,,,,,,,,,False,factoid
5c840782617e120c34000006,FLAN-T5-base,bioasq,False,2,,,,,,,,,False,factoid
5ca9f846ecadf2e73f000053,FLAN-T5-base,bioasq,False,1,,,,,,,,,False,factoid
5c93e8bdecadf2e73f00001c,FLAN-T5-base,bioasq,False,2,,,,,,,,,False,factoid
5cb39707ecadf2e73f000060,FLAN-T5-base,bioasq,True,3,3.0,1.4999999999999956,0.7499999999999978,False,False,0.0,0.0,-0.6410426886545287,False,factoid
5e6157cb1af46fc13000000e,FLAN-T5-base,bioasq,False,2,,,,,,,,,False,factoid
5e44b04c48dab47f26000016,FLAN-T5-base,bioasq,False,1,,,,,,,,,False,factoid
5d3852d07bc3fee31f000014,FLAN-T5-base,bioasq,False,1,,,,,,,,,False,factoid
5e776cfe835f4e4777000010,FLAN-T5-base,bioasq,False,2,,,,,,,,,False,factoid
5e7f5d0d835f4e4777000016,FLAN-T5-base,bioasq,True,3,3.0,1.4999999999999956,0.7499999999999978,False,False,0.0,0.0,-2.2869478600720563,False,factoid
5e35dc26158f994d3a000006,FLAN-T5-base,bioasq,True,3,2.0,0.8112781244591301,0.40563906222956503,False,False,0.0,0.0,-1.931477318207423,False,factoid
5d386fbfa1e1595105000005,FLAN-T5-base,bioasq,False,2,,,,,,,,,False,factoid
5e48bf5ed14c9f295d000019,FLAN-T5-base,bioasq,False,1,,,,,,,,,False,factoid
5e4601293f54159529000002,FLAN-T5-base,bioasq,False,1,,,,,,,,,False,factoid
5e6e487151b80c9423000001,FLAN-T5-base,bioasq,False,2,,,,,,,,,False,factoid
5d374c727bc3fee31f00000d,FLAN-T5-base,bioasq,False,1,,,,,,,,,False,factoid
5e36cf8eb5b409ea53000007,FLAN-T5-base,bioasq,False,2,,,,,,,,,False,factoid
5d387573a1e159510500000a,FLAN-T5-base,bioasq,True,3,2.0,0.8112781244591301,0.40563906222956503,False,False,0.0,0.0,-0.6883971649222076,False,factoid
5e764440c6a8763d23000013,FLAN-T5-base,bioasq,False,1,,,,,,,,,False,factoid
5e6e82eac6a8763d23000001,FLAN-T5-base,bioasq,True,3,3.0,1.4999999999999956,0.7499999999999978,False,False,0.0,0.0,-1.1177543699741364,False,factoid
5e30fa32fbd6abf43b000048,FLAN-T5-base,bioasq,False,2,,,,,,,,,False,factoid
5e5e502a1af46fc13000000a,FLAN-T5-base,bioasq,False,2,,,,,,,,,False,factoid
5e30b870fbd6abf43b000038,FLAN-T5-base,bioasq,False,1,,,,,,,,,False,factoid
5e76436cc6a8763d23000012,FLAN-T5-base,bioasq,False,0,,,,,,,,,False,factoid
5e6de3f21af46fc130000022,FLAN-T5-base,bioasq,False,0,,,,,,,,,False,factoid
5e36d5b9b5b409ea53000009,FLAN-T5-base,bioasq,True,3,3.0,1.4999999999999956,0.7499999999999978,False,False,0.0,0.0,-1.4862637177109719,False,factoid
5e319617fbd6abf43b000049,FLAN-T5-base,bioasq,False,1,,,,,,,,,False,factoid
5e669e401af46fc13000001a,FLAN-T5-base,bioasq,False,2,,,,,,,,,False,factoid
5e764647c6a8763d23000016,FLAN-T5-base,bioasq,False,1,,,,,,,,,False,factoid
5d3826427bc3fee31f00000f,FLAN-T5-base,bioasq,True,3,4.0,1.9999999999999942,0.9999999999999971,False,False,0.0,0.0,-1.6573446989059448,False,factoid
5e5e50751af46fc13000000b,FLAN-T5-base,bioasq,False,0,,,,,,,,,False,factoid
5e6399dd1af46fc13000000f,FLAN-T5-base,bioasq,False,2,,,,,,,,,False,factoid
5e36a718b5b409ea53000004,FLAN-T5-base,bioasq,False,2,,,,,,,,,False,factoid
5d38663da1e1595105000001,FLAN-T5-base,bioasq,False,1,,,,,,,,,False,factoid
5e776db8835f4e4777000011,FLAN-T5-base,bioasq,False,0,,,,,,,,,False,factoid
5e6df7887fc1ee872b000001,FLAN-T5-base,bioasq,False,1,,,,,,,,,False,factoid
5e47546d3f54159529000019,FLAN-T5-base,bioasq,False,1,,,,,,,,,False,factoid
5e3ab4f8b5b409ea5300001b,FLAN-T5-base,bioasq,False,1,,,,,,,,,False,factoid
5e776845835f4e477700000a,FLAN-T5-base,bioasq,False,0,,,,,,,,,False,factoid
5e822615835f4e4777000034,FLAN-T5-base,bioasq,True,3,2.0,0.8112781244591301,0.40563906222956503,False,False,0.0,0.0,-0.7583511443343014,False,factoid
5d386ed6a1e1595105000004,FLAN-T5-base,bioasq,False,2,,,,,,,,,False,factoid
5e49c2356d0a277941000010,FLAN-T5-base,bioasq,True,3,2.0,0.8112781244591301,0.40563906222956503,False,False,0.0,0.0,-1.4820824079215527,False,factoid
5e52a4ec6d0a277941000044,FLAN-T5-base,bioasq,False,2,,,,,,,,,False,factoid
5e3eba5548dab47f26000009,FLAN-T5-base,bioasq,False,2,,,,,,,,,False,factoid
5d38577b7bc3fee31f000017,FLAN-T5-base,bioasq,False,2,,,,,,,,,False,factoid
5d36b8a37bc3fee31f000009,FLAN-T5-base,bioasq,False,2,,,,,,,,,False,factoid
5e47681b35b8f0833c000006,FLAN-T5-base,bioasq,False,0,,,,,,,,,False,factoid
5e50123e6d0a277941000036,FLAN-T5-base,bioasq,False,2,,,,,,,,,False,factoid
5e6e8f92c6a8763d23000004,FLAN-T5-base,bioasq,True,3,3.0,1.4999999999999956,0.7499999999999978,False,False,0.0,0.0,-0.5888827068265527,False,factoid
5e3c686fb5b409ea53000020,FLAN-T5-base,bioasq,False,2,,,,,,,,,False,factoid
5e5286036d0a277941000040,FLAN-T5-base,bioasq,False,1,,,,,,,,,False,factoid
5e80489b835f4e4777000022,FLAN-T5-base,bioasq,True,3,3.0,1.4999999999999956,0.7499999999999978,False,False,0.0,0.0,-1.506601124174065,False,factoid
5e7f64d6835f4e477700001f,FLAN-T5-base,bioasq,True,4,2.0,0.7219280948873594,0.3109175070825699,False,False,0.0,0.0,-1.1700161400367506,False,factoid
5e7f6971835f4e4777000020,FLAN-T5-base,bioasq,False,2,,,,,,,,,False,factoid
5e805e62835f4e4777000023,FLAN-T5-base,bioasq,False,2,,,,,,,,,False,factoid
5e52a3416d0a277941000043,FLAN-T5-base,bioasq,False,2,,,,,,,,,False,factoid
5e5438c3b761aafe09000003,FLAN-T5-base,bioasq,False,0,,,,,,,,,False,factoid
5e808ef4835f4e477700002a,FLAN-T5-base,bioasq,False,1,,,,,,,,,False,factoid
5d38767ca1e159510500000b,FLAN-T5-base,bioasq,False,1,,,,,,,,,False,factoid
5e52a7b66d0a277941000045,FLAN-T5-base,bioasq,False,2,,,,,,,,,False,factoid
5e7644a2c6a8763d23000014,FLAN-T5-base,bioasq,False,1,,,,,,,,,False,factoid
5e7745ea835f4e4777000006,FLAN-T5-base,bioasq,False,2,,,,,,,,,False,factoid
5e776443835f4e4777000008,FLAN-T5-base,bioasq,False,1,,,,,,,,,False,factoid
5e52be146d0a27794100004a,FLAN-T5-base,bioasq,False,2,,,,,,,,,False,factoid
5d388535a1e1595105000018,FLAN-T5-base,bioasq,False,2,,,,,,,,,False,factoid
5e776a75835f4e477700000d,FLAN-T5-base,bioasq,False,0,,,,,,,,,False,factoid
5e2b00bc76af173751000004,FLAN-T5-base,bioasq,True,3,3.0,1.4999999999999956,0.7499999999999978,False,False,0.0,0.0,-1.312206530070398,False,factoid
5e52add36d0a277941000047,FLAN-T5-base,bioasq,False,2,,,,,,,,,False,factoid
5e7f5d83835f4e4777000017,FLAN-T5-base,bioasq,False,2,,,,,,,,,False,factoid
5d387f24a1e1595105000013,FLAN-T5-base,bioasq,False,2,,,,,,,,,False,factoid
5e36dc8cb5b409ea5300000d,FLAN-T5-base,bioasq,False,2,,,,,,,,,False,factoid
5e3da25848dab47f26000004,FLAN-T5-base,bioasq,False,2,,,,,,,,,False,factoid
5e31cb85fbd6abf43b00004e,FLAN-T5-base,bioasq,False,1,,,,,,,,,False,factoid
5d31b847b3a6380763000002,FLAN-T5-base,bioasq,False,2,,,,,,,,,False,factoid
5e30e80bfbd6abf43b00003b,FLAN-T5-base,bioasq,False,2,,,,,,,,,False,factoid
5e499e266d0a27794100000c,FLAN-T5-base,bioasq,False,1,,,,,,,,,False,factoid
5e5b6f04b761aafe0900000e,FLAN-T5-base,bioasq,True,3,2.0,0.8112781244591301,0.40563906222956503,False,False,0.0,0.0,-0.5494448757963255,False,factoid
5cebf83ea49efeb44c00000a,FLAN-T5-base,bioasq,False,1,,,,,,,,,False,factoid
5e5b8b4e752ebcdc7a000001,FLAN-T5-base,bioasq,False,2,,,,,,,,,False,factoid
5e2dbd72fbd6abf43b000018,FLAN-T5-base,bioasq,False,2,,,,,,,,,False,factoid
5e361c8792b3349b55000001,FLAN-T5-base,bioasq,False,1,,,,,,,,,False,factoid
5e4940f46d0a277941000004,FLAN-T5-base,bioasq,True,3,2.0,0.8112781244591301,0.40563906222956503,False,False,0.0,0.0,-2.07115971048673,False,factoid
5cea52c7a49efeb44c000005,FLAN-T5-base,bioasq,False,2,,,,,,,,,False,factoid
5e5bab131af46fc130000001,FLAN-T5-base,bioasq,False,2,,,,,,,,,False,factoid
5e2dbc55fbd6abf43b000016,FLAN-T5-base,bioasq,False,1,,,,,,,,,False,factoid
5e5b8170b761aafe09000010,FLAN-T5-base,bioasq,False,1,,,,,,,,,False,factoid
5e319789fbd6abf43b00004a,FLAN-T5-base,bioasq,False,1,,,,,,,,,False,factoid
5e31cceafbd6abf43b000052,FLAN-T5-base,bioasq,False,1,,,,,,,,,False,factoid
5e5b626fb761aafe0900000c,FLAN-T5-base,bioasq,True,3,3.0,1.4999999999999956,0.7499999999999978,False,False,0.0,0.0,-1.0017306966445176,False,factoid
5e3c6c9eb5b409ea53000022,FLAN-T5-base,bioasq,True,3,4.0,1.9999999999999942,0.9999999999999971,False,False,0.0,0.0,-0.9261698222752395,False,factoid
5d387aa8a1e159510500000f,FLAN-T5-base,bioasq,False,2,,,,,,,,,False,factoid
5cd96f33a49efeb44c000004,FLAN-T5-base,bioasq,False,2,,,,,,,,,False,factoid
5e31cbd4fbd6abf43b00004f,FLAN-T5-base,bioasq,False,1,,,,,,,,,False,factoid
5cebeb82a49efeb44c000009,FLAN-T5-base,bioasq,False,1,,,,,,,,,False,factoid
5e29fb27aa19d74431000005,FLAN-T5-base,bioasq,False,2,,,,,,,,,False,factoid
5e48edb1f8b2df0d49000002,FLAN-T5-base,bioasq,False,2,,,,,,,,,False,factoid
5e29f666aa19d74431000001,FLAN-T5-base,bioasq,False,2,,,,,,,,,False,factoid
5e480da0d14c9f295d000006,FLAN-T5-base,bioasq,False,1,,,,,,,,,False,factoid
5e2e136bfbd6abf43b000023,FLAN-T5-base,bioasq,False,2,,,,,,,,,False,factoid
5c74266a7c78d694710000a2,FLAN-T5-base,bioasq,False,1,,,,,,,,,False,factoid
5e2b1ed9fbd6abf43b000005,FLAN-T5-base,bioasq,False,1,,,,,,,,,False,factoid
5e355e20fbd6abf43b000065,FLAN-T5-base,bioasq,True,3,3.0,1.4999999999999956,0.7499999999999978,False,False,0.0,0.0,-0.6577943539712579,False,factoid
5e48f2b6f8b2df0d49000005,FLAN-T5-base,bioasq,True,3,2.0,0.8112781244591301,0.40563906222956503,False,False,0.0,0.0,-0.7581241158251133,False,factoid
5ca61f17ecadf2e73f000050,FLAN-T5-base,bioasq,False,2,,,,,,,,,False,factoid
5e2f0afcfbd6abf43b000028,FLAN-T5-base,bioasq,False,1,,,,,,,,,False,factoid
5c7a4fddd774d04240000009,FLAN-T5-base,bioasq,False,0,,,,,,,,,False,factoid
5e46da9c3f5415952900000a,FLAN-T5-base,bioasq,False,1,,,,,,,,,False,factoid
5e2902688b3851296d000005,FLAN-T5-base,bioasq,False,2,,,,,,,,,False,factoid
5e46e74e3f5415952900000b,FLAN-T5-base,bioasq,False,2,,,,,,,,,False,factoid
5e2a046caa19d74431000008,FLAN-T5-base,bioasq,False,0,,,,,,,,,False,factoid
5e2902e48b3851296d000006,FLAN-T5-base,bioasq,False,2,,,,,,,,,False,factoid
5e2e11a1fbd6abf43b000021,FLAN-T5-base,bioasq,False,2,,,,,,,,,False,factoid
5c74285c7c78d694710000a3,FLAN-T5-base,bioasq,False,2,,,,,,,,,False,factoid
5c701f4f7c78d69471000060,FLAN-T5-base,bioasq,False,2,,,,,,,,,False,factoid
5e2894109499698331000002,FLAN-T5-base,bioasq,False,2,,,,,,,,,False,factoid
5e2daaa2fbd6abf43b00000e,FLAN-T5-base,bioasq,False,1,,,,,,,,,False,factoid
5e2a080caa19d7443100000a,FLAN-T5-base,bioasq,False,2,,,,,,,,,False,factoid
5e2e1792fbd6abf43b000024,FLAN-T5-base,bioasq,False,2,,,,,,,,,False,factoid
5e48efd9f8b2df0d49000004,FLAN-T5-base,bioasq,True,3,4.0,1.9999999999999942,0.9999999999999971,False,False,0.0,0.0,-1.5302311723284863,False,factoid
5e2a1096aa19d7443100000e,FLAN-T5-base,bioasq,False,2,,,,,,,,,False,factoid
5e29f6e0aa19d74431000002,FLAN-T5-base,bioasq,False,2,,,,,,,,,False,factoid
5e2b2c85fbd6abf43b000007,FLAN-T5-base,bioasq,False,2,,,,,,,,,False,factoid
5e2dafccfbd6abf43b000013,FLAN-T5-base,bioasq,False,1,,,,,,,,,False,factoid
5e2deb35fbd6abf43b00001c,FLAN-T5-base,bioasq,True,3,2.0,0.8112781244591301,0.40563906222956503,False,False,0.0,0.0,-1.2161434069275856,False,factoid
5e499c636d0a27794100000a,FLAN-T5-base,bioasq,True,3,1.0,-1.6017132519074577e-15,-8.008566259537289e-16,True,False,0.0,0.0,-0.9953951189915339,False,factoid
5c74305d7c78d694710000a4,FLAN-T5-base,bioasq,False,2,,,,,,,,,False,factoid
5e540c866d0a277941000052,FLAN-T5-base,bioasq,True,3,1.0,-1.6017132519074577e-15,-8.008566259537289e-16,True,False,0.0,0.0,-1.2786523974500597,False,factoid
5d35f1267bc3fee31f000004,FLAN-T5-base,bioasq,True,3,3.0,1.4999999999999956,0.7499999999999978,False,False,0.0,0.0,-1.2666526168584824,False,factoid
5e4adb486d0a277941000015,FLAN-T5-base,bioasq,True,3,2.0,0.8112781244591301,0.40563906222956503,False,False,0.0,0.0,-1.3557679206132889,False,factoid
5e763602c6a8763d2300000c,FLAN-T5-base,bioasq,False,1,,,,,,,,,False,factoid
5d35e7ddb3a638076300000e,FLAN-T5-base,bioasq,True,3,2.0,0.9999999999999971,0.49999999999999856,False,False,0.0,0.0,-1.0563433822244406,False,factoid
5e5cc1fa1af46fc130000005,FLAN-T5-base,bioasq,True,3,3.0,1.4999999999999956,0.7499999999999978,False,False,0.0,0.0,-1.03018300505355,False,factoid
5e4bed1c6d0a27794100002b,FLAN-T5-base,bioasq,False,2,,,,,,,,,False,factoid
5d35ef017bc3fee31f000001,FLAN-T5-base,bioasq,True,3,2.0,0.8112781244591301,0.40563906222956503,False,False,0.0,0.0,-1.214885553078992,False,factoid
5e460f823f54159529000006,FLAN-T5-base,bioasq,False,0,,,,,,,,,False,factoid
5e4604d83f54159529000003,FLAN-T5-base,bioasq,False,1,,,,,,,,,False,factoid
5d35d901b3a638076300000a,FLAN-T5-base,bioasq,False,0,,,,,,,,,False,factoid
5e4fd44a6d0a277941000033,FLAN-T5-base,bioasq,False,2,,,,,,,,,False,factoid
5e48a916d14c9f295d00000f,FLAN-T5-base,bioasq,False,1,,,,,,,,,False,factoid
5e49ac346d0a27794100000e,FLAN-T5-base,bioasq,True,3,3.0,1.4999999999999956,0.7499999999999978,False,False,0.0,0.0,-0.9994426982787749,False,factoid
5e76452fc6a8763d23000015,FLAN-T5-base,bioasq,False,2,,,,,,,,,False,factoid
5e5409776d0a277941000051,FLAN-T5-base,bioasq,False,2,,,,,,,,,False,factoid
5d35e421b3a638076300000d,FLAN-T5-base,bioasq,False,1,,,,,,,,,False,factoid
5e5bafa01af46fc130000002,FLAN-T5-base,bioasq,False,2,,,,,,,,,False,factoid
5e7641a0c6a8763d23000011,FLAN-T5-base,bioasq,False,1,,,,,,,,,False,factoid
5d35be1cb3a6380763000005,FLAN-T5-base,bioasq,False,2,,,,,,,,,False,factoid
5e5d24811af46fc130000006,FLAN-T5-base,bioasq,True,3,2.0,0.8112781244591301,0.40563906222956503,False,False,0.0,0.0,-1.4426046926528215,False,factoid
5d35dfbdb3a638076300000b,FLAN-T5-base,bioasq,True,3,4.0,1.9999999999999942,0.9999999999999971,False,False,0.0,0.0,-1.646777981519699,False,factoid
5e4ada686d0a277941000014,FLAN-T5-base,bioasq,False,2,,,,,,,,,False,factoid
5e42d1a748dab47f26000010,FLAN-T5-base,bioasq,False,1,,,,,,,,,False,factoid
5d36a9507bc3fee31f000005,FLAN-T5-base,bioasq,False,1,,,,,,,,,False,factoid
5e763bd4c6a8763d2300000f,FLAN-T5-base,bioasq,False,2,,,,,,,,,False,factoid
5e2f4a8bfbd6abf43b00002a,FLAN-T5-base,bioasq,False,2,,,,,,,,,False,factoid
5e51dc516d0a27794100003e,FLAN-T5-base,bioasq,False,0,,,,,,,,,False,factoid
601bde6e1cb411341a000006,FLAN-T5-base,bioasq,True,3,2.0,0.8112781244591301,0.40563906222956503,False,False,0.0,0.0,-0.7515043483338862,False,factoid
5e3a6e70b5b409ea53000018,FLAN-T5-base,bioasq,False,1,,,,,,,,,False,factoid
5e6d1c6f1af46fc130000021,FLAN-T5-base,bioasq,False,1,,,,,,,,,False,factoid
602598101cb411341a0000ae,FLAN-T5-base,bioasq,False,0,,,,,,,,,False,factoid
60258edd1cb411341a0000a9,FLAN-T5-base,bioasq,False,0,,,,,,,,,False,factoid
5e4bf9436d0a27794100002d,FLAN-T5-base,bioasq,True,3,1.0,-1.6017132519074577e-15,-8.008566259537289e-16,True,False,0.0,0.0,-0.6430798974819482,False,factoid
601bcb5d1cb411341a000003,FLAN-T5-base,bioasq,True,3,2.0,0.8112781244591301,0.40563906222956503,False,False,0.0,0.0,-0.9350867754158875,False,factoid
5e6e9a2fc6a8763d23000007,FLAN-T5-base,bioasq,False,2,,,,,,,,,False,factoid
5e7667b1835f4e4777000004,FLAN-T5-base,bioasq,False,2,,,,,,,,,False,factoid
602598301cb411341a0000b0,FLAN-T5-base,bioasq,False,0,,,,,,,,,False,factoid
5e61425e1af46fc13000000d,FLAN-T5-base,bioasq,True,3,4.0,1.9999999999999942,0.9999999999999971,False,False,0.0,0.0,-2.0594933182001114,False,factoid
601bfa531cb411341a000008,FLAN-T5-base,bioasq,False,2,,,,,,,,,False,factoid
5e5e508b1af46fc13000000c,FLAN-T5-base,bioasq,False,1,,,,,,,,,False,factoid
5fe30e06a43ad31278000037,FLAN-T5-base,bioasq,True,3,3.0,1.4999999999999956,0.7499999999999978,False,False,0.0,0.0,-1.8619667291641235,False,factoid
602593101cb411341a0000ab,FLAN-T5-base,bioasq,False,0,,,,,,,,,False,factoid
5e44cf61f5547e6e27000001,FLAN-T5-base,bioasq,False,1,,,,,,,,,False,factoid
5e920fe42d3121100d00000f,FLAN-T5-base,bioasq,False,2,,,,,,,,,False,factoid
601d2d001cb411341a00002c,FLAN-T5-base,bioasq,True,3,1.0,-1.6017132519074577e-15,-8.008566259537289e-16,True,False,0.0,0.0,-0.8982813287164189,False,factoid
5e920be42d3121100d00000c,FLAN-T5-base,bioasq,True,3,2.0,0.8112781244591301,0.40563906222956503,False,False,0.0,0.0,-1.0346544484297435,False,factoid
5fd0d880a43ad31278000002,FLAN-T5-base,bioasq,False,2,,,,,,,,,False,factoid
5fe08b50a43ad31278000031,FLAN-T5-base,bioasq,True,3,4.0,1.9999999999999942,0.9999999999999971,False,False,0.0,0.0,-1.365944191813469,False,factoid
5e2e1986fbd6abf43b000025,FLAN-T5-base,bioasq,True,3,4.0,1.9999999999999942,0.9999999999999971,False,False,0.0,0.0,-1.6179841072298586,False,factoid
5e46eb7a3f5415952900000d,FLAN-T5-base,bioasq,False,2,,,,,,,,,False,factoid
5fe31312a43ad31278000042,FLAN-T5-base,bioasq,False,2,,,,,,,,,False,factoid
5e639a0a1af46fc130000010,FLAN-T5-base,bioasq,False,2,,,,,,,,,False,factoid
602598201cb411341a0000af,FLAN-T5-base,bioasq,False,0,,,,,,,,,False,factoid
5d387c20a1e1595105000010,FLAN-T5-base,bioasq,True,3,2.0,0.8112781244591301,0.40563906222956503,False,False,0.0,0.0,-2.0319131687283516,False,factoid
5e669e0e1af46fc130000019,FLAN-T5-base,bioasq,False,2,,,,,,,,,False,factoid
5d388192a1e1595105000015,FLAN-T5-base,bioasq,False,1,,,,,,,,,False,factoid
605271d994d57fd87900000f,FLAN-T5-base,bioasq,False,1,,,,,,,,,False,factoid
6053bd5194d57fd879000018,FLAN-T5-base,bioasq,False,1,,,,,,,,,False,factoid
5fe0b4cda43ad31278000034,FLAN-T5-base,bioasq,True,3,4.0,1.9999999999999942,0.9999999999999971,False,False,0.0,0.0,-1.6366404559877183,False,factoid
5fdb4392a43ad3127800002a,FLAN-T5-base,bioasq,False,1,,,,,,,,,False,factoid
5fdb2e23a43ad3127800000a,FLAN-T5-base,bioasq,False,1,,,,,,,,,False,factoid
5fdb41b6a43ad3127800001d,FLAN-T5-base,bioasq,False,2,,,,,,,,,False,factoid
5fdb41c5a43ad3127800001e,FLAN-T5-base,bioasq,False,2,,,,,,,,,False,factoid
601eafcd1cb411341a000056,FLAN-T5-base,bioasq,False,2,,,,,,,,,False,factoid
601eab7d1cb411341a000053,FLAN-T5-base,bioasq,True,3,3.0,1.4999999999999956,0.7499999999999978,False,False,0.0,0.0,-0.6974431798638155,False,factoid
601eaac81cb411341a000051,FLAN-T5-base,bioasq,False,1,,,,,,,,,False,factoid
601f08c11cb411341a00006c,FLAN-T5-base,bioasq,False,1,,,,,,,,,False,factoid
601f105e1cb411341a000071,FLAN-T5-base,bioasq,False,2,,,,,,,,,False,factoid
6020b2b21cb411341a000086,FLAN-T5-base,bioasq,False,1,,,,,,,,,False,factoid
602343051cb411341a00008d,FLAN-T5-base,bioasq,False,0,,,,,,,,,False,factoid
6023518f1cb411341a000097,FLAN-T5-base,bioasq,False,0,,,,,,,,,False,factoid
6026ef311cb411341a0000d4,FLAN-T5-base,bioasq,True,3,2.0,0.8112781244591301,0.40563906222956503,False,False,0.0,0.0,-1.7587934255599975,False,factoid
6027f8ae1cb411341a0000ed,FLAN-T5-base,bioasq,False,2,,,,,,,,,False,factoid
602c19e71cb411341a00011a,FLAN-T5-base,bioasq,False,1,,,,,,,,,False,factoid
6030fe7a1cb411341a000128,FLAN-T5-base,bioasq,True,3,2.0,0.8112781244591301,0.40563906222956503,False,False,0.0,0.0,-1.5863385200500488,False,factoid
6032899c1cb411341a000144,FLAN-T5-base,bioasq,True,3,2.0,0.8112781244591301,0.40563906222956503,False,False,0.0,0.0,-0.8805402500089258,False,factoid
6032a0e21cb411341a000148,FLAN-T5-base,bioasq,False,1,,,,,,,,,False,factoid
6032a8b91cb411341a000149,FLAN-T5-base,bioasq,True,3,3.0,1.4999999999999956,0.7499999999999978,False,False,0.0,0.0,-1.1581151500344276,False,factoid
60314c361cb411341a00012e,FLAN-T5-base,bioasq,False,2,,,,,,,,,False,factoid
60320ef51cb411341a000130,FLAN-T5-base,bioasq,False,1,,,,,,,,,False,factoid
6053ba5b94d57fd879000017,FLAN-T5-base,bioasq,True,3,3.0,1.4999999999999956,0.7499999999999978,False,False,0.0,0.0,-1.2453837735312325,False,factoid
605281cf94d57fd879000015,FLAN-T5-base,bioasq,False,2,,,,,,,,,False,factoid
605256a894d57fd87900000b,FLAN-T5-base,bioasq,False,2,,,,,,,,,False,factoid
60579cb394d57fd87900002e,FLAN-T5-base,bioasq,True,3,2.0,0.8112781244591301,0.40563906222956503,False,False,0.0,0.0,-1.8035525679588318,False,factoid
6057bf0694d57fd879000031,FLAN-T5-base,bioasq,True,3,2.0,0.9999999999999971,0.49999999999999856,False,False,0.0,0.0,-1.418719096109271,False,factoid
6057c2f894d57fd879000033,FLAN-T5-base,bioasq,True,3,4.0,1.9999999999999942,0.9999999999999971,False,False,0.0,0.0,-0.34212218558033264,False,factoid
6057c78994d57fd879000034,FLAN-T5-base,bioasq,False,1,,,,,,,,,False,factoid
60578f2894d57fd87900002c,FLAN-T5-base,bioasq,False,1,,,,,,,,,False,factoid
60578bc994d57fd87900002b,FLAN-T5-base,bioasq,False,2,,,,,,,,,False,factoid
606081e594d57fd879000041,FLAN-T5-base,bioasq,False,1,,,,,,,,,False,factoid
6057c0cd94d57fd879000032,FLAN-T5-base,bioasq,False,2,,,,,,,,,False,factoid
6057057c94d57fd879000023,FLAN-T5-base,bioasq,False,2,,,,,,,,,False,factoid
6031270b1cb411341a00012c,FLAN-T5-base,bioasq,False,2,,,,,,,,,False,factoid
5e4565c63f54159529000001,FLAN-T5-base,bioasq,False,2,,,,,,,,,False,factoid
601cb4541cb411341a000024,FLAN-T5-base,bioasq,True,3,1.0,-1.6017132519074577e-15,-8.008566259537289e-16,True,False,0.0,0.0,-1.43436473980546,False,factoid
601ebbeb1cb411341a00005b,FLAN-T5-base,bioasq,False,2,,,,,,,,,False,factoid
602967de1cb411341a000113,FLAN-T5-base,bioasq,False,2,,,,,,,,,False,factoid
604911661cb411341a000169,FLAN-T5-base,bioasq,False,2,,,,,,,,,False,factoid
601d74391cb411341a000041,FLAN-T5-base,bioasq,False,2,,,,,,,,,False,factoid
602c1d3b1cb411341a00011e,FLAN-T5-base,bioasq,False,2,,,,,,,,,False,factoid
5fe3131ba43ad31278000047,FLAN-T5-base,bioasq,False,1,,,,,,,,,False,factoid
6048ff3e1cb411341a000160,FLAN-T5-base,bioasq,False,0,,,,,,,,,False,factoid
60292d191cb411341a00010e,FLAN-T5-base,bioasq,False,1,,,,,,,,,False,factoid
5d35ee08b3a6380763000012,FLAN-T5-base,bioasq,False,0,,,,,,,,,False,factoid
6031287e1cb411341a00012d,FLAN-T5-base,bioasq,True,3,2.0,0.8112781244591301,0.40563906222956503,False,False,0.0,0.0,-1.0464360766112804,False,factoid
601c42ad1cb411341a00001b,FLAN-T5-base,bioasq,False,1,,,,,,,,,False,factoid
60355c0f1cb411341a000156,FLAN-T5-base,bioasq,False,2,,,,,,,,,False,factoid
601f10b71cb411341a000072,FLAN-T5-base,bioasq,True,3,2.0,0.8112781244591301,0.40563906222956503,False,False,0.0,0.0,-1.2319799438118935,False,factoid
601ec2d61cb411341a000062,FLAN-T5-base,bioasq,False,1,,,,,,,,,False,factoid
5fdb43aea43ad3127800002b,FLAN-T5-base,bioasq,False,1,,,,,,,,,False,factoid
6026ef9d1cb411341a0000d5,FLAN-T5-base,bioasq,False,2,,,,,,,,,False,factoid
6030fcb51cb411341a000127,FLAN-T5-base,bioasq,True,3,2.0,0.8112781244591301,0.40563906222956503,False,False,0.0,0.0,-1.3614215597044677,False,factoid
601db8111cb411341a00004b,FLAN-T5-base,bioasq,False,0,,,,,,,,,False,factoid
6026d6891cb411341a0000cc,FLAN-T5-base,bioasq,False,1,,,,,,,,,False,factoid
5fe31301a43ad31278000039,FLAN-T5-base,bioasq,False,1,,,,,,,,,False,factoid
6026ed981cb411341a0000d2,FLAN-T5-base,bioasq,False,2,,,,,,,,,False,factoid
5fe08b77a43ad31278000032,FLAN-T5-base,bioasq,False,2,,,,,,,,,False,factoid
5fdb2e74a43ad3127800000d,FLAN-T5-base,bioasq,False,2,,,,,,,,,False,factoid
6028183e1cb411341a0000f1,FLAN-T5-base,bioasq,True,3,3.0,1.4999999999999956,0.7499999999999978,False,False,0.0,0.0,-0.8472312545403838,False,factoid
601c4b231cb411341a000020,FLAN-T5-base,bioasq,False,2,,,,,,,,,False,factoid
601f027f1cb411341a00006b,FLAN-T5-base,bioasq,False,2,,,,,,,,,False,factoid
601cb5be1cb411341a000025,FLAN-T5-base,bioasq,False,1,,,,,,,,,False,factoid
5fdb4264a43ad31278000023,FLAN-T5-base,bioasq,False,1,,,,,,,,,False,factoid
6028fc841cb411341a000103,FLAN-T5-base,bioasq,True,3,4.0,1.9999999999999942,0.9999999999999971,False,False,0.0,0.0,-1.7485760991306354,False,factoid
60490c421cb411341a000166,FLAN-T5-base,bioasq,False,1,,,,,,,,,False,factoid
5fe3130da43ad3127800003f,FLAN-T5-base,bioasq,False,2,,,,,,,,,False,factoid
601c3fc21cb411341a000019,FLAN-T5-base,bioasq,False,2,,,,,,,,,False,factoid
606ab57394d57fd87900004f,FLAN-T5-base,bioasq,True,3,1.0,-1.6017132519074577e-15,-8.008566259537289e-16,True,False,0.0,0.0,-1.1112094350159167,False,factoid
6080646c4e6a4cf630000004,FLAN-T5-base,bioasq,False,1,,,,,,,,,False,factoid
606c34c994d57fd879000077,FLAN-T5-base,bioasq,False,1,,,,,,,,,False,factoid
60805c344e6a4cf630000001,FLAN-T5-base,bioasq,False,1,,,,,,,,,False,factoid
608069984e6a4cf630000006,FLAN-T5-base,bioasq,True,3,3.0,1.4999999999999956,0.7499999999999978,False,False,0.0,0.0,-1.8475656047463418,False,factoid
5fe31305a43ad3127800003b,FLAN-T5-base,bioasq,False,1,,,,,,,,,False,factoid
606ae4fd94d57fd879000056,FLAN-T5-base,bioasq,True,3,3.0,1.4999999999999956,0.7499999999999978,False,False,0.0,0.0,-1.5992866006369393,False,factoid
60805e204e6a4cf630000002,FLAN-T5-base,bioasq,False,2,,,,,,,,,False,factoid
601c17c21cb411341a00000e,FLAN-T5-base,bioasq,False,1,,,,,,,,,False,factoid
602a84ae1cb411341a000116,FLAN-T5-base,bioasq,False,2,,,,,,,,,False,factoid
602828b11cb411341a0000fc,FLAN-T5-base,bioasq,False,2,,,,,,,,,False,factoid
6086f0ef4e6a4cf630000011,FLAN-T5-base,bioasq,False,1,,,,,,,,,False,factoid
601ff4a61cb411341a000076,FLAN-T5-base,bioasq,True,3,2.0,0.8112781244591301,0.40563906222956503,False,False,0.0,0.0,-0.8820692266803235,False,factoid
5fe3131fa43ad3127800004a,FLAN-T5-base,bioasq,False,2,,,,,,,,,False,factoid
60281eb11cb411341a0000f5,FLAN-T5-base,bioasq,False,1,,,,,,,,,False,factoid
601d74681cb411341a000042,FLAN-T5-base,bioasq,False,1,,,,,,,,,False,factoid
603404f41cb411341a00014f,FLAN-T5-base,bioasq,False,2,,,,,,,,,False,factoid
5ebac76b0d431b5f7300000d,FLAN-T5-base,bioasq,False,2,,,,,,,,,False,factoid
6081b64d4e6a4cf63000000a,FLAN-T5-base,bioasq,True,3,3.0,1.4999999999999956,0.7499999999999978,False,False,0.0,0.0,-2.040972089705368,False,factoid
601dbe2b1cb411341a00004d,FLAN-T5-base,bioasq,False,0,,,,,,,,,False,factoid
5fe09c99a43ad31278000033,FLAN-T5-base,bioasq,True,3,2.0,0.8112781244591301,0.40563906222956503,False,False,0.0,0.0,-1.4999097898602485,False,factoid
60527e8c94d57fd879000012,FLAN-T5-base,bioasq,True,3,1.0,-1.6017132519074577e-15,-8.008566259537289e-16,True,False,0.0,0.0,-1.1748049256524868,False,factoid
605fb41094d57fd879000039,FLAN-T5-base,bioasq,True,3,3.0,1.4999999999999956,0.7499999999999978,False,False,0.0,0.0,-1.4835430128233773,False,factoid
6026d8bf1cb411341a0000ce,FLAN-T5-base,bioasq,False,1,,,,,,,,,False,factoid
6020a9f11cb411341a000080,FLAN-T5-base,bioasq,False,2,,,,,,,,,False,factoid
6032ba631cb411341a00014b,FLAN-T5-base,bioasq,False,1,,,,,,,,,False,factoid
606c34ff94d57fd879000078,FLAN-T5-base,bioasq,False,0,,,,,,,,,False,factoid
601ebde11cb411341a00005d,FLAN-T5-base,bioasq,False,1,,,,,,,,,False,factoid
601c317a1cb411341a000014,FLAN-T5-base,bioasq,False,1,,,,,,,,,False,factoid
601db60e1cb411341a000049,FLAN-T5-base,bioasq,False,2,,,,,,,,,False,factoid
606ad07394d57fd879000050,FLAN-T5-base,bioasq,True,3,3.0,1.4999999999999956,0.7499999999999978,False,True,1.0,1.0,-1.7058498740196228,False,factoid
601d79e01cb411341a000047,FLAN-T5-base,bioasq,False,2,,,,,,,,,False,factoid
5fe30efea43ad31278000038,FLAN-T5-base,bioasq,False,1,,,,,,,,,False,factoid
606b5ba794d57fd879000067,FLAN-T5-base,bioasq,True,3,3.0,1.4999999999999956,0.7499999999999978,False,False,0.0,0.0,-1.5732753574848175,False,factoid
605cc21d94d57fd879000036,FLAN-T5-base,bioasq,False,2,,,,,,,,,False,factoid
606b800994d57fd879000071,FLAN-T5-base,bioasq,False,1,,,,,,,,,False,factoid
6060701c94d57fd87900003c,FLAN-T5-base,bioasq,True,3,4.0,1.9999999999999942,0.9999999999999971,False,False,0.0,0.0,-1.676250806450844,False,factoid
606b390f94d57fd879000062,FLAN-T5-base,bioasq,False,2,,,,,,,,,False,factoid
5fd779b4a43ad31278000004,FLAN-T5-base,bioasq,False,2,,,,,,,,,False,factoid
5fdb1023a43ad31278000009,FLAN-T5-base,bioasq,False,2,,,,,,,,,False,factoid
606b396994d57fd879000063,FLAN-T5-base,bioasq,False,2,,,,,,,,,False,factoid
6068640894d57fd87900004b,FLAN-T5-base,bioasq,False,2,,,,,,,,,False,factoid
5fe31307a43ad3127800003d,FLAN-T5-base,bioasq,True,3,3.0,1.4999999999999956,0.7499999999999978,False,False,0.0,0.0,-1.6332126309474309,False,factoid
5e4e3cee6d0a277941000030,FLAN-T5-base,bioasq,True,3,3.0,1.4999999999999956,0.7499999999999978,False,False,0.0,0.0,-1.4593884221145086,False,factoid
5e52cb6d6d0a277941000050,FLAN-T5-base,bioasq,False,1,,,,,,,,,False,factoid
606074ab94d57fd87900003e,FLAN-T5-base,bioasq,False,1,,,,,,,,,False,factoid
601ee4c61cb411341a000066,FLAN-T5-base,bioasq,False,2,,,,,,,,,False,factoid
5fe3130ca43ad3127800003e,FLAN-T5-base,bioasq,True,3,1.0,-1.6017132519074577e-15,-8.008566259537289e-16,True,False,0.0,0.0,-0.7376538299973213,False,factoid
606aea9b94d57fd879000058,FLAN-T5-base,bioasq,False,2,,,,,,,,,False,factoid
6032b6661cb411341a00014a,FLAN-T5-base,bioasq,False,1,,,,,,,,,False,factoid
5fe31317a43ad31278000044,FLAN-T5-base,bioasq,False,2,,,,,,,,,False,factoid
606bfe5b94d57fd879000073,FLAN-T5-base,bioasq,False,2,,,,,,,,,False,factoid
6024a4111cb411341a0000a2,FLAN-T5-base,bioasq,False,2,,,,,,,,,False,factoid
607323fe94d57fd879000079,FLAN-T5-base,bioasq,True,3,3.0,1.4999999999999956,0.7499999999999978,False,False,0.0,0.0,-0.7155875437892973,False,factoid
5fe3131ca43ad31278000048,FLAN-T5-base,bioasq,False,2,,,,,,,,,False,factoid
606ad16594d57fd879000051,FLAN-T5-base,bioasq,False,2,,,,,,,,,False,factoid
6020af2e1cb411341a000084,FLAN-T5-base,bioasq,False,2,,,,,,,,,False,factoid
606b2bf594d57fd87900005d,FLAN-T5-base,bioasq,False,1,,,,,,,,,False,factoid
606b7e5694d57fd879000070,FLAN-T5-base,bioasq,True,3,1.0,-1.6017132519074577e-15,-8.008566259537289e-16,True,False,0.0,0.0,-1.8696547945340474,False,factoid
603251f81cb411341a00013a,FLAN-T5-base,bioasq,False,1,,,,,,,,,False,factoid
601ebba41cb411341a00005a,FLAN-T5-base,bioasq,True,3,3.0,1.4999999999999956,0.7499999999999978,False,False,0.0,0.0,-1.8812259515481335,False,factoid
601cb2e41cb411341a000023,FLAN-T5-base,bioasq,False,2,,,,,,,,,False,factoid
5fdb42e7a43ad31278000026,FLAN-T5-base,bioasq,False,2,,,,,,,,,False,factoid
61f60157882a024a1000001e,FLAN-T5-base,bioasq,False,2,,,,,,,,,False,factoid
6217e5433a8413c653000032,FLAN-T5-base,bioasq,False,2,,,,,,,,,False,factoid
61f5fcb6882a024a1000001b,FLAN-T5-base,bioasq,False,1,,,,,,,,,False,factoid
6217d8973a8413c653000020,FLAN-T5-base,bioasq,False,2,,,,,,,,,False,factoid
622628b03a8413c65300007d,FLAN-T5-base,bioasq,True,3,4.0,1.9999999999999942,0.9999999999999971,False,False,0.0,0.0,-0.7497292456682771,False,factoid
621d02f33a8413c653000047,FLAN-T5-base,bioasq,False,2,,,,,,,,,False,factoid
622627103a8413c65300007c,FLAN-T5-base,bioasq,False,2,,,,,,,,,False,factoid
61f95f9f882a024a1000004e,FLAN-T5-base,bioasq,True,3,3.0,1.4999999999999956,0.7499999999999978,False,False,0.0,0.0,-1.117421355098486,False,factoid
61f5fb64882a024a1000001a,FLAN-T5-base,bioasq,True,3,3.0,1.4999999999999956,0.7499999999999978,False,False,0.0,0.0,-0.7926326503430674,False,factoid
6222257e3a8413c653000077,FLAN-T5-base,bioasq,False,0,,,,,,,,,False,factoid
6200411cc9dfcb9c09000014,FLAN-T5-base,bioasq,False,1,,,,,,,,,False,factoid
601eb3b61cb411341a000057,FLAN-T5-base,bioasq,False,2,,,,,,,,,False,factoid
61f60735882a024a10000022,FLAN-T5-base,bioasq,True,3,2.0,0.9999999999999971,0.49999999999999856,False,False,0.0,0.0,-0.810342362457757,False,factoid
6028fad21cb411341a000101,FLAN-T5-base,bioasq,False,2,,,,,,,,,False,factoid
602356b81cb411341a000099,FLAN-T5-base,bioasq,False,1,,,,,,,,,False,factoid
606b2b1994d57fd87900005c,FLAN-T5-base,bioasq,False,1,,,,,,,,,False,factoid
621b78e63a8413c65300003f,FLAN-T5-base,bioasq,True,3,3.0,1.4999999999999956,0.7499999999999978,False,False,0.0,0.0,-0.5082039414846804,False,factoid
601eb56c1cb411341a000058,FLAN-T5-base,bioasq,False,2,,,,,,,,,False,factoid
601ef0571cb411341a000067,FLAN-T5-base,bioasq,True,3,4.0,1.9999999999999942,0.9999999999999971,False,False,0.0,0.0,-0.8661411114569221,False,factoid
62260afb3a8413c65300007b,FLAN-T5-base,bioasq,False,2,,,,,,,,,False,factoid
603bc2801cb411341a00015a,FLAN-T5-base,bioasq,False,2,,,,,,,,,False,factoid
6052729c94d57fd879000011,FLAN-T5-base,bioasq,False,0,,,,,,,,,False,factoid
622118a43a8413c65300006a,FLAN-T5-base,bioasq,False,2,,,,,,,,,False,factoid
6206d06ec9dfcb9c09000041,FLAN-T5-base,bioasq,False,1,,,,,,,,,False,factoid
603219c21cb411341a000133,FLAN-T5-base,bioasq,False,2,,,,,,,,,False,factoid
6026f0251cb411341a0000d6,FLAN-T5-base,bioasq,False,1,,,,,,,,,False,factoid
606b648394d57fd879000069,FLAN-T5-base,bioasq,False,1,,,,,,,,,False,factoid
602c1b141cb411341a00011c,FLAN-T5-base,bioasq,True,3,2.0,0.8112781244591301,0.40563906222956503,False,False,0.0,0.0,-1.4131415542215109,False,factoid
6023501a1cb411341a000096,FLAN-T5-base,bioasq,False,0,,,,,,,,,False,factoid
6026d8641cb411341a0000cd,FLAN-T5-base,bioasq,False,1,,,,,,,,,False,factoid
61f919cc882a024a10000048,FLAN-T5-base,bioasq,False,2,,,,,,,,,False,factoid
606bfeb494d57fd879000074,FLAN-T5-base,bioasq,False,0,,,,,,,,,False,factoid
6020a8431cb411341a00007f,FLAN-T5-base,bioasq,False,2,,,,,,,,,False,factoid
60853db94e6a4cf630000010,FLAN-T5-base,bioasq,False,1,,,,,,,,,False,factoid
6211454a3a8413c65300000b,FLAN-T5-base,bioasq,False,2,,,,,,,,,False,factoid
603534671cb411341a000153,FLAN-T5-base,bioasq,False,1,,,,,,,,,False,factoid
621142713a8413c65300000a,FLAN-T5-base,bioasq,True,3,3.0,1.4999999999999956,0.7499999999999978,False,False,0.0,0.0,-1.6668789684772491,False,factoid
61f810a5882a024a1000003e,FLAN-T5-base,bioasq,False,2,,,,,,,,,False,factoid
6056fef294d57fd87900001f,FLAN-T5-base,bioasq,False,2,,,,,,,,,False,factoid
621145c63a8413c65300000c,FLAN-T5-base,bioasq,False,2,,,,,,,,,False,factoid
6049173d1cb411341a00016b,FLAN-T5-base,bioasq,False,1,,,,,,,,,False,factoid
6206b740c9dfcb9c0900003b,FLAN-T5-base,bioasq,False,1,,,,,,,,,False,factoid
6217bf6a3a8413c65300001d,FLAN-T5-base,bioasq,False,0,,,,,,,,,False,factoid
606b32af94d57fd879000060,FLAN-T5-base,bioasq,False,2,,,,,,,,,False,factoid
621ebb733a8413c65300005c,FLAN-T5-base,bioasq,False,0,,,,,,,,,False,factoid
61f56284882a024a10000005,FLAN-T5-base,bioasq,False,2,,,,,,,,,False,factoid
61f52f22882a024a10000002,FLAN-T5-base,bioasq,False,2,,,,,,,,,False,factoid
6020b5681cb411341a000088,FLAN-T5-base,bioasq,False,1,,,,,,,,,False,factoid
602354e41cb411341a000098,FLAN-T5-base,bioasq,False,1,,,,,,,,,False,factoid
603bc3181cb411341a00015c,FLAN-T5-base,bioasq,False,2,,,,,,,,,False,factoid
6206bf3cc9dfcb9c0900003d,FLAN-T5-base,bioasq,False,2,,,,,,,,,False,factoid
61f80e22882a024a1000003d,FLAN-T5-base,bioasq,True,3,3.0,1.4999999999999956,0.7499999999999978,False,False,0.0,0.0,-0.9610423901467584,False,factoid
6217d8f03a8413c653000021,FLAN-T5-base,bioasq,True,3,4.0,1.9999999999999942,0.9999999999999971,False,False,0.0,0.0,-2.017875777049498,False,factoid
60329dc11cb411341a000147,FLAN-T5-base,bioasq,False,2,,,,,,,,,False,factoid
601db4ac1cb411341a000048,FLAN-T5-base,bioasq,True,3,3.0,1.4999999999999956,0.7499999999999978,False,False,0.0,0.0,-0.721009583119303,False,factoid
602357ff1cb411341a00009a,FLAN-T5-base,bioasq,False,2,,,,,,,,,False,factoid
6081b0b44e6a4cf630000009,FLAN-T5-base,bioasq,True,3,1.0,-1.6017132519074577e-15,-8.008566259537289e-16,True,False,0.0,0.0,-0.7266217130697138,False,factoid
606b75c194d57fd87900006c,FLAN-T5-base,bioasq,False,1,,,,,,,,,False,factoid
61f5914e882a024a1000000d,FLAN-T5-base,bioasq,False,1,,,,,,,,,False,factoid
601efe051cb411341a00006a,FLAN-T5-base,bioasq,False,1,,,,,,,,,False,factoid
6049080c1cb411341a000164,FLAN-T5-base,bioasq,True,3,1.0,-1.6017132519074577e-15,-8.008566259537289e-16,True,False,0.0,0.0,-1.0759210288524628,False,factoid
601dbe101cb411341a00004c,FLAN-T5-base,bioasq,False,2,,,,,,,,,False,factoid
606b7d6c94d57fd87900006f,FLAN-T5-base,bioasq,False,1,,,,,,,,,False,factoid
6082f0ec4e6a4cf63000000e,FLAN-T5-base,bioasq,False,2,,,,,,,,,False,factoid
606bff2194d57fd879000075,FLAN-T5-base,bioasq,False,0,,,,,,,,,False,factoid
601ff4021cb411341a000075,FLAN-T5-base,bioasq,False,2,,,,,,,,,False,factoid
624c919ee764a53204000004,FLAN-T5-base,bioasq,False,1,,,,,,,,,False,factoid
626aed2fe764a53204000043,FLAN-T5-base,bioasq,False,0,,,,,,,,,False,factoid
623e04e4f0baec9a1b000006,FLAN-T5-base,bioasq,False,2,,,,,,,,,False,factoid
62005c68c9dfcb9c09000017,FLAN-T5-base,bioasq,True,3,4.0,1.9999999999999942,0.9999999999999971,False,False,0.0,0.0,-1.1883665685309097,False,factoid
623e02e0f0baec9a1b000005,FLAN-T5-base,bioasq,False,1,,,,,,,,,False,factoid
626aef83e764a53204000044,FLAN-T5-base,bioasq,False,2,,,,,,,,,False,factoid
623c8330f0baec9a1b000003,FLAN-T5-base,bioasq,True,3,1.0,-1.6017132519074577e-15,-8.008566259537289e-16,True,False,0.0,0.0,-1.665695609152317,False,factoid
626ae803e764a5320400003c,FLAN-T5-base,bioasq,False,2,,,,,,,,,False,factoid
62507602e764a5320400000d,FLAN-T5-base,bioasq,False,1,,,,,,,,,False,factoid
626aa929e764a53204000039,FLAN-T5-base,bioasq,True,3,4.0,1.9999999999999942,0.9999999999999971,False,False,0.0,0.0,-1.4252258393292625,False,factoid
61f7c9ac882a024a10000028,FLAN-T5-base,bioasq,False,2,,,,,,,,,False,factoid
62507520e764a5320400000c,FLAN-T5-base,bioasq,False,0,,,,,,,,,False,factoid
6252f496e764a53204000020,FLAN-T5-base,bioasq,False,2,,,,,,,,,False,factoid
626aeab6e764a5320400003e,FLAN-T5-base,bioasq,False,2,,,,,,,,,False,factoid
6253307fe764a53204000024,FLAN-T5-base,bioasq,False,1,,,,,,,,,False,factoid
6250787be764a5320400000e,FLAN-T5-base,bioasq,False,2,,,,,,,,,False,factoid
624c838ee764a53204000001,FLAN-T5-base,bioasq,False,2,,,,,,,,,False,factoid
62532ce6e764a53204000021,FLAN-T5-base,bioasq,False,2,,,,,,,,,False,factoid
6251a2ffe764a5320400001c,FLAN-T5-base,bioasq,False,1,,,,,,,,,False,factoid
61f609d3882a024a10000024,FLAN-T5-base,bioasq,False,2,,,,,,,,,False,factoid
626aab13e764a5320400003b,FLAN-T5-base,bioasq,True,3,1.0,-1.6017132519074577e-15,-8.008566259537289e-16,True,False,0.0,0.0,-1.4180397927761077,False,factoid
61f7d745882a024a10000038,FLAN-T5-base,bioasq,False,1,,,,,,,,,False,factoid
624d9492e764a53204000006,FLAN-T5-base,bioasq,False,2,,,,,,,,,False,factoid
626aeb2fe764a5320400003f,FLAN-T5-base,bioasq,False,2,,,,,,,,,False,factoid
626aeba1e764a53204000040,FLAN-T5-base,bioasq,False,2,,,,,,,,,False,factoid
625ebf76e764a53204000033,FLAN-T5-base,bioasq,False,2,,,,,,,,,False,factoid
625bb257e764a5320400002e,FLAN-T5-base,bioasq,False,1,,,,,,,,,False,factoid
62532ffee764a53204000023,FLAN-T5-base,bioasq,False,1,,,,,,,,,False,factoid
62587803e764a5320400002b,FLAN-T5-base,bioasq,False,2,,,,,,,,,False,factoid
6278ca4a56bf9aee6f00000c,FLAN-T5-base,bioasq,True,3,1.0,-1.6017132519074577e-15,-8.008566259537289e-16,True,False,0.0,0.0,-1.0761603340506554,False,factoid
627a875a56bf9aee6f000023,FLAN-T5-base,bioasq,False,0,,,,,,,,,False,factoid
6278dfe956bf9aee6f000016,FLAN-T5-base,bioasq,True,3,3.0,1.4999999999999956,0.7499999999999978,False,False,0.0,0.0,-1.751248985528946,False,factoid
6277de0d56bf9aee6f000006,FLAN-T5-base,bioasq,False,1,,,,,,,,,False,factoid
6277e4ee56bf9aee6f000008,FLAN-T5-base,bioasq,False,2,,,,,,,,,False,factoid
6277e52256bf9aee6f000009,FLAN-T5-base,bioasq,False,1,,,,,,,,,False,factoid
61f58de2882a024a1000000a,FLAN-T5-base,bioasq,False,2,,,,,,,,,False,factoid
6217d9de3a8413c653000025,FLAN-T5-base,bioasq,False,2,,,,,,,,,False,factoid
6206c22ac9dfcb9c0900003e,FLAN-T5-base,bioasq,False,0,,,,,,,,,False,factoid
6217db1b3a8413c653000027,FLAN-T5-base,bioasq,False,2,,,,,,,,,False,factoid
62211f453a8413c653000072,FLAN-T5-base,bioasq,True,3,1.0,-1.6017132519074577e-15,-8.008566259537289e-16,True,False,0.0,0.0,-0.5759288576082326,False,factoid
62190ca03a8413c653000035,FLAN-T5-base,bioasq,True,3,3.0,1.4999999999999956,0.7499999999999978,False,False,0.0,0.0,-1.4059587779920548,False,factoid
621ecac13a8413c65300005f,FLAN-T5-base,bioasq,False,1,,,,,,,,,False,factoid
6221209b3a8413c653000074,FLAN-T5-base,bioasq,False,1,,,,,,,,,False,factoid
5fe1fc84a43ad31278000036,FLAN-T5-base,bioasq,False,1,,,,,,,,,False,factoid
61f563f7882a024a10000006,FLAN-T5-base,bioasq,False,1,,,,,,,,,False,factoid
5fe31316a43ad31278000043,FLAN-T5-base,bioasq,False,1,,,,,,,,,False,factoid
6206b5a8c9dfcb9c0900003a,FLAN-T5-base,bioasq,False,2,,,,,,,,,False,factoid
61f5ee57882a024a10000012,FLAN-T5-base,bioasq,False,1,,,,,,,,,False,factoid
6217d9493a8413c653000022,FLAN-T5-base,bioasq,False,1,,,,,,,,,False,factoid
62211ebc3a8413c653000071,FLAN-T5-base,bioasq,False,2,,,,,,,,,False,factoid
5eb422150d431b5f73000009,FLAN-T5-base,bioasq,False,1,,,,,,,,,False,factoid
620c28d03a8413c653000007,FLAN-T5-base,bioasq,True,3,2.0,0.8112781244591301,0.40563906222956503,False,False,0.0,0.0,-0.5765343887954563,False,factoid
621b54f03a8413c65300003b,FLAN-T5-base,bioasq,True,3,2.0,0.8112781244591301,0.40563906222956503,False,False,0.0,0.0,-1.1422999122490485,False,factoid
6024a6871cb411341a0000a4,FLAN-T5-base,bioasq,False,2,,,,,,,,,False,factoid
621b4a223a8413c65300003a,FLAN-T5-base,bioasq,False,1,,,,,,,,,False,factoid
61f5847b882a024a10000008,FLAN-T5-base,bioasq,False,2,,,,,,,,,False,factoid
62058198c9dfcb9c09000030,FLAN-T5-base,bioasq,False,2,,,,,,,,,False,factoid
61f81857882a024a10000040,FLAN-T5-base,bioasq,True,3,3.0,1.4999999999999956,0.7499999999999978,False,False,0.0,0.0,-1.6012899415059523,False,factoid
6217da133a8413c653000026,FLAN-T5-base,bioasq,False,2,,,,,,,,,False,factoid
62190bac3a8413c653000034,FLAN-T5-base,bioasq,True,3,2.0,0.9999999999999971,0.49999999999999856,False,False,0.0,0.0,-1.6042249823609989,False,factoid
6206cfd5c9dfcb9c09000040,FLAN-T5-base,bioasq,False,2,,,,,,,,,False,factoid
605fb19794d57fd879000038,FLAN-T5-base,bioasq,True,3,1.0,-1.6017132519074577e-15,-8.008566259537289e-16,True,False,0.0,0.0,-1.3207492362707853,False,factoid
60234dc61cb411341a000094,FLAN-T5-base,bioasq,False,1,,,,,,,,,False,factoid
621fcaf93a8413c653000065,FLAN-T5-base,bioasq,False,1,,,,,,,,,False,factoid
6028f5851cb411341a0000ff,FLAN-T5-base,bioasq,False,2,,,,,,,,,False,factoid
621ec0313a8413c65300005e,FLAN-T5-base,bioasq,True,3,3.0,1.4999999999999956,0.7499999999999978,False,False,0.0,0.0,-0.955627872981131,False,factoid
6206b399c9dfcb9c09000039,FLAN-T5-base,bioasq,True,3,4.0,1.9999999999999942,0.9999999999999971,False,False,0.0,0.0,-1.3229443012840219,False,factoid
621911323a8413c653000038,FLAN-T5-base,bioasq,False,2,,,,,,,,,False,factoid
61f7d683882a024a10000036,FLAN-T5-base,bioasq,False,1,,,,,,,,,False,factoid
622d17b83a8413c6530000a2,FLAN-T5-base,bioasq,False,2,,,,,,,,,False,factoid
61f7d5a0882a024a10000035,FLAN-T5-base,bioasq,False,2,,,,,,,,,False,factoid
6237a8343a8413c6530000b2,FLAN-T5-base,bioasq,True,3,3.0,1.4999999999999956,0.7499999999999978,False,False,0.0,0.0,-0.799647880718112,False,factoid
622d1ed13a8413c6530000a3,FLAN-T5-base,bioasq,True,3,2.0,0.8112781244591301,0.40563906222956503,False,False,0.0,0.0,-1.0518761059003217,False,factoid
6237a8a33a8413c6530000b3,FLAN-T5-base,bioasq,True,3,3.0,1.4999999999999956,0.7499999999999978,False,False,0.0,0.0,-1.541582276423772,False,factoid
623dfd2ef0baec9a1b000004,FLAN-T5-base,bioasq,True,3,3.0,1.4999999999999956,0.7499999999999978,False,False,0.0,0.0,-1.5537341642858726,False,factoid
6237ab873a8413c6530000b6,FLAN-T5-base,bioasq,True,3,4.0,1.9999999999999942,0.9999999999999971,False,False,0.0,0.0,-1.0962658508547716,False,factoid
6202f600c9dfcb9c0900002b,FLAN-T5-base,bioasq,True,3,3.0,1.4999999999999956,0.7499999999999978,False,False,0.0,0.0,-1.3436956871300936,False,factoid
622deabc3a8413c6530000a6,FLAN-T5-base,bioasq,False,2,,,,,,,,,False,factoid
6238a0033a8413c6530000b8,FLAN-T5-base,bioasq,False,2,,,,,,,,,False,factoid
62265b4a3a8413c653000083,FLAN-T5-base,bioasq,False,0,,,,,,,,,False,factoid
62265c953a8413c653000084,FLAN-T5-base,bioasq,False,2,,,,,,,,,False,factoid
622dfb133a8413c6530000a8,FLAN-T5-base,bioasq,False,2,,,,,,,,,False,factoid
622b99f73a8413c653000093,FLAN-T5-base,bioasq,False,2,,,,,,,,,False,factoid
622668b13a8413c653000088,FLAN-T5-base,bioasq,False,0,,,,,,,,,False,factoid
622b9d593a8413c653000095,FLAN-T5-base,bioasq,True,3,3.0,1.4999999999999956,0.7499999999999978,False,False,0.0,0.0,-1.201048499904573,False,factoid
621e59ce3a8413c65300004c,FLAN-T5-base,bioasq,False,2,,,,,,,,,False,factoid
6237a5513a8413c6530000b0,FLAN-T5-base,bioasq,False,0,,,,,,,,,False,factoid
62005e02c9dfcb9c09000018,FLAN-T5-base,bioasq,False,1,,,,,,,,,False,factoid
61f7c883882a024a10000026,FLAN-T5-base,bioasq,False,2,,,,,,,,,False,factoid
622b9e743a8413c653000097,FLAN-T5-base,bioasq,True,3,2.0,0.8112781244591301,0.40563906222956503,False,False,0.0,0.0,-0.826686085065982,False,factoid
6237ac143a8413c6530000b7,FLAN-T5-base,bioasq,False,2,,,,,,,,,False,factoid
61f7c60c882a024a10000025,FLAN-T5-base,bioasq,False,0,,,,,,,,,False,factoid
6226335d3a8413c653000082,FLAN-T5-base,bioasq,False,2,,,,,,,,,False,factoid
621e63a43a8413c653000051,FLAN-T5-base,bioasq,False,1,,,,,,,,,False,factoid
61f7ce26882a024a1000002d,FLAN-T5-base,bioasq,False,1,,,,,,,,,False,factoid
623345bf3a8413c6530000ab,FLAN-T5-base,bioasq,False,1,,,,,,,,,False,factoid
61f86c03882a024a10000044,FLAN-T5-base,bioasq,False,2,,,,,,,,,False,factoid
622a5a7c3a8413c653000090,FLAN-T5-base,bioasq,False,2,,,,,,,,,False,factoid
61f7cc0c882a024a1000002a,FLAN-T5-base,bioasq,False,1,,,,,,,,,False,factoid
64403ab057b1c7a31500004d,FLAN-T5-base,bioasq,True,3,2.0,0.8112781244591301,0.40563906222956503,False,False,0.0,0.0,-1.4837805926799774,False,factoid
6411b678201352f04a000036,FLAN-T5-base,bioasq,False,1,,,,,,,,,False,factoid
643bc8f957b1c7a31500002b,FLAN-T5-base,bioasq,False,1,,,,,,,,,False,factoid
64403be357b1c7a31500004e,FLAN-T5-base,bioasq,True,3,2.0,0.8112781244591301,0.40563906222956503,False,False,0.0,0.0,-1.2476802691817284,False,factoid
6440396957b1c7a31500004b,FLAN-T5-base,bioasq,False,0,,,,,,,,,False,factoid
6431708a57b1c7a315000017,FLAN-T5-base,bioasq,False,1,,,,,,,,,False,factoid
640f8641201352f04a00002c,FLAN-T5-base,bioasq,False,1,,,,,,,,,False,factoid
644009c557b1c7a315000041,FLAN-T5-base,bioasq,False,2,,,,,,,,,False,factoid
64371a4257b1c7a315000029,FLAN-T5-base,bioasq,True,3,2.0,0.8112781244591301,0.40563906222956503,False,False,0.0,0.0,-0.5503063820069656,False,factoid
6440377c57b1c7a315000049,FLAN-T5-base,bioasq,False,2,,,,,,,,,False,factoid
6441057657b1c7a315000052,FLAN-T5-base,bioasq,True,3,3.0,1.4999999999999956,0.7499999999999978,False,False,0.0,0.0,-1.542488949528585,False,factoid
64257c9c690f196b5100004b,FLAN-T5-base,bioasq,False,1,,,,,,,,,False,factoid
6429e85e57b1c7a315000009,FLAN-T5-base,bioasq,False,2,,,,,,,,,False,factoid
6440393157b1c7a31500004a,FLAN-T5-base,bioasq,False,2,,,,,,,,,False,factoid
6415b3b4690f196b51000009,FLAN-T5-base,bioasq,True,3,1.0,-1.6017132519074577e-15,-8.008566259537289e-16,True,False,0.0,0.0,-1.1160888671875,False,factoid
6429fad757b1c7a31500000e,FLAN-T5-base,bioasq,True,3,3.0,1.4999999999999956,0.7499999999999978,False,False,0.0,0.0,-1.4115872383117676,False,factoid
64402e7757b1c7a315000044,FLAN-T5-base,bioasq,False,1,,,,,,,,,False,factoid
64425ce357b1c7a315000059,FLAN-T5-base,bioasq,False,2,,,,,,,,,False,factoid
63f581e933942b094c000007,FLAN-T5-base,bioasq,False,2,,,,,,,,,False,factoid
6431f7de57b1c7a31500001b,FLAN-T5-base,bioasq,False,2,,,,,,,,,False,factoid
643f9eeb57b1c7a31500003c,FLAN-T5-base,bioasq,False,2,,,,,,,,,False,factoid
6415c252690f196b51000011,FLAN-T5-base,bioasq,False,2,,,,,,,,,False,factoid
63eeed0af36125a426000007,FLAN-T5-base,bioasq,False,0,,,,,,,,,False,factoid
63f03ea0f36125a426000020,FLAN-T5-base,bioasq,False,2,,,,,,,,,False,factoid
64179113690f196b5100002e,FLAN-T5-base,bioasq,False,0,,,,,,,,,False,factoid
6415c9e9690f196b51000018,FLAN-T5-base,bioasq,False,2,,,,,,,,,False,factoid
6432fc0457b1c7a31500001f,FLAN-T5-base,bioasq,False,2,,,,,,,,,False,factoid
63f03c47f36125a42600001e,FLAN-T5-base,bioasq,False,1,,,,,,,,,False,factoid
642c82c557b1c7a315000012,FLAN-T5-base,bioasq,False,2,,,,,,,,,False,factoid
643305b257b1c7a315000025,FLAN-T5-base,bioasq,False,1,,,,,,,,,False,factoid
641635fa690f196b5100001c,FLAN-T5-base,bioasq,False,2,,,,,,,,,False,factoid
6433050157b1c7a315000024,FLAN-T5-base,bioasq,True,3,3.0,1.4999999999999956,0.7499999999999978,False,False,0.0,0.0,-0.9359543159604072,False,factoid
6417900b690f196b5100002a,FLAN-T5-base,bioasq,False,1,,,,,,,,,False,factoid
64178fea690f196b51000028,FLAN-T5-base,bioasq,False,0,,,,,,,,,False,factoid
6426d131690f196b5100004e,FLAN-T5-base,bioasq,True,3,3.0,1.4999999999999956,0.7499999999999978,False,False,0.0,0.0,-1.3479083857188623,False,factoid
64178ffb690f196b51000029,FLAN-T5-base,bioasq,False,2,,,,,,,,,False,factoid
63eeefc5f36125a426000009,FLAN-T5-base,bioasq,False,0,,,,,,,,,False,factoid
64172bb2690f196b5100001e,FLAN-T5-base,bioasq,False,2,,,,,,,,,False,factoid
641790d6690f196b5100002d,FLAN-T5-base,bioasq,True,3,2.0,0.8112781244591301,0.40563906222956503,False,False,0.0,0.0,-1.3128599705440658,False,factoid
6428da74690f196b51000052,FLAN-T5-base,bioasq,False,2,,,,,,,,,False,factoid
64179aac690f196b51000037,FLAN-T5-base,bioasq,False,2,,,,,,,,,False,factoid
6422ee03690f196b51000046,FLAN-T5-base,bioasq,False,2,,,,,,,,,False,factoid
6415c0df690f196b51000010,FLAN-T5-base,bioasq,False,0,,,,,,,,,False,factoid
6412331b201352f04a000038,FLAN-T5-base,bioasq,False,0,,,,,,,,,False,factoid
6415c8f1690f196b51000017,FLAN-T5-base,bioasq,True,3,4.0,1.9999999999999942,0.9999999999999971,False,False,0.0,0.0,-0.5804336197349281,False,factoid
63eeec79f36125a426000006,FLAN-T5-base,bioasq,False,1,,,,,,,,,False,factoid
6422e2f1690f196b51000043,FLAN-T5-base,bioasq,False,2,,,,,,,,,False,factoid
6429ad3857b1c7a315000003,FLAN-T5-base,bioasq,True,4,2.0,0.9709505944546659,0.4181656600790505,False,False,0.0,0.0,-0.13395417723222636,False,factoid
63f57d9b33942b094c000004,FLAN-T5-base,bioasq,True,3,1.0,-1.6017132519074577e-15,-8.008566259537289e-16,True,False,0.0,0.0,-0.8779045616587003,False,factoid
6450ec0c57b1c7a31500008f,FLAN-T5-base,bioasq,False,1,,,,,,,,,False,factoid
644ef46557b1c7a315000083,FLAN-T5-base,bioasq,False,2,,,,,,,,,False,factoid
6432fdd857b1c7a315000020,FLAN-T5-base,bioasq,False,2,,,,,,,,,False,factoid
6450ede757b1c7a315000090,FLAN-T5-base,bioasq,True,3,4.0,1.9999999999999942,0.9999999999999971,False,False,0.0,0.0,-1.3525768220424652,False,factoid
63f03d58f36125a42600001f,FLAN-T5-base,bioasq,True,3,2.0,0.8112781244591301,0.40563906222956503,False,False,0.0,0.0,-0.6855274250321801,False,factoid
644008a657b1c7a31500003f,FLAN-T5-base,bioasq,False,2,,,,,,,,,False,factoid
644640de57b1c7a31500006b,FLAN-T5-base,bioasq,False,1,,,,,,,,,False,factoid
64403a5857b1c7a31500004c,FLAN-T5-base,bioasq,False,1,,,,,,,,,False,factoid
64402bb057b1c7a315000043,FLAN-T5-base,bioasq,False,2,,,,,,,,,False,factoid
63eef8d6f36125a42600000f,FLAN-T5-base,bioasq,False,1,,,,,,,,,False,factoid
64121f44201352f04a000037,FLAN-T5-base,bioasq,False,0,,,,,,,,,False,factoid
6451029f57b1c7a315000094,FLAN-T5-base,bioasq,False,2,,,,,,,,,False,factoid
6432f5f257b1c7a31500001c,FLAN-T5-base,bioasq,False,1,,,,,,,,,False,factoid
6440420857b1c7a315000050,FLAN-T5-base,bioasq,False,0,,,,,,,,,False,factoid
63eef4f5f36125a42600000b,FLAN-T5-base,bioasq,False,1,,,,,,,,,False,factoid
640c842f201352f04a000025,FLAN-T5-base,bioasq,False,1,,,,,,,,,False,factoid
64468b0757b1c7a315000070,FLAN-T5-base,bioasq,True,3,3.0,1.4999999999999956,0.7499999999999978,False,False,0.0,0.0,-1.553245546296239,False,factoid
63f0494cf36125a426000028,FLAN-T5-base,bioasq,False,2,,,,,,,,,False,factoid
640ddbe9201352f04a000027,FLAN-T5-base,bioasq,False,1,,,,,,,,,False,factoid
644e81fa57b1c7a315000079,FLAN-T5-base,bioasq,False,1,,,,,,,,,False,factoid
6415c7fb690f196b51000016,FLAN-T5-base,bioasq,False,2,,,,,,,,,False,factoid
64468e0d57b1c7a315000071,FLAN-T5-base,bioasq,True,3,2.0,0.8112781244591301,0.40563906222956503,False,False,0.0,0.0,-0.5843639547238126,False,factoid
63f04716f36125a426000025,FLAN-T5-base,bioasq,False,1,,,,,,,,,False,factoid
644ec7fe57b1c7a315000082,FLAN-T5-base,bioasq,False,2,,,,,,,,,False,factoid
63fa16d8201352f04a000002,FLAN-T5-base,bioasq,False,2,,,,,,,,,False,factoid
6451060c57b1c7a315000096,FLAN-T5-base,bioasq,False,2,,,,,,,,,False,factoid
61f7c904882a024a10000027,FLAN-T5-base,bioasq,False,1,,,,,,,,,False,factoid
644ef78f57b1c7a315000084,FLAN-T5-base,bioasq,False,2,,,,,,,,,False,factoid
644298cc57b1c7a315000062,FLAN-T5-base,bioasq,True,3,4.0,1.9999999999999942,0.9999999999999971,False,False,0.0,0.0,-1.3996472724459388,False,factoid
6442933f57b1c7a315000060,FLAN-T5-base,bioasq,True,3,4.0,1.9999999999999942,0.9999999999999971,False,False,0.0,0.0,-1.394969612021338,False,factoid
640f857d201352f04a00002b,FLAN-T5-base,bioasq,False,2,,,,,,,,,False,factoid
63eef3ebf36125a42600000a,FLAN-T5-base,bioasq,False,0,,,,,,,,,False,factoid
64136fbf201352f04a00003d,FLAN-T5-base,bioasq,False,2,,,,,,,,,False,factoid
6415c53e690f196b51000012,FLAN-T5-base,bioasq,True,3,4.0,1.9999999999999942,0.9999999999999971,False,False,0.0,0.0,-2.056628075428307,False,factoid
6415bc8d690f196b5100000f,FLAN-T5-base,bioasq,True,3,2.0,0.8112781244591301,0.40563906222956503,False,False,0.0,0.0,-1.1139117628335953,False,factoid
6415c599690f196b51000013,FLAN-T5-base,bioasq,False,1,,,,,,,,,False,factoid
6414638c201352f04a000047,FLAN-T5-base,bioasq,False,1,,,,,,,,,False,factoid
6414c4cf690f196b51000006,FLAN-T5-base,bioasq,True,3,4.0,1.9999999999999942,0.9999999999999971,False,False,0.0,0.0,-0.9032406583428383,False,factoid
63eefa3bf36125a426000012,FLAN-T5-base,bioasq,False,2,,,,,,,,,False,factoid
63eef60ef36125a42600000c,FLAN-T5-base,bioasq,False,2,,,,,,,,,False,factoid
63f03fc8f36125a426000021,FLAN-T5-base,bioasq,False,1,,,,,,,,,False,factoid
640c85e9201352f04a000026,FLAN-T5-base,bioasq,False,2,,,,,,,,,False,factoid
6415bb3c690f196b5100000e,FLAN-T5-base,bioasq,False,2,,,,,,,,,False,factoid
63f03ae6f36125a42600001d,FLAN-T5-base,bioasq,False,0,,,,,,,,,False,factoid
63eeeaaaf36125a426000004,FLAN-T5-base,bioasq,False,2,,,,,,,,,False,factoid
64138ce8201352f04a000042,FLAN-T5-base,bioasq,False,1,,,,,,,,,False,factoid
63f9cd0b33942b094c000010,FLAN-T5-base,bioasq,True,3,4.0,1.9999999999999942,0.9999999999999971,False,False,0.0,0.0,-1.6319564431905746,False,factoid
63f56f7533942b094c000002,FLAN-T5-base,bioasq,False,2,,,,,,,,,False,factoid
63eeeb70f36125a426000005,FLAN-T5-base,bioasq,False,1,,,,,,,,,False,factoid
65f7736fc4010b4d78000024,FLAN-T5-base,bioasq,False,2,,,,,,,,,False,factoid
65f7728fc4010b4d78000021,FLAN-T5-base,bioasq,False,1,,,,,,,,,False,factoid
65f494d7c4010b4d78000013,FLAN-T5-base,bioasq,False,2,,,,,,,,,False,factoid
64179034690f196b5100002b,FLAN-T5-base,bioasq,False,2,,,,,,,,,False,factoid
65f77397c4010b4d78000025,FLAN-T5-base,bioasq,True,3,1.0,-1.6017132519074577e-15,-8.008566259537289e-16,True,False,0.0,0.0,-1.2987627863883973,False,factoid
65cfd4b21930410b13000020,FLAN-T5-base,bioasq,False,1,,,,,,,,,False,factoid
65f8447fc4010b4d78000043,FLAN-T5-base,bioasq,False,1,,,,,,,,,False,factoid
6451007857b1c7a315000093,FLAN-T5-base,bioasq,False,2,,,,,,,,,False,factoid
65f70b9cc4010b4d7800001c,FLAN-T5-base,bioasq,False,0,,,,,,,,,False,factoid
65cec1fb1930410b13000005,FLAN-T5-base,bioasq,False,0,,,,,,,,,False,factoid
65f856a1c4010b4d7800004e,FLAN-T5-base,bioasq,False,2,,,,,,,,,False,factoid
65f86ba3c4010b4d78000059,FLAN-T5-base,bioasq,False,0,,,,,,,,,False,factoid
65f38059c4010b4d7800000e,FLAN-T5-base,bioasq,False,1,,,,,,,,,False,factoid
65cfa22b1930410b1300000c,FLAN-T5-base,bioasq,False,0,,,,,,,,,False,factoid
65f039fdc4010b4d78000002,FLAN-T5-base,bioasq,False,2,,,,,,,,,False,factoid
65f37997c4010b4d7800000b,FLAN-T5-base,bioasq,False,1,,,,,,,,,False,factoid
65f493cac4010b4d78000012,FLAN-T5-base,bioasq,False,0,,,,,,,,,False,factoid
65f85ec7c4010b4d78000052,FLAN-T5-base,bioasq,False,2,,,,,,,,,False,factoid
65cfa37c1930410b1300000d,FLAN-T5-base,bioasq,False,1,,,,,,,,,False,factoid
65d1357c1930410b13000039,FLAN-T5-base,bioasq,False,1,,,,,,,,,False,factoid
65f82058c4010b4d7800003d,FLAN-T5-base,bioasq,False,2,,,,,,,,,False,factoid
65d36e761930410b13000044,FLAN-T5-base,bioasq,False,2,,,,,,,,,False,factoid
65d144b81930410b13000041,FLAN-T5-base,bioasq,False,1,,,,,,,,,False,factoid
662cfc88187cba990d000008,FLAN-T5-base,bioasq,True,3,3.0,1.4999999999999956,0.7499999999999978,False,False,0.0,0.0,-1.19635275999705,False,factoid
66300d3e187cba990d00001b,FLAN-T5-base,bioasq,False,2,,,,,,,,,False,factoid
65cfdf1c1930410b13000028,FLAN-T5-base,bioasq,False,2,,,,,,,,,False,factoid
662a4b08b9f8b89d7e00000b,FLAN-T5-base,bioasq,False,1,,,,,,,,,False,factoid
6630154c187cba990d000021,FLAN-T5-base,bioasq,False,2,,,,,,,,,False,factoid
663016bb187cba990d000023,FLAN-T5-base,bioasq,False,2,,,,,,,,,False,factoid
66302487187cba990d000031,FLAN-T5-base,bioasq,True,3,3.0,1.4999999999999956,0.7499999999999978,False,False,0.0,0.0,-1.4787672460079193,False,factoid
66099907fdcbea915f000015,FLAN-T5-base,bioasq,False,2,,,,,,,,,False,factoid
662cfbf5187cba990d000007,FLAN-T5-base,bioasq,False,1,,,,,,,,,False,factoid
66151045fdcbea915f000048,FLAN-T5-base,bioasq,False,2,,,,,,,,,False,factoid
66156200fdcbea915f00004d,FLAN-T5-base,bioasq,True,3,4.0,1.9999999999999942,0.9999999999999971,False,False,0.0,0.0,-1.2545567921434457,False,factoid
6630390b187cba990d000035,FLAN-T5-base,bioasq,False,2,,,,,,,,,False,factoid
66214c5db9f8b89d7e000002,FLAN-T5-base,bioasq,False,2,,,,,,,,,False,factoid
662cfd21187cba990d000009,FLAN-T5-base,bioasq,True,3,3.0,1.4999999999999956,0.7499999999999978,False,False,0.0,0.0,-0.9834670048827926,False,factoid
66301e04187cba990d000027,FLAN-T5-base,bioasq,False,1,,,,,,,,,False,factoid
662fbec6187cba990d00000f,FLAN-T5-base,bioasq,True,3,3.0,1.4999999999999956,0.7499999999999978,False,False,0.0,0.0,-0.7757054950020069,False,factoid
66300ee7187cba990d00001c,FLAN-T5-base,bioasq,True,3,3.0,1.4999999999999956,0.7499999999999978,False,False,0.0,0.0,-1.6574372564043318,False,factoid
660c0071fdcbea915f00002b,FLAN-T5-base,bioasq,True,3,4.0,1.9999999999999942,0.9999999999999971,False,False,0.0,0.0,-1.3063849146581359,False,factoid
66088ffafdcbea915f00000f,FLAN-T5-base,bioasq,False,1,,,,,,,,,False,factoid
65f86b3ac4010b4d78000058,FLAN-T5-base,bioasq,True,3,4.0,1.9999999999999942,0.9999999999999971,False,False,0.0,0.0,-0.4911124603677308,False,factoid
65f7798dc4010b4d78000038,FLAN-T5-base,bioasq,False,2,,,,,,,,,False,factoid
65cfd3961930410b1300001f,FLAN-T5-base,bioasq,False,1,,,,,,,,,False,factoid
65cfdaae1930410b13000025,FLAN-T5-base,bioasq,False,2,,,,,,,,,False,factoid
65f7785dc4010b4d78000033,FLAN-T5-base,bioasq,True,3,1.0,-1.6017132519074577e-15,-8.008566259537289e-16,True,False,0.0,0.0,-1.0791588491863675,False,factoid
66088d66fdcbea915f00000c,FLAN-T5-base,bioasq,False,2,,,,,,,,,False,factoid
65cf6ae91930410b13000007,FLAN-T5-base,bioasq,False,2,,,,,,,,,False,factoid
65cfaf7e1930410b13000016,FLAN-T5-base,bioasq,False,0,,,,,,,,,False,factoid
65f77a71c4010b4d7800003b,FLAN-T5-base,bioasq,True,3,1.0,-1.6017132519074577e-15,-8.008566259537289e-16,True,False,0.0,0.0,-0.7639815472066402,False,factoid
660bb7f9fdcbea915f000029,FLAN-T5-base,bioasq,True,3,2.0,0.8112781244591301,0.40563906222956503,False,False,0.0,0.0,-0.9713412903818406,False,factoid
66099c01fdcbea915f000023,FLAN-T5-base,bioasq,False,1,,,,,,,,,False,factoid
660877c8fdcbea915f000008,FLAN-T5-base,bioasq,True,3,2.0,0.8112781244591301,0.40563906222956503,False,False,0.0,0.0,-0.8537333142012358,False,factoid
65cfd02e1930410b1300001c,FLAN-T5-base,bioasq,True,3,3.0,1.4999999999999956,0.7499999999999978,False,False,0.0,0.0,-1.4658192694187164,False,factoid
66099926fdcbea915f000016,FLAN-T5-base,bioasq,False,2,,,,,,,,,False,factoid
65f37bb1c4010b4d7800000d,FLAN-T5-base,bioasq,False,1,,,,,,,,,False,factoid
660c0486fdcbea915f00002d,FLAN-T5-base,bioasq,False,2,,,,,,,,,False,factoid
66099a25fdcbea915f00001e,FLAN-T5-base,bioasq,True,3,2.0,0.8112781244591301,0.40563906222956503,False,False,0.0,0.0,-0.8568293306976557,False,factoid
6616547dfdcbea915f00004f,FLAN-T5-base,bioasq,False,2,,,,,,,,,False,factoid
661d96c9eac11fad33000028,FLAN-T5-base,bioasq,False,2,,,,,,,,,False,factoid
661d48a2eac11fad33000018,FLAN-T5-base,bioasq,False,1,,,,,,,,,False,factoid
65cebc0c1930410b13000003,FLAN-T5-base,bioasq,False,2,,,,,,,,,False,factoid
65cfcd541930410b13000019,FLAN-T5-base,bioasq,False,1,,,,,,,,,False,factoid
65f85fdbc4010b4d78000054,FLAN-T5-base,bioasq,False,1,,,,,,,,,False,factoid
66099967fdcbea915f000018,FLAN-T5-base,bioasq,False,2,,,,,,,,,False,factoid
661be55f48a2c27714000003,FLAN-T5-base,bioasq,False,2,,,,,,,,,False,factoid
66099a03fdcbea915f00001d,FLAN-T5-base,bioasq,True,3,3.0,1.4999999999999956,0.7499999999999978,False,False,0.0,0.0,-1.5638451029857,False,factoid
660d7324fdcbea915f000040,FLAN-T5-base,bioasq,False,0,,,,,,,,,False,factoid
660999e7fdcbea915f00001c,FLAN-T5-base,bioasq,False,2,,,,,,,,,False,factoid
661d6252eac11fad33000025,FLAN-T5-base,bioasq,False,1,,,,,,,,,False,factoid
661c424588784bab31000001,FLAN-T5-base,bioasq,False,2,,,,,,,,,False,factoid
661d6473eac11fad33000027,FLAN-T5-base,bioasq,False,2,,,,,,,,,False,factoid
65ef8502dffffb9b6b000003,FLAN-T5-base,bioasq,False,0,,,,,,,,,False,factoid
66165f2afdcbea915f000051,FLAN-T5-base,bioasq,False,0,,,,,,,,,False,factoid
65f774a4c4010b4d78000029,FLAN-T5-base,bioasq,False,1,,,,,,,,,False,factoid
660982eefdcbea915f000012,FLAN-T5-base,bioasq,False,2,,,,,,,,,False,factoid
65cfa8f81930410b13000010,FLAN-T5-base,bioasq,True,3,3.0,1.4999999999999956,0.7499999999999978,False,False,0.0,0.0,-1.4049319437305843,False,factoid
661d5c97eac11fad33000021,FLAN-T5-base,bioasq,False,1,,,,,,,,,False,factoid
65f777d7c4010b4d78000032,FLAN-T5-base,bioasq,False,2,,,,,,,,,False,factoid
6614f672fdcbea915f000042,FLAN-T5-base,bioasq,False,2,,,,,,,,,False,factoid
65d134bd1930410b13000037,FLAN-T5-base,bioasq,False,1,,,,,,,,,False,factoid
65f7789dc4010b4d78000034,FLAN-T5-base,bioasq,True,3,1.0,-1.6017132519074577e-15,-8.008566259537289e-16,True,False,0.0,0.0,-1.3860597647726536,False,factoid
65f59e46c4010b4d78000015,FLAN-T5-base,bioasq,False,2,,,,,,,,,False,factoid
661d4c2eeac11fad3300001a,FLAN-T5-base,bioasq,True,3,2.0,0.9999999999999971,0.49999999999999856,False,False,0.0,0.0,-1.5242759108543396,False,factoid
