id,model,dataset,pred,correct,m,norm_entropy,confidence,assigned_cui,s1,s2,margin_mean,query,k
56de0ffd4396321400ee258e,BioMistral-7B,squad2,Robert Crispin led the Normans of Edessa against the Turks in the 1060s.,False,3,0.405639062229565,-0.0769183517320849,C0471067,0.6518570184707642,0.6499307155609131,0.0019263029098510742,pred_answer,50
5ad568d35b96ef001a10ae1d,BioMistral-7B,squad2,"The graph isomorphism problem, the discrete logarithm problem, the integer factorization problem and the traveling salesman problem are four examples of problems believed to be",False,3,0.7499999999999978,-0.1862683009721024,C2612775,0.6310333013534546,0.6221083998680115,0.008924901485443115,pred_answer,50
56e1e9dfe3433e14004231fc,BioMistral-7B,squad2,The graph isomorphism problem is the computational problem of determining whether two finite graphs are isomorphic.,False,3,0.405639062229565,-0.0846514958199501,C2986777,0.6883198022842407,0.6708791851997375,0.017440617084503174,pred_answer,50
56e1f10ee3433e1400423222,BioMistral-7B,squad2,The variable associated with all problems solved within logarithmic space is L.,False,3,0.405639062229565,-0.1901639115185389,C0750561,0.7001053690910339,0.6808966398239136,0.01920872926712036,pred_answer,50
5705e4fe75f01819005e7704,BioMistral-7B,squad2,The name of the water body that is found to the east is the Colorado River.,False,3,0.405639062229565,-0.1307044036657316,C1555156,0.840128481388092,0.7304741144180298,0.10965436697006226,pred_answer,50
5ad042cf77cf76001a686f28,BioMistral-7B,squad2,"The Santa Barbara, San Luis Obispo, and Bakersfield metropolitan areas.",False,3,0.4999999999999985,-0.1261754225955595,C3828241,0.7384076118469238,0.6801741719245911,0.058233439922332764,pred_answer,50
5706143575f01819005e7953,BioMistral-7B,squad2,The other NHL team aside from the Anaheim Ducks to reside in Southern California is the Los Angeles Kings.,False,3,0.7499999999999978,-0.1158890998856622,C3259495,0.6382429599761963,0.6357715725898743,0.0024713873863220215,pred_answer,50
5a2c0c2fbfd06b001a5ae99c,BioMistral-7B,squad2,Setanta gave away two of the six total packages available to broadcasters.,False,3,0.9999999999999972,-0.2302935523800763,C2241546,0.6595264077186584,0.657523512840271,0.002002894878387451,pred_answer,50
570953a7efce8f15003a7e01,BioMistral-7B,squad2,BSkyB offered Video On Demand content which was not previously carried by cable.,False,3,0.7499999999999978,-0.2927505092229694,C5874801,0.6766489744186401,0.6764094829559326,0.00023949146270751953,pred_answer,50
57096c95200fba1400367fbf,BioMistral-7B,squad2,A VideoGuard UK equipped receiver is dedicated to decrypt the Sky service.,False,3,0.7499999999999978,-0.187042225850746,C5691728,0.6419773101806641,0.6405971646308899,0.00138014554977417,pred_answer,50
57096f37200fba1400367fe6,BioMistral-7B,squad2,"Answerable. The fee range for accessing BSkyB's EPG is £15–100,000.",False,3,0.4999999999999985,-0.1494005459185624,C5697245,0.6857805252075195,0.6717250943183899,0.014055430889129639,pred_answer,50
57097b50200fba140036804d,BioMistral-7B,squad2,10 million homes,False,3,0.7499999999999978,-0.5273084536505243,C0029034,0.7106515765190125,0.6710023283958435,0.039649248123168945,pred_answer,50
570d2d68fed7b91900d45cbc,BioMistral-7B,squad2,More than 50% of Victorian farmland is sown for wheat.,False,3,0.7499999999999978,-0.1530169644666945,C3166490,0.6711890697479248,0.6638654470443726,0.007323622703552246,pred_answer,50
570d2f5bfed7b91900d45cd2,BioMistral-7B,squad2,"The exceptions in the Victorian Constitution that require special considerations to amend are certain ""entrenched"" provisions. These provisions are protected from amendment by certain",False,3,0.9999999999999972,-0.4023916818933521,C0009809,0.7682365775108337,0.7159343361854553,0.05230224132537842,pred_answer,50
570d32e4fed7b91900d45d02,BioMistral-7B,squad2,The Department of Education runs the public schools in Victoria.,False,3,-8.00856625953729e-16,-0.1481822505641806,C0871193,0.6948200464248657,0.6849828362464905,0.009837210178375244,pred_answer,50
570d4329fed7b91900d45dd7,BioMistral-7B,squad2,1 July 1851,True,3,0.405639062229565,-0.2191238657267402,C3829466,0.7010952234268188,0.6722118258476257,0.028883397579193115,pred_answer,50
570d44abb3d812140066d601,BioMistral-7B,squad2,61% of private school students attend Catholic schools.,False,3,-8.00856625953729e-16,-0.2526382339031746,C4272448,0.5935415625572205,0.5912724733352661,0.0022690892219543457,pred_answer,50
570d47b8b3d812140066d631,BioMistral-7B,squad2,Five.,True,3,-8.00856625953729e-16,-0.5635905216137568,C0205451,0.9510325193405151,0.9510325193405151,0.0,pred_answer,50
570d4a6bfed7b91900d45e16,BioMistral-7B,squad2,New South Wales,False,3,0.405639062229565,-0.4421342636536186,C0027975,0.9999995231628418,0.8618370890617371,0.13816243410110474,pred_answer,50
5a637c6268151a001a92230e,BioMistral-7B,squad2,1854,False,3,0.7499999999999978,-0.3551705951977055,C0681743,0.8307791948318481,0.7476798892021179,0.08309930562973022,pred_answer,50
5a637c6268151a001a922311,BioMistral-7B,squad2,Answerable. Some leaders of the Eureka rebellion went on to become members of the Victorian Parliament.,False,3,0.9999999999999972,-0.1421146146586856,C5446374,0.6414040923118591,0.6345169544219971,0.0068871378898620605,pred_answer,50
5a6391c268151a001a922390,BioMistral-7B,squad2,"The provided context does not mention any event held at Port Sunshine in Victoria. Therefore, the answer is ""unanswerable"".",False,3,0.7499999999999978,-0.2621911120044623,C3176004,0.70135897397995,0.6974929571151733,0.0038660168647766113,pred_answer,50
5ad25e99d7d075001a428f2e,BioMistral-7B,squad2,New France was located in what is now Canada.,False,3,0.7499999999999978,-0.3122796350666745,C5206965,0.7588077187538147,0.7451211214065552,0.013686597347259521,pred_answer,50
57107a3ea58dae1900cd69e0,BioMistral-7B,squad2,The Huguenots secured the right to own land in the Baronies in 1697.,False,3,-8.00856625953729e-16,-0.0311535609964101,C6005157,0.6705631613731384,0.668942928314209,0.0016202330589294434,pred_answer,50
5ad24057d7d075001a428930,BioMistral-7B,squad2,Unanswerable.,True,3,0.7499999999999978,-0.4409502743921621,C1883425,0.7934973835945129,0.7918398976325989,0.0016574859619140625,pred_answer,50
57107e6ca58dae1900cd69f2,BioMistral-7B,squad2,The Catholic Church in France and many of its members opposed the Huguenots.,False,3,-8.00856625953729e-16,-0.1188989031378535,C0337770,0.6961073279380798,0.6945268511772156,0.0015804767608642578,pred_answer,50
5ad25963d7d075001a428e0c,BioMistral-7B,squad2,The number of Huguenots who were part of the group that founded France Antarctique in 1555 is not specified in the,False,3,0.7499999999999978,-0.2780370619411769,C5627491,0.6445112228393555,0.6347708702087402,0.009740352630615234,pred_answer,50
5ad24600d7d075001a428acc,BioMistral-7B,squad2,The exact number of fatalities in Toulouse is not known.,False,3,0.4999999999999985,-0.2982405685806346,C5773787,0.6565232872962952,0.6317937970161438,0.024729490280151367,pred_answer,50
57113c6da58dae1900cd6d36,BioMistral-7B,squad2,Jerónimo de Ayanz y Beaumont patented a water pump for draining mines in 1606.,False,3,0.7499999999999978,-0.0787149152363489,C5221278,0.6570035815238953,0.647881269454956,0.009122312068939209,pred_answer,50
5ad3cc47604f3c001a3ff143,BioMistral-7B,squad2,Compound engines.,False,3,0.405639062229565,-0.285337862536835,C0554220,0.6895182132720947,0.6731106638908386,0.016407549381256104,pred_answer,50
5ad3ed37604f3c001a3ff7a3,BioMistral-7B,squad2,The groups of pistons were set at 90° to each other in a 4-cylinder crank.,False,3,0.405639062229565,-0.0705548363170978,C1709547,0.6731659173965454,0.6668252944946289,0.006340622901916504,pred_answer,50
5ad3f4ed604f3c001a3ff967,BioMistral-7B,squad2,"The aim of the additional stroke is to remedy the difficulties arising from the usual counterflow cycle where, during each stroke, the port and the cylinder",False,3,0.4999999999999985,-0.0764701839797581,C4712787,0.687444269657135,0.6781991720199585,0.009245097637176514,pred_answer,50
5ad415fd604f3c001a400328,BioMistral-7B,squad2,An open loop system releases the exhaust steam into the boiler.,False,3,0.7499999999999978,-0.2404453697007349,C0180720,0.721272885799408,0.6598513126373291,0.06142157316207886,pred_answer,50
57115bf350c2381900b54a96,BioMistral-7B,squad2,The Energiprojekt AB engine uses 4 kg (8.8 lb) of steam per kWh.,False,3,-8.00856625953729e-16,-0.1186133327547885,C5572705,0.707383394241333,0.684249758720398,0.02313363552093506,pred_answer,50
57115f652419e314009555bb,BioMistral-7B,squad2,Jerónimo de Ayanz y Beaumont received a steam engine patent in 1606.,False,3,0.9999999999999972,-0.0885140137276797,C5577197,0.683914840221405,0.6805526614189148,0.0033621788024902344,pred_answer,50
571c7abfdd7acb1400e4c0bd,BioMistral-7B,squad2,Leonardo da Vinci.,True,3,0.405639062229565,-0.2078590510381478,C0331123,0.8000255823135376,0.7696006894111633,0.030424892902374268,pred_answer,50
5ad23e1bd7d075001a4288b5,BioMistral-7B,squad2,Dalton assumed that OH was monatomic and that the atoms in compounds would normally have the simplest atomic ratios with respect to one another.,False,3,0.9999999999999972,-0.0756082542549378,C3887938,0.6891640424728394,0.6891640424728394,0.0,pred_answer,50
571c8539dd7acb1400e4c0e4,BioMistral-7B,squad2,Priestley's work was published first.,False,3,0.9999999999999972,-0.2069240826200588,C1890942,0.6768158078193665,0.6679267287254333,0.008889079093933105,pred_answer,50
5ad24ff3d7d075001a428ca4,BioMistral-7B,squad2,Oxygen.,False,3,0.7499999999999978,-0.5122664060909301,C0030054,0.9895803928375244,0.9895802736282349,1.1920928955078125e-07,pred_answer,50
5ad261bad7d075001a429052,BioMistral-7B,squad2,The mineral is written as FeO.,False,3,0.7499999999999978,-0.3114931340549244,C1530263,0.6959831714630127,0.6860939264297485,0.00988924503326416,pred_answer,50
571cda1bdd7acb1400e4c196,BioMistral-7B,squad2,"Oxygen tanks, cryogenics, and chemical compounds serve as storage methods for oxygen.",False,3,0.7499999999999978,-0.1350419856390886,C2135599,0.8149504661560059,0.7855184078216553,0.029432058334350586,pred_answer,50
5a38ab9fa4b263001a8c188d,BioMistral-7B,squad2,Oil was priced based on pound sterling in September 1971.,False,3,0.9999999999999972,-0.1568534349404318,C0376680,0.6473612785339355,0.6390713453292847,0.008289933204650879,pred_answer,50
5a38b819a4b263001a8c18c6,BioMistral-7B,squad2,Developing new oil fields in rugged terrain such as the Arctic took five to ten years before significant production.,False,3,0.7499999999999978,-0.3230019832798423,C3179126,0.6657460927963257,0.6486993432044983,0.017046749591827393,pred_answer,50
5a38c34ea4b263001a8c190e,BioMistral-7B,squad2,British Ambassador Lord Cromer ordered a British intelligence estimate of US intentions.,False,3,0.4999999999999985,-0.1420030774362899,C5420751,0.600011944770813,0.5994359254837036,0.000576019287109375,pred_answer,50
57265526708984140094c2c1,BioMistral-7B,squad2,The Wahhabi seized the Grand Mosque in Mecca in November 1979.,False,3,-8.00856625953729e-16,-0.0972543956061971,C2907776,0.6207736730575562,0.6192808151245117,0.0014928579330444336,pred_answer,50
5725c3a9ec44d21400f3d506,BioMistral-7B,squad2,One supplementary source of European Union law is case law by the Court of Justice.,False,3,0.7499999999999978,-0.0686292474080498,C0680648,0.809174120426178,0.8020191788673401,0.007154941558837891,pred_answer,50
5725cc38ec44d21400f3d5be,BioMistral-7B,squad2,"No, Norway did not end up joining the European Union in 1972.",False,3,0.9999999999999972,-0.1408875522665048,C5555403,0.6989210247993469,0.6958550214767456,0.0030660033226013184,pred_answer,50
57264865dd62a815002e8063,BioMistral-7B,squad2,The referendums in France and the Netherlands curtailed a constitution for Europe.,False,3,-8.00856625953729e-16,-0.1398162459304063,C1514887,0.6761788725852966,0.6579551100730896,0.01822376251220703,pred_answer,50
5ad139b2645df0001a2d1294,BioMistral-7B,squad2,"The text does not provide the number of female judges in the EU. However, it does state that ""under TEU article 19(2) there",False,3,0.405639062229565,-0.4287008210990279,C2017820,0.661222517490387,0.6489911079406738,0.012231409549713135,pred_answer,50
5726a00cf1498d1400e8e551,BioMistral-7B,squad2,"Some of the accepted general principles of European Union law include fundamental rights (see human rights), proportionality, legal certainty, equality before the law and subs",False,3,0.7499999999999978,-0.0686691974691591,C4046017,0.7548198103904724,0.7149587869644165,0.03986102342605591,pred_answer,50
5728349dff5b5019007d9eff,BioMistral-7B,squad2,The Amazon rainforest covers the majority of the Amazon basin in South America.,False,3,0.405639062229565,-0.0631218169279842,C1020110,0.8327699899673462,0.8251410722732544,0.007628917694091797,pred_answer,50
5729e500af94a219006aa6b5,BioMistral-7B,squad2,The Cretaceous–Paleogene extinction event.,True,3,0.405639062229565,-0.1587568032362989,C0681706,0.7395479083061218,0.7214514017105103,0.018096506595611572,pred_answer,50
5725c63438643c19005acca1,BioMistral-7B,squad2,"The dust travels 1,600 miles over the Atlantic Ocean.",False,3,0.4999999999999985,-0.1551266681844936,C0376611,0.7154814600944519,0.7138035297393799,0.0016779303550720215,pred_answer,50
5729ea263f37b319004785be,BioMistral-7B,squad2,NASA's CALIPSO satellite has measured the amount of dust transported by wind from the Sahara to the Amazon.,False,3,0.7499999999999978,-0.1431899283258124,C5743979,0.6487430930137634,0.6367814540863037,0.011961638927459717,pred_answer,50
5729fd56af94a219006aa731,BioMistral-7B,squad2,The method used to clear forest for crop cultivation in the Amazon forest was the slash and burn method.,False,3,0.405639062229565,-0.1509661195720938,C0885249,0.6096718907356262,0.6093129515647888,0.00035893917083740234,pred_answer,50
572a020f6aef051400155198,BioMistral-7B,squad2,"Environmentalists are concerned about loss of biodiversity that will result from destruction of the forest, and also about the release of the carbon contained within the veget",False,3,0.405639062229565,-0.0754524346022833,C5880232,0.7108801603317261,0.6860281825065613,0.024851977825164795,pred_answer,50
5a8349a2e60761001a2eb50a,BioMistral-7B,squad2,The most distinctive feature of cnidarians is that they have a body plan consisting of a sac-like body cavity lined with a single layer of cells,False,3,0.7499999999999978,-0.4344020357137879,C0009222,0.7370690107345581,0.7268545031547546,0.010214507579803467,pred_answer,50
5a83894de60761001a2eb78c,BioMistral-7B,squad2,Epithelial cells are able to form intercellular connections with the opposite adhesive strip to streamline the front of the animal when it is purs,False,3,0.9999999999999972,-0.2309058532609924,C4711454,0.7183305621147156,0.6959389448165894,0.02239161729812622,pred_answer,50
5725d7e438643c19005acdfb,BioMistral-7B,squad2,The San Joaquin Light & Power Building is currently known as the Grand 1401.,False,3,-8.00856625953729e-16,-0.0945645901820998,C0332033,0.6751025319099426,0.6663991212844849,0.008703410625457764,pred_answer,50
5a7b0ec521c2de001afe9d20,BioMistral-7B,squad2,Chestnut Avenue.,False,3,0.7499999999999978,-0.2112707188325657,C0222035,0.7830909490585327,0.775490939617157,0.007600009441375732,pred_answer,50
5a7b103b21c2de001afe9d35,BioMistral-7B,squad2,Audra McDonald,False,3,0.7499999999999978,-0.6073854418846167,C2998943,0.8715268969535828,0.8335487246513367,0.037978172302246094,pred_answer,50
5725ec8289a1e219009ac0b0,BioMistral-7B,squad2,Developers Billings & Meyering acquired the Alta Vista Tract in 1914.,False,3,0.7499999999999978,-0.049220021358886,C2805992,0.6284970641136169,0.6254936456680298,0.003003418445587158,pred_answer,50
5725f2c838643c19005acef0,BioMistral-7B,squad2,"Once completed, the Lewis S. Eaton trail system will cover 22 miles (35 km).",False,3,0.405639062229565,-0.0499049121611713,C3842988,0.6339209675788879,0.6268308162689209,0.007090151309967041,pred_answer,50
5a2ec431a83784001a7d2451,BioMistral-7B,squad2,1631,False,3,0.4999999999999985,-0.2610780423080238,C0388397,0.7698935866355896,0.7563187479972839,0.013574838638305664,pred_answer,50
5a2eca47a83784001a7d2482,BioMistral-7B,squad2,The journal PLoS Pathogens is headquartered in the United States.,False,3,0.7499999999999978,-0.3236517752526484,C2985503,0.6802488565444946,0.6628602147102356,0.017388641834259033,pred_answer,50
5726577f708984140094c304,BioMistral-7B,squad2,"At most, two-thirds of the population of Baghdad have died of plague.",False,3,0.4999999999999985,-0.1692379726688332,C0742373,0.6724375486373901,0.6607493162155151,0.011688232421875,pred_answer,50
5a58e9133e1742001a15cea6,BioMistral-7B,squad2,The key bed is a stratigraphic benchmark that can help determine whether a fault is a normal fault or a thrust fault.,False,3,0.7499999999999978,-0.3005752957306608,C0445348,0.650859534740448,0.6446830630302429,0.006176471710205078,pred_answer,50
57266c015951b619008f723b,BioMistral-7B,squad2,The absolute isotopic date is applied to the rock unit.,False,3,0.9999999999999972,-0.4040023850105042,C1719096,0.7227410078048706,0.7114789485931396,0.011262059211730957,pred_answer,50
5a57f487770dc0001aeeff00,BioMistral-7B,squad2,Scientists can apply relative rock sections to find isotopes.,False,3,0.7499999999999978,-0.2411564818175975,C1714918,0.6934276819229126,0.6831285953521729,0.010299086570739746,pred_answer,50
5a57fb62770dc0001aeeff14,BioMistral-7B,squad2,Two types of faults that happen in the shallow crust are thrust faults and drag folds.,False,3,0.9999999999999972,-0.1103947075186459,C0556841,0.6940396428108215,0.6477568745613098,0.04628276824951172,pred_answer,50
5a590de93e1742001a15cf5a,BioMistral-7B,squad2,The stretched sequence in the Grand Canyon is known as the Grand Canyon Group.,False,3,0.9999999999999972,-0.2361558201583193,C1550989,0.6771981120109558,0.6631439924240112,0.01405411958694458,pred_answer,50
57267b3c5951b619008f7423,BioMistral-7B,squad2,"Petrologists can also use fluid inclusion data and perform high temperature and pressure physical experiments to understand the temperatures and pressures at which different mineral phases appear, and",False,3,-8.00856625953729e-16,-0.0427268008820629,C2920167,0.6866350769996643,0.6476421356201172,0.03899294137954712,pred_answer,50
57267ebfdd62a815002e872c,BioMistral-7B,squad2,orogenic wedges,True,3,0.405639062229565,-0.349136130954624,C5126908,0.7455739974975586,0.7451630234718323,0.00041097402572631836,pred_answer,50
5726dcbddd62a815002e9323,BioMistral-7B,squad2,Pharmacists had high stature in the pre-Heian Imperial court.,False,3,0.9999999999999972,-0.1560497334614612,C3174603,0.6354264616966248,0.6257789134979248,0.009647548198699951,pred_answer,50
5a6cba504eec6b001a80a64b,BioMistral-7B,squad2,The roles of pharmacists were not destroyed by any codes. The Taihō Code (701) and the Yōrō Code (7,False,3,0.405639062229565,-0.1781976148567992,C0994210,0.6645654439926147,0.6543342471122742,0.010231196880340576,pred_answer,50
5a6cee244eec6b001a80a6eb,BioMistral-7B,squad2,The answer is unanswerable from the given context. The provided context discusses the potential conflict of interest between the doctor's self-interest and the patient,False,3,0.7499999999999978,-0.3951028711545064,C5912553,0.6908835172653198,0.681307852268219,0.00957566499710083,pred_answer,50
5726f96ddd62a815002e9699,BioMistral-7B,squad2,Australian Government,True,3,0.7499999999999978,-0.6612096180518469,C0238711,0.8580635190010071,0.8580635190010071,0.0,pred_answer,50
572825a92ca10214002d9f02,BioMistral-7B,squad2,The outcome of living in the California Redwood tree was that it was successfully prevented from being cut down.,False,3,0.7499999999999978,-0.1650228846589346,C1002377,0.6743702292442322,0.6176390647888184,0.05673116445541382,pred_answer,50
57274a1edd62a815002e9a9c,BioMistral-7B,squad2,"In 2008, 7.8% of German students attended private schools.",False,3,-8.00856625953729e-16,-0.1808091637825782,C0557800,0.6625200510025024,0.6445004940032959,0.018019556999206543,pred_answer,50
5a67986af038b7001ab0c314,BioMistral-7B,squad2,Religious groups will rarely run a public school.,False,3,0.405639062229565,-0.1408309699882838,C2136039,0.7134308218955994,0.6975094676017761,0.015921354293823242,pred_answer,50
5727500f708984140094dc01,BioMistral-7B,squad2,"Along with English and mathematics, natural science replaced values education for fourth year students.",False,3,0.9999999999999972,-0.1180838070019124,C2030941,0.7003926038742065,0.6870568990707397,0.013335704803466797,pred_answer,50
5a8225de31013a001a335264,BioMistral-7B,squad2,Unanswerable.,True,3,-8.00856625953729e-16,-0.5296350110773866,C1883425,0.7934973835945129,0.7918398976325989,0.0016574859619140625,pred_answer,50
5a823e6f31013a001a335331,BioMistral-7B,squad2,The forward pass.,False,3,0.405639062229565,-0.6429547337815166,C0439780,0.8000215888023376,0.7897588014602661,0.010262787342071533,pred_answer,50
5727e0474b864d1900163f0b,BioMistral-7B,squad2,W. E. B. Du Bois,True,3,0.405639062229565,-0.1548781638077344,C1555121,0.743223249912262,0.7232181429862976,0.020005106925964355,pred_answer,50
572815d9ff5b5019007d9cbf,BioMistral-7B,squad2,The answer is unanswerable. The provided context does not provide any information on what drew would-be Jacksonville tourists to other Florida destinations. The context,False,3,0.9999999999999972,-0.5469418163274895,C3844278,0.6664671301841736,0.6602268815040588,0.006240248680114746,pred_answer,50
572820512ca10214002d9e74,BioMistral-7B,squad2,The Trout River is a major tributary of the St. Johns River that is located entirely within Jacksonville.,False,3,0.405639062229565,-0.1600913497417982,C5710997,0.7435681819915771,0.7340638637542725,0.009504318237304688,pred_answer,50
5a1c8f54b4fb5d00187146dc,BioMistral-7B,squad2,"23.9% of households had children under the age of 18 living with them, and 43.8% of those households were",False,3,0.7499999999999978,-0.1246450524398596,C3262397,0.7924758791923523,0.7286044359207153,0.06387144327163696,pred_answer,50
5729d44b1d04691400779615,BioMistral-7B,squad2,The Institute for Policy Studies published findings in September 2012 regarding the Forbes richest 400 Americans.,False,3,0.7499999999999978,-0.0591493372461248,C1549674,0.6454991102218628,0.6432341933250427,0.0022649168968200684,pred_answer,50
5ad248e0d7d075001a428b86,BioMistral-7B,squad2,"Unanswerable. The question is asking for the date when economists reached a conclusion, but the context only provides information about when the S&P",False,3,0.9999999999999972,-0.602534954310272,C5552288,0.6752289533615112,0.674457848072052,0.0007711052894592285,pred_answer,50
572a1046af94a219006aa78f,BioMistral-7B,squad2,Branko Milanovic and Joseph Stiglitz are economists.,False,3,0.9999999999999972,-0.1318145840972219,C5772001,0.6875949501991272,0.6622995138168335,0.0252954363822937,pred_answer,50
572a1046af94a219006aa790,BioMistral-7B,squad2,The main reason for the shift to the view that income inequality harms growth is the increasing importance of human capital in development.,False,3,0.9999999999999972,-0.0770598344018957,C0681030,0.7419533729553223,0.7293664216995239,0.01258695125579834,pred_answer,50
57284b904b864d19001648e2,BioMistral-7B,squad2,"The first buildings of the University of Chicago campus, which make up what is now known as the Main Quadrangles, were part of a ""master plan",False,3,-8.00856625953729e-16,-0.0691823913131202,C0464372,0.625106155872345,0.6218225955963135,0.003283560276031494,pred_answer,50
57285841ff5b5019007da19c,BioMistral-7B,squad2,The Oriental Institute.,True,3,0.4999999999999985,-0.4215020214190493,C0025128,0.7655109167098999,0.7649028897285461,0.0006080269813537598,pred_answer,50
572870b2ff5b5019007da225,BioMistral-7B,squad2,Eugene Fama,True,3,0.405639062229565,-0.2026678186113713,C1676609,0.8481962084770203,0.7526479363441467,0.09554827213287354,pred_answer,50
572863c72ca10214002da2d7,BioMistral-7B,squad2,Mongke Khan became Great Khan in 1251.,False,3,-8.00856625953729e-16,-0.0747785710596612,C3565421,0.8135980367660522,0.8068054914474487,0.006792545318603516,pred_answer,50
5ad401de604f3c001a3ffd31,BioMistral-7B,squad2,Jin dynasty. Zhang Rhou was a high-ranking Chinese general who served in the Jin dynasty. He defected to the Mongols upon,False,3,0.7499999999999978,-0.340676321556657,C5740276,0.6602184772491455,0.6524580717086792,0.007760405540466309,pred_answer,50
572879574b864d1900164a14,BioMistral-7B,squad2,The Yuan dynasty brought Western musical instruments to China.,False,3,-8.00856625953729e-16,-0.2407332696105955,C1740201,0.6980350017547607,0.6959258913993835,0.0021091103553771973,pred_answer,50
5728809f2ca10214002da40e,BioMistral-7B,squad2,The Chinese name of Gou's calendar was the Shoushi Li (授時暦) or Calendar for Fixing the Seasons.,False,3,0.405639062229565,-0.1110747863460801,C1019767,0.6797833442687988,0.6780354976654053,0.0017478466033935547,pred_answer,50
5728f2e26aef051400154899,BioMistral-7B,squad2,The acquired condition that results in immunodeficiency in humans is HIV/AIDS.,False,3,0.9999999999999972,-0.1195201086464294,C0001175,0.9184794425964355,0.8889274597167969,0.029551982879638672,pred_answer,50
572900f73f37b31900477f6c,BioMistral-7B,squad2,Prostaglandins.,True,3,0.7499999999999978,-0.2376439852852334,C0033554,0.9854989051818848,0.9854989051818848,0.0,pred_answer,50
5729081d3f37b31900477fae,BioMistral-7B,squad2,The process in which neutrophils move towards the site of inflammation is called chemotaxis.,False,3,-8.00856625953729e-16,-0.0281785755005923,C0312861,0.9232746958732605,0.9187431931495667,0.004531502723693848,pred_answer,50
5ad4db615b96ef001a10a436,BioMistral-7B,squad2,Answerable. The function of specialized cells located in the brain is not mentioned in the given context.,False,3,0.4999999999999985,-0.4345056662402515,C2237374,0.7038620710372925,0.6758514046669006,0.028010666370391846,pred_answer,50
572a07fc6aef0514001551df,BioMistral-7B,squad2,Answerable. The evolution of the adaptive immune system occurred in the evolutionary ancestor of jawed vertebrates.,False,3,0.7499999999999978,-0.1504605413051818,C2249550,0.8308850526809692,0.6876952052116394,0.14318984746932983,pred_answer,50
57293c246aef051400154bba,BioMistral-7B,squad2,The IPCC meetings are attended by government representatives and climate change experts. Non-governmental and intergovernmental organizations may be allowed to attend as ob,False,3,0.405639062229565,-0.2856207721621899,C0514158,0.6954976916313171,0.6761531233787537,0.019344568252563477,pred_answer,50
5a3e488b378766001a00253c,BioMistral-7B,squad2,"Each chapter has two ""coordinating lead authors"".",False,3,0.9999999999999972,-0.2772469528806802,C5912691,0.6708022952079773,0.6600303649902344,0.01077193021774292,pred_answer,50
57293f353f37b3190047819f,BioMistral-7B,squad2,Houghton said that any changes to the SPM must be supported by scientific evidence.,False,3,0.405639062229565,-0.1074717208189452,C5848732,0.669761061668396,0.6508960723876953,0.018864989280700684,pred_answer,50
5a3e495c378766001a002547,BioMistral-7B,squad2,unanswerable,True,3,0.9999999999999972,-0.5412113473624535,C2349015,0.8045825362205505,0.7912072539329529,0.013375282287597656,pred_answer,50
572945b11d04691400779230,BioMistral-7B,squad2,The 2001 IPCC report underestimated the actual temperature rise and sea level rise for the period 2001-200,False,3,0.9999999999999972,-0.3109791856892627,C0416362,0.6074159145355225,0.6070345044136047,0.0003814101219177246,pred_answer,50
5729727baf94a219006aa437,BioMistral-7B,squad2,Goldbach's conjecture.,True,3,-8.00856625953729e-16,-0.1347792751320311,C1916452,0.8322672843933105,0.7698798179626465,0.06238746643066406,pred_answer,50
5729727baf94a219006aa43b,BioMistral-7B,squad2,One algebraic generalization prime numbers have inspired is prime elements.,False,3,0.4999999999999985,-0.1648296490041372,C1175101,0.6714693307876587,0.6666921377182007,0.004777193069458008,pred_answer,50
572973f76aef051400154f0b,BioMistral-7B,squad2,"The specific divisors of all even numbers larger than 2 are 1, 2, and the number itself. For example, the specific divisors of",False,3,-8.00856625953729e-16,-0.1783106472402096,C0205173,0.7189227342605591,0.7189227342605591,0.0,pred_answer,50
57297a276aef051400154f89,BioMistral-7B,squad2,Euler.,True,3,0.405639062229565,-0.2935216833757295,C2732771,0.7724837064743042,0.7511531710624695,0.021330535411834717,pred_answer,50
5a8929e43b2508001a72a4da,BioMistral-7B,squad2,Pierre de Fermat declared Euler's little theorem in 1640.,False,3,0.405639062229565,-0.1125864883163103,C0470839,0.6586865186691284,0.6572256684303284,0.0014608502388000488,pred_answer,50
57297ed93f37b3190047845f,BioMistral-7B,squad2,"One straightforward case of a probabilistic test is the Fermat primality test, which relies on the fact (Fermat's little theorem",False,3,0.4999999999999985,-0.0710859833747292,C2716382,0.681525707244873,0.6762844920158386,0.005241215229034424,pred_answer,50
5a893a003b2508001a72a542,BioMistral-7B,squad2,"Chen's theorem states that every sufficiently large odd integer can be written as the sum of a prime and a semiprime, the product of two pr",False,3,0.7499999999999978,-0.0741921086851959,C0439079,0.6728380918502808,0.6570508480072021,0.015787243843078613,pred_answer,50
5a8940ba3b2508001a72a55d,BioMistral-7B,squad2,"According to Giuga's theorem, if p is a prime number other than 2 and 5, 1/p always has a period of p",False,3,0.9999999999999972,-0.2137904333873166,C0233071,0.6690146923065186,0.6684405207633972,0.0005741715431213379,pred_answer,50
5729a26d6aef05140015505d,BioMistral-7B,squad2,The local-global principle highlights the significance of primes in number theory.,False,3,0.405639062229565,-0.0795705960565271,C3825344,0.7136793732643127,0.705360472202301,0.008318901062011719,pred_answer,50
5ad27f33d7d075001a429755,BioMistral-7B,squad2,The Rhine River separates the Rhine from Duisburg.,False,3,0.7499999999999978,-0.1955740534275416,C1639034,0.7448552846908569,0.7016915678977966,0.0431637167930603,pred_answer,50
5ad28861d7d075001a429940,BioMistral-7B,squad2,The old south branch of the Rhine is called Rijn.,False,3,0.9999999999999972,-0.2231371948128071,C1468012,0.713140606880188,0.7080172896385193,0.005123317241668701,pred_answer,50
572ffd75b2c2fd14005686e9,BioMistral-7B,squad2,The North Sea and the Irish Channel were lowered in the last cold phase.,False,3,0.7499999999999978,-0.2354233235528227,C6005169,0.6606280207633972,0.6537845134735107,0.006843507289886475,pred_answer,50
5ad29d35d7d075001a429c12,BioMistral-7B,squad2,The Pleistocene began approximately 2.6 million years ago.,False,3,-8.00856625953729e-16,-0.2048624373835537,C0681755,0.7080523371696472,0.6992180347442627,0.008834302425384521,pred_answer,50
57300761947a6a140053cf9b,BioMistral-7B,squad2,The Rhine first formed a boundary between Gaul and Germania.,False,3,0.405639062229565,-0.0961732951245115,C3597072,0.7082021236419678,0.6845073699951172,0.023694753646850586,pred_answer,50
57300a9a04bcaa1900d77067,BioMistral-7B,squad2,The German army reoccupied the Rhineland in 1936.,False,3,0.405639062229565,-0.0844331473269651,C5197777,0.6420552730560303,0.636816143989563,0.005239129066467285,pred_answer,50
572fc80b04bcaa1900d76d14,BioMistral-7B,squad2,The Scottish Parliament is currently in the fourth session.,False,3,0.405639062229565,-0.4169285573208561,C0574797,0.6580719351768494,0.6498546004295349,0.008217334747314453,pred_answer,50
57300f8504bcaa1900d770d1,BioMistral-7B,squad2,The Gulf War inadvertently worked to radicalize the Islamist movement.,False,3,0.7499999999999978,-0.2007785524716275,C1456581,0.7416265606880188,0.7390230894088745,0.002603471279144287,pred_answer,50
573010fab2c2fd14005687d9,BioMistral-7B,squad2,"Saudi Arabia tried to repress those domestic Islamists who attacked it (bin Laden being a prime example), and increased aid to Islamic groups (Islam",False,3,0.7499999999999978,-0.1388973372243001,C0022126,0.726267397403717,0.7186148166656494,0.007652580738067627,pred_answer,50
5ad0354e77cf76001a686e1f,BioMistral-7B,squad2,The Germanic tribes did not claim territory in north and west Europe during the middle period of classical antiquity.,False,3,0.9999999999999972,-0.3215498378219005,C3846567,0.6739128232002258,0.6708407998085022,0.003072023391723633,pred_answer,50
5730b8ca8ab72b1400f9c707,BioMistral-7B,squad2,The premise of Woodrow Wilson's inquiry was to build a premise that would allow for U.S authorship of a 'new world,False,3,0.405639062229565,-0.0811953635775353,C3166875,0.6783820390701294,0.65638667345047,0.021995365619659424,pred_answer,50
5ad4d2855b96ef001a10a1dd,BioMistral-7B,squad2,The edge of the Vistula plateau is called the Warsaw Escarpment.,False,3,0.405639062229565,-0.1119748433123899,C1852159,0.6644388437271118,0.6585440635681152,0.005894780158996582,pred_answer,50
57337f6ad058e614000b5bce,BioMistral-7B,squad2,Many Poles had the conviction that Varsovians thought of themselves as better only because they lived in the capital.,False,3,0.405639062229565,-0.1103671837528327,C0071328,0.6424903273582458,0.6363616585731506,0.006128668785095215,pred_answer,50
573383d0d058e614000b5c37,BioMistral-7B,squad2,Daewoo,True,3,-8.00856625953729e-16,-0.251789376643137,C1070525,0.7582453489303589,0.7392951846122742,0.018950164318084717,pred_answer,50
5ad500e95b96ef001a10a914,BioMistral-7B,squad2,"The Midsummer's festival is held on Midsummer's Eve, which is the night of 23 June.",False,3,0.7499999999999978,-0.2468357094736088,C3242403,0.6627350449562073,0.6527711153030396,0.009963929653167725,pred_answer,50
5ad502385b96ef001a10a956,BioMistral-7B,squad2,"Answerable. The World's first Museum of Posters, the Museum of Hunting and Riding, and the Railway Museum are the most notable examples of",False,3,0.9999999999999972,-0.2863112957404041,C0026863,0.6639276742935181,0.662171483039856,0.0017561912536621094,pred_answer,50
5ad3a79a604f3c001a3fead6,BioMistral-7B,squad2,Answerable. The British military was not in South America at the start of the war.,False,3,0.7499999999999978,-0.5131410819273075,C3259001,0.6869114637374878,0.6792904734611511,0.00762099027633667,pred_answer,50
5ad3a7ef604f3c001a3feadd,BioMistral-7B,squad2,The intent of Céloron's expedition was to assert the French claim to the Ohio River watershed.,False,3,-8.00856625953729e-16,-0.3087842239146994,C4105350,0.6301500797271729,0.6171015501022339,0.013048529624938965,pred_answer,50
5ad3af4e604f3c001a3fec76,BioMistral-7B,squad2,Saint-Girard responded to Washington by saying that he did not think himself obliged to obey the summons to retire from the Ohio Country.,False,3,0.9999999999999972,-0.3243188376713988,C3273181,0.6453842520713806,0.6195895075798035,0.02579474449157715,pred_answer,50
57340111d058e614000b677f,BioMistral-7B,squad2,"Montcalm was focusing the defense of New France at Carillon, Quebec, and Louisbourg.",False,3,0.7499999999999978,-0.1021348520547949,C5920609,0.6832167506217957,0.6607611179351807,0.02245563268661499,pred_answer,50
573403394776f419006616de,BioMistral-7B,squad2,"The answer is 18,000. The question asks for the number of British troops that were defeated in the Battle of Carillon. The context",False,3,0.9999999999999972,-0.3452791014947252,C3166670,0.685808002948761,0.669083833694458,0.01672416925430298,pred_answer,50
5ad26382d7d075001a42911a,BioMistral-7B,squad2,Answerable. Newton's Third Law asserts the direct proportionality of acceleration to force.,False,3,0.7499999999999978,-0.2356020872856664,C2348893,0.7533006072044373,0.7296390533447266,0.023661553859710693,pred_answer,50
56de0ffd4396321400ee258e,Mistral-7B-Instruct-v0.1,squad2,Robert Crispin went up against the Turks in the 1060s.,False,3,0.405639062229565,-0.0306170043179818,C0471067,0.6936381459236145,0.648207426071167,0.04543071985244751,pred_answer,50
5ad568d35b96ef001a10ae1d,Mistral-7B-Instruct-v0.1,squad2,"The graph isomorphism problem, the discrete logarithm problem, the integer factorization problem, and the 3-coloring problem are examples of problems believed",False,3,0.7499999999999978,-0.1642659388384082,C2827998,0.6534188389778137,0.6477979421615601,0.005620896816253662,pred_answer,50
56e1e9dfe3433e14004231fc,Mistral-7B-Instruct-v0.1,squad2,The problem attributed to determining if two finite graphs are isomorphic is called the graph isomorphism problem.,False,3,0.405639062229565,-0.0905882507264063,C2986777,0.6892694234848022,0.6625057458877563,0.0267636775970459,pred_answer,50
56e1f10ee3433e1400423222,Mistral-7B-Instruct-v0.1,squad2,L,True,3,0.4999999999999985,-0.5767601430416107,C1706411,0.9438167810440063,0.9019496440887451,0.04186713695526123,pred_answer,50
5705e4fe75f01819005e7704,Mistral-7B-Instruct-v0.1,squad2,The name of the water body found to the east is the Colorado River.,False,3,-8.00856625953729e-16,-0.0448756659775995,C1555156,0.8359656929969788,0.7145272493362427,0.12143844366073608,pred_answer,50
5ad042cf77cf76001a686f28,Mistral-7B-Instruct-v0.1,squad2,"The areas north of Greater Santa Barbara are the Santa Barbara, San Luis Obispo, and Bakersfield metropolitan areas.",False,3,-8.00856625953729e-16,-0.0216523797307814,C3828241,0.789790153503418,0.7176386117935181,0.0721515417098999,pred_answer,50
5706143575f01819005e7953,Mistral-7B-Instruct-v0.1,squad2,There is no other NHL team aside from the Anaheim Ducks that resides in Southern California.,False,3,-8.00856625953729e-16,-0.0487587481115021,C4894712,0.6575561165809631,0.6548091769218445,0.0027469396591186523,pred_answer,50
5a2c0c2fbfd06b001a5ae99c,Mistral-7B-Instruct-v0.1,squad2,Setanta gave away two of the six total packages available to broadcasters.,False,3,0.7499999999999978,-0.1032209798971935,C2241546,0.6595264077186584,0.657523512840271,0.002002894878387451,pred_answer,50
570953a7efce8f15003a7e01,Mistral-7B-Instruct-v0.1,squad2,BSkyB offered Video On Demand content as an additional service.,False,3,0.9999999999999972,-0.3083967373045046,C5944006,0.6893991827964783,0.6703771948814392,0.019021987915039062,pred_answer,50
57096c95200fba1400367fbf,Mistral-7B-Instruct-v0.1,squad2,Sky service.,True,3,0.7499999999999978,-0.3354626740183448,C1823245,0.8352065086364746,0.8351503610610962,5.614757537841797e-05,pred_answer,50
57096f37200fba1400367fe6,Mistral-7B-Instruct-v0.1,squad2,"The fee range for accessing BSkyB's EPG is £15-100,000.",False,3,0.405639062229565,-0.0327147982330531,C5697245,0.6751730442047119,0.6577041149139404,0.017468929290771484,pred_answer,50
57097b50200fba140036804d,Mistral-7B-Instruct-v0.1,squad2,10 million homes,False,3,-8.00856625953729e-16,-0.1579934311909407,C0029034,0.7106515765190125,0.6710023283958435,0.039649248123168945,pred_answer,50
570d2d68fed7b91900d45cbc,Mistral-7B-Instruct-v0.1,squad2,More than 50% of the farmland grows wheat.,False,3,0.405639062229565,-0.1106331270852933,C0981883,0.7396570444107056,0.7351722717285156,0.004484772682189941,pred_answer,50
570d2f5bfed7b91900d45cd2,Mistral-7B-Instruct-v0.1,squad2,"The exceptions in the Victorian Constitution that require special considerations to amend are provisions that require either an absolute majority in both houses, a three-fifths",False,3,-8.00856625953729e-16,-0.0746619677865956,C0009809,0.7043189406394958,0.6866758465766907,0.017643094062805176,pred_answer,50
570d32e4fed7b91900d45d02,Mistral-7B-Instruct-v0.1,squad2,The Victoria Department of Education runs the public schools in Victoria.,False,3,-8.00856625953729e-16,-0.0687141692803572,C0557800,0.6613834500312805,0.6543996334075928,0.006983816623687744,pred_answer,50
570d4329fed7b91900d45dd7,Mistral-7B-Instruct-v0.1,squad2,1 July 1851.,True,3,0.405639062229565,-0.1086685244424302,C3829466,0.7010810375213623,0.678102433681488,0.022978603839874268,pred_answer,50
570d44abb3d812140066d601,Mistral-7B-Instruct-v0.1,squad2,Over 61% of private students attend Catholic schools.,False,3,-8.00856625953729e-16,-0.0390714938471669,C3863935,0.6174138188362122,0.6142458915710449,0.0031679272651672363,pred_answer,50
570d47b8b3d812140066d631,Mistral-7B-Instruct-v0.1,squad2,5.,False,3,-8.00856625953729e-16,-0.3067660430679098,C0205451,0.8877249360084534,0.8877249360084534,0.0,pred_answer,50
570d4a6bfed7b91900d45e16,Mistral-7B-Instruct-v0.1,squad2,The colonial government that administered the new colony was located in Sydney.,False,3,0.7499999999999978,-0.0610721026556348,C0600275,0.6412780284881592,0.6375654339790344,0.003712594509124756,pred_answer,50
5a637c6268151a001a92230e,Mistral-7B-Instruct-v0.1,squad2,1854,False,3,-8.00856625953729e-16,-0.0818855545830956,C0681743,0.8307791948318481,0.7476798892021179,0.08309930562973022,pred_answer,50
5a637c6268151a001a922311,Mistral-7B-Instruct-v0.1,squad2,Some leaders of the Eureka rebellion became members of the Victorian Parliament.,False,3,0.7499999999999978,-0.0534657182204595,C1037752,0.6730813980102539,0.66712486743927,0.005956530570983887,pred_answer,50
5a6391c268151a001a922390,Mistral-7B-Instruct-v0.1,squad2,Unanswerable. The provided context does not mention any event held at Port Sunshine in Victoria.,False,3,0.7499999999999978,-0.0688612324125582,C3176004,0.6816653609275818,0.6809573769569397,0.0007079839706420898,pred_answer,50
5ad25e99d7d075001a428f2e,Mistral-7B-Instruct-v0.1,squad2,New France was not in the now US.,False,3,0.9999999999999972,-0.2121757635381072,C5963392,0.7081220746040344,0.6874731183052063,0.020648956298828125,pred_answer,50
57107a3ea58dae1900cd69e0,Mistral-7B-Instruct-v0.1,squad2,The Huguenots secured the right to own land in the Baronies in 1697.,False,3,-8.00856625953729e-16,-0.0230904456798374,C6005157,0.6705631613731384,0.668942928314209,0.0016202330589294434,pred_answer,50
5ad24057d7d075001a428930,Mistral-7B-Instruct-v0.1,squad2,"Unanswerable. The text states that nearly three-quarters of the Huguenots were killed or submitted and roughly 500,000 had",False,3,0.9999999999999972,-0.0945502325533085,C0077816,0.6694445610046387,0.6690717935562134,0.00037276744842529297,pred_answer,50
57107e6ca58dae1900cd69f2,Mistral-7B-Instruct-v0.1,squad2,The Catholic Church in France and many of its members opposed the Huguenots.,False,3,0.405639062229565,-0.0354763074248346,C0337770,0.6961073279380798,0.6945268511772156,0.0015804767608642578,pred_answer,50
5ad25963d7d075001a428e0c,Mistral-7B-Instruct-v0.1,squad2,The text states that a group of Huguenots was part of the French colonisers who arrived in Brazil in 1555 to found France Ant,False,3,0.405639062229565,-0.1002026747995508,C0337746,0.6775041222572327,0.6465915441513062,0.030912578105926514,pred_answer,50
5ad24600d7d075001a428acc,Mistral-7B-Instruct-v0.1,squad2,"Nearly 3,000 Huguenots were slain in Toulouse.",False,3,0.7499999999999978,-0.0812753867707922,C0471464,0.6456645727157593,0.6408171653747559,0.004847407341003418,pred_answer,50
57113c6da58dae1900cd6d36,Mistral-7B-Instruct-v0.1,squad2,1606,True,3,0.405639062229565,-0.16735973439332,C4085379,0.7693330645561218,0.753115177154541,0.01621788740158081,pred_answer,50
5ad3cc47604f3c001a3ff143,Mistral-7B-Instruct-v0.1,squad2,Electric motors and internal combustion engines became widespread around the end of the 20th century.,False,3,0.405639062229565,-0.0691350822534586,C0402983,0.6682940721511841,0.6651251316070557,0.003168940544128418,pred_answer,50
5ad3ed37604f3c001a3ff7a3,Mistral-7B-Instruct-v0.1,squad2,The groups of pistons were set at 90° to each other in a 4-cylinder crank.,False,3,0.4999999999999985,-0.026029391568186,C1709547,0.6731659173965454,0.6668252944946289,0.006340622901916504,pred_answer,50
5ad3f4ed604f3c001a3ff967,Mistral-7B-Instruct-v0.1,squad2,The aim of the additional stroke in a uniflow engine is to improve efficiency by providing an additional port uncovered by the piston at the end of each,False,3,-8.00856625953729e-16,-0.0396530583893177,C1738573,0.676803469657898,0.6690742373466492,0.007729232311248779,pred_answer,50
5ad415fd604f3c001a400328,Mistral-7B-Instruct-v0.1,squad2,"An ""open loop"" system releases the exhaust steam into the boiler.",False,3,0.405639062229565,-0.1174419540147369,C0180720,0.7187644243240356,0.6599780321121216,0.05878639221191406,pred_answer,50
57115bf350c2381900b54a96,Mistral-7B-Instruct-v0.1,squad2,The Energiprojekt AB engine uses approximately 4 kilograms (8.8 pounds) of steam per kilowatt hour.,False,3,0.405639062229565,-0.0603071395511682,C5572705,0.686721920967102,0.6673226952552795,0.01939922571182251,pred_answer,50
57115f652419e314009555bb,Mistral-7B-Instruct-v0.1,squad2,1606,True,3,-8.00856625953729e-16,-0.1187504107130337,C4085379,0.7693330645561218,0.753115177154541,0.01621788740158081,pred_answer,50
571c7abfdd7acb1400e4c0bd,Mistral-7B-Instruct-v0.1,squad2,Leonardo da Vinci.,True,3,-8.00856625953729e-16,-0.0923780116330986,C0331123,0.8000255823135376,0.7696006894111633,0.030424892902374268,pred_answer,50
5ad23e1bd7d075001a4288b5,Mistral-7B-Instruct-v0.1,squad2,Dalton assumed that the atomic mass of oxygen in OH was 8 times that of hydrogen.,False,3,0.9999999999999972,-0.0888200347104631,C5564578,0.6749789714813232,0.6747962832450867,0.00018268823623657227,pred_answer,50
571c8539dd7acb1400e4c0e4,Mistral-7B-Instruct-v0.1,squad2,Priestley's work was published first.,False,3,0.9999999999999972,-0.0382998989941721,C1890942,0.6768158078193665,0.6679267287254333,0.008889079093933105,pred_answer,50
5ad24ff3d7d075001a428ca4,Mistral-7B-Instruct-v0.1,squad2,Oxygen is the most abundant chemical element by mass in the Earth's biosphere.,False,3,0.4999999999999985,-0.0916942471659548,C0030054,0.8531230688095093,0.8096451759338379,0.04347789287567139,pred_answer,50
5ad261bad7d075001a429052,Mistral-7B-Instruct-v0.1,squad2,The mineral written as Fe1 - oX is wüstite.,False,3,0.405639062229565,-0.0642077171173589,C2718075,0.7786616086959839,0.6935995817184448,0.08506202697753906,pred_answer,50
571cda1bdd7acb1400e4c196,Mistral-7B-Instruct-v0.1,squad2,"Oxygen tanks serve as storage containers for liquid oxygen, which can be refilled from bulk tankers. Cryogenics is a method of storing oxygen at",False,3,0.7499999999999978,-0.1921993823648886,C0180102,0.7932355403900146,0.751572847366333,0.04166269302368164,pred_answer,50
5a38ab9fa4b263001a8c188d,Mistral-7B-Instruct-v0.1,squad2,Oil was not priced based on pound sterling. It was priced in terms of a fixed amount of gold after the depreciation of the dollar,False,3,0.9999999999999972,-0.1009664672724799,C1555022,0.6326497197151184,0.6326020956039429,4.762411117553711e-05,pred_answer,50
5a38b819a4b263001a8c18c6,Mistral-7B-Instruct-v0.1,squad2,Developing new oil fields had a positive influence on the US economy by increasing oil supplies and reducing dependence on foreign sources. This led to lower prices and improved energy,False,3,0.9999999999999972,-0.3670293182936639,C5933359,0.6798701882362366,0.6622644066810608,0.01760578155517578,pred_answer,50
5a38c34ea4b263001a8c190e,Mistral-7B-Instruct-v0.1,squad2,British Ambassador Lord Cromer ordered a British intelligence estimate of U.S. intentions.,False,3,0.405639062229565,-0.0238195389832213,C0944462,0.5980209708213806,0.5917810201644897,0.006239950656890869,pred_answer,50
57265526708984140094c2c1,Mistral-7B-Instruct-v0.1,squad2,November 1979.,True,3,-8.00856625953729e-16,-0.1204338416778512,C3830550,0.7628561854362488,0.7586301565170288,0.004226028919219971,pred_answer,50
5725c3a9ec44d21400f3d506,Mistral-7B-Instruct-v0.1,squad2,One supplementary source of European Union law is case law by the Court of Justice.,False,3,0.405639062229565,-0.0080074499677304,C0680648,0.809174120426178,0.8020191788673401,0.007154941558837891,pred_answer,50
5725cc38ec44d21400f3d5be,Mistral-7B-Instruct-v0.1,squad2,"No, Norway did not end up joining the European Union in 1972.",False,3,0.7499999999999978,-0.0136780187249834,C5555403,0.6989210247993469,0.6958550214767456,0.0030660033226013184,pred_answer,50
57264865dd62a815002e8063,Mistral-7B-Instruct-v0.1,squad2,France and the Netherlands.,False,3,0.405639062229565,-0.052554625472112,C0027778,0.7798011302947998,0.7429261207580566,0.036875009536743164,pred_answer,50
5ad139b2645df0001a2d1294,Mistral-7B-Instruct-v0.1,squad2,The text does not provide information about the gender of the judges.,False,3,0.7499999999999978,-0.112298481983089,C5915785,0.667610228061676,0.6548539400100708,0.012756288051605225,pred_answer,50
5726a00cf1498d1400e8e551,Mistral-7B-Instruct-v0.1,squad2,"Some of the accepted general principles of European Union law include fundamental rights, proportionality, legal certainty, equality before the law, and subsidiarity",False,3,-8.00856625953729e-16,-0.0328586275948903,C4046017,0.7276127934455872,0.7187047004699707,0.008908092975616455,pred_answer,50
5728349dff5b5019007d9eff,Mistral-7B-Instruct-v0.1,squad2,The Amazon rainforest covers the majority of the Amazon basin in South America.,False,3,0.405639062229565,-0.0124942608236248,C1020110,0.8327699899673462,0.8251410722732544,0.007628917694091797,pred_answer,50
5729e500af94a219006aa6b5,Mistral-7B-Instruct-v0.1,squad2,The Cretaceous–Paleogene extinction event might have created some conditions allowing the expansion of the Amazon rainforest.,False,3,0.4999999999999985,-0.0387559232187076,C3063278,0.6587340831756592,0.6564067006111145,0.0023273825645446777,pred_answer,50
5725c63438643c19005acca1,Mistral-7B-Instruct-v0.1,squad2,"1,600 miles (2,600 km)",False,3,0.405639062229565,-0.0803419239880138,C3842775,0.7855522632598877,0.7664982676506042,0.019053995609283447,pred_answer,50
5729ea263f37b319004785be,Mistral-7B-Instruct-v0.1,squad2,NASA,True,3,0.405639062229565,-0.2134347464889288,C0242776,0.9999995231628418,0.9999995231628418,0.0,pred_answer,50
5729fd56af94a219006aa731,Mistral-7B-Instruct-v0.1,squad2,The method used to clear forest for crop cultivation in the Amazon was the slash and burn method.,False,3,0.405639062229565,-0.0612329366485653,C1491855,0.6262872815132141,0.6142005920410156,0.012086689472198486,pred_answer,50
572a020f6aef051400155198,Mistral-7B-Instruct-v0.1,squad2,Environmentalists are concerned about losing biodiversity and accelerating global warming due to the destruction of the Amazonian evergreen forests.,False,3,0.9999999999999972,-0.1038422192419729,C4076466,0.6711113452911377,0.6544809341430664,0.01663041114807129,pred_answer,50
5a8349a2e60761001a2eb50a,Mistral-7B-Instruct-v0.1,squad2,"The most distinctive feature of cnidarians is their bodies consisting of a mass of jelly, with one layer of cells on the outside and another lining",False,3,0.405639062229565,-0.0553656425565876,C5870118,0.6943967938423157,0.6845101714134216,0.009886622428894043,pred_answer,50
5a83894de60761001a2eb78c,Mistral-7B-Instruct-v0.1,squad2,"Epithelial cells are able to ""zip"" the mouth shut when the animal is not feeding, forming intercellular connections with the opposite adhesive",False,3,0.9999999999999972,-0.1098676062330827,C0455116,0.6755039095878601,0.6618830561637878,0.013620853424072266,pred_answer,50
5725d7e438643c19005acdfb,Mistral-7B-Instruct-v0.1,squad2,The San Joaquin Light & Power Building is currently known as Grand 1401.,False,3,-8.00856625953729e-16,-0.0676425527674883,C0332033,0.6797690391540527,0.6594244241714478,0.02034461498260498,pred_answer,50
5a7b0ec521c2de001afe9d20,Mistral-7B-Instruct-v0.1,squad2,Chestnut Avenue is to the west of the golf course.,False,3,0.405639062229565,-0.0348613681717771,C0442584,0.7212193608283997,0.6665596961975098,0.05465966463088989,pred_answer,50
5a7b103b21c2de001afe9d35,Mistral-7B-Instruct-v0.1,squad2,Unanswerable. The provided context does not mention any award won by Roger Rocka.,False,3,0.7499999999999978,-0.1717794550697335,C0588769,0.6935388445854187,0.6929168701171875,0.0006219744682312012,pred_answer,50
5725ec8289a1e219009ac0b0,Mistral-7B-Instruct-v0.1,squad2,1914,True,3,0.405639062229565,-0.1049044106174127,C0681750,0.79657381772995,0.7908254265785217,0.005748391151428223,pred_answer,50
5725f2c838643c19005acef0,Mistral-7B-Instruct-v0.1,squad2,The Lewis S. Eaton trail will cover 22 miles once completed.,False,3,0.405639062229565,-0.1322497063489837,C5895274,0.6525289416313171,0.6442646384239197,0.008264303207397461,pred_answer,50
5a2ec431a83784001a7d2451,Mistral-7B-Instruct-v0.1,squad2,1631.,False,3,0.7499999999999978,-0.1097410885121072,C3896934,0.7583943009376526,0.733567476272583,0.02482682466506958,pred_answer,50
5a2eca47a83784001a7d2482,Mistral-7B-Instruct-v0.1,squad2,The location of PloS Pathogens' headquarters is not mentioned in the provided context.,False,3,0.405639062229565,-0.1835193060595656,C5855015,0.621029794216156,0.6088103652000427,0.012219429016113281,pred_answer,50
5726577f708984140094c304,Mistral-7B-Instruct-v0.1,squad2,"At most, two-thirds of Baghdad's population has died of plague.",False,3,0.9999999999999972,-0.0657072346198974,C0742373,0.6828043460845947,0.670268177986145,0.012536168098449707,pred_answer,50
5a58e9133e1742001a15cea6,Mistral-7B-Instruct-v0.1,squad2,The key bed is a formation that helps determine whether a fault is a normal fault or a thrust fault.,False,3,0.405639062229565,-0.059557682378578,C4290007,0.6918249130249023,0.6918249130249023,0.0,pred_answer,50
57266c015951b619008f723b,Mistral-7B-Instruct-v0.1,squad2,The absolute isotopic date is applied to rock units.,False,3,0.9999999999999972,-0.0549939324672244,C1719096,0.7158281207084656,0.6973608732223511,0.018467247486114502,pred_answer,50
5a57f487770dc0001aeeff00,Mistral-7B-Instruct-v0.1,squad2,Fossils.,False,3,0.9999999999999972,-0.3307505684977513,C0016614,0.9910696744918823,0.8505502939224243,0.140519380569458,pred_answer,50
5a57fb62770dc0001aeeff14,Mistral-7B-Instruct-v0.1,squad2,Thrust faults and normal faults.,False,3,0.7499999999999978,-0.0808426468790003,C1562781,0.6933258175849915,0.6440103054046631,0.04931551218032837,pred_answer,50
5a590de93e1742001a15cf5a,Mistral-7B-Instruct-v0.1,squad2,The stretched sequence in the Grand Canyon is known as the Maria Fold and Thrust Belt.,False,3,0.405639062229565,-0.0800623097949898,C1555125,0.6860238313674927,0.671183705329895,0.014840126037597656,pred_answer,50
57267b3c5951b619008f7423,Mistral-7B-Instruct-v0.1,squad2,Petrologists can use fluid inclusion data and perform high temperature and pressure physical experiments to understand the pressures at which different mineral phases appear.,False,3,-8.00856625953729e-16,-0.0386529267793695,C2920167,0.7022401094436646,0.6611313819885254,0.04110872745513916,pred_answer,50
57267ebfdd62a815002e872c,Mistral-7B-Instruct-v0.1,squad2,Orogenic wedges.,True,3,-8.00856625953729e-16,-0.067214274788057,C5126908,0.7499284148216248,0.7478423118591309,0.0020861029624938965,pred_answer,50
5726dcbddd62a815002e9323,Mistral-7B-Instruct-v0.1,squad2,"Pharmacists had a high stature in the pre-Heian Imperial court, with ranked positions and status superior to all others in health-related fields",False,3,0.405639062229565,-0.163786643836957,C3260860,0.6362914443016052,0.6345499157905579,0.0017415285110473633,pred_answer,50
5a6cba504eec6b001a80a64b,Mistral-7B-Instruct-v0.1,squad2,The roles of pharmacists were not destroyed by any codes.,False,3,0.9999999999999972,-0.1892936597840641,C3530204,0.676693320274353,0.670504093170166,0.006189227104187012,pred_answer,50
5a6cee244eec6b001a80a6eb,Mistral-7B-Instruct-v0.1,squad2,The answer is unanswerable as the provided context states that the doctor's self-interest conflicts with the patient's interest in obtaining cost-effective medication,False,3,0.9999999999999972,-0.1628050070973188,C4086972,0.6612723469734192,0.6510098576545715,0.010262489318847656,pred_answer,50
5726f96ddd62a815002e9699,Mistral-7B-Instruct-v0.1,squad2,The Australian Government pays Australian pharmacists for conducting comprehensive Home Medicines Reviews.,False,3,0.7499999999999978,-0.020950844039932,C2368541,0.6588022112846375,0.6509971618652344,0.007805049419403076,pred_answer,50
572825a92ca10214002d9f02,Mistral-7B-Instruct-v0.1,squad2,The outcome of living in the California Redwood tree was that Julia Butterfly Hill successfully prevented it from being cut down.,False,3,0.9999999999999972,-0.0742228004370369,C1030134,0.6479682326316833,0.6404281854629517,0.0075400471687316895,pred_answer,50
57274a1edd62a815002e9a9c,Mistral-7B-Instruct-v0.1,squad2,7.8% of German students attended private schools in 2008.,False,3,0.405639062229565,-0.0850658233234947,C0557800,0.6511064767837524,0.6327395439147949,0.01836693286895752,pred_answer,50
5a67986af038b7001ab0c314,Mistral-7B-Instruct-v0.1,squad2,Religious groups.,False,3,0.405639062229565,-0.1312299191038619,C0597369,0.9930631518363953,0.8913726210594177,0.10169053077697754,pred_answer,50
5727500f708984140094dc01,Mistral-7B-Instruct-v0.1,squad2,Natural science replaced values education for fourth year students.,False,3,0.4999999999999985,-0.0937702623790838,C2030941,0.6957919001579285,0.6938126683235168,0.001979231834411621,pred_answer,50
5a8225de31013a001a335264,Mistral-7B-Instruct-v0.1,squad2,Unanswerable. The text does not provide any information about the amount of money Kent-Brown had invested in Harvard.,False,3,0.9999999999999972,-0.1587938703926885,C6024975,0.6718353033065796,0.6718353033065796,0.0,pred_answer,50
5a823e6f31013a001a335331,Mistral-7B-Instruct-v0.1,squad2,The forward pass.,False,3,0.7499999999999978,-0.4737357631842315,C0439780,0.8000215888023376,0.7897588014602661,0.010262787342071533,pred_answer,50
5727e0474b864d1900163f0b,Mistral-7B-Instruct-v0.1,squad2,W. E. B. Du Bois,True,3,0.405639062229565,-0.0299801984724126,C1555121,0.743223249912262,0.7232181429862976,0.020005106925964355,pred_answer,50
572815d9ff5b5019007d9cbf,Mistral-7B-Instruct-v0.1,squad2,The extension of the Florida East Coast Railway and yellow fever outbreaks drew would-be Jacksonville tourists to other Florida destinations.,False,3,0.405639062229565,-0.1253155229091623,C0275769,0.6251883506774902,0.6192411184310913,0.005947232246398926,pred_answer,50
572820512ca10214002d9e74,Mistral-7B-Instruct-v0.1,squad2,The name of the river that is completely contained inside Jacksonville is the Trout River.,False,3,0.405639062229565,-0.04210295102954,C1551912,0.7428632378578186,0.7395522594451904,0.003310978412628174,pred_answer,50
5a1c8f54b4fb5d00187146dc,Mistral-7B-Instruct-v0.1,squad2,43.8% of married couples had children living with them.,False,3,0.7499999999999978,-0.1043351246611337,C3258422,0.6352009177207947,0.6291090846061707,0.0060918331146240234,pred_answer,50
5729d44b1d04691400779615,Mistral-7B-Instruct-v0.1,squad2,The Institute for Policy Studies published findings in September 2012 regarding the Forbes richest 400 Americans.,False,3,0.4999999999999985,-0.0036207018180233,C1549674,0.6454991102218628,0.6432341933250427,0.0022649168968200684,pred_answer,50
5ad248e0d7d075001a428b86,Mistral-7B-Instruct-v0.1,squad2,Unanswerable. The provided context specifically mentions that economists with the Standard & Poor's rating agency reached the conclusion.,False,3,0.9999999999999972,-0.1520588067903366,C5444741,0.6823574304580688,0.6628886461257935,0.01946878433227539,pred_answer,50
572a1046af94a219006aa78f,Mistral-7B-Instruct-v0.1,squad2,Branko Milanovic and Joseph Stiglitz are economists.,False,3,0.405639062229565,-0.0823868713197939,C5772001,0.6875949501991272,0.6622995138168335,0.0252954363822937,pred_answer,50
572a1046af94a219006aa790,Mistral-7B-Instruct-v0.1,squad2,The main reason for the shift to the view that income inequality harms growth is the increasing importance of human capital in development.,False,3,-8.00856625953729e-16,-0.0061213897420115,C0681030,0.7419533729553223,0.7293664216995239,0.01258695125579834,pred_answer,50
57284b904b864d19001648e2,Mistral-7B-Instruct-v0.1,squad2,"The first buildings of the University of Chicago campus, which make up what is now known as the Main Quadrangles, were part of a ""master plan",False,3,0.9999999999999972,-0.0912553167520116,C0464372,0.625106155872345,0.6218225955963135,0.003283560276031494,pred_answer,50
57285841ff5b5019007da19c,Mistral-7B-Instruct-v0.1,squad2,Oriental Institute,True,3,0.4999999999999985,-0.1654069444375636,C0078988,0.7705326080322266,0.7705326080322266,0.0,pred_answer,50
572870b2ff5b5019007da225,Mistral-7B-Instruct-v0.1,squad2,Eugene Fama,True,3,-8.00856625953729e-16,-0.1171721992947823,C1676609,0.8481962084770203,0.7526479363441467,0.09554827213287354,pred_answer,50
572863c72ca10214002da2d7,Mistral-7B-Instruct-v0.1,squad2,Mongke Khan became Great Khan in 1251.,False,3,0.405639062229565,-0.0058402244253394,C3565421,0.8135980367660522,0.8068054914474487,0.006792545318603516,pred_answer,50
5ad401de604f3c001a3ffd31,Mistral-7B-Instruct-v0.1,squad2,Jin,False,3,0.7499999999999978,-0.8145586550235748,C4761709,0.9368952512741089,0.9230130910873413,0.013882160186767578,pred_answer,50
572879574b864d1900164a14,Mistral-7B-Instruct-v0.1,squad2,The text does not provide information on the type of musical instruments the Yuan brought to China.,False,3,0.405639062229565,-0.2449243838625307,C0376403,0.6383872628211975,0.6252199411392212,0.013167321681976318,pred_answer,50
5728809f2ca10214002da40e,Mistral-7B-Instruct-v0.1,squad2,The Chinese name of Gou's calendar was the Shoushi Li (授時暦) or Calendar for Fixing the Seasons.,False,3,0.405639062229565,-0.0273555608341613,C1019767,0.6797833442687988,0.6780354976654053,0.0017478466033935547,pred_answer,50
5728f2e26aef051400154899,Mistral-7B-Instruct-v0.1,squad2,HIV/AIDS.,True,3,0.9999999999999972,-0.1343467327310842,C0001175,0.9738892912864685,0.9350972175598145,0.03879207372665405,pred_answer,50
572900f73f37b31900477f6c,Mistral-7B-Instruct-v0.1,squad2,Eicosanoids include prostaglandins that result in fever and blood vessel dilation.,False,3,0.7499999999999978,-0.0568702680260315,C6025107,0.7121468782424927,0.7121468782424927,0.0,pred_answer,50
5729081d3f37b31900477fae,Mistral-7B-Instruct-v0.1,squad2,The process in which neutrophils move towards the site of inflammation is called chemotaxis.,False,3,-8.00856625953729e-16,-0.0242513480750351,C0312861,0.9232746958732605,0.9187431931495667,0.004531502723693848,pred_answer,50
5ad4db615b96ef001a10a436,Mistral-7B-Instruct-v0.1,squad2,Unanswerable. The provided context does not mention any specialized cells located in the brain.,False,3,0.4999999999999985,-0.0650312974969168,C3278708,0.7060661315917969,0.700019359588623,0.006046772003173828,pred_answer,50
572a07fc6aef0514001551df,Mistral-7B-Instruct-v0.1,squad2,The adaptive immune system.,True,3,0.405639062229565,-0.0820707279806681,C0678209,0.9362715482711792,0.9244952201843262,0.011776328086853027,pred_answer,50
57293c246aef051400154bba,Mistral-7B-Instruct-v0.1,squad2,Government officials and climate change experts attend the IPCC meetings.,False,3,0.405639062229565,-0.0917589008622074,C5933361,0.7431148290634155,0.7253697514533997,0.01774507761001587,pred_answer,50
5a3e488b378766001a00253c,Mistral-7B-Instruct-v0.1,squad2,Each chapter has two coordinating lead authors.,False,3,0.7499999999999978,-0.1155272795758492,C1552857,0.6813302636146545,0.6552708148956299,0.026059448719024658,pred_answer,50
57293f353f37b3190047819f,Mistral-7B-Instruct-v0.1,squad2,Houghton said that any changes to the SPM must be supported by scientific evidence.,False,3,0.405639062229565,-0.0678141322482109,C5848732,0.669761061668396,0.6508960723876953,0.018864989280700684,pred_answer,50
5a3e495c378766001a002547,Mistral-7B-Instruct-v0.1,squad2,The IPCC created a final summary for policymakers.,False,3,0.9999999999999972,-0.2747620178128482,C5143164,0.7131659388542175,0.6925827860832214,0.020583152770996094,pred_answer,50
572945b11d04691400779230,Mistral-7B-Instruct-v0.1,squad2,The 2001 IPCC report underestimated the temperature and sea level rise for the period 2001-2006.,False,3,0.9999999999999972,-0.0912206911325475,C5879775,0.6427232623100281,0.6365261077880859,0.006197154521942139,pred_answer,50
5729727baf94a219006aa437,Mistral-7B-Instruct-v0.1,squad2,Goldbach's conjecture.,True,3,-8.00856625953729e-16,-0.117954098602455,C1916452,0.8322672843933105,0.7698798179626465,0.06238746643066406,pred_answer,50
5729727baf94a219006aa43b,Mistral-7B-Instruct-v0.1,squad2,One algebraic generalization prime numbers have inspired is prime elements.,False,3,0.4999999999999985,-0.1404611160751138,C1175101,0.6714693307876587,0.6666921377182007,0.004777193069458008,pred_answer,50
572973f76aef051400154f0b,Mistral-7B-Instruct-v0.1,squad2,"The specific divisors of all even numbers larger than 2 are 1, 2, and the number itself.",False,3,-8.00856625953729e-16,-0.0277869467383698,C0205173,0.7286698818206787,0.7286698818206787,0.0,pred_answer,50
57297a276aef051400154f89,Mistral-7B-Instruct-v0.1,squad2,Euler proved the validity of Fermat's little theorem.,False,3,0.405639062229565,-0.0451549183840707,C1704586,0.6641827821731567,0.658758282661438,0.00542449951171875,pred_answer,50
5a8929e43b2508001a72a4da,Mistral-7B-Instruct-v0.1,squad2,"Unanswerable. The question refers to Fermat's little theorem, which was declared by Pierre de Fermat in 1640.",False,3,0.9999999999999972,-0.2037836741103111,C1704586,0.6717981696128845,0.6416970491409302,0.030101120471954346,pred_answer,50
57297ed93f37b3190047845f,Mistral-7B-Instruct-v0.1,squad2,One straightforward case of a probabilistic test is the Fermat primality test.,False,3,-8.00856625953729e-16,-0.037498829970266,C1553142,0.6819131970405579,0.6760984659194946,0.005814731121063232,pred_answer,50
5a893a003b2508001a72a542,Mistral-7B-Instruct-v0.1,squad2,Vinogradov's theorem states that every sufficiently large odd integer can be written as a sum of three primes.,False,3,0.405639062229565,-0.0196895847433718,C4744871,0.6671004891395569,0.6580463647842407,0.009054124355316162,pred_answer,50
5a8940ba3b2508001a72a55d,Mistral-7B-Instruct-v0.1,squad2,The period of 1/p is p - 1 or a divisor of p - 1.,False,3,0.7499999999999978,-0.1495793339596898,C0439531,0.7622642517089844,0.7521107196807861,0.010153532028198242,pred_answer,50
5729a26d6aef05140015505d,Mistral-7B-Instruct-v0.1,squad2,The local-global principle highlights the significance of primes in number theory.,False,3,0.405639062229565,-0.0370357162421441,C3825344,0.7136793732643127,0.705360472202301,0.008318901062011719,pred_answer,50
5ad27f33d7d075001a429755,Mistral-7B-Instruct-v0.1,squad2,The Ruhr separates the Rhine from Duisburg.,False,3,0.7499999999999978,-0.1274827141276639,C0310039,0.7138948440551758,0.6995387673377991,0.014356076717376709,pred_answer,50
5ad28861d7d075001a429940,Mistral-7B-Instruct-v0.1,squad2,"Unanswerable. The provided context only discusses the names and locations of various branches of the Rhine, but does not provide information about the old south branch",False,3,0.405639062229565,-0.1949397354164366,C5742183,0.6540311574935913,0.6423875093460083,0.011643648147583008,pred_answer,50
572ffd75b2c2fd14005686e9,Mistral-7B-Instruct-v0.1,squad2,The English Channel was lowered in the last cold phase.,False,3,0.7499999999999978,-0.1606750235502355,C0857506,0.6219492554664612,0.6197491884231567,0.0022000670433044434,pred_answer,50
5ad29d35d7d075001a429c12,Mistral-7B-Instruct-v0.1,squad2,The Pleistocene began around 2.6 million years ago.,False,3,-8.00856625953729e-16,-0.0539858339028143,C0681755,0.7137736678123474,0.7067291736602783,0.007044494152069092,pred_answer,50
57300761947a6a140053cf9b,Mistral-7B-Instruct-v0.1,squad2,The Rhine first formed a boundary between Gaul and Germania.,False,3,0.405639062229565,-0.0527273019645842,C3597072,0.7082021236419678,0.6845073699951172,0.023694753646850586,pred_answer,50
57300a9a04bcaa1900d77067,Mistral-7B-Instruct-v0.1,squad2,The German army reoccupied the Rhineland in 1936.,False,3,0.405639062229565,-0.0235520785748042,C5197777,0.6420552730560303,0.636816143989563,0.005239129066467285,pred_answer,50
572fc80b04bcaa1900d76d14,Mistral-7B-Instruct-v0.1,squad2,The Scottish Parliament is currently in the fourth session.,False,3,0.405639062229565,-0.0528145213198017,C0574797,0.6580719351768494,0.6498546004295349,0.008217334747314453,pred_answer,50
57300f8504bcaa1900d770d1,Mistral-7B-Instruct-v0.1,squad2,The Gulf War inadvertently radicalized the Islamist movement in the early 1990s by bringing several hundred thousand US and allied non,False,3,0.7499999999999978,-0.0735997017132383,C2079571,0.6967358589172363,0.6967356204986572,2.384185791015625e-07,pred_answer,50
573010fab2c2fd14005687d9,Mistral-7B-Instruct-v0.1,squad2,Saudi Arabia tried to repress domestic Islamists to compensate for its loss of stature.,False,3,-8.00856625953729e-16,-0.0418387684009928,C0022126,0.6834847927093506,0.6790213584899902,0.0044634342193603516,pred_answer,50
5ad0354e77cf76001a686e1f,Mistral-7B-Instruct-v0.1,squad2,The Germanic tribes did not claim territory in north and west Europe during the middle period of classical antiquity.,False,3,0.7499999999999978,-0.0990383985731189,C3846567,0.6739128232002258,0.6708407998085022,0.003072023391723633,pred_answer,50
5730b8ca8ab72b1400f9c707,Mistral-7B-Instruct-v0.1,squad2,The premise of Woodrow Wilson's inquiry was to build a basis for U.S. authorship of a 'new world' characterized by ge,False,3,0.405639062229565,-0.0484820397989036,C6005295,0.6756213307380676,0.665268063545227,0.010353267192840576,pred_answer,50
5ad4d2855b96ef001a10a1dd,Mistral-7B-Instruct-v0.1,squad2,The edge of the Vistula plateau is called the Warsaw Escarpment.,False,3,-8.00856625953729e-16,-0.0470011545380537,C1852159,0.6644388437271118,0.6585440635681152,0.005894780158996582,pred_answer,50
57337f6ad058e614000b5bce,Mistral-7B-Instruct-v0.1,squad2,Many Poles had the conviction that Varsovians thought of themselves as better only because they lived in the capital.,False,3,0.7499999999999978,-0.0402406347954354,C0071328,0.6424903273582458,0.6363616585731506,0.006128668785095215,pred_answer,50
573383d0d058e614000b5c37,Mistral-7B-Instruct-v0.1,squad2,Daewoo,True,3,-8.00856625953729e-16,-0.0932713713334806,C1070525,0.7582453489303589,0.7392951846122742,0.018950164318084717,pred_answer,50
5ad500e95b96ef001a10a914,Mistral-7B-Instruct-v0.1,squad2,The Midsummer's festival is held on Midsummer's Eve.,False,3,0.7499999999999978,-0.0418243910413214,C5468528,0.662147045135498,0.6549467444419861,0.007200300693511963,pred_answer,50
5ad502385b96ef001a10a956,Mistral-7B-Instruct-v0.1,squad2,Unanswerable. The context does not provide information about Warsaw's Riding Museum.,False,3,0.9999999999999972,-0.1717102445206052,C5442005,0.6763378381729126,0.6754829287528992,0.0008549094200134277,pred_answer,50
5ad3a79a604f3c001a3fead6,Mistral-7B-Instruct-v0.1,squad2,"Unanswerable. The question refers to the start of the war, but it does not specify which war. The context only mentions North America and British colon",False,3,0.9999999999999972,-0.2771001149674106,C0868135,0.6932677626609802,0.6913472414016724,0.0019205212593078613,pred_answer,50
5ad3a7ef604f3c001a3feadd,Mistral-7B-Instruct-v0.1,squad2,The intent of Céloron's expedition was to establish French control over the Ohio Country by claiming it through the burial of lead plates engraved,False,3,0.405639062229565,-0.0842114396168085,C5080231,0.6456230282783508,0.6339226365089417,0.01170039176940918,pred_answer,50
5ad3af4e604f3c001a3fec76,Mistral-7B-Instruct-v0.1,squad2,Saint-Girard did not respond to the question.,False,3,0.9999999999999972,-0.289812229751288,C5745208,0.6931605339050293,0.6824299693107605,0.010730564594268799,pred_answer,50
57340111d058e614000b677f,Mistral-7B-Instruct-v0.1,squad2,"Montcalm was focusing the defense of New France at Carillon, Quebec, and Louisbourg.",False,3,0.7499999999999978,-0.0499673932963127,C5920609,0.6832167506217957,0.6607611179351807,0.02245563268661499,pred_answer,50
573403394776f419006616de,Mistral-7B-Instruct-v0.1,squad2,"18,000.",True,3,0.7499999999999978,-0.1875729033081875,C4035540,0.771119236946106,0.7493607997894287,0.021758437156677246,pred_answer,50
5ad26382d7d075001a42911a,Mistral-7B-Instruct-v0.1,squad2,Newton's Third Law asserts the direct proportionality of acceleration to force.,False,3,0.7499999999999978,-0.0549588608007775,C2348893,0.7624508142471313,0.7578389644622803,0.004611849784851074,pred_answer,50
56de0ffd4396321400ee258e,OpenBioLLM-8B,squad2,The answer is that Robert Crispin led the Normans of Edessa against the Turks in the 1060s.,False,3,0.4999999999999985,-0.1313113620526176,C0237892,0.643805205821991,0.6391575336456299,0.004647672176361084,pred_answer,50
5ad568d35b96ef001a10ae1d,OpenBioLLM-8B,squad2,"The four examples of problems believed to be NP=intermediate are: the graph isomorphism problem, the discrete logarithm problem, the integer factorization problem",False,3,0.9999999999999972,-0.110853354374149,C5668096,0.6365671157836914,0.6363581418991089,0.00020897388458251953,pred_answer,50
56e1e9dfe3433e14004231fc,OpenBioLLM-8B,squad2,The problem of determining whether two finite graphs are isomorphic is known as the graph isomorphism problem.,False,3,0.9999999999999972,-0.0615933492907019,C2986777,0.6899914741516113,0.6632241010665894,0.026767373085021973,pred_answer,50
56e1f10ee3433e1400423222,OpenBioLLM-8B,squad2,The variable L is associated with all problems solved within logarithmic space.,False,3,-8.00856625953729e-16,-0.0825130814350657,C0718142,0.7006235122680664,0.6996010541915894,0.0010224580764770508,pred_answer,50
5705e4fe75f01819005e7704,OpenBioLLM-8B,squad2,The water body to the east is called the Colorado River.,False,3,-8.00856625953729e-16,-0.1232365942076705,C1555156,0.9232563972473145,0.7670354843139648,0.1562209129333496,pred_answer,50
5ad042cf77cf76001a686f28,OpenBioLLM-8B,squad2,"The areas north of Greater Santa Barbara are the Santa Barbara, San Luis Obispo, and Bakersfield metropolitan areas.",False,3,0.405639062229565,-0.0806893485354163,C3828241,0.789790153503418,0.7176386117935181,0.0721515417098999,pred_answer,50
5706143575f01819005e7953,OpenBioLLM-8B,squad2,The other NHL team aside from the Anaheim Ducks that resides in Southern California is the Los Angeles Kings.,False,3,-8.00856625953729e-16,-0.0750385052966396,C4894712,0.6595565676689148,0.6556438207626343,0.003912746906280518,pred_answer,50
5a2c0c2fbfd06b001a5ae99c,OpenBioLLM-8B,squad2,"Answer the question using only the context. Reply with a short answer span only. If the question is unanswerable from the context, reply with 'unanswer",False,3,0.7499999999999978,-0.0538255818119066,C0460117,0.6859092712402344,0.684260368347168,0.0016489028930664062,pred_answer,50
570953a7efce8f15003a7e01,OpenBioLLM-8B,squad2,The additional service that BSkyB offered besides HD channels was Video On Demand (VOD) content.,False,3,0.7499999999999978,-0.1559322479740914,C5944006,0.6733054518699646,0.6697825193405151,0.003522932529449463,pred_answer,50
57096c95200fba1400367fbf,OpenBioLLM-8B,squad2,The VideoGuard UK equipped receiver is dedicated to decrypting the Sky service.,False,3,0.7499999999999978,-0.1259061294565171,C5691728,0.6424499750137329,0.6421861052513123,0.0002638697624206543,pred_answer,50
57096f37200fba1400367fe6,OpenBioLLM-8B,squad2,"The fee for accessing BSkyB's EPG ranges from £15–100,000.",False,3,0.405639062229565,-0.0536831264035509,C5697245,0.6668253540992737,0.6533893346786499,0.01343601942062378,pred_answer,50
57097b50200fba140036804d,OpenBioLLM-8B,squad2,10 million homes,False,3,0.4999999999999985,-0.6277089146897197,C0029034,0.7106515765190125,0.6710023283958435,0.039649248123168945,pred_answer,50
570d2d68fed7b91900d45cbc,OpenBioLLM-8B,squad2,More than 50% of the Victorian farmland is sown for wheat.,False,3,0.4999999999999985,-0.0930273089820462,C3166490,0.6634443998336792,0.6630359292030334,0.00040847063064575195,pred_answer,50
570d2f5bfed7b91900d45cd2,OpenBioLLM-8B,squad2,The exceptions in the constitution that require special considerations to amend are the 'entrenched' provisions.,False,3,-8.00856625953729e-16,-0.1106023667929321,C0009809,0.7863061428070068,0.7033374905586243,0.08296865224838257,pred_answer,50
570d32e4fed7b91900d45d02,OpenBioLLM-8B,squad2,The Victoria Department of Education runs the public schools in Victoria.,False,3,-8.00856625953729e-16,-0.0964152473451087,C0557800,0.6613834500312805,0.6543996334075928,0.006983816623687744,pred_answer,50
570d4329fed7b91900d45dd7,OpenBioLLM-8B,squad2,The correct answer is 1 July 1851.,False,3,0.7499999999999978,-0.2352879584923262,C5570857,0.682786226272583,0.671816349029541,0.010969877243041992,pred_answer,50
570d44abb3d812140066d601,OpenBioLLM-8B,squad2,61.4% of private school students attend Catholic schools.,False,3,-8.00856625953729e-16,-0.3102101408256623,C4272448,0.5784438252449036,0.5767022371292114,0.0017415881156921387,pred_answer,50
570d47b8b3d812140066d631,OpenBioLLM-8B,squad2,"There were five formerly government-owned narrow gauge rail lines in Victoria, which were built in mountainous areas and now operate as tourist railways over 760 mm (2",False,3,0.7499999999999978,-0.1449945836954034,C0442669,0.61188143491745,0.6078730821609497,0.004008352756500244,pred_answer,50
570d4a6bfed7b91900d45e16,OpenBioLLM-8B,squad2,The colonial government that administered the new colony was located in Sydney.,False,3,0.9999999999999972,-0.0779459468579131,C0600275,0.6412780284881592,0.6375654339790344,0.003712594509124756,pred_answer,50
5a637c6268151a001a92230e,OpenBioLLM-8B,squad2,The Eureka Stockade rebellion occurred in 1854 at Ballarat.,False,3,0.9999999999999972,-0.2617235760975234,C5479402,0.6476563811302185,0.643760621547699,0.0038957595825195312,pred_answer,50
5a637c6268151a001a922311,OpenBioLLM-8B,squad2,Some leaders of the British rebellion became members of the Victorian Parliament.,False,3,0.7499999999999978,-0.166253750431289,C1449762,0.6803907155990601,0.6632245779037476,0.0171661376953125,pred_answer,50
5a6391c268151a001a922390,OpenBioLLM-8B,squad2,The Port Fairy Folk Festival is held at Port Sunshine in Victoria.,False,3,-8.00856625953729e-16,-0.0641356303042682,C5618052,0.6526904106140137,0.6497872471809387,0.002903163433074951,pred_answer,50
5ad25e99d7d075001a428f2e,OpenBioLLM-8B,squad2,New France was located in the now US.,False,3,0.7499999999999978,-0.3572708358988166,C0027985,0.7186845541000366,0.7109045386314392,0.007780015468597412,pred_answer,50
57107a3ea58dae1900cd69e0,OpenBioLLM-8B,squad2,The Huguenots secured the right to own land in the Baronies in 1697.,False,3,-8.00856625953729e-16,-0.0117554488401782,C6005157,0.6705631613731384,0.668942928314209,0.0016202330589294434,pred_answer,50
5ad24057d7d075001a428930,OpenBioLLM-8B,squad2,"500,000 Huguenots had fled France by the early 18th century.",False,3,0.4999999999999985,-0.0863888569029307,C5442096,0.6825485825538635,0.6670129299163818,0.01553565263748169,pred_answer,50
57107e6ca58dae1900cd69f2,OpenBioLLM-8B,squad2,The Catholic Church in France and many of its members opposed the Huguenots.,False,3,0.7499999999999978,-0.0998539679789772,C0337770,0.6961073279380798,0.6945268511772156,0.0015804767608642578,pred_answer,50
5ad25963d7d075001a428e0c,OpenBioLLM-8B,squad2,500 people,False,3,-8.00856625953729e-16,-0.4675194422403971,C5939049,0.9999993443489075,0.8303384780883789,0.16966086626052856,pred_answer,50
5ad24600d7d075001a428acc,OpenBioLLM-8B,squad2,"Nearly 3,000 Huguenots were slaughtered in Toulouse.",False,3,-8.00856625953729e-16,-0.0747878621363464,C0277752,0.6304477453231812,0.623518705368042,0.00692903995513916,pred_answer,50
57113c6da58dae1900cd6d36,OpenBioLLM-8B,squad2,"Answer the question using only the context. Reply with a short answer span only. If the question is unanswerable from the context, reply with 'unanswer",False,3,0.7499999999999978,-0.0561785492294313,C0460117,0.6859092712402344,0.684260368347168,0.0016489028930664062,pred_answer,50
5ad3cc47604f3c001a3ff143,OpenBioLLM-8B,squad2,Compound engines,False,3,0.7499999999999978,-0.4254394245023529,C0554220,0.7160459756851196,0.6984356641769409,0.01761031150817871,pred_answer,50
5ad3ed37604f3c001a3ff7a3,OpenBioLLM-8B,squad2,The groups of pistons in a 4-cylinder crank were set at 90° to each other.,False,3,0.4999999999999985,-0.0648520954258576,C1709547,0.6690963506698608,0.6664906740188599,0.0026056766510009766,pred_answer,50
5ad3f4ed604f3c001a3ff967,OpenBioLLM-8B,squad2,The aim of the additional stroke is to improve efficiency by providing an additional port uncovered by the piston at the end of each stroke making the steam flow only in one,False,3,0.405639062229565,-0.0444268517943076,C6069890,0.6954084634780884,0.682662844657898,0.01274561882019043,pred_answer,50
5ad415fd604f3c001a400328,OpenBioLLM-8B,squad2,The context provided does not answer the question. The question is unanswerable from the given context.,False,3,0.405639062229565,-0.261936003787187,C5452671,0.798355221748352,0.7940108776092529,0.004344344139099121,pred_answer,50
57115bf350c2381900b54a96,OpenBioLLM-8B,squad2,The Energiprojekt AB engine uses approximately 8.8 pounds of steam per kilowatt hour.,False,3,0.405639062229565,-0.0574667775969094,C5572885,0.6523640155792236,0.6220604181289673,0.030303597450256348,pred_answer,50
57115f652419e314009555bb,OpenBioLLM-8B,squad2,1606,True,3,0.4999999999999985,-0.2798587077171153,C4085379,0.7693330645561218,0.753115177154541,0.01621788740158081,pred_answer,50
571c7abfdd7acb1400e4c0bd,OpenBioLLM-8B,squad2,Leonardo da Vinci,True,3,-8.00856625953729e-16,-0.2943734019674593,C0331123,0.8366632461547852,0.8328931927680969,0.0037700533866882324,pred_answer,50
5ad23e1bd7d075001a4288b5,OpenBioLLM-8B,squad2,Dalton assumed that OH is HO.,False,3,0.9999999999999972,-0.3271054795218712,C4306008,0.7306700348854065,0.717382550239563,0.013287484645843506,pred_answer,50
571c8539dd7acb1400e4c0e4,OpenBioLLM-8B,squad2,Priestley is often given priority because his work was published first.,False,3,0.9999999999999972,-0.0581590448150867,C0558272,0.7033710479736328,0.6824694275856018,0.020901620388031006,pred_answer,50
5ad24ff3d7d075001a428ca4,OpenBioLLM-8B,squad2,The most abundant mass element in the Earth's biosphere is Oxygen.,False,3,0.405639062229565,-0.0369330963873418,C0030054,0.8802091479301453,0.84334397315979,0.036865174770355225,pred_answer,50
5ad261bad7d075001a429052,OpenBioLLM-8B,squad2,"The mineral Fe1 - oX is written as FeO, where x is usually around 0.05.",False,3,0.7499999999999978,-0.1700858884456243,C1420805,0.7502995133399963,0.7502995133399963,0.0,pred_answer,50
571cda1bdd7acb1400e4c196,OpenBioLLM-8B,squad2,"Oxygen tanks, cryogenics, and chemical compounds are used for the storage of oxygen.",False,3,0.7499999999999978,-0.134916871993731,C2135599,0.8147919178009033,0.7927135825157166,0.022078335285186768,pred_answer,50
5a38ab9fa4b263001a8c188d,OpenBioLLM-8B,squad2,"The correct answer is 'Never'. Oil has always been priced in US dollars, not pound sterling.",False,3,0.9999999999999972,-0.2704194302523752,C3260135,0.6728512644767761,0.657597005367279,0.01525425910949707,pred_answer,50
5a38b819a4b263001a8c18c6,OpenBioLLM-8B,squad2,"Developing new oil fields had a positive influence on the US economy by providing increased energy supplies, which helped to mitigate the effects of the embargo and address energy security",False,3,0.9999999999999972,-0.3283503352302757,C6012446,0.7053912281990051,0.6806825995445251,0.02470862865447998,pred_answer,50
5a38c34ea4b263001a8c190e,OpenBioLLM-8B,squad2,Lord Cromer ordered a British intelligence estimate of US intentions.,False,3,0.9999999999999972,-0.1682394478101252,C0944484,0.6322923302650452,0.6268688440322876,0.005423486232757568,pred_answer,50
57265526708984140094c2c1,OpenBioLLM-8B,squad2,The Wahhabi seized the Grand Mosque in Mecca in November 1979.,False,3,-8.00856625953729e-16,-0.1101841425057393,C2907776,0.6207736730575562,0.6192808151245117,0.0014928579330444336,pred_answer,50
5725c3a9ec44d21400f3d506,OpenBioLLM-8B,squad2,Supplementary sources of European Union law include case law by the Court of Justice.,False,3,0.7499999999999978,-0.0256437718080064,C0680648,0.7480153441429138,0.7317507266998291,0.016264617443084717,pred_answer,50
5725cc38ec44d21400f3d5be,OpenBioLLM-8B,squad2,Norway did not end up joining the European Union in 1972.,False,3,0.405639062229565,-0.1080706938043238,C0337812,0.6902677416801453,0.6850243806838989,0.005243360996246338,pred_answer,50
57264865dd62a815002e8063,OpenBioLLM-8B,squad2,The referendums in France and the Netherlands led to the curtailment of a constitution for Europe.,False,3,0.405639062229565,-0.1844370027542574,C5555403,0.6512380838394165,0.6497989892959595,0.0014390945434570312,pred_answer,50
5ad139b2645df0001a2d1294,OpenBioLLM-8B,squad2,There are currently 5 female judges in the EU.,False,3,0.405639062229565,-0.2923843825798637,C5939047,0.7032557725906372,0.6995446681976318,0.003711104393005371,pred_answer,50
5726a00cf1498d1400e8e551,OpenBioLLM-8B,squad2,"The accepted general principles of European Union law include fundamental rights, proportionality, legal certainty, equality before the law, and subsidiarity.",False,3,-8.00856625953729e-16,-0.0234848243676371,C4046017,0.7448831796646118,0.7338314652442932,0.011051714420318604,pred_answer,50
5728349dff5b5019007d9eff,OpenBioLLM-8B,squad2,The Amazon rainforest covers the majority of the Amazon basin in South America.,False,3,0.405639062229565,-0.0107976067813524,C1020110,0.8327699899673462,0.8251410722732544,0.007628917694091797,pred_answer,50
5729e500af94a219006aa6b5,OpenBioLLM-8B,squad2,The Cretaceous–Paleogene extinction event might have created some conditions allowing the expansion of the amazon rainforest.,False,3,0.405639062229565,-0.0568315564362625,C3063278,0.6587177515029907,0.6562150120735168,0.002502739429473877,pred_answer,50
5725c63438643c19005acca1,OpenBioLLM-8B,squad2,"The dust travels 1,600 miles over the Atlantic Ocean.",False,3,0.7499999999999978,-0.0677713262676726,C0376611,0.7154814600944519,0.7138035297393799,0.0016779303550720215,pred_answer,50
5729ea263f37b319004785be,OpenBioLLM-8B,squad2,The answer is NASA.,False,3,0.405639062229565,-0.3778451338099937,C0242776,0.8343896865844727,0.8343896865844727,0.0,pred_answer,50
5729fd56af94a219006aa731,OpenBioLLM-8B,squad2,The slash and burn method was used to clear forest for crop cultivation in the Amazon forest.,False,3,0.9999999999999972,-0.0938702320239061,C5423165,0.6387468576431274,0.6322272419929504,0.006519615650177002,pred_answer,50
572a020f6aef051400155198,OpenBioLLM-8B,squad2,"Environmentalists are concerned about losing 10% of the world's terrestrial primary productivity and 10% of the carbon stores in ecosystems, which is of the order",False,3,0.405639062229565,-0.0797418275373365,C0005347,0.6289606094360352,0.6242151260375977,0.0047454833984375,pred_answer,50
5a8349a2e60761001a2eb50a,OpenBioLLM-8B,squad2,"The most distinctive feature of cnidarians is the presence of stinging cells called nematocysts, which are used to capture prey.",False,3,0.7499999999999978,-0.1879109953519334,C1166662,0.7782251834869385,0.7435262799263,0.03469890356063843,pred_answer,50
5a83894de60761001a2eb78c,OpenBioLLM-8B,squad2,Epithelial cells are able to form adhesive strips that zip the mouth shut when prey is too large to swallow.,False,3,0.9999999999999972,-0.2309000566386482,C0464563,0.6997941732406616,0.6840164661407471,0.01577770709991455,pred_answer,50
5725d7e438643c19005acdfb,OpenBioLLM-8B,squad2,The former San Joaquin Light & Power Building is currently known as Grand 1401.,False,3,-8.00856625953729e-16,-0.0494294041850658,C0332033,0.6928273439407349,0.6677494645118713,0.025077879428863525,pred_answer,50
5a7b0ec521c2de001afe9d20,OpenBioLLM-8B,squad2,Chestnut Avenue,False,3,0.9999999999999972,-0.3378133189376967,C0222035,0.7120651006698608,0.6979557871818542,0.014109313488006592,pred_answer,50
5a7b103b21c2de001afe9d35,OpenBioLLM-8B,squad2,Roger Rocka won the Tony award.,False,3,0.7499999999999978,-0.4056971810180256,C1512502,0.7305321097373962,0.7011371850967407,0.029394924640655518,pred_answer,50
5725ec8289a1e219009ac0b0,OpenBioLLM-8B,squad2,1914,True,3,0.405639062229565,-0.5114478493730227,C0681750,0.79657381772995,0.7908254265785217,0.005748391151428223,pred_answer,50
5725f2c838643c19005acef0,OpenBioLLM-8B,squad2,8 km,False,3,0.7499999999999978,-0.6498651678363482,C3842078,0.7856577634811401,0.7576426267623901,0.02801513671875,pred_answer,50
5a2ec431a83784001a7d2451,OpenBioLLM-8B,squad2,"The name ""black death"" spread into Germany in 1631.",False,3,0.405639062229565,-0.0976379412844229,C0282312,0.7447863817214966,0.7447863817214966,0.0,pred_answer,50
5a2eca47a83784001a7d2482,OpenBioLLM-8B,squad2,The headquarters of PloS Pathogens is in the United States.,False,3,0.405639062229565,-0.1509642399060183,C0041734,0.7051187753677368,0.6999999284744263,0.005118846893310547,pred_answer,50
5726577f708984140094c304,OpenBioLLM-8B,squad2,"At most, two-thirds of Baghdad's population has died of plague.",False,3,0.9999999999999972,-0.137480196217075,C0742373,0.6828043460845947,0.670268177986145,0.012536168098449707,pred_answer,50
5a58e9133e1742001a15cea6,OpenBioLLM-8B,squad2,The key bed is the bed that is cut by the fault.,False,3,0.405639062229565,-0.3138536532073885,C4049642,0.677492618560791,0.6751020550727844,0.002390563488006592,pred_answer,50
57266c015951b619008f723b,OpenBioLLM-8B,squad2,The absolute isotopic date is applied to a rock unit.,False,3,0.9999999999999972,-0.1441612648385619,C1719096,0.7150715589523315,0.6941444873809814,0.020927071571350098,pred_answer,50
5a57f487770dc0001aeeff00,OpenBioLLM-8B,squad2,Scientists can apply relative rock sections to find isotopes.,False,3,0.9999999999999972,-0.1252670726601839,C1714918,0.6934276819229126,0.6831285953521729,0.010299086570739746,pred_answer,50
5a57fb62770dc0001aeeff14,OpenBioLLM-8B,squad2,Thrust faults and normal faults are the two types of faults that typically occur in the shallow crust.,False,3,0.405639062229565,-0.1287071799751651,C5865906,0.6237970590591431,0.617010235786438,0.006786823272705078,pred_answer,50
5a590de93e1742001a15cf5a,OpenBioLLM-8B,squad2,The stretched sequence in the Grand Canyon was named the Vishnu Schist.,False,3,0.9999999999999972,-0.1472853839927808,C4098592,0.6747096180915833,0.6739780902862549,0.0007315278053283691,pred_answer,50
57267b3c5951b619008f7423,OpenBioLLM-8B,squad2,Petrologists can understand the pressures at which different mineral phases appear by using fluid inclusion data and performing high temperature and pressure physical experiments.,False,3,-8.00856625953729e-16,-0.0620655647516312,C2920167,0.7018122673034668,0.6648606061935425,0.036951661109924316,pred_answer,50
57267ebfdd62a815002e872c,OpenBioLLM-8B,squad2,Orogenic wedges are zones in which mountains are built along convergent tectonic plate boundaries.,False,3,0.405639062229565,-0.1393902926646019,C5544435,0.6525984406471252,0.6511080861091614,0.0014903545379638672,pred_answer,50
5726dcbddd62a815002e9323,OpenBioLLM-8B,squad2,"Explanation: In the pre-Heian Imperial court of Japan, pharmacists were highly respected and held a position of authority in the health-related fields. They were",False,3,0.9999999999999972,-0.1972322629895992,C3858764,0.6196194291114807,0.6194540858268738,0.0001653432846069336,pred_answer,50
5a6cba504eec6b001a80a64b,OpenBioLLM-8B,squad2,"Explanation: The roles of pharmacists, known as fukusa in Japanese, were explicitly defined in the Taihō Code (701) and further reiterated in",False,3,0.9999999999999972,-0.3754470436457318,C4710591,0.6775180101394653,0.6545834541320801,0.022934556007385254,pred_answer,50
5a6cee244eec6b001a80a6eb,OpenBioLLM-8B,squad2,The doctor's self-interest is equivalent with the patient's self-interest in the context of medication.,False,3,0.9999999999999972,-0.2716712902801415,C0162400,0.7387008666992188,0.7243157625198364,0.014385104179382324,pred_answer,50
5726f96ddd62a815002e9699,OpenBioLLM-8B,squad2,The Australian Government pays pharmacists for conducting comprehensive Home Medicines Reviews.,False,3,0.7499999999999978,-0.0239037345731579,C2368541,0.6715115308761597,0.6669116020202637,0.004599928855895996,pred_answer,50
572825a92ca10214002d9f02,OpenBioLLM-8B,squad2,"The outcome of living in the California Redwood tree was successful. Julia Butterfly Hill lived in Luna, a 180-foot (55 m)-tall,",False,3,0.7499999999999978,-0.1094386185764821,C5717607,0.6432278156280518,0.6353178024291992,0.007910013198852539,pred_answer,50
57274a1edd62a815002e9a9c,OpenBioLLM-8B,squad2,11.1% of German students attended private schools in 2008.,False,3,0.405639062229565,-0.0935695425580434,C0557800,0.641698956489563,0.6323035955429077,0.009395360946655273,pred_answer,50
5a67986af038b7001ab0c314,OpenBioLLM-8B,squad2,The answer is 'religious groups'. Religious groups rarely run public schools. Public schools are typically run by the government or by private organizations that are not religious in nature,False,3,0.7499999999999978,-0.2393306714456073,C0557800,0.7093724608421326,0.6950172185897827,0.014355242252349854,pred_answer,50
5727500f708984140094dc01,OpenBioLLM-8B,squad2,Values education was replaced by natural science for fourth year students.,False,3,0.405639062229565,-0.2609333213773565,C3841894,0.660026490688324,0.656114935874939,0.00391155481338501,pred_answer,50
5a8225de31013a001a335264,OpenBioLLM-8B,squad2,$400 million,False,3,0.7499999999999978,-0.4095641113817692,C5548997,0.695356011390686,0.6868077516555786,0.008548259735107422,pred_answer,50
5a823e6f31013a001a335331,OpenBioLLM-8B,squad2,The forward pass was legalized by Harvard's football team in 1920.,False,3,0.405639062229565,-0.1380375122583359,C0580028,0.6412602066993713,0.6378141045570374,0.0034461021423339844,pred_answer,50
5727e0474b864d1900163f0b,OpenBioLLM-8B,squad2,W. E. B. Du Bois,True,3,0.9999999999999972,-0.206609263754035,C1555121,0.743223249912262,0.7232181429862976,0.020005106925964355,pred_answer,50
572815d9ff5b5019007d9cbf,OpenBioLLM-8B,squad2,The extension of the Florida East Coast Railway further south drew visitors to other areas.,False,3,0.7499999999999978,-0.1022172338843628,C2145533,0.6640639901161194,0.6576011180877686,0.00646287202835083,pred_answer,50
572820512ca10214002d9e74,OpenBioLLM-8B,squad2,The Trout River is the name of the river that is completely contained inside Jacksonville.,False,3,0.405639062229565,-0.0918296026806247,C5710997,0.7694028615951538,0.7549630999565125,0.014439761638641357,pred_answer,50
5a1c8f54b4fb5d00187146dc,OpenBioLLM-8B,squad2,23.9% of households had children under the age of 18 living with them.,False,3,0.405639062229565,-0.0478861392215781,C3262397,0.8246521949768066,0.7569704055786133,0.06768178939819336,pred_answer,50
5729d44b1d04691400779615,OpenBioLLM-8B,squad2,The Institute for Policy Studies published findings in September 2012 indicating that over 60 percent of the Forbes richest 400 Americans grew up in substantial privilege.,False,3,0.7499999999999978,-0.0256155335528018,C0421427,0.6553729772567749,0.6433745622634888,0.011998414993286133,pred_answer,50
5ad248e0d7d075001a428b86,OpenBioLLM-8B,squad2,The economists reached a conclusion without the S&P's rating agency in 2014.,False,3,0.7499999999999978,-0.1535664281800058,C0334972,0.6999421715736389,0.6932904720306396,0.006651699542999268,pred_answer,50
572a1046af94a219006aa78f,OpenBioLLM-8B,squad2,Both Branko Milanovic and Joseph Stiglitz are economists.,False,3,0.7499999999999978,-0.1008841914769595,C3672385,0.6628003120422363,0.6468467712402344,0.015953540802001953,pred_answer,50
572a1046af94a219006aa790,OpenBioLLM-8B,squad2,The main reason for the shift to the view that income inequality harms growth is the increasing importance of human capital in development.,False,3,-8.00856625953729e-16,-0.0344267563704579,C0681030,0.7419533729553223,0.7293664216995239,0.01258695125579834,pred_answer,50
57284b904b864d19001648e2,OpenBioLLM-8B,squad2,"The first buildings of the University of Chicago campus, which make up what is now known as the Main Quadrangles, were part of a ""master plan"" conceived",False,3,0.7499999999999978,-0.057116958239666,C3166668,0.6373138427734375,0.6351551413536072,0.0021587014198303223,pred_answer,50
57285841ff5b5019007da19c,OpenBioLLM-8B,squad2,The Oriental Institute is the museum and research center for Near Eastern studies owned and operated by the university.,False,3,-8.00856625953729e-16,-0.1161262053088118,C1518599,0.6990772485733032,0.6768361330032349,0.02224111557006836,pred_answer,50
572870b2ff5b5019007da225,OpenBioLLM-8B,squad2,Eugene Fama is known for his work on portfolio theory.,False,3,0.7499999999999978,-0.0683532858615118,C1676609,0.7646679878234863,0.6879788637161255,0.07668912410736084,pred_answer,50
572863c72ca10214002da2d7,OpenBioLLM-8B,squad2,Möngke Khan became Great Khan in 1251.,False,3,0.405639062229565,-0.1395942426158407,C3565421,0.8136268854141235,0.806817352771759,0.006809532642364502,pred_answer,50
5ad401de604f3c001a3ffd31,OpenBioLLM-8B,squad2,Zhang Rhou helped defend the Jin dynasty.,False,3,0.7499999999999978,-0.0870930969424735,C5772933,0.7215296030044556,0.7009525299072266,0.020577073097229004,pred_answer,50
572879574b864d1900164a14,OpenBioLLM-8B,squad2,"The Yuan brought flutes, lutes, and drums to China.",False,3,0.4999999999999985,-0.3885956001002341,C2932074,0.6728009581565857,0.6682116389274597,0.0045893192291259766,pred_answer,50
5728809f2ca10214002da40e,OpenBioLLM-8B,squad2,The Chinese name of Gou's calendar was Shoushi Li.,False,3,0.7499999999999978,-0.0437522387343354,C1311517,0.7405459880828857,0.7370744347572327,0.003471553325653076,pred_answer,50
5728f2e26aef051400154899,OpenBioLLM-8B,squad2,The acquired condition that results in immunodeficiency in humans is HIV/AIDS.,False,3,0.7499999999999978,-0.0794832880222671,C0001175,0.9184794425964355,0.8889274597167969,0.029551982879638672,pred_answer,50
572900f73f37b31900477f6c,OpenBioLLM-8B,squad2,The answer is prostaglandins.,False,3,0.9999999999999972,-0.3692376672080905,C0033554,0.8569326400756836,0.8569326400756836,0.0,pred_answer,50
5729081d3f37b31900477fae,OpenBioLLM-8B,squad2,The process in which neutrophils move towards the site of inflammation is called chemotaxis.,False,3,-8.00856625953729e-16,-0.0189711127234801,C0312861,0.9232746958732605,0.9187431931495667,0.004531502723693848,pred_answer,50
5ad4db615b96ef001a10a436,OpenBioLLM-8B,squad2,The function of specialized cells located in the brain is to present young lymphocytes with self antigens produced throughout the body and to eliminate those cells that recognize self-,False,3,0.7499999999999978,-0.0483981415313417,C1817961,0.6362966299057007,0.6270563006401062,0.009240329265594482,pred_answer,50
572a07fc6aef0514001551df,OpenBioLLM-8B,squad2,The evolution of the adaptive immune system occurred in an ancestor of the jawed vertebrates.,False,3,0.405639062229565,-0.0706175074306543,C2249550,0.8241192698478699,0.6686584949493408,0.15546077489852905,pred_answer,50
57293c246aef051400154bba,OpenBioLLM-8B,squad2,The answer is 'Governmental delegates and experts'.,False,3,0.7499999999999978,-0.4718970073895021,C4291654,0.738418698310852,0.7239821553230286,0.014436542987823486,pred_answer,50
5a3e488b378766001a00253c,OpenBioLLM-8B,squad2,There are 12 chapters with coordinating lead authors.,False,3,0.7499999999999978,-0.4414847394632023,C1552857,0.7037811279296875,0.6808440685272217,0.02293705940246582,pred_answer,50
57293f353f37b3190047819f,OpenBioLLM-8B,squad2,Houghton has stressed that any changes to the SPM must be supported by scientific evidence.,False,3,0.7499999999999978,-0.0834444313013875,C5848732,0.6618640422821045,0.661132276058197,0.0007317662239074707,pred_answer,50
5a3e495c378766001a002547,OpenBioLLM-8B,squad2,The answer is 'filter'.,False,3,0.9999999999999972,-1.115515383226531,C1522664,0.8809839487075806,0.8778885006904602,0.0030954480171203613,pred_answer,50
572945b11d04691400779230,OpenBioLLM-8B,squad2,The 2001 IPCC report was conservative compared to reality for 2001-2006.,False,3,0.9999999999999972,-0.1398796871760169,C1140258,0.6351374387741089,0.6310837268829346,0.004053711891174316,pred_answer,50
5729727baf94a219006aa437,OpenBioLLM-8B,squad2,Goldbach's conjecture,True,3,0.405639062229565,-0.1729634841255271,C1916452,0.7974812984466553,0.7781081199645996,0.019373178482055664,pred_answer,50
5729727baf94a219006aa43b,OpenBioLLM-8B,squad2,"Explanation: Prime numbers have inspired various algebraic generalizations, one of which is the concept of a 'đốt lửat'. This term refers to a type",False,3,0.7499999999999978,-0.4897550213665873,C0681841,0.6656222939491272,0.6519745588302612,0.013647735118865967,pred_answer,50
572973f76aef051400154f0b,OpenBioLLM-8B,squad2,"The divisors of all even numbers larger than 2 are 1, 2, and the number itself.",False,3,0.7499999999999978,-0.0303522181285676,C1705765,0.7428703308105469,0.7309592962265015,0.01191103458404541,pred_answer,50
57297a276aef051400154f89,OpenBioLLM-8B,squad2,Euler proved the validity of Fermat's little theorem.,False,3,0.405639062229565,-0.0077849849655229,C1704586,0.6641827821731567,0.658758282661438,0.00542449951171875,pred_answer,50
5a8929e43b2508001a72a4da,OpenBioLLM-8B,squad2,Year,False,3,0.7499999999999978,-0.9949620366096495,C0439234,0.9999995231628418,0.9999995231628418,0.0,pred_answer,50
57297ed93f37b3190047845f,OpenBioLLM-8B,squad2,A straightforward case of a probabilistic test is the Fermat primality test.,False,3,0.405639062229565,-0.0940689423397897,C1553142,0.6867642998695374,0.6796534657478333,0.0071108341217041016,pred_answer,50
5a893a003b2508001a72a542,OpenBioLLM-8B,squad2,The theorem that states every large odd integer can be written as a prime summed with a semiprime is Chen's theorem.,False,3,0.7499999999999978,-0.0655019751617142,C4716291,0.6897414922714233,0.6660227179527283,0.02371877431869507,pred_answer,50
5a8940ba3b2508001a72a55d,OpenBioLLM-8B,squad2,The period of 1/p is always p − 1.,False,3,0.405639062229565,-0.1100737775271462,C0439531,0.7653405666351318,0.750309944152832,0.015030622482299805,pred_answer,50
5729a26d6aef05140015505d,OpenBioLLM-8B,squad2,The local-global principle highlights the significance of primes in number theory.,False,3,0.405639062229565,-0.0793319837613109,C3825344,0.7136793732643127,0.705360472202301,0.008318901062011719,pred_answer,50
5ad27f33d7d075001a429755,OpenBioLLM-8B,squad2,The Ruhr separates the Rhine from Duisburg.,False,3,0.405639062229565,-0.0619273340935239,C0310039,0.7138948440551758,0.6995387673377991,0.014356076717376709,pred_answer,50
5ad28861d7d075001a429940,OpenBioLLM-8B,squad2,The old south branch of the Rhine is called the Nederrijn.,False,3,0.405639062229565,-0.1020590284310454,C0225412,0.6844569444656372,0.6821001768112183,0.0023567676544189453,pred_answer,50
572ffd75b2c2fd14005686e9,OpenBioLLM-8B,squad2,The English Channel was also lowered in the last cold phase.,False,3,0.9999999999999972,-0.1744180823817749,C0857506,0.6227487921714783,0.6177878975868225,0.004960894584655762,pred_answer,50
5ad29d35d7d075001a429c12,OpenBioLLM-8B,squad2,"The Pleistocene began 11,600 years ago.",False,3,0.405639062229565,-0.0968733253470016,C0681719,0.7377866506576538,0.7252309322357178,0.012555718421936035,pred_answer,50
57300761947a6a140053cf9b,OpenBioLLM-8B,squad2,Germania,True,3,0.7499999999999978,-0.2725166797366303,C0522471,0.8564813137054443,0.8137805461883545,0.042700767517089844,pred_answer,50
57300a9a04bcaa1900d77067,OpenBioLLM-8B,squad2,The German army reoccupied the Rhineland in 1936.,False,3,0.405639062229565,-0.0308023194886724,C5197777,0.6420552730560303,0.636816143989563,0.005239129066467285,pred_answer,50
572fc80b04bcaa1900d76d14,OpenBioLLM-8B,squad2,The Scottish Parliament is currently in the fourth session.,False,3,0.405639062229565,-0.0448264799238338,C0574797,0.6580719351768494,0.6498546004295349,0.008217334747314453,pred_answer,50
57300f8504bcaa1900d770d1,OpenBioLLM-8B,squad2,"The Gulf War inadvertently radicalized the Islamist movement by bringing non-Muslim military personnel to Saudi Arabian soil, which led to accusations that the Saudi regime was a puppet of",False,3,0.9999999999999972,-0.1046653446023206,C1121358,0.6981556415557861,0.6957112550735474,0.0024443864822387695,pred_answer,50
573010fab2c2fd14005687d9,OpenBioLLM-8B,squad2,Saudi Arabia attempted to compensate for its loss of prestige among these groups by repressing those domestic Islamists who attacked it (bin Laden being a prime example).,False,3,0.7499999999999978,-0.056300282014245,C1277432,0.6432434916496277,0.6388627886772156,0.004380702972412109,pred_answer,50
5ad0354e77cf76001a686e1f,OpenBioLLM-8B,squad2,The Germanic tribes did not claim territory in north and west Europe before 1000 CE.,False,3,0.405639062229565,-0.1051268471259447,C3846566,0.6928395628929138,0.6914658546447754,0.0013737082481384277,pred_answer,50
5730b8ca8ab72b1400f9c707,OpenBioLLM-8B,squad2,The premise of Woodrow Wilson's inquiry was to build a case for U.S authorship of a 'new world' characterized by geographical order.,False,3,0.405639062229565,-0.0448105406794979,C6005295,0.6864537596702576,0.6563205122947693,0.03013324737548828,pred_answer,50
5ad4d2855b96ef001a10a1dd,OpenBioLLM-8B,squad2,The edge of the Vistula plateau is called the Warsaw Escarpment.,False,3,-8.00856625953729e-16,-0.0570593262248095,C1852159,0.6644388437271118,0.6585440635681152,0.005894780158996582,pred_answer,50
57337f6ad058e614000b5bce,OpenBioLLM-8B,squad2,Many Poles had the conviction that Varsovians thought of themselves as better due to living in the capital.,False,3,-8.00856625953729e-16,-0.121773834716659,C1954067,0.6441190242767334,0.624686598777771,0.019432425498962402,pred_answer,50
573383d0d058e614000b5c37,OpenBioLLM-8B,squad2,The South Korean car manufacturer that purchased the FSO Car Factory in 1995 is Daewoo.,False,3,0.405639062229565,-0.105580711009054,C5986114,0.7031674981117249,0.6696757674217224,0.03349173069000244,pred_answer,50
5ad500e95b96ef001a10a914,OpenBioLLM-8B,squad2,The Midsummer's festival is held on Midsummer's Eve.,False,3,0.7499999999999978,-0.0899871562045778,C5468528,0.662147045135498,0.6549467444419861,0.007200300693511963,pred_answer,50
5ad502385b96ef001a10a956,OpenBioLLM-8B,squad2,The Riding Museum in Warsaw is one of the world's first museums dedicated to the art of the poster.,False,3,0.9999999999999972,-0.1684772643795275,C0026863,0.6850812435150146,0.6541497707366943,0.030931472778320312,pred_answer,50
5ad3a79a604f3c001a3fead6,OpenBioLLM-8B,squad2,There were no British regular troops stationed in South America at the start of the war.,False,3,0.7499999999999978,-0.1851100314962524,C0588496,0.6723453402519226,0.6708227396011353,0.0015226006507873535,pred_answer,50
5ad3a7ef604f3c001a3feadd,OpenBioLLM-8B,squad2,The intent of Céloron's expedition was to assert French sovereignty over the Ohio Country.,False,3,-8.00856625953729e-16,-0.1083063890764606,C5709183,0.6566361784934998,0.6566361784934998,0.0,pred_answer,50
5ad3af4e604f3c001a3fec76,OpenBioLLM-8B,squad2,"Saint-Girard responded to Washington by saying that he did not think himself obliged to obey the summons to retire, as France had a superior claim to the Ohio",False,3,0.9999999999999972,-0.1679333995715985,C3273181,0.6608874201774597,0.6608362197875977,5.120038986206055e-05,pred_answer,50
57340111d058e614000b677f,OpenBioLLM-8B,squad2,Montcalm focused the defense of New France on the St. Lawrence.,False,3,0.9999999999999972,-0.1672621652422137,C0353514,0.6902643442153931,0.689245879650116,0.0010184645652770996,pred_answer,50
573403394776f419006616de,OpenBioLLM-8B,squad2,"18,000",True,3,0.9999999999999972,-0.2405441909431829,C4035540,0.7644487619400024,0.7571542859077454,0.00729447603225708,pred_answer,50
5ad26382d7d075001a42911a,OpenBioLLM-8B,squad2,Newton's Third Law asserts the direct proportionality of acceleration to force.,False,3,0.7499999999999978,-0.0309242766575531,C2348893,0.7624508142471313,0.7578389644622803,0.004611849784851074,pred_answer,50
56de0ffd4396321400ee258e,Meta-Llama-3-8B-Instruct,squad2,In the 1060s.,True,3,0.405639062229565,-0.0597275190506279,C0681738,0.7186325788497925,0.7158457040786743,0.002786874771118164,pred_answer,50
5ad568d35b96ef001a10ae1d,Meta-Llama-3-8B-Instruct,squad2,Three.,False,3,0.7499999999999978,-0.5272277537733316,C5201107,0.9537521004676819,0.9537521004676819,0.0,pred_answer,50
56e1e9dfe3433e14004231fc,Meta-Llama-3-8B-Instruct,squad2,The graph isomorphism problem.,True,3,0.7499999999999978,-0.0127403708750222,C3716971,0.7042926549911499,0.7006059885025024,0.003686666488647461,pred_answer,50
56e1f10ee3433e1400423222,Meta-Llama-3-8B-Instruct,squad2,L,True,3,-8.00856625953729e-16,-0.0018218818877357,C1706411,0.9438167810440063,0.9019496440887451,0.04186713695526123,pred_answer,50
5705e4fe75f01819005e7704,Meta-Llama-3-8B-Instruct,squad2,Colorado River,True,3,-8.00856625953729e-16,-0.1434100742105025,C1555156,0.9999989867210388,0.8207964301109314,0.17920255661010742,pred_answer,50
5ad042cf77cf76001a686f28,Meta-Llama-3-8B-Instruct,squad2,unanswerable,True,3,0.405639062229565,-0.1983112675202392,C2349015,0.8045825362205505,0.7912072539329529,0.013375282287597656,pred_answer,50
5706143575f01819005e7953,Meta-Llama-3-8B-Instruct,squad2,Los Angeles Kings.,True,3,-8.00856625953729e-16,-0.0693639263324257,C0024015,0.8383929133415222,0.7356337308883667,0.10275918245315552,pred_answer,50
5a2c0c2fbfd06b001a5ae99c,Meta-Llama-3-8B-Instruct,squad2,Two.,False,3,-8.00856625953729e-16,-0.255768577242937,C0205448,0.9454340934753418,0.8596028685569763,0.08583122491836548,pred_answer,50
570953a7efce8f15003a7e01,Meta-Llama-3-8B-Instruct,squad2,Video On Demand content.,True,3,-8.00856625953729e-16,-0.0154007368012874,C6016304,0.7755928039550781,0.7721885442733765,0.00340425968170166,pred_answer,50
57096c95200fba1400367fbf,Meta-Llama-3-8B-Instruct,squad2,Sky service.,True,3,0.405639062229565,-0.1356167651823057,C1823245,0.8352065086364746,0.8351503610610962,5.614757537841797e-05,pred_answer,50
57096f37200fba1400367fe6,Meta-Llama-3-8B-Instruct,squad2,"£15-100,000",False,3,-8.00856625953729e-16,-0.1259294719848429,C4035120,0.7605670690536499,0.7513526082038879,0.009214460849761963,pred_answer,50
57097b50200fba140036804d,Meta-Llama-3-8B-Instruct,squad2,10 million homes.,False,3,0.4999999999999985,-0.1368915143760204,C0029034,0.7022982239723206,0.6594006419181824,0.042897582054138184,pred_answer,50
570d2d68fed7b91900d45cbc,Meta-Llama-3-8B-Instruct,squad2,50%,True,3,-8.00856625953729e-16,-0.0809676129914199,C5885848,0.8649306297302246,0.8265452980995178,0.03838533163070679,pred_answer,50
570d2f5bfed7b91900d45cd2,Meta-Llama-3-8B-Instruct,squad2,"entrenched"" provisions that require either an absolute majority in both houses, a three-fifths majority in both houses, or the approval of the Victorian people",False,3,0.4999999999999985,-0.0796254485310217,C5229067,0.6890222430229187,0.6717883348464966,0.01723390817642212,pred_answer,50
570d32e4fed7b91900d45d02,Meta-Llama-3-8B-Instruct,squad2,The Victoria Department of Education.,True,3,-8.00856625953729e-16,-0.0873945863641876,C0042645,0.7081152200698853,0.6929422616958618,0.015172958374023438,pred_answer,50
570d4329fed7b91900d45dd7,Meta-Llama-3-8B-Instruct,squad2,1 July 1851,True,3,0.405639062229565,-0.0233887248590084,C3829466,0.7010952234268188,0.6722118258476257,0.028883397579193115,pred_answer,50
570d44abb3d812140066d601,Meta-Llama-3-8B-Instruct,squad2,Over 61%.,False,3,0.4999999999999985,-0.2642685965650344,C5983657,0.7656646966934204,0.7458653450012207,0.019799351692199707,pred_answer,50
570d47b8b3d812140066d631,Meta-Llama-3-8B-Instruct,squad2,Five,True,3,-8.00856625953729e-16,-0.2694464512169361,C0205451,0.9999997615814209,0.9999997615814209,0.0,pred_answer,50
570d4a6bfed7b91900d45e16,Meta-Llama-3-8B-Instruct,squad2,Sydney.,True,3,0.405639062229565,-0.002242243235031,C0043128,0.7468037605285645,0.7450281381607056,0.0017756223678588867,pred_answer,50
5a637c6268151a001a92230e,Meta-Llama-3-8B-Instruct,squad2,1854,False,3,0.405639062229565,-0.0235882668445507,C0681743,0.8307791948318481,0.7476798892021179,0.08309930562973022,pred_answer,50
5a637c6268151a001a922311,Meta-Llama-3-8B-Instruct,squad2,Members of the Victorian Parliament.,False,3,0.7499999999999978,-0.0406177072587183,C1004109,0.7742438912391663,0.7478466033935547,0.026397287845611572,pred_answer,50
5a6391c268151a001a922390,Meta-Llama-3-8B-Instruct,squad2,unanswerable,True,3,-8.00856625953729e-16,-0.0680825012179866,C2349015,0.8045825362205505,0.7912072539329529,0.013375282287597656,pred_answer,50
5ad25e99d7d075001a428f2e,Meta-Llama-3-8B-Instruct,squad2,New France was not mentioned in the context as being part of the now US.,False,3,0.9999999999999972,-0.3024419852863502,C4697902,0.745867133140564,0.7148366570472717,0.031030476093292236,pred_answer,50
57107a3ea58dae1900cd69e0,Meta-Llama-3-8B-Instruct,squad2,1697,True,3,-8.00856625953729e-16,-0.0135803868373235,C4320646,0.7925929427146912,0.72355717420578,0.06903576850891113,pred_answer,50
5ad24057d7d075001a428930,Meta-Llama-3-8B-Instruct,squad2,"Roughly 500,000.",False,3,-8.00856625953729e-16,-0.0986103107659725,C3816747,0.7998980283737183,0.7948848605155945,0.005013167858123779,pred_answer,50
57107e6ca58dae1900cd69f2,Meta-Llama-3-8B-Instruct,squad2,The Catholic Church in France.,True,3,0.405639062229565,-0.1137617986630955,C0007444,0.8670711517333984,0.8270704746246338,0.04000067710876465,pred_answer,50
5ad25963d7d075001a428e0c,Meta-Llama-3-8B-Instruct,squad2,Around 500.,False,3,-8.00856625953729e-16,-0.0780352890490519,C0470319,0.7892200946807861,0.7788543701171875,0.010365724563598633,pred_answer,50
5ad24600d7d075001a428acc,Meta-Llama-3-8B-Instruct,squad2,"Nearly 3,000.",False,3,-8.00856625953729e-16,-0.070120241885862,C4035536,0.7856260538101196,0.7829814553260803,0.0026445984840393066,pred_answer,50
57113c6da58dae1900cd6d36,Meta-Llama-3-8B-Instruct,squad2,1606,True,3,-8.00856625953729e-16,-0.0114734067853206,C4085379,0.7693330645561218,0.753115177154541,0.01621788740158081,pred_answer,50
5ad3cc47604f3c001a3ff143,Meta-Llama-3-8B-Instruct,squad2,unanswerable,True,3,-8.00856625953729e-16,-0.0404633218261096,C2349015,0.8045825362205505,0.7912072539329529,0.013375282287597656,pred_answer,50
5ad3ed37604f3c001a3ff7a3,Meta-Llama-3-8B-Instruct,squad2,90°,False,3,0.4999999999999985,-0.2916298470227048,C0441984,0.8172444105148315,0.7793449759483337,0.0378994345664978,pred_answer,50
5ad3f4ed604f3c001a3ff967,Meta-Llama-3-8B-Instruct,squad2,To remedy the defect of the usual counterflow cycle.,False,3,-8.00856625953729e-16,-0.1775403634697549,C4716479,0.6741321086883545,0.6737321615219116,0.0003999471664428711,pred_answer,50
5ad415fd604f3c001a400328,Meta-Llama-3-8B-Instruct,squad2,unanswerable,True,3,-8.00856625953729e-16,-0.1533987968377914,C2349015,0.8045825362205505,0.7912072539329529,0.013375282287597656,pred_answer,50
57115bf350c2381900b54a96,Meta-Llama-3-8B-Instruct,squad2,8.8 lb,False,3,0.405639062229565,-0.1429576128713279,C0470533,0.7633172273635864,0.7581493258476257,0.005167901515960693,pred_answer,50
57115f652419e314009555bb,Meta-Llama-3-8B-Instruct,squad2,1606,True,3,-8.00856625953729e-16,-0.0063359128156056,C4085379,0.7693330645561218,0.753115177154541,0.01621788740158081,pred_answer,50
571c7abfdd7acb1400e4c0bd,Meta-Llama-3-8B-Instruct,squad2,Leonardo da Vinci.,True,3,-8.00856625953729e-16,-0.0581913862332612,C0331123,0.8000255823135376,0.7696006894111633,0.030424892902374268,pred_answer,50
5ad23e1bd7d075001a4288b5,Meta-Llama-3-8B-Instruct,squad2,HO,False,3,-8.00856625953729e-16,-0.1113219894468784,C1555091,0.8747191429138184,0.8175452351570129,0.05717390775680542,pred_answer,50
571c8539dd7acb1400e4c0e4,Meta-Llama-3-8B-Instruct,squad2,His work was published first.,True,3,0.4999999999999985,-0.0446528172687651,C1517195,0.7386927604675293,0.6929835081100464,0.04570925235748291,pred_answer,50
5ad24ff3d7d075001a428ca4,Meta-Llama-3-8B-Instruct,squad2,Oxygen.,False,3,-8.00856625953729e-16,-0.0228925636075132,C0030054,0.9895803928375244,0.9895802736282349,1.1920928955078125e-07,pred_answer,50
5ad261bad7d075001a429052,Meta-Llama-3-8B-Instruct,squad2,wüstite,False,3,0.405639062229565,-0.1302391505159903,C2718075,0.9999995231628418,0.7395471334457397,0.26045238971710205,pred_answer,50
571cda1bdd7acb1400e4c196,Meta-Llama-3-8B-Instruct,squad2,Storage methods.,True,3,0.405639062229565,-0.241593979604147,C5669854,0.8828621506690979,0.8376197814941406,0.045242369174957275,pred_answer,50
5a38ab9fa4b263001a8c188d,Meta-Llama-3-8B-Instruct,squad2,unanswerable,True,3,-8.00856625953729e-16,-0.0635921320340457,C2349015,0.8045825362205505,0.7912072539329529,0.013375282287597656,pred_answer,50
5a38b819a4b263001a8c18c6,Meta-Llama-3-8B-Instruct,squad2,"It did not influence the US economy, as it was mentioned that oil companies were searching for new ways to increase oil supplies, implying that developing new fields was a",False,3,0.7499999999999978,-0.3569617995709606,C3179126,0.644064724445343,0.6344330310821533,0.009631693363189697,pred_answer,50
5a38c34ea4b263001a8c190e,Meta-Llama-3-8B-Instruct,squad2,A British intelligence estimate of U.S. intentions.,False,3,0.7499999999999978,-0.1025811283694276,C5188424,0.6862272024154663,0.661921501159668,0.02430570125579834,pred_answer,50
57265526708984140094c2c1,Meta-Llama-3-8B-Instruct,squad2,November 1979,True,3,-8.00856625953729e-16,-0.022882068016645,C3828767,0.7588269710540771,0.7585937976837158,0.00023317337036132812,pred_answer,50
5725c3a9ec44d21400f3d506,Meta-Llama-3-8B-Instruct,squad2,International law.,True,3,0.7499999999999978,-0.1552503431238392,C4042791,0.9900328516960144,0.821191668510437,0.1688411831855774,pred_answer,50
5725cc38ec44d21400f3d5be,Meta-Llama-3-8B-Instruct,squad2,no,False,3,0.4999999999999985,-0.2417231547151459,C1298908,0.9659033417701721,0.8897988796234131,0.07610446214675903,pred_answer,50
57264865dd62a815002e8063,Meta-Llama-3-8B-Instruct,squad2,France and the Netherlands.,False,3,-8.00856625953729e-16,-0.0250986149704885,C0027778,0.7798011302947998,0.7429261207580566,0.036875009536743164,pred_answer,50
5ad139b2645df0001a2d1294,Meta-Llama-3-8B-Instruct,squad2,unanswerable,True,3,-8.00856625953729e-16,-0.1103031416537305,C2349015,0.8045825362205505,0.7912072539329529,0.013375282287597656,pred_answer,50
5726a00cf1498d1400e8e551,Meta-Llama-3-8B-Instruct,squad2,"Fundamental rights, proportionality, legal certainty, equality before the law, and subsidiarity.",False,3,-8.00856625953729e-16,-0.0234438243508535,C4046017,0.7650406956672668,0.7523455023765564,0.01269519329071045,pred_answer,50
5728349dff5b5019007d9eff,Meta-Llama-3-8B-Instruct,squad2,The Amazon rainforest.,True,3,0.7499999999999978,-0.0498210767539906,C0325969,0.9059324860572815,0.9005463123321533,0.005386173725128174,pred_answer,50
5729e500af94a219006aa6b5,Meta-Llama-3-8B-Instruct,squad2,Cretaceous–Paleogene extinction event.,True,3,-8.00856625953729e-16,-0.0443325947233574,C0681706,0.7347540855407715,0.726856529712677,0.007897555828094482,pred_answer,50
5725c63438643c19005acca1,Meta-Llama-3-8B-Instruct,squad2,"1,600 miles (2,600 km)",False,3,0.7499999999999978,-0.136067920427752,C3842775,0.7855522632598877,0.7664982676506042,0.019053995609283447,pred_answer,50
5729ea263f37b319004785be,Meta-Llama-3-8B-Instruct,squad2,NASA,True,3,0.405639062229565,-0.0397889516607392,C0242776,0.9999995231628418,0.9999995231628418,0.0,pred_answer,50
5729fd56af94a219006aa731,Meta-Llama-3-8B-Instruct,squad2,Slash and burn method.,True,3,0.405639062229565,-0.0979472281474424,C1272712,0.6690212488174438,0.6642612814903259,0.00475996732711792,pred_answer,50
572a020f6aef051400155198,Meta-Llama-3-8B-Instruct,squad2,Loss of biodiversity and carbon.,False,3,0.4999999999999985,-0.2282824638428532,C5880232,0.8398192524909973,0.7254528403282166,0.11436641216278076,pred_answer,50
5a8349a2e60761001a2eb50a,Meta-Llama-3-8B-Instruct,squad2,Unanswerable,True,3,-8.00856625953729e-16,-0.2379328309389166,C2349015,0.8045825362205505,0.7912072539329529,0.013375282287597656,pred_answer,50
5a83894de60761001a2eb78c,Meta-Llama-3-8B-Instruct,squad2,unanswerable,True,3,0.405639062229565,-0.2593403524256246,C2349015,0.8045825362205505,0.7912072539329529,0.013375282287597656,pred_answer,50
5725d7e438643c19005acdfb,Meta-Llama-3-8B-Instruct,squad2,San Joaquin Light & Power Building,True,3,-8.00856625953729e-16,-0.1118211081127671,C1409459,0.6782190799713135,0.6733707189559937,0.004848361015319824,pred_answer,50
5a7b0ec521c2de001afe9d20,Meta-Llama-3-8B-Instruct,squad2,Chestnut Avenue.,False,3,-8.00856625953729e-16,-0.0775738999782286,C0222035,0.7830909490585327,0.775490939617157,0.007600009441375732,pred_answer,50
5a7b103b21c2de001afe9d35,Meta-Llama-3-8B-Instruct,squad2,unanswerable,True,3,-8.00856625953729e-16,-0.0928372281978227,C2349015,0.8045825362205505,0.7912072539329529,0.013375282287597656,pred_answer,50
5725ec8289a1e219009ac0b0,Meta-Llama-3-8B-Instruct,squad2,1914,True,3,-8.00856625953729e-16,-0.002026338173889,C0681750,0.79657381772995,0.7908254265785217,0.005748391151428223,pred_answer,50
5725f2c838643c19005acef0,Meta-Llama-3-8B-Instruct,squad2,22 miles (35 km),False,3,0.405639062229565,-0.1916648777478258,C3842775,0.7873390913009644,0.7634852528572083,0.023853838443756104,pred_answer,50
5a2ec431a83784001a7d2451,Meta-Llama-3-8B-Instruct,squad2,unanswerable,True,3,0.405639062229565,-0.0934892221757763,C2349015,0.8045825362205505,0.7912072539329529,0.013375282287597656,pred_answer,50
5a2eca47a83784001a7d2482,Meta-Llama-3-8B-Instruct,squad2,unanswerable,True,3,-8.00856625953729e-16,-0.1316741048167387,C2349015,0.8045825362205505,0.7912072539329529,0.013375282287597656,pred_answer,50
5726577f708984140094c304,Meta-Llama-3-8B-Instruct,squad2,"At most, two-thirds of Baghdad's population.",False,3,0.7499999999999978,-0.2249057144707132,C2987328,0.6932286620140076,0.6827957630157471,0.010432898998260498,pred_answer,50
5a58e9133e1742001a15cea6,Meta-Llama-3-8B-Instruct,squad2,The key bed is the bed that a fault penetrates some formations but not those on top of it.,False,3,0.7499999999999978,-0.2232148971029136,C2963305,0.6922714114189148,0.6628193259239197,0.029452085494995117,pred_answer,50
57266c015951b619008f723b,Meta-Llama-3-8B-Instruct,squad2,Rock units.,False,3,0.7499999999999978,-0.1628048678181244,C0005899,0.7065348029136658,0.6988816261291504,0.007653176784515381,pred_answer,50
5a57f487770dc0001aeeff00,Meta-Llama-3-8B-Instruct,squad2,unanswerable,True,3,-8.00856625953729e-16,-0.1349651055763843,C2349015,0.8045825362205505,0.7912072539329529,0.013375282287597656,pred_answer,50
5a57fb62770dc0001aeeff14,Meta-Llama-3-8B-Instruct,squad2,Thrust faults.,False,3,0.405639062229565,-0.0368829905091843,C0332712,0.6787704229354858,0.6768881678581238,0.0018822550773620605,pred_answer,50
5a590de93e1742001a15cf5a,Meta-Llama-3-8B-Instruct,squad2,Maria Fold and Thrust Belt,False,3,0.7499999999999978,-0.2055453482662404,C0461369,0.6985639333724976,0.6863882541656494,0.012175679206848145,pred_answer,50
57267b3c5951b619008f7423,Meta-Llama-3-8B-Instruct,squad2,Fluid inclusion data and high temperature and pressure physical experiments.,False,3,-8.00856625953729e-16,-0.0743227141809654,C1656056,0.7238304615020752,0.6821316480636597,0.04169881343841553,pred_answer,50
57267ebfdd62a815002e872c,Meta-Llama-3-8B-Instruct,squad2,Orogenic wedges.,True,3,-8.00856625953729e-16,-0.0061389274000995,C5126908,0.7499284148216248,0.7478423118591309,0.0020861029624938965,pred_answer,50
5726dcbddd62a815002e9323,Meta-Llama-3-8B-Instruct,squad2,Highly respected and superior to all others in health-related fields.,False,3,0.405639062229565,-0.1667050140441769,C0562401,0.7288081049919128,0.7277409434318542,0.0010671615600585938,pred_answer,50
5a6cba504eec6b001a80a64b,Meta-Llama-3-8B-Instruct,squad2,unanswerable,True,3,-8.00856625953729e-16,-0.0809393233930677,C2349015,0.8045825362205505,0.7912072539329529,0.013375282287597656,pred_answer,50
5a6cee244eec6b001a80a6eb,Meta-Llama-3-8B-Instruct,squad2,Unanswerable,True,3,0.405639062229565,-0.1451332084102432,C2349015,0.8045825362205505,0.7912072539329529,0.013375282287597656,pred_answer,50
5726f96ddd62a815002e9699,Meta-Llama-3-8B-Instruct,squad2,The Australian Government.,True,3,0.405639062229565,-0.0142072730275344,C0238711,0.8616712689399719,0.8616712689399719,0.0,pred_answer,50
572825a92ca10214002d9f02,Meta-Llama-3-8B-Instruct,squad2,The tree was successfully prevented from being cut down.,False,3,0.7499999999999978,-0.1844686098754095,C0337258,0.6659632921218872,0.6582909822463989,0.007672309875488281,pred_answer,50
57274a1edd62a815002e9a9c,Meta-Llama-3-8B-Instruct,squad2,7.8%,True,3,-8.00856625953729e-16,-0.016126631114821,C3500072,0.733601450920105,0.7214248180389404,0.01217663288116455,pred_answer,50
5a67986af038b7001ab0c314,Meta-Llama-3-8B-Instruct,squad2,Religious groups.,False,3,-8.00856625953729e-16,-0.1012719925232886,C0597369,0.9930631518363953,0.8913726210594177,0.10169053077697754,pred_answer,50
5727500f708984140094dc01,Meta-Llama-3-8B-Instruct,squad2,Natural science.,True,3,-8.00856625953729e-16,-0.2156638844935514,C0678530,0.984393835067749,0.8208256363868713,0.16356819868087769,pred_answer,50
5a8225de31013a001a335264,Meta-Llama-3-8B-Instruct,squad2,unanswerable,True,3,-8.00856625953729e-16,-0.0732200098682369,C2349015,0.8045825362205505,0.7912072539329529,0.013375282287597656,pred_answer,50
5a823e6f31013a001a335331,Meta-Llama-3-8B-Instruct,squad2,unanswerable,True,3,-8.00856625953729e-16,-0.054028620903864,C2349015,0.8045825362205505,0.7912072539329529,0.013375282287597656,pred_answer,50
5727e0474b864d1900163f0b,Meta-Llama-3-8B-Instruct,squad2,W. E. B. Du Bois.,True,3,-8.00856625953729e-16,-0.0234423092259135,C0593062,0.7032655477523804,0.6755178570747375,0.027747690677642822,pred_answer,50
572815d9ff5b5019007d9cbf,Meta-Llama-3-8B-Instruct,squad2,Extension of the Florida East Coast Railway.,False,3,0.4999999999999985,-0.0844798170565973,C2146054,0.7226200103759766,0.7107619643211365,0.011858046054840088,pred_answer,50
572820512ca10214002d9e74,Meta-Llama-3-8B-Instruct,squad2,Trout River,True,3,0.405639062229565,-0.1702742569682414,C5710997,0.9009577035903931,0.8641817569732666,0.036775946617126465,pred_answer,50
5a1c8f54b4fb5d00187146dc,Meta-Llama-3-8B-Instruct,squad2,23.9%,False,3,0.405639062229565,-0.0217002557581039,C0590944,0.7754334807395935,0.7268621921539307,0.04857128858566284,pred_answer,50
5729d44b1d04691400779615,Meta-Llama-3-8B-Instruct,squad2,The Institute for Policy Studies.,True,3,0.7499999999999978,-0.0673656671619927,C4763111,0.7670193910598755,0.7604199051856995,0.006599485874176025,pred_answer,50
5ad248e0d7d075001a428b86,Meta-Llama-3-8B-Instruct,squad2,unanswerable,True,3,0.405639062229565,-0.1831876679605102,C2349015,0.8045825362205505,0.7912072539329529,0.013375282287597656,pred_answer,50
572a1046af94a219006aa78f,Meta-Llama-3-8B-Instruct,squad2,Economists.,False,3,-8.00856625953729e-16,-0.0678529060506662,C0334970,0.9890656471252441,0.933059573173523,0.05600607395172119,pred_answer,50
572a1046af94a219006aa790,Meta-Llama-3-8B-Instruct,squad2,The increasing importance of human capital in development.,True,3,0.405639062229565,-0.0208417038892378,C0006913,0.7759248614311218,0.7561054229736328,0.019819438457489014,pred_answer,50
57284b904b864d19001648e2,Meta-Llama-3-8B-Instruct,squad2,"The first buildings of the University of Chicago campus, which make up the Main Quadrangles.",False,3,0.7499999999999978,-0.1491655456853299,C6068129,0.7041306495666504,0.6578530073165894,0.046277642250061035,pred_answer,50
57285841ff5b5019007da19c,Meta-Llama-3-8B-Instruct,squad2,The Oriental Institute.,True,3,-8.00856625953729e-16,-0.0885032954623966,C0025128,0.7655109167098999,0.7649028897285461,0.0006080269813537598,pred_answer,50
572870b2ff5b5019007da225,Meta-Llama-3-8B-Instruct,squad2,Eugene Fama.,True,3,-8.00856625953729e-16,-0.0612886800810323,C1676609,0.9270045757293701,0.8027465343475342,0.12425804138183594,pred_answer,50
572863c72ca10214002da2d7,Meta-Llama-3-8B-Instruct,squad2,1251,True,3,-8.00856625953729e-16,-0.0510911544164021,C3814621,0.7319844365119934,0.7161232829093933,0.015861153602600098,pred_answer,50
5ad401de604f3c001a3ffd31,Meta-Llama-3-8B-Instruct,squad2,unanswerable,True,3,0.405639062229565,-0.1455307171386266,C2349015,0.8045825362205505,0.7912072539329529,0.013375282287597656,pred_answer,50
572879574b864d1900164a14,Meta-Llama-3-8B-Instruct,squad2,Western.,True,3,0.4999999999999985,-0.2814957165389842,C1705493,0.9522342681884766,0.8740289807319641,0.07820528745651245,pred_answer,50
5728809f2ca10214002da40e,Meta-Llama-3-8B-Instruct,squad2,Shoushi Li (授時暦),False,3,0.405639062229565,-0.0421434178648909,C1079545,0.7676814198493958,0.7646711468696594,0.003010272979736328,pred_answer,50
5728f2e26aef051400154899,Meta-Llama-3-8B-Instruct,squad2,Acquired conditions such as HIV/AIDS.,False,3,0.9999999999999972,-0.0697098073739349,C0001175,0.8277645707130432,0.8220311403274536,0.0057334303855896,pred_answer,50
572900f73f37b31900477f6c,Meta-Llama-3-8B-Instruct,squad2,Prostaglandins.,True,3,0.405639062229565,-0.0220671333183872,C0033554,0.9854989051818848,0.9854989051818848,0.0,pred_answer,50
5729081d3f37b31900477fae,Meta-Llama-3-8B-Instruct,squad2,Chemotaxis.,True,3,-8.00856625953729e-16,-0.0956836372613494,C0008018,0.9897988438606262,0.9343982934951782,0.055400550365448,pred_answer,50
5ad4db615b96ef001a10a436,Meta-Llama-3-8B-Instruct,squad2,unanswerable,True,3,-8.00856625953729e-16,-0.0459878291496806,C2349015,0.8045825362205505,0.7912072539329529,0.013375282287597656,pred_answer,50
572a07fc6aef0514001551df,Meta-Llama-3-8B-Instruct,squad2,Evolution of the adaptive immune system.,False,3,0.405639062229565,-0.0520699322353266,C1749719,0.8187230825424194,0.8150445222854614,0.003678560256958008,pred_answer,50
57293c246aef051400154bba,Meta-Llama-3-8B-Instruct,squad2,Government officials and climate change experts.,True,3,0.4999999999999985,-0.1043411640220028,C0335161,0.7609695196151733,0.7399693727493286,0.021000146865844727,pred_answer,50
5a3e488b378766001a00253c,Meta-Llama-3-8B-Instruct,squad2,Unanswerable,True,3,-8.00856625953729e-16,-0.2140119334744668,C2349015,0.8045825362205505,0.7912072539329529,0.013375282287597656,pred_answer,50
57293f353f37b3190047819f,Meta-Llama-3-8B-Instruct,squad2,scientific evidence,True,3,0.405639062229565,-0.4387410605947082,C3887511,0.9189454317092896,0.8822751641273499,0.0366702675819397,pred_answer,50
5a3e495c378766001a002547,Meta-Llama-3-8B-Instruct,squad2,unanswerable,True,3,-8.00856625953729e-16,-0.1432171791427663,C2349015,0.8045825362205505,0.7912072539329529,0.013375282287597656,pred_answer,50
572945b11d04691400779230,Meta-Llama-3-8B-Instruct,squad2,"The actual temperature rise was near the top end of the range given by IPCC's 2001 projection, and the actual sea level rise was above the top of",False,3,0.7499999999999978,-0.0550939351240513,C5197751,0.6655375957489014,0.6514284610748291,0.014109134674072266,pred_answer,50
5729727baf94a219006aa437,Meta-Llama-3-8B-Instruct,squad2,Goldbach's conjecture.,True,3,-8.00856625953729e-16,-0.0118067385873723,C1916452,0.8322672843933105,0.7698798179626465,0.06238746643066406,pred_answer,50
5729727baf94a219006aa43b,Meta-Llama-3-8B-Instruct,squad2,Prime ideals.,True,3,0.7499999999999978,-0.1657204590732135,C0871778,0.8130184412002563,0.8074973225593567,0.005521118640899658,pred_answer,50
572973f76aef051400154f0b,Meta-Llama-3-8B-Instruct,squad2,"1, 2, and n.",True,3,0.405639062229565,-0.0907293106526291,C0369718,0.7427750825881958,0.7160274982452393,0.026747584342956543,pred_answer,50
57297a276aef051400154f89,Meta-Llama-3-8B-Instruct,squad2,Euler.,True,3,-8.00856625953729e-16,-0.0401353883844421,C2732771,0.7724837064743042,0.7511531710624695,0.021330535411834717,pred_answer,50
5a8929e43b2508001a72a4da,Meta-Llama-3-8B-Instruct,squad2,unanswerable,True,3,0.405639062229565,-0.0501369708053971,C2349015,0.8045825362205505,0.7912072539329529,0.013375282287597656,pred_answer,50
57297ed93f37b3190047845f,Meta-Llama-3-8B-Instruct,squad2,The Fermat primality test.,True,3,-8.00856625953729e-16,-0.0355678726499242,C0002344,0.7204854488372803,0.6833740472793579,0.03711140155792236,pred_answer,50
5a893a003b2508001a72a542,Meta-Llama-3-8B-Instruct,squad2,Unanswerable,True,3,0.7499999999999978,-0.201136760189911,C2349015,0.8045825362205505,0.7912072539329529,0.013375282287597656,pred_answer,50
5a8940ba3b2508001a72a55d,Meta-Llama-3-8B-Instruct,squad2,p − 1 or a divisor of p − 1.,False,3,-8.00856625953729e-16,-0.0152213770208646,C5382010,0.7021121978759766,0.6852270364761353,0.01688516139984131,pred_answer,50
5729a26d6aef05140015505d,Meta-Llama-3-8B-Instruct,squad2,The local-global principle.,True,3,0.405639062229565,-0.0916479528027593,C0205276,0.7476854920387268,0.7476854920387268,0.0,pred_answer,50
5ad27f33d7d075001a429755,Meta-Llama-3-8B-Instruct,squad2,The Ruhr.,False,3,0.405639062229565,-0.1444180149515873,C0330928,0.8540194034576416,0.841632604598999,0.012386798858642578,pred_answer,50
5ad28861d7d075001a429940,Meta-Llama-3-8B-Instruct,squad2,Unanswerable,True,3,-8.00856625953729e-16,-0.1267442069038225,C2349015,0.8045825362205505,0.7912072539329529,0.013375282287597656,pred_answer,50
572ffd75b2c2fd14005686e9,Meta-Llama-3-8B-Instruct,squad2,The English Channel.,True,3,0.7499999999999978,-0.0562901852595132,C3540738,0.6928846836090088,0.6928846836090088,0.0,pred_answer,50
5ad29d35d7d075001a429c12,Meta-Llama-3-8B-Instruct,squad2,Unanswerable,True,3,0.405639062229565,-0.2714794797975628,C2349015,0.8045825362205505,0.7912072539329529,0.013375282287597656,pred_answer,50
57300761947a6a140053cf9b,Meta-Llama-3-8B-Instruct,squad2,Germania.,True,3,0.405639062229565,-0.0518438778251209,C0522471,0.8635356426239014,0.8170242309570312,0.04651141166687012,pred_answer,50
57300a9a04bcaa1900d77067,Meta-Llama-3-8B-Instruct,squad2,1936,True,3,-8.00856625953729e-16,-0.0334000450869401,C0456587,0.7322604656219482,0.7311548590660095,0.0011056065559387207,pred_answer,50
572fc80b04bcaa1900d76d14,Meta-Llama-3-8B-Instruct,squad2,Session,True,3,0.7499999999999978,-0.3242206200957298,C1883017,0.9999995231628418,0.9999995231628418,0.0,pred_answer,50
57300f8504bcaa1900d770d1,Meta-Llama-3-8B-Instruct,squad2,Radicalized the Islamist movement.,False,3,-8.00856625953729e-16,-0.1049983109386829,C1266866,0.7909643650054932,0.7885369062423706,0.0024274587631225586,pred_answer,50
573010fab2c2fd14005687d9,Meta-Llama-3-8B-Instruct,squad2,domestic Islamists,True,3,-8.00856625953729e-16,-0.1728241966090195,C0022126,0.8380370736122131,0.837005078792572,0.0010319948196411133,pred_answer,50
5ad0354e77cf76001a686e1f,Meta-Llama-3-8B-Instruct,squad2,Unanswerable,True,3,-8.00856625953729e-16,-0.1594137846232115,C2349015,0.8045825362205505,0.7912072539329529,0.013375282287597656,pred_answer,50
5730b8ca8ab72b1400f9c707,Meta-Llama-3-8B-Instruct,squad2,To build a premise that would allow for U.S authorship of a 'new world' characterized by geographical order.,False,3,-8.00856625953729e-16,-0.0460083194799295,C6005283,0.6683197021484375,0.6340177655220032,0.034301936626434326,pred_answer,50
5ad4d2855b96ef001a10a1dd,Meta-Llama-3-8B-Instruct,squad2,Warsaw Escarpment.,False,3,-8.00856625953729e-16,-0.0426198455819449,C3683537,0.7995520234107971,0.7660323977470398,0.033519625663757324,pred_answer,50
57337f6ad058e614000b5bce,Meta-Llama-3-8B-Instruct,squad2,That Varsovians thought of themselves as better only because they lived in the capital.,False,3,0.405639062229565,-0.0910217646648574,C5772414,0.6868115067481995,0.6760052442550659,0.010806262493133545,pred_answer,50
573383d0d058e614000b5c37,Meta-Llama-3-8B-Instruct,squad2,Daewoo.,True,3,-8.00856625953729e-16,-0.0948302445223646,C1070525,0.7637491226196289,0.7487941980361938,0.014954924583435059,pred_answer,50
5ad500e95b96ef001a10a914,Meta-Llama-3-8B-Instruct,squad2,Midsummer's Night.,False,3,-8.00856625953729e-16,-0.0178732325144513,C4409291,0.7599616646766663,0.7559828162193298,0.003978848457336426,pred_answer,50
5ad502385b96ef001a10a956,Meta-Llama-3-8B-Instruct,squad2,Museum of Hunting and Riding.,False,3,-8.00856625953729e-16,-0.144490311561185,C0026863,0.7850150465965271,0.6870712041854858,0.09794384241104126,pred_answer,50
5ad3a79a604f3c001a3fead6,Meta-Llama-3-8B-Instruct,squad2,unanswerable,True,3,-8.00856625953729e-16,-0.0531373531280223,C2349015,0.8045825362205505,0.7912072539329529,0.013375282287597656,pred_answer,50
5ad3a7ef604f3c001a3feadd,Meta-Llama-3-8B-Instruct,squad2,To inform British merchants and fur-traders of French claims on the Ohio Country and to tell them to leave.,False,3,-8.00856625953729e-16,-0.1272991021046881,C3260128,0.7133451700210571,0.6809120774269104,0.03243309259414673,pred_answer,50
5ad3af4e604f3c001a3fec76,Meta-Llama-3-8B-Instruct,squad2,"He said, ""As to the Summons you send me to retire, I do not think myself obliged to obey it.",False,3,0.7499999999999978,-0.0833030555015285,C3260153,0.6447389125823975,0.6369288563728333,0.007810056209564209,pred_answer,50
57340111d058e614000b677f,Meta-Llama-3-8B-Instruct,squad2,"The defense of the St. Lawrence, with primary defenses at Carillon, Quebec, and Louisbourg.",False,3,0.4999999999999985,-0.0595100968908297,C0034390,0.65477055311203,0.6454740762710571,0.0092964768409729,pred_answer,50
573403394776f419006616de,Meta-Llama-3-8B-Instruct,squad2,"18,000",True,3,0.7499999999999978,-0.011423912247352,C4035540,0.7644487619400024,0.7571542859077454,0.00729447603225708,pred_answer,50
5ad26382d7d075001a42911a,Meta-Llama-3-8B-Instruct,squad2,Force,False,3,0.405639062229565,-0.4332534447312355,C0441722,0.9999995231628418,0.9999995231628418,0.0,pred_answer,50
56de0ffd4396321400ee258e,FLAN-T5-base,squad2,1060s,True,3,-8.00856625953729e-16,-0.077320486321696,C0681729,0.7910493612289429,0.7605806589126587,0.03046870231628418,pred_answer,50
5ad568d35b96ef001a10ae1d,FLAN-T5-base,squad2,unanswerable,True,3,-8.00856625953729e-16,-0.0915642319851826,C2349015,0.8045825362205505,0.7912072539329529,0.013375282287597656,pred_answer,50
56e1e9dfe3433e14004231fc,FLAN-T5-base,squad2,graph isomorphism,True,3,0.7499999999999978,-0.1624345651035932,C0205273,0.7239236235618591,0.7179413437843323,0.0059822797775268555,pred_answer,50
56e1f10ee3433e1400423222,FLAN-T5-base,squad2,L,True,3,-8.00856625953729e-16,-0.1392571441829204,C1706411,0.9438167810440063,0.9019496440887451,0.04186713695526123,pred_answer,50
5705e4fe75f01819005e7704,FLAN-T5-base,squad2,Colorado Desert,False,3,0.405639062229565,-0.1001203997681538,C1555156,0.8368372917175293,0.8364261984825134,0.00041109323501586914,pred_answer,50
5ad042cf77cf76001a686f28,FLAN-T5-base,squad2,"San Luis Obispo, and Bakersfield",False,3,0.4999999999999985,-0.0720224991734236,C0795822,0.7232730388641357,0.7142980694770813,0.008974969387054443,pred_answer,50
5706143575f01819005e7953,FLAN-T5-base,squad2,Los Angeles Kings,True,3,-8.00856625953729e-16,-0.0173520010794163,C0024015,0.7751957178115845,0.7355570197105408,0.0396386981010437,pred_answer,50
5a2c0c2fbfd06b001a5ae99c,FLAN-T5-base,squad2,two,False,3,-8.00856625953729e-16,-0.0650524264201521,C0205448,0.9999997019767761,0.9039211273193359,0.09607857465744019,pred_answer,50
570953a7efce8f15003a7e01,FLAN-T5-base,squad2,Video On Demand content,True,3,-8.00856625953729e-16,-0.072177050254686,C6016304,0.7722449898719788,0.7630772590637207,0.009167730808258057,pred_answer,50
57096c95200fba1400367fbf,FLAN-T5-base,squad2,unanswerable,False,3,-8.00856625953729e-16,-0.003489883365728,C2349015,0.8045825362205505,0.7912072539329529,0.013375282287597656,pred_answer,50
57096f37200fba1400367fe6,FLAN-T5-base,squad2,"£15–100,000.",True,3,-8.00856625953729e-16,-0.0292612311059201,C4035120,0.7477647662162781,0.739466667175293,0.008298099040985107,pred_answer,50
57097b50200fba140036804d,FLAN-T5-base,squad2,10 million,True,3,0.405639062229565,-0.1783226300807049,C1881839,0.8759393692016602,0.8662777543067932,0.009661614894866943,pred_answer,50
570d2d68fed7b91900d45cbc,FLAN-T5-base,squad2,More than 50%,False,3,0.4999999999999985,-0.2657195404317463,C3842257,0.9113377928733826,0.9060189723968506,0.005318820476531982,pred_answer,50
570d2f5bfed7b91900d45cd2,FLAN-T5-base,squad2,"entrenched"" provisions",True,3,0.405639062229565,-0.2376539612212442,C4520547,0.7167753577232361,0.6917600035667419,0.02501535415649414,pred_answer,50
570d32e4fed7b91900d45d02,FLAN-T5-base,squad2,Victoria Department of Education,True,3,-8.00856625953729e-16,-0.0240774983700248,C0042645,0.721534013748169,0.7062115669250488,0.015322446823120117,pred_answer,50
570d4329fed7b91900d45dd7,FLAN-T5-base,squad2,1 July 1851,True,3,-8.00856625953729e-16,-0.0072048324756906,C3829466,0.7010952234268188,0.6722118258476257,0.028883397579193115,pred_answer,50
570d44abb3d812140066d601,FLAN-T5-base,squad2,Over 61 per cent,False,3,0.405639062229565,-0.1250140804574281,C3844689,0.7436628937721252,0.7327816486358643,0.010881245136260986,pred_answer,50
570d47b8b3d812140066d631,FLAN-T5-base,squad2,five,True,3,-8.00856625953729e-16,-0.0388857652433216,C0205451,0.9999997615814209,0.9999997615814209,0.0,pred_answer,50
570d4a6bfed7b91900d45e16,FLAN-T5-base,squad2,Sydney,True,3,0.4999999999999985,-0.0295849433168768,C0037715,0.7670339345932007,0.7599396705627441,0.007094264030456543,pred_answer,50
5a637c6268151a001a92230e,FLAN-T5-base,squad2,1854,False,3,0.405639062229565,-0.037340709202302,C0681743,0.8307791948318481,0.7476798892021179,0.08309930562973022,pred_answer,50
5a637c6268151a001a922311,FLAN-T5-base,squad2,unanswerable,True,3,-8.00856625953729e-16,-0.0002388086750215,C2349015,0.8045825362205505,0.7912072539329529,0.013375282287597656,pred_answer,50
5a6391c268151a001a922390,FLAN-T5-base,squad2,unanswerable,True,3,-8.00856625953729e-16,-0.0193499479065849,C2349015,0.8045825362205505,0.7912072539329529,0.013375282287597656,pred_answer,50
5ad25e99d7d075001a428f2e,FLAN-T5-base,squad2,North America,False,3,0.4999999999999985,-0.2320788859700163,C0028405,0.9999996423721313,0.9233053922653198,0.07669425010681152,pred_answer,50
57107a3ea58dae1900cd69e0,FLAN-T5-base,squad2,1697,True,3,-8.00856625953729e-16,-0.0181891760633637,C4320646,0.7925929427146912,0.72355717420578,0.06903576850891113,pred_answer,50
5ad24057d7d075001a428930,FLAN-T5-base,squad2,unanswerable,True,3,0.4999999999999985,-0.2005150793155678,C2349015,0.8045825362205505,0.7912072539329529,0.013375282287597656,pred_answer,50
57107e6ca58dae1900cd69f2,FLAN-T5-base,squad2,The Catholic Church in France,True,3,-8.00856625953729e-16,-0.1947399659766233,C0007444,0.8419807553291321,0.81728595495224,0.02469480037689209,pred_answer,50
5ad25963d7d075001a428e0c,FLAN-T5-base,squad2,unanswerable,True,3,-8.00856625953729e-16,-0.0273438479526646,C2349015,0.8045825362205505,0.7912072539329529,0.013375282287597656,pred_answer,50
5ad24600d7d075001a428acc,FLAN-T5-base,squad2,"Nearly 3,000 Protestants",False,3,0.405639062229565,-0.1508039609379921,C0681272,0.7927284240722656,0.7848780155181885,0.007850408554077148,pred_answer,50
57113c6da58dae1900cd6d36,FLAN-T5-base,squad2,1606,True,3,-8.00856625953729e-16,-0.0027373764508714,C4085379,0.7693330645561218,0.753115177154541,0.01621788740158081,pred_answer,50
5ad3cc47604f3c001a3ff143,FLAN-T5-base,squad2,unanswerable,True,3,-8.00856625953729e-16,-0.0030076705902956,C2349015,0.8045825362205505,0.7912072539329529,0.013375282287597656,pred_answer,50
5ad3ed37604f3c001a3ff7a3,FLAN-T5-base,squad2,90°,False,3,0.4999999999999985,-0.1243502472837766,C0441984,0.8172444105148315,0.7793449759483337,0.0378994345664978,pred_answer,50
5ad3f4ed604f3c001a3ff967,FLAN-T5-base,squad2,making the steam flow only in one direction,False,3,-8.00856625953729e-16,-0.0971616449686633,C0553654,0.7202828526496887,0.718105673789978,0.0021771788597106934,pred_answer,50
5ad415fd604f3c001a400328,FLAN-T5-base,squad2,open loop,False,3,0.405639062229565,-0.5178093213902079,C0559530,0.9999995231628418,0.8717563152313232,0.12824320793151855,pred_answer,50
57115bf350c2381900b54a96,FLAN-T5-base,squad2,8.8 lb,False,3,0.405639062229565,-0.2073731668809029,C0470533,0.7633172273635864,0.7581493258476257,0.005167901515960693,pred_answer,50
57115f652419e314009555bb,FLAN-T5-base,squad2,1606,True,3,-8.00856625953729e-16,-0.0075315222541879,C4085379,0.7693330645561218,0.753115177154541,0.01621788740158081,pred_answer,50
571c7abfdd7acb1400e4c0bd,FLAN-T5-base,squad2,Leonardo da Vinci,True,3,-8.00856625953729e-16,-0.0029364862442236,C0331123,0.8366632461547852,0.8328931927680969,0.0037700533866882324,pred_answer,50
5ad23e1bd7d075001a4288b5,FLAN-T5-base,squad2,"giving the atomic mass of oxygen as 8 times that of hydrogen, instead of the modern value of about 16.",False,3,0.405639062229565,-0.0735518336549949,C0030054,0.7265432476997375,0.7069747447967529,0.01956850290298462,pred_answer,50
571c8539dd7acb1400e4c0e4,FLAN-T5-base,squad2,his work was published first,True,3,0.4999999999999985,-0.1243329765857197,C1517195,0.7419009208679199,0.6998469829559326,0.042053937911987305,pred_answer,50
5ad24ff3d7d075001a428ca4,FLAN-T5-base,squad2,Oxygen,False,3,-8.00856625953729e-16,-0.018463681925823,C2092075,0.999999463558197,0.999999463558197,0.0,pred_answer,50
5ad261bad7d075001a429052,FLAN-T5-base,squad2,unanswerable,True,3,-8.00856625953729e-16,-0.0047553735779388,C2349015,0.8045825362205505,0.7912072539329529,0.013375282287597656,pred_answer,50
571cda1bdd7acb1400e4c196,FLAN-T5-base,squad2,Oxygen storage methods,False,3,0.405639062229565,-0.1335686317864504,C5976264,0.7776670455932617,0.7776670455932617,0.0,pred_answer,50
5a38ab9fa4b263001a8c188d,FLAN-T5-base,squad2,unanswerable,True,3,-8.00856625953729e-16,-0.0136431131944618,C2349015,0.8045825362205505,0.7912072539329529,0.013375282287597656,pred_answer,50
5a38b819a4b263001a8c18c6,FLAN-T5-base,squad2,usually required five to ten years before significant production,False,3,0.405639062229565,-0.102347588385576,C5959145,0.7874070405960083,0.7539198994636536,0.033487141132354736,pred_answer,50
5a38c34ea4b263001a8c190e,FLAN-T5-base,squad2,a British intelligence estimate of U.S. intentions,False,3,-8.00856625953729e-16,-0.0872072171486214,C5188424,0.6640321016311646,0.6569349765777588,0.007097125053405762,pred_answer,50
57265526708984140094c2c1,FLAN-T5-base,squad2,November 1979,True,3,-8.00856625953729e-16,-0.0105447566844911,C3828767,0.7588269710540771,0.7585937976837158,0.00023317337036132812,pred_answer,50
5725c3a9ec44d21400f3d506,FLAN-T5-base,squad2,international law,True,3,0.7499999999999978,-0.2728077669768633,C4042791,0.9999992251396179,0.8091105818748474,0.1908886432647705,pred_answer,50
5725cc38ec44d21400f3d5be,FLAN-T5-base,squad2,Norway did not end up joining,False,3,0.405639062229565,-0.0782538012655485,C5452905,0.7075169682502747,0.6737026572227478,0.033814311027526855,pred_answer,50
57264865dd62a815002e8063,FLAN-T5-base,squad2,France and the Netherlands,False,3,0.405639062229565,-0.0735372925177216,C0027778,0.8082984685897827,0.7683899998664856,0.03990846872329712,pred_answer,50
5ad139b2645df0001a2d1294,FLAN-T5-base,squad2,28,False,3,0.405639062229565,-0.3744818586856127,C2324624,0.8160480856895447,0.8126715421676636,0.0033765435218811035,pred_answer,50
5726a00cf1498d1400e8e551,FLAN-T5-base,squad2,"fundamental rights (see human rights), proportionality, legal certainty, equality before the law and subsidiarity",True,3,-8.00856625953729e-16,-0.0156675760949887,C4046017,0.8104816675186157,0.7775183916091919,0.03296327590942383,pred_answer,50
5728349dff5b5019007d9eff,FLAN-T5-base,squad2,The Amazon rainforest,True,3,0.405639062229565,-0.1972638497827574,C0325969,0.9034081697463989,0.899166464805603,0.0042417049407958984,pred_answer,50
5729e500af94a219006aa6b5,FLAN-T5-base,squad2,Cretaceous–Paleogene,False,3,0.4999999999999985,-0.0797798574221395,C5582104,0.7281665205955505,0.7242306470870972,0.003935873508453369,pred_answer,50
5725c63438643c19005acca1,FLAN-T5-base,squad2,"1,600 miles",True,3,-8.00856625953729e-16,-0.1370920541467057,C3842776,0.7876704931259155,0.7713139057159424,0.016356587409973145,pred_answer,50
5729ea263f37b319004785be,FLAN-T5-base,squad2,NASA,True,3,-8.00856625953729e-16,-0.0457689687609672,C0242776,0.9999995231628418,0.9999995231628418,0.0,pred_answer,50
5729fd56af94a219006aa731,FLAN-T5-base,squad2,slash and burn,True,3,0.405639062229565,-0.1066425182167828,C0476644,0.7272088527679443,0.7247380018234253,0.002470850944519043,pred_answer,50
572a020f6aef051400155198,FLAN-T5-base,squad2,biodiversity,True,3,0.405639062229565,-0.0066159256384707,C0282469,0.9999994039535522,0.7520866394042969,0.24791276454925537,pred_answer,50
5a8349a2e60761001a2eb50a,FLAN-T5-base,squad2,combs,False,3,0.4999999999999985,-0.3369773379527032,C0376161,0.9999990463256836,0.9646092057228088,0.035389840602874756,pred_answer,50
5a83894de60761001a2eb78c,FLAN-T5-base,squad2,"zip"" the mouth shut",False,3,0.405639062229565,-0.1339666746519339,C4325577,0.7344353199005127,0.7272847890853882,0.007150530815124512,pred_answer,50
5725d7e438643c19005acdfb,FLAN-T5-base,squad2,San Joaquin Light & Power Building,True,3,0.405639062229565,-0.0293980140145735,C1409459,0.6782190799713135,0.6733707189559937,0.004848361015319824,pred_answer,50
5a7b0ec521c2de001afe9d20,FLAN-T5-base,squad2,Chestnut Avenue,False,3,-8.00856625953729e-16,-0.0174594734446031,C0222035,0.7120651006698608,0.6979557871818542,0.014109313488006592,pred_answer,50
5a7b103b21c2de001afe9d35,FLAN-T5-base,squad2,unanswerable,True,3,-8.00856625953729e-16,-0.0662047976833832,C2349015,0.8045825362205505,0.7912072539329529,0.013375282287597656,pred_answer,50
5725ec8289a1e219009ac0b0,FLAN-T5-base,squad2,1914,True,3,-8.00856625953729e-16,-0.0010264878219459,C0681750,0.79657381772995,0.7908254265785217,0.005748391151428223,pred_answer,50
5725f2c838643c19005acef0,FLAN-T5-base,squad2,22 miles,True,3,-8.00856625953729e-16,-0.1507565565407276,C0331865,0.8056154251098633,0.8055210709571838,9.435415267944336e-05,pred_answer,50
5a2ec431a83784001a7d2451,FLAN-T5-base,squad2,unanswerable,True,3,0.405639062229565,-0.1364348529685571,C2349015,0.8045825362205505,0.7912072539329529,0.013375282287597656,pred_answer,50
5a2eca47a83784001a7d2482,FLAN-T5-base,squad2,unanswerable,True,3,-8.00856625953729e-16,-0.0066104171562642,C2349015,0.8045825362205505,0.7912072539329529,0.013375282287597656,pred_answer,50
5726577f708984140094c304,FLAN-T5-base,squad2,two-thirds,False,3,0.4999999999999985,-0.1319359715329483,C0205437,0.7277039885520935,0.7062714099884033,0.021432578563690186,pred_answer,50
5a58e9133e1742001a15cea6,FLAN-T5-base,squad2,unanswerable,True,3,0.7499999999999978,-0.4168782231773434,C2349015,0.8045825362205505,0.7912072539329529,0.013375282287597656,pred_answer,50
57266c015951b619008f723b,FLAN-T5-base,squad2,fossil sequences in which there was datable material,False,3,0.405639062229565,-0.1036189784049797,C0016614,0.6870389580726624,0.6463974118232727,0.04064154624938965,pred_answer,50
5a57f487770dc0001aeeff00,FLAN-T5-base,squad2,unanswerable,True,3,-8.00856625953729e-16,-0.0167478694496594,C2349015,0.8045825362205505,0.7912072539329529,0.013375282287597656,pred_answer,50
5a57fb62770dc0001aeeff14,FLAN-T5-base,squad2,thrust,False,3,0.405639062229565,-0.4106940776109695,C1562781,0.9201852083206177,0.8414736986160278,0.07871150970458984,pred_answer,50
5a590de93e1742001a15cf5a,FLAN-T5-base,squad2,Maria Fold and Thrust Belt,False,3,0.7499999999999978,-0.1147975436812852,C0461369,0.6985639333724976,0.6863882541656494,0.012175679206848145,pred_answer,50
57267b3c5951b619008f7423,FLAN-T5-base,squad2,high temperature and pressure physical experiments,False,3,-8.00856625953729e-16,-0.1075693513225165,C0418997,0.7299976348876953,0.6980597972869873,0.03193783760070801,pred_answer,50
57267ebfdd62a815002e872c,FLAN-T5-base,squad2,orogenic wedges,True,3,-8.00856625953729e-16,-0.0113411979109514,C5126908,0.7455739974975586,0.7451630234718323,0.00041097402572631836,pred_answer,50
5726dcbddd62a815002e9323,FLAN-T5-base,squad2,Ranked positions,True,3,-8.00856625953729e-16,-0.0517580648883893,C0699794,0.9097266793251038,0.8453706502914429,0.06435602903366089,pred_answer,50
5a6cba504eec6b001a80a64b,FLAN-T5-base,squad2,unanswerable,True,3,-8.00856625953729e-16,-0.0273037789615727,C2349015,0.8045825362205505,0.7912072539329529,0.013375282287597656,pred_answer,50
5a6cee244eec6b001a80a6eb,FLAN-T5-base,squad2,unanswerable,True,3,0.405639062229565,-0.259673643021108,C2349015,0.8045825362205505,0.7912072539329529,0.013375282287597656,pred_answer,50
5726f96ddd62a815002e9699,FLAN-T5-base,squad2,Australian Government,True,3,0.7499999999999978,-0.1570366230250025,C0238711,0.8580635190010071,0.8580635190010071,0.0,pred_answer,50
572825a92ca10214002d9f02,FLAN-T5-base,squad2,successfully preventing it from being cut down,True,3,0.405639062229565,-0.0871072207612289,C1880681,0.709659218788147,0.7063965797424316,0.003262639045715332,pred_answer,50
57274a1edd62a815002e9a9c,FLAN-T5-base,squad2,7.8%,True,3,-8.00856625953729e-16,-0.0269714607857167,C3500072,0.733601450920105,0.7214248180389404,0.01217663288116455,pred_answer,50
5a67986af038b7001ab0c314,FLAN-T5-base,squad2,religious groups,False,3,-8.00856625953729e-16,-0.0562940230593085,C0597369,0.9999992847442627,0.8923418521881104,0.10765743255615234,pred_answer,50
5727500f708984140094dc01,FLAN-T5-base,squad2,natural science,True,3,-8.00856625953729e-16,-0.0065777807346118,C0678530,0.999999463558197,0.8401610851287842,0.15983837842941284,pred_answer,50
5a8225de31013a001a335264,FLAN-T5-base,squad2,unanswerable,True,3,-8.00856625953729e-16,-0.0174164128982681,C2349015,0.8045825362205505,0.7912072539329529,0.013375282287597656,pred_answer,50
5a823e6f31013a001a335331,FLAN-T5-base,squad2,unanswerable,True,3,0.405639062229565,-0.108646678817638,C2349015,0.8045825362205505,0.7912072539329529,0.013375282287597656,pred_answer,50
5727e0474b864d1900163f0b,FLAN-T5-base,squad2,W. E. B. Du Bois,True,3,-8.00856625953729e-16,-0.0394143120101944,C1555121,0.743223249912262,0.7232181429862976,0.020005106925964355,pred_answer,50
572815d9ff5b5019007d9cbf,FLAN-T5-base,squad2,extension of the Florida East Coast Railway,False,3,0.4999999999999985,-0.0556744956374757,C2146054,0.6970886588096619,0.6942587494850159,0.002829909324645996,pred_answer,50
572820512ca10214002d9e74,FLAN-T5-base,squad2,The Trout River,True,3,-8.00856625953729e-16,-0.0374145158100816,C5710997,0.831112802028656,0.8044216632843018,0.026691138744354248,pred_answer,50
5a1c8f54b4fb5d00187146dc,FLAN-T5-base,squad2,43.8%,False,3,-8.00856625953729e-16,-0.0190325891162501,C0450368,0.7365275025367737,0.7200813293457031,0.016446173191070557,pred_answer,50
5729d44b1d04691400779615,FLAN-T5-base,squad2,Institute for Policy Studies,True,3,0.405639062229565,-0.0336497385902475,C4763111,0.7746773362159729,0.7602508664131165,0.014426469802856445,pred_answer,50
5ad248e0d7d075001a428b86,FLAN-T5-base,squad2,unanswerable,True,3,-8.00856625953729e-16,-9.096442252030102e-05,C2349015,0.8045825362205505,0.7912072539329529,0.013375282287597656,pred_answer,50
572a1046af94a219006aa78f,FLAN-T5-base,squad2,economist,True,3,0.405639062229565,-0.1982216574251651,C0334970,0.9999996423721313,0.9743965268135071,0.025603115558624268,pred_answer,50
572a1046af94a219006aa790,FLAN-T5-base,squad2,increasing importance of human capital in development,True,3,0.405639062229565,-0.0976806075195781,C0006913,0.7611504197120667,0.7552670836448669,0.005883336067199707,pred_answer,50
57284b904b864d19001648e2,FLAN-T5-base,squad2,the Main Quadrangles,True,3,0.4999999999999985,-0.0669821589771875,C0205118,0.8710187673568726,0.7872277498245239,0.08379101753234863,pred_answer,50
57285841ff5b5019007da19c,FLAN-T5-base,squad2,Oriental Institute,True,3,-8.00856625953729e-16,-0.0149569901016851,C0078988,0.7705326080322266,0.7705326080322266,0.0,pred_answer,50
572870b2ff5b5019007da225,FLAN-T5-base,squad2,Eugene Fama,True,3,-8.00856625953729e-16,-0.0021901599866396,C1676609,0.8481962084770203,0.7526479363441467,0.09554827213287354,pred_answer,50
572863c72ca10214002da2d7,FLAN-T5-base,squad2,unanswerable,False,3,0.405639062229565,-0.0552077529310281,C2349015,0.8045825362205505,0.7912072539329529,0.013375282287597656,pred_answer,50
5ad401de604f3c001a3ffd31,FLAN-T5-base,squad2,unanswerable,True,3,0.405639062229565,-0.1351721405744214,C2349015,0.8045825362205505,0.7912072539329529,0.013375282287597656,pred_answer,50
572879574b864d1900164a14,FLAN-T5-base,squad2,Western,True,3,0.4999999999999985,-0.1192661188542842,C1705493,0.9999995231628418,0.8847748637199402,0.11522465944290161,pred_answer,50
5728809f2ca10214002da40e,FLAN-T5-base,squad2,Calendar for Fixing the Seasons,False,3,0.7499999999999978,-0.050848536465935,C4277698,0.7975003719329834,0.7905385494232178,0.006961822509765625,pred_answer,50
5728f2e26aef051400154899,FLAN-T5-base,squad2,HIV/AIDS,True,3,0.4999999999999985,-0.017195753098349,C0001175,0.9811334609985352,0.9366226196289062,0.044510841369628906,pred_answer,50
572900f73f37b31900477f6c,FLAN-T5-base,squad2,prostaglandins,True,3,-8.00856625953729e-16,-0.0023607637329329,C0033554,0.9999992847442627,0.9999992847442627,0.0,pred_answer,50
5729081d3f37b31900477fae,FLAN-T5-base,squad2,chemotaxis,True,3,-8.00856625953729e-16,-0.0038420877293283,C0008018,0.9999991655349731,0.9469320774078369,0.05306708812713623,pred_answer,50
5ad4db615b96ef001a10a436,FLAN-T5-base,squad2,to present young lymphocytes with self antigens produced throughout the body and to eliminate those cells that recognize self-antigens,False,3,0.7499999999999978,-0.0673987822058926,C1817918,0.718762993812561,0.6909633278846741,0.027799665927886963,pred_answer,50
572a07fc6aef0514001551df,FLAN-T5-base,squad2,adaptive,True,3,0.405639062229565,-0.1831662505865097,C0231193,0.9999996423721313,0.9105299711227417,0.08946967124938965,pred_answer,50
57293c246aef051400154bba,FLAN-T5-base,squad2,government officials and climate change experts,True,3,0.4999999999999985,-0.0450850101478863,C0335161,0.7467858791351318,0.7176312208175659,0.029154658317565918,pred_answer,50
5a3e488b378766001a00253c,FLAN-T5-base,squad2,two,False,3,-8.00856625953729e-16,-0.032604856416583,C0205448,0.9999997019767761,0.9039211273193359,0.09607857465744019,pred_answer,50
57293f353f37b3190047819f,FLAN-T5-base,squad2,scientific evidence,True,3,0.405639062229565,-0.0604964137698213,C3887511,0.9189454317092896,0.8822751641273499,0.0366702675819397,pred_answer,50
5a3e495c378766001a002547,FLAN-T5-base,squad2,unanswerable,True,3,-8.00856625953729e-16,-0.0817091273805033,C2349015,0.8045825362205505,0.7912072539329529,0.013375282287597656,pred_answer,50
572945b11d04691400779230,FLAN-T5-base,squad2,the actual temperature rise was near the top end of the range given by IPCC's 2001 projection,False,3,-8.00856625953729e-16,-0.0924306737561415,C5571519,0.6748573780059814,0.6727507710456848,0.002106606960296631,pred_answer,50
5729727baf94a219006aa437,FLAN-T5-base,squad2,Goldbach's conjecture,True,3,-8.00856625953729e-16,-0.0094680294673494,C1916452,0.7974812984466553,0.7781081199645996,0.019373178482055664,pred_answer,50
5729727baf94a219006aa43b,FLAN-T5-base,squad2,prime ideals,True,3,-8.00856625953729e-16,-0.0855319183465326,C0871778,0.8216700553894043,0.8204652070999146,0.001204848289489746,pred_answer,50
572973f76aef051400154f0b,FLAN-T5-base,squad2,"1, 2, and n",True,3,0.405639062229565,-0.0493432401732813,C0028158,0.6967926621437073,0.6789759397506714,0.01781672239303589,pred_answer,50
57297a276aef051400154f89,FLAN-T5-base,squad2,Euler,True,3,-8.00856625953729e-16,-0.0119846621434286,C1208105,0.7592355012893677,0.7281469702720642,0.031088531017303467,pred_answer,50
5a8929e43b2508001a72a4da,FLAN-T5-base,squad2,unanswerable,True,3,-8.00856625953729e-16,-0.0014484877698123,C2349015,0.8045825362205505,0.7912072539329529,0.013375282287597656,pred_answer,50
57297ed93f37b3190047845f,FLAN-T5-base,squad2,Fermat primality test,True,3,-8.00856625953729e-16,-0.020024382679973,C0002344,0.749667227268219,0.7020789384841919,0.0475882887840271,pred_answer,50
5a893a003b2508001a72a542,FLAN-T5-base,squad2,Chen's theorem,False,3,-8.00856625953729e-16,-0.0715264969794589,C3314331,0.7311343550682068,0.6952736973762512,0.035860657691955566,pred_answer,50
5a8940ba3b2508001a72a55d,FLAN-T5-base,squad2,p 1,False,3,0.405639062229565,-0.1495628831738334,C5433398,0.9176895618438721,0.8464202880859375,0.07126927375793457,pred_answer,50
5729a26d6aef05140015505d,FLAN-T5-base,squad2,local-global,True,3,0.405639062229565,-0.0778242936630249,C0205276,0.8440529108047485,0.8440529108047485,0.0,pred_answer,50
5ad27f33d7d075001a429755,FLAN-T5-base,squad2,unanswerable,True,3,0.405639062229565,-0.0750658689700628,C2349015,0.8045825362205505,0.7912072539329529,0.013375282287597656,pred_answer,50
5ad28861d7d075001a429940,FLAN-T5-base,squad2,unanswerable,True,3,-8.00856625953729e-16,-0.007531828492938,C2349015,0.8045825362205505,0.7912072539329529,0.013375282287597656,pred_answer,50
572ffd75b2c2fd14005686e9,FLAN-T5-base,squad2,sea level,False,3,0.4999999999999985,-0.1345647532337655,C0337011,0.835660457611084,0.7879357933998108,0.04772466421127319,pred_answer,50
5ad29d35d7d075001a429c12,FLAN-T5-base,squad2,unanswerable,True,3,0.4999999999999985,-0.1553766246591237,C2349015,0.8045825362205505,0.7912072539329529,0.013375282287597656,pred_answer,50
57300761947a6a140053cf9b,FLAN-T5-base,squad2,Germania,True,3,0.405639062229565,-0.0189898942480795,C0522471,0.8564813137054443,0.8137805461883545,0.042700767517089844,pred_answer,50
57300a9a04bcaa1900d77067,FLAN-T5-base,squad2,1936,True,3,-8.00856625953729e-16,-0.0062714095693081,C0456587,0.7322604656219482,0.7311548590660095,0.0011056065559387207,pred_answer,50
572fc80b04bcaa1900d76d14,FLAN-T5-base,squad2,unanswerable,False,3,-8.00856625953729e-16,-0.1238024115104906,C2349015,0.8045825362205505,0.7912072539329529,0.013375282287597656,pred_answer,50
57300f8504bcaa1900d770d1,FLAN-T5-base,squad2,unanswerable,False,3,0.405639062229565,-0.0697645658581223,C2349015,0.8045825362205505,0.7912072539329529,0.013375282287597656,pred_answer,50
573010fab2c2fd14005687d9,FLAN-T5-base,squad2,domestic Islamists who attacked it,False,3,0.4999999999999985,-0.1197875375769399,C0022126,0.7517257332801819,0.7497384548187256,0.001987278461456299,pred_answer,50
5ad0354e77cf76001a686e1f,FLAN-T5-base,squad2,unanswerable,True,3,-8.00856625953729e-16,-0.0015204588220399,C2349015,0.8045825362205505,0.7912072539329529,0.013375282287597656,pred_answer,50
5730b8ca8ab72b1400f9c707,FLAN-T5-base,squad2,allow for U.S authorship of a 'new world' which was to be characterized by geographical order,True,3,0.7499999999999978,-0.0828049452378036,C1880741,0.6650601029396057,0.6636602282524109,0.0013998746871948242,pred_answer,50
5ad4d2855b96ef001a10a1dd,FLAN-T5-base,squad2,Warsaw Escarpment,False,3,-8.00856625953729e-16,-0.1031373636894516,C3683537,0.7468639612197876,0.7180183529853821,0.028845608234405518,pred_answer,50
57337f6ad058e614000b5bce,FLAN-T5-base,squad2,that Varsovians thought of themselves as better only because they lived in the capital,False,3,-8.00856625953729e-16,-0.1062194725976218,C5772414,0.6847416162490845,0.6672747731208801,0.017466843128204346,pred_answer,50
573383d0d058e614000b5c37,FLAN-T5-base,squad2,Daewoo,True,3,-8.00856625953729e-16,-0.0129775942672267,C1070525,0.7582453489303589,0.7392951846122742,0.018950164318084717,pred_answer,50
5ad500e95b96ef001a10a914,FLAN-T5-base,squad2,Midsummer’s Night,False,3,-8.00856625953729e-16,-0.0940093569111663,C2219849,0.8096665143966675,0.7779518961906433,0.03171461820602417,pred_answer,50
5ad502385b96ef001a10a956,FLAN-T5-base,squad2,unanswerable,True,3,-8.00856625953729e-16,-0.0345816622659867,C2349015,0.8045825362205505,0.7912072539329529,0.013375282287597656,pred_answer,50
5ad3a79a604f3c001a3fead6,FLAN-T5-base,squad2,unanswerable,True,3,-8.00856625953729e-16,-0.027171214828013,C2349015,0.8045825362205505,0.7912072539329529,0.013375282287597656,pred_answer,50
5ad3a7ef604f3c001a3feadd,FLAN-T5-base,squad2,informed them of the French claims on the territory and told them to leave,False,3,0.405639062229565,-0.0715215687973947,C5933595,0.678900420665741,0.677394449710846,0.0015059709548950195,pred_answer,50
5ad3af4e604f3c001a3fec76,FLAN-T5-base,squad2,unanswerable,True,3,0.405639062229565,-0.131076810990703,C2349015,0.8045825362205505,0.7912072539329529,0.013375282287597656,pred_answer,50
57340111d058e614000b677f,FLAN-T5-base,squad2,"Carillon, Quebec, and Louisbourg",False,3,-8.00856625953729e-16,-0.0572810467173338,C0038111,0.6539526581764221,0.6433449983596802,0.010607659816741943,pred_answer,50
573403394776f419006616de,FLAN-T5-base,squad2,unanswerable,False,3,-8.00856625953729e-16,-0.0993904349424838,C2349015,0.8045825362205505,0.7912072539329529,0.013375282287597656,pred_answer,50
5ad26382d7d075001a42911a,FLAN-T5-base,squad2,unanswerable,True,3,-8.00856625953729e-16,-0.000187350860142,C2349015,0.8045825362205505,0.7912072539329529,0.013375282287597656,pred_answer,50
52bf19c503868f1b06000001,BioMistral-7B,bioasq,FSHD is an autosomal dominant disorder.,True,3,0.7499999999999978,-0.2815941412009124,C0238288,0.9339364767074585,0.8922647833824158,0.041671693325042725,pred_answer,50
530a5117970c65fa6b000007,BioMistral-7B,bioasq,"TAILS stands for ""terminal amine isotope labeling of substrates"" and is a method used in protein N-terminomics to",False,3,0.7499999999999978,-0.2510583352103026,C0039259,0.7460025548934937,0.6798767447471619,0.06612581014633179,pred_answer,50
54e0d1491388e8454a000014,BioMistral-7B,bioasq,PCSK9.,False,3,-8.00856625953729e-16,-0.1440002846890517,C1426592,0.9678908586502075,0.9678908586502075,0.0,pred_answer,50
54ede8c594afd61504000009,BioMistral-7B,bioasq,In the G2/M phase.,False,3,0.4999999999999985,-0.4924766491684649,C1440388,0.91489177942276,0.9146687984466553,0.00022298097610473633,pred_answer,50
550af222c2af5d5b7000000b,BioMistral-7B,bioasq,The E3 ubiquitin ligase that ubiquitinates IkB leading to its proteasomal degradation is TRAF6,False,3,0.7499999999999978,-0.1309793204007974,C4076919,0.790602445602417,0.7834690809249878,0.007133364677429199,pred_answer,50
553653a5bc4f83e828000007,BioMistral-7B,bioasq,RT-PCR.,False,3,0.405639062229565,-0.4138291008033168,C0599161,0.9854844212532043,0.9271935224533081,0.05829089879989624,pred_answer,50
56c868a95795f9a73e000017,BioMistral-7B,bioasq,The BiFC assay is used to study protein-protein interactions in Drosophila embryos.,False,3,0.9999999999999972,-0.2754756243551052,C1430926,0.7183548212051392,0.6579867005348206,0.060368120670318604,pred_answer,50
5343caffaeec6fbd07000002,BioMistral-7B,bioasq,Glutathione peroxidase 1 (GPx1) is the human selenoprotein that contains several Se-Cys residues,False,3,0.7499999999999978,-0.1769680989864355,C1415275,0.9235906004905701,0.8867136240005493,0.03687697649002075,pred_answer,50
56a39d60496b62f23f000006,BioMistral-7B,bioasq,"The package available for analysing genomic interactions in R/Bioconductor is ""GenomicRanges"".",False,3,0.7499999999999978,-0.3009502377081662,C5856343,0.7128735184669495,0.7019595503807068,0.010913968086242676,pred_answer,50
56c1d857ef6e394741000033,BioMistral-7B,bioasq,Opicapone is an inhibitor of monoamine oxidase B (MAO-B).,False,3,0.7499999999999978,-0.1504556170142598,C4084845,0.7997261881828308,0.7997261881828308,0.0,pred_answer,50
56e857ae42442bac75000004,BioMistral-7B,bioasq,MMP proteins need zinc ions and a specific amino acid sequence in the active site to be functional.,True,3,0.9999999999999972,-0.5890045741997892,C0623362,0.6980836987495422,0.6918154954910278,0.006268203258514404,pred_answer,50
5509c52f1180f13250000004,BioMistral-7B,bioasq,Hyperosmia is a condition in which a person perceives a solution as sweeter than the normal perception of water. It is the opposite of,False,3,0.7499999999999978,-0.3982812792216919,C0234259,0.8336364030838013,0.8057975769042969,0.027838826179504395,pred_answer,50
52fe52702059c6d71c000078,BioMistral-7B,bioasq,CENPA is preferentially localized at the centromere.,False,3,0.9999999999999972,-0.1960762459978771,C1413338,0.9277552366256714,0.9219335317611694,0.005821704864501953,pred_answer,50
5717d64f29809bbe7a000001,BioMistral-7B,bioasq,Mitochondria.,False,3,0.405639062229565,-0.1277377744045225,C0026237,0.9881672859191895,0.9275799989700317,0.060587286949157715,pred_answer,50
5719f5b27de986d80d00000c,BioMistral-7B,bioasq,Neu5Gc is a sialic acid found in mammals and some other vertebrates. It is structurally similar to Neu,False,3,0.7499999999999978,-0.345617130827577,C0911626,0.827663004398346,0.820088803768158,0.007574200630187988,pred_answer,50
532366f09b2d7acc7e000015,BioMistral-7B,bioasq,The correct answer is G615S. CADASIL (cerebral autosomal dominant arteriopathy with subc,False,3,0.7499999999999978,-0.3178976928642782,C0751587,0.7264511585235596,0.7230139374732971,0.003437221050262451,pred_answer,50
55000cc4e9bde69634000004,BioMistral-7B,bioasq,Hirschsprung's disease.,False,3,0.9999999999999972,-0.2338649279360349,C0019569,0.9951790571212769,0.992796003818512,0.0023830533027648926,pred_answer,50
54f9cb34dd3fc62544000002,BioMistral-7B,bioasq,Bcl-2,False,3,0.405639062229565,-0.3494575545191765,C4042483,0.9999994039535522,0.9999994039535522,0.0,pred_answer,50
515df063298dcd4e51000029,BioMistral-7B,bioasq,The indication for prophylactic use of antibiotics in COPD is to prevent exacerbations.,False,3,0.7499999999999978,-0.2488408361473375,C6063739,0.7332566380500793,0.7108898758888245,0.022366762161254883,pred_answer,50
56b7083376d8bf8d13000001,BioMistral-7B,bioasq,Fusarium oxysporum.,False,3,-8.00856625953729e-16,-0.1106792511594297,C0981884,0.9908490777015686,0.9908490777015686,0.0,pred_answer,50
52f11b922059c6d71c000004,BioMistral-7B,bioasq,"Tuberous Sclerosis is caused by mutations in either the TSC1 or TSC2 gene, which inhibit the mTOR sign",False,3,0.9999999999999972,-0.3372188155172981,C0694895,0.8132354617118835,0.8132354617118835,0.0,pred_answer,50
56c077e9ef6e394741000021,BioMistral-7B,bioasq,The monoclonal antibody against SLAMF7 is called TTI-621.,False,3,0.7499999999999978,-0.3078129583171341,C4086835,0.8254512548446655,0.8177874684333801,0.0076637864112854,pred_answer,50
571f609c0fd6f91b6800000c,BioMistral-7B,bioasq,The enzyme deficiency that can cause GM1 gangliosidoses is β-galactosidase deficiency.,True,3,0.405639062229565,-0.1925246117088732,C2718068,0.8961661458015442,0.8900668025016785,0.006099343299865723,pred_answer,50
55032e65e9bde69634000034,BioMistral-7B,bioasq,"The characteristic feature of the Dyke-Davidoff-Masson syndrome is the presence of a triad of features, including aortic stenosis,",False,3,0.7499999999999978,-0.5764366849211342,C0266497,0.873773455619812,0.7200021743774414,0.1537712812423706,pred_answer,50
51651e24298dcd4e51000054,BioMistral-7B,bioasq,"The Flaviviridae family comprises 11 genera: Flavivirus, Pestivirus, Hepacivirus, Peg",False,3,-8.00856625953729e-16,-0.1679056848404769,C3630366,0.7821066975593567,0.7727811336517334,0.009325563907623291,pred_answer,50
5147c088d24251bc05000026,BioMistral-7B,bioasq,Small cell lung cancer.,False,3,-8.00856625953729e-16,-0.2601947917913397,C0149925,0.9914233088493347,0.9376015067100525,0.05382180213928223,pred_answer,50
517901bc8ed59a060a00003b,BioMistral-7B,bioasq,"PD-1 and CTLA-4, respectively.",True,4,0.9999999999999968,-0.324088121963238,C2986634,0.8449104428291321,0.8449104428291321,0.0,pred_answer,50
532206819b2d7acc7e00000f,BioMistral-7B,bioasq,Arginine-methylated peptides can be enriched using anti-dimethylarginine antibodies or anti-trimeth,False,3,0.9999999999999972,-0.2918954181786208,C1159093,0.7735234498977661,0.7480080127716064,0.025515437126159668,pred_answer,50
5324a8ac9b2d7acc7e000018,BioMistral-7B,bioasq,ABL.,False,3,0.405639062229565,-0.7918369881808758,C0000744,0.9724105596542358,0.9724105596542358,0.0,pred_answer,50
530cf4e0c8a0b4a00c000002,BioMistral-7B,bioasq,Isolated non-compaction cardiomyopathy (INCC) is a rare congenital heart disease characterized by the presence of a thin-,False,3,0.7499999999999978,-0.3850590215556622,C2717907,0.8126335144042969,0.7868982553482056,0.02573525905609131,pred_answer,50
53442ca9aeec6fbd0700000b,BioMistral-7B,bioasq,ERAP2 is a transmembrane protein that is localized in the endoplasmic reticulum.,False,4,0.6554587535412838,-0.3136248795636493,C1836110,0.9164629578590393,0.8588405251502991,0.057622432708740234,pred_answer,50
52efbfccc8da898910000018,BioMistral-7B,bioasq,Pharmacological treatment of subclinical hypothyroidism is effective in reducing cardiovascular events in individuals with subclinical hypothyroid,False,3,0.7499999999999978,-0.1591439056655303,C2879646,0.6850171089172363,0.6804874539375305,0.0045296549797058105,pred_answer,50
53398855d6d3ac6a3400005b,BioMistral-7B,bioasq,Acetylated lysine.,False,3,0.9999999999999972,-0.1998053500493463,C0130825,0.866718590259552,0.852033257484436,0.014685332775115967,pred_answer,50
56f6d11c09dd18d46b00000f,BioMistral-7B,bioasq,Glutamate Ionotropic Receptor Kainate 1 (GRIK1),False,3,0.7499999999999978,-0.1845749260944351,C1415293,0.9377843141555786,0.9358557462692261,0.001928567886352539,pred_answer,50
550c4011a103b78016000009,BioMistral-7B,bioasq,Serine 129.,True,3,-8.00856625953729e-16,-0.1803814639133634,C0136049,0.7149666547775269,0.7122775316238403,0.0026891231536865234,pred_answer,50
54ff5197e9bde69634000001,BioMistral-7B,bioasq,Long interspersed nuclear elements (LINEs) are a class of non-long terminal repeat (non-LTR) retrotransposons that are,False,3,0.9999999999999972,-0.2478687326246245,C2681637,0.8645607829093933,0.8262342810630798,0.03832650184631348,pred_answer,50
55390901bc4f83e828000014,BioMistral-7B,bioasq,CRD-BP destabilizes c-myc mRNA.,False,3,0.405639062229565,-0.2197987141505564,C3896879,0.751633882522583,0.7092617750167847,0.04237210750579834,pred_answer,50
56c341acfedd0b786b000001,BioMistral-7B,bioasq,"Psoralen photobinding on DNA is a photochemical reaction that forms covalent bonds between the psoralen molecule and the DNA,",False,3,0.7499999999999978,-0.4597835713743734,C0072569,0.7622937560081482,0.7291902303695679,0.03310352563858032,pred_answer,50
52b2e1d8f828ad283c00000c,BioMistral-7B,bioasq,Glibenclamide is indicated in the treatment of type 2 diabetes mellitus.,True,3,0.9999999999999972,-0.2596167199672631,C0977188,0.751780092716217,0.7496398687362671,0.002140223979949951,pred_answer,50
55411d9f379ddf3f47000001,BioMistral-7B,bioasq,KDEL.,False,3,0.9999999999999972,-0.3236328841914656,C0166586,0.9140579700469971,0.8612341284751892,0.05282384157180786,pred_answer,50
54d907c84b1fd0d33c000008,BioMistral-7B,bioasq,Mepolizumab targets the IL-5.,False,3,0.9999999999999972,-0.4125993422366824,C0969324,0.8783360719680786,0.8356003761291504,0.04273569583892822,pred_answer,50
54ff45966ad7dcbc12000010,BioMistral-7B,bioasq,Filaggrin.,False,3,0.7499999999999978,-0.315362740645772,C1414633,0.9819787740707397,0.9819787740707397,0.0,pred_answer,50
51405cd123fec90375000005,BioMistral-7B,bioasq,Alpha-galactosidase A.,True,3,0.405639062229565,-0.0789461627216951,C0002268,0.9918889999389648,0.9918889999389648,0.0,pred_answer,50
56c1f040ef6e394741000055,BioMistral-7B,bioasq,"Thyroiditis is an inflammation of the thyroid gland that can be caused by various factors, including autoimmune reactions, infections,",False,3,0.9999999999999972,-0.2943601837988865,C0040150,0.8706568479537964,0.8696818351745605,0.0009750127792358398,pred_answer,50
51588bb2d24251bc05000091,BioMistral-7B,bioasq,Valproic acid.,False,3,0.405639062229565,-0.4099735881512363,C0042291,0.9890967011451721,0.9804965257644653,0.008600175380706787,pred_answer,50
531d744c267d7dd053000009,BioMistral-7B,bioasq,The protein encoded by the gene PABPC4 is a polyadenylate-binding protein that is involved in the translation elongation process. It bind,False,3,0.9999999999999972,-0.4369758776015828,C1418230,0.8885186910629272,0.8650661706924438,0.0234525203704834,pred_answer,50
55241f9e2c8b63434a000004,BioMistral-7B,bioasq,Tyrosine kinase.,False,3,-8.00856625953729e-16,-0.2471881631229605,C0033681,0.9871341586112976,0.9599659442901611,0.027168214321136475,pred_answer,50
52ee9f55c8da898910000009,BioMistral-7B,bioasq,Autosomal dominant.,True,3,0.7499999999999978,-0.1654593205057608,C0443147,0.9868630170822144,0.9868630170822144,0.0,pred_answer,50
56cdf5315795f9a73e000046,BioMistral-7B,bioasq,The enzyme that degrades decapped mRNAs is the XRN1 exoribonuclease.,True,3,0.405639062229565,-0.1303972011730904,C1173619,0.7954795956611633,0.7954795956611633,0.0,pred_answer,50
56f780cb09dd18d46b000011,BioMistral-7B,bioasq,PD-1.,False,3,0.7499999999999978,-0.3687878385186195,C2986634,0.9824464321136475,0.9824464321136475,0.0,pred_answer,50
56ed0ffe2ac5ed1459000008,BioMistral-7B,bioasq,Multiple myeloma.,True,3,0.405639062229565,-0.1781617971719242,C0026764,0.9907643795013428,0.9884845018386841,0.0022798776626586914,pred_answer,50
5177def18ed59a060a000034,BioMistral-7B,bioasq,Mutations in the K-ras oncogene.,False,3,0.7499999999999978,-0.508412616783365,C2747835,0.9575358033180237,0.9347943663597107,0.02274143695831299,pred_answer,50
5506ce078e1671127b00000b,BioMistral-7B,bioasq,PP1,True,3,0.405639062229565,-1.1003494660059612,C1418858,0.999999463558197,0.999999463558197,0.0,pred_answer,50
532f0bd6d6d3ac6a3400002d,BioMistral-7B,bioasq,Autosomal recessive.,False,3,0.7499999999999978,-0.1396602591362857,C0441748,0.9999995231628418,0.9608995914459229,0.039099931716918945,pred_answer,50
530cf22aa177c6630c000004,BioMistral-7B,bioasq,Ctf4 is a component of the replisome that is required for processive DNA replication. It is involved in the formation of the replication fork,False,3,0.9999999999999972,-0.5936290100385122,C1427963,0.8816856145858765,0.7960602045059204,0.08562541007995605,pred_answer,50
53130a77e3eabad02100000f,BioMistral-7B,bioasq,Growth hormone deficiency.,True,3,0.7499999999999978,-0.1578952260265396,C3714796,0.9947718381881714,0.9947718381881714,0.0,pred_answer,50
5343bdd6aeec6fbd07000001,BioMistral-7B,bioasq,Serine 5.,True,3,-8.00856625953729e-16,-0.2584389802068472,C0036720,0.8029789924621582,0.8029592037200928,1.9788742065429688e-05,pred_answer,50
56ae57350a360a5e4500000a,BioMistral-7B,bioasq,The physiological target for LeuRS translational quality control is the tRNALeu(UUR) isoacceptor family.,False,3,0.9999999999999972,-0.3399889778633106,C0035724,0.7597325444221497,0.6698331236839294,0.08989942073822021,pred_answer,50
53357ca0d6d3ac6a3400004b,BioMistral-7B,bioasq,Fostamatinib is a small-molecule inhibitor of the enzyme SYK.,False,3,0.7499999999999978,-0.2661910999983735,C2713632,0.8570971488952637,0.824834942817688,0.032262206077575684,pred_answer,50
56c1f039ef6e394741000052,BioMistral-7B,bioasq,NMDAR antibody.,False,3,0.405639062229565,-0.494401002568858,C2919931,0.9877679347991943,0.973313570022583,0.014454364776611328,pred_answer,50
532670e7d6d3ac6a34000008,BioMistral-7B,bioasq,Thyroid hormone levels are typically low early after coronary artery bypass graft surgery.,False,3,0.9999999999999972,-0.4593692539632767,C2170596,0.6706705689430237,0.6664901971817017,0.0041803717613220215,pred_answer,50
56cae60f5795f9a73e00002b,BioMistral-7B,bioasq,Ataxin-2.,False,3,0.405639062229565,-0.1727954815807087,C1538299,0.9876484274864197,0.9876484274864197,0.0,pred_answer,50
513ce494bee46bd34c000009,BioMistral-7B,bioasq,The most common disease attributed to malfunction or absence of primary cilia is polycystic kidney disease.,False,3,0.405639062229565,-0.087358359234372,C0022680,0.8600690364837646,0.8545898199081421,0.005479216575622559,pred_answer,50
55376f19bc4f83e82800000c,BioMistral-7B,bioasq,Medulloblastoma.,True,3,0.405639062229565,-0.1828924175019242,C0025149,0.9880799651145935,0.9867016077041626,0.0013783574104309082,pred_answer,50
514a51c2d24251bc0500005c,BioMistral-7B,bioasq,Prolactinoma.,True,3,0.7499999999999978,-0.1727476614469196,C0033375,0.9916502833366394,0.9130532741546631,0.07859700918197632,pred_answer,50
56b397a98525abca1e000003,BioMistral-7B,bioasq,"Lipid droplets are organelles in the cell that store lipids, such as triglycerides and cholesterol, and are involved",False,3,0.7499999999999978,-0.4088070411574875,C0230704,0.9312975406646729,0.9025352001190186,0.028762340545654297,pred_answer,50
56d138fe3975bb303a000015,BioMistral-7B,bioasq,The transcription factor activating the betalain pathway is BETALAIN1 (BET1).,False,3,0.9999999999999972,-0.3723890045148437,C1422759,0.7976253628730774,0.7957750558853149,0.0018503069877624512,pred_answer,50
512d2fff5274a5fb07000006,BioMistral-7B,bioasq,Transcriptional initiation.,True,3,-8.00856625953729e-16,-0.1517848034106594,C1158830,0.9681128859519958,0.9581491351127625,0.009963750839233398,pred_answer,50
5326a85ad6d3ac6a3400000b,BioMistral-7B,bioasq,Polyadenylate-binding protein 4 (PABP4) binds to poly(A) mRNA.,False,3,0.7499999999999978,-0.1422272446086733,C1418230,0.9263454675674438,0.9263454675674438,0.0,pred_answer,50
51585b28d24251bc0500008d,BioMistral-7B,bioasq,DNA methyltransferase.,False,3,0.405639062229565,-0.1725829882281167,C0012873,0.9906916618347168,0.9906916618347168,0.0,pred_answer,50
57138eb21174fb175500000a,BioMistral-7B,bioasq,Ataxin-3.,True,3,-8.00856625953729e-16,-0.1538157197979412,C1538301,0.9871888756752014,0.9871888756752014,0.0,pred_answer,50
553656c4bc4f83e828000009,BioMistral-7B,bioasq,The Askin tumor is a rare malignant tumor of childhood that arises from the soft tissue of the chest wall. It is characterized by a,False,3,0.9999999999999972,-0.640951292995311,C2016893,0.8502337336540222,0.8301483988761902,0.02008533477783203,pred_answer,50
56bdcc4cef6e394741000002,BioMistral-7B,bioasq,The R/Bioconductor package “GenoPlot” utilizes the Hilbert curve in order to visualize genomic data.,False,3,0.9999999999999972,-0.2997689174256764,C5419913,0.6644319891929626,0.6311743259429932,0.03325766324996948,pred_answer,50
56c1f01aef6e394741000043,BioMistral-7B,bioasq,PD-1.,False,3,0.7499999999999978,-0.442938394844532,C2986634,0.9824464321136475,0.9824464321136475,0.0,pred_answer,50
52e8e93498d023950500001e,BioMistral-7B,bioasq,FSHD is an autosomal dominant disorder.,True,3,0.7499999999999978,-0.2867191765796563,C0238288,0.9339364767074585,0.8922647833824158,0.041671693325042725,pred_answer,50
51bdd9c2047fa84d1d000002,BioMistral-7B,bioasq,The receptor for substrates of Chaperone Mediated Autophagy is LAMP2A.,True,3,0.9999999999999972,-0.1542261026581234,C0125272,0.8973479866981506,0.8823888301849365,0.014959156513214111,pred_answer,50
52f509512059c6d71c000020,BioMistral-7B,bioasq,Autosomal dominant.,False,3,0.7499999999999978,-0.221181052850235,C0443147,0.9868630170822144,0.9868630170822144,0.0,pred_answer,50
56c83f365795f9a73e000011,BioMistral-7B,bioasq,The TDP-43 and FUS proteins contain a domain that allows self-association called the low-complexity domain (LCD).,False,3,0.9999999999999972,-0.4106530373747574,C2750321,0.6679035425186157,0.6676228642463684,0.00028067827224731445,pred_answer,50
550f0e4c6a8cde6b72000003,BioMistral-7B,bioasq,The disease associated with the ectopic expression of the protein encoded by the gene DUX4 is myopathy.,False,3,0.405639062229565,-0.1174354217435575,C5676880,0.7551460862159729,0.7525268197059631,0.0026192665100097656,pred_answer,50
5319ac36b166e2b806000031,BioMistral-7B,bioasq,G protein is essential in the formation and function of lamellipodia.,False,3,0.7499999999999978,-0.2105693491850818,C1155949,0.77351975440979,0.7552482485771179,0.01827150583267212,pred_answer,50
531d1998267d7dd053000001,BioMistral-7B,bioasq,Hypothyroidism is associated with a poor prognosis in patients with acute myocardial infarction. Patients with hypothyroid,False,3,0.7499999999999978,-0.2156951138146681,C5942741,0.7067663073539734,0.6474736928939819,0.059292614459991455,pred_answer,50
54cb9c94f693c3b16b000005,BioMistral-7B,bioasq,Phospholamban.,True,3,0.405639062229565,-0.2280260082126395,C1418650,0.988278865814209,0.988278865814209,0.0,pred_answer,50
56cdf3e55795f9a73e00003c,BioMistral-7B,bioasq,Rag GTPases.,False,3,0.4999999999999985,-0.4021951255890599,C0380301,0.9149516820907593,0.9041907787322998,0.010760903358459473,pred_answer,50
56e2acfe51531f7e33000014,BioMistral-7B,bioasq,S phase.,False,3,0.7499999999999978,-0.6883557811379433,C0080129,0.9929616451263428,0.9617060422897339,0.03125560283660889,pred_answer,50
534abe8aaeec6fbd07000013,BioMistral-7B,bioasq,Hsp70.,True,3,-8.00856625953729e-16,-0.2575247693651666,C0243043,0.9845366477966309,0.9845366477966309,0.0,pred_answer,50
534e364e288f4dae47000001,BioMistral-7B,bioasq,"Approximately 1,000 recombination hotspots have been found in the yeast genome.",False,3,0.9999999999999972,-0.1908270120717448,C1256868,0.6074971556663513,0.5961734056472778,0.011323750019073486,pred_answer,50
56a8b8b5a17756b72f000005,BioMistral-7B,bioasq,"TAF10 is a subunit of the TFIID complex, which is a transcription factor that binds to the TATA box of promoters",False,3,0.4999999999999985,-0.465835435797544,C0289408,0.9202622175216675,0.9182488918304443,0.0020133256912231445,pred_answer,50
5313058de3eabad02100000e,BioMistral-7B,bioasq,Lumbar spine.,False,3,0.9999999999999972,-0.4362669109056393,C0024091,0.9938703179359436,0.9926395416259766,0.001230776309967041,pred_answer,50
53189b05b166e2b80600001e,BioMistral-7B,bioasq,Parotid and submandibular glands.,False,3,0.4999999999999985,-0.1979775010707574,C2984912,0.8286564946174622,0.8053364753723145,0.023320019245147705,pred_answer,50
56ae70050a360a5e4500000f,BioMistral-7B,bioasq,The RUNX1-MYEF2 complex is a transcription factor that plays a role in the development of hematopoietic stem cells and,False,3,0.7499999999999978,-0.3795919026026695,C3274665,0.7487965226173401,0.741449236869812,0.007347285747528076,pred_answer,50
53261e79600967d132000003,BioMistral-7B,bioasq,"In heart failure patients, thyroid hormone is inversely related to inflammatory markers. Thyroid hormone levels are lower in patients",False,3,0.7499999999999978,-0.4181883202027698,C0271809,0.6929537653923035,0.6833696365356445,0.009584128856658936,pred_answer,50
56f961b3cf1c325851000003,BioMistral-7B,bioasq,The color of the protein Ranasmurfin is blue.,True,3,0.7499999999999978,-0.3181373474866492,C0072979,0.6872971057891846,0.6872504949569702,4.661083221435547e-05,pred_answer,50
53372ba3d6d3ac6a34000058,BioMistral-7B,bioasq,H3K36me3,True,3,0.4999999999999985,-0.1667990369387553,C4684882,0.9999993443489075,0.8830564022064209,0.11694294214248657,pred_answer,50
5319a708b166e2b806000024,BioMistral-7B,bioasq,The target of bortezomib is the 26S proteasome.,False,3,0.9999999999999972,-0.2135780560348441,C1166804,0.7652095556259155,0.7651892900466919,2.0265579223632812e-05,pred_answer,50
52ece29f98d023950500002c,BioMistral-7B,bioasq,MCT8.,True,4,0.3109175070825699,-0.2129304856061935,C1420103,0.9830245971679688,0.9830245971679688,0.0,pred_answer,50
53175e9fb166e2b80600000a,BioMistral-7B,bioasq,"LKB1 is a tumor suppressor gene that encodes serine/threonine kinase 11 (STK11),",False,3,0.7499999999999978,-0.2448081149551058,C1706389,0.9440160989761353,0.915284276008606,0.028731822967529297,pred_answer,50
56c1f009ef6e39474100003c,BioMistral-7B,bioasq,Gaucher disease.,False,3,0.405639062229565,-0.1557279039091857,C0017205,0.9936500787734985,0.9620298743247986,0.03162020444869995,pred_answer,50
54e0ace81388e8454a000010,BioMistral-7B,bioasq,Cytoplasmic.,False,3,0.405639062229565,-0.1524783564933126,C0521449,0.9829013347625732,0.9829013347625732,0.0,pred_answer,50
56fcf1b8cf1c325851000005,BioMistral-7B,bioasq,"SATB1 modulates the expression of genes involved in cell proliferation, differentiation, and apoptosis. It also regulates the expression of",False,3,0.7499999999999978,-0.4457614313806317,C2699550,0.7345238924026489,0.7167757749557495,0.017748117446899414,pred_answer,50
56cafa845795f9a73e00002e,BioMistral-7B,bioasq,The protein pathway regulating SGK1-mediated phosphorylation of FOXO3a to control cell proliferation is the PI,False,3,0.7499999999999978,-0.135403741786078,C3549111,0.6660980582237244,0.6521165370941162,0.013981521129608154,pred_answer,50
53262cdcd6d3ac6a34000003,BioMistral-7B,bioasq,The definitive treatment for low pressure headache is removal of the CSF leak. This can be done surgically or with conservative management such as bed rest and,False,3,0.9999999999999972,-0.4565999238771496,C2066967,0.8420865535736084,0.8264566659927368,0.015629887580871582,pred_answer,50
5344155faeec6fbd07000005,BioMistral-7B,bioasq,X-linked recessive.,False,3,0.9999999999999972,-0.1320125298173025,C1845977,0.9866644144058228,0.9866644144058228,0.0,pred_answer,50
553ca8d8f32186855800000d,BioMistral-7B,bioasq,The absence of Saccharomyces cerevisiae Rrm3p results in a decrease in the rate of DNA replication and an increase in the rate,False,3,0.7499999999999978,-0.4822903813077346,C2749861,0.6636446714401245,0.6513479351997375,0.012296736240386963,pred_answer,50
5139b31dbee46bd34c000004,BioMistral-7B,bioasq,The most widely used model for the study of multiple sclerosis (MS) is the experimental autoimmune encephalomyelitis (E,False,3,0.405639062229565,-0.0668041334925995,C0014072,0.8734458684921265,0.7361578941345215,0.13728797435760498,pred_answer,50
55192892622b194345000012,BioMistral-7B,bioasq,The E3 ubiquitin ligase that mediates the ubiquitination and degradation of the interferon receptor type 1 (,False,3,0.9999999999999972,-0.0852673844678975,C1334195,0.7435274124145508,0.7435274124145508,0.0,pred_answer,50
56cdf5195795f9a73e000045,BioMistral-7B,bioasq,G3BP1.,False,3,0.9999999999999972,-0.5063203378619315,C1825325,0.9713526964187622,0.8853342533111572,0.08601844310760498,pred_answer,50
52bf19f703868f1b06000002,BioMistral-7B,bioasq,Autosomal dominant.,True,3,0.7499999999999978,-0.2224624430482435,C0443147,0.9868630170822144,0.9868630170822144,0.0,pred_answer,50
54cf45e7f693c3b16b00000a,BioMistral-7B,bioasq,The main calcium binding protein of the sarcoplasmic reticulum is calsequestrin.,True,3,0.405639062229565,-0.0848512713832465,C1432385,0.9036688804626465,0.8983087539672852,0.005360126495361328,pred_answer,50
52f896d62059c6d71c000046,BioMistral-7B,bioasq,Memory problems are reported in Gulf War veterans with Gulf War Illness (GWI). A study found that GWI patients had significantly lower scores on the Wechs,False,3,0.9999999999999972,-0.6598666857478293,C2079571,0.6545918583869934,0.642448902130127,0.012142956256866455,pred_answer,50
52f899952059c6d71c00004b,BioMistral-7B,bioasq,The mutation associated with PLMS is the G327S mutation in the leucine-rich repeat kinase 2 (LRRK,False,3,0.9999999999999972,-0.4178792759630596,C5193276,0.7126926183700562,0.681774377822876,0.030918240547180176,pred_answer,50
56ae6e650a360a5e4500000e,BioMistral-7B,bioasq,The only available genomics and developmental transcriptomics resource for the urochordate Oikopleura dioica is the Oikopleura,False,3,-8.00856625953729e-16,-0.1597382953669779,C0967511,0.7478654384613037,0.7143393754959106,0.033526062965393066,pred_answer,50
5314bd7ddae131f847000006,BioMistral-7B,bioasq,The thyroid hormone receptor function is altered in patients with Donohue syndrome.,False,3,0.9999999999999972,-0.2532835740836928,C0265344,0.7563951015472412,0.690148651599884,0.06624644994735718,pred_answer,50
5339edd6d6d3ac6a34000061,BioMistral-7B,bioasq,Delayed enhancement in patients with hypertrophic cardiomyopathy is associated with a higher risk of ventricular tachyarrhythm,False,3,0.9999999999999972,-0.2720931893052203,C0340326,0.6877960562705994,0.681841254234314,0.0059548020362854,pred_answer,50
56b1f4300a360a5e4500001b,BioMistral-7B,bioasq,The peptide that plays a pivotal role in human cystatin C fibrillization is the N-terminal region of the protein.,False,3,0.9999999999999972,-0.3597012580603689,C0084136,0.8436026573181152,0.8223456144332886,0.02125704288482666,pred_answer,50
5357b36cf1005d6b58000006,BioMistral-7B,bioasq,c.1100delC,False,3,0.405639062229565,-0.1596851957470385,C4698481,0.8629486560821533,0.797500491142273,0.06544816493988037,pred_answer,50
530f900ee3eabad021000003,BioMistral-7B,bioasq,The Allan–Herndon–Dudley syndrome is a rare genetic disorder characterized by a combination of hypogonadotropic hypogonad,False,3,0.9999999999999972,-0.4548179330080586,C0795889,0.8919528722763062,0.8919528722763062,0.0,pred_answer,50
53551206a0726bee57000001,BioMistral-7B,bioasq,Cardiotoxicity.,True,3,0.405639062229565,-0.2437754569012516,C0876994,0.992623507976532,0.8210623264312744,0.17156118154525757,pred_answer,50
56cae3eb5795f9a73e000021,BioMistral-7B,bioasq,The most likely age of diagnosis of Crohn's disease (CD) is in the second or third decade of life.,False,3,0.9999999999999972,-0.2322311499721343,C3177040,0.6699642539024353,0.6621965765953064,0.007767677307128906,pred_answer,50
54e0d7471388e8454a000015,BioMistral-7B,bioasq,Interleukin-17A.,True,3,-8.00856625953729e-16,-0.1824995139540988,C1705947,0.9898533821105957,0.9898533821105957,0.0,pred_answer,50
532ff917d6d3ac6a34000038,BioMistral-7B,bioasq,Histone H3 trimethylation on lysine 36 (H3K36me3) has been associated with RNA splic,True,3,0.7499999999999978,-0.1383795930734912,C4684882,0.7302011847496033,0.686602771282196,0.04359841346740723,pred_answer,50
530cf4c54a5037880c000008,BioMistral-7B,bioasq,Ibrutinib.,True,3,0.405639062229565,-0.1135917685382342,C3501358,0.9884707927703857,0.880691409111023,0.10777938365936279,pred_answer,50
54f2210164850a5854000001,BioMistral-7B,bioasq,The protein hepcidin has 3 disulfide bridges.,False,3,0.7499999999999978,-0.1780793468687989,C0966897,0.8629985451698303,0.8532115817070007,0.00978696346282959,pred_answer,50
54e0ba781388e8454a000011,BioMistral-7B,bioasq,The metaxin complex is localized in the endoplasmic reticulum.,False,3,-8.00856625953729e-16,-0.2060605839261897,C1538025,0.7557410001754761,0.7406668663024902,0.01507413387298584,pred_answer,50
56f6c11109dd18d46b00000e,BioMistral-7B,bioasq,Cyclosporin A (CsA) is a cyclic non-peptide with an 11-membered ring structure. It is,False,3,0.405639062229565,-0.4471628445389797,C0010592,0.868230402469635,0.8648918271064758,0.0033385753631591797,pred_answer,50
536e46f27d100faa09000012,BioMistral-7B,bioasq,The gene most commonly mutated in Tay-Sachs disease is HEXA.,True,3,0.405639062229565,-0.1400195757267187,C5890931,0.8424045443534851,0.8321897387504578,0.010214805603027344,pred_answer,50
531e2695267d7dd05300000f,BioMistral-7B,bioasq,The protein encoded by the gene DNAJC11 is localized in the mitochondria.,False,3,0.405639062229565,-0.167259543311626,C1539296,0.8807470202445984,0.8235276937484741,0.05721932649612427,pred_answer,50
515df199298dcd4e5100002a,BioMistral-7B,bioasq,The lay name of the treatment for CCSVI in multiple sclerosis is Liberation Surgery.,False,3,0.9999999999999972,-0.211974760901779,C1282466,0.6547332406044006,0.6489111185073853,0.005822122097015381,pred_answer,50
52eea4dcc8da89891000000c,BioMistral-7B,bioasq,Autosomal recessive.,True,3,0.405639062229565,-0.1440196922529948,C0441748,0.9999995231628418,0.9608995914459229,0.039099931716918945,pred_answer,50
56df03c751531f7e3300000a,BioMistral-7B,bioasq,"N6-methyladenosine (m6A) affects the stability, translation, and degradation of mRNA.",False,3,0.9999999999999972,-0.2410749210534049,C0067228,0.8697007298469543,0.8683032393455505,0.0013974905014038086,pred_answer,50
56c8274f5795f9a73e00000d,BioMistral-7B,bioasq,Motor neurons.,True,3,0.4999999999999985,-0.1999820999801159,C0026609,0.9937417507171631,0.9937417507171631,0.0,pred_answer,50
53124bdae3eabad02100000b,BioMistral-7B,bioasq,Mammalian Target of Rapamycin (mTOR).,True,3,0.405639062229565,-0.1274219564677575,C0293060,0.9583496451377869,0.9583496451377869,0.0,pred_answer,50
53318685d6d3ac6a3400003d,BioMistral-7B,bioasq,Autosomal recessive.,False,3,0.7499999999999978,-0.2347485793290818,C0441748,0.9999995231628418,0.9608995914459229,0.039099931716918945,pred_answer,50
56c865d25795f9a73e000016,BioMistral-7B,bioasq,Apocynin is a specific inhibitor for Nox1 and Nox4.,False,3,0.7499999999999978,-0.1262831015863316,C0050465,0.8404112458229065,0.7921129465103149,0.04829829931259155,pred_answer,50
533ba85ffd9a95ea0d000008,BioMistral-7B,bioasq,The frequency of mutations induced spontaneously through Ethylnitrosourea (ENU) mutagenesis is 10-9.,False,3,0.9999999999999972,-0.2794932089139424,C0044515,0.6578680872917175,0.6559972763061523,0.0018708109855651855,pred_answer,50
58a2e5f760087bc10a000007,BioMistral-7B,bioasq,The primary protein component of Lewy bodies is α-synuclein.,True,3,0.405639062229565,-0.1192716875877724,C1420276,0.9321788549423218,0.9179630279541016,0.014215826988220215,pred_answer,50
58a2df9c60087bc10a000006,BioMistral-7B,bioasq,The incidence of beta-thalassemia in Greece is 1.5% to 2.5%.,False,3,0.405639062229565,-0.5408832717075711,C3841475,0.649814784526825,0.6497628688812256,5.1915645599365234e-05,pred_answer,50
58a2ced760087bc10a000004,BioMistral-7B,bioasq,The human gene coding for the dopamine transporter (DAT1) is located on the chromosome 5.,False,3,0.7499999999999978,-0.1815823186683701,C1420213,0.8905576467514038,0.8905576467514038,0.0,pred_answer,50
58a9c152396a458e50000001,BioMistral-7B,bioasq,Paneth cells in the small intestine.,False,3,0.7499999999999978,-0.3483662701736731,C2338888,0.9713326692581177,0.9692419767379761,0.0020906925201416016,pred_answer,50
58a5b1fe60087bc10a000024,BioMistral-7B,bioasq,UBC9 is an E2 SUMO-conjugating enzyme that catalyzes the covalent attachment of SUMO to a l,True,3,0.7499999999999978,-0.3030972378820706,C0534043,0.9057781100273132,0.8782253861427307,0.02755272388458252,pred_answer,50
58bc5e2202b8c60953000002,BioMistral-7B,bioasq,Huntington's disease.,False,3,0.4999999999999985,-0.3094561006946605,C0020179,0.9929306507110596,0.934603214263916,0.058327436447143555,pred_answer,50
58b6bd2622d300530900000c,BioMistral-7B,bioasq,ApoE4 is associated with hyperlipoproteinemia.,False,3,0.7499999999999978,-0.1361767290663385,C0052201,0.9007074236869812,0.9007073640823364,5.960464477539063e-08,pred_answer,50
589480b47d9090f353000007,BioMistral-7B,bioasq,The server used for simulation of macromolecular diffusional association is the PDBsum server.,False,3,0.7499999999999978,-0.4288193914410592,C3878638,0.713157057762146,0.7062578201293945,0.006899237632751465,pred_answer,50
5891b125621ea6ff7e00000e,BioMistral-7B,bioasq,Gaucher disease.,True,3,0.405639062229565,-0.2156829410426629,C0017205,0.9936500787734985,0.9620298743247986,0.03162020444869995,pred_answer,50
58a2c77a60087bc10a000002,BioMistral-7B,bioasq,"The gamma-secretase complex is involved in the amyloidogenic processing of the amyloid precursor protein (APP), which results",False,3,0.9999999999999972,-0.2800631227653412,C2606206,0.8133735060691833,0.8133735060691833,0.0,pred_answer,50
589185cc621ea6ff7e00000b,BioMistral-7B,bioasq,Spinal muscular atrophy.,True,3,0.7499999999999978,-0.1698722294167964,C0026847,0.9938870668411255,0.949552059173584,0.044335007667541504,pred_answer,50
5887fe7d3b87a8a738000008,BioMistral-7B,bioasq,"3,4-diaminobenzoic acid derivatives are a class of compounds that play a role in the immune system. They are",False,3,0.9999999999999972,-0.3218636957956846,C0046947,0.7759844064712524,0.760240375995636,0.015744030475616455,pred_answer,50
58cc5bae02b8c60953000037,BioMistral-7B,bioasq,The incidence of new cases of X-linked adrenoleukodystrophy (ALD) in Australia and New Zealand in the late 1,False,3,0.9999999999999972,-0.0829020071761874,C4284476,0.8042564392089844,0.8042564392089844,0.0,pred_answer,50
58caf0be02b8c6095300002f,BioMistral-7B,bioasq,The organism that causes woolsorter's disease is a fungus called Mycobacterium avium subspecies peregrinum,False,3,0.7499999999999978,-0.3673339533971784,C1298893,0.7941055297851562,0.7677061557769775,0.02639937400817871,pred_answer,50
58bca2f302b8c6095300000c,BioMistral-7B,bioasq,X,True,3,0.405639062229565,-0.8664750754833221,C1706494,0.8872198462486267,0.8323588967323303,0.05486094951629639,pred_answer,50
58bac71222d3005309000013,BioMistral-7B,bioasq,The H3F3A gene encodes a histone variant that is frequently mutated in gliomas.,False,3,0.9999999999999972,-0.5393693518088422,C1415427,0.8538257479667664,0.8538257479667664,0.0,pred_answer,50
58cdb41302b8c60953000042,BioMistral-7B,bioasq,Skin.,False,3,-8.00856625953729e-16,-0.4485122094665712,C1123023,0.9846048355102539,0.9846048355102539,0.0,pred_answer,50
587f7a69d8d850a152000001,BioMistral-7B,bioasq,"The library used for fixed-length approximate string matching is called the ""Approximate String Matching"" library.",False,3,0.9999999999999972,-0.5615517425394501,C0870853,0.6750123500823975,0.6677653193473816,0.007247030735015869,pred_answer,50
5895f7e978275d0c4a000001,BioMistral-7B,bioasq,The fruit that causes Jamaican vomiting sickness is the Angostura pepper.,False,3,0.405639062229565,-0.5769636264356248,C1947961,0.759136974811554,0.7324895858764648,0.02664738893508911,pred_answer,50
58cd90c202b8c60953000040,BioMistral-7B,bioasq,IL-18BP is a cytokine that binds to and inhibits the biological activity of IL-18. It is a member of,False,3,0.9999999999999972,-0.4384397757594342,C0765701,0.9230737090110779,0.9209409952163696,0.002132713794708252,pred_answer,50
58cf5c5a8acda34529000003,BioMistral-7B,bioasq,Base J is not found in the genome of Leishmania tarentolae.,False,3,0.7499999999999978,-0.1708753641631981,C1308746,0.7338356971740723,0.7090949416160583,0.024740755558013916,pred_answer,50
58da111c8acda34529000010,BioMistral-7B,bioasq,Trisomy 13.,False,3,0.4999999999999985,-0.2970123931654598,C0152095,0.9841407537460327,0.9841407537460327,0.0,pred_answer,50
58af1cb3717cd3f655000003,BioMistral-7B,bioasq,Sox9 locus duplication results in a sex reversal phenotype.,False,3,0.9999999999999972,-0.7435820101673016,C2733013,0.8894263505935669,0.8320090770721436,0.05741727352142334,pred_answer,50
58dd0dde8acda34529000027,BioMistral-7B,bioasq,The aorta and the lens of the eye are commonly affected in Marfan's syndrome.,False,3,0.7499999999999978,-0.2675029221351169,C4543524,0.8629277348518372,0.8505197167396545,0.012408018112182617,pred_answer,50
58853922e56acf5176000016,BioMistral-7B,bioasq,The loss of CD28 expression by liver-infiltrating T cells contributes to hepatitis C virus (HCV) infection.,False,3,0.405639062229565,-0.136521007492305,C1836031,0.6832631826400757,0.678005039691925,0.005258142948150635,pred_answer,50
58853667e56acf5176000015,BioMistral-7B,bioasq,The direct interaction of Ikaros and Foxp1 in B-lymphocytes leads to the repression of B cell-specific genes and the,False,3,0.7499999999999978,-0.3310787464920679,C1864273,0.717009425163269,0.7138102054595947,0.0031992197036743164,pred_answer,50
5889eb503b87a8a73800000b,BioMistral-7B,bioasq,"The syndrome caused by deletion of Pds5b in mice is called ""neurodegeneration with brain iron accumulation"" (NBIA",False,3,0.9999999999999972,-0.3928542587146779,C2931845,0.7762753367424011,0.7663617134094238,0.009913623332977295,pred_answer,50
58de18e48acda3452900002a,BioMistral-7B,bioasq,miR-136 is targeted by SRY/Sox9.,False,3,0.9999999999999972,-0.1937637046653167,C4226285,0.7925875782966614,0.7300477027893066,0.06253987550735474,pred_answer,50
58d906b28acda3452900000d,BioMistral-7B,bioasq,The TAZ (G4.5) is located in the nucleus of human cells.,False,3,0.4999999999999985,-0.3056008201702276,C1336578,0.8165820837020874,0.7793780565261841,0.03720402717590332,pred_answer,50
58e79e703e8b6dc87c00000a,BioMistral-7B,bioasq,Approximately 30-50% of rheumatoid arthritis patients are responsive to anti-TNF therapy.,False,3,0.9999999999999972,-0.1809357520263574,C0409651,0.6773753762245178,0.6694968342781067,0.007878541946411133,pred_answer,50
5880c42fc872c95565000008,BioMistral-7B,bioasq,Diabetes.,False,3,0.7499999999999978,-0.4208929033949971,C0011849,0.9867234230041504,0.9867234230041504,0.0,pred_answer,50
58f4b1a170f9fc6f0f000010,BioMistral-7B,bioasq,Amanita phalloides.,True,3,-8.00856625953729e-16,-0.0998668360346831,C0319646,0.9781858921051025,0.8629167079925537,0.11526918411254883,pred_answer,50
589317e849702f2e01000005,BioMistral-7B,bioasq,"The server used for generating modes of pseudo components of DNA, RNA and protein sequences is the FASTA server.",False,3,0.7499999999999978,-0.3314499398777843,C5781517,0.7280017733573914,0.726353645324707,0.0016481280326843262,pred_answer,50
58eb4ce7eda5a57672000004,BioMistral-7B,bioasq,Transcription factors forkhead 1 and 2 (Fkh1 and Fkh2) are associated with the regulation of cellular processes such as cell pro,False,3,0.9999999999999972,-0.3997724004766496,C1431348,0.8495391011238098,0.8472365736961365,0.00230252742767334,pred_answer,50
58f3c4b970f9fc6f0f00000a,BioMistral-7B,bioasq,"DNA, double-stranded.",False,3,0.9999999999999972,-0.4420897017334937,C0311474,0.9961110353469849,0.8901289105415344,0.10598212480545044,pred_answer,50
58c27b7102b8c60953000021,BioMistral-7B,bioasq,"The effects that create neighborhoods of transcriptional regulation in eukaryotes are the binding of transcription factors to specific DNA sequences, the recruitment of",False,3,0.9999999999999972,-0.4474501878650017,C5451117,0.6837466359138489,0.6817139387130737,0.0020326972007751465,pred_answer,50
58f4b9d470f9fc6f0f000016,BioMistral-7B,bioasq,Francisella tularensis.,True,3,-8.00856625953729e-16,-0.1373175297026642,C0016677,0.9948129057884216,0.9848016500473022,0.010011255741119385,pred_answer,50
5895f18ce370baff39000001,BioMistral-7B,bioasq,The method used for prediction of novel microRNA genes in cancer-associated genomic regions is computational prediction.,False,3,0.7499999999999978,-0.2552145747205213,C5569954,0.6910475492477417,0.6903910636901855,0.0006564855575561523,pred_answer,50
589635dd78275d0c4a000009,BioMistral-7B,bioasq,The tool used for the identification of recurrent variants in noncoding regions is VarSeq.,False,3,0.4999999999999985,-0.2494668711191225,C1823613,0.7839750051498413,0.7501370906829834,0.03383791446685791,pred_answer,50
5a7d51dafaa1ab7d2e000017,BioMistral-7B,bioasq,Intravenous infusion.,True,3,0.7499999999999978,-0.3571530519984662,C0021440,0.993119478225708,0.9931194186210632,5.960464477539063e-08,pred_answer,50
5a43a139966455904c000008,BioMistral-7B,bioasq,NOMe-Seq measures the methylation status of individual cytosine residues in the genome.,False,3,0.7499999999999978,-0.55389989671472,C3831347,0.8017263412475586,0.7828075289726257,0.01891881227493286,pred_answer,50
58edf567eda5a57672000011,BioMistral-7B,bioasq,The DosR regulon in Mycobacterium tuberculosis is composed of 10 genes.,False,3,0.7499999999999978,-0.4195395496878336,C2742852,0.7625333666801453,0.7052448391914368,0.057288527488708496,pred_answer,50
5a67b2f7b750ff445500000f,BioMistral-7B,bioasq,Stress urinary incontinence.,True,3,-8.00856625953729e-16,-0.2060460328211775,C0042025,0.991585373878479,0.9103361964225769,0.0812491774559021,pred_answer,50
593ff22b70f9fc6f0f000023,BioMistral-7B,bioasq,The correct answer is 19. The Groucho-related genes (GRGs) are a family of proteins that are characterized by the presence,False,3,0.9999999999999972,-0.5994159780007635,C0295531,0.7002936005592346,0.6823110580444336,0.017982542514801025,pred_answer,50
5a8941c5bc7bade53a000002,BioMistral-7B,bioasq,Ser133.,True,3,-8.00856625953729e-16,-0.2536299399410684,C5666886,0.773614764213562,0.7631790637969971,0.010435700416564941,pred_answer,50
5a7d6287faa1ab7d2e00001c,BioMistral-7B,bioasq,GDF15 binds to the GFRAL receptor.,False,3,-8.00856625953729e-16,-0.1402563524997579,C5907676,0.7956445217132568,0.7474868297576904,0.048157691955566406,pred_answer,50
5a87d73861bb38fb2400000b,BioMistral-7B,bioasq,The main ribotype of Clostridium difficile responsible for the recent outbreak is ribotype 027.,True,3,0.7499999999999978,-0.1351302447916308,C6064701,0.8039588928222656,0.7800816893577576,0.023877203464508057,pred_answer,50
5a7610af83b0d9ea6600001a,BioMistral-7B,bioasq,Janus kinase 3.,False,3,0.7499999999999978,-0.3063434206123929,C0253457,0.987234354019165,0.987234354019165,0.0,pred_answer,50
5a6e472ab750ff4455000048,BioMistral-7B,bioasq,TMEM132A and TMEM132B are genes that encode transmembrane proteins of unknown function. They are expressed in the,False,3,0.9999999999999972,-0.4373587349365948,C1823395,0.7987920641899109,0.7934747934341431,0.005317270755767822,pred_answer,50
5a735b383b9d13c708000002,BioMistral-7B,bioasq,Patisiran.,True,3,-8.00856625953729e-16,-0.2583136166722397,C3896714,0.9622935056686401,0.9533594846725464,0.00893402099609375,pred_answer,50
5a68f448b750ff4455000018,BioMistral-7B,bioasq,Corynebacterium diphtheriae.,False,3,0.7499999999999978,-0.1325994935356833,C0012551,0.9943869709968567,0.9943869709968567,0.0,pred_answer,50
5a895f51fcd1d6a10c000004,BioMistral-7B,bioasq,CTCF binding sites are oriented in the same direction as the loop axis.,False,3,0.9999999999999972,-0.7482831233347123,C1511458,0.6763309240341187,0.6632829904556274,0.013047933578491211,pred_answer,50
5a6a02a3b750ff4455000021,BioMistral-7B,bioasq,The most common cause of hereditary renal amyloidosis is transthyretin (TTR) amyloidosis.,False,3,0.9999999999999972,-0.1785727773201841,C2751492,0.9099684357643127,0.8745355010032654,0.03543293476104736,pred_answer,50
5a74a8a70384be9551000005,BioMistral-7B,bioasq,The siRNA based drug in clinical trials for the treatment of pancreatic cancer is ncGSK3β.,False,3,0.405639062229565,-0.3405953813718143,C0246628,0.6661236882209778,0.6618399620056152,0.004283726215362549,pred_answer,50
5a6a3464b750ff4455000026,BioMistral-7B,bioasq,The algorithm developed in order to improve multiple circular sequence alignment using refined sequences is called the Refined Alignment of Circular Sequences (RACS),False,3,0.9999999999999972,-0.4168002193609936,C1690535,0.691596508026123,0.6657946109771729,0.025801897048950195,pred_answer,50
5a6d08d5b750ff445500002c,BioMistral-7B,bioasq,The stapled peptide that has been designed to target Ctf4 is called C14.,False,3,0.9999999999999972,-0.5509593788089522,C1172054,0.6906967163085938,0.665144145488739,0.025552570819854736,pred_answer,50
5a6fa31ab750ff445500005e,BioMistral-7B,bioasq,"The method developed for assignment of enhancers to target genes is called the ""enhancer-to-gene assignment"" method.",False,3,0.7499999999999978,-0.5009639777762694,C0086222,0.6870008707046509,0.6870008707046509,0.0,pred_answer,50
5a6d196db750ff4455000032,BioMistral-7B,bioasq,The GABAergic cell fate transcriptional regulatory network has been studied using the GABAergic Cell Fate Transcriptional Regulatory,False,3,0.7499999999999978,-0.6289645215774726,C1818463,0.7024903893470764,0.6763662099838257,0.026124179363250732,pred_answer,50
5a68f005b750ff4455000016,BioMistral-7B,bioasq,Borderline personality disorder.,True,3,0.405639062229565,-0.1186970651134678,C0006012,0.9937081336975098,0.888996422290802,0.10471171140670776,pred_answer,50
5a6900ebb750ff445500001d,BioMistral-7B,bioasq,The Finkelstein's test is used to diagnose carpal tunnel syndrome.,False,3,0.7499999999999978,-0.2353668529884951,C2203405,0.8843209743499756,0.8764748573303223,0.00784611701965332,pred_answer,50
5a6e2578b750ff445500003d,BioMistral-7B,bioasq,The package in Bioconductor developed with the aim to analyze differential DNA loops from sequencing data is called DiffLoop.,True,3,0.405639062229565,-0.2715119533890034,C5575824,0.7074423432350159,0.6620862483978271,0.04535609483718872,pred_answer,50
5a8712af61bb38fb24000002,BioMistral-7B,bioasq,"Psoriatic arthritis is a type of arthritis that is often associated with psoriasis, a chronic skin condition characterized by",False,3,0.9999999999999972,-0.3434313058426212,C0003872,0.8870166540145874,0.8604795932769775,0.026537060737609863,pred_answer,50
5a9e2386de7cb99d40000004,BioMistral-7B,bioasq,Forxiga is a drug used to treat type 2 diabetes.,False,3,0.7499999999999978,-0.4390189245983492,C5433403,0.7968107461929321,0.7203428149223328,0.07646793127059937,pred_answer,50
5a761ac3aacfb9cd4c000002,BioMistral-7B,bioasq,The most common feature of the Doege–Potter syndrome is acrocyanosis.,False,3,0.9999999999999972,-0.3515883096126386,C0221347,0.8156239986419678,0.7946556806564331,0.020968317985534668,pred_answer,50
5a67c497b750ff4455000012,BioMistral-7B,bioasq,Whole genome sequencing (WGS) is a method available for whole genome identification of pathogenic regulatory variants in Mendelian disease.,False,3,0.9999999999999972,-0.2269296554481972,C6015387,0.7534760236740112,0.7404782176017761,0.012997806072235107,pred_answer,50
5a774fdcfaa1ab7d2e000008,BioMistral-7B,bioasq,TIRR regulates the protein Toll-interleukin 1 receptor domain-containing adaptor protein (TIRAP).,False,3,0.9999999999999972,-0.4041562411380108,C1424810,0.9312167763710022,0.8885577917098999,0.042658984661102295,pred_answer,50
5aa6c800d6d6b54f79000012,BioMistral-7B,bioasq,Liquid-liquid phase separation (LLPS) is a process in which a homogeneous liquid solution undergoes a phase separation to form two,False,3,0.9999999999999972,-0.307215926390441,C4761264,0.7808497548103333,0.7159334421157837,0.06491631269454956,pred_answer,50
5a9d8d691d1251d03b000020,BioMistral-7B,bioasq,The protein RAB10 is not associated with Alzheimer's disease. RAB10 is a member of the Ras oncogene family,False,3,0.9999999999999972,-0.3226844632449683,C1419188,0.8484205007553101,0.7747575044631958,0.07366299629211426,pred_answer,50
5aa50086d6d6b54f7900000c,BioMistral-7B,bioasq,"Ubiquilins are a family of ubiquitin-like proteins that are involved in the ubiquitin-proteasome system,",False,3,0.9999999999999972,-0.2652792503363912,C0962589,0.8716585040092468,0.8392872214317322,0.03237128257751465,pred_answer,50
5a7639419e632bc066000005,BioMistral-7B,bioasq,DeepLoc.,True,3,0.7499999999999978,-0.599599327892065,C0641554,0.764538586139679,0.7262028455734253,0.03833574056625366,pred_answer,50
5a7373f63b9d13c708000008,BioMistral-7B,bioasq,Fexinidazole is used to treat the parasitic disease caused by the protozoan parasite Leishmania donovani.,False,3,0.7499999999999978,-0.3868089606552413,C0060304,0.7221870422363281,0.696283221244812,0.025903820991516113,pred_answer,50
5a95765bfcd1d6a10c000028,BioMistral-7B,bioasq,The suprachiasmatic nucleus (SCN) of the hypothalamus controls the circadian clock.,False,3,0.405639062229565,-0.1655121069404685,C2256413,0.8241814374923706,0.819101095199585,0.0050803422927856445,pred_answer,50
5aa3fb7ad6d6b54f79000009,BioMistral-7B,bioasq,There is no single drug that cures hepatitis C. A combination of pegylated interferon and ribavirin is the standard treatment for,False,3,0.7499999999999978,-0.3146346526611125,C2367822,0.8144825100898743,0.7811441421508789,0.03333836793899536,pred_answer,50
5abd5a62fcf4565872000031,BioMistral-7B,bioasq,"EcoRI, restriction endonuclease was isolated from Escherichia coli.",False,3,0.9999999999999972,-0.1078984706499406,C0011516,0.8905916213989258,0.8753861784934998,0.015205442905426025,pred_answer,50
5abd2ce0fcf456587200002a,BioMistral-7B,bioasq,Bacteroidetes and Firmicutes.,True,3,0.405639062229565,-0.0933389971323777,C1634514,0.8865514397621155,0.8824284076690674,0.004123032093048096,pred_answer,50
5ac08fe7d0c506ce46000003,BioMistral-7B,bioasq,The MCF-7 cell line is of human origin. It was derived from a pleural effusion of a 69-year-old woman with,False,3,0.7499999999999978,-0.280926358592751,C0596890,0.6258317232131958,0.6240875720977783,0.0017441511154174805,pred_answer,50
5ab90a79fcf456587200001b,BioMistral-7B,bioasq,Anticoagulants.,False,3,0.7499999999999978,-0.3940357545647462,C0003280,0.9873119592666626,0.9827699065208435,0.004542052745819092,pred_answer,50
5ad4dd93133db5eb78000008,BioMistral-7B,bioasq,The clathrin triskelia structure is a three-legged tripod.,False,3,0.9999999999999972,-0.3354188348882114,C2754641,0.8493466973304749,0.7274784445762634,0.12186825275421143,pred_answer,50
5c34ad63da8336e21a000007,BioMistral-7B,bioasq,The genomic positions preferentially selected for transposon insertion are those that are less likely to disrupt the function of essential genes. This is because transpos,False,3,0.9999999999999972,-0.6533418563558371,C0039554,0.6546300649642944,0.637177586555481,0.017452478408813477,pred_answer,50
5c58474786df2b9174000001,BioMistral-7B,bioasq,"The algorithm developed for the automatic extraction of co-expressed gene clusters from gene expression data is called the ""self-organizing map"" (SOM",True,3,0.7499999999999978,-0.3024700301573944,C0143009,0.7483495473861694,0.7178995609283447,0.030449986457824707,pred_answer,50
5c34ac49da8336e21a000006,BioMistral-7B,bioasq,DNA hydroxymethylation is increased in patients with Systemic Lupus Erythematosus.,False,3,0.7499999999999978,-0.2085036251098245,C3805215,0.6797999143600464,0.678286612033844,0.0015133023262023926,pred_answer,50
5c011057133db5eb78000025,BioMistral-7B,bioasq,Sutezolid was in phase 3 clinical trials in 2018.,False,3,0.405639062229565,-0.1700683615507315,C4079994,0.807598888874054,0.7204691767692566,0.08712971210479736,pred_answer,50
5c5f2c0c1a4c55d80b000021,BioMistral-7B,bioasq,Gingipain is a term that refers to a group of proteolytic enzymes (proteases) produced by the oral bacteria Porphy,False,3,0.405639062229565,-0.354231440123101,C5197759,0.8592867851257324,0.8021888732910156,0.0570979118347168,pred_answer,50
5c5f3a1f1a4c55d80b000028,BioMistral-7B,bioasq,Fucokinase is an enzyme that catalyzes the phosphorylation of fucose to produce 2-deoxy-D,False,3,0.405639062229565,-0.2244510706727851,C1428864,0.8781997561454773,0.8781996965408325,5.960464477539063e-08,pred_answer,50
5c6be8f07c78d69471000032,BioMistral-7B,bioasq,The Carbonyl-Protein Database (CPD) is a database that contains experimentally-confirmed carbonylated proteins.,False,3,0.9999999999999972,-0.381154835480101,C1976997,0.8285821080207825,0.8228814005851746,0.00570070743560791,pred_answer,50
5c783d32d774d04240000004,BioMistral-7B,bioasq,Multiple sclerosis.,False,3,0.405639062229565,-0.1427299022677743,C0026769,0.9891893267631531,0.9876030087471008,0.001586318016052246,pred_answer,50
5c646fd3e842deac6700001a,BioMistral-7B,bioasq,Acute myeloid leukemia.,True,3,0.405639062229565,-0.1670370774404132,C0023467,0.9937110543251038,0.9503033757209778,0.04340767860412598,pred_answer,50
5c5249077e3cb0e23100000b,BioMistral-7B,bioasq,Optical coherence tomography (OCT) is a non-invasive 3D tomography imaging technique for the diagnosis of eye diseases,True,3,0.405639062229565,-0.2603570947370492,C0920367,0.8484991788864136,0.8391153216362,0.009383857250213623,pred_answer,50
5c65897a7c78d69471000006,BioMistral-7B,bioasq,Enasidenib.,True,3,0.405639062229565,-0.3713792135337523,C4519428,0.9885014295578003,0.9592269062995911,0.02927452325820923,pred_answer,50
5c78080e7c78d694710000ae,BioMistral-7B,bioasq,Sandhoff disease is caused by a deficiency of the enzyme β-hexosaminidase A.,False,3,0.9999999999999972,-0.3418581330015513,C0036161,0.8600889444351196,0.8354806900024414,0.024608254432678223,pred_answer,50
5c531d8f7e3cb0e231000017,BioMistral-7B,bioasq,"BSI is caused by a mutation in the ALOXE3 gene, which encodes the enzyme 5-lipoxygenase",False,3,0.9999999999999972,-0.3376566279290216,C1422178,0.7841495871543884,0.7430234551429749,0.041126132011413574,pred_answer,50
5c51fe8907ef653866000007,BioMistral-7B,bioasq,The percentage of individuals at risk of dominant medically actionable disease is 100%.,False,3,0.7499999999999978,-0.3281529598740008,C4724691,0.6859564781188965,0.674760103225708,0.011196374893188477,pred_answer,50
5c0117fd133db5eb7800002a,BioMistral-7B,bioasq,Delafloxacin received its first approval in the USA for acute bacterial skin and skin structure infections on 2014-0,False,3,0.9999999999999972,-0.2428660173422798,C5825403,0.8140588402748108,0.7811112403869629,0.0329475998878479,pred_answer,50
5c72ade07c78d69471000070,BioMistral-7B,bioasq,The enzyme ALK is inhibited by a drug Lorlatinib.,False,3,0.7499999999999978,-0.2707954919917231,C4080091,0.8004966974258423,0.7425025105476379,0.057994186878204346,pred_answer,50
5c571dd307647bbc4b000016,BioMistral-7B,bioasq,Capillariasis is a parasitic disease caused by the nematode Capillaria hepatica. It is a zoonotic disease that affects,True,3,0.9999999999999972,-0.5100361331540171,C0277202,0.8981951475143433,0.8344618678092957,0.06373327970504761,pred_answer,50
5c89623bf9c2ba6b28000005,BioMistral-7B,bioasq,Liver cancer.,False,3,-8.00856625953729e-16,-0.5384621731936932,C0345904,0.9910838603973389,0.9910838603973389,0.0,pred_answer,50
5c8cdfe50101eac870000004,BioMistral-7B,bioasq,The MTCH2 receptor is a receptor for the protein NINJ1.,False,3,0.9999999999999972,-0.6718807414581534,C1425005,0.7069621682167053,0.7043799757957458,0.0025821924209594727,pred_answer,50
5c84346b75a4a5d219000001,BioMistral-7B,bioasq,The exact answer is: Herpes simplex virus type 1 (HSV-1).,False,3,0.7499999999999978,-0.5373340053396533,C1318711,0.7948769927024841,0.7840726971626282,0.010804295539855957,pred_answer,50
5c73acef7c78d69471000088,BioMistral-7B,bioasq,Erenumab is a monoclonal antibody that targets the calcitonin gene-related peptide (CGRP) receptor,False,3,0.405639062229565,-0.1292393969817418,C4542165,0.7668476700782776,0.7050857543945312,0.06176191568374634,pred_answer,50
5c85234775a4a5d219000007,BioMistral-7B,bioasq,Fidaxomicin.,True,3,0.7499999999999978,-0.3481406361263777,C0065023,0.9910705089569092,0.7850874066352844,0.20598310232162476,pred_answer,50
5c92871decadf2e73f000016,BioMistral-7B,bioasq,SHERLOCK,False,3,-8.00856625953729e-16,-0.4239512907806784,C0452259,0.8780843019485474,0.8617685437202454,0.016315758228302002,pred_answer,50
5c6acb107c78d6947100001f,BioMistral-7B,bioasq,The tool used to visualise the junction sites of chloroplast genomes is OGDRAW.,False,3,0.9999999999999972,-0.2148622329080609,C3275447,0.6773682832717896,0.6515164375305176,0.025851845741271973,pred_answer,50
5c6ad2997c78d69471000020,BioMistral-7B,bioasq,PyClone.,False,3,0.9999999999999972,-0.8167574247345328,C0072642,0.7632824182510376,0.7581822276115417,0.00510019063949585,pred_answer,50
5c8fef490101eac870000010,BioMistral-7B,bioasq,MLP regulates F-actin dynamics through its interaction with the actin-severing protein gelsolin.,False,3,0.9999999999999972,-0.3598985750289872,C1415323,0.7762103080749512,0.7762103080749512,0.0,pred_answer,50
5c8fe1f10101eac87000000a,BioMistral-7B,bioasq,NFIA is a transcription factor that promotes astrocyte differentiation.,True,3,0.9999999999999972,-0.3891151511527967,C1455428,0.7988896369934082,0.7988896369934082,0.0,pred_answer,50
5c89623bf9c2ba6b28000004,BioMistral-7B,bioasq,CFL2 c.1117G > A,False,3,0.9999999999999972,-1.061457675183192,C5237287,0.7331671714782715,0.7204892635345459,0.012677907943725586,pred_answer,50
5caa0247ecadf2e73f000055,BioMistral-7B,bioasq,Crumbs recruits Stardust to regulate tracheal development.,False,3,0.9999999999999972,-0.2619669705868546,C0425473,0.6497142314910889,0.6458876132965088,0.003826618194580078,pred_answer,50
5cb39707ecadf2e73f000060,BioMistral-7B,bioasq,Mutations in the autoimmune regulator (AIRE) gene are associated with autoimmune polyendocrine syndrome type 1 (APS-,False,3,0.7499999999999978,-0.2126654740505671,C0085859,0.7868961691856384,0.7782025337219238,0.0086936354637146,pred_answer,50
5e7f5d0d835f4e4777000016,BioMistral-7B,bioasq,Fluzone Intradermal Quadrivalent was introduced in 2015.,False,3,0.9999999999999972,-0.2924978510437422,C4290039,0.8722029328346252,0.8376398682594299,0.03456306457519531,pred_answer,50
5e35dc26158f994d3a000006,BioMistral-7B,bioasq,"As of 2021, the Drosophila protein interaction map (DPiM) has queried 13,910 prote",False,3,0.7499999999999978,-0.5357808535409276,C4732920,0.696947455406189,0.6833736896514893,0.013573765754699707,pred_answer,50
5d387573a1e159510500000a,BioMistral-7B,bioasq,The primary interacting protein of BLK is LYN.,False,3,0.9999999999999972,-0.3846256775930389,C0812307,0.899377703666687,0.899377703666687,0.0,pred_answer,50
5e6e82eac6a8763d23000001,BioMistral-7B,bioasq,SLC25A20 is a mitochondrial transporter protein that transports phosphate across the inner mitochondrial membrane.,False,3,0.7499999999999978,-0.3454294956225112,C1539783,0.8751668930053711,0.8531075716018677,0.022059321403503418,pred_answer,50
5e36d5b9b5b409ea53000009,BioMistral-7B,bioasq,Tandem Repeats Finder.,False,3,0.405639062229565,-0.2707256061286898,C0039290,0.7605546712875366,0.7317726612091064,0.028782010078430176,pred_answer,50
5d3826427bc3fee31f00000f,BioMistral-7B,bioasq,Approximately 20% to 30% of patients with NPC develop recurrent disease. The most common sites of recurrence are the nas,False,3,0.7499999999999978,-0.3569631008834335,C0278952,0.8048104643821716,0.7799844145774841,0.0248260498046875,pred_answer,50
5e822615835f4e4777000034,BioMistral-7B,bioasq,Uroporphyrinogen III cosynthase.,False,3,0.7499999999999978,-0.2409843060024566,C1421375,0.9876703023910522,0.9876703023910522,0.0,pred_answer,50
5e49c2356d0a277941000010,BioMistral-7B,bioasq,The database is called the Transcriptional Regulatory SNP Database (TSSD). It can be accessed at http://www.tssd.,False,3,0.9999999999999972,-0.6678614229531377,C4745083,0.7753528356552124,0.7369472980499268,0.038405537605285645,pred_answer,50
5e6e8f92c6a8763d23000004,BioMistral-7B,bioasq,LncRNAs are typically longer than 200 nucleotides.,True,3,-8.00856625953729e-16,-0.313124144890935,C3494264,0.8027396202087402,0.7867532968521118,0.015986323356628418,pred_answer,50
5e80489b835f4e4777000022,BioMistral-7B,bioasq,The protein encoded by the gene NKCC2 is a sodium-potassium chloride co-transporter that mediates the electrone,False,3,0.9999999999999972,-0.25692101923417,C1420090,0.8872077465057373,0.8872077465057373,0.0,pred_answer,50
5e7f64d6835f4e477700001f,BioMistral-7B,bioasq,ZP-PTH is delivered to patients via subcutaneous injection.,False,4,0.8277293767706404,-0.2526441028167028,C1255609,0.729576587677002,0.7278203368186951,0.0017562508583068848,pred_answer,50
5e2b00bc76af173751000004,BioMistral-7B,bioasq,"There are several tools available for predicting drug synergy with deep learning, including:",False,3,0.7499999999999978,-0.4378778167866633,C5200696,0.7033844590187073,0.6623907089233398,0.04099375009536743,pred_answer,50
5e5b6f04b761aafe0900000e,BioMistral-7B,bioasq,"The SARS-CoV-2 proteome consists of 29,903 amino acids.",False,3,0.7499999999999978,-0.214890257350222,C5849011,0.8077877759933472,0.8039066195487976,0.0038811564445495605,pred_answer,50
5e4940f46d0a277941000004,BioMistral-7B,bioasq,"1,097",False,3,0.9999999999999972,-1.5503281354904177,C0908598,0.6944308280944824,0.6912854909896851,0.0031453371047973633,pred_answer,50
5e5b626fb761aafe0900000c,BioMistral-7B,bioasq,MDR3 targets phospholipids.,False,3,0.9999999999999972,-0.2816030439957599,C4084872,0.8593852519989014,0.8593852519989014,0.0,pred_answer,50
5e3c6c9eb5b409ea53000022,BioMistral-7B,bioasq,Helicobacter pylori.,True,3,-8.00856625953729e-16,-0.1045515327196982,C0079488,0.9925256967544556,0.9925256371498108,5.960464477539063e-08,pred_answer,50
5e355e20fbd6abf43b000065,BioMistral-7B,bioasq,The gene frequently involved in autosomal dominant adult-onset demyelinating leukodystrophy (ADLD) is the PLP,False,3,0.9999999999999972,-0.2470950401106861,C1868512,0.7728817462921143,0.7540262341499329,0.018855512142181396,pred_answer,50
5e48f2b6f8b2df0d49000005,BioMistral-7B,bioasq,The radiation-induced CD8 lymphocyte apoptosis (RILA) assay is used to measure the sensitivity of a patient,False,3,0.7499999999999978,-0.2359523789191655,C0201463,0.7300031185150146,0.6697885990142822,0.06021451950073242,pred_answer,50
5e48efd9f8b2df0d49000004,BioMistral-7B,bioasq,The Radiogenomics Consortium aims to integrate imaging phenotypes with genomic data to identify genetic variants associated with imaging phenot,False,3,0.7499999999999978,-0.4365976972751468,C5236212,0.7348415851593018,0.7235274314880371,0.011314153671264648,pred_answer,50
5e2deb35fbd6abf43b00001c,BioMistral-7B,bioasq,The method developed for mapping of Transcription Start Sites (TSS) starting from nanograms of RNA is called RNA-seq.,False,3,0.7499999999999978,-0.2625775081160026,C4764113,0.7422692775726318,0.720268964767456,0.02200031280517578,pred_answer,50
5e499c636d0a27794100000a,BioMistral-7B,bioasq,"Molecular radiotherapy is a type of cancer treatment that uses radioactive substances, called radionuclides, to target and destroy cancer cells.",False,3,0.7499999999999978,-0.2015061072677255,C3164944,0.8955293893814087,0.819968581199646,0.0755608081817627,pred_answer,50
5e540c866d0a277941000052,BioMistral-7B,bioasq,Another name for AZD0530 is dabrafenib.,False,3,0.7499999999999978,-0.2615125421458894,C3467876,0.8740341067314148,0.8513386845588684,0.022695422172546387,pred_answer,50
5d35f1267bc3fee31f000004,BioMistral-7B,bioasq,HP1a protein is a chromatin organizer that binds to methylated lysine 9 of histone H3 (H3K9,False,3,0.4999999999999985,-0.3496816941956098,C5565120,0.8454197645187378,0.8409369587898254,0.0044828057289123535,pred_answer,50
5e4adb486d0a277941000015,BioMistral-7B,bioasq,BioPAXViz is a tool for visualizing and analyzing pathway data in the BioPax format. It is built on top of Cyt,False,3,0.9999999999999972,-0.6230372466875451,C5707980,0.6696627736091614,0.6651598215103149,0.0045029520988464355,pred_answer,50
5d35e7ddb3a638076300000e,BioMistral-7B,bioasq,SAF-A protein is localized in the nucleus.,True,3,0.7499999999999978,-0.1228449344177663,C1415649,0.8567398190498352,0.8458669185638428,0.010872900485992432,pred_answer,50
5e5cc1fa1af46fc130000005,BioMistral-7B,bioasq,Iodine thyroid blocking is a procedure in which a patient is given iodine to block the uptake of radioactive iodine in the,False,3,0.9999999999999972,-0.3626302236871979,C1564086,0.7696865200996399,0.7668488621711731,0.002837657928466797,pred_answer,50
5d35ef017bc3fee31f000001,BioMistral-7B,bioasq,H3K27me3.,True,3,0.7499999999999978,-0.1463285097658323,C5420594,0.9773144721984863,0.8334239721298218,0.14389050006866455,pred_answer,50
5e49ac346d0a27794100000e,BioMistral-7B,bioasq,Relugolix.,False,3,0.9999999999999972,-0.3243893976444572,C3896936,0.9745436906814575,0.8439061641693115,0.130637526512146,pred_answer,50
5e5d24811af46fc130000006,BioMistral-7B,bioasq,Romiplostim targets the granulocyte colony-stimulating factor receptor (G-CSF-R).,False,3,0.9999999999999972,-0.201750552046438,C2364481,0.8002291917800903,0.7592824101448059,0.040946781635284424,pred_answer,50
5d35dfbdb3a638076300000b,BioMistral-7B,bioasq,"STAG1 and STAG2 proteins are components of the cohesin complex, which is involved in sister chromatid cohesion during mitosis",False,3,0.9999999999999972,-0.274074349311789,C1420449,0.836662769317627,0.8235162496566772,0.013146519660949707,pred_answer,50
601bde6e1cb411341a000006,BioMistral-7B,bioasq,The disease caused by de novo VPS4A mutations is called “VPS4A-related intellectual disability syndrome.”,False,3,0.7499999999999978,-0.4843196966572173,C4755251,0.7187331914901733,0.7078275680541992,0.010905623435974121,pred_answer,50
5e4bf9436d0a27794100002d,BioMistral-7B,bioasq,The transcription factor controlling Drosophila's Hes genes is Suppressor of Hairless (Su(H)).,False,3,0.9999999999999972,-0.2121333732742372,C1422188,0.8114668130874634,0.811043918132782,0.0004228949546813965,pred_answer,50
601bcb5d1cb411341a000003,BioMistral-7B,bioasq,Missense mutations in the catalytic domain of GRK1.,False,3,0.9999999999999972,-0.4546246141399024,C4763435,0.7066133618354797,0.6834898591041565,0.023123502731323242,pred_answer,50
5e61425e1af46fc13000000d,BioMistral-7B,bioasq,"16,569 base pairs.",False,3,0.405639062229565,-0.1713084477444433,C0471628,0.6903368830680847,0.6880165338516235,0.0023203492164611816,pred_answer,50
5fe30e06a43ad31278000037,BioMistral-7B,bioasq,H3K27ac.,True,3,0.7499999999999978,-0.2133552349660021,C3898882,0.9663397073745728,0.8475326299667358,0.11880707740783691,pred_answer,50
601d2d001cb411341a00002c,BioMistral-7B,bioasq,Primary ciliary dyskinesia.,False,3,0.9999999999999972,-0.2435516887174647,C4551720,0.9940127730369568,0.9520743489265442,0.0419384241104126,pred_answer,50
5e920be42d3121100d00000c,BioMistral-7B,bioasq,The main viral protein targeted by the drug remdesivir is the RNA-dependent RNA polymerase (RdRp).,False,3,0.9999999999999972,-0.0989245065027408,C4726677,0.7782760858535767,0.7658107280731201,0.012465357780456543,pred_answer,50
5fe08b50a43ad31278000031,BioMistral-7B,bioasq,The murine beta globin locus region contains 10 DHS.,False,3,0.7499999999999978,-0.6049500348256996,C5145416,0.678810179233551,0.6728876233100891,0.005922555923461914,pred_answer,50
5e2e1986fbd6abf43b000025,BioMistral-7B,bioasq,The loss-of-function ABCC8 mutation associated with Pulmonary Arterial Hypertension (PAH) is the G550,False,3,0.9999999999999972,-0.2515265161744366,C1838074,0.6775999069213867,0.6606383323669434,0.01696157455444336,pred_answer,50
5d387c20a1e1595105000010,BioMistral-7B,bioasq,The non-pseudoautosomal region (non-PAR) of the X chromosome contains approximately 15 million base pairs and 1,False,3,0.7499999999999978,-0.2377750127540636,C1418238,0.7050610780715942,0.6990959644317627,0.005965113639831543,pred_answer,50
5fe0b4cda43ad31278000034,BioMistral-7B,bioasq,"HFE is a gene that encodes the HFE protein, which is involved in the regulation of iron absorption in the intestine. Mutations in the",False,3,0.7499999999999978,-0.3780378064940635,C1384665,0.9148836135864258,0.9148836135864258,0.0,pred_answer,50
601eab7d1cb411341a000053,BioMistral-7B,bioasq,Antidepressants.,True,3,-8.00856625953729e-16,-0.2602414284653302,C0003289,0.9880125522613525,0.9320020079612732,0.056010544300079346,pred_answer,50
6026ef311cb411341a0000d4,BioMistral-7B,bioasq,The company that developed eptinezumab is Eli Lilly and Company.,False,3,-8.00856625953729e-16,-0.2001494275163066,C4694272,0.8927087783813477,0.8585723638534546,0.034136414527893066,pred_answer,50
6030fe7a1cb411341a000128,BioMistral-7B,bioasq,Epilepsy.,False,3,0.7499999999999978,-0.3315727623499697,C0014544,0.9888554215431213,0.9132776260375977,0.07557779550552368,pred_answer,50
6032899c1cb411341a000144,BioMistral-7B,bioasq,Integrins are localized on the cell membrane.,False,3,-8.00856625953729e-16,-0.2146037267812062,C0021701,0.857511043548584,0.8108142614364624,0.04669678211212158,pred_answer,50
6032a8b91cb411341a000149,BioMistral-7B,bioasq,"The Coffin-Siris syndrome is a rare genetic disorder characterized by intellectual disability, distinctive facial features, and hypoplasia of the midline structures.",False,3,0.7499999999999978,-0.4605880997168015,C0265338,0.9188065528869629,0.8391386270523071,0.07966792583465576,pred_answer,50
6053ba5b94d57fd879000017,BioMistral-7B,bioasq,Interferon beta-1a.,False,3,0.4999999999999985,-0.3493613351602107,C0982234,0.9886147975921631,0.9886147975921631,0.0,pred_answer,50
60579cb394d57fd87900002e,BioMistral-7B,bioasq,The tool is called miRNet.,False,3,0.7499999999999978,-0.8117328915331099,C1101610,0.7495646476745605,0.7440873384475708,0.005477309226989746,pred_answer,50
6057bf0694d57fd879000031,BioMistral-7B,bioasq,The accumulation of amyloid-peptide beta 42 (Aβ42) in neuroblastoma cells is promoted by the,False,3,0.9999999999999972,-0.1959778996425711,C0169424,0.740108847618103,0.7318872213363647,0.008221626281738281,pred_answer,50
6057c2f894d57fd879000033,BioMistral-7B,bioasq,The method developed for detection of ATAC-seq or ChIP-seq signals with DNA methylation is called MethylC-seq.,False,3,0.7499999999999978,-0.258618017332112,C3831347,0.8719292283058167,0.7659230828285217,0.10600614547729492,pred_answer,50
601cb4541cb411341a000024,BioMistral-7B,bioasq,The disease treated with Anti-Siglec-8 Antibody is chronic lymphocytic leukemia.,False,3,0.405639062229565,-0.2691581074590041,C3282876,0.7134611010551453,0.6779307723045349,0.03553032875061035,pred_answer,50
6031287e1cb411341a00012d,BioMistral-7B,bioasq,The key gene involved in interstitial 6q25 microdeletion syndrome is the GATA4 gene.,False,3,0.7499999999999978,-0.3284796025342344,C2700223,0.7496412396430969,0.7365342974662781,0.013106942176818848,pred_answer,50
601f10b71cb411341a000072,BioMistral-7B,bioasq,The Baltimore classification of viruses divides viruses into seven groups based on their replication strategies and molecular composition. These groups are: Group I: positive-,True,3,0.9999999999999972,-0.4993114355413723,C4805581,0.7042884826660156,0.6478717923164368,0.05641669034957886,pred_answer,50
6030fcb51cb411341a000127,BioMistral-7B,bioasq,The database that contains regulatory sites for splicing in human basal ganglia is the Human Splicing Finder (HSF).,False,3,0.7499999999999978,-0.4444260415182035,C0646151,0.6864230632781982,0.6737862229347229,0.012636840343475342,pred_answer,50
6028183e1cb411341a0000f1,BioMistral-7B,bioasq,The subcortical brain structure that is influenced the most by common genetic variants is the amygdala.,False,3,0.7499999999999978,-0.1594326087917943,C0002708,0.8426656126976013,0.8276790976524353,0.014986515045166016,pred_answer,50
6028fc841cb411341a000103,BioMistral-7B,bioasq,Ivosidenib was developed by Agios Therapeutics.,False,3,0.405639062229565,-0.2451355585097709,C4682397,0.8680628538131714,0.7280842065811157,0.13997864723205566,pred_answer,50
606ab57394d57fd87900004f,BioMistral-7B,bioasq,Carbamazepine is a potent inducer of CYP3A4.,True,3,0.405639062229565,-0.2429392196476041,C1170059,0.7723612785339355,0.7690896987915039,0.0032715797424316406,pred_answer,50
608069984e6a4cf630000006,BioMistral-7B,bioasq,The function of the STARD10 protein is to transfer cholesterol from the endoplasmic reticulum to the Golgi apparatus.,False,3,0.7499999999999978,-0.2431647324189896,C1419899,0.8067140579223633,0.7747575044631958,0.03195655345916748,pred_answer,50
606ae4fd94d57fd879000056,BioMistral-7B,bioasq,CYP2D6,True,3,-8.00856625953729e-16,-0.2132766413657615,C0057223,0.9999996423721313,0.9999996423721313,0.0,pred_answer,50
601ff4a61cb411341a000076,BioMistral-7B,bioasq,Statins.,True,3,0.405639062229565,-0.3792505860328674,C0360714,0.9869499206542969,0.9732431173324585,0.013706803321838379,pred_answer,50
6081b64d4e6a4cf63000000a,BioMistral-7B,bioasq,HSJ1 proteins are involved in the regulation of apoptosis.,False,3,0.9999999999999972,-0.5646556688147136,C1415753,0.7128726840019226,0.6791631579399109,0.03370952606201172,pred_answer,50
5fe09c99a43ad31278000033,BioMistral-7B,bioasq,Approximately 40% of C. elegans genes reside in operons.,False,3,0.7499999999999978,-0.2553397767706997,C1312906,0.6390803456306458,0.6207132339477539,0.018367111682891846,pred_answer,50
60527e8c94d57fd879000012,BioMistral-7B,bioasq,Fingolimod has been approved for use in the treatment of relapsing-remitting multiple sclerosis.,False,3,0.9999999999999972,-0.2776531599227685,C1699926,0.8864483833312988,0.8648302555084229,0.021618127822875977,pred_answer,50
605fb41094d57fd879000039,BioMistral-7B,bioasq,Myotonia congenita.,False,3,0.9999999999999972,-0.3040440809054416,C2936781,0.9947375059127808,0.9947375059127808,0.0,pred_answer,50
606ad07394d57fd879000050,BioMistral-7B,bioasq,The prevalence of poor metabolizers of CYP2C19 among Southern Asians is 0.01% compared to 0.0,False,3,0.7499999999999978,-0.3234141710542531,C3888911,0.7855160236358643,0.7815579771995544,0.0039580464363098145,pred_answer,50
606b5ba794d57fd879000067,BioMistral-7B,bioasq,CYP2B6,False,3,0.405639062229565,-0.0864216615445911,C1382176,0.9999995231628418,0.9999995231628418,0.0,pred_answer,50
6060701c94d57fd87900003c,BioMistral-7B,bioasq,"The R/Bioconductor package for discovery of intergenic transcripts is called ""InterTranscriptome"".",False,3,0.7499999999999978,-0.4284702265971713,C0887859,0.7080415487289429,0.7057991623878479,0.0022423863410949707,pred_answer,50
5fe31307a43ad3127800003d,BioMistral-7B,bioasq,Approximately 30-40% of RA patients do not respond to anti-TNF therapy.,True,3,-8.00856625953729e-16,-0.1991227990620973,C3248693,0.7003732919692993,0.6969390511512756,0.0034342408180236816,pred_answer,50
5e4e3cee6d0a277941000030,BioMistral-7B,bioasq,The NS1 protein of the Influenza A Virus affects mRNA transcription termination.,True,3,0.7499999999999978,-0.1693198271941311,C0762284,0.7845680713653564,0.7842198014259338,0.0003482699394226074,pred_answer,50
5fe3130ca43ad3127800003e,BioMistral-7B,bioasq,The BIOCURA cohort monitors the disease of COVID-19.,True,3,0.405639062229565,-0.4918055605522855,C5389994,0.7937966585159302,0.7937638759613037,3.2782554626464844e-05,pred_answer,50
607323fe94d57fd879000079,BioMistral-7B,bioasq,The protein encoded by the APOBEC3C gene is APOBEC3C.,False,3,0.7499999999999978,-0.2018785653954615,C1424926,0.9624252319335938,0.9479720592498779,0.01445317268371582,pred_answer,50
606b7e5694d57fd879000070,BioMistral-7B,bioasq,The FoundationOne companion diagnostic screens 324 genes.,True,3,0.405639062229565,-0.1551774988541952,C4737919,0.7245519757270813,0.7121542692184448,0.012397706508636475,pred_answer,50
601ebba41cb411341a00005a,BioMistral-7B,bioasq,The R/Bioconductor package developed for visualizing differential amino acid group usage in proteomics is called “protViz”.,False,3,0.7499999999999978,-0.3480609143070391,C1919165,0.6811037063598633,0.6779106855392456,0.0031930208206176758,pred_answer,50
622628b03a8413c65300007d,BioMistral-7B,bioasq,The FTO-guided demethylation of GADD46 drives myogenesis through the Wnt/β-catenin pathway.,False,3,0.9999999999999972,-0.2241756465329274,C3889185,0.696913480758667,0.6446388959884644,0.05227458477020264,pred_answer,50
61f95f9f882a024a1000004e,BioMistral-7B,bioasq,The disorder caused by biallelic mutations in G-Protein coupled receptor kinase 1 (GRK1) is known as congen,False,3,0.7499999999999978,-0.1906508792339778,C5679955,0.6364363431930542,0.6280032396316528,0.008433103561401367,pred_answer,50
61f5fb64882a024a1000001a,BioMistral-7B,bioasq,Tebentafusp is used to treat melanoma.,False,3,0.7499999999999978,-0.3436862679632516,C5787171,0.815165102481842,0.8073762655258179,0.00778883695602417,pred_answer,50
61f60735882a024a10000022,BioMistral-7B,bioasq,Risdiplam is used to treat spinal muscular atrophy.,True,3,0.7499999999999978,-0.16561084475346,C5542137,0.7613095641136169,0.743047297000885,0.018262267112731934,pred_answer,50
621b78e63a8413c65300003f,BioMistral-7B,bioasq,Oligosaccharyltransferases (OSTs) are enzymes that catalyze the transfer of oligosaccharides from a,False,3,0.7499999999999978,-0.2201538092181181,C0283757,0.8521375060081482,0.8521375060081482,0.0,pred_answer,50
601ef0571cb411341a000067,BioMistral-7B,bioasq,Dental implant.,False,3,0.405639062229565,-0.7553002002338568,C0011373,0.9909562468528748,0.9909562468528748,0.0,pred_answer,50
602c1b141cb411341a00011c,BioMistral-7B,bioasq,Anti-BLyS antibody.,False,3,0.7499999999999978,-0.5320004526422255,C3160093,0.7639116048812866,0.7568944096565247,0.007017195224761963,pred_answer,50
621142713a8413c65300000a,BioMistral-7B,bioasq,Approximately 50% of currently available drugs are metabolized by CYP3A4.,True,3,0.405639062229565,-0.1255485517725427,C4744447,0.7218397259712219,0.7174814939498901,0.004358232021331787,pred_answer,50
61f80e22882a024a1000003d,BioMistral-7B,bioasq,BCAS3 is a gene that encodes the protein basal cell adhesion molecule (BCAM). Loss-of-function variants in BC,False,3,0.9999999999999972,-0.4407475844230539,C1826415,0.8023852109909058,0.8023852109909058,0.0,pred_answer,50
6217d8f03a8413c653000021,BioMistral-7B,bioasq,ETD fragmentation is a method used to identify the amino acid sequence of peptides and proteins. It is a type of tandem mass spect,False,3,0.9999999999999972,-0.5611684471381579,C0201741,0.721243143081665,0.699176013469696,0.022067129611968994,pred_answer,50
601db4ac1cb411341a000048,BioMistral-7B,bioasq,The protein that is truncated to produce progerin is lamin A.,True,3,0.7499999999999978,-0.1595653424224378,C0291592,0.852418065071106,0.8412503004074097,0.011167764663696289,pred_answer,50
6081b0b44e6a4cf630000009,BioMistral-7B,bioasq,The disease associated with DNAJB1-PRKACA fusion gene is cholangiocarcinoma.,False,3,0.405639062229565,-0.1622560031554894,C3807033,0.7848897576332092,0.7768886685371399,0.008001089096069336,pred_answer,50
6049080c1cb411341a000164,BioMistral-7B,bioasq,"Goblet cells are localized in the epithelial lining of the gastrointestinal tract, respiratory tract, and cerv",False,3,0.4999999999999985,-0.2807234528889442,C0506994,0.8605499863624573,0.8410325646400452,0.01951742172241211,pred_answer,50
62005c68c9dfcb9c09000017,BioMistral-7B,bioasq,"The Gα, Gβ and Gγ subunits of G-proteins have been annotated using the UniProtKB/Swiss",False,3,0.9999999999999972,-0.3372796691944586,C0086376,0.7137092351913452,0.6700539588928223,0.04365527629852295,pred_answer,50
623c8330f0baec9a1b000003,BioMistral-7B,bioasq,The association between maternal and fetal alloantigens and RANTES production is that the presence of maternal and fetal alloantig,False,3,0.7499999999999978,-0.2673740387774508,C6065894,0.7157878279685974,0.7054008841514587,0.010386943817138672,pred_answer,50
626aa929e764a53204000039,BioMistral-7B,bioasq,The expression levels of piRNAs are upregulated in the case of intracranial aneurysm rupture.,False,3,0.9999999999999972,-0.200252397995012,C2708957,0.6130784749984741,0.6091741323471069,0.0039043426513671875,pred_answer,50
626aab13e764a5320400003b,BioMistral-7B,bioasq,The rate of epimutations in C. elegans is 0.001 per generation.,False,3,0.9999999999999972,-0.4251356749987676,C0314650,0.6259274482727051,0.6175040602684021,0.008423388004302979,pred_answer,50
6278ca4a56bf9aee6f00000c,BioMistral-7B,bioasq,The protein-membrane interface of the Cholesterol-regulated Start protein 4 protein (STARD4) is the C-terminal,False,3,0.9999999999999972,-0.1728319322910039,C1418395,0.8215776681900024,0.8109607100486755,0.010616958141326904,pred_answer,50
6278dfe956bf9aee6f000016,BioMistral-7B,bioasq,Cardiomyopathy.,False,3,0.7499999999999978,-0.1625330934184603,C0878544,0.9901069402694702,0.954605221748352,0.035501718521118164,pred_answer,50
62211f453a8413c653000072,BioMistral-7B,bioasq,The protein encoded by the GRN gene is progranulin.,True,3,-8.00856625953729e-16,-0.1898049978906783,C0168913,0.9094491600990295,0.8914421796798706,0.018006980419158936,pred_answer,50
62190ca03a8413c653000035,BioMistral-7B,bioasq,TBK1 kinase activity.,False,3,0.405639062229565,-0.1774408674860347,C1336579,0.895949125289917,0.895949125289917,0.0,pred_answer,50
620c28d03a8413c653000007,BioMistral-7B,bioasq,Lung cancer.,False,3,0.405639062229565,-0.4769800864160061,C0684249,0.989285945892334,0.989285945892334,0.0,pred_answer,50
621b54f03a8413c65300003b,BioMistral-7B,bioasq,PUX proteins are found in the nucleus.,False,3,-8.00856625953729e-16,-0.3965096610285172,C4318632,0.7065204977989197,0.6921882033348083,0.014332294464111328,pred_answer,50
61f81857882a024a10000040,BioMistral-7B,bioasq,The major clinical feature observed in FDXR-associated disease is skeletal dysplasia.,False,3,0.9999999999999972,-0.2555399461634806,C1839729,0.7362072467803955,0.7258551120758057,0.010352134704589844,pred_answer,50
62190bac3a8413c653000034,BioMistral-7B,bioasq,The disease associated with X-linked recessive TLR7 deficiency is called Aicardi-Goutieres syndrome.,False,3,0.405639062229565,-0.1935188514644973,C0393591,0.8561968803405762,0.8395496010780334,0.016647279262542725,pred_answer,50
605fb19794d57fd879000038,BioMistral-7B,bioasq,PyMOL.,False,3,0.405639062229565,-0.2915464068762958,C1538109,0.8976109027862549,0.7782161235809326,0.11939477920532227,pred_answer,50
621ec0313a8413c65300005e,BioMistral-7B,bioasq,"Antibiotics, antifungals, antivirals, antineoplastics, antipyretics, antirheumat",False,3,0.405639062229565,-0.3495601874315071,C0682870,0.7836766242980957,0.7808624505996704,0.002814173698425293,pred_answer,50
6206b399c9dfcb9c09000039,BioMistral-7B,bioasq,Liver damage.,False,3,0.7499999999999978,-1.0748814791440964,C0151763,0.9932588338851929,0.871975839138031,0.12128299474716187,pred_answer,50
6237a8343a8413c6530000b2,BioMistral-7B,bioasq,The protein family to which epiregulin belongs is the epidermal growth factor (EGF) family.,False,3,0.405639062229565,-0.2609686100922772,C3899318,0.8763426542282104,0.8675839900970459,0.00875866413116455,pred_answer,50
622d1ed13a8413c6530000a3,BioMistral-7B,bioasq,The Daughterless (Da) gene is a transcription factor that is expressed in the female germline of Drosophila melanogaster. It,False,3,0.7499999999999978,-0.3304825193131364,C0290065,0.7909747362136841,0.739614725112915,0.05136001110076904,pred_answer,50
6237a8a33a8413c6530000b3,BioMistral-7B,bioasq,Amphiregulin is a ligand of the epidermal growth factor receptor (EGFR).,True,3,0.7499999999999978,-0.1252760405016791,C0051755,0.8819595575332642,0.8819595575332642,0.0,pred_answer,50
623dfd2ef0baec9a1b000004,BioMistral-7B,bioasq,Calreticulin is a calcium-binding endoplasmic reticulum resident protein that functions in the folding and quality control of nascent pol,False,3,0.9999999999999972,-0.3713588569988602,C1413096,0.8946682810783386,0.8901420831680298,0.004526197910308838,pred_answer,50
6237ab873a8413c6530000b6,BioMistral-7B,bioasq,Epiregulin increases leptin secretion.,True,3,0.9999999999999972,-0.3144775492201006,C4747869,0.779677152633667,0.7722338438034058,0.0074433088302612305,pred_answer,50
6202f600c9dfcb9c0900002b,BioMistral-7B,bioasq,JASPAR 2022.,False,3,0.405639062229565,-0.084459977082588,C1555012,0.7229627370834351,0.701094388961792,0.021868348121643066,pred_answer,50
622b9d593a8413c653000095,BioMistral-7B,bioasq,Prostate.,True,3,0.405639062229565,-0.4155148844001815,C0033572,0.9830600023269653,0.9830600023269653,0.0,pred_answer,50
622b9e743a8413c653000097,BioMistral-7B,bioasq,Ankylosing spondylitis.,True,3,0.7499999999999978,-0.1782143265532795,C0038013,0.9949067234992981,0.9949067234992981,0.0,pred_answer,50
64403ab057b1c7a31500004d,BioMistral-7B,bioasq,The patients participating in the PEACHTREE trial received 12 injections of CLS-TA.,True,3,0.7499999999999978,-0.2881420343685971,C1720840,0.6276459693908691,0.6258422136306763,0.001803755760192871,pred_answer,50
64403be357b1c7a31500004e,BioMistral-7B,bioasq,The duration of the follow-up period of patients in the PEACHTREE clinical trial was 12 months.,False,3,-8.00856625953729e-16,-0.1639159691060194,C2970293,0.648876965045929,0.632084310054779,0.016792654991149902,pred_answer,50
64371a4257b1c7a315000029,BioMistral-7B,bioasq,These are called operons.,True,3,-8.00856625953729e-16,-0.3514861052722803,C0029073,0.9672825932502747,0.9091967940330505,0.05808579921722412,pred_answer,50
6441057657b1c7a315000052,BioMistral-7B,bioasq,The most commonly used pain scale for the measurement of pain in children is the Faces Pain Scale-Revised (FPS-R).,True,3,0.405639062229565,-0.1166198587626013,C5818339,0.8790450096130371,0.865628182888031,0.013416826725006104,pred_answer,50
6415b3b4690f196b51000009,BioMistral-7B,bioasq,Yellow.,True,3,0.4999999999999985,-0.4471971318125725,C0221205,0.9669299721717834,0.9247280359268188,0.0422019362449646,pred_answer,50
6429fad757b1c7a31500000e,BioMistral-7B,bioasq,TATA box,True,3,0.9999999999999972,-0.3165872218087315,C0080206,0.9999989867210388,0.8567810654640198,0.14321792125701904,pred_answer,50
6433050157b1c7a315000024,BioMistral-7B,bioasq,Berinert.,False,3,-8.00856625953729e-16,-0.2967203326756135,C2723788,0.9254375696182251,0.7602816224098206,0.16515594720840454,pred_answer,50
6426d131690f196b5100004e,BioMistral-7B,bioasq,The Ashwell receptor is found in the liver.,True,3,0.7499999999999978,-0.2325364112572666,C4277606,0.7306302189826965,0.718206524848938,0.012423694133758545,pred_answer,50
641790d6690f196b5100002d,BioMistral-7B,bioasq,Loss of independent ambulation in Duchenne muscular dystrophy usually occurs between ages 11 and 13.,False,3,0.9999999999999972,-0.1935354204665757,C5774325,0.7352571487426758,0.7027536034584045,0.03250354528427124,pred_answer,50
6415c8f1690f196b51000017,BioMistral-7B,bioasq,"Paclitaxel, docetaxel, doxorubicin, and epirubicin have been approved for the treatment of various forms",False,3,0.9999999999999972,-0.1686754650679347,C0392962,0.7803171873092651,0.7616548538208008,0.018662333488464355,pred_answer,50
6429ad3857b1c7a315000003,BioMistral-7B,bioasq,Xist encodes for a non-coding RNA.,False,4,0.590436283308407,-0.2749596735224519,C1571617,0.9724970459938049,0.9615999460220337,0.01089709997177124,pred_answer,50
63f57d9b33942b094c000004,BioMistral-7B,bioasq,Histidine.,False,3,0.7499999999999978,-0.5219443062087521,C0019602,0.986784815788269,0.9095739126205444,0.07721090316772461,pred_answer,50
6450ede757b1c7a315000090,BioMistral-7B,bioasq,The onset age of Friedreich's Ataxia is usually in the teenage years.,False,3,-8.00856625953729e-16,-0.3169810736424205,C0016719,0.670735776424408,0.665343165397644,0.005392611026763916,pred_answer,50
63f03d58f36125a42600001f,BioMistral-7B,bioasq,The topic of the World Hip Trauma Evaluation (WHiTE) trial was hip fracture.,True,3,-8.00856625953729e-16,-0.1867870310632734,C4534436,0.7363552451133728,0.70970219373703,0.026653051376342773,pred_answer,50
64468b0757b1c7a315000070,BioMistral-7B,bioasq,Mutations in the gene encoding the protein PABPN1.,False,3,0.7499999999999978,-0.5186559359343457,C4723987,0.8256937265396118,0.8109469413757324,0.014746785163879395,pred_answer,50
64468e0d57b1c7a315000071,BioMistral-7B,bioasq,"The incidence of Oculopharyngeal Muscular Dystrophy (OPMD) is 1 in 100,00",False,3,0.405639062229565,-0.1235306430796185,C0270952,0.7489833831787109,0.7172067165374756,0.03177666664123535,pred_answer,50
644298cc57b1c7a315000062,BioMistral-7B,bioasq,Mutations in the DUX4 gene on chromosome 4.,False,3,0.7499999999999978,-0.3278360569302094,C1414197,0.8182663917541504,0.8182663917541504,0.0,pred_answer,50
6442933f57b1c7a315000060,BioMistral-7B,bioasq,The cause of FSHD1 is a mutation in the D4Z4 macrosatellite repeat on chromosome 4. This mut,False,3,-8.00856625953729e-16,-0.263913245409185,C5561960,0.8048559427261353,0.7429836988449097,0.061872243881225586,pred_answer,50
6415c53e690f196b51000012,BioMistral-7B,bioasq,"Keytruda was approved by the FDA for the treatment of metastatic non-small cell lung cancer on October 10, 201",False,3,0.7499999999999978,-0.1260891170398963,C3855203,0.8361524343490601,0.8333005905151367,0.00285184383392334,pred_answer,50
6415bc8d690f196b5100000f,BioMistral-7B,bioasq,The estimated reduction in time when using online genetic counseling is 30 minutes.,False,3,0.9999999999999972,-0.5241324300028888,C0374300,0.6958075165748596,0.6933091282844543,0.0024983882904052734,pred_answer,50
6414c4cf690f196b51000006,BioMistral-7B,bioasq,Dermatillomania and skin picking disorder are both skin-picking disorders. Dermatillomania is a term that is used less frequently,False,3,0.9999999999999972,-0.4100908372727474,C1696701,0.7435891628265381,0.7034428119659424,0.0401463508605957,pred_answer,50
63f9cd0b33942b094c000010,BioMistral-7B,bioasq,The alternative microexon splicing by RBFOX2 and PTBP1 is associated with the regulation of alternative splicing of exons in,False,3,0.9999999999999972,-0.3727472981147741,C0214345,0.6779425144195557,0.6779425144195557,0.0,pred_answer,50
65f77397c4010b4d78000025,BioMistral-7B,bioasq,"The proportion of alterations in NTRK genes attributable to colorectal cancer is not well understood. However, it is estimated that NTRK",False,3,0.7499999999999978,-0.4567955662945024,C5557623,0.7128403782844543,0.7060031890869141,0.006837189197540283,pred_answer,50
662cfc88187cba990d000008,BioMistral-7B,bioasq,"TRNT1 catalyzes the first step in tRNA maturation, which is the transfer of the first nucleotide, 5′-ph",False,3,0.9999999999999972,-0.4734314323513899,C1823502,0.8078380227088928,0.8078380227088928,0.0,pred_answer,50
66302487187cba990d000031,BioMistral-7B,bioasq,PUL-2 is a protein that is encoded by the PUL2 gene. It is a member of the pulmonary surfactant associated protein family,False,3,0.9999999999999972,-0.5108596998294388,C1442758,0.8107433319091797,0.8007321357727051,0.01001119613647461,pred_answer,50
66156200fdcbea915f00004d,BioMistral-7B,bioasq,The gold standard for a diagnosis of narcolepsy is a combination of clinical features and a polysomnography (PSG) study with multiple sleep lat,False,3,0.9999999999999972,-0.3151490453412293,C1456243,0.7542496919631958,0.7518782615661621,0.0023714303970336914,pred_answer,50
662cfd21187cba990d000009,BioMistral-7B,bioasq,LRP6 is a member of the LDLR superfamily of cell-surface receptors.,False,3,0.7499999999999978,-0.1455563322212728,C3812721,0.9463309645652771,0.9463309645652771,0.0,pred_answer,50
662fbec6187cba990d00000f,BioMistral-7B,bioasq,The clinical indications for transarterial chemoembolization (TACE) in liver metastasis for colorectal cancer are: 1,False,3,0.9999999999999972,-0.1894317419542019,C5389162,0.7548699975013733,0.7069699764251709,0.04790002107620239,pred_answer,50
66300ee7187cba990d00001c,BioMistral-7B,bioasq,The prevalence of intellectual developmental disorders in Duchenne Muscular Dystrophy is 10% to 20%.,False,3,0.405639062229565,-0.3321994685864713,C5774325,0.7377786636352539,0.7200430631637573,0.017735600471496582,pred_answer,50
660c0071fdcbea915f00002b,BioMistral-7B,bioasq,Ixodes.,True,3,0.4999999999999985,-0.2164018183248117,C0282511,0.9900922179222107,0.9229432940483093,0.06714892387390137,pred_answer,50
65f86b3ac4010b4d78000058,BioMistral-7B,bioasq,Social determinants of health are estimated to have a greater impact on health outcomes than access to healthcare. The World Health Organization estimates that 55% of the,False,3,0.9999999999999972,-0.4547050520355071,C0184864,0.7342590093612671,0.6893826723098755,0.0448763370513916,pred_answer,50
65f7785dc4010b4d78000033,BioMistral-7B,bioasq,The most appropriate initial chemotherapy regimen in Total Neoadjuvant Therapy (TNT) for locally advanced rectal cancer patients is FOLFO,False,3,0.405639062229565,-0.1299745978224109,C5205920,0.6307075619697571,0.6173955202102661,0.013312041759490967,pred_answer,50
65f77a71c4010b4d7800003b,BioMistral-7B,bioasq,The appropriate treatment in HER2Neu amplificated refractory advanced colorectal cancer patients is trastuzumab plus chemotherapy.,False,3,0.7499999999999978,-0.1848357740136634,C5849338,0.7840105295181274,0.7153619527816772,0.0686485767364502,pred_answer,50
660bb7f9fdcbea915f000029,BioMistral-7B,bioasq,Corticosteroids.,True,3,0.405639062229565,-0.3253656186376853,C0001617,0.9848322868347168,0.9848322868347168,0.0,pred_answer,50
660877c8fdcbea915f000008,BioMistral-7B,bioasq,Mitophagy is associated with the mitochondria.,True,3,0.9999999999999972,-0.1350496583271916,C1820119,0.8995535373687744,0.879381537437439,0.02017199993133545,pred_answer,50
65cfd02e1930410b1300001c,BioMistral-7B,bioasq,VX-548 is a small molecule inhibitor of the CFTR (cystic fibrosis transmembrane conductance regulator,False,3,0.405639062229565,-0.2302149444766144,C6016710,0.843345046043396,0.7782062888145447,0.06513875722885132,pred_answer,50
66099a25fdcbea915f00001e,BioMistral-7B,bioasq,The first-line treatment for BRAF mutated advanced colorectal cancer patients is a combination of anti-EGFR antibody and chemotherapy,False,3,0.7499999999999978,-0.2268700929784444,C5855481,0.702700674533844,0.6943714618682861,0.008329212665557861,pred_answer,50
66099a03fdcbea915f00001d,BioMistral-7B,bioasq,50 years old.,False,3,0.9999999999999972,-0.4018530773298283,C4060704,0.8994007110595703,0.8813011050224304,0.018099606037139893,pred_answer,50
65cfa8f81930410b13000010,BioMistral-7B,bioasq,The mutation associated with the VEXAS syndrome is a missense mutation in the catalytic domain of the valosin-containing protein (,False,3,0.7499999999999978,-0.2771371654272343,C5787884,0.6777213215827942,0.674132227897644,0.0035890936851501465,pred_answer,50
65f7789dc4010b4d78000034,BioMistral-7B,bioasq,The most reliable liquid biopsy technique after complete resection of colorectal cancer metastases is circulating tumor DNA (ctDNA),False,3,-8.00856625953729e-16,-0.1772597768750188,C5944642,0.8149261474609375,0.7931280732154846,0.02179807424545288,pred_answer,50
661d4c2eeac11fad3300001a,BioMistral-7B,bioasq,"Rett syndrome is caused by mutations in the X-linked gene MECP2, which encodes methyl-CpG-binding protein 2",False,3,0.9999999999999972,-0.2835716518676143,C1527852,0.8336104154586792,0.8336104154586792,0.0,pred_answer,50
52bf19c503868f1b06000001,Mistral-7B-Instruct-v0.1,bioasq,X-linked recessive,False,3,0.9999999999999972,-0.2465861128118831,C1845977,0.9999991059303284,0.9999991059303284,0.0,pred_answer,50
530a5117970c65fa6b000007,Mistral-7B-Instruct-v0.1,bioasq,"TAILS stands for ""Tandem Affinity Purification of Interacting Proteins in Lysates"".",False,3,0.9999999999999972,-0.4509140922695951,C0039259,0.7932072877883911,0.7069669961929321,0.08624029159545898,pred_answer,50
54e0d1491388e8454a000014,Mistral-7B-Instruct-v0.1,bioasq,Evolocumab targets the enzyme PCSK9.,False,3,0.9999999999999972,-0.0809073234002522,C3529352,0.867375373840332,0.7697660326957703,0.09760934114456177,pred_answer,50
54ede8c594afd61504000009,Mistral-7B-Instruct-v0.1,bioasq,G1 phase.,False,3,0.7499999999999978,-0.6023725692648441,C0079395,0.9936932325363159,0.9337161779403687,0.059977054595947266,pred_answer,50
550af222c2af5d5b7000000b,Mistral-7B-Instruct-v0.1,bioasq,The E3 ubiquitin ligase that ubiquitinates IkB leading to its proteasomal degradation is NEMO (NF,False,3,0.9999999999999972,-0.1038253396956889,C0914894,0.8206138610839844,0.8206138610839844,0.0,pred_answer,50
553653a5bc4f83e828000007,Mistral-7B-Instruct-v0.1,bioasq,The technique used for detection of EWS/FLI1 fusion transcripts is reverse transcription-polymerase chain reaction (RT-PCR).,False,3,0.405639062229565,-0.1101481217338875,C3510953,0.7361772060394287,0.7105609774589539,0.025616228580474854,pred_answer,50
56c868a95795f9a73e000017,Mistral-7B-Instruct-v0.1,bioasq,The BiFC assay is used to detect protein-protein interactions in Drosophila embryos.,False,3,0.7499999999999978,-0.135648490811396,C1430926,0.7125282287597656,0.6538587808609009,0.058669447898864746,pred_answer,50
5343caffaeec6fbd07000002,Mistral-7B-Instruct-v0.1,bioasq,Selenoprotein P.,True,3,0.405639062229565,-0.321798685779413,C0141947,0.9858888983726501,0.9858888983726501,0.0,pred_answer,50
56a39d60496b62f23f000006,Mistral-7B-Instruct-v0.1,bioasq,"The package available for analyzing genomic interactions in R/Bioconductor is ""interaction"".",False,3,0.7499999999999978,-0.235029695353393,C0237688,0.7919089794158936,0.7029118537902832,0.08899712562561035,pred_answer,50
56c1d857ef6e394741000033,Mistral-7B-Instruct-v0.1,bioasq,Opicapone inhibits the enzyme CYP2C9.,False,3,0.405639062229565,-0.1642408150717141,C3470018,0.7748501896858215,0.7707048058509827,0.004145383834838867,pred_answer,50
56e857ae42442bac75000004,Mistral-7B-Instruct-v0.1,bioasq,MMP proteins need a specific amino acid sequence and post-translational modifications to be functional.,False,3,0.9999999999999972,-0.3781004629160055,C0623362,0.7225488424301147,0.7166900634765625,0.005858778953552246,pred_answer,50
5509c52f1180f13250000004,Mistral-7B-Instruct-v0.1,bioasq,Hyperosmia is an abnormally heightened sense of smell.,False,3,-8.00856625953729e-16,-0.136553481773182,C0234259,0.898595929145813,0.8325821757316589,0.06601375341415405,pred_answer,50
52fe52702059c6d71c000078,Mistral-7B-Instruct-v0.1,bioasq,CENPA is preferentially localized in the centromere region of chromosomes.,False,3,0.7499999999999978,-0.2013787346210165,C3893414,0.918918788433075,0.915862500667572,0.0030562877655029297,pred_answer,50
5717d64f29809bbe7a000001,Mistral-7B-Instruct-v0.1,bioasq,Opa1 is a protein that is localized in the inner mitochondrial membrane.,False,3,0.405639062229565,-0.1898251677993184,C1417953,0.9265541434288025,0.9135503768920898,0.013003766536712646,pred_answer,50
5719f5b27de986d80d00000c,Mistral-7B-Instruct-v0.1,bioasq,Neu5Gc (N-Glycolylneuraminic acid) is a type of sialic acid found in the brain and spinal,False,3,0.405639062229565,-0.144099131040754,C0955356,0.8422607779502869,0.8393279910087585,0.0029327869415283203,pred_answer,50
532366f09b2d7acc7e000015,Mistral-7B-Instruct-v0.1,bioasq,Cysteine.,True,3,0.405639062229565,-0.3523845179588534,C0010654,0.980129599571228,0.961178719997406,0.01895087957382202,pred_answer,50
55000cc4e9bde69634000004,Mistral-7B-Instruct-v0.1,bioasq,The disease is called Hirschsprung's disease.,False,3,0.9999999999999972,-0.1767419150989221,C0019569,0.9836163520812988,0.9764461517333984,0.007170200347900391,pred_answer,50
54f9cb34dd3fc62544000002,Mistral-7B-Instruct-v0.1,bioasq,Bcl-2,False,3,0.405639062229565,-0.1585673775523901,C4042483,0.9999994039535522,0.9999994039535522,0.0,pred_answer,50
515df063298dcd4e51000029,Mistral-7B-Instruct-v0.1,bioasq,There is no indication for prophylactic use of antibiotics in COPD (chronic obstructive pulmonary disease).,False,3,0.7499999999999978,-0.0901849576944537,C3839620,0.7561512589454651,0.7471688389778137,0.008982419967651367,pred_answer,50
56b7083376d8bf8d13000001,Mistral-7B-Instruct-v0.1,bioasq,"The causative agent of the ""Panama disease"" affecting bananas is a fungus called Fusarium oxysporum.",False,3,0.405639062229565,-0.1065836679443095,C5996043,0.8001046180725098,0.7017315030097961,0.09837311506271362,pred_answer,50
52f11b922059c6d71c000004,Mistral-7B-Instruct-v0.1,bioasq,The signalling pathway involved in Tuberous Sclerosis is the mTOR pathway.,False,3,0.9999999999999972,-0.0574984915461055,C1621636,0.81560218334198,0.7945031523704529,0.0210990309715271,pred_answer,50
56c077e9ef6e394741000021,Mistral-7B-Instruct-v0.1,bioasq,IgG14,False,3,0.9999999999999972,-0.8260099863012632,C0020855,0.8513888120651245,0.8156605958938599,0.03572821617126465,pred_answer,50
571f609c0fd6f91b6800000c,Mistral-7B-Instruct-v0.1,bioasq,GM1 gangliosidoses can be caused by deficiencies in the enzymes galactosidase alpha and galactosidase beta,False,3,0.7499999999999978,-0.2301825183893484,C0085131,0.8823615312576294,0.8730481863021851,0.009313344955444336,pred_answer,50
55032e65e9bde69634000034,Mistral-7B-Instruct-v0.1,bioasq,"The characteristic feature of the Dyke-Davidoff-Masson syndrome is the presence of a triad of symptoms: progressive neurological deterioration,",False,3,0.9999999999999972,-0.3949235186410931,C0266497,0.8013884425163269,0.6910901665687561,0.1102982759475708,pred_answer,50
51651e24298dcd4e51000054,Mistral-7B-Instruct-v0.1,bioasq,30,True,3,0.405639062229565,-1.081860937178135,C3816446,0.8785994052886963,0.8742715120315552,0.004327893257141113,pred_answer,50
5147c088d24251bc05000026,Mistral-7B-Instruct-v0.1,bioasq,Small cell lung cancer.,False,3,-8.00856625953729e-16,-0.2336915800309119,C0149925,0.9914233088493347,0.9376015067100525,0.05382180213928223,pred_answer,50
517901bc8ed59a060a00003b,Mistral-7B-Instruct-v0.1,bioasq,MK-3475 and CT-011 are targeting the protein programmed death-ligand 1 (PD-L1).,False,4,0.9999999999999968,-0.1624805016239214,C3665678,0.7387765049934387,0.7145882248878479,0.02418828010559082,pred_answer,50
532206819b2d7acc7e00000f,Mistral-7B-Instruct-v0.1,bioasq,One method for enrichment of arginine-methylated peptides is through the use of affinity purification.,False,3,0.7499999999999978,-0.1738865557854963,C1159089,0.735650897026062,0.7277450561523438,0.007905840873718262,pred_answer,50
5324a8ac9b2d7acc7e000018,Mistral-7B-Instruct-v0.1,bioasq,The tyrosine kinase targeted by Imatinib (Gleevec) in Philadelphia-chromosome positive chronic myelogenous leukem,False,3,0.7499999999999978,-0.0852198757323705,C0279543,0.8057524561882019,0.7928952574729919,0.012857198715209961,pred_answer,50
530cf4e0c8a0b4a00c000002,Mistral-7B-Instruct-v0.1,bioasq,Isolated non-compaction cardiomyopathy (INCCM) and dilated cardiomyopathy (DCM) are two types,False,3,0.9999999999999972,-0.1359896506583169,C2717907,0.8091973662376404,0.7939484715461731,0.015248894691467285,pred_answer,50
53442ca9aeec6fbd0700000b,Mistral-7B-Instruct-v0.1,bioasq,ERAP2 is located in the endoplasmic reticulum (ER).,False,4,-6.898203503520455e-16,-0.1161426316469468,C1836110,0.9147512912750244,0.8625411987304688,0.052210092544555664,pred_answer,50
52efbfccc8da898910000018,Mistral-7B-Instruct-v0.1,bioasq,Pharmacological treatment of subclinical hypothyroidism is effective in reducing cardiovascular events in individuals with a TSH level above 4,False,3,0.9999999999999972,-0.1747864071721565,C5571533,0.6569114923477173,0.6540491580963135,0.0028623342514038086,pred_answer,50
53398855d6d3ac6a3400005b,Mistral-7B-Instruct-v0.1,bioasq,Acetylated lysine.,False,3,0.9999999999999972,-0.2994517110756634,C0130825,0.866718590259552,0.852033257484436,0.014685332775115967,pred_answer,50
56f6d11c09dd18d46b00000f,Mistral-7B-Instruct-v0.1,bioasq,The protein encoded by the human gene GRIK is a member of the glutamate receptor ionotropic subfamily K (GluK),False,3,0.7499999999999978,-0.3054009142029485,C1415293,0.9159579873085022,0.8981395363807678,0.017818450927734375,pred_answer,50
550c4011a103b78016000009,Mistral-7B-Instruct-v0.1,bioasq,Serine 129,True,3,0.7499999999999978,-0.3736283593295541,C0136049,0.6997103095054626,0.6949211359024048,0.004789173603057861,pred_answer,50
54ff5197e9bde69634000001,Mistral-7B-Instruct-v0.1,bioasq,LINE elements are typically around 10-20 kb in length.,False,3,0.9999999999999972,-0.4442276362937668,C1517938,0.8507044315338135,0.7988789081573486,0.051825523376464844,pred_answer,50
55390901bc4f83e828000014,Mistral-7B-Instruct-v0.1,bioasq,CRD-BP stabilizes c-myc mRNA.,False,3,-8.00856625953729e-16,-0.0935039298737744,C3896879,0.738915741443634,0.735558032989502,0.00335770845413208,pred_answer,50
56c341acfedd0b786b000001,Mistral-7B-Instruct-v0.1,bioasq,"Psoralen photobinding on DNA refers to the process by which psoralen, a photosensitizing agent, binds to DNA and is activated",False,3,0.9999999999999972,-0.3359327019221325,C0072569,0.743557870388031,0.7139427661895752,0.02961510419845581,pred_answer,50
52b2e1d8f828ad283c00000c,Mistral-7B-Instruct-v0.1,bioasq,The indication of Daonil (Glibenclamide) is to treat type 2 diabetes by lowering blood sugar levels.,False,3,0.7499999999999978,-0.1106543232849597,C0730792,0.7373898029327393,0.7300179600715637,0.007371842861175537,pred_answer,50
55411d9f379ddf3f47000001,Mistral-7B-Instruct-v0.1,bioasq,The most typical peptide sequence responsible for retrieval of endoplasmic reticulum (ER) lumenal proteins from the Golgi appar,False,3,0.7499999999999978,-0.0209101051726481,C4689950,0.7026841044425964,0.6859085559844971,0.016775548458099365,pred_answer,50
54d907c84b1fd0d33c000008,Mistral-7B-Instruct-v0.1,bioasq,Mepolizumab targets the molecule Interleukin-5 (IL-5).,True,3,0.7499999999999978,-0.1743571017387818,C0969324,0.8653227090835571,0.8232678174972534,0.04205489158630371,pred_answer,50
54ff45966ad7dcbc12000010,Mistral-7B-Instruct-v0.1,bioasq,Trichohyalin.,False,3,0.7499999999999978,-0.1586765299237283,C0077052,0.9706194400787354,0.9706194400787354,0.0,pred_answer,50
51405cd123fec90375000005,Mistral-7B-Instruct-v0.1,bioasq,The defective protein causing the lysosomal storage disease Fabry is alpha-galactosidase A (GLA).,True,3,0.7499999999999978,-0.1142660825364206,C0002986,0.8366419076919556,0.7833352088928223,0.0533066987991333,pred_answer,50
56c1f040ef6e394741000055,Mistral-7B-Instruct-v0.1,bioasq,"The exact cause of Riedel thyroiditis is not known, but it is believed to be related to autoimmune processes. The specific antibodies",False,3,0.9999999999999972,-0.4091447819787746,C0271788,0.8256195187568665,0.7964638471603394,0.0291556715965271,pred_answer,50
51588bb2d24251bc05000091,Mistral-7B-Instruct-v0.1,bioasq,Valproic acid.,False,3,-8.00856625953729e-16,-0.0982818849782537,C0042291,0.9890967011451721,0.9804965257644653,0.008600175380706787,pred_answer,50
531d744c267d7dd053000009,Mistral-7B-Instruct-v0.1,bioasq,"The protein encoded by the gene PABPC4 is a component of the spliceosome complex, which is involved in pre-mRNA splic",False,3,0.9999999999999972,-0.1580693392071381,C1418230,0.8846487998962402,0.847416877746582,0.0372319221496582,pred_answer,50
55241f9e2c8b63434a000004,Mistral-7B-Instruct-v0.1,bioasq,Tyrosine kinase.,False,3,0.4999999999999985,-0.258022780491891,C0033681,0.9871341586112976,0.9599659442901611,0.027168214321136475,pred_answer,50
52ee9f55c8da898910000009,Mistral-7B-Instruct-v0.1,bioasq,Autosomal dominant,True,3,0.7499999999999978,-0.3023413026239723,C0443147,0.9999996423721313,0.9999996423721313,0.0,pred_answer,50
56cdf5315795f9a73e000046,Mistral-7B-Instruct-v0.1,bioasq,The enzyme that degrades decapped mRNAs is XRN4.,False,3,0.7499999999999978,-0.1313931151670374,C1414131,0.7547179460525513,0.7455309629440308,0.009186983108520508,pred_answer,50
56f780cb09dd18d46b000011,Mistral-7B-Instruct-v0.1,bioasq,The target protein of the drug nivolumab is programmed death-1 (PD-1).,False,3,-8.00856625953729e-16,-0.0340764982441303,C3657270,0.8334102630615234,0.8266987800598145,0.006711483001708984,pred_answer,50
56ed0ffe2ac5ed1459000008,Mistral-7B-Instruct-v0.1,bioasq,Ixazomib is being evaluated for multiple myeloma.,True,3,-8.00856625953729e-16,-0.0358532671513179,C3273711,0.8736242651939392,0.8417526483535767,0.03187161684036255,pred_answer,50
5177def18ed59a060a000034,Mistral-7B-Instruct-v0.1,bioasq,"K-ras alterations in carcinomas are caused by point mutations in the KRAS gene, resulting in the activation of the K-ras protein",True,3,0.9999999999999972,-0.3083818292296598,C3898644,0.7959118485450745,0.789845883846283,0.006065964698791504,pred_answer,50
5506ce078e1671127b00000b,Mistral-7B-Instruct-v0.1,bioasq,"Protein phosphatase 1B (PP1B) has been found to interact with the heat shock protein, HSP20.",True,3,0.7499999999999978,-0.1462313311079,C1538073,0.7030056715011597,0.7007758617401123,0.0022298097610473633,pred_answer,50
532f0bd6d6d3ac6a3400002d,Mistral-7B-Instruct-v0.1,bioasq,Autosomal Recessive,False,3,0.9999999999999972,-0.258043071821362,C0441748,0.9999989867210388,0.9737221002578735,0.026276886463165283,pred_answer,50
530cf22aa177c6630c000004,Mistral-7B-Instruct-v0.1,bioasq,Ctf4 is a protein that plays a crucial role in DNA replication by providing a platform for the assembly of the replication machinery. It interacts with,False,3,0.9999999999999972,-0.4386450457989781,C1427963,0.8620325326919556,0.7931303977966309,0.06890213489532471,pred_answer,50
53130a77e3eabad02100000f,Mistral-7B-Instruct-v0.1,bioasq,Growth hormone deficiency.,True,3,0.405639062229565,-0.1267366058393122,C3714796,0.9947718381881714,0.9947718381881714,0.0,pred_answer,50
5343bdd6aeec6fbd07000001,Mistral-7B-Instruct-v0.1,bioasq,Serine 2,False,3,0.7499999999999978,-0.6428992033004761,C2827379,0.8683598637580872,0.8683598637580872,0.0,pred_answer,50
56ae57350a360a5e4500000a,Mistral-7B-Instruct-v0.1,bioasq,LeuRS translational quality control targets the ribosome.,False,3,0.9999999999999972,-0.2136745023503213,C1424741,0.8738492727279663,0.8303519487380981,0.043497323989868164,pred_answer,50
53357ca0d6d3ac6a3400004b,Mistral-7B-Instruct-v0.1,bioasq,The enzyme that is inhibited by the drug fostamatinib is c-Kit tyrosine kinase.,False,3,0.7499999999999978,-0.1041340359679821,C1416655,0.7646865844726562,0.7646865248680115,5.960464477539063e-08,pred_answer,50
56c1f039ef6e394741000052,Mistral-7B-Instruct-v0.1,bioasq,The antibody implicated in Bickerstaff's brainstem encephalitis is anti-myelin antibody.,False,3,0.7499999999999978,-0.1012039447062846,C1276239,0.8221896886825562,0.7969343662261963,0.025255322456359863,pred_answer,50
532670e7d6d3ac6a34000008,Mistral-7B-Instruct-v0.1,bioasq,The typical alteration of the thyroid profile metabolism early after coronary artery bypass graft surgery is a decrease in free thyroxine,False,3,0.9999999999999972,-0.1097054500824619,C0948240,0.6545555591583252,0.6509712338447571,0.0035843253135681152,pred_answer,50
56cae60f5795f9a73e00002b,Mistral-7B-Instruct-v0.1,bioasq,Ataxin-2,False,3,0.9999999999999972,-0.4746105785792072,C1538299,0.9999994039535522,0.9999994039535522,0.0,pred_answer,50
513ce494bee46bd34c000009,Mistral-7B-Instruct-v0.1,bioasq,Cystic Fibrosis,False,3,0.7499999999999978,-0.1672043869147756,C0010674,0.9999994039535522,0.9499043226242065,0.0500950813293457,pred_answer,50
55376f19bc4f83e82800000c,Mistral-7B-Instruct-v0.1,bioasq,The most common type of pediatric cerebellar tumor is medulloblastoma.,True,3,0.7499999999999978,-0.0721050523843854,C4024934,0.9238187670707703,0.923080325126648,0.0007384419441223145,pred_answer,50
514a51c2d24251bc0500005c,Mistral-7B-Instruct-v0.1,bioasq,Prolactinoma.,True,3,0.9999999999999972,-0.1572521999020994,C0033375,0.9916502833366394,0.9130532741546631,0.07859700918197632,pred_answer,50
56b397a98525abca1e000003,Mistral-7B-Instruct-v0.1,bioasq,"Lipid droplets are used for storing lipids, such as triglycerides, cholesterol, and fatty acids,",False,3,0.7499999999999978,-0.2840944101002911,C0230704,0.9096373915672302,0.8832660913467407,0.026371300220489502,pred_answer,50
56d138fe3975bb303a000015,Mistral-7B-Instruct-v0.1,bioasq,The transcription factor that activates the betalain pathway is MYB.,False,3,0.405639062229565,-0.2091243169995778,C5671296,0.8443771004676819,0.8443771004676819,0.0,pred_answer,50
512d2fff5274a5fb07000006,Mistral-7B-Instruct-v0.1,bioasq,H3K4me3 is a histone mark related to transcriptional initiation.,True,3,0.405639062229565,-0.1363192597821353,C3829683,0.9002333879470825,0.8223697543144226,0.07786363363265991,pred_answer,50
5326a85ad6d3ac6a3400000b,Mistral-7B-Instruct-v0.1,bioasq,Polyadenylate-binding protein 4 (PABP4) binds to poly(A) tails of messenger RNA (mR,False,3,0.9999999999999972,-0.1007508374669026,C1418230,0.8767834901809692,0.8767834901809692,0.0,pred_answer,50
51585b28d24251bc0500008d,Mistral-7B-Instruct-v0.1,bioasq,DNA methyltransferase (DNMT),False,3,0.405639062229565,-0.2509791174263228,C0012873,0.9450491070747375,0.9431974291801453,0.0018516778945922852,pred_answer,50
57138eb21174fb175500000a,Mistral-7B-Instruct-v0.1,bioasq,SCA3 is caused by mutations in the gene encoding the protein ataxin-3.,True,3,0.7499999999999978,-0.2955813133868928,C1538301,0.924346387386322,0.9235062003135681,0.0008401870727539062,pred_answer,50
553656c4bc4f83e828000009,Mistral-7B-Instruct-v0.1,bioasq,The translocation harbored in Askin tumor cells is t(11;19)(p13;q13).,False,3,0.7499999999999978,-0.3167516223136772,C1515711,0.8626936674118042,0.8581833243370056,0.004510343074798584,pred_answer,50
56bdcc4cef6e394741000002,Mistral-7B-Instruct-v0.1,bioasq,"The R/bioconductor package ""ggplot2"" utilizes the Hilbert curve to visualize genomic data.",False,3,0.7499999999999978,-0.1434249413892351,C5993851,0.6065189242362976,0.6048976182937622,0.0016213059425354004,pred_answer,50
56c1f01aef6e394741000043,Mistral-7B-Instruct-v0.1,bioasq,Pembrolizumab targets programmed death-1 (PD-1) receptors.,False,3,0.405639062229565,-0.1068946381969469,C3658706,0.8975350260734558,0.8829837441444397,0.014551281929016113,pred_answer,50
52e8e93498d023950500001e,Mistral-7B-Instruct-v0.1,bioasq,X-linked recessive,False,3,0.9999999999999972,-0.2798067950751439,C1845977,0.9999991059303284,0.9999991059303284,0.0,pred_answer,50
51bdd9c2047fa84d1d000002,Mistral-7B-Instruct-v0.1,bioasq,The receptor for substrates of Chaperone Mediated Autophagy is the LC2/LC3-II complex.,False,3,0.9999999999999972,-0.3318292884101237,C3642279,0.8052213191986084,0.781957745552063,0.02326357364654541,pred_answer,50
52f509512059c6d71c000020,Mistral-7B-Instruct-v0.1,bioasq,Autosomal dominant,False,3,0.7499999999999978,-0.312672261400318,C0443147,0.9999996423721313,0.9999996423721313,0.0,pred_answer,50
56c83f365795f9a73e000011,Mistral-7B-Instruct-v0.1,bioasq,TDP-43 and FUS proteins belong to the domain of RNA-binding proteins (RBPs). RBPs are known to,False,3,0.9999999999999972,-0.2709172027857391,C4042843,0.7531824111938477,0.7258169054985046,0.027365505695343018,pred_answer,50
550f0e4c6a8cde6b72000003,Mistral-7B-Instruct-v0.1,bioasq,The disease associated with the ectopic expression of the protein encoded by the gene DUX4 is Duchenne muscular dystrophy.,False,3,0.7499999999999978,-0.0824562463976938,C0410165,0.7954383492469788,0.7906217575073242,0.004816591739654541,pred_answer,50
5319ac36b166e2b806000031,Mistral-7B-Instruct-v0.1,bioasq,G protein essential in the formation and function of lamellipodia is Cdc42.,False,3,0.7499999999999978,-0.1912393649301355,C0082645,0.8650870323181152,0.8650870323181152,0.0,pred_answer,50
531d1998267d7dd053000001,Mistral-7B-Instruct-v0.1,bioasq,Hypothyroidism in patients with acute myocardial infarction is associated with a poorer prognosis.,False,3,0.7499999999999978,-0.1536279469145753,C0348863,0.7069460153579712,0.6861087083816528,0.02083730697631836,pred_answer,50
54cb9c94f693c3b16b000005,Mistral-7B-Instruct-v0.1,bioasq,Calcium ATPase (CaATPase),False,3,0.7499999999999978,-0.3308424544811714,C0001476,0.8577511310577393,0.8052477240562439,0.05250340700149536,pred_answer,50
56cdf3e55795f9a73e00003c,Mistral-7B-Instruct-v0.1,bioasq,RAG GTPases are required for amino acid-dependent activation of mTORC1.,False,3,0.405639062229565,-0.1163993015573561,C1414304,0.7788581848144531,0.7743731141090393,0.004485070705413818,pred_answer,50
56e2acfe51531f7e33000014,Mistral-7B-Instruct-v0.1,bioasq,Cohesin is deposited on the yeast genome during the S phase of the cell cycle.,False,3,0.405639062229565,-0.0824342491673258,C1166689,0.801970899105072,0.8016042709350586,0.00036662817001342773,pred_answer,50
534abe8aaeec6fbd07000013,Mistral-7B-Instruct-v0.1,bioasq,Hsp70,True,3,0.405639062229565,-0.2523567155469209,C0243043,0.9999996423721313,0.9999996423721313,0.0,pred_answer,50
534e364e288f4dae47000001,Mistral-7B-Instruct-v0.1,bioasq,Approximately 200 recombination hotspots have been found in the yeast genome.,True,3,0.7499999999999978,-0.1138409105280852,C6018025,0.6270710825920105,0.6214685440063477,0.005602538585662842,pred_answer,50
56a8b8b5a17756b72f000005,Mistral-7B-Instruct-v0.1,bioasq,The outcome of TAF10 interacting with the GATA1 transcription factor is not specified in the question.,False,3,0.9999999999999972,-0.1533701958484369,C3529749,0.6658167243003845,0.6637774109840393,0.002039313316345215,pred_answer,50
5313058de3eabad02100000e,Mistral-7B-Instruct-v0.1,bioasq,Lumbar spine.,False,3,0.9999999999999972,-0.3791895804606611,C0024091,0.9938703179359436,0.9926395416259766,0.001230776309967041,pred_answer,50
53189b05b166e2b80600001e,Mistral-7B-Instruct-v0.1,bioasq,Lymphocytes in Sjogren's syndrome can attack the salivary and lacrimal glands.,False,3,0.9999999999999972,-0.1247775007380745,C5767528,0.8078134059906006,0.8053550720214844,0.002458333969116211,pred_answer,50
56ae70050a360a5e4500000f,Mistral-7B-Instruct-v0.1,bioasq,The RUNX1-MYEF2 complex plays a role in the regulation of gene expression during embryonic development and tissue homeostasis.,False,3,0.7499999999999978,-0.2795753121307048,C1512144,0.7390580773353577,0.7290340662002563,0.010024011135101318,pred_answer,50
53261e79600967d132000003,Mistral-7B-Instruct-v0.1,bioasq,"In heart failure patients, elevated levels of thyroid hormone are associated with increased levels of inflammatory markers.",False,3,0.9999999999999972,-0.2018945135379602,C5438685,0.6828580498695374,0.6537260413169861,0.02913200855255127,pred_answer,50
56f961b3cf1c325851000003,Mistral-7B-Instruct-v0.1,bioasq,The color of the protein Ranasmurfin is not specified in the question.,False,3,0.7499999999999978,-0.3010093983124106,C0486206,0.6751391291618347,0.6700796484947205,0.005059480667114258,pred_answer,50
53372ba3d6d3ac6a34000058,Mistral-7B-Instruct-v0.1,bioasq,The histone modification primarily linked to elongating transcription is H3K4me3.,False,3,0.7499999999999978,-0.0986845404299315,C3829683,0.8966702222824097,0.7943081855773926,0.10236203670501709,pred_answer,50
5319a708b166e2b806000024,Mistral-7B-Instruct-v0.1,bioasq,Bortezomib is used in cancer therapy to target the protein called cereblon.,False,3,0.9999999999999972,-0.2225609979960609,C4760672,0.8362047076225281,0.8260880708694458,0.010116636753082275,pred_answer,50
52ece29f98d023950500002c,Mistral-7B-Instruct-v0.1,bioasq,The thyroid hormone transporter implicated in thyroid hormone resistance syndrome is PPAR-beta/delta.,False,4,0.9999999999999968,-0.2004636136521003,C0287592,0.762046217918396,0.7573254108428955,0.004720807075500488,pred_answer,50
53175e9fb166e2b80600000a,Mistral-7B-Instruct-v0.1,bioasq,"LKB1 is a tumor suppressor gene that plays a role in regulating cell growth and division. In Peutz-Jeghers syndrome,",False,3,0.7499999999999978,-0.2059278718798225,C0694883,0.8177162408828735,0.7943748831748962,0.023341357707977295,pred_answer,50
56c1f009ef6e39474100003c,Mistral-7B-Instruct-v0.1,bioasq,Eliglustat is used to treat Gaucher disease.,False,3,0.7499999999999978,-0.1255420587471993,C3272699,0.8008707761764526,0.7763754725456238,0.024495303630828857,pred_answer,50
54e0ace81388e8454a000010,Mistral-7B-Instruct-v0.1,bioasq,Cytoplasmic.,False,3,-8.00856625953729e-16,-0.1039493100172746,C0521449,0.9829013347625732,0.9829013347625732,0.0,pred_answer,50
56fcf1b8cf1c325851000005,Mistral-7B-Instruct-v0.1,bioasq,SATB1 modulates both transcriptional and post-transcriptional regulation of genes.,False,3,0.9999999999999972,-0.2723887987495756,C2699550,0.7836325764656067,0.7651431560516357,0.018489420413970947,pred_answer,50
56cafa845795f9a73e00002e,Mistral-7B-Instruct-v0.1,bioasq,The protein pathway regulating SGK1-mediated phosphorylation of FOXO3a to control cell proliferation is the PI,False,3,0.9999999999999972,-0.0738072491127459,C3549111,0.6660980582237244,0.6521165370941162,0.013981521129608154,pred_answer,50
53262cdcd6d3ac6a34000003,Mistral-7B-Instruct-v0.1,bioasq,There is no definitive treatment for low pressure headaches as the condition is often self-diagnosable and can be managed with over-the-counter,False,3,0.9999999999999972,-0.2343918400037381,C3175729,0.7788892388343811,0.7573202252388,0.021569013595581055,pred_answer,50
5344155faeec6fbd07000005,Mistral-7B-Instruct-v0.1,bioasq,X-linked recessive,False,3,0.9999999999999972,-0.1550776649026894,C1845977,0.9999991059303284,0.9999991059303284,0.0,pred_answer,50
553ca8d8f32186855800000d,Mistral-7B-Instruct-v0.1,bioasq,The absence of Saccharomyces cerevisiae Rrm3p results in the accumulation of 2'-deoxyribonucleot,False,3,0.9999999999999972,-0.2611495106531833,C1291407,0.6647864580154419,0.6452772617340088,0.019509196281433105,pred_answer,50
5139b31dbee46bd34c000004,Mistral-7B-Instruct-v0.1,bioasq,The most widely used model for the study of multiple sclerosis (MS) is the autoimmune model.,False,3,-8.00856625953729e-16,-0.0513372328226137,C0026769,0.7845299243927002,0.7673424482345581,0.01718747615814209,pred_answer,50
55192892622b194345000012,Mistral-7B-Instruct-v0.1,bioasq,The E3 ubiquitin ligase that mediates the ubiquitination and degradation of the interferon receptor type 1 (,False,3,0.7499999999999978,-0.0382017079469845,C1334195,0.7435274124145508,0.7435274124145508,0.0,pred_answer,50
56cdf5195795f9a73e000045,Mistral-7B-Instruct-v0.1,bioasq,The protein required for Argonaute 2 recruitment to stress granules and P-bodies is TARBP2.,False,3,0.7499999999999978,-0.1937756651982898,C1612779,0.8619021773338318,0.854505181312561,0.007396996021270752,pred_answer,50
52bf19f703868f1b06000002,Mistral-7B-Instruct-v0.1,bioasq,Autosomal dominant,True,3,0.9999999999999972,-0.3760153837811231,C0443147,0.9999996423721313,0.9999996423721313,0.0,pred_answer,50
54cf45e7f693c3b16b00000a,Mistral-7B-Instruct-v0.1,bioasq,The main calcium binding protein of the sarcoplasmic reticulum is calmodulin.,False,3,0.405639062229565,-0.1070136990267446,C0006772,0.8914180397987366,0.8877314329147339,0.0036866068840026855,pred_answer,50
52f896d62059c6d71c000046,Mistral-7B-Instruct-v0.1,bioasq,Gulf War Syndrome is a term used to describe a range of symptoms reported by veterans of the 1990-1991 Gulf War,False,3,0.7499999999999978,-0.2229753888006342,C2079571,0.7684179544448853,0.7554898858070374,0.0129280686378479,pred_answer,50
52f899952059c6d71c00004b,Mistral-7B-Instruct-v0.1,bioasq,The mutation associated with PLMS (periodic limb movements in sleep) is the C9orf72 gene mutation.,False,3,0.9999999999999972,-0.2118833542030427,C1970020,0.7588775157928467,0.7544379234313965,0.004439592361450195,pred_answer,50
56ae6e650a360a5e4500000e,Mistral-7B-Instruct-v0.1,bioasq,The only available genomics and developmental transcriptomics resource for the urochordate Oikopleura dioica is the Oikopleura,False,3,0.405639062229565,-0.0807901282252245,C0967511,0.7478654384613037,0.7143393754959106,0.033526062965393066,pred_answer,50
5314bd7ddae131f847000006,Mistral-7B-Instruct-v0.1,bioasq,The hormone receptor function that is altered in patients with Donohue syndrome is the function of the thyroid hormone receptor.,False,3,0.9999999999999972,-0.2040009758627626,C0265344,0.684633731842041,0.6780528426170349,0.0065808892250061035,pred_answer,50
5339edd6d6d3ac6a34000061,Mistral-7B-Instruct-v0.1,bioasq,Delayed enhancement in patients with hypertrophic cardiomyopathy is a sign of myocardial ischemia and can indicate the,False,3,0.7499999999999978,-0.1637940881679025,C5539856,0.8083817958831787,0.7124779224395752,0.09590387344360352,pred_answer,50
56b1f4300a360a5e4500001b,Mistral-7B-Instruct-v0.1,bioasq,Cystatin C,False,3,0.405639062229565,-0.4900172026827931,C0071744,0.999999463558197,0.999999463558197,0.0,pred_answer,50
5357b36cf1005d6b58000006,Mistral-7B-Instruct-v0.1,bioasq,CHEK2 genetic variant c.1100G>A (rs17883097) is the main genetic variant thought,False,3,0.405639062229565,-0.2950728885496119,C1858434,0.8941898345947266,0.757770836353302,0.13641899824142456,pred_answer,50
530f900ee3eabad021000003,Mistral-7B-Instruct-v0.1,bioasq,The exact hormone concentrations that are altered in patients with Allan–Herndon–Dudley syndrome are not specified in the question.,False,3,0.9999999999999972,-0.2125922844515512,C0795889,0.7567358613014221,0.7546660304069519,0.002069830894470215,pred_answer,50
53551206a0726bee57000001,Mistral-7B-Instruct-v0.1,bioasq,"The major adverse effect of adriamycin (doxorubicin) is cardiotoxicity, which can lead to heart failure.",True,3,0.7499999999999978,-0.0737972683854604,C4325524,0.8496043682098389,0.7650444507598877,0.08455991744995117,pred_answer,50
56cae3eb5795f9a73e000021,Mistral-7B-Instruct-v0.1,bioasq,The most likely age of diagnosis of Crohn's disease (CD) is between 15 and 35 years old.,False,3,-8.00856625953729e-16,-0.0592802226080055,C2931133,0.6898582577705383,0.664764404296875,0.02509385347366333,pred_answer,50
54e0d7471388e8454a000015,Mistral-7B-Instruct-v0.1,bioasq,Interleukin-17A (IL-17A),True,3,0.9999999999999972,-0.1762124635399118,C1705947,0.9712559580802917,0.9642679691314697,0.0069879889488220215,pred_answer,50
532ff917d6d3ac6a34000038,Mistral-7B-Instruct-v0.1,bioasq,H3K4me3,False,3,0.7499999999999978,-0.3101201585627028,C3829683,0.9999994039535522,0.8264591693878174,0.17354023456573486,pred_answer,50
530cf4c54a5037880c000008,Mistral-7B-Instruct-v0.1,bioasq,Ibrutinib,True,3,-8.00856625953729e-16,-0.1560333205319087,C3501358,0.9999996423721313,0.8980699181556702,0.10192972421646118,pred_answer,50
54f2210164850a5854000001,Mistral-7B-Instruct-v0.1,bioasq,The protein hepcidin has 12 disulfide bridges.,False,3,0.7499999999999978,-0.2346854512839747,C0966897,0.8755033016204834,0.8715397119522095,0.003963589668273926,pred_answer,50
54e0ba781388e8454a000011,Mistral-7B-Instruct-v0.1,bioasq,The metaxin complex is localized in the nucleus.,False,3,0.7499999999999978,-0.1991723017891087,C1538025,0.749047040939331,0.7386374473571777,0.01040959358215332,pred_answer,50
56f6c11109dd18d46b00000e,Mistral-7B-Instruct-v0.1,bioasq,The receptor for the immunosuppressive drug cyclosporin A (CsA) is the cyclophilin A receptor.,True,3,0.9999999999999972,-0.102153406213759,C0056825,0.8755364418029785,0.8400595188140869,0.0354769229888916,pred_answer,50
536e46f27d100faa09000012,Mistral-7B-Instruct-v0.1,bioasq,The gene most commonly mutated in Tay-Sachs disease is the hexosaminidase A (HEXA) gene.,True,3,0.405639062229565,-0.1144531055524723,C1415522,0.9051576852798462,0.9048599600791931,0.00029772520065307617,pred_answer,50
531e2695267d7dd05300000f,Mistral-7B-Instruct-v0.1,bioasq,The protein encoded by the gene DNAJC11 is localized in the mitochondria.,False,3,0.7499999999999978,-0.1263199909099031,C1539296,0.8807470202445984,0.8235276937484741,0.05721932649612427,pred_answer,50
515df199298dcd4e5100002a,Mistral-7B-Instruct-v0.1,bioasq,"The lay name of the treatment for CCSVI in multiple sclerosis is ""venous angioplasty"" or ""venous intervention.",False,3,0.9999999999999972,-0.1679812649406704,C5670078,0.723641037940979,0.6942022442817688,0.029438793659210205,pred_answer,50
52eea4dcc8da89891000000c,Mistral-7B-Instruct-v0.1,bioasq,Autosomal dominant,False,3,0.9999999999999972,-0.3409497129396186,C0443147,0.9999996423721313,0.9999996423721313,0.0,pred_answer,50
56df03c751531f7e3300000a,Mistral-7B-Instruct-v0.1,bioasq,"N6-methyladenosine (m6A) affects the stability, splicing, and translation of mRNA.",False,3,0.9999999999999972,-0.1245535406752954,C0067228,0.8573834896087646,0.8517212867736816,0.005662202835083008,pred_answer,50
56c8274f5795f9a73e00000d,Mistral-7B-Instruct-v0.1,bioasq,Motor neurons.,True,3,-8.00856625953729e-16,-0.0772661159106064,C0026609,0.9937417507171631,0.9937417507171631,0.0,pred_answer,50
53124bdae3eabad02100000b,Mistral-7B-Instruct-v0.1,bioasq,Rapamycin targets the FK506 binding protein (FKBP12) and its complex with the immunophilin GTPase,False,3,0.9999999999999972,-0.3151366504883413,C1414805,0.9222836494445801,0.9222836494445801,0.0,pred_answer,50
53318685d6d3ac6a3400003d,Mistral-7B-Instruct-v0.1,bioasq,Autosomal dominant.,True,3,0.9999999999999972,-0.2821485189342638,C0443147,0.9868630170822144,0.9868630170822144,0.0,pred_answer,50
56c865d25795f9a73e000016,Mistral-7B-Instruct-v0.1,bioasq,The compound that is a specific inhibitor for Nox1 and Nox4 is Diphenyleneiodonium chloride (DPI).,False,3,0.7499999999999978,-0.1703356049582112,C3179720,0.7772479057312012,0.721943199634552,0.05530470609664917,pred_answer,50
533ba85ffd9a95ea0d000008,Mistral-7B-Instruct-v0.1,bioasq,The frequency of mutations induced spontaneously through Ethylnitrosourea (ENU) mutagenesis is approximately 1-2 mutations per,False,3,0.7499999999999978,-0.1703333155450366,C0044515,0.6917206048965454,0.690792977809906,0.0009276270866394043,pred_answer,50
58a2e5f760087bc10a000007,Mistral-7B-Instruct-v0.1,bioasq,The primary protein component of Lewy bodies is alpha-synuclein.,True,3,-8.00856625953729e-16,-0.0210359477626211,C0285890,0.9297640919685364,0.9296176433563232,0.00014644861221313477,pred_answer,50
58a2df9c60087bc10a000006,Mistral-7B-Instruct-v0.1,bioasq,"The incidence of beta-thalassemia in the Greek population is approximately 1 in 10,000.",False,3,0.405639062229565,-0.1597140297190359,C0002875,0.6769140958786011,0.6707844734191895,0.006129622459411621,pred_answer,50
58a2ced760087bc10a000004,Mistral-7B-Instruct-v0.1,bioasq,The human gene coding for the dopamine transporter (DAT1) is located on chromosome 11.,False,3,0.7499999999999978,-0.0582258646033278,C1420213,0.8916007280349731,0.8916007280349731,0.0,pred_answer,50
58a9c152396a458e50000001,Mistral-7B-Instruct-v0.1,bioasq,Paneth cells.,False,3,0.9999999999999972,-0.2980081850662827,C0227276,0.9932968616485596,0.8847209811210632,0.10857588052749634,pred_answer,50
58a5b1fe60087bc10a000024,Mistral-7B-Instruct-v0.1,bioasq,UBC9 is an enzyme that plays a crucial role in the protein sumoylation pathway by catalyzing the transfer of the small molecule,False,3,0.9999999999999972,-0.2388423977503002,C0534043,0.8382965326309204,0.8296073079109192,0.00868922472000122,pred_answer,50
58bc5e2202b8c60953000002,Mistral-7B-Instruct-v0.1,bioasq,Huntington's disease,False,3,0.405639062229565,-0.1547578586807633,C0020179,0.9999995231628418,0.9304940700531006,0.06950545310974121,pred_answer,50
58b6bd2622d300530900000c,Mistral-7B-Instruct-v0.1,bioasq,ApoE4 is associated with hyperlipoproteinemia.,False,3,0.7499999999999978,-0.0697353163427578,C0052201,0.9007074236869812,0.9007073640823364,5.960464477539063e-08,pred_answer,50
589480b47d9090f353000007,Mistral-7B-Instruct-v0.1,bioasq,The server used for simulation of macromolecular diffusional association is typically a computer or a cluster of computers running specialized software designed for molecular dynamics simulations.,False,3,0.9999999999999972,-0.3483866644198983,C3878638,0.7022634744644165,0.6953531503677368,0.0069103240966796875,pred_answer,50
5891b125621ea6ff7e00000e,Mistral-7B-Instruct-v0.1,bioasq,Gaucher disease.,True,3,0.405639062229565,-0.1324821716140528,C0017205,0.9936500787734985,0.9620298743247986,0.03162020444869995,pred_answer,50
58a2c77a60087bc10a000002,Mistral-7B-Instruct-v0.1,bioasq,"The role of gamma-secretase complex in Alzheimer's Disease is not fully understood, but it is believed to play a role in the",False,3,0.7499999999999978,-0.1736146565342684,C2753842,0.7796926498413086,0.754507303237915,0.025185346603393555,pred_answer,50
589185cc621ea6ff7e00000b,Mistral-7B-Instruct-v0.1,bioasq,Spinal muscular atrophy (SMA),True,3,0.7499999999999978,-0.1797406430042277,C0026847,0.9677006602287292,0.9178119897842407,0.049888670444488525,pred_answer,50
5887fe7d3b87a8a738000008,Mistral-7B-Instruct-v0.1,bioasq,"3,4-diaminobenzoic acid derivatives, also known as antibiotics, play a crucial role in the immune system by",False,3,0.9999999999999972,-0.1783957161746485,C0046947,0.7311530709266663,0.7192878723144531,0.011865198612213135,pred_answer,50
58cc5bae02b8c60953000037,Mistral-7B-Instruct-v0.1,bioasq,The incidence of new cases of X-linked adrenoleukodystrophy (ALD) in Australia and New Zealand in the late 1,False,3,0.9999999999999972,-0.0506029960551925,C4284476,0.8042564392089844,0.8042564392089844,0.0,pred_answer,50
58caf0be02b8c6095300002f,Mistral-7B-Instruct-v0.1,bioasq,The organism that causes woolsorter's disease is a fungus called Aspergillus fumigatus.,False,3,0.7499999999999978,-0.1515006213139703,C0155866,0.8082765340805054,0.7832848429679871,0.02499169111251831,pred_answer,50
58bca2f302b8c6095300000c,Mistral-7B-Instruct-v0.1,bioasq,X,True,3,0.7499999999999978,-0.6068477630615234,C1706494,0.8872198462486267,0.8323588967323303,0.05486094951629639,pred_answer,50
58bac71222d3005309000013,Mistral-7B-Instruct-v0.1,bioasq,H3F36V,False,3,0.9999999999999972,-0.2825961251136115,C5983872,0.7996600866317749,0.78961181640625,0.010048270225524902,pred_answer,50
58cdb41302b8c60953000042,Mistral-7B-Instruct-v0.1,bioasq,Connective tissue.,True,3,0.4999999999999985,-0.2368743644585265,C0009780,0.9929409027099609,0.9440286159515381,0.04891228675842285,pred_answer,50
587f7a69d8d850a152000001,Mistral-7B-Instruct-v0.1,bioasq,"The library used for fixed-length approximate string matching is called ""Boyer-Moore Algorithm"".",False,3,0.7499999999999978,-0.2803287092701794,C1547784,0.6231201887130737,0.6050972938537598,0.018022894859313965,pred_answer,50
5895f7e978275d0c4a000001,Mistral-7B-Instruct-v0.1,bioasq,"The fruit that causes Jamaican vomiting sickness is called ""ackee.",False,3,-8.00856625953729e-16,-0.2996975776066339,C0274888,0.742444634437561,0.727322518825531,0.01512211561203003,pred_answer,50
58cd90c202b8c60953000040,Mistral-7B-Instruct-v0.1,bioasq,IL-18BP is an interleukin-18 binding protein that plays a role in regulating inflammation by inhibiting the activity of,False,3,0.9999999999999972,-0.2039926976389097,C1743775,0.9071451425552368,0.8987376689910889,0.00840747356414795,pred_answer,50
58cf5c5a8acda34529000003,Mistral-7B-Instruct-v0.1,bioasq,Base J is not found in the genome of Leishmania tarentolae.,False,3,0.7499999999999978,-0.079273296026354,C1308746,0.7338356971740723,0.7090949416160583,0.024740755558013916,pred_answer,50
58da111c8acda34529000010,Mistral-7B-Instruct-v0.1,bioasq,Trisomy 13,False,3,0.7499999999999978,-0.1796712261161051,C0152095,0.9999995827674866,0.9999995827674866,0.0,pred_answer,50
58af1cb3717cd3f655000003,Mistral-7B-Instruct-v0.1,bioasq,"Sox9 locus duplication can result in a variety of abnormalities, including skeletal dysplasias, craniofacial mal",False,3,0.9999999999999972,-0.3517910072070833,C2733013,0.7966150045394897,0.7201727032661438,0.07644230127334595,pred_answer,50
58dd0dde8acda34529000027,Mistral-7B-Instruct-v0.1,bioasq,Connective tissue.,True,3,0.405639062229565,-0.186281658399821,C0009780,0.9929409027099609,0.9440286159515381,0.04891228675842285,pred_answer,50
58853922e56acf5176000016,Mistral-7B-Instruct-v0.1,bioasq,Hepatitis B virus (HBV) infection.,False,3,0.7499999999999978,-0.1805291479822537,C0019163,0.9429671764373779,0.9049028754234314,0.03806430101394653,pred_answer,50
58853667e56acf5176000015,Mistral-7B-Instruct-v0.1,bioasq,The direct interaction of Ikaros and Foxp1 in B-lymphocytes leads to the activation of the B-cell receptor (BC,False,3,0.405639062229565,-0.1938166461547581,C4551967,0.6962356567382812,0.6848881244659424,0.011347532272338867,pred_answer,50
5889eb503b87a8a73800000b,Mistral-7B-Instruct-v0.1,bioasq,Pds5b deletion in mice causes the Paget disease of bone syndrome.,False,3,0.405639062229565,-0.4015616018345952,C0268414,0.7903915643692017,0.7707370519638062,0.019654512405395508,pred_answer,50
58de18e48acda3452900002a,Mistral-7B-Instruct-v0.1,bioasq,miR-19a,False,3,0.7499999999999978,-0.3780326566375152,C1537715,0.9938158392906189,0.993780255317688,3.55839729309082e-05,pred_answer,50
58d906b28acda3452900000d,Mistral-7B-Instruct-v0.1,bioasq,The TAZ (G4.5) is located in the nucleus of human cells.,False,3,0.4999999999999985,-0.146373282820215,C1336578,0.8165820837020874,0.7793780565261841,0.03720402717590332,pred_answer,50
58e79e703e8b6dc87c00000a,Mistral-7B-Instruct-v0.1,bioasq,"The percentage of rheumatoid arthritis patients who are responsive to anti-TNF therapy varies, but it is estimated to be around",False,3,0.9999999999999972,-0.1452096438488284,C3248693,0.6710847616195679,0.6702519655227661,0.0008327960968017578,pred_answer,50
5880c42fc872c95565000008,Mistral-7B-Instruct-v0.1,bioasq,Type 2 diabetes.,True,3,0.405639062229565,-0.164594401809154,C0011860,0.9930838346481323,0.9442541599273682,0.04882967472076416,pred_answer,50
58f4b1a170f9fc6f0f000010,Mistral-7B-Instruct-v0.1,bioasq,Amanita phalloides,True,3,0.7499999999999978,-0.1324028465473361,C0319646,0.9999989867210388,0.8957397937774658,0.104259192943573,pred_answer,50
589317e849702f2e01000005,Mistral-7B-Instruct-v0.1,bioasq,"The server used for generating modes of pseudo components of DNA, RNA and protein sequences is not specified in the question.",False,3,0.405639062229565,-0.1059381044161546,C3710434,0.6648202538490295,0.6628725528717041,0.0019477009773254395,pred_answer,50
58eb4ce7eda5a57672000004,Mistral-7B-Instruct-v0.1,bioasq,Transcription factors forkhead 1 and 2 (Fkh1 and Fkh2) are associated with the regulation of cell cycle progression and apopt,False,3,0.9999999999999972,-0.2540924418285541,C0118111,0.8432601094245911,0.8410807847976685,0.0021793246269226074,pred_answer,50
58f3c4b970f9fc6f0f00000a,Mistral-7B-Instruct-v0.1,bioasq,The virus that causes blue tongue disease has a single-stranded RNA genome.,False,3,0.7499999999999978,-0.1084341772990037,C0005867,0.8219196200370789,0.6778784394264221,0.14404118061065674,pred_answer,50
58c27b7102b8c60953000021,Mistral-7B-Instruct-v0.1,bioasq,Chromatin structure and DNA-protein interactions.,False,3,0.9999999999999972,-0.3939549660849479,C1623158,0.8324781656265259,0.8118752241134644,0.020602941513061523,pred_answer,50
58f4b9d470f9fc6f0f000016,Mistral-7B-Instruct-v0.1,bioasq,The organism that causes tularemia is Francisella tularensis.,True,3,-8.00856625953729e-16,-0.0404570265549978,C0445901,0.9793635606765747,0.9724190831184387,0.006944477558135986,pred_answer,50
5895f18ce370baff39000001,Mistral-7B-Instruct-v0.1,bioasq,The method used for prediction of novel microRNA genes in cancer-associated genomic regions is bioinformatics analysis.,False,3,0.405639062229565,-0.0748160574902617,C5569954,0.719474732875824,0.7062916159629822,0.013183116912841797,pred_answer,50
589635dd78275d0c4a000009,Mistral-7B-Instruct-v0.1,bioasq,The tool used for the identification of recurrent variants in noncoding regions is called the Integrated Genome Viewer (IGV).,False,3,0.405639062229565,-0.1554523305194531,C6049858,0.7143048048019409,0.680054247379303,0.03425055742263794,pred_answer,50
5a7d51dafaa1ab7d2e000017,Mistral-7B-Instruct-v0.1,bioasq,IVIG is administered intravenously in Alzheimer's disease patients.,True,3,0.9999999999999972,-0.1807480441659158,C0949574,0.7459784150123596,0.696982741355896,0.04899567365646362,pred_answer,50
5a43a139966455904c000008,Mistral-7B-Instruct-v0.1,bioasq,The NOMe-Seq methodology measures DNA methylation patterns.,False,3,-8.00856625953729e-16,-0.152296855908844,C3828807,0.8409353494644165,0.7937201857566833,0.047215163707733154,pred_answer,50
58edf567eda5a57672000011,Mistral-7B-Instruct-v0.1,bioasq,The DosR regulon in Mycobacterium tuberculosis is controlled by approximately 100 genes.,False,3,0.7499999999999978,-0.2465217663710682,C2742852,0.7461565732955933,0.6898171901702881,0.056339383125305176,pred_answer,50
5a67b2f7b750ff445500000f,Mistral-7B-Instruct-v0.1,bioasq,Stress urinary incontinence.,True,3,0.7499999999999978,-0.2027096117788258,C0042025,0.991585373878479,0.9103361964225769,0.0812491774559021,pred_answer,50
593ff22b70f9fc6f0f000023,Mistral-7B-Instruct-v0.1,bioasq,There are 10 GRG genes in the mouse genome.,False,3,0.405639062229565,-0.3520289483683878,C1448836,0.7223902940750122,0.7091644406318665,0.013225853443145752,pred_answer,50
5a8941c5bc7bade53a000002,Mistral-7B-Instruct-v0.1,bioasq,Serine 133,False,3,0.7499999999999978,-0.3221550762121166,C0136049,0.7215582132339478,0.7181122899055481,0.003445923328399658,pred_answer,50
5a7d6287faa1ab7d2e00001c,Mistral-7B-Instruct-v0.1,bioasq,GDF15 binds to the receptor GDFR.,False,3,0.4999999999999985,-0.2632630508485514,C1335222,0.7510833740234375,0.7510833740234375,0.0,pred_answer,50
5a87d73861bb38fb2400000b,Mistral-7B-Instruct-v0.1,bioasq,The main ribotype of Clostridium difficile responsible for the recent outbreak is C. difficile ribotype 027.,True,3,0.7499999999999978,-0.0880222535791789,C6064701,0.8022313714027405,0.7820430994033813,0.02018827199935913,pred_answer,50
5a7610af83b0d9ea6600001a,Mistral-7B-Instruct-v0.1,bioasq,Janus kinase 1 (JAK1),False,3,0.7499999999999978,-0.2062967153227267,C0169658,0.9310283660888672,0.9267125129699707,0.004315853118896484,pred_answer,50
5a6e472ab750ff4455000048,Mistral-7B-Instruct-v0.1,bioasq,The function of the TMEM132 genes is not well understood and more research is needed to determine their specific role in the body.,False,3,0.9999999999999972,-0.2164990341750659,C2681306,0.7271072864532471,0.7001351714134216,0.02697211503982544,pred_answer,50
5a735b383b9d13c708000002,Mistral-7B-Instruct-v0.1,bioasq,The name of the RNAi investigational drug being developed against hereditary amyloidosis is patisiran.,True,3,0.405639062229565,-0.0795449986509148,C3896714,0.8587279915809631,0.828902542591095,0.029825448989868164,pred_answer,50
5a68f448b750ff4455000018,Mistral-7B-Instruct-v0.1,bioasq,The bacteria that causes erythrasma is Corynebacterium minutum.,False,3,0.9999999999999972,-0.0821121056229344,C0010154,0.8136770129203796,0.7978911399841309,0.01578587293624878,pred_answer,50
5a895f51fcd1d6a10c000004,Mistral-7B-Instruct-v0.1,bioasq,CTCF binding sites prefer to be located at the edges of chromatin loops.,False,3,0.7499999999999978,-0.4000605338301016,C0669443,0.7347307801246643,0.7263903021812439,0.00834047794342041,pred_answer,50
5a6a02a3b750ff4455000021,Mistral-7B-Instruct-v0.1,bioasq,The most common cause of hereditary renal amyloidosis is transthyretin (TTR).,False,3,0.405639062229565,-0.098945719437416,C2751492,0.8876463770866394,0.8540613055229187,0.0335850715637207,pred_answer,50
5a74a8a70384be9551000005,Mistral-7B-Instruct-v0.1,bioasq,Onpattro (patisiran) is a siRNA-based drug in clinical trials for the treatment of pancreatic cancer.,False,3,0.7499999999999978,-0.0675778185781851,C3896714,0.8702030181884766,0.8686153888702393,0.0015876293182373047,pred_answer,50
5a6a3464b750ff4455000026,Mistral-7B-Instruct-v0.1,bioasq,"The algorithm that has been developed to improve multiple circular sequence alignment using refined sequences is called the ""Circular Consensus Sequence (CCS) Algorithm",False,3,0.9999999999999972,-0.2685473725512111,C1140228,0.6853130459785461,0.6745122075080872,0.010800838470458984,pred_answer,50
5a6d08d5b750ff445500002c,Mistral-7B-Instruct-v0.1,bioasq,The stapled peptide designed to target Ctf4 is not specified in the question.,False,3,0.405639062229565,-0.1926920941666675,C2361939,0.6583868861198425,0.6513891816139221,0.00699770450592041,pred_answer,50
5a6fa31ab750ff445500005e,Mistral-7B-Instruct-v0.1,bioasq,The Enhancer-Trap method has been developed for assignment of enhancers to target genes.,False,3,0.9999999999999972,-0.2296181018097654,C1425496,0.6857849359512329,0.6681666970252991,0.017618238925933838,pred_answer,50
5a6d196db750ff4455000032,Mistral-7B-Instruct-v0.1,bioasq,The resource that has been developed to study the transcriptional regulation of GABAergic cell fate is a gene expression database called the GABAerg,False,3,0.9999999999999972,-0.2797680575902337,C5960827,0.739538311958313,0.739538311958313,0.0,pred_answer,50
5a68f005b750ff4455000016,Mistral-7B-Instruct-v0.1,bioasq,Borderline personality disorder.,True,3,0.405639062229565,-0.0590675681882463,C0006012,0.9937081336975098,0.888996422290802,0.10471171140670776,pred_answer,50
5a6900ebb750ff445500001d,Mistral-7B-Instruct-v0.1,bioasq,The Finkelstein's test is used to diagnose rheumatoid arthritis.,False,3,0.7499999999999978,-0.0792703332833051,C0231669,0.828332781791687,0.8166130781173706,0.011719703674316406,pred_answer,50
5a6e2578b750ff445500003d,Mistral-7B-Instruct-v0.1,bioasq,"The package in Bioconductor that has been developed with the aim to analyze differential DNA loops from sequencing data is called ""LoopSeq"".",False,3,0.7499999999999978,-0.1562969081297221,C0445022,0.650469958782196,0.6501439809799194,0.00032597780227661133,pred_answer,50
5a8712af61bb38fb24000002,Mistral-7B-Instruct-v0.1,bioasq,There is a link between psoriatic arthritis and depression. Studies have shown that people with psoriatic arthritis are more,False,3,0.4999999999999985,-0.0940848740644735,C3177041,0.7457170486450195,0.7322845458984375,0.013432502746582031,pred_answer,50
5a9e2386de7cb99d40000004,Mistral-7B-Instruct-v0.1,bioasq,Forxiga is used to treat high blood pressure.,False,3,0.7499999999999978,-0.2527543276676927,C5433403,0.7100005149841309,0.6559553146362305,0.05404520034790039,pred_answer,50
5a761ac3aacfb9cd4c000002,Mistral-7B-Instruct-v0.1,bioasq,The most common feature of Doege–Potter syndrome is short stature.,False,3,0.7499999999999978,-0.203269070862958,C1836875,0.735901951789856,0.7237426042556763,0.012159347534179688,pred_answer,50
5a67c497b750ff4455000012,Mistral-7B-Instruct-v0.1,bioasq,Whole genome sequencing (WGS) is the method available for whole genome identification of pathogenic regulatory variants in Mendelian disease.,False,3,0.405639062229565,-0.1277792257425023,C6015387,0.7483888864517212,0.7374378442764282,0.010951042175292969,pred_answer,50
5a774fdcfaa1ab7d2e000008,Mistral-7B-Instruct-v0.1,bioasq,Tudor interacting repair regulator (TIRR) regulates the protein Tudor domain containing protein 1 (TDP-1).,False,3,0.7499999999999978,-0.2296014988247671,C1538500,0.7794932126998901,0.734740138053894,0.044753074645996094,pred_answer,50
5aa6c800d6d6b54f79000012,Mistral-7B-Instruct-v0.1,bioasq,Liquid-liquid phase transition is a phase transition in which a liquid changes into another liquid.,False,3,0.7499999999999978,-0.2788511188203291,C2936610,0.8476303815841675,0.8246392607688904,0.0229911208152771,pred_answer,50
5a9d8d691d1251d03b000020,Mistral-7B-Instruct-v0.1,bioasq,There is no established association between the protein RAB10 and Alzheimer's disease.,False,3,0.7499999999999978,-0.2140280626802266,C1864828,0.7277734279632568,0.7030306458473206,0.02474278211593628,pred_answer,50
5aa50086d6d6b54f7900000c,Mistral-7B-Instruct-v0.1,bioasq,"Ubiquilins are proteins that play a role in various cellular processes, including protein folding, trafficking, and degradation. They",False,3,0.7499999999999978,-0.2044175481780392,C0962589,0.8614333868026733,0.8121219873428345,0.04931139945983887,pred_answer,50
5a7639419e632bc066000005,Mistral-7B-Instruct-v0.1,bioasq,The algorithm developed for prediction of protein subcellular localization using deep learning is called DeepPIL.,False,3,0.9999999999999972,-0.2239007614763605,C4704761,0.77028489112854,0.6918132901191711,0.0784716010093689,pred_answer,50
5a7373f63b9d13c708000008,Mistral-7B-Instruct-v0.1,bioasq,"Fexinidazole is used to treat certain parasitic infections, such as leishmaniasis and giardiasis.",False,3,0.9999999999999972,-0.220578999373944,C0060304,0.7802940011024475,0.7293058037757874,0.050988197326660156,pred_answer,50
5a95765bfcd1d6a10c000028,Mistral-7B-Instruct-v0.1,bioasq,The suprachiasmatic nucleus (SCN) of the hypothalamus controls the circadian clock.,False,3,0.405639062229565,-0.0200923500822519,C2256413,0.8241814374923706,0.819101095199585,0.0050803422927856445,pred_answer,50
5aa3fb7ad6d6b54f79000009,Mistral-7B-Instruct-v0.1,bioasq,There is no single drug that cures hepatitis C. The standard of care for hepatitis C treatment is a combination of antiviral medications.,False,3,0.7499999999999978,-0.2008239463673691,C4763900,0.8124607801437378,0.8097353577613831,0.0027254223823547363,pred_answer,50
5abd5a62fcf4565872000031,Mistral-7B-Instruct-v0.1,bioasq,"EcoRI, restriction endonuclease, was isolated from Escherichia coli bacteria.",False,3,0.7499999999999978,-0.1017001460850517,C0011516,0.853426456451416,0.8328366875648499,0.020589768886566162,pred_answer,50
5abd2ce0fcf456587200002a,Mistral-7B-Instruct-v0.1,bioasq,The two main bacterial phyla in human gut are Firmicutes and Bacteroidetes.,False,3,0.405639062229565,-0.0438472399453693,C1634514,0.7907342910766602,0.7873069047927856,0.0034273862838745117,pred_answer,50
5ac08fe7d0c506ce46000003,Mistral-7B-Instruct-v0.1,bioasq,The MCF-7 cell line is of human origin.,False,3,0.9999999999999972,-0.1090059277361293,C0596890,0.9033308625221252,0.7654117345809937,0.1379191279411316,pred_answer,50
5ab90a79fcf456587200001b,Mistral-7B-Instruct-v0.1,bioasq,The drug treatment that can cause a spinal epidural hematoma is anticoagulants.,False,3,0.9999999999999972,-0.1433703227449996,C2873796,0.7171882390975952,0.7046152353286743,0.012573003768920898,pred_answer,50
5ad4dd93133db5eb78000008,Mistral-7B-Instruct-v0.1,bioasq,The clathrin triskelia structure refers to the three-dimensional arrangement of clathrin molecules in the plasma membrane of cells. Clathrin,False,3,0.9999999999999972,-0.2988214730709408,C2754641,0.8971145153045654,0.8282973170280457,0.06881719827651978,pred_answer,50
5c34ad63da8336e21a000007,Mistral-7B-Instruct-v0.1,bioasq,"Transposons are mobile genetic elements that can insert into DNA sequences at specific locations, known as ""hotspots."" These hotspots are not well understood",False,3,0.9999999999999972,-0.4671573446678039,C2986491,0.777924656867981,0.7098751068115234,0.06804955005645752,pred_answer,50
5c58474786df2b9174000001,Mistral-7B-Instruct-v0.1,bioasq,The algorithm that has been developed for the automatic extraction of co-expressed gene clusters from gene expression data is called k-means clustering.,True,3,0.405639062229565,-0.0680373627017472,C5940626,0.7859620451927185,0.7763860821723938,0.009575963020324707,pred_answer,50
5c34ac49da8336e21a000006,Mistral-7B-Instruct-v0.1,bioasq,DNA hydroxymethylation is a type of epigenetic modification that can affect gene expression. In patients with Systemic Lupus Erythe,False,3,0.9999999999999972,-0.1949589583419673,C1274853,0.6408002376556396,0.63358473777771,0.0072154998779296875,pred_answer,50
5c011057133db5eb78000025,Mistral-7B-Instruct-v0.1,bioasq,Sutezolid was in phase III clinical trials in 2018.,True,3,0.405639062229565,-0.1465500034728898,C4079994,0.8232393860816956,0.7366613149642944,0.08657807111740112,pred_answer,50
5c5f2c0c1a4c55d80b000021,Mistral-7B-Instruct-v0.1,bioasq,Gingipain is an enzyme found in the oral bacteria Porphyromonas gingivalis.,False,3,0.405639062229565,-0.2092691973609908,C0389643,0.8686196804046631,0.8586008548736572,0.01001882553100586,pred_answer,50
5c5f3a1f1a4c55d80b000028,Mistral-7B-Instruct-v0.1,bioasq,Fucokinase is an enzyme that catalyzes the hydrolysis of glycosidic bonds in fucoglycans,False,3,-8.00856625953729e-16,-0.1634912880378038,C0060795,0.8789650201797485,0.8789534568786621,1.1563301086425781e-05,pred_answer,50
5c6be8f07c78d69471000032,Mistral-7B-Instruct-v0.1,bioasq,The Protein Carbonylation Database (PCarboDB) has been developed that contains experimentally-confirmed carbonylated proteins.,False,3,0.405639062229565,-0.1748461258273668,C1976996,0.7871123552322388,0.7649214863777161,0.022190868854522705,pred_answer,50
5c783d32d774d04240000004,Mistral-7B-Instruct-v0.1,bioasq,Multiple Sclerosis,False,3,0.7499999999999978,-0.1889585116365586,C0026769,0.9999997019767761,0.9924646615982056,0.007535040378570557,pred_answer,50
5c646fd3e842deac6700001a,Mistral-7B-Instruct-v0.1,bioasq,Gemtuzumab ozogamicin is used for the treatment of acute lymphocytic leukemia (ALL).,False,3,0.405639062229565,-0.0915599522187045,C4733928,0.8814570903778076,0.8715962767601013,0.009860813617706299,pred_answer,50
5c5249077e3cb0e23100000b,Mistral-7B-Instruct-v0.1,bioasq,The 3D tomography imaging technique for diagnosis of eye disease is called optical coherence tomography (OCT).,True,3,-8.00856625953729e-16,-0.0466084570675101,C0920367,0.8643928170204163,0.8601886630058289,0.004204154014587402,pred_answer,50
5c65897a7c78d69471000006,Mistral-7B-Instruct-v0.1,bioasq,The first mutant IDH2 inhibitor to be approved for patients with acute myeloid leukemia is ivosidenib.,False,3,0.405639062229565,-0.1291269781330382,C4682397,0.7583940625190735,0.7513063549995422,0.00708770751953125,pred_answer,50
5c78080e7c78d694710000ae,Mistral-7B-Instruct-v0.1,bioasq,Sandhoff disease is caused by mutations in the gene encoding the enzyme hexosaminidase A.,False,3,0.7499999999999978,-0.2557128346350873,C0036161,0.8541035652160645,0.83088219165802,0.023221373558044434,pred_answer,50
5c531d8f7e3cb0e231000017,Mistral-7B-Instruct-v0.1,bioasq,Bathing suit ichthyosis (BSI) is caused by a mutation in the gene that encodes for the protein trichohyalin.,False,3,0.9999999999999972,-0.3046161542542904,C4511230,0.8064934611320496,0.7590580582618713,0.04743540287017822,pred_answer,50
5c51fe8907ef653866000007,Mistral-7B-Instruct-v0.1,bioasq,The percentage of individuals at risk of dominant medically actionable disease varies depending on the specific disease and population being considered.,False,3,0.7499999999999978,-0.2101094269174905,C4724691,0.7243876457214355,0.7077568173408508,0.016630828380584717,pred_answer,50
5c0117fd133db5eb7800002a,Mistral-7B-Instruct-v0.1,bioasq,"Delafloxacin received its first approval in the USA for acute bacterial skin and skin structure infections on August 29, 2",False,3,0.9999999999999972,-0.1941497115644459,C5825403,0.7880042791366577,0.7821820974349976,0.005822181701660156,pred_answer,50
5c72ade07c78d69471000070,Mistral-7B-Instruct-v0.1,bioasq,The enzyme that is inhibited by the drug Lorlatinib is c-Kit tyrosine kinase.,False,3,0.7499999999999978,-0.1577963798000019,C1416655,0.6945955753326416,0.6945955753326416,0.0,pred_answer,50
5c571dd307647bbc4b000016,Mistral-7B-Instruct-v0.1,bioasq,The organism that causes hepatic capillariasis is Dioxys iridis.,False,3,0.9999999999999972,-0.2218221269049484,C0997765,0.7608309984207153,0.7477751970291138,0.013055801391601562,pred_answer,50
5c89623bf9c2ba6b28000005,Mistral-7B-Instruct-v0.1,bioasq,Liver cancer.,False,3,0.7499999999999978,-0.4284069968853146,C0345904,0.9910838603973389,0.9910838603973389,0.0,pred_answer,50
5c8cdfe50101eac870000004,Mistral-7B-Instruct-v0.1,bioasq,MTCH2 is a receptor for the protein glutamate.,False,3,0.7499999999999978,-0.5024660213624941,C3538739,0.7788116335868835,0.7788116335868835,0.0,pred_answer,50
5c84346b75a4a5d219000001,Mistral-7B-Instruct-v0.1,bioasq,The organism that causes Rhombencephalitis is not specified in the question. Rhombencephalitis is an inflammation of the brain,False,3,0.7499999999999978,-0.2039238792220672,C1735892,0.8283085227012634,0.7104792594909668,0.11782926321029663,pred_answer,50
5c73acef7c78d69471000088,Mistral-7B-Instruct-v0.1,bioasq,Erenumab targets the glucocorticoid receptor.,False,3,0.7499999999999978,-0.1203661560496982,C4542165,0.7677931785583496,0.6825464367866516,0.085246741771698,pred_answer,50
5c85234775a4a5d219000007,Mistral-7B-Instruct-v0.1,bioasq,The standard of care for Clostridium Difficile infection as of 2018 is vancomycin.,False,3,0.7499999999999978,-0.1132406726353039,C2148473,0.7381106615066528,0.7360038161277771,0.0021068453788757324,pred_answer,50
5c92871decadf2e73f000016,Mistral-7B-Instruct-v0.1,bioasq,"The name of the Cas13 based diagnostic test for the Zika and dengue viruses is ""Cas13-based assay.",False,3,0.9999999999999972,-0.2370016208277157,C4523572,0.716397225856781,0.7069624066352844,0.009434819221496582,pred_answer,50
5c6acb107c78d6947100001f,Mistral-7B-Instruct-v0.1,bioasq,"The tool used to visualize the junction sites of chloroplast genomes is called ""ChloroPulse"" software.",False,3,0.7499999999999978,-0.2115026558583786,C6036177,0.6853535175323486,0.6797725558280945,0.00558096170425415,pred_answer,50
5c6ad2997c78d69471000020,Mistral-7B-Instruct-v0.1,bioasq,"The Python tool that has been developed for network-based stratification of tumor mutations is called ""PyMutNet"".",False,3,0.405639062229565,-0.2495527759318791,C1538109,0.7426282167434692,0.6944981217384338,0.0481300950050354,pred_answer,50
5c8fef490101eac870000010,Mistral-7B-Instruct-v0.1,bioasq,MLP regulates F-actin dynamics through the interaction with the protein RhoGDI.,False,3,0.7499999999999978,-0.3593063855703132,C4318410,0.7484629154205322,0.7256171107292175,0.022845804691314697,pred_answer,50
5c8fe1f10101eac87000000a,Mistral-7B-Instruct-v0.1,bioasq,NFIA (Neurofibrillary inclusion antigen) is a protein found in the neurofibrillary tangles of Alzheimer,False,3,0.7499999999999978,-0.3434405634525745,C0085400,0.8829204440116882,0.8727397918701172,0.010180652141571045,pred_answer,50
5c89623bf9c2ba6b28000004,Mistral-7B-Instruct-v0.1,bioasq,CFL2 mutation associated with nemaline myopathy is C9orf72.,False,3,0.9999999999999972,-0.3216594422688104,C5787885,0.6885464191436768,0.682961106300354,0.005585312843322754,pred_answer,50
5caa0247ecadf2e73f000055,Mistral-7B-Instruct-v0.1,bioasq,"The protein recruited by Crumbs to regulate tracheal development is called ""Crumbs-associated protein 1"" (Crsap1",False,3,0.9999999999999972,-0.2858150258407459,C3273329,0.7757537364959717,0.7738526463508606,0.001901090145111084,pred_answer,50
5cb39707ecadf2e73f000060,Mistral-7B-Instruct-v0.1,bioasq,"Mutations in the autoimmune regulator (AIRE) gene can lead to autoimmune diseases such as type 1 diabetes, multiple scler",False,3,0.7499999999999978,-0.1976621130425755,C1412304,0.801974356174469,0.7851452231407166,0.01682913303375244,pred_answer,50
5e7f5d0d835f4e4777000016,Mistral-7B-Instruct-v0.1,bioasq,Fluzone Intradermal Quadrivalent replaced Fluzone Intradermal in 2016.,False,3,0.9999999999999972,-0.1533317039306136,C4282867,0.8928821086883545,0.8673655986785889,0.025516510009765625,pred_answer,50
5e35dc26158f994d3a000006,Mistral-7B-Instruct-v0.1,bioasq,"As of August 2021, the Drosophila protein interaction map (DPiM) has queried 11,599",False,3,0.9999999999999972,-0.4132398728033024,C4732920,0.6969888210296631,0.6765438318252563,0.02044498920440674,pred_answer,50
5d387573a1e159510500000a,Mistral-7B-Instruct-v0.1,bioasq,The primary interacting protein of BLK is SHC.,False,3,0.405639062229565,-0.286716604560507,C1335821,0.9101585745811462,0.9101585745811462,0.0,pred_answer,50
5e6e82eac6a8763d23000001,Mistral-7B-Instruct-v0.1,bioasq,"The SLC25A20 protein is a transporter that transports a variety of molecules, including amino acids, nucleotides,",False,3,0.7499999999999978,-0.3732292350148007,C1436655,0.8976552486419678,0.8976552486419678,0.0,pred_answer,50
5e36d5b9b5b409ea53000009,Mistral-7B-Instruct-v0.1,bioasq,"The algorithm that has been developed for detecting expansions of tandem repeats is called the ""Tandem Repeat Finder"" algorithm.",False,3,0.9999999999999972,-0.2394283516460093,C1294201,0.7361559867858887,0.7128391861915588,0.023316800594329834,pred_answer,50
5d3826427bc3fee31f00000f,Mistral-7B-Instruct-v0.1,bioasq,The percentage of patients of nasopharyngeal carcinoma (NPC) who develop recurrent disease varies depending on the stage of the initial diagnosis,False,3,0.7499999999999978,-0.1613684993901072,C0278952,0.8299816846847534,0.8183059692382812,0.011675715446472168,pred_answer,50
5e822615835f4e4777000034,Mistral-7B-Instruct-v0.1,bioasq,The protein that is mutated in Erythropoietic Protoporphyria is heme biosynthesis enzyme 5,False,3,0.7499999999999978,-0.1730366758403185,C4693947,0.7314279675483704,0.7302746176719666,0.0011533498764038086,pred_answer,50
5e49c2356d0a277941000010,Mistral-7B-Instruct-v0.1,bioasq,The database that contains regulatory SNPs which affect predicted transcription factor binding site affinity is called the Transcription Factor Binding Site Database (TFBSDB,False,3,0.7499999999999978,-0.2298707126258108,C4725193,0.7245186567306519,0.7059236168861389,0.01859503984451294,pred_answer,50
5e6e8f92c6a8763d23000004,Mistral-7B-Instruct-v0.1,bioasq,"The size of a lncRNA (long non-coding RNA) can vary greatly, but they are typically between 200 nucleot",False,3,0.9999999999999972,-0.2676142979075564,C3470596,0.7368481755256653,0.7079383730888367,0.028909802436828613,pred_answer,50
5e80489b835f4e4777000022,Mistral-7B-Instruct-v0.1,bioasq,The protein encoded by the gene NKCC2 is a sodium-potassium co-transporter that plays a role in the reabsorption,False,3,0.9999999999999972,-0.2014796029679215,C1420090,0.9029532670974731,0.9029532670974731,0.0,pred_answer,50
5e7f64d6835f4e477700001f,Mistral-7B-Instruct-v0.1,bioasq,ZP-PTH is delivered to patients via subcutaneous injection.,False,4,0.9999999999999968,-0.1705270583048559,C1255609,0.729576587677002,0.7278203368186951,0.0017562508583068848,pred_answer,50
5e2b00bc76af173751000004,Mistral-7B-Instruct-v0.1,bioasq,"There are several tools that exist for predicting drug synergy with deep learning, including: 1. DeepSynergy 2. Deep",True,3,0.9999999999999972,-0.1715353443856813,C5200696,0.6802626848220825,0.6672707200050354,0.01299196481704712,pred_answer,50
5e5b6f04b761aafe0900000e,Mistral-7B-Instruct-v0.1,bioasq,"The SARS-CoV-2 proteome is approximately 29,900 amino acids long.",False,3,0.7499999999999978,-0.2341087462908928,C5849011,0.7881227135658264,0.7839443683624268,0.004178345203399658,pred_answer,50
5e4940f46d0a277941000004,Mistral-7B-Instruct-v0.1,bioasq,The number of annotated conserved human lncRNAs that come from ancestral protein-coding genes is not specified in the question.,False,3,-8.00856625953729e-16,-0.1536287727239482,C4320962,0.6850906610488892,0.6824042797088623,0.0026863813400268555,pred_answer,50
5e5b626fb761aafe0900000c,Mistral-7B-Instruct-v0.1,bioasq,"MDR3 targets a variety of drugs, including statins, antibiotics, and antiviral medications.",False,3,0.9999999999999972,-0.4687963689599049,C0242640,0.8019563555717468,0.8019563555717468,0.0,pred_answer,50
5e3c6c9eb5b409ea53000022,Mistral-7B-Instruct-v0.1,bioasq,Helicobacter pylori,True,3,0.405639062229565,-0.1098321096514354,C0079488,0.9999997615814209,0.9999997615814209,0.0,pred_answer,50
5e355e20fbd6abf43b000065,Mistral-7B-Instruct-v0.1,bioasq,The gene frequently involved in autosomal dominant adult-onset demyelinating leukodystrophy (ADLD) is the SLC,False,3,0.7499999999999978,-0.1742846105711102,C1868512,0.7763411402702332,0.7475517988204956,0.02878934144973755,pred_answer,50
5e48f2b6f8b2df0d49000005,Mistral-7B-Instruct-v0.1,bioasq,The radiation-induced CD8 lymphocyte apoptosis (RILA) assay is used to measure the sensitivity of CD8 l,False,3,0.9999999999999972,-0.1032362826298509,C0201463,0.7779968976974487,0.7382503747940063,0.03974652290344238,pred_answer,50
5e48efd9f8b2df0d49000004,Mistral-7B-Instruct-v0.1,bioasq,"The aim of the ""Radiogenomics Consortium"" is to develop and validate new imaging biomarkers for the early detection and prediction",False,3,0.9999999999999972,-0.3666100602389814,C6050913,0.7581878900527954,0.7381032109260559,0.020084679126739502,pred_answer,50
5e2deb35fbd6abf43b00001c,Mistral-7B-Instruct-v0.1,bioasq,RNA-seq,False,3,0.405639062229565,-0.3635942718014121,C4086963,0.9999995231628418,0.9999995231628418,0.0,pred_answer,50
5e499c636d0a27794100000a,Mistral-7B-Instruct-v0.1,bioasq,"Molecular radiotherapy is a type of radiation therapy that uses radioactive molecules, such as isotopes, to target and destroy cancer cells.",False,3,0.4999999999999985,-0.1679886967970318,C3164944,0.9107118248939514,0.776995837688446,0.13371598720550537,pred_answer,50
5e540c866d0a277941000052,Mistral-7B-Instruct-v0.1,bioasq,Another name for AZD0530 is olaparib.,False,3,0.7499999999999978,-0.221393437252225,C2316164,0.8996211290359497,0.8351811170578003,0.06444001197814941,pred_answer,50
5d35f1267bc3fee31f000004,Mistral-7B-Instruct-v0.1,bioasq,The HP1a protein is a histone acetyltransferase that modifies chromatin structure by adding an acetyl group to the lysine,False,3,0.9999999999999972,-0.2446677807384816,C1413160,0.8265681862831116,0.8198036551475525,0.006764531135559082,pred_answer,50
5e4adb486d0a277941000015,Mistral-7B-Instruct-v0.1,bioasq,BioPAXViz is a software tool for visualizing biological pathway data. It uses the BioPAX (Pathway Exchange) format as its back,False,3,0.9999999999999972,-0.3656057925807658,C5707980,0.6905423998832703,0.6769591569900513,0.013583242893218994,pred_answer,50
5d35e7ddb3a638076300000e,Mistral-7B-Instruct-v0.1,bioasq,SAF-A protein is localized in the nucleus.,True,3,-8.00856625953729e-16,-0.0658633239779159,C1415649,0.8567398190498352,0.8458669185638428,0.010872900485992432,pred_answer,50
5e5cc1fa1af46fc130000005,Mistral-7B-Instruct-v0.1,bioasq,Iodine thyroid blocking is a medical procedure in which iodine is administered to the thyroid gland to temporarily block the production of thyroid,False,3,0.9999999999999972,-0.268244942831485,C1564086,0.7994740605354309,0.7521331310272217,0.04734092950820923,pred_answer,50
5d35ef017bc3fee31f000001,Mistral-7B-Instruct-v0.1,bioasq,PRC2 deposits the epigenetic mark H3K27me3.,True,3,0.9999999999999972,-0.1248726011771347,C6003833,0.8447099924087524,0.8409690856933594,0.0037409067153930664,pred_answer,50
5e49ac346d0a27794100000e,Mistral-7B-Instruct-v0.1,bioasq,The first oral ghrelin receptor inverse agonist to be profiled in healthy subjects is MK-801.,False,3,0.7499999999999978,-0.1466292433835312,C0813872,0.7171013355255127,0.6771661043167114,0.03993523120880127,pred_answer,50
5e5d24811af46fc130000006,Mistral-7B-Instruct-v0.1,bioasq,Romiplostim targets the activation of the immune system to promote wound healing.,False,3,0.7499999999999978,-0.6047995736866546,C4050098,0.7551672458648682,0.7390077710151672,0.016159474849700928,pred_answer,50
5d35dfbdb3a638076300000b,Mistral-7B-Instruct-v0.1,bioasq,STAG1 and STAG2 proteins are involved in chromatin remodeling and play a role in regulating gene expression during differentiation.,False,3,0.7499999999999978,-0.3134915234373994,C5445993,0.7649197578430176,0.7137634754180908,0.05115628242492676,pred_answer,50
601bde6e1cb411341a000006,Mistral-7B-Instruct-v0.1,bioasq,"The disease caused by de novo VPS4A mutations is called ""Spinal Muscular Atrophy with Progressive External Ophthalm",False,3,0.7499999999999978,-0.4474446900840618,C1834569,0.7664981484413147,0.7219454646110535,0.04455268383026123,pred_answer,50
5e4bf9436d0a27794100002d,Mistral-7B-Instruct-v0.1,bioasq,The transcription factor that controls Drosophila's Hes genes is called HesX.,False,3,0.7499999999999978,-0.1679885661473525,C1415521,0.9118826985359192,0.9118826985359192,0.0,pred_answer,50
601bcb5d1cb411341a000003,Mistral-7B-Instruct-v0.1,bioasq,GRK1 associated Oguchi disease is caused by missense mutations in the G protein-coupled receptor kinase 1 (GRK1,False,3,0.7499999999999978,-0.1456096904464914,C5707083,0.6713809370994568,0.6408901810646057,0.030490756034851074,pred_answer,50
5e61425e1af46fc13000000d,Mistral-7B-Instruct-v0.1,bioasq,"16,569",False,3,0.405639062229565,-0.0785824822305585,C0100709,0.7261091470718384,0.7210872769355774,0.005021870136260986,pred_answer,50
5fe30e06a43ad31278000037,Mistral-7B-Instruct-v0.1,bioasq,The histone mark that distinguishes active from inactive enhancers is H3K4me1.,False,3,0.9999999999999972,-0.0640996552389197,C3896986,0.9232937693595886,0.8091650009155273,0.11412876844406128,pred_answer,50
601d2d001cb411341a00002c,Mistral-7B-Instruct-v0.1,bioasq,"The syndrome caused by dysfunction of the ciliary ARMC9/TOGARAM1 protein is called ""Ciliary Fibrosis.",False,3,0.9999999999999972,-0.3834860590469772,C0340040,0.7569452524185181,0.7376886010169983,0.019256651401519775,pred_answer,50
5e920be42d3121100d00000c,Mistral-7B-Instruct-v0.1,bioasq,The main viral protein targeted by the drug remdesivir is the RNA-dependent RNA polymerase (RdRp).,False,3,0.7499999999999978,-0.0386417434973949,C4726677,0.7782760858535767,0.7658107280731201,0.012465357780456543,pred_answer,50
5fe08b50a43ad31278000031,Mistral-7B-Instruct-v0.1,bioasq,10,False,3,0.7499999999999978,-1.1811588555574415,C4018799,0.8420901894569397,0.8361145257949829,0.005975663661956787,pred_answer,50
5e2e1986fbd6abf43b000025,Mistral-7B-Instruct-v0.1,bioasq,The loss-of-function ABCC8 mutation associated with Pulmonary Arterial Hypertension (PAH) is the G557,False,3,0.7499999999999978,-0.2265255522403295,C1970685,0.6770146489143372,0.6724387407302856,0.004575908184051514,pred_answer,50
5d387c20a1e1595105000010,Mistral-7B-Instruct-v0.1,bioasq,"The X chromosome's non-pseudoautosomal region (non-PAR) contains approximately 1,000 genes.",False,3,0.9999999999999972,-0.2074150477890555,C1418238,0.6990889310836792,0.6917063593864441,0.007382571697235107,pred_answer,50
5fe0b4cda43ad31278000034,Mistral-7B-Instruct-v0.1,bioasq,Hemochromatosis and hemophilia.,True,3,0.9999999999999972,-0.28004515091617,C1384665,0.9037973880767822,0.9037973880767822,0.0,pred_answer,50
601eab7d1cb411341a000053,Mistral-7B-Instruct-v0.1,bioasq,Antidepressants,True,3,0.405639062229565,-0.1225714915617572,C0003289,0.9999994039535522,0.9314345717430115,0.06856483221054077,pred_answer,50
6026ef311cb411341a0000d4,Mistral-7B-Instruct-v0.1,bioasq,The company that developed eptinezumab is Amgen.,False,3,0.9999999999999972,-0.1947446367688826,C4694272,0.9210491180419922,0.8644459843635559,0.05660313367843628,pred_answer,50
6030fe7a1cb411341a000128,Mistral-7B-Instruct-v0.1,bioasq,AMPA receptor GluA2 subunit defects cause neurodevelopmental disorders.,True,3,0.7499999999999978,-0.1592233731890224,C4749281,0.7939580678939819,0.7694307565689087,0.024527311325073242,pred_answer,50
6032899c1cb411341a000144,Mistral-7B-Instruct-v0.1,bioasq,Integrins are localized on the plasma membrane of cells.,False,3,0.4999999999999985,-0.1520480901071193,C0021701,0.8263993263244629,0.7718255519866943,0.054573774337768555,pred_answer,50
6032a8b91cb411341a000149,Mistral-7B-Instruct-v0.1,bioasq,The protein complex altered in Coffin-Siris syndrome is the SMAD4-SMAD3 complex.,False,3,0.7499999999999978,-0.2750260905466585,C4690232,0.7557311654090881,0.752737283706665,0.0029938817024230957,pred_answer,50
6053ba5b94d57fd879000017,Mistral-7B-Instruct-v0.1,bioasq,Interferon beta-1a (Avonex),False,3,0.7499999999999978,-0.2726051963640762,C0982234,0.8759254813194275,0.8735770583152771,0.0023484230041503906,pred_answer,50
60579cb394d57fd87900002e,Mistral-7B-Instruct-v0.1,bioasq,"The tool that has been developed for microRNA-target enrichment and network-based analysis is called ""miRNet"".",False,3,0.9999999999999972,-0.2388563714448415,C1101610,0.7342649102210999,0.7262072563171387,0.008057653903961182,pred_answer,50
6057bf0694d57fd879000031,Mistral-7B-Instruct-v0.1,bioasq,"The exact cause of Aβ42 accumulation in neuroblastoma cells is not fully understood, but it is believed to be related to genetic mutations",False,3,0.405639062229565,-0.2145734193900352,C0268405,0.7259117364883423,0.7224510908126831,0.0034606456756591797,pred_answer,50
6057c2f894d57fd879000033,Mistral-7B-Instruct-v0.1,bioasq,"The method for detection of ATAC-seq or ChIP-seq signals with DNA methylation is called ""combined analysis"" or ""integrative analysis",False,3,0.9999999999999972,-0.2570589338047284,C6023544,0.7221760749816895,0.7221760749816895,0.0,pred_answer,50
601cb4541cb411341a000024,Mistral-7B-Instruct-v0.1,bioasq,Anti–Siglec-8 Antibody is used to treat multiple myeloma.,False,3,0.405639062229565,-0.1627558474845727,C5446305,0.8365622162818909,0.7807525396347046,0.05580967664718628,pred_answer,50
6031287e1cb411341a00012d,Mistral-7B-Instruct-v0.1,bioasq,The key gene involved in interstitial 6q25 microdeletion syndrome is not specified.,False,3,0.405639062229565,-0.1721904227566142,C4304527,0.7522855401039124,0.7485283017158508,0.0037572383880615234,pred_answer,50
601f10b71cb411341a000072,Mistral-7B-Instruct-v0.1,bioasq,The Baltimore Classification divides viruses into seven groups based on their genetic material and replication strategies. These groups are: Group I (DNA viruses,True,3,0.9999999999999972,-0.1959945072170015,C4805581,0.7248130440711975,0.6715354919433594,0.053277552127838135,pred_answer,50
6030fcb51cb411341a000127,Mistral-7B-Instruct-v0.1,bioasq,The database that contains regulatory sites for splicing in human basal ganglia is the Human Protein Atlas (HPA).,False,3,0.7499999999999978,-0.2574281070824702,C1979601,0.6876890063285828,0.6857219934463501,0.001967012882232666,pred_answer,50
6028183e1cb411341a0000f1,Mistral-7B-Instruct-v0.1,bioasq,The hippocampus.,False,3,0.9999999999999972,-0.3578316677948123,C0019564,0.9799375534057617,0.9762564897537231,0.0036810636520385742,pred_answer,50
6028fc841cb411341a000103,Mistral-7B-Instruct-v0.1,bioasq,The company that developed ivosidenib is Agios Pharmaceuticals.,True,3,-8.00856625953729e-16,-0.1407936824319703,C4682397,0.7934561967849731,0.6950292587280273,0.0984269380569458,pred_answer,50
606ab57394d57fd87900004f,Mistral-7B-Instruct-v0.1,bioasq,Carbamazepine is an inducer of CYP3A4.,True,3,0.405639062229565,-0.1083176600122897,C1170059,0.7486110925674438,0.7444676160812378,0.004143476486206055,pred_answer,50
608069984e6a4cf630000006,Mistral-7B-Instruct-v0.1,bioasq,The function of the stard10 protein is not well understood and is still being studied.,False,3,0.9999999999999972,-0.3645443542784733,C1419899,0.8116990923881531,0.775403618812561,0.03629547357559204,pred_answer,50
606ae4fd94d57fd879000056,Mistral-7B-Instruct-v0.1,bioasq,The gene implicated in the metabolism of codeine is CYP2C9. Its polymorphisms in the mother can pose a risk to,False,3,0.7499999999999978,-0.0925689862740801,C3248148,0.8205670118331909,0.807309091091156,0.013257920742034912,pred_answer,50
601ff4a61cb411341a000076,Mistral-7B-Instruct-v0.1,bioasq,Statins,True,3,0.405639062229565,-0.3481297860853374,C0360714,0.9999992251396179,0.981652557849884,0.018346667289733887,pred_answer,50
6081b64d4e6a4cf63000000a,Mistral-7B-Instruct-v0.1,bioasq,The HSJ1 proteins are involved in the regulation of cellular stress response and apoptosis.,False,3,0.405639062229565,-0.4691944518863238,C1415753,0.7194653153419495,0.6865171790122986,0.03294813632965088,pred_answer,50
5fe09c99a43ad31278000033,Mistral-7B-Instruct-v0.1,bioasq,Approximately 70% of C. elegans genes reside in operons.,False,3,0.7499999999999978,-0.1309279361798189,C3252347,0.6550500392913818,0.6549726724624634,7.736682891845703e-05,pred_answer,50
60527e8c94d57fd879000012,Mistral-7B-Instruct-v0.1,bioasq,The most advanced phase of clinical trial that fingolimod has entered is Phase III.,False,3,0.4999999999999985,-0.0867637037368413,C1699926,0.7642035484313965,0.750815212726593,0.013388335704803467,pred_answer,50
605fb41094d57fd879000039,Mistral-7B-Instruct-v0.1,bioasq,Cystic Fibrosis.,False,3,0.7499999999999978,-0.2228152893454888,C0010674,0.9922329783439636,0.9415678977966309,0.050665080547332764,pred_answer,50
606ad07394d57fd879000050,Mistral-7B-Instruct-v0.1,bioasq,The prevalence of poor metabolizers of CYP2C19 among Southern Asians is higher compared to East Asians.,True,3,0.405639062229565,-0.0760804980155041,C1836023,0.8246892094612122,0.8237571120262146,0.0009320974349975586,pred_answer,50
606b5ba794d57fd879000067,Mistral-7B-Instruct-v0.1,bioasq,CYP2C9,False,3,-8.00856625953729e-16,-0.1356177426932845,C0608437,0.9999997615814209,0.9999997615814209,0.0,pred_answer,50
6060701c94d57fd87900003c,Mistral-7B-Instruct-v0.1,bioasq,"The R/bioconductor package for discovery of intergenic transcripts is called ""intergenic"".",False,3,-8.00856625953729e-16,-0.2208854147451711,C0887859,0.8261089324951172,0.8180809617042542,0.008027970790863037,pred_answer,50
5fe31307a43ad3127800003d,Mistral-7B-Instruct-v0.1,bioasq,Approximately 30-40% of Rheumatoid Arthritis (RA) patients are not responding to anti-TNF therapy,True,3,0.405639062229565,-0.1004920802347548,C3469175,0.686126708984375,0.6839569807052612,0.0021697282791137695,pred_answer,50
5e4e3cee6d0a277941000030,Mistral-7B-Instruct-v0.1,bioasq,The component of the Influenza A Virus that affects mRNA transcription termination is the viral RNA-dependent RNA polymer,False,3,0.9999999999999972,-0.1133609635274393,C1622054,0.6902967691421509,0.6894618272781372,0.0008349418640136719,pred_answer,50
5fe3130ca43ad3127800003e,Mistral-7B-Instruct-v0.1,bioasq,"The BIOCURA cohort monitors multiple diseases, including cancer, cardiovascular disease, and neurological disorders.",True,3,0.405639062229565,-0.269942572951171,C5707689,0.697030782699585,0.6808018088340759,0.016228973865509033,pred_answer,50
607323fe94d57fd879000079,Mistral-7B-Instruct-v0.1,bioasq,APOBEC3C encodes the protein APOBEC3C.,False,3,0.405639062229565,-0.1244927940916669,C1424926,0.9629920125007629,0.9520812630653381,0.010910749435424805,pred_answer,50
606b7e5694d57fd879000070,Mistral-7B-Instruct-v0.1,bioasq,"The exact number of genes screened by the FoundationOne companion diagnostic varies depending on the specific test ordered and the patient's individual cancer profile. However, the",False,3,0.9999999999999972,-0.2378848808044933,C5944746,0.8160803914070129,0.7877335548400879,0.02834683656692505,pred_answer,50
601ebba41cb411341a00005a,Mistral-7B-Instruct-v0.1,bioasq,"The R/Bioconductor package ""ggplot2"" has been developed for visualizing differential amino acid group usage in proteomics.",False,3,0.7499999999999978,-0.1414153127526312,C6049856,0.6370682716369629,0.6135894060134888,0.02347886562347412,pred_answer,50
622628b03a8413c65300007d,Mistral-7B-Instruct-v0.1,bioasq,The FTO-guided demethylation of GADD46 drives myogenesis through the Wnt/β-catenin pathway.,False,3,0.9999999999999972,-0.1407522135910319,C3889185,0.696913480758667,0.6446388959884644,0.05227458477020264,pred_answer,50
61f95f9f882a024a1000004e,Mistral-7B-Instruct-v0.1,bioasq,The disorder caused by biallelic mutations in G-Protein coupled receptor kinase 1 (GRK1) is cystic fib,False,3,0.7499999999999978,-0.1065575627302717,C3694543,0.6589515805244446,0.6319893598556519,0.026962220668792725,pred_answer,50
61f5fb64882a024a1000001a,Mistral-7B-Instruct-v0.1,bioasq,Tebentafusp is used to treat a type of blood cancer called relapsed or refractory Hodgkin lymphoma.,False,3,0.7499999999999978,-0.2324688347968972,C5787171,0.7134071588516235,0.6778767108917236,0.0355304479598999,pred_answer,50
61f60735882a024a10000022,Mistral-7B-Instruct-v0.1,bioasq,Risdiplam is used to treat spinal muscular atrophy (SMA).,True,3,-8.00856625953729e-16,-0.108727177639696,C5542137,0.7620059251785278,0.7426223754882812,0.019383549690246582,pred_answer,50
621b78e63a8413c65300003f,Mistral-7B-Instruct-v0.1,bioasq,Oligosaccharyltransferases are enzymes that transfer oligosaccharides from the donor molecule to the acceptor mole,False,3,0.7499999999999978,-0.2308338156023381,C1413949,0.9097524881362915,0.9097524285316467,5.960464477539063e-08,pred_answer,50
601ef0571cb411341a000067,Mistral-7B-Instruct-v0.1,bioasq,Refractive surgery,False,3,0.405639062229565,-0.4107574821449816,C1706535,0.9999990463256836,0.9999990463256836,0.0,pred_answer,50
602c1b141cb411341a00011c,Mistral-7B-Instruct-v0.1,bioasq,Another name for bimagrumab is CT-P10.,False,3,0.405639062229565,-0.2236436725899693,C3899948,0.738239049911499,0.7126807570457458,0.025558292865753174,pred_answer,50
621142713a8413c65300000a,Mistral-7B-Instruct-v0.1,bioasq,Approximately 50% of currently available drugs are metabolized by CYP3A4.,True,3,0.405639062229565,-0.1044564755439064,C4744447,0.7218397259712219,0.7174814939498901,0.004358232021331787,pred_answer,50
61f80e22882a024a1000003d,Mistral-7B-Instruct-v0.1,bioasq,Loss-of-function variants in BCAS3 cause a rare genetic disorder called neurofibromatosis type 1 (NF1).,False,3,0.7499999999999978,-0.2452064968051452,C5779636,0.757357120513916,0.7197588086128235,0.03759831190109253,pred_answer,50
6217d8f03a8413c653000021,Mistral-7B-Instruct-v0.1,bioasq,The main use of ETD fragmentation is to generate smaller peptide fragments from proteins for mass spectrometry-based protein identification and quantification.,False,3,0.9999999999999972,-0.2722487032435197,C5206116,0.6747174263000488,0.6552844047546387,0.019433021545410156,pred_answer,50
601db4ac1cb411341a000048,Mistral-7B-Instruct-v0.1,bioasq,The protein that is truncated to produce progerin is lamin A.,True,3,0.405639062229565,-0.1441761019478048,C0291592,0.852418065071106,0.8412503004074097,0.011167764663696289,pred_answer,50
6081b0b44e6a4cf630000009,Mistral-7B-Instruct-v0.1,bioasq,The disease associated with DNAJB1-PRKACA fusion gene is pancreatic cancer.,False,3,0.405639062229565,-0.1630047824745687,C3807033,0.7392501831054688,0.7304896116256714,0.008760571479797363,pred_answer,50
6049080c1cb411341a000164,Mistral-7B-Instruct-v0.1,bioasq,"Goblet cells are localized in the respiratory tract, particularly in the trachea and bronchi.",False,3,0.9999999999999972,-0.1790896051540039,C2334670,0.8947525024414062,0.8940621614456177,0.0006903409957885742,pred_answer,50
62005c68c9dfcb9c09000017,Mistral-7B-Instruct-v0.1,bioasq,"The tool developed for annotation of Gα, Gβ and Gγ subunits of G-proteins is called the G-protein Annotation Database",False,3,0.7499999999999978,-0.2554078362550172,C1517505,0.6926829218864441,0.6902215480804443,0.002461373805999756,pred_answer,50
623c8330f0baec9a1b000003,Mistral-7B-Instruct-v0.1,bioasq,There is no direct association between maternal and fetal alloantigens and RANTES production.,False,3,0.405639062229565,-0.1696663163073461,C4314798,0.6601049304008484,0.648892879486084,0.011212050914764404,pred_answer,50
626aa929e764a53204000039,Mistral-7B-Instruct-v0.1,bioasq,The expression levels of piRNAs are not specifically mentioned in the context of intracranial aneurysm rupture in the available literature.,False,3,0.7499999999999978,-0.2620630081202932,C1960402,0.6440896391868591,0.6396178007125854,0.004471838474273682,pred_answer,50
626aab13e764a5320400003b,Mistral-7B-Instruct-v0.1,bioasq,The rate of epimutations in C. elegans is not well established and is still a topic of ongoing research.,False,3,0.9999999999999972,-0.2760360250363541,C3252347,0.6723841428756714,0.670893669128418,0.001490473747253418,pred_answer,50
6278ca4a56bf9aee6f00000c,Mistral-7B-Instruct-v0.1,bioasq,The protein-membrane interface of the Cholesterol-regulated Start protein 4 protein (STARD4) is the N-terminal,False,3,0.9999999999999972,-0.1161365105675003,C1825834,0.8106825351715088,0.8078596591949463,0.0028228759765625,pred_answer,50
6278dfe956bf9aee6f000016,Mistral-7B-Instruct-v0.1,bioasq,The disease phenotype with the worst prognosis in Duchenne Muscular Dystrophy is respiratory failure.,False,3,0.9999999999999972,-0.1022786900443899,C1997904,0.7168527841567993,0.7166167497634888,0.00023603439331054688,pred_answer,50
62211f453a8413c653000072,Mistral-7B-Instruct-v0.1,bioasq,The GRN gene encodes the protein growth hormone-releasing hormone.,False,3,0.7499999999999978,-0.2175716909125041,C1527984,0.861599862575531,0.861599862575531,0.0,pred_answer,50
62190ca03a8413c653000035,Mistral-7B-Instruct-v0.1,bioasq,TBK1 protein function.,False,3,0.9999999999999972,-0.4500099636202321,C1449326,0.8873419761657715,0.8837682008743286,0.003573775291442871,pred_answer,50
620c28d03a8413c653000007,Mistral-7B-Instruct-v0.1,bioasq,The type of cancer that has been suggested as a strategy for potential small-molecule inhibition of METTL3 is non-small cell lung cancer,False,3,0.7499999999999978,-0.1187452921372367,C0007131,0.7301973104476929,0.7275798916816711,0.0026174187660217285,pred_answer,50
621b54f03a8413c65300003b,Mistral-7B-Instruct-v0.1,bioasq,PUX proteins are found in the nucleus of plant cells.,False,3,0.7499999999999978,-0.2854469515072765,C1566517,0.7272968888282776,0.7078805565834045,0.019416332244873047,pred_answer,50
61f81857882a024a10000040,Mistral-7B-Instruct-v0.1,bioasq,The major clinical feature observed in FDXR-associated disease is osteoporosis.,False,3,0.9999999999999972,-0.180895859421156,C0451881,0.7552687525749207,0.7448005676269531,0.01046818494796753,pred_answer,50
62190bac3a8413c653000034,Mistral-7B-Instruct-v0.1,bioasq,X-linked recessive TLR7 deficiency is associated with severe combined immunodeficiency (SCID).,False,3,0.9999999999999972,-0.1307838234356408,C5909448,0.8211836814880371,0.812725305557251,0.008458375930786133,pred_answer,50
605fb19794d57fd879000038,Mistral-7B-Instruct-v0.1,bioasq,PDB (Protein Data Bank),False,3,0.7499999999999978,-0.228888159638801,C1705318,0.9359752535820007,0.7652269601821899,0.1707482933998108,pred_answer,50
621ec0313a8413c65300005e,Mistral-7B-Instruct-v0.1,bioasq,The class of drugs commonly associated with Drug-induced interstitial lung disease (DIILD) is chemotherapy drugs.,False,3,0.9999999999999972,-0.1897016978047453,C0348822,0.8850311636924744,0.8370856046676636,0.04794555902481079,pred_answer,50
6206b399c9dfcb9c09000039,Mistral-7B-Instruct-v0.1,bioasq,Muscle damage or rhabdomyolysis.,True,3,0.7499999999999978,-0.3100210381463739,C0035410,0.9136552214622498,0.9128272533416748,0.0008279681205749512,pred_answer,50
6237a8343a8413c6530000b2,Mistral-7B-Instruct-v0.1,bioasq,Epiregulin is a member of the insulin-like growth factor (IGF) family of proteins.,False,3,0.7499999999999978,-0.0940628460980724,C1366644,0.8838754892349243,0.8838754892349243,0.0,pred_answer,50
622d1ed13a8413c6530000a3,Mistral-7B-Instruct-v0.1,bioasq,"The Daughterless gene is a gene in the fruit fly, Drosophila melanogaster, that encodes a protein that is required for the",False,3,0.9999999999999972,-0.3621848045267484,C0290065,0.8445247411727905,0.7083314657211304,0.13619327545166016,pred_answer,50
6237a8a33a8413c6530000b3,Mistral-7B-Instruct-v0.1,bioasq,Amphiregulin is a ligand of the epidermal growth factor receptor (EGFR).,True,3,0.9999999999999972,-0.0346605702630071,C0051755,0.8819595575332642,0.8819595575332642,0.0,pred_answer,50
623dfd2ef0baec9a1b000004,Mistral-7B-Instruct-v0.1,bioasq,Calreticulin is a protein that plays a role in calcium signaling and endoplasmic reticulum function in cells.,False,3,0.9999999999999972,-0.2548499234991956,C0054543,0.9304384589195251,0.9304384589195251,0.0,pred_answer,50
6237ab873a8413c6530000b6,Mistral-7B-Instruct-v0.1,bioasq,Epiregulin increases leptin secretion.,True,3,0.4999999999999985,-0.1499845034533109,C4747869,0.779677152633667,0.7722338438034058,0.0074433088302612305,pred_answer,50
6202f600c9dfcb9c0900002b,Mistral-7B-Instruct-v0.1,bioasq,JASPAR 2022,False,3,-8.00856625953729e-16,-0.116546811079186,C1555012,0.7471326589584351,0.7149984836578369,0.032134175300598145,pred_answer,50
622b9d593a8413c653000095,Mistral-7B-Instruct-v0.1,bioasq,Prostate gland,True,3,-8.00856625953729e-16,-0.2156356472456536,C0033572,0.9999996423721313,0.9999996423721313,0.0,pred_answer,50
622b9e743a8413c653000097,Mistral-7B-Instruct-v0.1,bioasq,Ankylosing Spondylitis,True,3,0.7499999999999978,-0.0317697328153169,C0038013,0.9999998807907104,0.9999998807907104,0.0,pred_answer,50
64403ab057b1c7a31500004d,Mistral-7B-Instruct-v0.1,bioasq,The number of injections of CLS-TA received by the patients participating in the PEACHTREE trial is not specified in the question.,False,3,0.405639062229565,-0.0936359098658613,C4746318,0.6121849417686462,0.6068677306175232,0.005317211151123047,pred_answer,50
64403be357b1c7a31500004e,Mistral-7B-Instruct-v0.1,bioasq,The duration of the follow-up period of patients in the PEACHTREE clinical trial was 2 years.,False,3,0.4999999999999985,-0.1437763319996747,C5959826,0.6874414682388306,0.6640422344207764,0.0233992338180542,pred_answer,50
64371a4257b1c7a315000029,Mistral-7B-Instruct-v0.1,bioasq,These are called operons.,True,3,0.405639062229565,-0.1686748732047687,C0029073,0.9672825932502747,0.9091967940330505,0.05808579921722412,pred_answer,50
6441057657b1c7a315000052,Mistral-7B-Instruct-v0.1,bioasq,The most commonly used pain scale for the measurement of pain in children is the Wong-Baker Faces Pain Rating Scale.,False,3,-8.00856625953729e-16,-0.0371693095753471,C1508036,0.899001955986023,0.8687729239463806,0.030229032039642334,pred_answer,50
6415b3b4690f196b51000009,Mistral-7B-Instruct-v0.1,bioasq,Blue light.,False,3,-8.00856625953729e-16,-0.3358694310882129,C0303896,0.9921629428863525,0.853800892829895,0.13836205005645752,pred_answer,50
6429fad757b1c7a31500000e,Mistral-7B-Instruct-v0.1,bioasq,The regulatory element that promotes RNA polymerase II binding as well as the binding of factors that facilitate the unwinding of DNA prior to translation is called,False,3,0.405639062229565,-0.0597987052521844,C3158198,0.7811613082885742,0.7784233093261719,0.0027379989624023438,pred_answer,50
6433050157b1c7a315000024,Mistral-7B-Instruct-v0.1,bioasq,The first recombinant human C1 inhibitor protein (C1INH) for the treatment of acute attacks of hereditary angioed,False,3,0.405639062229565,-0.0255041943799056,C3195420,0.8676677942276001,0.8167937994003296,0.05087399482727051,pred_answer,50
6426d131690f196b5100004e,Mistral-7B-Instruct-v0.1,bioasq,The Ashwell receptor is found in the spleen.,False,3,0.7499999999999978,-0.1308008218754996,C1332823,0.6810752749443054,0.6505067944526672,0.030568480491638184,pred_answer,50
641790d6690f196b5100002d,Mistral-7B-Instruct-v0.1,bioasq,Loss of independent ambulation in Duchenne muscular dystrophy usually occurs between the ages of 8-12 years old.,False,3,0.405639062229565,-0.1006103514321606,C5774325,0.7413813471794128,0.7339532375335693,0.007428109645843506,pred_answer,50
6415c8f1690f196b51000017,Mistral-7B-Instruct-v0.1,bioasq,"Paclitaxel, docetaxel, doxorubicin, and epirubicin have been approved for the treatment of various forms",False,3,0.9999999999999972,-0.0978676998541363,C0392962,0.7803171873092651,0.7616548538208008,0.018662333488464355,pred_answer,50
6429ad3857b1c7a315000003,Mistral-7B-Instruct-v0.1,bioasq,Xist encodes a long non-coding RNA (lncRNA) molecule.,True,4,0.590436283308407,-0.1317614198816634,C1571617,0.9787251949310303,0.9607464075088501,0.017978787422180176,pred_answer,50
63f57d9b33942b094c000004,Mistral-7B-Instruct-v0.1,bioasq,The amino acid implicated in Blue diaper syndrome is phenylalanine.,False,3,-8.00856625953729e-16,-0.114098145885452,C0031453,0.7917957901954651,0.7859987020492554,0.005797088146209717,pred_answer,50
6450ede757b1c7a315000090,Mistral-7B-Instruct-v0.1,bioasq,The onset age of Friedreich's Ataxia is typically between 5 and 15 years old.,False,3,0.7499999999999978,-0.1178994016355727,C1847725,0.6729535460472107,0.6586405038833618,0.014313042163848877,pred_answer,50
63f03d58f36125a42600001f,Mistral-7B-Instruct-v0.1,bioasq,The topic of the World Hip Trauma Evaluation (WHiTE) trial was hip fractures.,True,3,0.405639062229565,-0.052868300688616,C4534436,0.7370859384536743,0.7012889385223389,0.03579699993133545,pred_answer,50
64468b0757b1c7a315000070,Mistral-7B-Instruct-v0.1,bioasq,Oculopharyngeal Muscular Dystrophy (OPMD) is caused by a mutation in the gene that codes for the protein spect,False,3,-8.00856625953729e-16,-0.1489487918153571,C0270952,0.8632421493530273,0.8484505414962769,0.014791607856750488,pred_answer,50
64468e0d57b1c7a315000071,Mistral-7B-Instruct-v0.1,bioasq,"The incidence of Oculopharyngeal Muscular Dystrophy (OPMD) is approximately 1 in 10,00",False,3,-8.00856625953729e-16,-0.0932581905681431,C0270952,0.7742831110954285,0.7311922311782837,0.043090879917144775,pred_answer,50
644298cc57b1c7a315000062,Mistral-7B-Instruct-v0.1,bioasq,The cause of Facioscapulohumeral Muscular Dystrophy type 2 (FSHD2) is a mutation in the gene,False,3,0.7499999999999978,-0.0940628233813321,C0238288,0.8908452987670898,0.8893666863441467,0.0014786124229431152,pred_answer,50
6442933f57b1c7a315000060,Mistral-7B-Instruct-v0.1,bioasq,The cause of Facioscapulohumeral Muscular Dystrophy type 1 (FSHD1) is a mutation in the gene,False,3,0.4999999999999985,-0.1015596512218621,C0238288,0.8970445990562439,0.8957511782646179,0.0012934207916259766,pred_answer,50
6415c53e690f196b51000012,Mistral-7B-Instruct-v0.1,bioasq,"Keytruda was approved by the FDA for the treatment of metastatic non-small cell lung cancer on October 15, 201",False,3,0.9999999999999972,-0.0869367081616152,C3855203,0.8582974076271057,0.8421339988708496,0.016163408756256104,pred_answer,50
6415bc8d690f196b5100000f,Mistral-7B-Instruct-v0.1,bioasq,"The estimated reduction in time when using online genetic counseling varies depending on the specific service and individual circumstances. However, it is generally estimated to be around 2",False,3,0.7499999999999978,-0.2964029436090065,C5415332,0.6746618747711182,0.6734668612480164,0.0011950135231018066,pred_answer,50
6414c4cf690f196b51000006,Mistral-7B-Instruct-v0.1,bioasq,Dermatillomania and skin picking disorder are two different conditions. Dermatillomania is a psychiatric disorder characterized by the compulsive,False,3,0.9999999999999972,-0.2203994343632835,C1696701,0.7380146980285645,0.6662734150886536,0.07174128293991089,pred_answer,50
63f9cd0b33942b094c000010,Mistral-7B-Instruct-v0.1,bioasq,Alternative microexon splicing by RBFOX2 and PTBP1 is associated with the development of certain types of cancer.,False,3,0.9999999999999972,-0.2344021431426805,C5224803,0.7163255214691162,0.6745555400848389,0.041769981384277344,pred_answer,50
65f77397c4010b4d78000025,Mistral-7B-Instruct-v0.1,bioasq,The proportion of alteration in NTRK genes attributable to colorectal cancer is not specified in the question.,False,3,0.405639062229565,-0.142477439870716,C5944701,0.7008557319641113,0.6988569498062134,0.0019987821578979492,pred_answer,50
662cfc88187cba990d000008,Mistral-7B-Instruct-v0.1,bioasq,TRNT1 catalyzes the nucleotidyl transfer of a guanine nucleotide from guanosine triphosphate (GTP),False,3,0.9999999999999972,-0.2712602118514269,C0243670,0.7793337106704712,0.747644305229187,0.03168940544128418,pred_answer,50
66302487187cba990d000031,Mistral-7B-Instruct-v0.1,bioasq,"PUL-2 is a gene that encodes a protein called dystrophin-glycoprotein complex subunit 2, which is involved",False,3,0.9999999999999972,-0.3471634532276937,C4527564,0.7231689691543579,0.7095656394958496,0.0136033296585083,pred_answer,50
66156200fdcbea915f00004d,Mistral-7B-Instruct-v0.1,bioasq,The gold standard for a diagnosis of narcolepsy is a combination of a polysomnographic study showing sleep onset REM sleep (SOREMS,False,3,0.9999999999999972,-0.3497082842423822,C4744898,0.6898854374885559,0.6665006875991821,0.02338474988937378,pred_answer,50
662cfd21187cba990d000009,Mistral-7B-Instruct-v0.1,bioasq,LRP6 is a member of the low-density lipoprotein receptor (LDLR) superfamily of cell-surface receptors.,False,3,-8.00856625953729e-16,-0.0616521029684724,C3812721,0.9313501119613647,0.9313501119613647,0.0,pred_answer,50
662fbec6187cba990d00000f,Mistral-7B-Instruct-v0.1,bioasq,The clinical indication for Transarterial Chemoembolization (TACE) in liver metastasis for colorectal cancer is the treatment of liver,False,3,0.9999999999999972,-0.1243416663264493,C5389162,0.7743757963180542,0.757599949836731,0.016775846481323242,pred_answer,50
66300ee7187cba990d00001c,Mistral-7B-Instruct-v0.1,bioasq,The prevalence of intellectual developmental disorders in Duchenne Muscular Dystrophy is approximately 50%.,False,3,0.9999999999999972,-0.1370550774824262,C4225319,0.7460206151008606,0.7451999187469482,0.0008206963539123535,pred_answer,50
660c0071fdcbea915f00002b,Mistral-7B-Instruct-v0.1,bioasq,Ixodes,True,3,0.7499999999999978,-0.0806755884550511,C0282511,0.9999997615814209,0.9234772324562073,0.07652252912521362,pred_answer,50
65f86b3ac4010b4d78000058,Mistral-7B-Instruct-v0.1,bioasq,"The estimated impact of social determinants of health on health outcomes varies widely depending on the specific determinant and population being studied. However, research consistently shows that social",False,3,0.9999999999999972,-0.1640884338194759,C3658315,0.7675637006759644,0.7504206895828247,0.01714301109313965,pred_answer,50
65f7785dc4010b4d78000033,Mistral-7B-Instruct-v0.1,bioasq,The most appropriate initial chemotherapy regimen in Total Neoadjuvant Therapy (TNT) for locally advanced rectal cancer patients is FOLFO,False,3,-8.00856625953729e-16,-0.0614041361670381,C5205920,0.6307075619697571,0.6173955202102661,0.013312041759490967,pred_answer,50
65f77a71c4010b4d7800003b,Mistral-7B-Instruct-v0.1,bioasq,The appropriate treatment in HER2Neu amplificated refractory advanced colorectal cancer patients is trastuzumab plus pertuzum,False,3,0.7499999999999978,-0.1931541392595459,C4527348,0.7540147304534912,0.7498178482055664,0.004196882247924805,pred_answer,50
660bb7f9fdcbea915f000029,Mistral-7B-Instruct-v0.1,bioasq,The drug administered to the mother for the prevention of lung immaturity when a preterm delivery is anticipated is called corticosteroids.,True,3,-8.00856625953729e-16,-0.0729078936540588,C3841241,0.800356388092041,0.7945210933685303,0.005835294723510742,pred_answer,50
660877c8fdcbea915f000008,Mistral-7B-Instruct-v0.1,bioasq,Mitochondria.,True,3,0.7499999999999978,-0.1595908410626439,C0026237,0.9881672859191895,0.9275799989700317,0.060587286949157715,pred_answer,50
65cfd02e1930410b1300001c,Mistral-7B-Instruct-v0.1,bioasq,VX-548 targets the voltage-gated sodium channel.,False,3,0.7499999999999978,-0.2130897879848837,C6016710,0.7947272658348083,0.7160517573356628,0.07867550849914551,pred_answer,50
66099a25fdcbea915f00001e,Mistral-7B-Instruct-v0.1,bioasq,The first-line treatment for BRAF mutated advanced colorectal cancer patients is typically a combination of a BRAF kinase inhibitor (,False,3,0.405639062229565,-0.1058769014422473,C5155890,0.716405987739563,0.7007030844688416,0.015702903270721436,pred_answer,50
66099a03fdcbea915f00001d,Mistral-7B-Instruct-v0.1,bioasq,The recommended age to start population screening for colorectal cancer is 50 years old.,False,3,0.405639062229565,-0.1062364030602117,C0420068,0.7659200429916382,0.762458086013794,0.0034619569778442383,pred_answer,50
65cfa8f81930410b13000010,Mistral-7B-Instruct-v0.1,bioasq,The mutation associated with VEXAS syndrome is a missense mutation in the VEGF-A gene.,False,3,0.7499999999999978,-0.4082913786916469,C1710619,0.7274165749549866,0.7078371047973633,0.01957947015762329,pred_answer,50
65f7789dc4010b4d78000034,Mistral-7B-Instruct-v0.1,bioasq,There is no single most reliable liquid biopsy technique after complete resection of colorectal cancer metastases. The choice of technique depends on various,False,3,0.405639062229565,-0.1892846764331357,C5944642,0.6965898275375366,0.6913975477218628,0.005192279815673828,pred_answer,50
661d4c2eeac11fad3300001a,Mistral-7B-Instruct-v0.1,bioasq,Rett Syndrome is caused by a mutation in the MECP2 gene.,False,3,0.405639062229565,-0.0785865940215683,C2187550,0.834863543510437,0.8296042680740356,0.005259275436401367,pred_answer,50
52bf19c503868f1b06000001,OpenBioLLM-8B,bioasq,The mode of inheritance of Facioscapulohumeral muscular dystrophy (FSHD) is autosomal dominant.,True,3,0.7499999999999978,-0.0305724952697946,C0238288,0.9271135330200195,0.9119272232055664,0.015186309814453125,pred_answer,50
530a5117970c65fa6b000007,OpenBioLLM-8B,bioasq,"The acronym ""TAILS"" stands for Terminal Amine-activated Labeling of Substances.",False,3,0.9999999999999972,-0.319731655962795,C0039259,0.7603217363357544,0.7011435627937317,0.059178173542022705,pred_answer,50
54e0d1491388e8454a000014,OpenBioLLM-8B,bioasq,Evolocumab is a monoclonal antibody that targets PCSK9 (Proprotein Convertase Subtilisin/Kexin Type 9).,True,3,0.9999999999999972,-0.1135482325409853,C3529352,0.8623701333999634,0.7666620016098022,0.09570813179016113,pred_answer,50
54ede8c594afd61504000009,OpenBioLLM-8B,bioasq,Fanconi anemia is characterized by a defect in the G2 phase of the cell cycle.,False,3,0.7499999999999978,-0.1329191533914127,C1845292,0.7895402908325195,0.7859718203544617,0.0035684704780578613,pred_answer,50
550af222c2af5d5b7000000b,OpenBioLLM-8B,bioasq,"The E3 ubiquitin ligase that ubiquitinates IkB, leading to its proteasomal degradation, is SCF (Skp1-Cullin",False,3,0.7499999999999978,-0.1063656750130856,C0764911,0.74095219373703,0.7408971786499023,5.501508712768555e-05,pred_answer,50
553653a5bc4f83e828000007,OpenBioLLM-8B,bioasq,The technique used for detection of EWS/FLI1 fusion transcripts is RT-PCR.,False,3,0.405639062229565,-0.1094474297654343,C3510953,0.785937488079071,0.7590093612670898,0.0269281268119812,pred_answer,50
56c868a95795f9a73e000017,OpenBioLLM-8B,bioasq,The Bimolecular Fluorescence Complementation (BiFC) assay is used in Drosophila embryos to detect protein-protein interactions.,False,3,0.7499999999999978,-0.1032532460094136,C1430926,0.6949178576469421,0.6762291789054871,0.018688678741455078,pred_answer,50
5343caffaeec6fbd07000002,OpenBioLLM-8B,bioasq,The human selenoprotein that contains several Se-Cys residues is Glutathione Peroxidase.,False,3,0.405639062229565,-0.1010462968627419,C0214788,0.8948808908462524,0.8770527243614197,0.017828166484832764,pred_answer,50
56a39d60496b62f23f000006,OpenBioLLM-8B,bioasq,The correct answer is 'ChIPpeakAnno'.,False,3,0.9999999999999972,-0.5247888841743892,C0574538,0.7234295606613159,0.7160303592681885,0.007399201393127441,pred_answer,50
56c1d857ef6e394741000033,OpenBioLLM-8B,bioasq,Opicapone inhibits the enzyme.flink,False,3,0.7499999999999978,-0.564288345713976,C2933912,0.78228759765625,0.7011803984642029,0.08110719919204712,pred_answer,50
56e857ae42442bac75000004,OpenBioLLM-8B,bioasq,Explanation: MMP proteins require zinc for their enzymatic activity.,True,3,0.9999999999999972,-0.4112262480865375,C1618608,0.6953813433647156,0.6854482293128967,0.009933114051818848,pred_answer,50
5509c52f1180f13250000004,OpenBioLLM-8B,bioasq,"Explanation: Hyperosmia refers to an increased sense of smell, also known as hyperosmia. This condition is not typically associated with any specific medical condition and",False,3,0.9999999999999972,-0.3577915868042112,C6022278,0.7860504388809204,0.7752698063850403,0.010780632495880127,pred_answer,50
52fe52702059c6d71c000078,OpenBioLLM-8B,bioasq,CENPA is preferentially localized to the centromere.,False,3,0.7499999999999978,-0.1294070447615272,C1413338,0.922964334487915,0.9178348183631897,0.005129516124725342,pred_answer,50
5717d64f29809bbe7a000001,OpenBioLLM-8B,bioasq,The protein Opa1 is located in the mitochondria.,False,3,0.405639062229565,-0.1159444890375836,C1417953,0.901436448097229,0.8956923484802246,0.0057440996170043945,pred_answer,50
5719f5b27de986d80d00000c,OpenBioLLM-8B,bioasq,Neu5Gc (N-Glycolylneuraminic acid) is a sialic acid that is found in the membranes of erythro,False,3,0.9999999999999972,-0.283030314080964,C0254402,0.8285948634147644,0.8242533802986145,0.004341483116149902,pred_answer,50
532366f09b2d7acc7e000015,OpenBioLLM-8B,bioasq,"In cadasil syndrome, the most common amino acid substitution is found in the cysteine residue at position 178.",True,3,0.9999999999999972,-0.3216256671116359,C0751587,0.6935586333274841,0.6935586333274841,0.0,pred_answer,50
55000cc4e9bde69634000004,OpenBioLLM-8B,bioasq,The disease characterized by congenital absence of intrinsic ganglion cells of the gastrointestinal tract is known as Aganglioneuromatosis.,False,3,0.7499999999999978,-0.1598888178539255,C5678018,0.8182860016822815,0.8125420808792114,0.005743920803070068,pred_answer,50
54f9cb34dd3fc62544000002,OpenBioLLM-8B,bioasq,The protein that interacts with phospholamban (PLN) and is also an anti-apoptotic protein is Bcl-2.,False,3,0.405639062229565,-0.0653063076313154,C1418650,0.7238834500312805,0.7238834500312805,0.0,pred_answer,50
515df063298dcd4e51000029,OpenBioLLM-8B,bioasq,The indication for prophylactic use of antibiotics in COPD is an exacerbation.,False,3,0.405639062229565,-0.1418616777548307,C0740304,0.7612695693969727,0.7453869581222534,0.01588261127471924,pred_answer,50
56b7083376d8bf8d13000001,OpenBioLLM-8B,bioasq,"The causative agent of the ""Panama disease"" affecting bananas is Fusarium oxysporum.",False,3,-8.00856625953729e-16,-0.0474990825811209,C5996043,0.8057162165641785,0.731924831867218,0.07379138469696045,pred_answer,50
52f11b922059c6d71c000004,OpenBioLLM-8B,bioasq,"Explanation: Tuberous Sclerosis is associated with the mTOR pathway. The mTOR pathway plays a crucial role in cell growth, proliferation, and survival.",False,3,0.9999999999999972,-0.2462790017279115,C3814875,0.7626387476921082,0.7626387476921082,0.0,pred_answer,50
56c077e9ef6e394741000021,OpenBioLLM-8B,bioasq,Explanation: The monoclonal antibody that targets SLAMF7 is efgartogene celgene.,False,3,0.9999999999999972,-0.352236449280967,C5561448,0.7269408702850342,0.7112740278244019,0.015666842460632324,pred_answer,50
571f609c0fd6f91b6800000c,OpenBioLLM-8B,bioasq,The enzyme deficiency that can cause GM1 gangliosidoses is b-hexosaminidase A.,False,3,-8.00856625953729e-16,-0.1188128165639739,C0039373,0.8800233602523804,0.875766396522522,0.0042569637298583984,pred_answer,50
55032e65e9bde69634000034,OpenBioLLM-8B,bioasq,The characteristic feature of the Dyke-Davidoff-Masson syndrome is the魚目紋 (salmon patch).,False,3,0.9999999999999972,-0.3832165661443346,C0266497,0.7868640422821045,0.6549453139305115,0.13191872835159302,pred_answer,50
51651e24298dcd4e51000054,OpenBioLLM-8B,bioasq,The Flaviviridae family consists of 3 genera.,True,3,-8.00856625953729e-16,-0.1727607380973295,C0206510,0.9128332138061523,0.7938777208328247,0.11895549297332764,pred_answer,50
5147c088d24251bc05000026,OpenBioLLM-8B,bioasq,Small cell lung cancer is the type of lung cancer most strongly associated with Lambert-Eaton syndrome.,False,3,-8.00856625953729e-16,-0.1561224084785863,C3161081,0.7397502064704895,0.7388030290603638,0.0009471774101257324,pred_answer,50
517901bc8ed59a060a00003b,OpenBioLLM-8B,bioasq,Explanation: MK-3475 and CT-011 are monoclonal antibodies that have demonstrated potential in the treatment of cancer. These antibodies are specifically designed to target,False,4,0.9999999999999968,-0.1750037667697732,C3665678,0.6883785128593445,0.6513587832450867,0.03701972961425781,pred_answer,50
532206819b2d7acc7e00000f,OpenBioLLM-8B,bioasq,The correct answer is immunoaffinity chromatography.,False,3,0.9999999999999972,-0.1906836760913393,C0596751,0.8915358185768127,0.8099766969680786,0.08155912160873413,pred_answer,50
5324a8ac9b2d7acc7e000018,OpenBioLLM-8B,bioasq,The tyrosine kinase targeted by Imatinib (Gleevec) in the context of Philadelphia-chromosome positive chronic myelogenous leukemia is BCR-,False,3,0.405639062229565,-0.0648451288436895,C1292771,0.7973445653915405,0.7944856286048889,0.0028589367866516113,pred_answer,50
530cf4e0c8a0b4a00c000002,OpenBioLLM-8B,bioasq,Isolated Non-compaction cardiomyopathy is connected with dilated cardiomyopathy through a shared genetic background.,False,3,0.7499999999999978,-0.3309051323011051,C4324548,0.795009970664978,0.7903780937194824,0.0046318769454956055,pred_answer,50
53442ca9aeec6fbd0700000b,OpenBioLLM-8B,bioasq,The subcellular localization of ERAP2 is the Golgi apparatus.,False,4,-6.898203503520455e-16,-0.1376521127642843,C1836110,0.6731619238853455,0.664193868637085,0.008968055248260498,pred_answer,50
52efbfccc8da898910000018,OpenBioLLM-8B,bioasq,The pharmacological treatment of subclinical hypothyroidism is effective in reducing cardiovascular events in elderly individuals.,False,3,0.7499999999999978,-0.2445182749294629,C1610618,0.6949095129966736,0.6842086911201477,0.010700821876525879,pred_answer,50
53398855d6d3ac6a3400005b,OpenBioLLM-8B,bioasq,The bromodomain recognizes acetylation.,False,3,0.9999999999999972,-0.1565922126173916,C1511331,0.813492476940155,0.806933581829071,0.006558895111083984,pred_answer,50
56f6d11c09dd18d46b00000f,OpenBioLLM-8B,bioasq,The protein encoded by the human gene GRIK is fasten.,False,3,0.9999999999999972,-0.3195632083246778,C1366532,0.7702827453613281,0.7592591047286987,0.011023640632629395,pred_answer,50
550c4011a103b78016000009,OpenBioLLM-8B,bioasq,Residue 129 of alpha-synuclein is phosphorylated in Lewy bodies.,False,3,0.9999999999999972,-0.1678470373888821,C4012424,0.7409374117851257,0.710054337978363,0.030883073806762695,pred_answer,50
54ff5197e9bde69634000001,OpenBioLLM-8B,bioasq,"A ""Long interspersed nuclear element"" is 6-8 kb (kilobases) long.",False,3,0.9999999999999972,-0.0938285400439168,C1517938,0.8106783628463745,0.8031473159790039,0.0075310468673706055,pred_answer,50
55390901bc4f83e828000014,OpenBioLLM-8B,bioasq,CRD-BP stabilizes c-myc mRNA.,False,3,0.7499999999999978,-0.0702387026063865,C3896879,0.738915741443634,0.735558032989502,0.00335770845413208,pred_answer,50
56c341acfedd0b786b000001,OpenBioLLM-8B,bioasq,The molecular function of psoralen photobinding on DNA is the formation of thymidine dimers.,False,3,0.9999999999999972,-0.1060489881362242,C1748457,0.7542989253997803,0.7420517802238464,0.012247145175933838,pred_answer,50
52b2e1d8f828ad283c00000c,OpenBioLLM-8B,bioasq,Daonil (Glibenclamide) is indicated for the treatment of type 2 diabetes mellitus.,True,3,0.405639062229565,-0.1120069468299315,C0700719,0.7860184907913208,0.7639554142951965,0.022063076496124268,pred_answer,50
55411d9f379ddf3f47000001,OpenBioLLM-8B,bioasq,The most typical peptide sequence responsible for retrieval of endoplasmic reticulum (ER) lumenal proteins from the Golgi apparatus is the KDEL,False,3,0.9999999999999972,-0.0752293331369136,C0166586,0.8788249492645264,0.8575555086135864,0.02126944065093994,pred_answer,50
54d907c84b1fd0d33c000008,OpenBioLLM-8B,bioasq,Mepolizumab is a monoclonal antibody that targets interleukin-5 (IL-5).,True,3,-8.00856625953729e-16,-0.058658369914815,C0969324,0.8918554782867432,0.8469501733779907,0.04490530490875244,pred_answer,50
54ff45966ad7dcbc12000010,OpenBioLLM-8B,bioasq,"Explanation: Netherton syndrome is caused by mutations in the SPINK5 gene, which encodes the protein called filaggrin.",False,3,0.7499999999999978,-0.2527581421973238,C5574950,0.7137550115585327,0.683648943901062,0.030106067657470703,pred_answer,50
51405cd123fec90375000005,OpenBioLLM-8B,bioasq,The defective protein causing the lysosomal storage disease Fabry is α-galactosidase A.,False,3,0.7499999999999978,-0.1268540608515319,C0002986,0.8400632739067078,0.7973701357841492,0.042693138122558594,pred_answer,50
56c1f040ef6e394741000055,OpenBioLLM-8B,bioasq,The correct answer is Anti TPO.,False,3,0.405639062229565,-0.4459398430254724,C1318460,0.8071599006652832,0.788657546043396,0.018502354621887207,pred_answer,50
51588bb2d24251bc05000091,OpenBioLLM-8B,bioasq,The answer is Valproic acid.,False,3,0.9999999999999972,-0.36786569090974,C0042291,0.8962871432304382,0.8962641358375549,2.300739288330078e-05,pred_answer,50
531d744c267d7dd053000009,OpenBioLLM-8B,bioasq,The protein encoded by the gene PABPC4 is involved in the regulation of translation.,False,3,0.9999999999999972,-0.228796104632573,C1418230,0.8908493518829346,0.8561453223228455,0.03470402956008911,pred_answer,50
55241f9e2c8b63434a000004,OpenBioLLM-8B,bioasq,The ABL1 proto-oncogene encodes for a tyrosine kinase enzyme.,False,3,-8.00856625953729e-16,-0.0807810015693348,C1439337,0.9744654297828674,0.9511588215827942,0.023306608200073242,pred_answer,50
52ee9f55c8da898910000009,OpenBioLLM-8B,bioasq,The mode of inheritance of Romano Ward long QT syndrome is autosomal dominant.,True,3,0.7499999999999978,-0.0626651652407538,C4551647,0.8710820078849792,0.8200785517692566,0.051003456115722656,pred_answer,50
56cdf5315795f9a73e000046,OpenBioLLM-8B,bioasq,The enzyme that degrades decapped mRNAs is the 5' nuclease.,False,3,0.9999999999999972,-0.138645188798057,C1414131,0.8562846779823303,0.8229209184646606,0.03336375951766968,pred_answer,50
56f780cb09dd18d46b000011,OpenBioLLM-8B,bioasq,The target protein of nivolumab is PD-1 (programmed cell death protein 1).,False,3,0.7499999999999978,-0.1074806707794816,C4085984,0.7971200346946716,0.7933500409126282,0.003769993782043457,pred_answer,50
56ed0ffe2ac5ed1459000008,OpenBioLLM-8B,bioasq,Ixazomib is being evaluated for use in multiple myeloma.,True,3,0.405639062229565,-0.1237481727707034,C3273711,0.9035759568214417,0.8431451916694641,0.06043076515197754,pred_answer,50
5177def18ed59a060a000034,OpenBioLLM-8B,bioasq,"The molecular mechanism underlying K-ras alterations in carcinomas is a point mutation at the 12th amino acid residue, which leads to the production of a mutant",False,3,0.7499999999999978,-0.4099515875881889,C3898643,0.7418892979621887,0.7099981904029846,0.0318911075592041,pred_answer,50
5506ce078e1671127b00000b,OpenBioLLM-8B,bioasq,The correct answer is PP2A.,False,3,0.405639062229565,-0.279241207262708,C1704708,0.810285747051239,0.810285747051239,0.0,pred_answer,50
532f0bd6d6d3ac6a3400002d,OpenBioLLM-8B,bioasq,The mode of inheritance of Marchesani syndrome is autosomal recessive.,False,3,0.7499999999999978,-0.0470809455071545,C0265313,0.8238128423690796,0.8070724606513977,0.016740381717681885,pred_answer,50
530cf22aa177c6630c000004,OpenBioLLM-8B,bioasq,The main role of Ctf4 in dna replication is to load the DNA polymerase onto the chromatin.,False,3,0.9999999999999972,-0.2453259668381989,C1427963,0.8518705368041992,0.7716014385223389,0.08026909828186035,pred_answer,50
53130a77e3eabad02100000f,OpenBioLLM-8B,bioasq,"Explanation: Costello syndrome is associated with a deficiency of the hormone ACTH (Adrenocorticotropic Hormone), which is responsible for stimulating the adrenal glands",False,3,0.9999999999999972,-0.2702278377075728,C0587248,0.7011203765869141,0.7009874582290649,0.0001329183578491211,pred_answer,50
5343bdd6aeec6fbd07000001,OpenBioLLM-8B,bioasq,The phosphorylated residue in the promoter paused form of RNA polymerase II is Serine 5.,True,3,0.7499999999999978,-0.0833847172639009,C5815471,0.6980924606323242,0.6713233590126038,0.02676910161972046,pred_answer,50
56ae57350a360a5e4500000a,OpenBioLLM-8B,bioasq,"Explanation: LeuRS, or leucyl-tRNA synthetase, is a critical enzyme in the process of protein synthesis. It catalyzes the",False,3,0.9999999999999972,-0.1630007584999757,C1150740,0.8404757380485535,0.8331496715545654,0.007326066493988037,pred_answer,50
53357ca0d6d3ac6a3400004b,OpenBioLLM-8B,bioasq,The answer is fostamatinib.,False,3,0.405639062229565,-0.3922220388808202,C2713632,0.9035418033599854,0.8873770236968994,0.016164779663085938,pred_answer,50
56c1f039ef6e394741000052,OpenBioLLM-8B,bioasq,The antibody implicated in Bickerstaff's brainstem encephalitis is anti-GQ1b.,False,3,-8.00856625953729e-16,-0.1181331216969022,C1255615,0.8225539922714233,0.8121566772460938,0.01039731502532959,pred_answer,50
532670e7d6d3ac6a34000008,OpenBioLLM-8B,bioasq,The typical alteration of the thyroid profile metabolism early after coronary artery bypass graft surgery is an increase in free thyroxine (T4) and a decrease in thyroid,False,3,0.9999999999999972,-0.1966914782772875,C0342186,0.6101139187812805,0.6093828082084656,0.0007311105728149414,pred_answer,50
56cae60f5795f9a73e00002b,OpenBioLLM-8B,bioasq,The protein linked to Spinocerebellar Ataxia type 2 is Ataxin 2.,True,3,0.7499999999999978,-0.1109276654078786,C0968256,0.9110947847366333,0.9110947847366333,0.0,pred_answer,50
513ce494bee46bd34c000009,OpenBioLLM-8B,bioasq,The most common disease associated with primary cilia malfunction or absence is Polycystic kidney disease.,False,3,0.405639062229565,-0.1800660663485966,C0085413,0.873212456703186,0.8709723949432373,0.0022400617599487305,pred_answer,50
55376f19bc4f83e82800000c,OpenBioLLM-8B,bioasq,The most common type of pediatric cerebellar tumor is the medulloblastoma.,True,3,0.7499999999999978,-0.1432349301456533,C4024934,0.9290004968643188,0.9222829937934875,0.006717503070831299,pred_answer,50
514a51c2d24251bc0500005c,OpenBioLLM-8B,bioasq,The common cause of infertility in women is a pituitary adenoma called a follicle-stimulating hormone (FSH) adenoma.,False,3,0.7499999999999978,-0.2478094653334362,C4055021,0.858332633972168,0.7130508422851562,0.14528179168701172,pred_answer,50
56b397a98525abca1e000003,OpenBioLLM-8B,bioasq,"Explanation: Lipid droplets in cells are utilized for energy storage. They serve as a reservoir of neutral fats, such as triglycerides and cholesterol esters",False,3,0.7499999999999978,-0.2571938419126169,C0230704,0.8071329593658447,0.8027580976486206,0.004374861717224121,pred_answer,50
56d138fe3975bb303a000015,OpenBioLLM-8B,bioasq,The betalain pathway is activated by the transcription factor phycocyanin.,False,3,0.405639062229565,-0.183266099811034,C1159333,0.774368405342102,0.7734125256538391,0.0009558796882629395,pred_answer,50
512d2fff5274a5fb07000006,OpenBioLLM-8B,bioasq,The H3K4me3 histone mark is associated with transcriptional initiation.,True,3,0.405639062229565,-0.0445698620330886,C3829683,0.8422701954841614,0.7931994199752808,0.049070775508880615,pred_answer,50
5326a85ad6d3ac6a3400000b,OpenBioLLM-8B,bioasq,Polyadenylate-binding protein 4 (PABP4) binds to poly(A) RNA.,False,3,0.9999999999999972,-0.0723452021721736,C1418230,0.9254937171936035,0.9254937171936035,0.0,pred_answer,50
51585b28d24251bc0500008d,OpenBioLLM-8B,bioasq,DNMT1 is the enzyme responsible for the maintenance of DNA (cytosine-5-)-methylation.,True,3,0.405639062229565,-0.0984495177211286,C1621352,0.9384576678276062,0.9344645738601685,0.003993093967437744,pred_answer,50
57138eb21174fb175500000a,OpenBioLLM-8B,bioasq,The protein involved in Spinocerebellar ataxia type 3 is TATA box binding protein associated protein 1 (TBP1).,False,3,0.405639062229565,-0.1362075160881823,C1337106,0.8032771348953247,0.8032771348953247,0.0,pred_answer,50
553656c4bc4f83e828000009,OpenBioLLM-8B,bioasq,The Askin tumor cells harbor the t(11;22)(v;3) translocation.,False,3,0.9999999999999972,-0.2653645201643528,C4287949,0.7834442853927612,0.7774144411087036,0.006029844284057617,pred_answer,50
56bdcc4cef6e394741000002,OpenBioLLM-8B,bioasq,The R/bioconductor package that uses the Hilbert curve to visualize genomic data is genoPlotter.,False,3,0.7499999999999978,-0.1659687602726984,C5419913,0.6349657773971558,0.6176257729530334,0.017340004444122314,pred_answer,50
56c1f01aef6e394741000043,OpenBioLLM-8B,bioasq,"Pembrolizumab is a monoclonal antibody that targets the programmed death-ligand 1 (PD-L1), which is involved in the",False,3,0.405639062229565,-0.1438297867875524,C3658706,0.8944012522697449,0.882514238357544,0.011887013912200928,pred_answer,50
52e8e93498d023950500001e,OpenBioLLM-8B,bioasq,The mode of inheritance of Facioscapulohumeral muscular dystrophy (FSHD) is autosomal dominant.,True,3,0.7499999999999978,-0.0264627518793747,C0238288,0.9271135330200195,0.9119272232055664,0.015186309814453125,pred_answer,50
51bdd9c2047fa84d1d000002,OpenBioLLM-8B,bioasq,Explanation: The receptor for substrates of Chaperone Mediated Autophagy (CMA) is the co-chaperone Hsp70. This is,False,3,0.9999999999999972,-0.1804004093122235,C1415760,0.7249190807342529,0.7242395877838135,0.0006794929504394531,pred_answer,50
52f509512059c6d71c000020,OpenBioLLM-8B,bioasq,The mode of inheritance of short QT syndrome is autosomal dominant.,False,3,0.7499999999999978,-0.0445699619323574,C2348199,0.8353250026702881,0.7987342476844788,0.036590754985809326,pred_answer,50
56c83f365795f9a73e000011,OpenBioLLM-8B,bioasq,The domains allowing self-association in TDP-43 and FUS proteins are RNA recognition motifs (RRMs).,False,3,0.9999999999999972,-0.1561262007817797,C4042843,0.7428401112556458,0.7306208610534668,0.012219250202178955,pred_answer,50
550f0e4c6a8cde6b72000003,OpenBioLLM-8B,bioasq,The disease associated with the ectopic expression of the protein encoded by the gene DUX4 is Facioscapulohumeral muscular dystrophy (FSHD,True,3,0.9999999999999972,-0.0755577884398819,C5561960,0.8551391363143921,0.8170440793037415,0.038095057010650635,pred_answer,50
5319ac36b166e2b806000031,OpenBioLLM-8B,bioasq,The essential G protein for lamellipodia formation and function is Rac.,False,3,0.7499999999999978,-0.1666867736763464,C0539241,0.8412610292434692,0.8325177431106567,0.0087432861328125,pred_answer,50
531d1998267d7dd053000001,OpenBioLLM-8B,bioasq,Hypothyroidism is associated with a worse prognosis in patients with acute myocardial infarction.,False,3,0.7499999999999978,-0.1554910245354609,C0348863,0.6933505535125732,0.6869370937347412,0.006413459777832031,pred_answer,50
54cb9c94f693c3b16b000005,OpenBioLLM-8B,bioasq,The main regulatory molecule of SERCA2A function in the cardiac muscle is Troponin.,False,3,0.4999999999999985,-0.1229972691183434,C0077400,0.8851377964019775,0.883156955242157,0.0019808411598205566,pred_answer,50
56cdf3e55795f9a73e00003c,OpenBioLLM-8B,bioasq,The correct answer is Rag GTPases.,False,3,0.405639062229565,-0.3060371954721631,C5057506,0.7925408482551575,0.7852864265441895,0.007254421710968018,pred_answer,50
56e2acfe51531f7e33000014,OpenBioLLM-8B,bioasq,The correct answer is G1.,False,3,0.7499999999999978,-0.2929313025961164,C0475269,0.822272539138794,0.7629392147064209,0.05933332443237305,pred_answer,50
534abe8aaeec6fbd07000013,OpenBioLLM-8B,bioasq,"The correct answer is Hsp70. During Hsp90 inhibition, the expression of Hsp70 is upregulated to compensate for the loss of Hsp90",True,3,0.4999999999999985,-0.1809414642048352,C1415757,0.7775706648826599,0.7741950750350952,0.0033755898475646973,pred_answer,50
534e364e288f4dae47000001,OpenBioLLM-8B,bioasq,Approximately how many recombination hotspots have been found in the yeast genome?,False,3,0.9999999999999972,-0.0921345135443784,C2986491,0.6168872117996216,0.5859980583190918,0.030889153480529785,pred_answer,50
56a8b8b5a17756b72f000005,OpenBioLLM-8B,bioasq,"Explanation: The interaction between TAF10 and GATA1 results in the formation of a complex that plays a crucial role in hematopoiesis, the process",False,3,0.9999999999999972,-0.2199002810598571,C4327581,0.6758660674095154,0.6431481242179871,0.03271794319152832,pred_answer,50
5313058de3eabad02100000e,OpenBioLLM-8B,bioasq,The abnormality in the lower thoracic vertebral region is important in Bertolotti's syndrome.,False,3,0.9999999999999972,-0.1948628748644599,C0263900,0.806776762008667,0.7499748468399048,0.05680191516876221,pred_answer,50
53189b05b166e2b80600001e,OpenBioLLM-8B,bioasq,"In Sjogren's syndrome, lymphocytes attack the exocrine glands, particularly the lacrimal and salivary glands.",False,3,0.9999999999999972,-0.1779875561136025,C1321435,0.8393528461456299,0.8372937440872192,0.0020591020584106445,pred_answer,50
56ae70050a360a5e4500000f,OpenBioLLM-8B,bioasq,The RUNX1-MYEF2 complex plays a role in regulating hematopoiesis.,False,3,0.7499999999999978,-0.1828369425649267,C3274665,0.7626266479492188,0.7582380771636963,0.004388570785522461,pred_answer,50
53261e79600967d132000003,OpenBioLLM-8B,bioasq,"In heart failure patients, an increase in thyroid hormone levels is associated with a decrease in inflammatory markers.",False,3,0.9999999999999972,-0.1933887382654228,C0271809,0.6882554292678833,0.6646052598953247,0.023650169372558594,pred_answer,50
56f961b3cf1c325851000003,OpenBioLLM-8B,bioasq,The color of the protein Ranasmurfin is yellow.,False,3,0.405639062229565,-0.1099948680622359,C2935745,0.7092108130455017,0.7085855603218079,0.0006252527236938477,pred_answer,50
53372ba3d6d3ac6a34000058,OpenBioLLM-8B,bioasq,"Explanation: Histone modifications play a crucial role in regulating gene expression by altering the chromatin structure to either facilitate or inhibit transcription. Among the various modifications, hist",False,3,0.9999999999999972,-0.1767628794258655,C1160463,0.7144098877906799,0.692611813545227,0.02179807424545288,pred_answer,50
5319a708b166e2b806000024,OpenBioLLM-8B,bioasq,The target of bortezomib in cancer therapy is the 20S proteasome.,False,3,0.9999999999999972,-0.1382849954089089,C1176309,0.7683265209197998,0.7629553079605103,0.005371212959289551,pred_answer,50
52ece29f98d023950500002c,OpenBioLLM-8B,bioasq,The correct answer is folliculin.,False,4,0.9999999999999968,-0.2968233373831026,C0751434,0.7874798774719238,0.7709132432937622,0.01656663417816162,pred_answer,50
53175e9fb166e2b80600000a,OpenBioLLM-8B,bioasq,LKB1 is a gene that encodes a serine-threonine kinase. It plays a crucial role in regulating cell polarity and is involved in the development,False,3,0.9999999999999972,-0.351599548392187,C1431123,0.8837454319000244,0.8837454319000244,0.0,pred_answer,50
56c1f009ef6e39474100003c,OpenBioLLM-8B,bioasq,Eliglustat is used in the treatment of Cystic Fibrosis.,False,3,0.7499999999999978,-0.188127170911417,C3272698,0.7234163880348206,0.7201976776123047,0.003218710422515869,pred_answer,50
54e0ace81388e8454a000010,OpenBioLLM-8B,bioasq,The APOBEC3B protein is predominantly cytoplasmic.,False,3,0.405639062229565,-0.0398582164433243,C1424925,0.9293820261955261,0.9293820261955261,0.0,pred_answer,50
56fcf1b8cf1c325851000005,OpenBioLLM-8B,bioasq,SATB1 regulates imprinted genes.,False,3,0.7499999999999978,-0.2348778437456826,C1419822,0.7129985094070435,0.7121883034706116,0.0008102059364318848,pred_answer,50
56cafa845795f9a73e00002e,OpenBioLLM-8B,bioasq,The PI3K/AKT pathway is regulating SGK1-mediated phosphorylation of FOXO3a to control cell proliferation.,False,3,0.405639062229565,-0.086884372850362,C2984404,0.6501668691635132,0.6392589211463928,0.010907948017120361,pred_answer,50
53262cdcd6d3ac6a34000003,OpenBioLLM-8B,bioasq,The definitive treatment for low pressure headache is a headaches.,False,3,0.9999999999999972,-0.6472684710339914,C0393746,0.8650544285774231,0.8029239177703857,0.062130510807037354,pred_answer,50
5344155faeec6fbd07000005,OpenBioLLM-8B,bioasq,The inheritance pattern of Hunter disease or mucopolysaccharidosis II is X-linked recessive.,False,3,0.405639062229565,-0.0195982514042453,C5562064,0.8506948947906494,0.8441181182861328,0.0065767765045166016,pred_answer,50
553ca8d8f32186855800000d,OpenBioLLM-8B,bioasq,The absence of Saccharomyces cerevisiae Rrm3p leads to defective rRNA processing.,False,3,0.7499999999999978,-0.1011636963853493,C0529660,0.7432431578636169,0.7275945544242859,0.015648603439331055,pred_answer,50
5139b31dbee46bd34c000004,OpenBioLLM-8B,bioasq,The most widely used model for the study of multiple sclerosis (MS) is the experimental allergic encephalomyelitis (EAE) model.,False,3,0.405639062229565,-0.0399719950130988,C0014072,0.8742469549179077,0.7450217008590698,0.1292252540588379,pred_answer,50
55192892622b194345000012,OpenBioLLM-8B,bioasq,The correct answer is E3 ubiquitin ligase.,False,3,0.9999999999999972,-0.545472471275995,C0077678,0.8191362023353577,0.8155994415283203,0.0035367608070373535,pred_answer,50
56cdf5195795f9a73e000045,OpenBioLLM-8B,bioasq,The correct answer is GW182.,False,3,0.7499999999999978,-0.2538611117925029,C1540035,0.7594112157821655,0.7034452557563782,0.055965960025787354,pred_answer,50
52bf19f703868f1b06000002,OpenBioLLM-8B,bioasq,The inheritance pattern of Catecholaminergic Polymorphic Ventricular Tachycardia (CPVT) caused by RYR2 mutations is,False,3,0.9999999999999972,-0.0113932256272257,C5686714,0.8789607286453247,0.7586327791213989,0.12032794952392578,pred_answer,50
54cf45e7f693c3b16b00000a,OpenBioLLM-8B,bioasq,The main calcium binding protein of the sarcoplasmic reticulum is calsequestrin.,True,3,0.405639062229565,-0.0181234287079906,C1432385,0.9036688804626465,0.8983087539672852,0.005360126495361328,pred_answer,50
52f896d62059c6d71c000046,OpenBioLLM-8B,bioasq,"Memory problems reported in ""Gulf war syndrome"" include",False,3,0.7499999999999978,-0.211255257119736,C6006945,0.7517645359039307,0.7478201985359192,0.003944337368011475,pred_answer,50
52f899952059c6d71c00004b,OpenBioLLM-8B,bioasq,Explanation: The mutation associated with PLMS (periodic limb movements in sleep) is the mutation in the gene for the alpha subunit of dopamine receptor.,False,3,0.9999999999999972,-0.3103349542387299,C2013983,0.6548935770988464,0.646874189376831,0.00801938772201538,pred_answer,50
56ae6e650a360a5e4500000e,OpenBioLLM-8B,bioasq,The only available genomics and developmental transcriptomics resource for the urochordate Oikopleura dioica is the SmedGD database.,False,3,0.9999999999999972,-0.1038196054847034,C2987330,0.6898550987243652,0.6777404546737671,0.012114644050598145,pred_answer,50
5314bd7ddae131f847000006,OpenBioLLM-8B,bioasq,"In patients with Donohue syndrome, the function of the hormone receptor is altered to be more sensitive to the hormone, which is why the correct answer is",False,3,0.9999999999999972,-0.5624863724505609,C0265344,0.685818076133728,0.676731288433075,0.009086787700653076,pred_answer,50
5339edd6d6d3ac6a34000061,OpenBioLLM-8B,bioasq,Delayed enhancement in patients with hypertrophic cardiomyopathy indicates fibrosis.,False,3,0.7499999999999978,-0.2382189447872103,C5539856,0.7797765731811523,0.7299373149871826,0.04983925819396973,pred_answer,50
56b1f4300a360a5e4500001b,OpenBioLLM-8B,bioasq,Explanation: The peptide that plays a pivotal role in human cystatin C fibrillization is the gamma core.,False,3,0.9999999999999972,-0.3865236846620716,C1413772,0.8027874231338501,0.7750880718231201,0.02769935131072998,pred_answer,50
5357b36cf1005d6b58000006,OpenBioLLM-8B,bioasq,"The main CHEK2 genetic variant, thought to be involved in familial breast cancer, is Ile181Leu.",False,3,0.4999999999999985,-0.106597517440291,C1858445,0.8041711449623108,0.8013108372688293,0.0028603076934814453,pred_answer,50
530f900ee3eabad021000003,OpenBioLLM-8B,bioasq,"In patients with the Allan–Herndon–Dudley syndrome, there is a decrease in the concentration of thyroid hormone (T3 and T4) and",True,3,0.9999999999999972,-0.200884456323676,C0795889,0.8000198006629944,0.8000198006629944,0.0,pred_answer,50
53551206a0726bee57000001,OpenBioLLM-8B,bioasq,The major adverse effect of adriamycin(doxorubicin) is cardiomyopathy.,False,3,-8.00856625953729e-16,-0.0691970531562988,C4325524,0.8978793621063232,0.8252724409103394,0.07260692119598389,pred_answer,50
56cae3eb5795f9a73e000021,OpenBioLLM-8B,bioasq,The most likely age of diagnosis of Crohn's disease (CD) is between 15-30 years.,False,3,0.405639062229565,-0.1456826851226058,C2931133,0.6675371527671814,0.66398686170578,0.003550291061401367,pred_answer,50
54e0d7471388e8454a000015,OpenBioLLM-8B,bioasq,Secukinumab is a monoclonal antibody that targets Interleukin-17 (IL-17).,False,3,-8.00856625953729e-16,-0.1000948484995422,C3179547,0.9120355844497681,0.8474121689796448,0.06462341547012329,pred_answer,50
532ff917d6d3ac6a34000038,OpenBioLLM-8B,bioasq,The correct histone trimethylation associated with RNA splicing is H3K36me3.,True,3,0.9999999999999972,-0.1784395313863212,C4684882,0.895305335521698,0.8528310656547546,0.04247426986694336,pred_answer,50
530cf4c54a5037880c000008,OpenBioLLM-8B,bioasq,The name of Bruton's tyrosine kinase inhibitor used for the treatment of chronic lymphocytic leukemia is Ibrutinib.,True,3,0.405639062229565,-0.0438646752997561,C3501358,0.9251447319984436,0.8387582302093506,0.08638650178909302,pred_answer,50
54f2210164850a5854000001,OpenBioLLM-8B,bioasq,Hepcidin contains 2 disulfide bridges.,False,3,0.7499999999999978,-0.2220584701706404,C3475484,0.8620964884757996,0.8543564677238464,0.007740020751953125,pred_answer,50
54e0ba781388e8454a000011,OpenBioLLM-8B,bioasq,The metaxin complex is localized to the mitochondria.,False,3,-8.00856625953729e-16,-0.1258234850105719,C1538025,0.7623080015182495,0.7592194676399231,0.003088533878326416,pred_answer,50
56f6c11109dd18d46b00000e,OpenBioLLM-8B,bioasq,The receptor for cyclosporin A (CsA) is the calcineurin.,False,3,0.7499999999999978,-0.1736622475671993,C1511478,0.8137041330337524,0.8137041330337524,0.0,pred_answer,50
536e46f27d100faa09000012,OpenBioLLM-8B,bioasq,The gene most commonly mutated in Tay-Sachs disease is HEXA.,True,3,-8.00856625953729e-16,-0.0522721569143565,C5890931,0.8424045443534851,0.8321897387504578,0.010214805603027344,pred_answer,50
531e2695267d7dd05300000f,OpenBioLLM-8B,bioasq,The protein encoded by the gene DNAJC11 is localized to the mitochondria.,False,3,0.405639062229565,-0.0582914549914669,C1539296,0.872514009475708,0.8175695538520813,0.05494445562362671,pred_answer,50
515df199298dcd4e5100002a,OpenBioLLM-8B,bioasq,Explanation: The treatment for CCSVI (chronic cerebro-spinal venous insufficiency) in multiple sclerosis is known as 'flixed up assistant'.,False,3,0.9999999999999972,-0.2450945889593718,C2958457,0.6565555334091187,0.6306672096252441,0.02588832378387451,pred_answer,50
52eea4dcc8da89891000000c,OpenBioLLM-8B,bioasq,The mode of inheritance of long QT Jervell and Lange-Nielsen syndrome is autosomal recessive.,True,3,0.405639062229565,-0.0284597897792628,C6011125,0.8720409870147705,0.8521459698677063,0.01989501714706421,pred_answer,50
56df03c751531f7e3300000a,OpenBioLLM-8B,bioasq,"N6-methyladenosine (m6A) affects the properties of mRNA by increasing its stability, which can lead to longer-lasting expression of the encoded",False,3,0.9999999999999972,-0.2502838003132659,C5828484,0.773071825504303,0.7513954043388367,0.02167642116546631,pred_answer,50
56c8274f5795f9a73e00000d,OpenBioLLM-8B,bioasq,The affected cells in Amyotrophic Lateral Sclerosis are motor neurons.,True,3,0.7499999999999978,-0.2184381144602127,C0085084,0.7929604053497314,0.7899868488311768,0.0029735565185546875,pred_answer,50
53124bdae3eabad02100000b,OpenBioLLM-8B,bioasq,The molecular target of Rapamycin is the mTOR (mammalian target of rapamycin) pathway.,True,3,0.7499999999999978,-0.2064892764032014,C1621636,0.9438846111297607,0.9089306592941284,0.034953951835632324,pred_answer,50
53318685d6d3ac6a3400003d,OpenBioLLM-8B,bioasq,The mode of inheritance of Acromicric dysplasia is Autosomal dominant.,True,3,0.9999999999999972,-0.0376539683358727,C0265287,0.8166465759277344,0.7615607380867004,0.055085837841033936,pred_answer,50
56c865d25795f9a73e000016,OpenBioLLM-8B,bioasq,GKT 137831,False,3,0.9999999999999972,-0.6594273910547296,C3529183,0.9999992847442627,0.8358196020126343,0.16417968273162842,pred_answer,50
533ba85ffd9a95ea0d000008,OpenBioLLM-8B,bioasq,The frequency of mutations induced spontaneously through Ethylnitrosourea (ENU) mutagenesis is 1 in 4.,False,3,0.405639062229565,-0.1613174464973139,C0015111,0.720764696598053,0.7191616296768188,0.0016030669212341309,pred_answer,50
58a2e5f760087bc10a000007,OpenBioLLM-8B,bioasq,Lewy bodies are primarily composed of α- synuclein.,False,3,0.7499999999999978,-0.2664871430184575,C4012424,0.9478662014007568,0.8959572315216064,0.05190896987915039,pred_answer,50
58a2df9c60087bc10a000006,OpenBioLLM-8B,bioasq,The incidence of beta-thalassemia in the Greek population is 1 in 600.,False,3,0.405639062229565,-0.0703956398399955,C4310972,0.6959155201911926,0.6608012318611145,0.035114288330078125,pred_answer,50
58a2ced760087bc10a000004,OpenBioLLM-8B,bioasq,The human gene coding for the dopamine transporter (DAT1) is located to chromosome 5.,False,3,0.405639062229565,-0.0417802992774795,C1420213,0.8842617273330688,0.8842617273330688,0.0,pred_answer,50
58a9c152396a458e50000001,OpenBioLLM-8B,bioasq,The answer is follicular dendritic cells.,False,3,0.9999999999999972,-0.4447262855726876,C0242245,0.9160929918289185,0.8142035603523254,0.10188943147659302,pred_answer,50
58a5b1fe60087bc10a000024,OpenBioLLM-8B,bioasq,The UBC9 enzyme is a conjugation factor that plays a crucial role in the sumoylation pathway. It catalyzes the final step of sumoy,False,3,0.7499999999999978,-0.2284303525011868,C0534043,0.8556521534919739,0.8288079500198364,0.02684420347213745,pred_answer,50
58bc5e2202b8c60953000002,OpenBioLLM-8B,bioasq,"Explanation: Mutations in the UBQLN2 gene are associated with Amyotrophic Lateral Sclerosis (ALS), a progressive neurodegenerative disease that",True,3,0.7499999999999978,-0.1683957851417261,C3275459,0.7086580991744995,0.7055968046188354,0.0030612945556640625,pred_answer,50
58b6bd2622d300530900000c,OpenBioLLM-8B,bioasq,The correct ApoE isoform associated with hyperlipoproteinemia is ApoE2.,False,3,0.9999999999999972,-0.2095516366320214,C0052198,0.8953804969787598,0.8953332901000977,4.7206878662109375e-05,pred_answer,50
589480b47d9090f353000007,OpenBioLLM-8B,bioasq,Explanation: The CHARMM (Chemistry at Harvard Macromolecular Mechanics) program is used for the simulation of macromolecular diffusional association. This program,False,3,0.9999999999999972,-0.2042971823947006,C1737369,0.6415077447891235,0.6365381479263306,0.004969596862792969,pred_answer,50
5891b125621ea6ff7e00000e,OpenBioLLM-8B,bioasq,Taliglucerase alfa is used in the treatment of Gaucher's disease.,False,3,0.7499999999999978,-0.1295574843840171,C3273401,0.8355969786643982,0.7931272983551025,0.042469680309295654,pred_answer,50
58a2c77a60087bc10a000002,OpenBioLLM-8B,bioasq,"The gamma-secreatase complex is implicated in the pathogenesis of Alzheimer's Disease. It is responsible for the cleavage of amyloid precursor protein (APP),",False,3,0.9999999999999972,-0.1904830700432089,C2753842,0.8164832592010498,0.7932620048522949,0.023221254348754883,pred_answer,50
589185cc621ea6ff7e00000b,OpenBioLLM-8B,bioasq,Explanation: Nusinersen is a medication used in the treatment of Spinal Muscular Atrophy (SMA). SMA is a genetic disorder characterized by the,True,3,0.9999999999999972,-0.1771772152170712,C4301236,0.7741855382919312,0.716442883014679,0.0577426552772522,pred_answer,50
5887fe7d3b87a8a738000008,OpenBioLLM-8B,bioasq,"3,4-Diaminobenzoic acid derivatives are involved in the immune system as components of the bacterial cell wall.",False,3,0.9999999999999972,-0.3347055791930205,C1437952,0.7028676271438599,0.6949363946914673,0.007931232452392578,pred_answer,50
58cc5bae02b8c60953000037,OpenBioLLM-8B,bioasq,The incidence of new cases of X-linked adrenoleukodystrophy (ALD) in Australian and New Zealand in the late 1990's was,False,3,0.7499999999999978,-0.0077758823997999,C4284476,0.7776105403900146,0.7776105403900146,0.0,pred_answer,50
58caf0be02b8c6095300002f,OpenBioLLM-8B,bioasq,The organism that causes woolsorter's disease is Mycobacterium leprae.,False,3,0.9999999999999972,-0.2794846510335958,C0026922,0.8445571660995483,0.8399572968482971,0.004599869251251221,pred_answer,50
58bca2f302b8c6095300000c,OpenBioLLM-8B,bioasq,The affected chromosome in Turner's syndrome is chromosome 45.,False,3,0.405639062229565,-0.1821996020763226,C0242526,0.8484767079353333,0.8298079967498779,0.018668711185455322,pred_answer,50
58bac71222d3005309000013,OpenBioLLM-8B,bioasq,Histone mutations are associated with gliomas.,False,3,0.7499999999999978,-0.3152512835252309,C5885509,0.6542043685913086,0.6503631472587585,0.003841221332550049,pred_answer,50
58cdb41302b8c60953000042,OpenBioLLM-8B,bioasq,The most affected tissue in Ehlers-Danlos syndromes is the collagenous tissue.,False,3,0.405639062229565,-0.1575916771154737,C0013720,0.899229884147644,0.8891370892524719,0.01009279489517212,pred_answer,50
587f7a69d8d850a152000001,OpenBioLLM-8B,bioasq,Explanation: The library used for fixed-length approximate string matching is the flexox library.,False,3,0.9999999999999972,-0.4345988614159574,C1170805,0.6974118947982788,0.6907021999359131,0.006709694862365723,pred_answer,50
5895f7e978275d0c4a000001,OpenBioLLM-8B,bioasq,The correct answer is ackee apple.,False,3,0.405639062229565,-0.2802866764896963,C0330978,0.7303193211555481,0.6864690780639648,0.04385024309158325,pred_answer,50
58cd90c202b8c60953000040,OpenBioLLM-8B,bioasq,IL-18BP is a binding protein for interleukin-18 (IL-18).,False,3,0.7499999999999978,-0.2539137557194635,C0765701,0.9407868385314941,0.9362580180168152,0.004528820514678955,pred_answer,50
58cf5c5a8acda34529000003,OpenBioLLM-8B,bioasq,"Base J, which is not found in the human genome, is present in the genome of Leishmania tarentolae.",False,3,0.9999999999999972,-0.1791976292878708,C1308746,0.7270822525024414,0.7200857400894165,0.006996512413024902,pred_answer,50
58da111c8acda34529000010,OpenBioLLM-8B,bioasq,The main cause of the Patau syndrome is maternal age.,False,3,-8.00856625953729e-16,-0.1068124063137599,C3839931,0.7222323417663574,0.7013150453567505,0.020917296409606934,pred_answer,50
58af1cb3717cd3f655000003,OpenBioLLM-8B,bioasq,The main abnormality that arises with Sox9 locus duplication is the development of supernumerary pancreatic tissue.,False,3,0.9999999999999972,-0.2275736957850282,C0266268,0.8338931798934937,0.7563970685005188,0.07749611139297485,pred_answer,50
58dd0dde8acda34529000027,OpenBioLLM-8B,bioasq,The commonly affected tissue in Marfan's syndrome is the aorta.,False,3,0.9999999999999972,-0.1486547498738218,C2910345,0.8802251815795898,0.8479613661766052,0.03226381540298462,pred_answer,50
58853922e56acf5176000016,OpenBioLLM-8B,bioasq,The loss of CD28 expression by liver-infiltrating T cells is associated with graft-versus-host disease.,False,3,0.7499999999999978,-0.1083137701663273,C3267051,0.7062100172042847,0.7058388590812683,0.0003711581230163574,pred_answer,50
58853667e56acf5176000015,OpenBioLLM-8B,bioasq,The direct interaction of Ikaros and Foxp1 in B-lymphocytes leads to an increase in the transcription of the Bcl-2 gene.,False,3,0.9999999999999972,-0.2460063595414321,C1864273,0.6832143664360046,0.6624423265457153,0.020772039890289307,pred_answer,50
5889eb503b87a8a73800000b,OpenBioLLM-8B,bioasq,The syndrome caused by deletion of Pds5b in mice is called congenital heart disease.,False,3,0.7499999999999978,-0.3315923264175524,C2003164,0.7023391723632812,0.6858607530593872,0.016478419303894043,pred_answer,50
58de18e48acda3452900002a,OpenBioLLM-8B,bioasq,The answer is: Let-7.,False,3,0.9999999999999972,-0.5386056670362854,C1708690,0.8587414622306824,0.8241707682609558,0.03457069396972656,pred_answer,50
58d906b28acda3452900000d,OpenBioLLM-8B,bioasq,The TAZ (G4.5) is located in the thalamus.,False,3,0.405639062229565,-0.194147063260377,C2183634,0.687536895275116,0.6815752387046814,0.00596165657043457,pred_answer,50
58e79e703e8b6dc87c00000a,OpenBioLLM-8B,bioasq,70-80% of rheumatoid arthritis patients respond to anti-TNF therapy.,False,3,0.4999999999999985,-0.2054935831398426,C0281481,0.6556986570358276,0.6505606770515442,0.005137979984283447,pred_answer,50
5880c42fc872c95565000008,OpenBioLLM-8B,bioasq,Semaglutide is used in the treatment of type 2 diabetes mellitus.,True,3,0.405639062229565,-0.1196635756188142,C3885068,0.8850916624069214,0.782579243183136,0.1025124192237854,pred_answer,50
58f4b1a170f9fc6f0f000010,OpenBioLLM-8B,bioasq,Amanita phalloides is the poisonous mushroom.,True,3,0.7499999999999978,-0.1790937040674028,C0319646,0.909432590007782,0.8514335751533508,0.05799901485443115,pred_answer,50
589317e849702f2e01000005,OpenBioLLM-8B,bioasq,"Explanation: The server used for generating modes of pseudo components of DNA, RNA and protein sequences is the Pseudo Annotator. This server is designed to predict",False,3,0.9999999999999972,-0.29934572220969,C1552657,0.6541059017181396,0.6456620693206787,0.008443832397460938,pred_answer,50
58eb4ce7eda5a57672000004,OpenBioLLM-8B,bioasq,Transcription factors forkhead 1 and 2 (Fkh1 and Fkh2) are associated with the regulation of cell cycle progression.,False,3,0.9999999999999972,-0.1183902547142544,C0118111,0.8616729974746704,0.8565791845321655,0.005093812942504883,pred_answer,50
58f3c4b970f9fc6f0f00000a,OpenBioLLM-8B,bioasq,The genome of the virus that causes blue tongue disease is double stranded RNA.,False,3,0.405639062229565,-0.0892338634362204,C0005867,0.7590886354446411,0.6965736746788025,0.06251496076583862,pred_answer,50
58c27b7102b8c60953000021,OpenBioLLM-8B,bioasq,The effects that create neighborhoods of transcriptional regulation in eukaryotes are enhancers and silencers.,False,3,0.405639062229565,-0.1077816308767916,C0014290,0.7496417164802551,0.7337701916694641,0.015871524810791016,pred_answer,50
58f4b9d470f9fc6f0f000016,OpenBioLLM-8B,bioasq,Tularemia is caused by the bacterium Francisella tularensis.,True,3,0.7499999999999978,-0.1373591502968041,C0445901,0.9827998876571655,0.9773057103157043,0.005494177341461182,pred_answer,50
5895f18ce370baff39000001,OpenBioLLM-8B,bioasq,Explanation: The method used for prediction of novel microRNA genes in cancer-associated genomic regions is called PITA. PITA stands for Prediction of microRNA Targets and,False,3,0.9999999999999972,-0.2426763201115811,C0326342,0.6746163368225098,0.6746163368225098,0.0,pred_answer,50
589635dd78275d0c4a000009,OpenBioLLM-8B,bioasq,The tool used for the identification of recurrent variants in noncoding regions is the genotype caller.,False,3,0.7499999999999978,-0.4042530345711659,C5707982,0.7362087965011597,0.720547080039978,0.01566171646118164,pred_answer,50
5a7d51dafaa1ab7d2e000017,OpenBioLLM-8B,bioasq,"Explanation: In Alzheimer's disease patients, intravenous immunoglobulin (IVIG) is administered via the intramuscular (IM) route, not intraven",True,3,0.9999999999999972,-0.2647300264588921,C5414665,0.6935603618621826,0.6859058737754822,0.0076544880867004395,pred_answer,50
5a43a139966455904c000008,OpenBioLLM-8B,bioasq,The NOMe-Seq methodology is used to measure DNA methylation.,False,3,-8.00856625953729e-16,-0.1690685255640952,C3831347,0.836182713508606,0.821262001991272,0.014920711517333984,pred_answer,50
58edf567eda5a57672000011,OpenBioLLM-8B,bioasq,The DosR regulon consists of 7 genes.,False,3,0.7499999999999978,-0.1972692245967332,C0206522,0.6665919423103333,0.6456863880157471,0.02090555429458618,pred_answer,50
5a67b2f7b750ff445500000f,OpenBioLLM-8B,bioasq,"The Q tip test is used to diagnose stress urinary incontinence, which is characterized by the involuntary loss of urine during physical exertion, such as coughing",True,3,0.7499999999999978,-0.1915223412603168,C0430975,0.6645938158035278,0.6570848226547241,0.007508993148803711,pred_answer,50
593ff22b70f9fc6f0f000023,OpenBioLLM-8B,bioasq,There are 4 Groucho-related genes (GRG) in the mouse genome.,True,3,0.405639062229565,-0.067854438745311,C1420755,0.8267296552658081,0.8065337538719177,0.02019590139389038,pred_answer,50
5a8941c5bc7bade53a000002,OpenBioLLM-8B,bioasq,The 32nd amino acid in the human CREB protein is phosphorylated.,False,3,0.9999999999999972,-0.2197486174556402,C1424589,0.8113834261894226,0.8113834261894226,0.0,pred_answer,50
5a7d6287faa1ab7d2e00001c,OpenBioLLM-8B,bioasq,GDF15 binds to the TGF beta receptor.,False,3,0.9999999999999972,-0.3085562227759813,C1335222,0.7713255286216736,0.7713255286216736,0.0,pred_answer,50
5a87d73861bb38fb2400000b,OpenBioLLM-8B,bioasq,The recent outbreak of Clostridium difficile is mainly caused by ribotype 027.,True,3,0.4999999999999985,-0.1607207870223595,C6064701,0.7565737962722778,0.7401429414749146,0.01643085479736328,pred_answer,50
5a7610af83b0d9ea6600001a,OpenBioLLM-8B,bioasq,The answer is JAK3. Decernotinib is a selective inhibitor of Janus kinase 3 (JAK3).,True,3,0.9999999999999972,-0.2535711994961175,C4045833,0.7811141014099121,0.7251543998718262,0.05595970153808594,pred_answer,50
5a6e472ab750ff4455000048,OpenBioLLM-8B,bioasq,The TMEM132 genes are associated with the function of regulating body temperature.,False,3,0.9999999999999972,-0.5572553503596858,C1823391,0.7499319314956665,0.7329113483428955,0.017020583152770996,pred_answer,50
5a735b383b9d13c708000002,OpenBioLLM-8B,bioasq,The name of the RNAi investigational drug being developed against hereditary amyloidosis is 'Fomivirsen'.,False,3,-8.00856625953729e-16,-0.1519646865903916,C4263429,0.7073748111724854,0.687719464302063,0.019655346870422363,pred_answer,50
5a68f448b750ff4455000018,OpenBioLLM-8B,bioasq,The bacteria that causes erythrasma is Corynebacterium minutissimum.,True,3,0.405639062229565,-0.1280260089187274,C0010154,0.8858041763305664,0.8646982908248901,0.02110588550567627,pred_answer,50
5a895f51fcd1d6a10c000004,OpenBioLLM-8B,bioasq,The preferred orientation of CTCF binding sites for chromatin looping is face-to-face.,False,3,0.7499999999999978,-0.0788977361409563,C1511458,0.6767390966415405,0.6505210995674133,0.026217997074127197,pred_answer,50
5a6a02a3b750ff4455000021,OpenBioLLM-8B,bioasq,The most common cause of hereditary renal amyloidosis is the protein transthyretin.,False,3,0.7499999999999978,-0.1675566054901169,C2751492,0.8972939848899841,0.8841785788536072,0.013115406036376953,pred_answer,50
5a74a8a70384be9551000005,OpenBioLLM-8B,bioasq,Explanation: The correct answer is '-fontawesome:regular'. This siRNA-based drug is currently in clinical trials for the treatment of pancreatic cancer.,False,3,0.9999999999999972,-0.4714421400363037,C5944701,0.6225917339324951,0.6217155456542969,0.0008761882781982422,pred_answer,50
5a6a3464b750ff4455000026,OpenBioLLM-8B,bioasq,Explanation: The correct answer is 'фасониста'. The 'фасониста' algorithm is specifically designed to enhance multiple circular sequence alignment by,False,3,0.9999999999999972,-0.4838760714328032,C4710087,0.6811805367469788,0.6662356853485107,0.014944851398468018,pred_answer,50
5a6d08d5b750ff445500002c,OpenBioLLM-8B,bioasq,The stapled peptide designed to target Ctf4 is called fitness.,False,3,0.9999999999999972,-0.5305152644964362,C0047590,0.6889626383781433,0.6560945510864258,0.03286808729171753,pred_answer,50
5a6fa31ab750ff445500005e,OpenBioLLM-8B,bioasq,Explanation: The method developed for assignment of enhancers to target genes is called genetic footprinting. This technique involves the systematic disruption of noncoding DNA sequences to identify,False,3,0.9999999999999972,-0.4000675027160767,C2148608,0.7368323802947998,0.7173382639884949,0.01949411630630493,pred_answer,50
5a6d196db750ff4455000032,OpenBioLLM-8B,bioasq,The resource developed for studying the transcriptional regulation of GABAergic cell fate is the Allen Brain Atlas.,False,3,0.7499999999999978,-0.1395854898946476,C1943114,0.6785210371017456,0.6737092137336731,0.00481182336807251,pred_answer,50
5a68f005b750ff4455000016,OpenBioLLM-8B,bioasq,Dialectical behavior therapy (DBT) is a form of behavioral therapy that is specifically designed to treat borderline personality disorder (BPD). It is a structured,True,3,0.9999999999999972,-0.2560482142610425,C1321145,0.8099356889724731,0.7732709646224976,0.036664724349975586,pred_answer,50
5a6900ebb750ff445500001d,OpenBioLLM-8B,bioasq,The answer is De Quervain's tenosynovitis.,False,3,0.7499999999999978,-0.1909399032318712,C0149870,0.9528144598007202,0.8613789677619934,0.0914354920387268,pred_answer,50
5a6e2578b750ff445500003d,OpenBioLLM-8B,bioasq,The package in Bioconductor that has been developed to analyze differential DNA loops from sequencing data is 'LoopSeq'.,False,3,0.9999999999999972,-0.259668289534981,C0445022,0.6668541431427002,0.6640414595603943,0.002812683582305908,pred_answer,50
5a8712af61bb38fb24000002,OpenBioLLM-8B,bioasq,The link between psoriatic arthritis and depression is that patients with psoriatic arthritis are at a higher risk of developing depression compared to the general population.,False,3,0.9999999999999972,-0.17389885370212,C1835223,0.7398035526275635,0.7102469205856323,0.029556632041931152,pred_answer,50
5a9e2386de7cb99d40000004,OpenBioLLM-8B,bioasq,The drug forxiga is used for treating type 2 diabetes mellitus.,False,3,0.9999999999999972,-0.1819593189531106,C5433403,0.7495439052581787,0.7231941223144531,0.026349782943725586,pred_answer,50
5a761ac3aacfb9cd4c000002,OpenBioLLM-8B,bioasq,Explanation: The most common feature of Doege–Potter syndrome is jaundice.,False,3,0.9999999999999972,-0.2814866463834876,C3641889,0.6452659368515015,0.6416669487953186,0.0035989880561828613,pred_answer,50
5a67c497b750ff4455000012,OpenBioLLM-8B,bioasq,Explanation: The correct answer is 'Whole genome sequencing'. Whole genome sequencing (WGS) is a method that determines the complete DNA sequence of an organism's genome,False,3,0.9999999999999972,-0.2693303491248002,C3640076,0.8581730127334595,0.8286468386650085,0.029526174068450928,pred_answer,50
5a774fdcfaa1ab7d2e000008,OpenBioLLM-8B,bioasq,Explanation: Tudor interacting repair regulator (TIRR) is a protein that plays a role in the regulation of the protein farnesyltransferase. This,False,3,0.9999999999999972,-0.3451234253826234,C3822522,0.6854915618896484,0.6829751133918762,0.002516448497772217,pred_answer,50
5aa6c800d6d6b54f79000012,OpenBioLLM-8B,bioasq,"Explanation: Liquid-liquid phase transition refers to a change in the state of a substance from a liquid to a liquid, characterized by a distinct change in physical properties",False,3,0.7499999999999978,-0.279303558833277,C4330585,0.7476508617401123,0.7348202466964722,0.012830615043640137,pred_answer,50
5a9d8d691d1251d03b000020,OpenBioLLM-8B,bioasq,RAB10 is associated with Alzheimers disease.,False,3,0.7499999999999978,-0.0872417158075922,C1419188,0.7672397494316101,0.7189930081367493,0.04824674129486084,pred_answer,50
5aa50086d6d6b54f7900000c,OpenBioLLM-8B,bioasq,Explanation: Ubiquilins are a family of proteins that play a crucial role in the ubiquitin-proteasome system. They are involved in the process,False,3,0.7499999999999978,-0.2253551936282676,C0962589,0.7984670400619507,0.767392098903656,0.031074941158294678,pred_answer,50
5a7639419e632bc066000005,OpenBioLLM-8B,bioasq,"Explanation: The prediction of protein subcellular localization is a critical task in bioinformatics and molecular biology. Over the years, various algorithms and methods have been developed",False,3,0.9999999999999972,-0.3058433082929177,C0681843,0.7064107060432434,0.687618613243103,0.01879209280014038,pred_answer,50
5a7373f63b9d13c708000008,OpenBioLLM-8B,bioasq,"Fexinidazole is used to treat Kala-Azar, also known as Visceral leishmaniasis.",False,3,0.405639062229565,-0.1761957562918333,C0023290,0.7994171977043152,0.7506364583969116,0.048780739307403564,pred_answer,50
5a95765bfcd1d6a10c000028,OpenBioLLM-8B,bioasq,"The circadian clock is controlled by the suprachiasmatic nucleus, which is located in the anterior hypothalamus.",False,3,0.7499999999999978,-0.1589188356647967,C2256413,0.8465167284011841,0.8290340304374695,0.0174826979637146,pred_answer,50
5aa3fb7ad6d6b54f79000009,OpenBioLLM-8B,bioasq,The drug that cures hepatitis C is Sofosbuvir.,False,3,0.7499999999999978,-0.1749256529842796,C2976303,0.935427725315094,0.818490743637085,0.11693698167800903,pred_answer,50
5abd5a62fcf4565872000031,OpenBioLLM-8B,bioasq,"EcoRI, restriction endonuclease was isolated from Escherichia coli.",False,3,0.9999999999999972,-0.1429653042380831,C0011516,0.8905916213989258,0.8753861784934998,0.015205442905426025,pred_answer,50
5abd2ce0fcf456587200002a,OpenBioLLM-8B,bioasq,The two main bacterial phyla in the human gut are Bacteroidetes and Firmicutes.,True,3,-8.00856625953729e-16,-0.0224887023936216,C1634514,0.827980637550354,0.8254297971725464,0.002550840377807617,pred_answer,50
5ac08fe7d0c506ce46000003,OpenBioLLM-8B,bioasq,The MCF-7 cell line is derived from breast cancer.,False,3,-8.00856625953729e-16,-0.0843590270972711,C0596890,0.9110971689224243,0.8089635372161865,0.10213363170623779,pred_answer,50
5ab90a79fcf456587200001b,OpenBioLLM-8B,bioasq,"Explanation: A spinal epidural hematoma can be caused by the use of injectable medications such as Marcaine, which is a local anesthetic. These drugs",False,3,0.9999999999999972,-0.5868737852315107,C2046866,0.7190037965774536,0.7096914649009705,0.009312331676483154,pred_answer,50
5ad4dd93133db5eb78000008,OpenBioLLM-8B,bioasq,The clathrin triskelia structure is composed of three clathrin molecules.,False,3,-8.00856625953729e-16,-0.1280498185053346,C2754641,0.9467591047286987,0.7862797975540161,0.16047930717468262,pred_answer,50
5c34ad63da8336e21a000007,OpenBioLLM-8B,bioasq,Transposons preferentially insert into genomic positions that are multiples of 9 base pairs.,False,3,0.7499999999999978,-0.3350273467647064,C5960815,0.7212427258491516,0.6973403692245483,0.02390235662460327,pred_answer,50
5c58474786df2b9174000001,OpenBioLLM-8B,bioasq,The algorithm developed for the automatic extraction of co-expressed gene clusters from gene expression data is called MCL (Markov Cluster Algorithm).,True,3,0.9999999999999972,-0.1678798508991162,C5940626,0.715832531452179,0.6841792464256287,0.03165328502655029,pred_answer,50
5c34ac49da8336e21a000006,OpenBioLLM-8B,bioasq,DNA hydroxymethylation is increased in patients with Systemic Lupus Erythematosus.,False,3,0.9999999999999972,-0.1623619107892486,C3805215,0.6797999143600464,0.678286612033844,0.0015133023262023926,pred_answer,50
5c011057133db5eb78000025,OpenBioLLM-8B,bioasq,The correct answer is Phase 2a.,False,3,0.9999999999999972,-0.5028637026436626,C1706446,0.79880690574646,0.7480015158653259,0.05080538988113403,pred_answer,50
5c5f2c0c1a4c55d80b000021,OpenBioLLM-8B,bioasq,"Explanation: Gingipain refers to the proteolytic enzymes found in the bacterial plaque, specifically in the interdental plaque. These enzymes are responsible for the",False,3,0.4999999999999985,-0.3065296717487626,C5197759,0.8128917217254639,0.8003390431404114,0.01255267858505249,pred_answer,50
5c5f3a1f1a4c55d80b000028,OpenBioLLM-8B,bioasq,"Explanation: Fucokinase, also known as fucosyltransferase, plays a crucial role in the process of fucosylation. This enzyme",False,3,0.9999999999999972,-0.1624828156356557,C0060795,0.8499684929847717,0.8499662280082703,2.2649765014648438e-06,pred_answer,50
5c6be8f07c78d69471000032,OpenBioLLM-8B,bioasq,The database that has been developed to contain experimentally-confirmed carbonylated proteins is CARP.,False,3,0.9999999999999972,-0.1750945908878138,C0677526,0.7562042474746704,0.7562042474746704,0.0,pred_answer,50
5c783d32d774d04240000004,OpenBioLLM-8B,bioasq,Experimental autoimmune encephalomyelitis (EAE) is an animal model for multiple sclerosis (MS).,False,3,0.405639062229565,-0.0787638631722363,C0014072,0.8767332434654236,0.8055258989334106,0.07120734453201294,pred_answer,50
5c646fd3e842deac6700001a,OpenBioLLM-8B,bioasq,Gemtuzumab ozogamicin is used for the treatment of acute lymphoblastic leukemia (ALL).,False,3,0.4999999999999985,-0.1571421126014935,C4733928,0.8813570737838745,0.8743659257888794,0.006991147994995117,pred_answer,50
5c5249077e3cb0e23100000b,OpenBioLLM-8B,bioasq,The 3D tomography imaging technique used for the diagnosis of eye disease is Optical Coherence Tomography (OCT).,True,3,-8.00856625953729e-16,-0.1320014607226767,C0920367,0.8571223020553589,0.8490249514579773,0.008097350597381592,pred_answer,50
5c65897a7c78d69471000006,OpenBioLLM-8B,bioasq,The first mutant IDH2 inhibitor approved for patients with acute myeloid leukemia is Enasidenib.,True,3,0.405639062229565,-0.0976980156492894,C4519428,0.8125881552696228,0.8048581480979919,0.007730007171630859,pred_answer,50
5c78080e7c78d694710000ae,OpenBioLLM-8B,bioasq,Sandhoff disease is caused by a deficiency of the enzyme beta-hexosaminidase A.,False,3,0.405639062229565,-0.158014032269767,C0036161,0.8629322052001953,0.8299471735954285,0.032985031604766846,pred_answer,50
5c531d8f7e3cb0e231000017,OpenBioLLM-8B,bioasq,Explanation: Bathing suit Ichthyosis(BSI) is caused by mutations in the filaggrin gene.,False,3,0.9999999999999972,-0.2489652578321445,C4511230,0.7047050595283508,0.6996210217475891,0.005084037780761719,pred_answer,50
5c51fe8907ef653866000007,OpenBioLLM-8B,bioasq,The percentage of individuals at risk of dominant medically actionable disease is 50%.,False,3,0.7499999999999978,-0.2372562275435257,C0184863,0.7403243780136108,0.7095151543617249,0.030809223651885986,pred_answer,50
5c0117fd133db5eb7800002a,OpenBioLLM-8B,bioasq,Delafloxacin was first approved in the USA on 2018-10-26 for the treatment of acute bacterial skin and skin structure infections.,False,3,0.9999999999999972,-0.1881552020227694,C5825403,0.7826804518699646,0.7626315951347351,0.020048856735229492,pred_answer,50
5c72ade07c78d69471000070,OpenBioLLM-8B,bioasq,Lorlatinib inhibits the enzyme ALK.,False,3,0.9999999999999972,-0.1413173266372875,C4080091,0.819146990776062,0.7409641146659851,0.0781828761100769,pred_answer,50
5c571dd307647bbc4b000016,OpenBioLLM-8B,bioasq,Hepatic capillariasis is caused by the organism Paragonimus westermanii.,False,3,0.7499999999999978,-0.2401494773758599,C0276997,0.8750316500663757,0.8646827936172485,0.010348856449127197,pred_answer,50
5c89623bf9c2ba6b28000005,OpenBioLLM-8B,bioasq,Hepatocellular carcinoma,False,3,0.405639062229565,-0.2414398227951356,C2239176,0.9999997019767761,0.9821346998214722,0.017865002155303955,pred_answer,50
5c8cdfe50101eac870000004,OpenBioLLM-8B,bioasq,MTCH2 is a receptor for Tomm40.,False,3,0.9999999999999972,-0.3215706485363322,C1425005,0.8158113956451416,0.8139826059341431,0.0018287897109985352,pred_answer,50
5c84346b75a4a5d219000001,OpenBioLLM-8B,bioasq,The correct answer is Measles.,False,3,0.4999999999999985,-0.4276010309258709,C4543599,0.8121870756149292,0.8061258792877197,0.006061196327209473,pred_answer,50
5c73acef7c78d69471000088,OpenBioLLM-8B,bioasq,Erenumab is a monoclonal antibody that targets the calcitonin receptor.,False,3,0.405639062229565,-0.1456449178864252,C4542165,0.8264800906181335,0.7289247512817383,0.09755533933639526,pred_answer,50
5c85234775a4a5d219000007,OpenBioLLM-8B,bioasq,The current standard of care for treating Clostridium Difficile infection is Metronidazole.,False,3,0.7499999999999978,-0.2213397828605291,C1716507,0.773219108581543,0.7279441952705383,0.04527491331100464,pred_answer,50
5c92871decadf2e73f000016,OpenBioLLM-8B,bioasq,The name of the Cas13 based diagnostic test for the Zika and dengue viruses is the 'SHERLOCK' test.,False,3,0.9999999999999972,-0.1936011774273264,C0431051,0.7120388746261597,0.6796584129333496,0.03238046169281006,pred_answer,50
5c6acb107c78d6947100001f,OpenBioLLM-8B,bioasq,The tool used to visualise the junction sites of chloroplast genomes is the 'Pairwise nucleotide blast'.,False,3,0.9999999999999972,-0.3146179798913843,C5419018,0.6205165386199951,0.5945712924003601,0.02594524621963501,pred_answer,50
5c6ad2997c78d69471000020,OpenBioLLM-8B,bioasq,Explanation: The Python tool developed for network-based stratification of tumor mutations is called '.LookAndFeel'. It is designed to analyze large-scale genomic data from cancer patients to,False,3,0.9999999999999972,-0.5331829481024677,C5414562,0.6871860027313232,0.6344122290611267,0.05277377367019653,pred_answer,50
5c8fef490101eac870000010,OpenBioLLM-8B,bioasq,The correct answer is 'MLP regulates F-actin dynamics through interaction with capping protein'.,False,3,0.9999999999999972,-0.2955201569973648,C1413108,0.677115261554718,0.6771128177642822,2.4437904357910156e-06,pred_answer,50
5c8fe1f10101eac87000000a,OpenBioLLM-8B,bioasq,NFIA affects astrocyte differentiation by promoting it.,False,3,0.9999999999999972,-0.2410790021672249,C1455428,0.7522940039634705,0.7522940039634705,0.0,pred_answer,50
5c89623bf9c2ba6b28000004,OpenBioLLM-8B,bioasq,Explanation: The CFL2 gene mutation is associated with nemaline myopathy. Nemaline myopathy is a group of muscle disorders characterized by the presence of,False,3,0.9999999999999972,-0.2319094793936462,C0546123,0.7428843975067139,0.7387912273406982,0.004093170166015625,pred_answer,50
5caa0247ecadf2e73f000055,OpenBioLLM-8B,bioasq,The protein recruited by Crumbs to regulate tracheal development is Mait1.,False,3,0.9999999999999972,-0.3901884753146432,C1424153,0.7143486738204956,0.6848559379577637,0.029492735862731934,pred_answer,50
5cb39707ecadf2e73f000060,OpenBioLLM-8B,bioasq,The results of mutations in the gene autoimmune regulator are APECED syndrome.,False,3,0.7499999999999978,-0.1895856687290233,C1741275,0.8775363564491272,0.8494073152542114,0.02812904119491577,pred_answer,50
5e7f5d0d835f4e4777000016,OpenBioLLM-8B,bioasq,Fluzone Intradermal was replaced with Fluzone Intradermal Quadrivalent in 2016.,False,3,0.9999999999999972,-0.0833270768049314,C4282867,0.8581433296203613,0.8328118920326233,0.025331437587738037,pred_answer,50
5e35dc26158f994d3a000006,OpenBioLLM-8B,bioasq,"The Drosophila protein interaction map (DPiM) has queried 1,000 proteins for protein partners.",False,3,0.9999999999999972,-0.4628209722211215,C4288349,0.6732895374298096,0.6473553776741028,0.025934159755706787,pred_answer,50
5d387573a1e159510500000a,OpenBioLLM-8B,bioasq,Explanation: The primary interacting protein of BLK is fluxweaver.,False,3,0.9999999999999972,-0.4386698741776229,C3830125,0.645163893699646,0.642685055732727,0.0024788379669189453,pred_answer,50
5e6e82eac6a8763d23000001,OpenBioLLM-8B,bioasq,The SLC25A20 protein is transporting Ornithine.,False,3,0.9999999999999972,-0.1238215919288896,C1427779,0.8721550703048706,0.8623937964439392,0.009761273860931396,pred_answer,50
5e36d5b9b5b409ea53000009,OpenBioLLM-8B,bioasq,The algorithm developed for detecting expansions of tandem repeats is the.jdesktop.,False,3,0.9999999999999972,-0.4834512312230404,C3900077,0.6799841523170471,0.672417402267456,0.0075667500495910645,pred_answer,50
5d3826427bc3fee31f00000f,OpenBioLLM-8B,bioasq,Recurrent disease develops in 50-70% of patients with nasopharyngeal carcinoma (NPC).,False,3,0.9999999999999972,-0.1672737356917341,C0278952,0.8277466893196106,0.8049858808517456,0.02276080846786499,pred_answer,50
5e822615835f4e4777000034,OpenBioLLM-8B,bioasq,The mutated protein in Erythropoietic Protoporphyria is Ferrochelatase.,False,3,-8.00856625953729e-16,-0.0326557673048961,C1414580,0.8803830146789551,0.8803830146789551,0.0,pred_answer,50
5e49c2356d0a277941000010,OpenBioLLM-8B,bioasq,"Explanation: The database in question is ChIPBase, which is designed to catalog and annotate regulatory single nucleotide polymorphisms (SNPs) that affect the",False,3,0.9999999999999972,-0.3737623030943773,C3831111,0.7499686479568481,0.7077824473381042,0.042186200618743896,pred_answer,50
5e6e8f92c6a8763d23000004,OpenBioLLM-8B,bioasq,A lncRNA is typically longer than 200 nucleotides.,True,3,0.7499999999999978,-0.221940909037221,C3494264,0.7614967823028564,0.7486535310745239,0.01284325122833252,pred_answer,50
5e80489b835f4e4777000022,OpenBioLLM-8B,bioasq,"The protein encoded by the gene NKCC2 is a cotransporter that facilitates the movement of sodium, potassium, and chloride ions across cell membranes.",False,3,0.9999999999999972,-0.2028290754755903,C3658231,0.9019727110862732,0.9004123210906982,0.0015603899955749512,pred_answer,50
5e7f64d6835f4e477700001f,OpenBioLLM-8B,bioasq,ZP-PTH is administered to patients using a flamboyant device.,False,4,0.9999999999999968,-0.8522838326312012,C0499807,0.6259932518005371,0.6257957816123962,0.00019747018814086914,pred_answer,50
5e2b00bc76af173751000004,OpenBioLLM-8B,bioasq,Explanation: The tool for predicting drug synergy using deep learning is the 'ftware.,False,3,0.7499999999999978,-0.6006570268867054,C5781391,0.6174855828285217,0.6130417585372925,0.004443824291229248,pred_answer,50
5e5b6f04b761aafe0900000e,OpenBioLLM-8B,bioasq,The SARS-CoV proteome consists of 29 proteins.,False,3,0.405639062229565,-0.0984034439263459,C5452819,0.7619472742080688,0.748188316822052,0.013758957386016846,pred_answer,50
5e4940f46d0a277941000004,OpenBioLLM-8B,bioasq,There are 5 annotated conserved human lncRNAs that come from ancestral protein-coding genes.,False,3,0.7499999999999978,-0.2858172070712147,C4318419,0.7672913670539856,0.7296409606933594,0.03765040636062622,pred_answer,50
5e5b626fb761aafe0900000c,OpenBioLLM-8B,bioasq,The multidrug transporter MDR3 is targeting cholesterol and phospholipids.,False,3,0.7499999999999978,-0.083360621777625,C0380509,0.8477159738540649,0.8303573131561279,0.01735866069793701,pred_answer,50
5e3c6c9eb5b409ea53000022,OpenBioLLM-8B,bioasq,The bacteria associated with Gastric cancer and peptic ulcers is Helicobacter pylori.,True,3,-8.00856625953729e-16,-0.0573577220431089,C0079488,0.9287170171737671,0.910231351852417,0.018485665321350098,pred_answer,50
5e355e20fbd6abf43b000065,OpenBioLLM-8B,bioasq,The gene frequently involved in autosomal dominant adult-onset demyelinating leukodystrophy (ADLD) is the Spongiform encephalopathy,False,3,0.7499999999999978,-0.1481728560131399,C0206307,0.7846423983573914,0.7660707235336304,0.018571674823760986,pred_answer,50
5e48f2b6f8b2df0d49000005,OpenBioLLM-8B,bioasq,The radiation-induced CD8 lymphocyte apoptosis (RILA) assay is used to measure the radiosensitivity of CD8+ T cells.,False,3,0.7499999999999978,-0.231894201644004,C0201463,0.7733181118965149,0.7441369295120239,0.029181182384490967,pred_answer,50
5e48efd9f8b2df0d49000004,OpenBioLLM-8B,bioasq,"The aim of the ""Radiogenomics Consortium"" is to identify and validate genomic biomarkers for radiation exposure.",False,3,0.9999999999999972,-0.2773338920752646,C5702114,0.7676778435707092,0.7439409494400024,0.023736894130706787,pred_answer,50
5e2deb35fbd6abf43b00001c,OpenBioLLM-8B,bioasq,The method developed for mapping of Transcription Start Sites (TSS) starting from nanograms of RNA is called CAGE (Cap Analysis of Gene Expression).,False,3,0.7499999999999978,-0.1549310231933232,C5552712,0.7261788845062256,0.6567480564117432,0.06943082809448242,pred_answer,50
5e499c636d0a27794100000a,OpenBioLLM-8B,bioasq,"Explanation: Molecular radiotherapy, also known as targeted radiotherapy, is a type of cancer treatment that uses radioactive substances to destroy cancer cells. Unlike traditional radiotherapy",False,3,0.405639062229565,-0.1803556390428013,C3164944,0.8334649801254272,0.7706166505813599,0.06284832954406738,pred_answer,50
5e540c866d0a277941000052,OpenBioLLM-8B,bioasq,Explanation: AZD0530 is also known as filibok.,False,3,0.9999999999999972,-0.4612044976949342,C1706679,0.7891799211502075,0.747643768787384,0.041536152362823486,pred_answer,50
5d35f1267bc3fee31f000004,OpenBioLLM-8B,bioasq,The HP1a protein has a compacting effect on chromatin.,False,3,0.9999999999999972,-0.1124507862136548,C5565393,0.9183869361877441,0.9069751501083374,0.011411786079406738,pred_answer,50
5e4adb486d0a277941000015,OpenBioLLM-8B,bioasq,The answer is: BioPAXViz is based on Java technology.,False,3,0.9999999999999972,-0.6457759189869279,C1879842,0.7181938886642456,0.6660614609718323,0.05213242769241333,pred_answer,50
5d35e7ddb3a638076300000e,OpenBioLLM-8B,bioasq,The SAF-A protein is localized to the nucleus.,True,3,0.7499999999999978,-0.1740619998308623,C1415649,0.8517463207244873,0.8381085991859436,0.013637721538543701,pred_answer,50
5e5cc1fa1af46fc130000005,OpenBioLLM-8B,bioasq,Iodine thyroid blocking is a method used to reduce the uptake of radioactive iodine by the thyroid gland.,False,3,0.9999999999999972,-0.2291415712858471,C1564086,0.80600905418396,0.7898877859115601,0.016121268272399902,pred_answer,50
5d35ef017bc3fee31f000001,OpenBioLLM-8B,bioasq,Explanation: PRC2 deposits the epigenetic mark 5-methylcytosine.,False,3,0.9999999999999972,-0.3405348368991042,C3494414,0.7496103048324585,0.7466371059417725,0.002973198890686035,pred_answer,50
5e49ac346d0a27794100000e,OpenBioLLM-8B,bioasq,The first oral ghrelin receptor inverse agonist to be profiled in healthy subjects is fagutimide.,False,3,0.7499999999999978,-0.2164403628948855,C5434985,0.7304856777191162,0.7009629011154175,0.02952277660369873,pred_answer,50
5e5d24811af46fc130000006,OpenBioLLM-8B,bioasq,Explanation: Romiplostim is a thrombopoietin receptor agonist. It is used to treat severe aplastic anemia and is also being investigated,False,3,0.405639062229565,-0.3468601238375655,C2364481,0.7997902035713196,0.7651563882827759,0.0346338152885437,pred_answer,50
5d35dfbdb3a638076300000b,OpenBioLLM-8B,bioasq,The STAG1/STAG2 proteins play a role in the differentiation of hematopoietic stem cells.,False,3,0.9999999999999972,-0.1706905191640354,C5445993,0.6953712701797485,0.6887249946594238,0.006646275520324707,pred_answer,50
601bde6e1cb411341a000006,OpenBioLLM-8B,bioasq,The answer is ' mắc bệnh gen phả hệ'.,False,3,0.7499999999999978,-1.4714411497116089,C5703947,0.6427689790725708,0.63966304063797,0.00310593843460083,pred_answer,50
5e4bf9436d0a27794100002d,OpenBioLLM-8B,bioasq,The transcription factor that controls Drosophila's Hes genes is the-fashion assistant.,False,3,0.9999999999999972,-0.3721893799922718,C2681564,0.7615713477134705,0.7311407923698425,0.03043055534362793,pred_answer,50
601bcb5d1cb411341a000003,OpenBioLLM-8B,bioasq,GRK1 associated Oguchi disease is caused by missense mutations.,False,3,0.9999999999999972,-0.1238786304984879,C1306122,0.6955814361572266,0.6833021640777588,0.012279272079467773,pred_answer,50
5e61425e1af46fc13000000d,OpenBioLLM-8B,bioasq,"The human mitochondrial genome, also known as mtDNA, contains approximately 16,569 base pairs.",False,3,0.405639062229565,-0.0704678648833231,C0012929,0.7550266981124878,0.7550266981124878,0.0,pred_answer,50
5fe30e06a43ad31278000037,OpenBioLLM-8B,bioasq,"Explanation: Active enhancers are marked with the histone modification H3K27ac, which is associated with transcriptional activation. Inactive enhancers, on",True,3,0.7499999999999978,-0.2542019831306916,C6003988,0.7809381484985352,0.7586442828178406,0.02229386568069458,pred_answer,50
601d2d001cb411341a00002c,OpenBioLLM-8B,bioasq,The syndrome caused by dysfunction of the ciliary ARMC9/TOGARAM1 protein is called Nanophthalmos syndrome.,False,3,0.9999999999999972,-0.1966049234587856,C1836006,0.7546531558036804,0.7543312907218933,0.0003218650817871094,pred_answer,50
5e920be42d3121100d00000c,OpenBioLLM-8B,bioasq,The main viral protein targeted by the drug remdesivir is the RNA-dependent RNA polymerase.,False,3,0.9999999999999972,-0.1771160710778136,C4726677,0.827943742275238,0.7904683351516724,0.037475407123565674,pred_answer,50
5fe08b50a43ad31278000031,OpenBioLLM-8B,bioasq,There are 5 DNaseI hypersensitive sites (DHS) that mark the murine beta globin locus region.,True,3,0.7499999999999978,-0.1497559810500119,C4312554,0.6697046756744385,0.6524578332901001,0.01724684238433838,pred_answer,50
5e2e1986fbd6abf43b000025,OpenBioLLM-8B,bioasq,The loss-of-function ABCC8 mutation associated with Pulmonary Arterial Hypertension (PAH) is p.W526R.,False,3,0.9999999999999972,-0.1571581399682286,C3807458,0.7067021727561951,0.703119695186615,0.003582477569580078,pred_answer,50
5d387c20a1e1595105000010,OpenBioLLM-8B,bioasq,The X chromosome's non-pseudoautosomal region (non-PAR) contains approximately 700 genes.,False,3,-8.00856625953729e-16,-0.0933427236991287,C1418238,0.6987296938896179,0.6937655210494995,0.004964172840118408,pred_answer,50
5fe0b4cda43ad31278000034,OpenBioLLM-8B,bioasq,"Explanation: Mutations in the HFE gene are known to cause hereditary hemochromatosis, a condition characterized by excessive absorption of dietary iron, leading",True,3,0.9999999999999972,-0.2201549207376789,C3469186,0.9012660980224609,0.8950996994972229,0.006166398525238037,pred_answer,50
601eab7d1cb411341a000053,OpenBioLLM-8B,bioasq,"The correct answer is Antidepressants. Antidepressants have been associated with an increased risk of suicide, especially in children and young adults, and have been given",True,3,0.9999999999999972,-0.2925892693261005,C2878446,0.806785523891449,0.7944581508636475,0.012327373027801514,pred_answer,50
6026ef311cb411341a0000d4,OpenBioLLM-8B,bioasq,Eptinezumab is a monoclonal antibody developed by Alexion Pharmaceuticals.,False,3,0.7499999999999978,-0.2713891900377803,C4694272,0.9270317554473877,0.8234480619430542,0.1035836935043335,pred_answer,50
6030fe7a1cb411341a000128,OpenBioLLM-8B,bioasq,Disorders caused by AMPA receptor GluA2 subunit defects are known as intellectual disability.,False,3,0.9999999999999972,-0.2536413022647543,C5191041,0.8342396020889282,0.7750675082206726,0.059172093868255615,pred_answer,50
6032899c1cb411341a000144,OpenBioLLM-8B,bioasq,Integrins are localized at the cell membrane.,False,3,0.405639062229565,-0.0954789755934474,C0021701,0.8396922945976257,0.8101338148117065,0.02955847978591919,pred_answer,50
6032a8b91cb411341a000149,OpenBioLLM-8B,bioasq,Coffin-Siris syndrome is characterized by a defect in the PAF complex.,False,3,0.9999999999999972,-0.3010812829719877,C0265338,0.8661056160926819,0.8184770941734314,0.04762852191925049,pred_answer,50
6053ba5b94d57fd879000017,OpenBioLLM-8B,bioasq,"The first oral drug approved by the US Food and Drug Administration (FDA) for the treatment of multiple sclerosis is fingolimod, marketed under the trade name",True,3,0.9999999999999972,-0.1442127629780145,C1699926,0.8732585310935974,0.8541039228439331,0.019154608249664307,pred_answer,50
60579cb394d57fd87900002e,OpenBioLLM-8B,bioasq,Explanation: The tool developed for microRNA-target enrichment and network-based analysis is called 'geois'. It is designed to identify and analyze the targets of microRNAs,False,3,0.9999999999999972,-0.4245166073602533,C0644660,0.6694297194480896,0.6685144305229187,0.0009152889251708984,pred_answer,50
6057bf0694d57fd879000031,OpenBioLLM-8B,bioasq,The accumulation of amyloid-peptide beta 42 (Aβ42) in neuroblastoma cells is promoted by the inhibition of secretases.,False,3,0.9999999999999972,-0.2107233217311271,C0169424,0.7182062268257141,0.702119767665863,0.016086459159851074,pred_answer,50
6057c2f894d57fd879000033,OpenBioLLM-8B,bioasq,The developed method for detection of ATAC-seq or ChIP-seq signals with DNA methylation is called scMethyl-seq.,False,3,0.7499999999999978,-0.2127132922778788,C3831347,0.7628376483917236,0.7234189510345459,0.039418697357177734,pred_answer,50
601cb4541cb411341a000024,OpenBioLLM-8B,bioasq,The answer is-fashionassistant's disease.,False,3,0.7499999999999978,-0.6817893878453307,C0335295,0.7184338569641113,0.6958557963371277,0.022578060626983643,pred_answer,50
6031287e1cb411341a00012d,OpenBioLLM-8B,bioasq,The key gene involved in interstitial 6q25 microdeletion syndrome is SHH (Sonic Hedgehog).,False,3,0.7499999999999978,-0.1145263793579749,C1335824,0.8072938323020935,0.8001601099967957,0.0071337223052978516,pred_answer,50
601f10b71cb411341a000072,OpenBioLLM-8B,bioasq,There are seven groups in the Baltimore Classification of viruses.,True,3,0.405639062229565,-0.0841462140063906,C6011267,0.7258790731430054,0.7214218378067017,0.004457235336303711,pred_answer,50
6030fcb51cb411341a000127,OpenBioLLM-8B,bioasq,The correct answer is: The database that contains regulatory sites for splicing in human basal ganglia is known as the BrainSpan Atlas of the Human Brain.,False,3,0.9999999999999972,-0.3615114196905009,C5969673,0.6752728223800659,0.6686800718307495,0.006592750549316406,pred_answer,50
6028183e1cb411341a0000f1,OpenBioLLM-8B,bioasq,"Explanation: Common genetic variants have the greatest impact on the hippocampus, a subcortical brain structure involved in the formation and retrieval of memories.",False,3,0.9999999999999972,-0.2263231619534625,C5194466,0.6843887567520142,0.6736544370651245,0.010734319686889648,pred_answer,50
6028fc841cb411341a000103,OpenBioLLM-8B,bioasq,The answer is Eli Lilly. Ivosidenib is a drug developed by Eli Lilly for the treatment of acute myeloid leukemia (AML).,False,3,0.7499999999999978,-0.2767839783158289,C4682397,0.8183274269104004,0.7303355932235718,0.08799183368682861,pred_answer,50
606ab57394d57fd87900004f,OpenBioLLM-8B,bioasq,Carbamazepine is an enzyme inducer of CYP3A4.,True,3,0.9999999999999972,-0.1139591248172422,C1170059,0.7882272601127625,0.7869011163711548,0.001326143741607666,pred_answer,50
608069984e6a4cf630000006,OpenBioLLM-8B,bioasq,The stard10 protein is known to function as a phospholipid scramblase.,False,3,0.9999999999999972,-0.4425807958464247,C1452519,0.7719990015029907,0.7642614841461182,0.007737517356872559,pred_answer,50
606ae4fd94d57fd879000056,OpenBioLLM-8B,bioasq,The gene involved in codeine metabolism is CYP2D6. Polymorphisms in this gene in the mother can lead to reduced metabolism of codeine,True,3,0.9999999999999972,-0.1571651617617036,C3203671,0.7714537382125854,0.7564584612846375,0.014995276927947998,pred_answer,50
601ff4a61cb411341a000076,OpenBioLLM-8B,bioasq,The correct answer is Statins. Statins are a class of drugs used to lower cholesterol levels in the blood. They can cause muscle pain and other muscle toxic,True,3,0.9999999999999972,-0.3281789878501513,C5192672,0.8030465841293335,0.7911990880966187,0.011847496032714844,pred_answer,50
6081b64d4e6a4cf63000000a,OpenBioLLM-8B,bioasq,The HSJ1 proteins are involved in the formation of the nuclear envelope.,False,3,0.7499999999999978,-0.3140721430947053,C0230539,0.7163984179496765,0.7015074491500854,0.014890968799591064,pred_answer,50
5fe09c99a43ad31278000033,OpenBioLLM-8B,bioasq,The correct percentage of C. elegans genes that reside in operons is 40%.,False,3,0.4999999999999985,-0.2571174290899543,C1312906,0.6657194495201111,0.6569668650627136,0.008752584457397461,pred_answer,50
60527e8c94d57fd879000012,OpenBioLLM-8B,bioasq,Fingolimod has entered the phase III clinical trial stage.,False,3,0.7499999999999978,-0.1872426230295029,C1699926,0.8496858477592468,0.8380517363548279,0.011634111404418945,pred_answer,50
605fb41094d57fd879000039,OpenBioLLM-8B,bioasq,A gain-of-function mutation in CLCN2 causes Benign familial hematuria.,False,3,0.9999999999999972,-0.2361756202194682,C5973493,0.7450786232948303,0.738112211227417,0.00696641206741333,pred_answer,50
606ad07394d57fd879000050,OpenBioLLM-8B,bioasq,The prevalence of poor metabolizers of CYP2C19 is higher among Southern Asians compared to East Asians.,True,3,0.405639062229565,-0.0643124050466286,C3888911,0.8220205307006836,0.8211520910263062,0.0008684396743774414,pred_answer,50
606b5ba794d57fd879000067,OpenBioLLM-8B,bioasq,The CYP2C9*2 polymorphism is a well-known predictor of efavirenz disposition.,False,3,0.7499999999999978,-0.1333043125304077,C1707202,0.792073667049408,0.7916382551193237,0.0004354119300842285,pred_answer,50
6060701c94d57fd87900003c,OpenBioLLM-8B,bioasq,The R/bioconductor package for discovery of intergenic transcripts is gencode.,False,3,0.9999999999999972,-0.2372078739187849,C1706509,0.6740309000015259,0.6673792600631714,0.006651639938354492,pred_answer,50
5fe31307a43ad3127800003d,OpenBioLLM-8B,bioasq,40% of Rheumatoid Arthritis (RA) patients are not responding to anti-TNF therapy.,False,3,0.7499999999999978,-0.1284618302561539,C0427391,0.664119303226471,0.663436233997345,0.0006830692291259766,pred_answer,50
5e4e3cee6d0a277941000030,OpenBioLLM-8B,bioasq,The Influenza A Virus employs a polyadenylated mRNA for transcription termination.,False,3,0.9999999999999972,-0.4338168626419295,C2244929,0.6725144982337952,0.6663528084754944,0.006161689758300781,pred_answer,50
5fe3130ca43ad3127800003e,OpenBioLLM-8B,bioasq,The BIOCURA cohort is designed to monitor patients with type 2 diabetes mellitus.,True,3,0.9999999999999972,-0.4071768580074361,C2978742,0.7351722121238708,0.7342386245727539,0.0009335875511169434,pred_answer,50
607323fe94d57fd879000079,OpenBioLLM-8B,bioasq,APOBEC3C encodes a protein called cytidine deaminase.,False,3,0.9999999999999972,-0.2343135376092707,C1424926,0.9546380043029785,0.9447491765022278,0.009888827800750732,pred_answer,50
606b7e5694d57fd879000070,OpenBioLLM-8B,bioasq,The FoundationOne companion diagnostic screens 324 genes.,True,3,0.7499999999999978,-0.2292219530106442,C4737919,0.7245519757270813,0.7121542692184448,0.012397706508636475,pred_answer,50
601ebba41cb411341a00005a,OpenBioLLM-8B,bioasq,The R/Bioconductor package for visualizing differential amino acid group usage in proteomics is 'MSA'.,False,3,0.7499999999999978,-0.1964881448665446,C5416761,0.7156229615211487,0.7019134759902954,0.013709485530853271,pred_answer,50
622628b03a8413c65300007d,OpenBioLLM-8B,bioasq,The FTO-guided demethylation of GADD46 promotes myogenesis through the TET pathway.,False,3,0.9999999999999972,-0.1500801353749443,C1825692,0.7126122713088989,0.7072219848632812,0.005390286445617676,pred_answer,50
61f95f9f882a024a1000004e,OpenBioLLM-8B,bioasq,Stargardt disease is caused by biallelic mutations in G-Protein coupled receptor kinase 1 (GRK1).,False,3,0.9999999999999972,-0.1197600473442206,C1855465,0.7339968681335449,0.7139354348182678,0.0200614333152771,pred_answer,50
61f5fb64882a024a1000001a,OpenBioLLM-8B,bioasq,Tebentafusp is used in the treatment of melanoma.,False,3,0.7499999999999978,-0.2563566457988898,C5787171,0.816096305847168,0.8055346608161926,0.010561645030975342,pred_answer,50
61f60735882a024a10000022,OpenBioLLM-8B,bioasq,Risdiplam is used in the treatment of Cystic Fibrosis.,False,3,0.405639062229565,-0.0886423139209995,C3805037,0.7291630506515503,0.7240123748779297,0.0051506757736206055,pred_answer,50
621b78e63a8413c65300003f,OpenBioLLM-8B,bioasq,The activity of a Oligosaccharyltransferases is to form N-linked oligosaccharide units.,False,3,0.9999999999999972,-0.2877019834583549,C1152155,0.776060938835144,0.7668870687484741,0.009173870086669922,pred_answer,50
601ef0571cb411341a000067,OpenBioLLM-8B,bioasq,"Explanation: Keratomileusis, also known as fitness, is a procedure that involves the removal of the epithelium of the cornea with a diamond",False,3,0.9999999999999972,-0.5258823192667137,C0339022,0.7257474660873413,0.7243391871452332,0.0014082789421081543,pred_answer,50
602c1b141cb411341a00011c,OpenBioLLM-8B,bioasq,Explanation: Bimagrumab is also known as flupentixol decanoate. It is a long-acting injectable antipsychotic medication,False,3,0.7499999999999978,-0.2270731652325996,C2348078,0.6519935727119446,0.6490734815597534,0.002920091152191162,pred_answer,50
621142713a8413c65300000a,OpenBioLLM-8B,bioasq,70% of currently available drugs are metabolized by CYP3A4.,False,3,0.7499999999999978,-0.165916645834774,C1142644,0.6533677577972412,0.6533677577972412,0.0,pred_answer,50
61f80e22882a024a1000003d,OpenBioLLM-8B,bioasq,Loss-of-function variants in BCAS3 cause intellectual disability.,False,3,0.7499999999999978,-0.3090023734147368,C5562032,0.7290443181991577,0.693082332611084,0.03596198558807373,pred_answer,50
6217d8f03a8413c653000021,OpenBioLLM-8B,bioasq,"Explanation: ETD fragmentation, or Electron Transfer Dissociation, is a mass spectrometry technique used to analyze large biomolecules. It involves the ionization",False,3,0.9999999999999972,-0.244112214476182,C0201741,0.7314124703407288,0.702459454536438,0.02895301580429077,pred_answer,50
601db4ac1cb411341a000048,OpenBioLLM-8B,bioasq,The protein that is truncated to produce progerin is Pre-lamin A.,True,3,0.9999999999999972,-0.2189030365647715,C0291592,0.8685522675514221,0.8443721532821655,0.024180114269256592,pred_answer,50
6081b0b44e6a4cf630000009,OpenBioLLM-8B,bioasq,"Explanation: The DNAJB1-PRKACA fusion gene is associated with fibroadenomatosis, a benign breast tumor. This fusion gene is a result",False,3,0.7499999999999978,-0.2813703645533394,C3807033,0.7174621224403381,0.7096264958381653,0.007835626602172852,pred_answer,50
6049080c1cb411341a000164,OpenBioLLM-8B,bioasq,Goblet cells are localized in the respiratory epithelium.,True,3,0.405639062229565,-0.0935110724335552,C2334670,0.9190347790718079,0.915273904800415,0.0037608742713928223,pred_answer,50
62005c68c9dfcb9c09000017,OpenBioLLM-8B,bioasq,"The tool developed for annotation of Gα, Gβ and Gγ subunits of G-proteins is the GRAF (G-protein Annotation Tool).",False,3,0.9999999999999972,-0.155702726083037,C5548099,0.7317792773246765,0.6777909398078918,0.05398833751678467,pred_answer,50
623c8330f0baec9a1b000003,OpenBioLLM-8B,bioasq,The production of RANTES is associated with the interaction between maternal and fetal alloantigens.,False,3,0.7499999999999978,-0.1888854523735995,C3158876,0.7023003697395325,0.6901166439056396,0.012183725833892822,pred_answer,50
626aa929e764a53204000039,OpenBioLLM-8B,bioasq,Decreased,True,3,0.9999999999999972,-0.3426649471124013,C0442797,0.9999996423721313,0.9999996423721313,0.0,pred_answer,50
626aab13e764a5320400003b,OpenBioLLM-8B,bioasq,The rate of epimutations in C. elegans is 0.001.,False,3,0.9999999999999972,-0.1917407161603566,C4079432,0.6523157358169556,0.6303678154945374,0.021947920322418213,pred_answer,50
6278ca4a56bf9aee6f00000c,OpenBioLLM-8B,bioasq,The protein-membrane interface of the Cholesterol-regulated Start protein 4 (STARD4) is located at the C-terminus.,False,3,0.405639062229565,-0.1331144866934955,C1418395,0.826900064945221,0.8215380907058716,0.005361974239349365,pred_answer,50
6278dfe956bf9aee6f000016,OpenBioLLM-8B,bioasq,"Explanation: In Duchenne Muscular Dystrophy (DMD), the disease phenotype associated with the worst prognosis is the 'aylight' phenotype. This phenotype is",False,3,0.9999999999999972,-0.3198614988569923,C5774325,0.7172887325286865,0.7107107043266296,0.006578028202056885,pred_answer,50
62211f453a8413c653000072,OpenBioLLM-8B,bioasq,The GRN gene encodes the protein called fattox.,False,3,0.9999999999999972,-0.7882609252655339,C2955668,0.799595832824707,0.799595832824707,0.0,pred_answer,50
62190ca03a8413c653000035,OpenBioLLM-8B,bioasq,The disruption caused by ALS- and FTD-associated missense mutations in TBK1 is autophagy.,False,3,0.7499999999999978,-0.1922578774131464,C1824539,0.7253791093826294,0.6944193840026855,0.030959725379943848,pred_answer,50
620c28d03a8413c653000007,OpenBioLLM-8B,bioasq,"Small-molecule inhibitors of METTL3 have been suggested as a strategy for potential cancer therapy, particularly for cancers that exhibit high levels of the enzyme.",False,3,0.9999999999999972,-0.3866750972982726,C4684960,0.7261801958084106,0.722208559513092,0.0039716362953186035,pred_answer,50
621b54f03a8413c65300003b,OpenBioLLM-8B,bioasq,The PUX proteins are found on the Golgi apparatus.,False,3,0.405639062229565,-0.2117746458733073,C4691156,0.6808855533599854,0.6587879061698914,0.022097647190093994,pred_answer,50
61f81857882a024a10000040,OpenBioLLM-8B,bioasq,The major clinical feature observed in FDXR-associated disease is jaundice.,False,3,0.7499999999999978,-0.3542503683871897,C0017551,0.7668437361717224,0.7493605017662048,0.017483234405517578,pred_answer,50
62190bac3a8413c653000034,OpenBioLLM-8B,bioasq,"The disease associated with X-linked recessive TLR7 deficiency is APECED (Autoimmune Polyendocrinopathy, Enteropathy, X-linked).",False,3,0.9999999999999972,-0.2325804869573817,C0342288,0.8077734708786011,0.8028430938720703,0.004930377006530762,pred_answer,50
605fb19794d57fd879000038,OpenBioLLM-8B,bioasq,Explanation: The resource used for visualisation of non-covalent contacts is the Protein Data Bank (PDB). The PDB is a freely accessible archive of,False,3,0.9999999999999972,-0.2742276092899656,C1705318,0.735354483127594,0.6937779784202576,0.041576504707336426,pred_answer,50
621ec0313a8413c65300005e,OpenBioLLM-8B,bioasq,"Explanation: Drug-induced interstitial lung disease (DIILD) is a condition characterized by the inflammation and scarring of lung tissue, which can impair the lungs",False,3,0.7499999999999978,-0.3628325081584336,C0348822,0.8177179098129272,0.8151000738143921,0.0026178359985351562,pred_answer,50
6206b399c9dfcb9c09000039,OpenBioLLM-8B,bioasq,The potential pathological phenotype that could result from the concomitant use of pomegranate juice and rosuvastatin is rhabdomyolysis.,True,3,0.405639062229565,-0.1104137181342215,C5192672,0.7217170596122742,0.7062045335769653,0.015512526035308838,pred_answer,50
6237a8343a8413c6530000b2,OpenBioLLM-8B,bioasq,The answer is: Epiregulin is a member of the EGF (Epidermal Growth Factor) family.,True,3,0.7499999999999978,-0.2063416302811924,C0242275,0.8554338216781616,0.8554338216781616,0.0,pred_answer,50
622d1ed13a8413c6530000a3,OpenBioLLM-8B,bioasq,"The Daughterless gene is a gene that, when mutated, can lead to the development of certain types of leukemia.",False,3,0.9999999999999972,-0.3379647797814099,C1333221,0.6565055847167969,0.6565055847167969,0.0,pred_answer,50
6237a8a33a8413c6530000b3,OpenBioLLM-8B,bioasq,"Explanation: Amphiregulin is a ligand for the epidermal growth factor receptor (EGFR), also known as erbB-1. It is",True,3,0.7499999999999978,-0.1411378688241669,C1749409,0.730681300163269,0.729886531829834,0.0007947683334350586,pred_answer,50
623dfd2ef0baec9a1b000004,OpenBioLLM-8B,bioasq,The function of the protein calreticulin is calcium binding.,False,3,0.405639062229565,-0.1724146529104224,C0054543,0.9111143350601196,0.9111143350601196,0.0,pred_answer,50
6237ab873a8413c6530000b6,OpenBioLLM-8B,bioasq,The effect of epiregulin on leptin secretion is to increase it.,True,3,0.405639062229565,-0.1311149141490258,C4747869,0.7573502063751221,0.7434144020080566,0.01393580436706543,pred_answer,50
6202f600c9dfcb9c0900002b,OpenBioLLM-8B,bioasq,The answer is JASPAR 2022.,False,3,0.405639062229565,-0.1737453557747234,C1555012,0.6939377188682556,0.6902197599411011,0.003717958927154541,pred_answer,50
622b9d593a8413c653000095,OpenBioLLM-8B,bioasq,"Explanation: The Gleason pattern or Gleason Score is associated with the prostate gland. It is a grading system used to evaluate the aggressiveness of prostate cancer,",True,3,0.7499999999999978,-0.2551037040332815,C0332326,0.7744753360748291,0.7713654041290283,0.0031099319458007812,pred_answer,50
622b9e743a8413c653000097,OpenBioLLM-8B,bioasq,The answer is Ankylosing Spondylitis.,True,3,0.7499999999999978,-0.2037451933380557,C0038013,0.9198126792907715,0.9134088158607483,0.006403863430023193,pred_answer,50
64403ab057b1c7a31500004d,OpenBioLLM-8B,bioasq,The patients in the PEACHTREE trial received 3 injections of CLS-TA.,False,3,0.7499999999999978,-0.0721263621780906,C1629602,0.6494123339653015,0.6422519087791443,0.0071604251861572266,pred_answer,50
64403be357b1c7a31500004e,OpenBioLLM-8B,bioasq,The follow-up period of the PEACHTREE clinical trial was 5 years.,False,3,0.7499999999999978,-0.2230489270429845,C1706448,0.632934033870697,0.6292571425437927,0.003676891326904297,pred_answer,50
64371a4257b1c7a315000029,OpenBioLLM-8B,bioasq,Explanation: Operons are segments of DNA that contain functionally related genes and are transcribed as a single mRNA molecule. They are a key feature of prok,True,3,0.9999999999999972,-0.289816411428772,C0029073,0.6900740265846252,0.6750392317771912,0.015034794807434082,pred_answer,50
6441057657b1c7a315000052,OpenBioLLM-8B,bioasq,The most commonly used pain scale for the measurement of pain in children is the Faces Pain Scale.,False,3,0.7499999999999978,-0.1389513161254399,C5818337,0.8088139891624451,0.7871876358985901,0.02162635326385498,pred_answer,50
6415b3b4690f196b51000009,OpenBioLLM-8B,bioasq,The inhibitory receptor halorhodopsin (eNpHR) responds to yellow light.,True,3,0.405639062229565,-0.0707981939615686,C0062108,0.7389830350875854,0.6856873631477356,0.053295671939849854,pred_answer,50
6429fad757b1c7a31500000e,OpenBioLLM-8B,bioasq,The enhancer is the regulatory element that promotes the binding of RNA polymerase II and the factors necessary for the unwinding of DNA before translation.,False,3,0.9999999999999972,-0.1237250991537315,C0086222,0.7480313777923584,0.7402100563049316,0.007821321487426758,pred_answer,50
6433050157b1c7a315000024,OpenBioLLM-8B,bioasq,The first recombinant human C1 inhibitor protein (C1INH) for the treatment of acute attacks of hereditary angioedema (HAE,False,3,0.405639062229565,-0.0060520132934518,C3195420,0.8669940233230591,0.8287648558616638,0.038229167461395264,pred_answer,50
6426d131690f196b5100004e,OpenBioLLM-8B,bioasq,The Ashwell receptor is found in the liver.,True,3,0.405639062229565,-0.0446548913850247,C4277606,0.7306302189826965,0.718206524848938,0.012423694133758545,pred_answer,50
641790d6690f196b5100002d,OpenBioLLM-8B,bioasq,The loss of independent ambulation in Duchenne muscular dystrophy usually occurs between 10 to 12 years of age.,False,3,0.9999999999999972,-0.1751412555094736,C0013264,0.7663453817367554,0.7638698220252991,0.002475559711456299,pred_answer,50
6415c8f1690f196b51000017,OpenBioLLM-8B,bioasq,"Paclitaxel, docetaxel, doxorubicin, and epirubicin have been approved for the treatment of breast cancer.",False,3,0.7499999999999978,-0.0573153560331314,C0392962,0.786827564239502,0.7540547251701355,0.032772839069366455,pred_answer,50
6429ad3857b1c7a315000003,OpenBioLLM-8B,bioasq,Xist encodes a non-coding RNA.,False,4,0.3109175070825699,-0.1499969414844289,C1571617,0.9809175133705139,0.9657278656959534,0.015189647674560547,pred_answer,50
63f57d9b33942b094c000004,OpenBioLLM-8B,bioasq,Explanation: The Blue diaper syndrome is associated with the amino acid phenylalanine.,False,3,0.9999999999999972,-0.2118084674666533,C0268478,0.7339422702789307,0.7051114439964294,0.02883082628250122,pred_answer,50
6450ede757b1c7a315000090,OpenBioLLM-8B,bioasq,The onset age of Friedreich's Ataxia is usually between 2 to 5 years of age.,False,3,-8.00856625953729e-16,-0.1475298505726997,C1865981,0.7302082777023315,0.673773467540741,0.056434810161590576,pred_answer,50
63f03d58f36125a42600001f,OpenBioLLM-8B,bioasq,The World Hip Trauma Evaluation (WHiTE) trial focused on femoral neck fractures.,False,3,0.7499999999999978,-0.1287869975854278,C0371135,0.6828650832176208,0.6826674342155457,0.0001976490020751953,pred_answer,50
64468b0757b1c7a315000070,OpenBioLLM-8B,bioasq,The cause of Oculopharyngeal Muscular Dystrophy (OPMD) is a trinucleotide repeat expansion.,False,3,0.9999999999999972,-0.0954442704859742,C0270952,0.784807562828064,0.7634026408195496,0.021404922008514404,pred_answer,50
64468e0d57b1c7a315000071,OpenBioLLM-8B,bioasq,"The incidence of Oculopharyngeal Muscular Dystrophy (OPMD) is 1 in 100,000.",False,3,0.7499999999999978,-0.1065270561414237,C0270952,0.7897040247917175,0.7352158427238464,0.054488182067871094,pred_answer,50
644298cc57b1c7a315000062,OpenBioLLM-8B,bioasq,FSHD2 is caused by a deletion in the D4Z4 region on chromosome 4.,False,3,0.405639062229565,-0.2347278457888197,C5561960,0.8462247848510742,0.8084699511528015,0.037754833698272705,pred_answer,50
6442933f57b1c7a315000060,OpenBioLLM-8B,bioasq,The cause of Facioscapulohumeral Muscular Dystrophy type 1 (FSHD1) is a deletion in the D4Z3,False,3,0.9999999999999972,-0.1099128958711062,C0238288,0.875740647315979,0.8681737184524536,0.007566928863525391,pred_answer,50
6415c53e690f196b51000012,OpenBioLLM-8B,bioasq,The FDA approved Keytruda (pembrolizumab) for the treatment of patients with advanced (metastatic) non-small cell lung cancer whose,False,3,0.405639062229565,-0.0953328786549665,C3855203,0.8270577192306519,0.8184311389923096,0.008626580238342285,pred_answer,50
6415bc8d690f196b5100000f,OpenBioLLM-8B,bioasq,The estimated reduction in time when using online genetic counseling is approximately 50%.,False,3,0.9999999999999972,-0.2168533301613706,C3259514,0.703995943069458,0.6818456649780273,0.022150278091430664,pred_answer,50
6414c4cf690f196b51000006,OpenBioLLM-8B,bioasq,The Answer is dermatillomania.,False,3,0.9999999999999972,-0.4111733745506474,C1696701,0.9252744317054749,0.6742461919784546,0.25102823972702026,pred_answer,50
63f9cd0b33942b094c000010,OpenBioLLM-8B,bioasq,The alternative microexon splicing by RBFOX2 and PTBP1 is associated with the regulation of alternative splicing.,False,3,0.7499999999999978,-0.174957553757484,C0214345,0.7041237354278564,0.7041237354278564,0.0,pred_answer,50
65f77397c4010b4d78000025,OpenBioLLM-8B,bioasq,The correct answer is 30%.,False,3,0.9999999999999972,-0.7589428485371172,C5983655,0.7281709313392639,0.7006326913833618,0.0275382399559021,pred_answer,50
662cfc88187cba990d000008,OpenBioLLM-8B,bioasq,TRNT1 catalyzes the formation of the 3'-end of the tRNA anticodon loop.,False,3,0.9999999999999972,-0.2977790262352557,C1424916,0.8140735626220703,0.8104842901229858,0.0035892724990844727,pred_answer,50
66302487187cba990d000031,OpenBioLLM-8B,bioasq,"Explanation: In Duchenne Muscular Dystrophy (DMD), PUL-2 refers to the protein dystrophin. Dystrophin is a",False,3,0.9999999999999972,-0.1771128821786032,C1414083,0.8081876635551453,0.7722777724266052,0.03590989112854004,pred_answer,50
66156200fdcbea915f00004d,OpenBioLLM-8B,bioasq,The gold standard for a diagnosis of narcolepsy is the Multiple Sleep Latency Test (MSLT).,False,3,0.7499999999999978,-0.064626516415452,C0519186,0.8874251842498779,0.79091876745224,0.09650641679763794,pred_answer,50
662cfd21187cba990d000009,OpenBioLLM-8B,bioasq,LRP6 is a member of the LDL receptor-related protein (LRP) superfamily of cell-surface receptors.,False,3,-8.00856625953729e-16,-0.0919448910160187,C1701019,0.9304149746894836,0.9275999069213867,0.002815067768096924,pred_answer,50
662fbec6187cba990d00000f,OpenBioLLM-8B,bioasq,The clinical indication for Transarterial Chemoembolization (TACE) in liver metastasis for colorectal cancer is a solitary liver metastasis.,False,3,0.7499999999999978,-0.1014747740217982,C1998446,0.7028471231460571,0.6975851058959961,0.005262017250061035,pred_answer,50
66300ee7187cba990d00001c,OpenBioLLM-8B,bioasq,The prevalence of intellectual developmental disorders in Duchenne Muscular Dystrophy is 30-50%.,False,3,-8.00856625953729e-16,-0.1665353790499818,C5774325,0.7288081049919128,0.7211859822273254,0.007622122764587402,pred_answer,50
660c0071fdcbea915f00002b,OpenBioLLM-8B,bioasq,The Ixodes genus of ticks is the vector for Lyme disease.,True,3,0.7499999999999978,-0.1107709052788171,C0598741,0.8495200872421265,0.8395532965660095,0.009966790676116943,pred_answer,50
65f86b3ac4010b4d78000058,OpenBioLLM-8B,bioasq,Social determinants of health are estimated to account for 40% of health outcomes.,False,3,0.7499999999999978,-0.1353493107578237,C0184861,0.7528733015060425,0.6893488764762878,0.06352442502975464,pred_answer,50
65f7785dc4010b4d78000033,OpenBioLLM-8B,bioasq,The most appropriate initial chemotherapy regimen in Total Neoadjuvant Therapy (TNT) for locally advanced rectal cancer patients is a combination of oxaliplatin,False,3,0.405639062229565,-0.0889957744127176,C5204938,0.7118154764175415,0.6820468306541443,0.029768645763397217,pred_answer,50
65f77a71c4010b4d7800003b,OpenBioLLM-8B,bioasq,"Explanation: In patients with HER2Neu amplificated refractory advanced colorectal cancer, the appropriate treatment is folfirinox. This is because f",False,3,0.9999999999999972,-0.2363245538151819,C5855481,0.7395029664039612,0.7385258674621582,0.0009770989418029785,pred_answer,50
660bb7f9fdcbea915f000029,OpenBioLLM-8B,bioasq,"Explanation: In the context of preterm labor, the administration of a tocolytic agent, such as a β2-agonist like terbutaline",False,3,0.9999999999999972,-0.4340263478875314,C0510521,0.7172130942344666,0.716295063495636,0.0009180307388305664,pred_answer,50
660877c8fdcbea915f000008,OpenBioLLM-8B,bioasq,Mitophagy is associated with the mitochondria.,True,3,0.7499999999999978,-0.0916737872092829,C1820119,0.8995535373687744,0.879381537437439,0.02017199993133545,pred_answer,50
65cfd02e1930410b1300001c,OpenBioLLM-8B,bioasq,Explanation: VX-548 is a medication that acts on the kappa opioid receptor.,False,3,0.405639062229565,-0.3419677986817078,C6016710,0.7775135636329651,0.7108624577522278,0.0666511058807373,pred_answer,50
66099a25fdcbea915f00001e,OpenBioLLM-8B,bioasq,The first-line treatment for BRAF mutated advanced colorectal cancer patients is combination chemotherapy with a BRAF inhibitor and a MEK inhibitor.,False,3,0.9999999999999972,-0.187847128856453,C5155890,0.7158925533294678,0.7040344476699829,0.011858105659484863,pred_answer,50
66099a03fdcbea915f00001d,OpenBioLLM-8B,bioasq,From what age is it recommended to start population screening for colorectal cancer?,False,3,0.405639062229565,-0.0750828790596993,C0281185,0.8126984238624573,0.758844256401062,0.053854167461395264,pred_answer,50
65cfa8f81930410b13000010,OpenBioLLM-8B,bioasq,Explanation: The VEXAS syndrome is associated with mutations in the gene encoding valosin-containing protein (VCP). These mutations lead to a disorder characterized by,False,3,0.9999999999999972,-0.3049080591866122,C5435753,0.7134729623794556,0.7132174372673035,0.0002555251121520996,pred_answer,50
65f7789dc4010b4d78000034,OpenBioLLM-8B,bioasq,The most reliable liquid biopsy technique after complete resection of colorectal cancer metastases is the analysis of circulating tumor DNA (ctDNA).,False,3,0.7499999999999978,-0.1368481636361735,C5944642,0.8126906752586365,0.7989210486412048,0.01376962661743164,pred_answer,50
661d4c2eeac11fad3300001a,OpenBioLLM-8B,bioasq,Rett Syndrome is caused by mutations in the MECP2 gene.,False,3,0.405639062229565,-0.1051604893617574,C0035372,0.839316189289093,0.839316189289093,0.0,pred_answer,50
52bf19c503868f1b06000001,Meta-Llama-3-8B-Instruct,bioasq,Autosomal dominant.,True,3,0.405639062229565,-0.080690758139815,C0443147,0.9868630170822144,0.9868630170822144,0.0,pred_answer,50
530a5117970c65fa6b000007,Meta-Llama-3-8B-Instruct,bioasq,Terminal Amine Isotope Labeling of Substrates,False,3,0.7499999999999978,-0.4942595570450976,C5206105,0.7265886068344116,0.7216944098472595,0.0048941969871521,pred_answer,50
54e0d1491388e8454a000014,Meta-Llama-3-8B-Instruct,bioasq,Proprotein Convertase Subtilisin/Kexin Type 9 (PCSK9),True,3,-8.00856625953729e-16,-0.1069060529785618,C1426592,0.9459826350212097,0.9459826350212097,0.0,pred_answer,50
54ede8c594afd61504000009,Meta-Llama-3-8B-Instruct,bioasq,G2/M,False,3,0.7499999999999978,-0.4195858689490706,C0079396,0.9265850782394409,0.8945567607879639,0.03202831745147705,pred_answer,50
550af222c2af5d5b7000000b,Meta-Llama-3-8B-Instruct,bioasq,SCFβ-TrCP,True,3,-8.00856625953729e-16,-0.2683128444477916,C0907707,0.8613063097000122,0.8238431215286255,0.03746318817138672,pred_answer,50
553653a5bc4f83e828000007,Meta-Llama-3-8B-Instruct,bioasq,RT-PCR,False,3,-8.00856625953729e-16,-0.0432694656665262,C0599161,0.9999999403953552,0.9228159189224243,0.07718402147293091,pred_answer,50
56c868a95795f9a73e000017,Meta-Llama-3-8B-Instruct,bioasq,Visualizing protein-protein interactions in living cells.,False,3,0.405639062229565,-0.321842372713754,C0079367,0.6909937262535095,0.6452162265777588,0.04577749967575073,pred_answer,50
5343caffaeec6fbd07000002,Meta-Llama-3-8B-Instruct,bioasq,Phospholipid hydroperoxide glutathione peroxidase (PHGPx),False,3,0.405639062229565,-0.0824400788667219,C1415278,0.9525299072265625,0.9487788677215576,0.003751039505004883,pred_answer,50
56a39d60496b62f23f000006,Meta-Llama-3-8B-Instruct,bioasq,ChIPseek,False,3,0.7499999999999978,-0.2720371279865503,C0279336,0.7415263056755066,0.7415262460708618,5.960464477539063e-08,pred_answer,50
56c1d857ef6e394741000033,Meta-Llama-3-8B-Instruct,bioasq,Catechol-O-methyltransferase (COMT),True,3,0.405639062229565,-0.1012973822850865,C0007407,0.9999995827674866,0.9411137104034424,0.05888587236404419,pred_answer,50
56e857ae42442bac75000004,Meta-Llama-3-8B-Instruct,bioasq,Zymogen activation.,False,3,0.405639062229565,-0.1224655974656248,C1622116,0.9888229370117188,0.7982282042503357,0.19059473276138306,pred_answer,50
5509c52f1180f13250000004,Meta-Llama-3-8B-Instruct,bioasq,Increased sense of smell.,False,3,-8.00856625953729e-16,-0.1851832589075665,C0234259,0.9931872487068176,0.922669529914856,0.07051771879196167,pred_answer,50
52fe52702059c6d71c000078,Meta-Llama-3-8B-Instruct,bioasq,Nucleosomes of centromeres.,True,3,0.405639062229565,-0.1220335668573713,C1624593,0.9259790778160095,0.8387079834938049,0.08727109432220459,pred_answer,50
5717d64f29809bbe7a000001,Meta-Llama-3-8B-Instruct,bioasq,Mitochondrial inner membrane.,False,3,0.405639062229565,-0.0670110261713148,C0230840,0.994341254234314,0.9324791431427002,0.06186211109161377,pred_answer,50
5719f5b27de986d80d00000c,Meta-Llama-3-8B-Instruct,bioasq,Antigenic determinant.,False,3,0.7499999999999978,-0.3342430523286168,C0003316,0.9897294044494629,0.8542693853378296,0.1354600191116333,pred_answer,50
532366f09b2d7acc7e000015,Meta-Llama-3-8B-Instruct,bioasq,Aspartic acid,False,3,0.405639062229565,-0.3805549446493387,C0004015,0.999999463558197,0.9763205051422119,0.023678958415985107,pred_answer,50
55000cc4e9bde69634000004,Meta-Llama-3-8B-Instruct,bioasq,Auerbach's plexus agenesis.,False,3,0.9999999999999972,-0.3003443822938768,C1283299,0.9113879799842834,0.833234429359436,0.07815355062484741,pred_answer,50
54f9cb34dd3fc62544000002,Meta-Llama-3-8B-Instruct,bioasq,Bad (Note: The answer is Bcl-2),False,3,0.7499999999999978,-0.3534053437141175,C0205169,0.881187915802002,0.881187915802002,0.0,pred_answer,50
515df063298dcd4e51000029,Meta-Llama-3-8B-Instruct,bioasq,Preoperative.,False,3,0.7499999999999978,-0.491893261670981,C0445204,0.9827371835708618,0.9375537037849426,0.04518347978591919,pred_answer,50
56b7083376d8bf8d13000001,Meta-Llama-3-8B-Instruct,bioasq,Fusarium oxysporum f. sp. cubense.,True,3,-8.00856625953729e-16,-0.0405303300597211,C5754625,0.9903985857963562,0.8917735815048218,0.09862500429153442,pred_answer,50
52f11b922059c6d71c000004,Meta-Llama-3-8B-Instruct,bioasq,mTOR,False,3,0.7499999999999978,-0.0450027460077156,C1307407,0.9999997615814209,0.9999997615814209,0.0,pred_answer,50
56c077e9ef6e394741000021,Meta-Llama-3-8B-Instruct,bioasq,Elotuzumab,False,3,0.405639062229565,-0.147539841670626,C1832049,0.9999994039535522,0.9647639989852905,0.03523540496826172,pred_answer,50
571f609c0fd6f91b6800000c,Meta-Llama-3-8B-Instruct,bioasq,Beta-hexosaminidase,False,3,0.405639062229565,-0.1487768678806986,C0005270,0.9999992847442627,0.9999992251396179,5.960464477539063e-08,pred_answer,50
55032e65e9bde69634000034,Meta-Llama-3-8B-Instruct,bioasq,Cerebral vasculitis.,False,3,0.7499999999999978,-0.2486750809475708,C0238051,0.9927921295166016,0.9314156770706177,0.06137645244598389,pred_answer,50
51651e24298dcd4e51000054,Meta-Llama-3-8B-Instruct,bioasq,33,True,3,0.7499999999999978,-0.2530460323905572,C4085303,0.8988999128341675,0.8988999128341675,0.0,pred_answer,50
5147c088d24251bc05000026,Meta-Llama-3-8B-Instruct,bioasq,Small cell lung cancer.,False,3,-8.00856625953729e-16,-0.1578972302377129,C0149925,0.9914233088493347,0.9376015067100525,0.05382180213928223,pred_answer,50
517901bc8ed59a060a00003b,Meta-Llama-3-8B-Instruct,bioasq,PD-1,True,4,0.3109175070825699,-0.0553841213695633,C2986634,0.9999995231628418,0.9999995231628418,0.0,pred_answer,50
532206819b2d7acc7e00000f,Meta-Llama-3-8B-Instruct,bioasq,RIME.,False,3,0.7499999999999978,-0.7193108256904566,C4554553,0.850040078163147,0.850040078163147,0.0,pred_answer,50
5324a8ac9b2d7acc7e000018,Meta-Llama-3-8B-Instruct,bioasq,BCR-ABL1,True,3,-8.00856625953729e-16,-0.1583988308308714,C1835417,0.942234218120575,0.9382341504096985,0.004000067710876465,pred_answer,50
530cf4e0c8a0b4a00c000002,Meta-Llama-3-8B-Instruct,bioasq,It is a type of.,False,3,0.7499999999999978,-0.3830302825995204,C1292718,0.7623163461685181,0.7568936347961426,0.005422711372375488,pred_answer,50
53442ca9aeec6fbd0700000b,Meta-Llama-3-8B-Instruct,bioasq,Endoplasmic reticulum.,False,4,0.3109175070825699,-0.1200153720289765,C0014239,0.9937469959259033,0.9693610072135925,0.02438598871231079,pred_answer,50
52efbfccc8da898910000018,Meta-Llama-3-8B-Instruct,bioasq,Elderly individuals.,False,3,0.405639062229565,-0.3496275494592946,C0001792,0.9739704132080078,0.9717233180999756,0.0022470951080322266,pred_answer,50
53398855d6d3ac6a3400005b,Meta-Llama-3-8B-Instruct,bioasq,Acetyllysine,False,3,0.405639062229565,-0.4568890218390152,C4072771,0.9554845094680786,0.9435963034629822,0.011888206005096436,pred_answer,50
56f6d11c09dd18d46b00000f,Meta-Llama-3-8B-Instruct,bioasq,GluR6,False,3,0.405639062229565,-0.44118840880692,C1415294,0.9999996423721313,0.9512991905212402,0.04870045185089111,pred_answer,50
550c4011a103b78016000009,Meta-Llama-3-8B-Instruct,bioasq,S129,False,3,0.405639062229565,-0.3032921651999156,C1122761,0.9083479642868042,0.8341871500015259,0.07416081428527832,pred_answer,50
54ff5197e9bde69634000001,Meta-Llama-3-8B-Instruct,bioasq,6-8,False,3,0.9999999999999972,-0.9505230635404588,C1425435,0.7828558683395386,0.7828558683395386,0.0,pred_answer,50
55390901bc4f83e828000014,Meta-Llama-3-8B-Instruct,bioasq,Stabilizes,False,3,0.405639062229565,-0.3664545400533825,C0184512,0.9999995827674866,0.9150795340538025,0.08492004871368408,pred_answer,50
56c341acfedd0b786b000001,Meta-Llama-3-8B-Instruct,bioasq,Cross-linking,False,3,0.7499999999999978,-0.5902429353445768,C0332220,0.9999995231628418,0.967962384223938,0.03203713893890381,pred_answer,50
52b2e1d8f828ad283c00000c,Meta-Llama-3-8B-Instruct,bioasq,Type 2 diabetes mellitus.,True,3,0.4999999999999985,-0.0891900800628135,C0011860,0.9926577806472778,0.9589095115661621,0.03374826908111572,pred_answer,50
55411d9f379ddf3f47000001,Meta-Llama-3-8B-Instruct,bioasq,KDEL.,False,3,-8.00856625953729e-16,-0.207117900252328,C0166586,0.9140579700469971,0.8612341284751892,0.05282384157180786,pred_answer,50
54d907c84b1fd0d33c000008,Meta-Llama-3-8B-Instruct,bioasq,IL-5,False,3,-8.00856625953729e-16,-0.1361258822871605,C0021759,0.9999997615814209,0.9999997615814209,0.0,pred_answer,50
54ff45966ad7dcbc12000010,Meta-Llama-3-8B-Instruct,bioasq,SPINK5,False,3,-8.00856625953729e-16,-0.065434918156825,C1423506,0.9999995827674866,0.9999995827674866,0.0,pred_answer,50
51405cd123fec90375000005,Meta-Llama-3-8B-Instruct,bioasq,Alpha-galactosidase A.,True,3,-8.00856625953729e-16,-0.0548749229187478,C0002268,0.9918889999389648,0.9918889999389648,0.0,pred_answer,50
56c1f040ef6e394741000055,Meta-Llama-3-8B-Instruct,bioasq,Anti-TPO,False,3,0.7499999999999978,-0.7099859146401286,C1318460,0.9384134411811829,0.9372593760490417,0.0011540651321411133,pred_answer,50
51588bb2d24251bc05000091,Meta-Llama-3-8B-Instruct,bioasq,Valproate,True,3,-8.00856625953729e-16,-0.2937470204487908,C0080356,0.9999993443489075,0.93923419713974,0.06076514720916748,pred_answer,50
531d744c267d7dd053000009,Meta-Llama-3-8B-Instruct,bioasq,"Poly(A) binding protein, cytoplasmic 4.",False,3,0.405639062229565,-0.1959982807054854,C1418230,0.9791450500488281,0.9593144655227661,0.01983058452606201,pred_answer,50
55241f9e2c8b63434a000004,Meta-Llama-3-8B-Instruct,bioasq,Tyrosine kinase,False,3,-8.00856625953729e-16,-0.0495864346812595,C0033681,0.9999989867210388,0.970576822757721,0.02942216396331787,pred_answer,50
52ee9f55c8da898910000009,Meta-Llama-3-8B-Instruct,bioasq,Autosomal dominant.,True,3,0.405639062229565,-0.0675494464114194,C0443147,0.9868630170822144,0.9868630170822144,0.0,pred_answer,50
56cdf5315795f9a73e000046,Meta-Llama-3-8B-Instruct,bioasq,XRN1,True,3,0.7499999999999978,-0.4278547838330269,C1173619,0.9999995231628418,0.9999995231628418,0.0,pred_answer,50
56f780cb09dd18d46b000011,Meta-Llama-3-8B-Instruct,bioasq,PD-1,False,3,-8.00856625953729e-16,-0.0443648462533001,C2986634,0.9999995231628418,0.9999995231628418,0.0,pred_answer,50
56ed0ffe2ac5ed1459000008,Meta-Llama-3-8B-Instruct,bioasq,Relapsed/refractory multiple myeloma.,True,3,0.405639062229565,-0.1339339441805639,C5577628,0.9951238632202148,0.9013850092887878,0.093738853931427,pred_answer,50
5177def18ed59a060a000034,Meta-Llama-3-8B-Instruct,bioasq,GTPase activity.,False,3,0.7499999999999978,-0.435175294677407,C1149036,0.9955758452415466,0.9194820523262024,0.07609379291534424,pred_answer,50
5506ce078e1671127b00000b,Meta-Llama-3-8B-Instruct,bioasq,PP2A,False,3,0.405639062229565,-0.3461099853739142,C1704708,0.9999993443489075,0.9999993443489075,0.0,pred_answer,50
532f0bd6d6d3ac6a3400002d,Meta-Llama-3-8B-Instruct,bioasq,Autosomal dominant.,False,3,0.405639062229565,-0.2183967733755594,C0443147,0.9868630170822144,0.9868630170822144,0.0,pred_answer,50
530cf22aa177c6630c000004,Meta-Llama-3-8B-Instruct,bioasq,Ctf4 is a helicase.,False,3,0.405639062229565,-0.3171753065725909,C1427963,0.842248797416687,0.7789714336395264,0.06327736377716064,pred_answer,50
53130a77e3eabad02100000f,Meta-Llama-3-8B-Instruct,bioasq,Hypogonadotropic hypogonadism,False,3,0.9999999999999972,-0.3773940820118089,C0271623,0.9999997019767761,0.9999997019767761,0.0,pred_answer,50
5343bdd6aeec6fbd07000001,Meta-Llama-3-8B-Instruct,bioasq,Ser5,False,3,-8.00856625953729e-16,-0.1060931161046028,C2827379,0.8399384021759033,0.8399384021759033,0.0,pred_answer,50
56ae57350a360a5e4500000a,Meta-Llama-3-8B-Instruct,bioasq,AUA codon.,False,3,0.9999999999999972,-0.5331501004596267,C1956149,0.8446230888366699,0.8303393125534058,0.01428377628326416,pred_answer,50
53357ca0d6d3ac6a3400004b,Meta-Llama-3-8B-Instruct,bioasq,Syk,False,3,-8.00856625953729e-16,-0.3235902452724986,C1335892,0.999999463558197,0.999999463558197,0.0,pred_answer,50
56c1f039ef6e394741000052,Meta-Llama-3-8B-Instruct,bioasq,Anti-GQ1b antibody.,False,3,-8.00856625953729e-16,-0.0464374876569237,C1255615,0.9459230899810791,0.9248120784759521,0.021111011505126953,pred_answer,50
532670e7d6d3ac6a34000008,Meta-Llama-3-8B-Instruct,bioasq,Euthyroid sick syndrome.,False,3,0.4999999999999985,-0.1238182536799215,C0015190,0.9926078915596008,0.7632541656494141,0.22935372591018677,pred_answer,50
56cae60f5795f9a73e00002b,Meta-Llama-3-8B-Instruct,bioasq,Ataxin-2,False,3,-8.00856625953729e-16,-0.142260403483912,C1538299,0.9999994039535522,0.9999994039535522,0.0,pred_answer,50
513ce494bee46bd34c000009,Meta-Llama-3-8B-Instruct,bioasq,Polycystic kidney disease.,False,3,-8.00856625953729e-16,-0.0609979067503303,C0022680,0.9940232634544373,0.956242024898529,0.0377812385559082,pred_answer,50
55376f19bc4f83e82800000c,Meta-Llama-3-8B-Instruct,bioasq,Medulloblastoma.,True,3,-8.00856625953729e-16,-0.1023190253873167,C0025149,0.9880799651145935,0.9867016077041626,0.0013783574104309082,pred_answer,50
514a51c2d24251bc0500005c,Meta-Llama-3-8B-Instruct,bioasq,Prolactinoma.,True,3,0.7499999999999978,-0.1178902062425208,C0033375,0.9916502833366394,0.9130532741546631,0.07859700918197632,pred_answer,50
56b397a98525abca1e000003,Meta-Llama-3-8B-Instruct,bioasq,Energy storage.,False,3,-8.00856625953729e-16,-0.0450178174505566,C0684283,0.8449157476425171,0.8449157476425171,0.0,pred_answer,50
56d138fe3975bb303a000015,Meta-Llama-3-8B-Instruct,bioasq,Anthocyaninless (AN1),False,3,0.405639062229565,-0.3140200526308035,C0344542,0.7737302780151367,0.7737302780151367,0.0,pred_answer,50
512d2fff5274a5fb07000006,Meta-Llama-3-8B-Instruct,bioasq,Transcriptional initiation.,True,3,-8.00856625953729e-16,-0.0441902011292067,C1158830,0.9681128859519958,0.9581491351127625,0.009963750839233398,pred_answer,50
5326a85ad6d3ac6a3400000b,Meta-Llama-3-8B-Instruct,bioasq,mRNA,False,3,0.7499999999999978,-0.0659892509380976,C0035696,0.9999996423721313,0.8390424251556396,0.1609572172164917,pred_answer,50
51585b28d24251bc0500008d,Meta-Llama-3-8B-Instruct,bioasq,DNMT1,True,3,-8.00856625953729e-16,-0.0502059946866211,C2348049,0.9999992251396179,0.9999992251396179,0.0,pred_answer,50
57138eb21174fb175500000a,Meta-Llama-3-8B-Instruct,bioasq,Ataxin-3,True,3,-8.00856625953729e-16,-0.0816744025383589,C1538301,0.9999994039535522,0.9999994039535522,0.0,pred_answer,50
553656c4bc4f83e828000009,Meta-Llama-3-8B-Instruct,bioasq,t(15;17),False,3,0.7499999999999978,-0.1463708909161921,C4287946,0.9999992847442627,0.8866578340530396,0.11334145069122314,pred_answer,50
56bdcc4cef6e394741000002,Meta-Llama-3-8B-Instruct,bioasq,GenVis,False,3,0.405639062229565,-0.7187727093696594,C4080527,0.9270556569099426,0.7931313514709473,0.13392430543899536,pred_answer,50
56c1f01aef6e394741000043,Meta-Llama-3-8B-Instruct,bioasq,PD-1,False,3,-8.00856625953729e-16,-0.0751169373979774,C2986634,0.9999995231628418,0.9999995231628418,0.0,pred_answer,50
52e8e93498d023950500001e,Meta-Llama-3-8B-Instruct,bioasq,Autosomal dominant.,True,3,0.405639062229565,-0.1082076139515152,C0443147,0.9868630170822144,0.9868630170822144,0.0,pred_answer,50
51bdd9c2047fa84d1d000002,Meta-Llama-3-8B-Instruct,bioasq,LAMP2A,True,3,0.7499999999999978,-0.2491960769519209,C1563373,0.969536542892456,0.969536542892456,0.0,pred_answer,50
52f509512059c6d71c000020,Meta-Llama-3-8B-Instruct,bioasq,Autosomal dominant.,False,3,0.405639062229565,-0.0845991517417019,C0443147,0.9868630170822144,0.9868630170822144,0.0,pred_answer,50
56c83f365795f9a73e000011,Meta-Llama-3-8B-Instruct,bioasq,Low-complexity domain,False,3,0.405639062229565,-0.2903954273982284,C1706241,0.8720687627792358,0.7541255950927734,0.1179431676864624,pred_answer,50
550f0e4c6a8cde6b72000003,Meta-Llama-3-8B-Instruct,bioasq,Fibrodysplasia ossificana primaria (Myositis ossificans progressiva),False,3,0.7499999999999978,-0.2325099611729952,C0016037,0.9514575004577637,0.8573210835456848,0.09413641691207886,pred_answer,50
5319ac36b166e2b806000031,Meta-Llama-3-8B-Instruct,bioasq,Rac1,True,3,0.405639062229565,-0.4032381772994995,C1419227,0.9999994039535522,0.9999994039535522,0.0,pred_answer,50
531d1998267d7dd053000001,Meta-Llama-3-8B-Instruct,bioasq,Increased mortality.,False,3,-8.00856625953729e-16,-0.2832209356129027,C0079320,0.9057833552360535,0.834811270236969,0.07097208499908447,pred_answer,50
54cb9c94f693c3b16b000005,Meta-Llama-3-8B-Instruct,bioasq,Ca2+,False,3,0.7499999999999978,-0.3601812933338806,C0596235,0.999999463558197,0.9244511723518372,0.07554829120635986,pred_answer,50
56cdf3e55795f9a73e00003c,Meta-Llama-3-8B-Instruct,bioasq,Rag GTPases,False,3,-8.00856625953729e-16,-0.3327856467352224,C0380301,0.9159688353538513,0.9089382290840149,0.007030606269836426,pred_answer,50
56e2acfe51531f7e33000014,Meta-Llama-3-8B-Instruct,bioasq,Prophase.,False,3,0.7499999999999978,-0.3590509788482023,C0033464,0.9874057769775391,0.9874057769775391,0.0,pred_answer,50
534abe8aaeec6fbd07000013,Meta-Llama-3-8B-Instruct,bioasq,Hsp70,True,3,-8.00856625953729e-16,-0.1330680181272328,C0243043,0.9999996423721313,0.9999996423721313,0.0,pred_answer,50
534e364e288f4dae47000001,Meta-Llama-3-8B-Instruct,bioasq,250,False,3,0.7499999999999978,-1.598657310009003,C2348831,0.8218446969985962,0.7924683094024658,0.02937638759613037,pred_answer,50
56a8b8b5a17756b72f000005,Meta-Llama-3-8B-Instruct,bioasq,Enhances GATA1 activity.,False,3,0.9999999999999972,-0.4366694312593537,C5856078,0.7744377851486206,0.7671358585357666,0.007301926612854004,pred_answer,50
5313058de3eabad02100000e,Meta-Llama-3-8B-Instruct,bioasq,T12-L1,False,3,0.9999999999999972,-0.5511844754219055,C5441618,0.843300461769104,0.843300461769104,0.0,pred_answer,50
53189b05b166e2b80600001e,Meta-Llama-3-8B-Instruct,bioasq,Salivary and lacrimal glands.,False,3,0.7499999999999978,-0.0577746724111364,C4321829,0.844310998916626,0.841552734375,0.0027582645416259766,pred_answer,50
56ae70050a360a5e4500000f,Meta-Llama-3-8B-Instruct,bioasq,Regulates hematopoietic stem cell self-renewal and differentiation.,False,3,0.405639062229565,-0.2864465956605393,C3157145,0.8103832602500916,0.7852785587310791,0.02510470151901245,pred_answer,50
53261e79600967d132000003,Meta-Llama-3-8B-Instruct,bioasq,Increased.,False,3,0.7499999999999978,-0.4552996059255747,C0205217,0.9768301248550415,0.9768301248550415,0.0,pred_answer,50
56f961b3cf1c325851000003,Meta-Llama-3-8B-Instruct,bioasq,Blue,True,3,-8.00856625953729e-16,-0.6541916988790035,C1260957,0.9999994039535522,0.9999994039535522,0.0,pred_answer,50
53372ba3d6d3ac6a34000058,Meta-Llama-3-8B-Instruct,bioasq,H3K36me3,True,3,0.405639062229565,-0.0405509141939027,C4684882,0.9999993443489075,0.8830564022064209,0.11694294214248657,pred_answer,50
5319a708b166e2b806000024,Meta-Llama-3-8B-Instruct,bioasq,Proteasome.,False,3,0.7499999999999978,-0.093536382473142,C1325620,0.9874470233917236,0.9874470233917236,0.0,pred_answer,50
52ece29f98d023950500002c,Meta-Llama-3-8B-Instruct,bioasq,MCT8,True,4,-6.898203503520455e-16,-0.1024124029499944,C1420103,0.999999463558197,0.999999463558197,0.0,pred_answer,50
53175e9fb166e2b80600000a,Meta-Llama-3-8B-Instruct,bioasq,Tumor suppressor.,False,3,0.405639062229565,-0.1286824171159632,C0079427,0.977907657623291,0.977907657623291,0.0,pred_answer,50
56c1f009ef6e39474100003c,Meta-Llama-3-8B-Instruct,bioasq,Fabry disease,False,3,-8.00856625953729e-16,-0.2607069652876816,C0002986,0.9999994039535522,0.9647324681282043,0.0352669358253479,pred_answer,50
54e0ace81388e8454a000010,Meta-Llama-3-8B-Instruct,bioasq,Cytoplasmic,False,3,-8.00856625953729e-16,-0.0514123734346171,C0521449,0.9999995231628418,0.9999995231628418,0.0,pred_answer,50
56fcf1b8cf1c325851000005,Meta-Llama-3-8B-Instruct,bioasq,Imprinted genes.,False,3,0.405639062229565,-0.1825005085673069,C1708477,0.9668908715248108,0.889337420463562,0.07755345106124878,pred_answer,50
56cafa845795f9a73e00002e,Meta-Llama-3-8B-Instruct,bioasq,PI3K/AKT,False,3,0.4999999999999985,-0.2010262150676377,C0812228,0.8907159566879272,0.8907159566879272,0.0,pred_answer,50
53262cdcd6d3ac6a34000003,Meta-Llama-3-8B-Instruct,bioasq,Migraine surgery.,False,3,0.9999999999999972,-0.5183067806064988,C1142085,0.7542047500610352,0.7376680374145508,0.016536712646484375,pred_answer,50
5344155faeec6fbd07000005,Meta-Llama-3-8B-Instruct,bioasq,X-linked recessive,False,3,0.7499999999999978,-0.0238748796167556,C1845977,0.9999991059303284,0.9999991059303284,0.0,pred_answer,50
553ca8d8f32186855800000d,Meta-Llama-3-8B-Instruct,bioasq,Telomere shortening.,False,3,-8.00856625953729e-16,-0.1597803074092862,C1515263,0.9924313426017761,0.9344272017478943,0.058004140853881836,pred_answer,50
5139b31dbee46bd34c000004,Meta-Llama-3-8B-Instruct,bioasq,EAE (Experimental Autoimmune Encephalomyelitis),False,3,0.405639062229565,-0.0852796824477885,C0014072,0.988868236541748,0.8116121888160706,0.1772560477256775,pred_answer,50
55192892622b194345000012,Meta-Llama-3-8B-Instruct,bioasq,TRIM25,False,3,0.405639062229565,-0.4246885702013969,C1421638,0.999999463558197,0.999999463558197,0.0,pred_answer,50
56cdf5195795f9a73e000045,Meta-Llama-3-8B-Instruct,bioasq,GW182,False,3,-8.00856625953729e-16,-0.3988639692252036,C1540035,0.9999992847442627,0.8129138350486755,0.18708544969558716,pred_answer,50
52bf19f703868f1b06000002,Meta-Llama-3-8B-Instruct,bioasq,Autosomal dominant.,True,3,-8.00856625953729e-16,-0.0502043056068828,C0443147,0.9868630170822144,0.9868630170822144,0.0,pred_answer,50
54cf45e7f693c3b16b00000a,Meta-Llama-3-8B-Instruct,bioasq,Calsequestrin,True,3,0.405639062229565,-0.1471777521458837,C0006787,0.999998927116394,0.9602805376052856,0.0397183895111084,pred_answer,50
52f896d62059c6d71c000046,Meta-Llama-3-8B-Instruct,bioasq,Chronic fatigue syndrome.,False,3,0.7499999999999978,-0.4743502341830966,C0015674,0.994516134262085,0.92636638879776,0.06814974546432495,pred_answer,50
52f899952059c6d71c00004b,Meta-Llama-3-8B-Instruct,bioasq,HTR2A,False,3,0.9999999999999972,-0.4281921605957904,C1531433,0.9999996423721313,0.9999996423721313,0.0,pred_answer,50
56ae6e650a360a5e4500000e,Meta-Llama-3-8B-Instruct,bioasq,Oikopalea.,False,3,-8.00856625953729e-16,-0.6409540580830903,C1221161,0.7356405258178711,0.7337977290153503,0.001842796802520752,pred_answer,50
5314bd7ddae131f847000006,Meta-Llama-3-8B-Instruct,bioasq,IGF1R,False,3,0.4999999999999985,-0.354548241221346,C1705350,0.999999463558197,0.999999463558197,0.0,pred_answer,50
5339edd6d6d3ac6a34000061,Meta-Llama-3-8B-Instruct,bioasq,Myocardial fibrosis.,False,3,0.7499999999999978,-0.1730317662898203,C0151654,0.9921051263809204,0.91178959608078,0.08031553030014038,pred_answer,50
56b1f4300a360a5e4500001b,Meta-Llama-3-8B-Instruct,bioasq,Amyloid-β.,False,3,0.405639062229565,-0.1702982004886829,C0078939,0.9744697213172913,0.9744697213172913,0.0,pred_answer,50
5357b36cf1005d6b58000006,Meta-Llama-3-8B-Instruct,bioasq,I157T,False,3,-8.00856625953729e-16,-0.1931170415482483,C5420210,0.91561359167099,0.8377048373222351,0.07790875434875488,pred_answer,50
530f900ee3eabad021000003,Meta-Llama-3-8B-Instruct,bioasq,Fibroblast growth factor 8 (FGF8) and thyroid-stimulating hormone (TSH).,True,3,0.9999999999999972,-0.215697230528292,C1333539,0.6415981650352478,0.6415981650352478,0.0,pred_answer,50
53551206a0726bee57000001,Meta-Llama-3-8B-Instruct,bioasq,Cardiomyopathy.,False,3,0.7499999999999978,-0.2273959946360169,C0878544,0.9901069402694702,0.954605221748352,0.035501718521118164,pred_answer,50
56cae3eb5795f9a73e000021,Meta-Llama-3-8B-Instruct,bioasq,29 years,False,3,0.7499999999999978,-0.3522035827239354,C3843701,0.8503056168556213,0.8466689586639404,0.003636658191680908,pred_answer,50
54e0d7471388e8454a000015,Meta-Llama-3-8B-Instruct,bioasq,IL-17A,False,3,-8.00856625953729e-16,-0.0724153770417615,C1825592,0.999999463558197,0.999999463558197,0.0,pred_answer,50
532ff917d6d3ac6a34000038,Meta-Llama-3-8B-Instruct,bioasq,H3K36me3,True,3,0.7499999999999978,-0.1937259392704748,C4684882,0.9999993443489075,0.8830564022064209,0.11694294214248657,pred_answer,50
530cf4c54a5037880c000008,Meta-Llama-3-8B-Instruct,bioasq,Ibrutinib,True,3,-8.00856625953729e-16,-0.0680228550760148,C3501358,0.9999996423721313,0.8980699181556702,0.10192972421646118,pred_answer,50
54f2210164850a5854000001,Meta-Llama-3-8B-Instruct,bioasq,3,False,3,0.405639062229565,-0.4789958573819604,C5201107,0.8527015447616577,0.8527015447616577,0.0,pred_answer,50
54e0ba781388e8454a000011,Meta-Llama-3-8B-Instruct,bioasq,Mitochondrial outer membrane.,False,3,-8.00856625953729e-16,-0.2061819525593478,C0230839,0.9946056604385376,0.9086238145828247,0.08598184585571289,pred_answer,50
56f6c11109dd18d46b00000e,Meta-Llama-3-8B-Instruct,bioasq,Calcineurin,False,3,0.405639062229565,-0.2346798291041523,C0054450,0.9999995231628418,0.9999995231628418,0.0,pred_answer,50
536e46f27d100faa09000012,Meta-Llama-3-8B-Instruct,bioasq,HEXA,True,3,-8.00856625953729e-16,-0.0874770258863767,C1869244,0.9999991655349731,0.9999991655349731,0.0,pred_answer,50
531e2695267d7dd05300000f,Meta-Llama-3-8B-Instruct,bioasq,Mitochondrial outer membrane.,False,3,0.7499999999999978,-0.2106047053447111,C0230839,0.9946056604385376,0.9086238145828247,0.08598184585571289,pred_answer,50
515df199298dcd4e5100002a,Meta-Llama-3-8B-Instruct,bioasq,Endovascular angioplasty and stenting.,False,3,0.7499999999999978,-0.1764892651994139,C4763881,0.8828463554382324,0.844782292842865,0.03806406259536743,pred_answer,50
52eea4dcc8da89891000000c,Meta-Llama-3-8B-Instruct,bioasq,Autosomal recessive,True,3,0.405639062229565,-0.0872576201183619,C0441748,0.999998927116394,0.9736723899841309,0.026326537132263184,pred_answer,50
56df03c751531f7e3300000a,Meta-Llama-3-8B-Instruct,bioasq,"Stability, localization, translation efficiency, and splicing.",False,3,0.9999999999999972,-0.3391828043811616,C2699734,0.6888805031776428,0.6701524257659912,0.01872807741165161,pred_answer,50
56c8274f5795f9a73e00000d,Meta-Llama-3-8B-Instruct,bioasq,Motor neurons.,True,3,-8.00856625953729e-16,-0.1645748934242732,C0026609,0.9937417507171631,0.9937417507171631,0.0,pred_answer,50
53124bdae3eabad02100000b,Meta-Llama-3-8B-Instruct,bioasq,mTOR,True,3,-8.00856625953729e-16,-0.1234439709223806,C1307407,0.9999997615814209,0.9999997615814209,0.0,pred_answer,50
53318685d6d3ac6a3400003d,Meta-Llama-3-8B-Instruct,bioasq,Autosomal dominant.,True,3,0.405639062229565,-0.1238155232742315,C0443147,0.9868630170822144,0.9868630170822144,0.0,pred_answer,50
56c865d25795f9a73e000016,Meta-Llama-3-8B-Instruct,bioasq,Apocynin,False,3,0.405639062229565,-0.233124512064387,C0050465,0.9999992251396179,0.9059311151504517,0.09406810998916626,pred_answer,50
533ba85ffd9a95ea0d000008,Meta-Llama-3-8B-Instruct,bioasq,1/1000 nucleotides per generation.,False,3,0.9999999999999972,-0.4606928666202428,C0470314,0.6956698894500732,0.6671799421310425,0.02848994731903076,pred_answer,50
58a2e5f760087bc10a000007,Meta-Llama-3-8B-Instruct,bioasq,Alpha-synuclein,True,3,-8.00856625953729e-16,-0.0533050573176249,C1420276,0.9999996423721313,0.9999996423721313,0.0,pred_answer,50
58a2df9c60087bc10a000006,Meta-Llama-3-8B-Instruct,bioasq,1 in 60,False,3,0.405639062229565,-0.2299365243932697,C5939062,0.8516497611999512,0.8091098666191101,0.042539894580841064,pred_answer,50
58a2ced760087bc10a000004,Meta-Llama-3-8B-Instruct,bioasq,5p15.3,True,3,0.7499999999999978,-0.1409465822701653,C1521460,0.9384126663208008,0.8977717161178589,0.040640950202941895,pred_answer,50
58a9c152396a458e50000001,Meta-Llama-3-8B-Instruct,bioasq,Neutrophils,False,3,-8.00856625953729e-16,-0.1289788596528524,C2238207,0.9999994039535522,0.9999994039535522,0.0,pred_answer,50
58a5b1fe60087bc10a000024,Meta-Llama-3-8B-Instruct,bioasq,E2 conjugating enzyme.,False,3,0.4999999999999985,-0.3228952941883725,C0084913,0.9472332000732422,0.9300802946090698,0.017152905464172363,pred_answer,50
58bc5e2202b8c60953000002,Meta-Llama-3-8B-Instruct,bioasq,Spinal Bulbar Muscular Atrophy,False,3,-8.00856625953729e-16,-0.1967669336704097,C1367578,0.9663127660751343,0.9663127660751343,0.0,pred_answer,50
58b6bd2622d300530900000c,Meta-Llama-3-8B-Instruct,bioasq,ApoE4,False,3,0.4999999999999985,-0.2630363449454307,C0052201,0.9999992847442627,0.9999991059303284,1.7881393432617188e-07,pred_answer,50
589480b47d9090f353000007,Meta-Llama-3-8B-Instruct,bioasq,GROMACS.,False,3,0.405639062229565,-0.4532519381492875,C0859032,0.801629900932312,0.746884286403656,0.054745614528656006,pred_answer,50
5891b125621ea6ff7e00000e,Meta-Llama-3-8B-Instruct,bioasq,Fabry disease,False,3,-8.00856625953729e-16,-0.1088861234020441,C0002986,0.9999994039535522,0.9647324681282043,0.0352669358253479,pred_answer,50
58a2c77a60087bc10a000002,Meta-Llama-3-8B-Instruct,bioasq,Notch signaling regulation.,False,3,0.7499999999999978,-0.5348029068360631,C1155455,0.9332353472709656,0.8340790271759033,0.09915632009506226,pred_answer,50
589185cc621ea6ff7e00000b,Meta-Llama-3-8B-Instruct,bioasq,Spinal Muscular Atrophy (SMA),True,3,0.405639062229565,-0.086067828067712,C0026847,0.9676012992858887,0.9179605841636658,0.0496407151222229,pred_answer,50
5887fe7d3b87a8a738000008,Meta-Llama-3-8B-Instruct,bioasq,Antimicrobial peptides.,False,3,0.405639062229565,-0.3932278498638482,C4084937,0.9882646799087524,0.9739909172058105,0.014273762702941895,pred_answer,50
58cc5bae02b8c60953000037,Meta-Llama-3-8B-Instruct,bioasq,"1 in 21,000 male births",False,3,0.9999999999999972,-0.4436188865111035,C0419384,0.6953182220458984,0.6918411254882812,0.0034770965576171875,pred_answer,50
58caf0be02b8c6095300002f,Meta-Llama-3-8B-Instruct,bioasq,Histoplasma capsulatum,False,3,0.9999999999999972,-0.1231996700821582,C0319941,0.9999993443489075,0.9837344884872437,0.01626485586166382,pred_answer,50
58bca2f302b8c6095300000c,Meta-Llama-3-8B-Instruct,bioasq,X,True,3,-8.00856625953729e-16,-0.0111201658146455,C1706494,0.8872198462486267,0.8323588967323303,0.05486094951629639,pred_answer,50
58bac71222d3005309000013,Meta-Llama-3-8B-Instruct,bioasq,H3F3A,False,3,0.7499999999999978,-0.0619647553685354,C1415427,0.9999995827674866,0.9999995827674866,0.0,pred_answer,50
58cdb41302b8c60953000042,Meta-Llama-3-8B-Instruct,bioasq,Connective tissue.,True,3,-8.00856625953729e-16,-0.027032222598774,C0009780,0.9929409027099609,0.9440286159515381,0.04891228675842285,pred_answer,50
587f7a69d8d850a152000001,Meta-Llama-3-8B-Instruct,bioasq,Suffix Trie,False,3,0.9999999999999972,-0.857147465882008,C1550721,0.8192167282104492,0.8192167282104492,0.0,pred_answer,50
5895f7e978275d0c4a000001,Meta-Llama-3-8B-Instruct,bioasq,Ackee fruit,True,3,0.405639062229565,-0.3333836766905733,C0274888,0.8047695159912109,0.7824684381484985,0.022301077842712402,pred_answer,50
58cd90c202b8c60953000040,Meta-Llama-3-8B-Instruct,bioasq,Inhibits IL-18 activity.,False,3,-8.00856625953729e-16,-0.1732103768804778,C1149225,0.8663439750671387,0.8492893576622009,0.017054617404937744,pred_answer,50
58cf5c5a8acda34529000003,Meta-Llama-3-8B-Instruct,bioasq,In the kinetoplast DNA.,False,3,0.7499999999999978,-0.2916181772779822,C0064360,0.9411472082138062,0.8808588981628418,0.060288310050964355,pred_answer,50
58da111c8acda34529000010,Meta-Llama-3-8B-Instruct,bioasq,Trisomy 13.,False,3,-8.00856625953729e-16,-0.0274097896060538,C0152095,0.9841407537460327,0.9841407537460327,0.0,pred_answer,50
58af1cb3717cd3f655000003,Meta-Llama-3-8B-Instruct,bioasq,Acromesomelic dysplasia.,False,3,0.9999999999999972,-0.460970079409509,C5235036,0.9929331541061401,0.9635419845581055,0.029391169548034668,pred_answer,50
58dd0dde8acda34529000027,Meta-Llama-3-8B-Instruct,bioasq,Connective tissue,True,3,-8.00856625953729e-16,-0.1625062024686343,C0009780,0.9999992251396179,0.954153299331665,0.04584592580795288,pred_answer,50
58853922e56acf5176000016,Meta-Llama-3-8B-Instruct,bioasq,Autoimmune hepatitis.,False,3,0.405639062229565,-0.1593760903051247,C4721555,0.9908683896064758,0.990868330001831,5.960464477539063e-08,pred_answer,50
58853667e56acf5176000015,Meta-Llama-3-8B-Instruct,bioasq,Enhances B-cell development.,False,3,0.7499999999999978,-0.5252015462943405,C2249214,0.812529444694519,0.8053363561630249,0.007193088531494141,pred_answer,50
5889eb503b87a8a73800000b,Meta-Llama-3-8B-Instruct,bioasq,Hemophilia A.,False,3,0.9999999999999972,-0.6326222134132896,C0019069,0.9896498918533325,0.9896376132965088,1.2278556823730469e-05,pred_answer,50
58de18e48acda3452900002a,Meta-Llama-3-8B-Instruct,bioasq,miR-138,True,3,-8.00856625953729e-16,-0.2278979912836803,C2744770,0.9856563210487366,0.935460090637207,0.05019623041152954,pred_answer,50
58d906b28acda3452900000d,Meta-Llama-3-8B-Instruct,bioasq,Chromosome 17.,False,3,0.9999999999999972,-0.6097522268657182,C0008659,0.9903843402862549,0.9746213555335999,0.01576298475265503,pred_answer,50
58e79e703e8b6dc87c00000a,Meta-Llama-3-8B-Instruct,bioasq,60-70%,False,3,0.405639062229565,-0.1503994416663772,C5983672,0.8193753361701965,0.8128971457481384,0.0064781904220581055,pred_answer,50
5880c42fc872c95565000008,Meta-Llama-3-8B-Instruct,bioasq,Type 2 diabetes.,True,3,-8.00856625953729e-16,-0.0365677764056802,C0011860,0.9930838346481323,0.9442541599273682,0.04882967472076416,pred_answer,50
58f4b1a170f9fc6f0f000010,Meta-Llama-3-8B-Instruct,bioasq,Amanita phalloides,True,3,0.405639062229565,-0.0008528361605125,C0319646,0.9999989867210388,0.8957397937774658,0.104259192943573,pred_answer,50
589317e849702f2e01000005,Meta-Llama-3-8B-Instruct,bioasq,GenBank.,False,3,0.7499999999999978,-0.5462981611489823,C0598211,0.9687899351119995,0.9687899351119995,0.0,pred_answer,50
58eb4ce7eda5a57672000004,Meta-Llama-3-8B-Instruct,bioasq,Regulation of cell cycle progression.,False,3,0.405639062229565,-0.2674833905081044,C1155872,0.991318941116333,0.8919284343719482,0.09939050674438477,pred_answer,50
58f3c4b970f9fc6f0f00000a,Meta-Llama-3-8B-Instruct,bioasq,Single-stranded RNA,False,3,0.405639062229565,-0.1062480193970259,C3272452,0.9999997615814209,0.8598050475120544,0.14019471406936646,pred_answer,50
58c27b7102b8c60953000021,Meta-Llama-3-8B-Instruct,bioasq,Enhancers,False,3,0.9999999999999972,-0.4560066958268483,C0086222,0.929799497127533,0.929799497127533,0.0,pred_answer,50
58f4b9d470f9fc6f0f000016,Meta-Llama-3-8B-Instruct,bioasq,Francisella tularensis,True,3,-8.00856625953729e-16,-0.0070503020705672,C0016677,0.9999997615814209,0.9839380979537964,0.01606166362762451,pred_answer,50
5895f18ce370baff39000001,Meta-Llama-3-8B-Instruct,bioasq,miRDeep.,False,3,0.405639062229565,-0.4754999935626529,C5240899,0.7545458674430847,0.737471342086792,0.017074525356292725,pred_answer,50
589635dd78275d0c4a000009,Meta-Llama-3-8B-Instruct,bioasq,Long-range PCR,False,3,0.7499999999999978,-0.5876363106071949,C5202919,0.7998877167701721,0.7998877167701721,0.0,pred_answer,50
5a7d51dafaa1ab7d2e000017,Meta-Llama-3-8B-Instruct,bioasq,Intravenous,True,3,0.4999999999999985,-0.228684243193129,C0348016,0.9999997615814209,0.9999995231628418,2.384185791015625e-07,pred_answer,50
5a43a139966455904c000008,Meta-Llama-3-8B-Instruct,bioasq,Methylation levels.,False,3,-8.00856625953729e-16,-0.2439438834141185,C5783915,0.9123039841651917,0.9073192477226257,0.004984736442565918,pred_answer,50
58edf567eda5a57672000011,Meta-Llama-3-8B-Instruct,bioasq,56,False,3,0.9999999999999972,-0.9600895587354898,C0470337,0.7734818458557129,0.7391706705093384,0.03431117534637451,pred_answer,50
5a67b2f7b750ff445500000f,Meta-Llama-3-8B-Instruct,bioasq,Stress incontinence.,False,3,0.405639062229565,-0.2009270090602431,C0042025,0.9925881624221802,0.9329863786697388,0.059601783752441406,pred_answer,50
593ff22b70f9fc6f0f000023,Meta-Llama-3-8B-Instruct,bioasq,4,True,3,0.405639062229565,-0.628023388562724,C0205450,0.8707701563835144,0.8429559469223022,0.027814209461212158,pred_answer,50
5a8941c5bc7bade53a000002,Meta-Llama-3-8B-Instruct,bioasq,Ser133,True,3,-8.00856625953729e-16,-0.2614173678060372,C5666886,0.7824211716651917,0.7652114629745483,0.01720970869064331,pred_answer,50
5a7d6287faa1ab7d2e00001c,Meta-Llama-3-8B-Instruct,bioasq,FFAR4,False,3,0.7499999999999978,-0.5098538321763044,C1425984,0.9999997615814209,0.9751529693603516,0.024846792221069336,pred_answer,50
5a87d73861bb38fb2400000b,Meta-Llama-3-8B-Instruct,bioasq,Ribotype 027,True,3,0.405639062229565,-0.2863633308064891,C4725892,0.7018012404441833,0.6980893611907959,0.003711879253387451,pred_answer,50
5a7610af83b0d9ea6600001a,Meta-Llama-3-8B-Instruct,bioasq,JAK2,False,3,-8.00856625953729e-16,-0.0222080249805003,C1334291,0.9999994039535522,0.9999994039535522,0.0,pred_answer,50
5a6e472ab750ff4455000048,Meta-Llama-3-8B-Instruct,bioasq,Regulation of ion channel activity.,False,3,0.405639062229565,-0.4356881435942199,C4328759,0.8777535557746887,0.8451714515686035,0.032582104206085205,pred_answer,50
5a735b383b9d13c708000002,Meta-Llama-3-8B-Instruct,bioasq,Patisiran,True,3,-8.00856625953729e-16,-0.5260904758470133,C3896714,0.9999995231628418,0.959058403968811,0.04094111919403076,pred_answer,50
5a68f448b750ff4455000018,Meta-Llama-3-8B-Instruct,bioasq,Corynebacterium minutissimum,True,3,0.7499999999999978,-0.0521715858652726,C0010154,0.9999995827674866,0.9279473423957825,0.0720522403717041,pred_answer,50
5a895f51fcd1d6a10c000004,Meta-Llama-3-8B-Instruct,bioasq,Palindromic.,False,3,0.7499999999999978,-0.1831279773905313,C2350254,0.9317171573638916,0.8263503909111023,0.1053667664527893,pred_answer,50
5a6a02a3b750ff4455000021,Meta-Llama-3-8B-Instruct,bioasq,Fibronectin.,False,3,-8.00856625953729e-16,-0.2129642511211175,C5966159,0.9848396182060242,0.9848396182060242,0.0,pred_answer,50
5a74a8a70384be9551000005,Meta-Llama-3-8B-Instruct,bioasq,MRX34,False,3,0.9999999999999972,-0.4269096711650491,C1416398,0.9999997615814209,0.9999997615814209,0.0,pred_answer,50
5a6a3464b750ff4455000026,Meta-Llama-3-8B-Instruct,bioasq,MUSCLE,False,3,0.405639062229565,-0.269069082045462,C0026845,0.9999994039535522,0.9999994039535522,0.0,pred_answer,50
5a6d08d5b750ff445500002c,Meta-Llama-3-8B-Instruct,bioasq,K-Ras.,False,3,0.9999999999999972,-1.4872327446891176,C0763464,0.9668774604797363,0.9668774604797363,0.0,pred_answer,50
5a6fa31ab750ff445500005e,Meta-Llama-3-8B-Instruct,bioasq,ChIP-seq.,False,3,-8.00856625953729e-16,-0.1884620071629399,C3831111,0.9860953092575073,0.8924914598464966,0.09360384941101074,pred_answer,50
5a6d196db750ff4455000032,Meta-Llama-3-8B-Instruct,bioasq,GABA-seq.,False,3,0.405639062229565,-0.4024052218010088,C0064018,0.8013013005256653,0.7989218831062317,0.0023794174194335938,pred_answer,50
5a68f005b750ff4455000016,Meta-Llama-3-8B-Instruct,bioasq,Borderline Personality Disorder,True,3,-8.00856625953729e-16,-0.0363069622864713,C0006012,0.9999994039535522,0.8990512490272522,0.10094815492630005,pred_answer,50
5a6900ebb750ff445500001d,Meta-Llama-3-8B-Instruct,bioasq,Trigger Thumb,False,3,-8.00856625953729e-16,-0.6833578447500864,C0410060,0.9999993443489075,0.9622443318367004,0.03775501251220703,pred_answer,50
5a6e2578b750ff445500003d,Meta-Llama-3-8B-Instruct,bioasq,ChIPpeakAnno,False,3,0.4999999999999985,-0.4821389134352405,C0337862,0.7308269143104553,0.7308269143104553,0.0,pred_answer,50
5a8712af61bb38fb24000002,Meta-Llama-3-8B-Instruct,bioasq,Increased risk,False,3,0.7499999999999978,-0.5785621305306753,C4699158,0.9999995231628418,0.9377586841583252,0.0622408390045166,pred_answer,50
5a9e2386de7cb99d40000004,Meta-Llama-3-8B-Instruct,bioasq,Type 2 diabetes.,False,3,0.405639062229565,-0.15210355911402,C0011860,0.9930838346481323,0.9442541599273682,0.04882967472076416,pred_answer,50
5a761ac3aacfb9cd4c000002,Meta-Llama-3-8B-Instruct,bioasq,Fetal growth restriction.,False,3,0.9999999999999972,-0.4748210347800731,C0015934,0.991515576839447,0.9531129598617554,0.03840261697769165,pred_answer,50
5a67c497b750ff4455000012,Meta-Llama-3-8B-Instruct,bioasq,Exome sequencing.,False,3,0.7499999999999978,-0.1737689547007789,C3640077,0.9931653738021851,0.9931653738021851,0.0,pred_answer,50
5a774fdcfaa1ab7d2e000008,Meta-Llama-3-8B-Instruct,bioasq,BRCA1,False,3,-8.00856625953729e-16,-0.4269990278407931,C0376571,0.9999995231628418,0.9999995231628418,0.0,pred_answer,50
5aa6c800d6d6b54f79000012,Meta-Llama-3-8B-Instruct,bioasq,Monotectic phase transition.,False,3,0.9999999999999972,-0.4799360779579658,C1257888,0.7652321457862854,0.707746684551239,0.05748546123504639,pred_answer,50
5a9d8d691d1251d03b000020,Meta-Llama-3-8B-Instruct,bioasq,Risk factor.,False,3,0.405639062229565,-0.1964423917233659,C0035648,0.9882092475891113,0.9848979711532593,0.0033112764358520508,pred_answer,50
5aa50086d6d6b54f7900000c,Meta-Llama-3-8B-Instruct,bioasq,Protein degradation and sorting.,False,3,0.7499999999999978,-0.3862416667065368,C0887837,0.8275421261787415,0.7493594288825989,0.07818269729614258,pred_answer,50
5a7639419e632bc066000005,Meta-Llama-3-8B-Instruct,bioasq,DeepLoc,True,3,0.7499999999999978,-0.2624528544644515,C0641554,0.7072553634643555,0.6734305024147034,0.0338248610496521,pred_answer,50
5a7373f63b9d13c708000008,Meta-Llama-3-8B-Instruct,bioasq,Kala-azar.,False,3,0.405639062229565,-0.280928977609913,C0023290,0.9856705069541931,0.8239477872848511,0.16172271966934204,pred_answer,50
5a95765bfcd1d6a10c000028,Meta-Llama-3-8B-Instruct,bioasq,Suprachiasmatic nucleus (SCN) of the hypothalamus.,False,3,0.405639062229565,-0.0357027790263206,C0038866,0.9414088726043701,0.8709630370140076,0.07044583559036255,pred_answer,50
5aa3fb7ad6d6b54f79000009,Meta-Llama-3-8B-Instruct,bioasq,Sofosbuvir.,False,3,0.4999999999999985,-0.1573315588834418,C2976303,0.9901909232139587,0.8494161367416382,0.14077478647232056,pred_answer,50
5abd5a62fcf4565872000031,Meta-Llama-3-8B-Instruct,bioasq,Escherichia coli,False,3,0.405639062229565,-0.1145090398565192,C0014834,0.9999996423721313,0.9573805928230286,0.04261904954910278,pred_answer,50
5abd2ce0fcf456587200002a,Meta-Llama-3-8B-Instruct,bioasq,Firmicutes and Bacteroidetes.,False,3,-8.00856625953729e-16,-0.0713147571566992,C1254144,0.879127562046051,0.8729817867279053,0.006145775318145752,pred_answer,50
5ac08fe7d0c506ce46000003,Meta-Llama-3-8B-Instruct,bioasq,Human breast cancer,False,3,-8.00856625953729e-16,-0.1690896237269044,C0006142,0.9409908056259155,0.940962553024292,2.8252601623535156e-05,pred_answer,50
5ab90a79fcf456587200001b,Meta-Llama-3-8B-Instruct,bioasq,Enoxaparin.,False,3,0.405639062229565,-0.3612909750348289,C0206460,0.988170862197876,0.9437010288238525,0.04446983337402344,pred_answer,50
5ad4dd93133db5eb78000008,Meta-Llama-3-8B-Instruct,bioasq,Pentamer,False,3,0.9999999999999972,-0.5423728339374065,C1093350,0.920712947845459,0.8887696266174316,0.031943321228027344,pred_answer,50
5c34ad63da8336e21a000007,Meta-Llama-3-8B-Instruct,bioasq,AT-rich regions.,False,3,0.405639062229565,-0.2077102243900185,C0004130,0.9700035452842712,0.8382720947265625,0.13173145055770874,pred_answer,50
5c58474786df2b9174000001,Meta-Llama-3-8B-Instruct,bioasq,K-Means Clustering,True,3,0.405639062229565,-0.2178773024952858,C1880170,0.815910279750824,0.8151401281356812,0.0007701516151428223,pred_answer,50
5c34ac49da8336e21a000006,Meta-Llama-3-8B-Instruct,bioasq,It is associated with increased disease activity.,False,3,0.405639062229565,-0.5588199308549456,C2368568,0.7862604856491089,0.7815881967544556,0.00467228889465332,pred_answer,50
5c011057133db5eb78000025,Meta-Llama-3-8B-Instruct,bioasq,Phase III,True,3,0.405639062229565,-0.1038241349160671,C0439561,0.950400173664093,0.9274278879165649,0.022972285747528076,pred_answer,50
5c5f2c0c1a4c55d80b000021,Meta-Llama-3-8B-Instruct,bioasq,A cysteine protease.,False,3,-8.00856625953729e-16,-0.1822853322661544,C2717970,0.921811580657959,0.921811580657959,0.0,pred_answer,50
5c5f3a1f1a4c55d80b000028,Meta-Llama-3-8B-Instruct,bioasq,Converts fructose to fructose-1-phosphate.,False,3,-8.00856625953729e-16,-0.0950446005751709,C3820979,0.8675200343132019,0.8357597589492798,0.03176027536392212,pred_answer,50
5c6be8f07c78d69471000032,Meta-Llama-3-8B-Instruct,bioasq,Carbyne.,False,3,0.405639062229565,-0.5367451190947576,C0108480,0.984323263168335,0.8970367908477783,0.08728647232055664,pred_answer,50
5c783d32d774d04240000004,Meta-Llama-3-8B-Instruct,bioasq,Multiple sclerosis,False,3,-8.00856625953729e-16,-0.3561268588334011,C0026769,0.9999992847442627,0.9924799799919128,0.0075193047523498535,pred_answer,50
5c646fd3e842deac6700001a,Meta-Llama-3-8B-Instruct,bioasq,Acute myeloid leukemia.,True,3,0.7499999999999978,-0.1313914592653802,C0023467,0.9937110543251038,0.9503033757209778,0.04340767860412598,pred_answer,50
5c5249077e3cb0e23100000b,Meta-Llama-3-8B-Instruct,bioasq,OCT (Optical Coherence Tomography),True,3,-8.00856625953729e-16,-0.0708490631140069,C0920367,0.9907400012016296,0.9345850944519043,0.05615490674972534,pred_answer,50
5c65897a7c78d69471000006,Meta-Llama-3-8B-Instruct,bioasq,Enasidenib.,True,3,-8.00856625953729e-16,-0.1123920765869096,C4519428,0.9885014295578003,0.9592269062995911,0.02927452325820923,pred_answer,50
5c78080e7c78d694710000ae,Meta-Llama-3-8B-Instruct,bioasq,Lack of beta-hexosaminidase A enzyme.,False,3,0.7499999999999978,-0.2954025576369555,C5970465,0.9097299575805664,0.9024081826210022,0.007321774959564209,pred_answer,50
5c531d8f7e3cb0e231000017,Meta-Llama-3-8B-Instruct,bioasq,Friction and moisture.,False,3,0.7499999999999978,-0.627403687840939,C4061032,0.769571840763092,0.7685691714286804,0.001002669334411621,pred_answer,50
5c51fe8907ef653866000007,Meta-Llama-3-8B-Instruct,bioasq,2.7%,True,3,0.7499999999999978,-0.5016019430011511,C1321994,0.8269049525260925,0.7496336698532104,0.07727128267288208,pred_answer,50
5c0117fd133db5eb7800002a,Meta-Llama-3-8B-Instruct,bioasq,February 2018,False,3,0.405639062229565,-0.1309619489085889,C3830166,0.8330232501029968,0.7528029084205627,0.08022034168243408,pred_answer,50
5c72ade07c78d69471000070,Meta-Llama-3-8B-Instruct,bioasq,ALK and EGFR,False,3,0.9999999999999972,-0.237961434473982,C4722445,0.8513092398643494,0.8396418690681458,0.011667370796203613,pred_answer,50
5c571dd307647bbc4b000016,Meta-Llama-3-8B-Instruct,bioasq,Capillaria hepatica.,True,3,0.7499999999999978,-0.0343411158703637,C4551645,0.9794448018074036,0.9794448018074036,0.0,pred_answer,50
5c89623bf9c2ba6b28000005,Meta-Llama-3-8B-Instruct,bioasq,Hepatocellular carcinoma and germ cell tumors.,False,3,0.4999999999999985,-0.1914793822349167,C5985021,0.7898544073104858,0.7826297283172607,0.007224678993225098,pred_answer,50
5c8cdfe50101eac870000004,Meta-Llama-3-8B-Instruct,bioasq,VPS13B,False,3,0.9999999999999972,-0.5221582561731338,C1540183,0.9999991059303284,0.9970232248306274,0.0029758810997009277,pred_answer,50
5c84346b75a4a5d219000001,Meta-Llama-3-8B-Instruct,bioasq,Toxoplasma gondii,False,3,0.4999999999999985,-0.1059192910344487,C0040557,0.9999997019767761,0.9459410905838013,0.054058611392974854,pred_answer,50
5c73acef7c78d69471000088,Meta-Llama-3-8B-Instruct,bioasq,Calcitonin gene-related peptide receptor.,True,3,0.7499999999999978,-0.2485371957271872,C1424497,0.9922670722007751,0.989616870880127,0.0026502013206481934,pred_answer,50
5c85234775a4a5d219000007,Meta-Llama-3-8B-Instruct,bioasq,Fidaxomicin,True,3,-8.00856625953729e-16,-0.0276925741800369,C0065023,0.9999994039535522,0.7908755540847778,0.20912384986877441,pred_answer,50
5c92871decadf2e73f000016,Meta-Llama-3-8B-Instruct,bioasq,Zymo Research's CRISPR-Z.,False,3,0.9999999999999972,-0.5694634557108574,C5690827,0.7146428823471069,0.7043899297714233,0.010252952575683594,pred_answer,50
5c6acb107c78d6947100001f,Meta-Llama-3-8B-Instruct,bioasq,Southern blot.,False,3,-8.00856625953729e-16,-0.2922256700694419,C0005862,0.9884970188140869,0.9884970188140869,0.0,pred_answer,50
5c6ad2997c78d69471000020,Meta-Llama-3-8B-Instruct,bioasq,MutationalPatterns,False,3,0.405639062229565,-0.4648097716271877,C1513780,0.7083996534347534,0.7039611339569092,0.004438519477844238,pred_answer,50
5c8fef490101eac870000010,Meta-Llama-3-8B-Instruct,bioasq,Myosin.,False,3,0.405639062229565,-0.3131284478818088,C0027096,0.9843664765357971,0.9560905694961548,0.028275907039642334,pred_answer,50
5c8fe1f10101eac87000000a,Meta-Llama-3-8B-Instruct,bioasq,Inhibits.,False,3,-8.00856625953729e-16,-0.2249010372906696,C3463820,0.9577893614768982,0.9519086480140686,0.00588071346282959,pred_answer,50
5c89623bf9c2ba6b28000004,Meta-Llama-3-8B-Instruct,bioasq,ACTA1,False,3,0.7499999999999978,-0.1767100035358453,C1412136,0.9999996423721313,0.9999996423721313,0.0,pred_answer,50
5caa0247ecadf2e73f000055,Meta-Llama-3-8B-Instruct,bioasq,Pals1.,False,3,0.405639062229565,-0.5017514511942522,C1570165,0.967637836933136,0.967637836933136,0.0,pred_answer,50
5cb39707ecadf2e73f000060,Meta-Llama-3-8B-Instruct,bioasq,APECED (Autoimmune Polyendocrinopathy-Candidiasis-Ectodermal Dystrophy),False,3,0.7499999999999978,-0.0706203517328424,C0085859,0.9903532862663269,0.9342637062072754,0.056089580059051514,pred_answer,50
5e7f5d0d835f4e4777000016,Meta-Llama-3-8B-Instruct,bioasq,2008,False,3,0.7499999999999978,-0.4892636053264141,C3858728,0.7617900371551514,0.7374240159988403,0.024366021156311035,pred_answer,50
5e35dc26158f994d3a000006,Meta-Llama-3-8B-Instruct,bioasq,"1,400",False,3,0.405639062229565,-1.321432251839724,C1881839,0.7739275693893433,0.7693780064582825,0.004549562931060791,pred_answer,50
5d387573a1e159510500000a,Meta-Llama-3-8B-Instruct,bioasq,CD22,False,3,0.4999999999999985,-1.001461108525594,C1332708,0.9999994039535522,0.9999994039535522,0.0,pred_answer,50
5e6e82eac6a8763d23000001,Meta-Llama-3-8B-Instruct,bioasq,Mitochondrial citrate.,False,3,0.7499999999999978,-0.4277995895993253,C1413745,0.8855248093605042,0.8836880922317505,0.0018367171287536621,pred_answer,50
5e36d5b9b5b409ea53000009,Meta-Llama-3-8B-Instruct,bioasq,FRAP,False,3,0.9999999999999972,-0.438995470603307,C1138405,0.999999463558197,0.999999463558197,0.0,pred_answer,50
5d3826427bc3fee31f00000f,Meta-Llama-3-8B-Instruct,bioasq,30-40%,False,3,0.405639062229565,-0.1652582419206737,C4697965,0.7611854672431946,0.7460006475448608,0.01518481969833374,pred_answer,50
5e822615835f4e4777000034,Meta-Llama-3-8B-Instruct,bioasq,Ferrochelatase,False,3,-8.00856625953729e-16,-0.1706503456942495,C0015880,0.9999997615814209,0.9999997615814209,0.0,pred_answer,50
5e49c2356d0a277941000010,Meta-Llama-3-8B-Instruct,bioasq,ENCODE,False,3,0.405639062229565,-0.6017397528824707,C2700640,0.9999991655349731,0.8686993718147278,0.13129979372024536,pred_answer,50
5e6e8f92c6a8763d23000004,Meta-Llama-3-8B-Instruct,bioasq,Longer than 200 nucleotides.,True,3,0.405639062229565,-0.1654140175905354,C5452758,0.701937735080719,0.6966806650161743,0.005257070064544678,pred_answer,50
5e80489b835f4e4777000022,Meta-Llama-3-8B-Instruct,bioasq,Sodium-potassium-chloride cotransporter.,False,3,0.7499999999999978,-0.1204511614616614,C0074777,0.9952770471572876,0.9537969827651978,0.041480064392089844,pred_answer,50
5e7f64d6835f4e477700001f,Meta-Llama-3-8B-Instruct,bioasq,Intravenous infusion.,False,4,0.8277293767706404,-0.3070621939841563,C0021440,0.993119478225708,0.9931194186210632,5.960464477539063e-08,pred_answer,50
5e2b00bc76af173751000004,Meta-Llama-3-8B-Instruct,bioasq,DeepSynergy,True,3,0.7499999999999978,-0.5491701380815357,C4318566,0.7733854651451111,0.7733854651451111,0.0,pred_answer,50
5e5b6f04b761aafe0900000e,Meta-Llama-3-8B-Instruct,bioasq,12 proteins,False,3,0.7499999999999978,-0.51144330141445,C0058889,0.7743828892707825,0.7514277100563049,0.02295517921447754,pred_answer,50
5e4940f46d0a277941000004,Meta-Llama-3-8B-Instruct,bioasq,"1,144",False,3,0.7499999999999978,-1.5853464060928673,C0908745,0.7109326124191284,0.6867497563362122,0.02418285608291626,pred_answer,50
5e5b626fb761aafe0900000c,Meta-Llama-3-8B-Instruct,bioasq,Phospholipids,False,3,-8.00856625953729e-16,-0.0680808532727799,C0031676,0.9999997615814209,0.9114540815353394,0.08854568004608154,pred_answer,50
5e3c6c9eb5b409ea53000022,Meta-Llama-3-8B-Instruct,bioasq,Helicobacter pylori,True,3,0.405639062229565,-0.0045592905812392,C0079488,0.9999997615814209,0.9999997615814209,0.0,pred_answer,50
5e355e20fbd6abf43b000065,Meta-Llama-3-8B-Instruct,bioasq,ELOVL4,False,3,0.9999999999999972,-0.7064908354543149,C1447861,0.9999993443489075,0.9999993443489075,0.0,pred_answer,50
5e48f2b6f8b2df0d49000005,Meta-Llama-3-8B-Instruct,bioasq,Assessment of radiation-induced immune suppression.,False,3,0.405639062229565,-0.3805868475849049,C0597343,0.7755206227302551,0.7432446479797363,0.0322759747505188,pred_answer,50
5e48efd9f8b2df0d49000004,Meta-Llama-3-8B-Instruct,bioasq,To identify genetic markers associated with radiation sensitivity and treatment outcomes in cancer patients.,False,3,0.7499999999999978,-0.4295030299690374,C1514304,0.7307278513908386,0.7222082614898682,0.008519589900970459,pred_answer,50
5e2deb35fbd6abf43b00001c,Meta-Llama-3-8B-Instruct,bioasq,CAGE (Cap Analysis of Gene Expression),False,3,-8.00856625953729e-16,-0.2548483830381883,C5552712,0.8528832793235779,0.8099064826965332,0.04297679662704468,pred_answer,50
5e499c636d0a27794100000a,Meta-Llama-3-8B-Instruct,bioasq,Internal radiation therapy using radioactive isotopes attached to molecules that target specific cells or tissues.,False,3,0.9999999999999972,-0.3319347418996174,C0203608,0.7894341945648193,0.7739331722259521,0.015501022338867188,pred_answer,50
5e540c866d0a277941000052,Meta-Llama-3-8B-Instruct,bioasq,Dasatinib,False,3,-8.00856625953729e-16,-0.0263787017961476,C1455147,0.9999991655349731,0.9429676532745361,0.05703151226043701,pred_answer,50
5d35f1267bc3fee31f000004,Meta-Llama-3-8B-Instruct,bioasq,Chromatin compaction.,False,3,0.405639062229565,-0.1670574977386861,C3820549,0.9472260475158691,0.8547191023826599,0.09250694513320923,pred_answer,50
5e4adb486d0a277941000015,Meta-Llama-3-8B-Instruct,bioasq,Pathway Commons,False,3,0.405639062229565,-0.6468722534773406,C5236690,0.7314262986183167,0.7312484383583069,0.00017786026000976562,pred_answer,50
5d35e7ddb3a638076300000e,Meta-Llama-3-8B-Instruct,bioasq,Nucleolus.,False,3,-8.00856625953729e-16,-0.2011900566245212,C0007609,0.9941781163215637,0.9685298800468445,0.02564823627471924,pred_answer,50
5e5cc1fa1af46fc130000005,Meta-Llama-3-8B-Instruct,bioasq,Radiocontrast.,False,3,0.9999999999999972,-0.7161696553230144,C2930749,0.9366028308868408,0.8886532783508301,0.04794955253601074,pred_answer,50
5d35ef017bc3fee31f000001,Meta-Llama-3-8B-Instruct,bioasq,H3K27me3,True,3,-8.00856625953729e-16,-0.0224785389089967,C5420594,0.9999992847442627,0.8255854845046997,0.174413800239563,pred_answer,50
5e49ac346d0a27794100000e,Meta-Llama-3-8B-Instruct,bioasq,Varinostat,False,3,0.9999999999999972,-0.8458033576607704,C1710616,0.7576419115066528,0.7395110130310059,0.018130898475646973,pred_answer,50
5e5d24811af46fc130000006,Meta-Llama-3-8B-Instruct,bioasq,Thrombopoietin receptor,False,3,0.7499999999999978,-0.1175294806580495,C0812295,0.9999997615814209,0.9999997615814209,0.0,pred_answer,50
5d35dfbdb3a638076300000b,Meta-Llama-3-8B-Instruct,bioasq,Co-regulators of cohesin complex.,False,3,0.7499999999999978,-0.5406787783736775,C0907709,0.7440764904022217,0.7363678216934204,0.0077086687088012695,pred_answer,50
601bde6e1cb411341a000006,Meta-Llama-3-8B-Instruct,bioasq,Charcot-Marie-Tooth disease type 2B.,False,3,0.405639062229565,-0.2077485642175291,C1833219,0.9952330589294434,0.9742276668548584,0.02100539207458496,pred_answer,50
5e4bf9436d0a27794100002d,Meta-Llama-3-8B-Instruct,bioasq,Hairy.,False,3,0.7499999999999978,-0.3439264968036752,C0221958,0.9754272699356079,0.8959601521492004,0.07946711778640747,pred_answer,50
601bcb5d1cb411341a000003,Meta-Llama-3-8B-Instruct,bioasq,G-protein alpha-subunit mutations.,False,3,0.9999999999999972,-0.5036082220612962,C4688378,0.9208693504333496,0.8485831618309021,0.07228618860244751,pred_answer,50
5e61425e1af46fc13000000d,Meta-Llama-3-8B-Instruct,bioasq,"16,569",False,3,-8.00856625953729e-16,-0.0235898828814242,C0100709,0.7261091470718384,0.7210872769355774,0.005021870136260986,pred_answer,50
5fe30e06a43ad31278000037,Meta-Llama-3-8B-Instruct,bioasq,H3K27ac,True,3,0.7499999999999978,-0.0389576696664638,C3898882,0.9999995231628418,0.8452481031417847,0.15475142002105713,pred_answer,50
601d2d001cb411341a00002c,Meta-Llama-3-8B-Instruct,bioasq,Joubert syndrome,True,3,0.405639062229565,-0.5187813205557177,C5979921,0.9999995827674866,0.9486719369888306,0.051327645778656006,pred_answer,50
5e920be42d3121100d00000c,Meta-Llama-3-8B-Instruct,bioasq,RNA-dependent RNA polymerase,False,3,0.405639062229565,-0.2968714750507122,C5848927,0.9999995231628418,0.9999995231628418,0.0,pred_answer,50
5fe08b50a43ad31278000031,Meta-Llama-3-8B-Instruct,bioasq,14,False,3,0.405639062229565,-1.146867792122066,C3496443,0.8605353236198425,0.8605353236198425,0.0,pred_answer,50
5e2e1986fbd6abf43b000025,Meta-Llama-3-8B-Instruct,bioasq,R1398H,False,3,0.7499999999999978,-0.995552933216095,C0288315,0.8193668127059937,0.7999410033226013,0.019425809383392334,pred_answer,50
5d387c20a1e1595105000010,Meta-Llama-3-8B-Instruct,bioasq,154,False,3,0.7499999999999978,-0.8536976762115955,C2343859,0.731209933757782,0.722895622253418,0.008314311504364014,pred_answer,50
5fe0b4cda43ad31278000034,Meta-Llama-3-8B-Instruct,bioasq,Hemochromatosis,True,3,0.7499999999999978,-0.0848058746667967,C1384665,0.9999995231628418,0.9999995231628418,0.0,pred_answer,50
601eab7d1cb411341a000053,Meta-Llama-3-8B-Instruct,bioasq,Antidepressants,True,3,-8.00856625953729e-16,-0.0677224409300834,C0003289,0.9999994039535522,0.9314345717430115,0.06856483221054077,pred_answer,50
6026ef311cb411341a0000d4,Meta-Llama-3-8B-Instruct,bioasq,Neurocrine Biosciences,False,3,0.405639062229565,-0.17231325433454,C1020806,0.803749144077301,0.7993929386138916,0.004356205463409424,pred_answer,50
6030fe7a1cb411341a000128,Meta-Llama-3-8B-Instruct,bioasq,Epilepsy,False,3,0.4999999999999985,-0.5899910610169172,C0014544,0.9999994039535522,0.9179627895355225,0.08203661441802979,pred_answer,50
6032899c1cb411341a000144,Meta-Llama-3-8B-Instruct,bioasq,Cell membrane,False,3,-8.00856625953729e-16,-0.401333138346672,C0007603,0.9999997019767761,0.9999997019767761,0.0,pred_answer,50
6032a8b91cb411341a000149,Meta-Llama-3-8B-Instruct,bioasq,SMARCAL1,False,3,0.405639062229565,-0.3170458078733645,C1420250,0.9999992251396179,0.9999992251396179,0.0,pred_answer,50
6053ba5b94d57fd879000017,Meta-Llama-3-8B-Instruct,bioasq,Dimethyl fumarate.,False,3,-8.00856625953729e-16,-0.1448089490700519,C0058218,0.9886332750320435,0.8793331980705261,0.10930007696151733,pred_answer,50
60579cb394d57fd87900002e,Meta-Llama-3-8B-Instruct,bioasq,miRWalk,False,3,0.405639062229565,-0.5848411098122597,C5509282,0.7169415950775146,0.7057539820671082,0.011187613010406494,pred_answer,50
6057bf0694d57fd879000031,Meta-Llama-3-8B-Instruct,bioasq,BACE1.,False,3,0.405639062229565,-0.4558862445875661,C1569775,0.9801060557365417,0.9801060557365417,0.0,pred_answer,50
6057c2f894d57fd879000033,Meta-Llama-3-8B-Instruct,bioasq,Methyl-Capture Bisulfite Sequencing (MCS),False,3,0.9999999999999972,-0.4522738558902607,C3831347,0.7579289078712463,0.7401324510574341,0.017796456813812256,pred_answer,50
601cb4541cb411341a000024,Meta-Llama-3-8B-Instruct,bioasq,Eosinophilic Esophagitis,False,3,0.4999999999999985,-0.248330255696419,C0341106,0.999999463558197,0.9068901538848877,0.09310930967330933,pred_answer,50
6031287e1cb411341a00012d,Meta-Llama-3-8B-Instruct,bioasq,SOX9,False,3,0.4999999999999985,-0.6221230096707586,C1420331,0.9999991059303284,0.9999991059303284,0.0,pred_answer,50
601f10b71cb411341a000072,Meta-Llama-3-8B-Instruct,bioasq,7,True,3,-8.00856625953729e-16,-0.0046772503992542,C0205453,0.8822317719459534,0.8681996464729309,0.014032125473022461,pred_answer,50
6030fcb51cb411341a000127,Meta-Llama-3-8B-Instruct,bioasq,BrainSpan.,False,3,0.405639062229565,-0.8824076056479271,C5563983,0.8065459132194519,0.7691095471382141,0.03743636608123779,pred_answer,50
6028183e1cb411341a0000f1,Meta-Llama-3-8B-Instruct,bioasq,Hippocampus.,False,3,0.405639062229565,-0.2016394601240089,C0175202,0.9855336546897888,0.9855336546897888,0.0,pred_answer,50
6028fc841cb411341a000103,Meta-Llama-3-8B-Instruct,bioasq,Agios Pharmaceuticals,True,3,-8.00856625953729e-16,-0.0279619831999298,C1299007,0.7115185856819153,0.7087106704711914,0.002807915210723877,pred_answer,50
606ab57394d57fd87900004f,Meta-Llama-3-8B-Instruct,bioasq,Induces.,True,3,-8.00856625953729e-16,-0.2629581489600099,C0205263,0.9644180536270142,0.8853267431259155,0.07909131050109863,pred_answer,50
608069984e6a4cf630000006,Meta-Llama-3-8B-Instruct,bioasq,Stard10 is a protein involved in cholesterol trafficking and transport.,False,3,0.9999999999999972,-0.6270897410406876,C1419899,0.9269992113113403,0.8789609670639038,0.04803824424743652,pred_answer,50
606ae4fd94d57fd879000056,Meta-Llama-3-8B-Instruct,bioasq,CYP2D6,True,3,-8.00856625953729e-16,-0.0085831158464012,C0057223,0.9999996423721313,0.9999996423721313,0.0,pred_answer,50
601ff4a61cb411341a000076,Meta-Llama-3-8B-Instruct,bioasq,Antipsychotics,False,3,0.405639062229565,-0.2614281840011244,C0040615,0.9999995231628418,0.9520488977432251,0.0479506254196167,pred_answer,50
6081b64d4e6a4cf63000000a,Meta-Llama-3-8B-Instruct,bioasq,RNA-binding proteins.,False,3,0.405639062229565,-0.4610093370079881,C0085177,0.9935750365257263,0.9714147448539734,0.02216029167175293,pred_answer,50
5fe09c99a43ad31278000033,Meta-Llama-3-8B-Instruct,bioasq,98%,False,3,0.405639062229565,-0.425311098289967,C4763642,0.7702223062515259,0.7687985897064209,0.0014237165451049805,pred_answer,50
60527e8c94d57fd879000012,Meta-Llama-3-8B-Instruct,bioasq,Phase III.,False,3,-8.00856625953729e-16,-0.1406943928450061,C0439561,0.9471108913421631,0.9221789240837097,0.02493196725845337,pred_answer,50
605fb41094d57fd879000039,Meta-Llama-3-8B-Instruct,bioasq,Epilepsy.,False,3,0.7499999999999978,-0.5065437577664511,C0014544,0.9888554215431213,0.9132776260375977,0.07557779550552368,pred_answer,50
606ad07394d57fd879000050,Meta-Llama-3-8B-Instruct,bioasq,2.5% vs 5.5%,False,3,0.9999999999999972,-0.5657590245828032,C5939002,0.7664007544517517,0.7118741869926453,0.054526567459106445,pred_answer,50
606b5ba794d57fd879000067,Meta-Llama-3-8B-Instruct,bioasq,CYP2B6,False,3,0.405639062229565,-0.0211147099544177,C1382176,0.9999995231628418,0.9999995231628418,0.0,pred_answer,50
6060701c94d57fd87900003c,Meta-Llama-3-8B-Instruct,bioasq,DESeq2,False,3,0.4999999999999985,-0.6761808306910098,C0814214,0.7248935699462891,0.7198464870452881,0.0050470829010009766,pred_answer,50
5fe31307a43ad3127800003d,Meta-Llama-3-8B-Instruct,bioasq,30-40%,True,3,-8.00856625953729e-16,-0.2462697697854309,C4697965,0.7611854672431946,0.7460006475448608,0.01518481969833374,pred_answer,50
5e4e3cee6d0a277941000030,Meta-Llama-3-8B-Instruct,bioasq,PA protein,False,3,0.9999999999999972,-0.4479581514994303,C0893625,0.884265661239624,0.7573667764663696,0.1268988847732544,pred_answer,50
5fe3130ca43ad3127800003e,Meta-Llama-3-8B-Instruct,bioasq,Type 1 diabetes,False,3,0.405639062229565,-0.2250815598526969,C0011854,0.9999998211860657,0.940369725227356,0.05963009595870972,pred_answer,50
607323fe94d57fd879000079,Meta-Llama-3-8B-Instruct,bioasq,APO3G,False,3,0.9999999999999972,-0.4499646164476871,C1423011,0.845036506652832,0.8328921794891357,0.012144327163696289,pred_answer,50
606b7e5694d57fd879000070,Meta-Llama-3-8B-Instruct,bioasq,285,False,3,0.405639062229565,-0.9539827443659306,C0470610,0.7772520780563354,0.721449077129364,0.055803000926971436,pred_answer,50
601ebba41cb411341a00005a,Meta-Llama-3-8B-Instruct,bioasq,seqLogo,False,3,0.9999999999999972,-0.8948367433622479,C0004793,0.8146542906761169,0.8051742315292358,0.009480059146881104,pred_answer,50
622628b03a8413c65300007d,Meta-Llama-3-8B-Instruct,bioasq,TET1-dependent DNA demethylation.,False,3,0.9999999999999972,-0.6544738801800065,C1428863,0.8482515811920166,0.8482513427734375,2.384185791015625e-07,pred_answer,50
61f95f9f882a024a1000004e,Meta-Llama-3-8B-Instruct,bioasq,Leber congenital amaurosis.,False,3,-8.00856625953729e-16,-0.1072671125443397,C0339527,0.9943627715110779,0.9469910264015198,0.047371745109558105,pred_answer,50
61f5fb64882a024a1000001a,Meta-Llama-3-8B-Instruct,bioasq,Merkel cell carcinoma.,False,3,-8.00856625953729e-16,-0.3093632181272677,C0007129,0.9938704967498779,0.9869846105575562,0.006885886192321777,pred_answer,50
61f60735882a024a10000022,Meta-Llama-3-8B-Instruct,bioasq,Spinal Muscular Atrophy (SMA),True,3,0.405639062229565,-0.0407753997526469,C0026847,0.9676012992858887,0.9179605841636658,0.0496407151222229,pred_answer,50
621b78e63a8413c65300003f,Meta-Llama-3-8B-Instruct,bioasq,Transfer of a sugar molecule to a protein.,False,3,0.405639062229565,-0.518371154740447,C2259212,0.7667388916015625,0.7507268190383911,0.016012072563171387,pred_answer,50
601ef0571cb411341a000067,Meta-Llama-3-8B-Instruct,bioasq,LASIK,True,3,0.7499999999999978,-0.3416150090439866,C0752094,0.9999995231628418,0.9472692012786865,0.05273032188415527,pred_answer,50
602c1b141cb411341a00011c,Meta-Llama-3-8B-Instruct,bioasq,Fasinumab,False,3,0.405639062229565,-0.1971003669877973,C4519593,0.999999463558197,0.8150076866149902,0.1849917769432068,pred_answer,50
621142713a8413c65300000a,Meta-Llama-3-8B-Instruct,bioasq,90%,False,3,-8.00856625953729e-16,-0.1188966025947593,C5983654,0.8707332015037537,0.8515543341636658,0.01917886734008789,pred_answer,50
61f80e22882a024a1000003d,Meta-Llama-3-8B-Instruct,bioasq,Erythromelalgia,False,3,0.7499999999999978,-0.3806142806965908,C0014804,0.9999994039535522,0.8945802450180054,0.10541915893554688,pred_answer,50
6217d8f03a8413c653000021,Meta-Llama-3-8B-Instruct,bioasq,Protein sequencing.,False,3,0.9999999999999972,-0.3021566014736777,C0751971,0.9945760369300842,0.9945666790008545,9.357929229736328e-06,pred_answer,50
601db4ac1cb411341a000048,Meta-Llama-3-8B-Instruct,bioasq,LMNA,False,3,-8.00856625953729e-16,-0.1001523351296782,C1416877,0.9999992847442627,0.9999992847442627,0.0,pred_answer,50
6081b0b44e6a4cf630000009,Meta-Llama-3-8B-Instruct,bioasq,Familial dysautonomia,False,3,-8.00856625953729e-16,-0.502812224579543,C0013364,0.9999994039535522,0.963498055934906,0.03650134801864624,pred_answer,50
6049080c1cb411341a000164,Meta-Llama-3-8B-Instruct,bioasq,Respiratory epithelium.,True,3,0.405639062229565,-0.3153946235533453,C0225385,0.9917610287666321,0.9177830219268799,0.0739780068397522,pred_answer,50
62005c68c9dfcb9c09000017,Meta-Llama-3-8B-Instruct,bioasq,Gnomon,False,3,0.7499999999999978,-0.3815949375275522,C1210885,0.8785147666931152,0.8279722929000854,0.050542473793029785,pred_answer,50
623c8330f0baec9a1b000003,Meta-Llama-3-8B-Instruct,bioasq,Increased.,False,3,0.7499999999999978,-0.643234690030359,C0205217,0.9768301248550415,0.9768301248550415,0.0,pred_answer,50
626aa929e764a53204000039,Meta-Llama-3-8B-Instruct,bioasq,Decreased.,True,3,-8.00856625953729e-16,-0.113835995085509,C0442797,0.9806828498840332,0.9806828498840332,0.0,pred_answer,50
626aab13e764a5320400003b,Meta-Llama-3-8B-Instruct,bioasq,0.02%,False,3,0.7499999999999978,-0.5004437664523721,C0304247,0.759380042552948,0.7346423864364624,0.024737656116485596,pred_answer,50
6278ca4a56bf9aee6f00000c,Meta-Llama-3-8B-Instruct,bioasq,Luminalleaflet,False,3,0.9999999999999972,-0.7840127015369944,C0699493,0.7214852571487427,0.7214852571487427,0.0,pred_answer,50
6278dfe956bf9aee6f000016,Meta-Llama-3-8B-Instruct,bioasq,Respiratory failure.,False,3,0.7499999999999978,-0.0714477362171142,C1145670,0.9932356476783752,0.9418205618858337,0.051415085792541504,pred_answer,50
62211f453a8413c653000072,Meta-Llama-3-8B-Instruct,bioasq,Tau,False,3,-8.00856625953729e-16,-0.2439938113093376,C1446659,0.9999999403953552,0.9999999403953552,0.0,pred_answer,50
62190ca03a8413c653000035,Meta-Llama-3-8B-Instruct,bioasq,Autophagy.,False,3,0.405639062229565,-0.3295393250882285,C0004391,0.9898900389671326,0.9084266424179077,0.08146339654922485,pred_answer,50
620c28d03a8413c653000007,Meta-Llama-3-8B-Instruct,bioasq,Glioblastoma.,False,3,0.7499999999999978,-0.2760548661366734,C0017636,0.9873232841491699,0.9873232841491699,0.0,pred_answer,50
621b54f03a8413c65300003b,Meta-Llama-3-8B-Instruct,bioasq,Nucleus,False,3,-8.00856625953729e-16,-0.6280173547565937,C0007610,0.9999996423721313,0.9999996423721313,0.0,pred_answer,50
61f81857882a024a10000040,Meta-Llama-3-8B-Instruct,bioasq,Mitochondrial myopathy.,False,3,-8.00856625953729e-16,-0.3203497541170139,C0162670,0.9946116805076599,0.9367874264717102,0.05782425403594971,pred_answer,50
62190bac3a8413c653000034,Meta-Llama-3-8B-Instruct,bioasq,Sjögren's syndrome.,False,3,0.405639062229565,-0.2502206638391513,C1527336,0.9940940737724304,0.9812568426132202,0.012837231159210205,pred_answer,50
605fb19794d57fd879000038,Meta-Llama-3-8B-Instruct,bioasq,Molecular surface.,False,3,0.9999999999999972,-0.6878113098442213,C0205148,0.8092032670974731,0.7969914674758911,0.012211799621582031,pred_answer,50
621ec0313a8413c65300005e,Meta-Llama-3-8B-Instruct,bioasq,Amiodarone.,False,3,0.405639062229565,-0.2396381763115963,C0002598,0.9915565252304077,0.9915565252304077,0.0,pred_answer,50
6206b399c9dfcb9c09000039,Meta-Llama-3-8B-Instruct,bioasq,Myopathy,False,3,0.405639062229565,-0.4890108108520508,C0026848,0.9999996423721313,0.944800853729248,0.0551987886428833,pred_answer,50
6237a8343a8413c6530000b2,Meta-Llama-3-8B-Instruct,bioasq,EGF,False,3,0.405639062229565,-0.3705718964338302,C0242275,0.9999995231628418,0.9999995231628418,0.0,pred_answer,50
622d1ed13a8413c6530000a3,Meta-Llama-3-8B-Instruct,bioasq,Wnt3a.,False,3,0.405639062229565,-0.3538438236961667,C1423884,0.9764320850372314,0.9286484718322754,0.047783613204956055,pred_answer,50
6237a8a33a8413c6530000b3,Meta-Llama-3-8B-Instruct,bioasq,Epidermal growth factor receptor (EGFR),True,3,0.7499999999999978,-0.0690919628098072,C0034802,0.9999992847442627,0.9772146344184875,0.022784650325775146,pred_answer,50
623dfd2ef0baec9a1b000004,Meta-Llama-3-8B-Instruct,bioasq,Chaperone and calcium-binding protein.,False,3,0.7499999999999978,-0.1883334997109942,C1822659,0.8359510898590088,0.8359510898590088,0.0,pred_answer,50
6237ab873a8413c6530000b6,Meta-Llama-3-8B-Instruct,bioasq,Increases,True,3,0.4999999999999985,-0.46800072863698,C0442805,0.9999996423721313,0.9999996423721313,0.0,pred_answer,50
6202f600c9dfcb9c0900002b,Meta-Llama-3-8B-Instruct,bioasq,JASPAR 2022 is JASPAR 2022.,False,3,0.7499999999999978,-0.3848617351036713,C1555012,0.7096281051635742,0.6850384473800659,0.0245896577835083,pred_answer,50
622b9d593a8413c653000095,Meta-Llama-3-8B-Instruct,bioasq,Prostate,True,3,-8.00856625953729e-16,-0.0970025639859765,C0033572,0.9999995827674866,0.9999995827674866,0.0,pred_answer,50
622b9e743a8413c653000097,Meta-Llama-3-8B-Instruct,bioasq,Ankylosing Spondylitis,True,3,0.405639062229565,-0.0142058155487774,C0038013,0.9999998807907104,0.9999998807907104,0.0,pred_answer,50
64403ab057b1c7a31500004d,Meta-Llama-3-8B-Instruct,bioasq,4,False,3,0.9999999999999972,-0.7412189394235611,C0205450,0.8707701563835144,0.8429559469223022,0.027814209461212158,pred_answer,50
64403be357b1c7a31500004e,Meta-Llama-3-8B-Instruct,bioasq,12 months,False,3,-8.00856625953729e-16,-0.5107298692067465,C4745110,0.9999995827674866,0.9288915395736694,0.07110804319381714,pred_answer,50
64371a4257b1c7a315000029,Meta-Llama-3-8B-Instruct,bioasq,Operons.,True,3,-8.00856625953729e-16,-0.1076833470433342,C0029073,0.9871838092803955,0.9031180143356323,0.08406579494476318,pred_answer,50
6441057657b1c7a315000052,Meta-Llama-3-8B-Instruct,bioasq,FLACC scale,True,3,0.405639062229565,-0.5587638672441244,C5707605,0.999999463558197,0.8689549565315247,0.13104450702667236,pred_answer,50
6415b3b4690f196b51000009,Meta-Llama-3-8B-Instruct,bioasq,Yellow-green,True,3,0.7499999999999978,-0.4110096618533134,C5453158,0.9799225330352783,0.9747937917709351,0.005128741264343262,pred_answer,50
6429fad757b1c7a31500000e,Meta-Llama-3-8B-Instruct,bioasq,TATA box.,True,3,-8.00856625953729e-16,-0.1159491391968686,C0080206,0.9922945499420166,0.845053493976593,0.14724105596542358,pred_answer,50
6433050157b1c7a315000024,Meta-Llama-3-8B-Instruct,bioasq,Berinert.,False,3,-8.00856625953729e-16,-0.160831197653863,C2723788,0.9254375696182251,0.7602816224098206,0.16515594720840454,pred_answer,50
6426d131690f196b5100004e,Meta-Llama-3-8B-Instruct,bioasq,Liver,True,3,-8.00856625953729e-16,-0.283568661659956,C0023884,0.9999992847442627,0.9999992847442627,0.0,pred_answer,50
641790d6690f196b5100002d,Meta-Llama-3-8B-Instruct,bioasq,12-15 years,False,3,0.7499999999999978,-0.2641672521363943,C4725197,0.9161696434020996,0.8557535409927368,0.06041610240936279,pred_answer,50
6415c8f1690f196b51000017,Meta-Llama-3-8B-Instruct,bioasq,Breast cancer.,False,3,0.7499999999999978,-0.0914649784557923,C0006142,0.9882086515426636,0.9882026314735413,6.020069122314453e-06,pred_answer,50
6429ad3857b1c7a315000003,Meta-Llama-3-8B-Instruct,bioasq,Long non-coding RNA.,True,4,0.6554587535412837,-0.1740588082206337,C3494264,0.9934613704681396,0.9934613704681396,0.0,pred_answer,50
63f57d9b33942b094c000004,Meta-Llama-3-8B-Instruct,bioasq,Phenylalanine,False,3,-8.00856625953729e-16,-0.0674035102219932,C0031453,0.9999995231628418,0.9543062448501587,0.045693278312683105,pred_answer,50
6450ede757b1c7a315000090,Meta-Llama-3-8B-Instruct,bioasq,10-15 years,False,3,0.7499999999999978,-0.2229261635802686,C5959145,0.883918046951294,0.8595813512802124,0.024336695671081543,pred_answer,50
63f03d58f36125a42600001f,Meta-Llama-3-8B-Instruct,bioasq,Femoral neck fracture.,False,3,0.405639062229565,-0.1614729260826136,C0015806,0.9938890337944031,0.9190409183502197,0.07484811544418335,pred_answer,50
64468b0757b1c7a315000070,Meta-Llama-3-8B-Instruct,bioasq,Expansion of a GCG repeat in the PABPN1 gene.,False,3,0.405639062229565,-0.133126904858102,C5232181,0.9088411927223206,0.8707950115203857,0.038046181201934814,pred_answer,50
64468e0d57b1c7a315000071,Meta-Llama-3-8B-Instruct,bioasq,"1 in 50,000",False,3,-8.00856625953729e-16,-0.09392994456305,C5939060,0.755961000919342,0.7555642127990723,0.0003967881202697754,pred_answer,50
644298cc57b1c7a315000062,Meta-Llama-3-8B-Instruct,bioasq,A contraction of a repeat unit within the D4Z3 region of chromosome 4.,False,3,0.7499999999999978,-0.4704155897051781,C1414197,0.7701647877693176,0.7318406701087952,0.03832411766052246,pred_answer,50
6442933f57b1c7a315000060,Meta-Llama-3-8B-Instruct,bioasq,Contraction of a repetitive element.,False,3,0.405639062229565,-0.5843661689577289,C0542402,0.7088435292243958,0.7006732225418091,0.00817030668258667,pred_answer,50
6415c53e690f196b51000012,Meta-Llama-3-8B-Instruct,bioasq,October 2015,False,3,0.405639062229565,-0.0341655900301702,C3828732,0.8076469898223877,0.7758759260177612,0.031771063804626465,pred_answer,50
6415bc8d690f196b5100000f,Meta-Llama-3-8B-Instruct,bioasq,30%,False,3,0.9999999999999972,-1.0306545958543818,C3816446,0.7654098868370056,0.7558155059814453,0.009594380855560303,pred_answer,50
6414c4cf690f196b51000006,Meta-Llama-3-8B-Instruct,bioasq,"Dermatillomania is a psychiatric disorder characterized by repetitive skin picking, whereas skin picking disorder is a behavioral disorder characterized by repetitive skin picking without a primary",False,3,0.9999999999999972,-0.3660729342340401,C1696701,0.7779576778411865,0.727464497089386,0.05049318075180054,pred_answer,50
63f9cd0b33942b094c000010,Meta-Llama-3-8B-Instruct,bioasq,Alternative splicing of exons involved in amyotrophic lateral sclerosis (ALS) and frontotemporal dementia (FTD).,False,3,0.9999999999999972,-0.2771201158994632,C3888102,0.8015018701553345,0.7900001406669617,0.011501729488372803,pred_answer,50
65f77397c4010b4d78000025,Meta-Llama-3-8B-Instruct,bioasq,0.1%,False,3,0.7499999999999978,-0.6306426113005728,C0304272,0.8157510757446289,0.7796163558959961,0.03613471984863281,pred_answer,50
662cfc88187cba990d000008,Meta-Llama-3-8B-Instruct,bioasq,Aminoacylation of tRNA.,False,3,0.7499999999999978,-0.3151826700195607,C1327001,0.9739300012588501,0.9325107336044312,0.041419267654418945,pred_answer,50
66302487187cba990d000031,Meta-Llama-3-8B-Instruct,bioasq,Proximal Ulnar Neuropathy.,False,3,0.9999999999999972,-0.4049793085218363,C0154743,0.9484033584594727,0.8746455907821655,0.07375776767730713,pred_answer,50
66156200fdcbea915f00004d,Meta-Llama-3-8B-Instruct,bioasq,Multiple Sleep Latency Test (MSLT),False,3,0.7499999999999978,-0.1241902553009822,C0519186,0.9999995231628418,0.8658573627471924,0.13414216041564941,pred_answer,50
662cfd21187cba990d000009,Meta-Llama-3-8B-Instruct,bioasq,Wnt receptor,False,3,0.405639062229565,-0.6863904241472483,C1414886,0.9999986886978149,0.9721688032150269,0.027829885482788086,pred_answer,50
662fbec6187cba990d00000f,Meta-Llama-3-8B-Instruct,bioasq,Unresectable liver-dominant disease.,False,3,0.9999999999999972,-0.3202049251340885,C5236957,0.86474609375,0.851247251033783,0.013498842716217041,pred_answer,50
66300ee7187cba990d00001c,Meta-Llama-3-8B-Instruct,bioasq,Up to 50%,False,3,0.7499999999999978,-0.5223076964237711,C3842257,0.8169344663619995,0.8080053329467773,0.008929133415222168,pred_answer,50
660c0071fdcbea915f00002b,Meta-Llama-3-8B-Instruct,bioasq,Ixodes,True,3,0.4999999999999985,-0.0144582451418197,C0282511,0.9999997615814209,0.9234772324562073,0.07652252912521362,pred_answer,50
65f86b3ac4010b4d78000058,Meta-Llama-3-8B-Instruct,bioasq,30%,False,3,0.7499999999999978,-0.3672935782621304,C3816446,0.7654098868370056,0.7558155059814453,0.009594380855560303,pred_answer,50
65f7785dc4010b4d78000033,Meta-Llama-3-8B-Instruct,bioasq,FOLFOX6.,False,3,-8.00856625953729e-16,-0.2409958210191594,C4744360,0.9426931142807007,0.9213370084762573,0.02135610580444336,pred_answer,50
65f77a71c4010b4d7800003b,Meta-Llama-3-8B-Instruct,bioasq,Trastuzumab plus chemotherapy.,False,3,0.7499999999999978,-0.2927894091802916,C5206964,0.9090468883514404,0.8749845623970032,0.034062325954437256,pred_answer,50
660bb7f9fdcbea915f000029,Meta-Llama-3-8B-Instruct,bioasq,Betamethasone.,False,3,-8.00856625953729e-16,-0.0431171339811352,C0005308,0.9928890466690063,0.9105138778686523,0.082375168800354,pred_answer,50
660877c8fdcbea915f000008,Meta-Llama-3-8B-Instruct,bioasq,Mitochondria,True,3,0.7499999999999978,-0.0934062171727418,C0026237,0.9999995231628418,0.9314450621604919,0.06855446100234985,pred_answer,50
65cfd02e1930410b1300001c,Meta-Llama-3-8B-Instruct,bioasq,NMDA,False,3,0.7499999999999978,-0.6935501284897327,C0079883,0.999999463558197,0.9120187759399414,0.08798068761825562,pred_answer,50
66099a25fdcbea915f00001e,Meta-Llama-3-8B-Instruct,bioasq,Vemurafenib.,False,3,0.7499999999999978,-0.3809049707861537,C3192263,0.9861289858818054,0.8525199294090271,0.13360905647277832,pred_answer,50
66099a03fdcbea915f00001d,Meta-Llama-3-8B-Instruct,bioasq,50,False,3,-8.00856625953729e-16,-0.2217582595185376,C3816723,0.9246995449066162,0.8767141103744507,0.04798543453216553,pred_answer,50
65cfa8f81930410b13000010,Meta-Llama-3-8B-Instruct,bioasq,UBA1,False,3,0.7499999999999978,-0.4896889930096222,C1421268,0.9999996423721313,0.9999996423721313,0.0,pred_answer,50
65f7789dc4010b4d78000034,Meta-Llama-3-8B-Instruct,bioasq,Circulating tumor DNA (ctDNA) analysis.,False,3,-8.00856625953729e-16,-0.1629919517260181,C5906851,0.9168671369552612,0.9135822057723999,0.003284931182861328,pred_answer,50
661d4c2eeac11fad3300001a,Meta-Llama-3-8B-Instruct,bioasq,MECP2 mutation.,False,3,0.4999999999999985,-0.2393166055844489,C3251039,0.8517448306083679,0.8488160967826843,0.0029287338256835938,pred_answer,50
52bf19c503868f1b06000001,FLAN-T5-base,bioasq,inherited,False,3,0.4999999999999985,-1.412755310535431,C0439660,0.9999996423721313,0.8597860336303711,0.14021360874176025,pred_answer,50
530a5117970c65fa6b000007,FLAN-T5-base,bioasq,a shortened form of the acronym,False,3,0.9999999999999972,-1.7696689168612163,C2964478,0.743429958820343,0.7208709716796875,0.022558987140655518,pred_answer,50
54e0d1491388e8454a000014,FLAN-T5-base,bioasq,adenosine triphosphate,False,3,-8.00856625953729e-16,-0.7093343025073409,C0001480,0.9999997615814209,0.9618037343025208,0.038196027278900146,pred_answer,50
54ede8c594afd61504000009,FLAN-T5-base,bioasq,apoptosis,False,3,0.7499999999999978,-0.7774757493919294,C0162638,0.9999997615814209,0.9624423980712891,0.037557363510131836,pred_answer,50
550af222c2af5d5b7000000b,FLAN-T5-base,bioasq,adenosine triphosphate,False,3,0.7499999999999978,-0.7636541482061148,C0001480,0.9999997615814209,0.9618037343025208,0.038196027278900146,pred_answer,50
553653a5bc4f83e828000007,FLAN-T5-base,bioasq,a fusion cloning technique,False,3,0.9999999999999972,-1.3408182632178067,C1564866,0.8224557042121887,0.7682475447654724,0.05420815944671631,pred_answer,50
56c868a95795f9a73e000017,FLAN-T5-base,bioasq,a cellular amplification test,False,3,0.7499999999999978,-1.764156570037206,C5962318,0.7797388434410095,0.7383354306221008,0.04140341281890869,pred_answer,50
5343caffaeec6fbd07000002,FLAN-T5-base,bioasq,cytetrase,False,3,0.4999999999999985,-1.3956410222583346,C0617073,0.7901052236557007,0.763147234916687,0.026957988739013672,pred_answer,50
56a39d60496b62f23f000006,FLAN-T5-base,bioasq,rbi,False,3,0.7499999999999978,-1.7063581943511963,C0683434,0.9999993443489075,0.884630560874939,0.1153687834739685,pred_answer,50
56c1d857ef6e394741000033,FLAN-T5-base,bioasq,ribosome,False,3,0.7499999999999978,-1.1325891315937042,C0035553,0.9999995827674866,0.9209702014923096,0.079029381275177,pred_answer,50
56e857ae42442bac75000004,FLAN-T5-base,bioasq,a cytoplasmic membrane,False,3,0.405639062229565,-1.256225465796888,C0007603,0.9412835240364075,0.8363627195358276,0.10492080450057983,pred_answer,50
5509c52f1180f13250000004,FLAN-T5-base,bioasq,a symbiotic relationship,False,3,0.405639062229565,-1.389706896411048,C0039032,0.9513652324676514,0.940521240234375,0.010843992233276367,pred_answer,50
52fe52702059c6d71c000078,FLAN-T5-base,bioasq,in the cytoplasm,False,3,-8.00856625953729e-16,-1.3054785983016093,C0010834,0.9399752616882324,0.9360136985778809,0.0039615631103515625,pred_answer,50
5717d64f29809bbe7a000001,FLAN-T5-base,bioasq,a cytoplasmic membrane,False,3,-8.00856625953729e-16,-1.3334221662953496,C0007603,0.9412835240364075,0.8363627195358276,0.10492080450057983,pred_answer,50
5719f5b27de986d80d00000c,FLAN-T5-base,bioasq,a metabolite of a metabolite of a metabolite of a metabolite of a metabol,False,3,0.9999999999999972,-0.6137430676681106,C0870883,0.8204813003540039,0.7883769273757935,0.03210437297821045,pred_answer,50
532366f09b2d7acc7e000015,FLAN-T5-base,bioasq,nitric acid,False,3,0.7499999999999978,-1.0487236678600311,C0068808,0.999999463558197,0.999999463558197,0.0,pred_answer,50
55000cc4e9bde69634000004,FLAN-T5-base,bioasq,esophageal reflux disease,False,3,0.9999999999999972,-0.6902886720167266,C0017168,0.9999994039535522,0.9438369870185852,0.05616241693496704,pred_answer,50
54f9cb34dd3fc62544000002,FLAN-T5-base,bioasq,phospholamban,False,3,0.405639062229565,-0.8044176869249592,C1418650,0.9999996423721313,0.9999995827674866,5.960464477539063e-08,pred_answer,50
515df063298dcd4e51000029,FLAN-T5-base,bioasq,a pulmonary artery disease,False,3,0.405639062229565,-1.7726697474718094,C0428846,0.8158982396125793,0.8155003786087036,0.0003978610038757324,pred_answer,50
56b7083376d8bf8d13000001,FLAN-T5-base,bioasq,fungus,False,3,0.405639062229565,-1.095740631222725,C0016832,0.9999995231628418,0.9999995231628418,0.0,pred_answer,50
52f11b922059c6d71c000004,FLAN-T5-base,bioasq,a synapse,False,3,0.7499999999999978,-1.3055319590494037,C0039062,0.8934735059738159,0.8671538829803467,0.02631962299346924,pred_answer,50
56c077e9ef6e394741000021,FLAN-T5-base,bioasq,tyrosine kinase,False,3,0.4999999999999985,-0.8752758637748973,C0033681,0.9999989867210388,0.970576822757721,0.02942216396331787,pred_answer,50
571f609c0fd6f91b6800000c,FLAN-T5-base,bioasq,adenosine triphosphate,False,3,0.7499999999999978,-0.7497437396086752,C0001480,0.9999997615814209,0.9618037343025208,0.038196027278900146,pred_answer,50
55032e65e9bde69634000034,FLAN-T5-base,bioasq,a symbiotic relationship,False,3,-8.00856625953729e-16,-1.4417295124795702,C0039032,0.9513652324676514,0.940521240234375,0.010843992233276367,pred_answer,50
51651e24298dcd4e51000054,FLAN-T5-base,bioasq,four,False,3,0.405639062229565,-1.2145549356937408,C0205450,0.9999997019767761,0.9086417555809021,0.09135794639587402,pred_answer,50
5147c088d24251bc05000026,FLAN-T5-base,bioasq,pulmonary fibrosis,False,3,-8.00856625953729e-16,-0.8773314394056797,C0034069,0.999999463558197,0.9741842746734619,0.025815188884735107,pred_answer,50
517901bc8ed59a060a00003b,FLAN-T5-base,bioasq,adenosine triphosphate,False,4,0.590436283308407,-0.7372207766398787,C0001480,0.9999997615814209,0.9618037343025208,0.038196027278900146,pred_answer,50
532206819b2d7acc7e00000f,FLAN-T5-base,bioasq,aqueous chromatography,False,3,0.4999999999999985,-1.0425400707426888,C2074571,0.8234966993331909,0.7989300489425659,0.024566650390625,pred_answer,50
5324a8ac9b2d7acc7e000018,FLAN-T5-base,bioasq,tyrosine kinase,False,3,-8.00856625953729e-16,-0.3819258244455506,C0033681,0.9999989867210388,0.970576822757721,0.02942216396331787,pred_answer,50
530cf4e0c8a0b4a00c000002,FLAN-T5-base,bioasq,dilated cardiomyopathy,False,3,0.7499999999999978,-0.6658543277881108,C0007193,0.999999463558197,0.9698895215988159,0.030109941959381104,pred_answer,50
53442ca9aeec6fbd0700000b,FLAN-T5-base,bioasq,a cytoplasmic membrane,False,4,0.3109175070825699,-1.3336869683116674,C0007603,0.9412835240364075,0.8363627195358276,0.10492080450057983,pred_answer,50
52efbfccc8da898910000018,FLAN-T5-base,bioasq,adolescent,False,3,0.4999999999999985,-0.8295610933148835,C0205653,0.9999994039535522,0.9565666317939758,0.043432772159576416,pred_answer,50
53398855d6d3ac6a3400005b,FLAN-T5-base,bioasq,a hexavalent,False,3,0.7499999999999978,-1.54033812135458,C5392196,0.8304252624511719,0.8278542160987854,0.0025710463523864746,pred_answer,50
56f6d11c09dd18d46b00000f,FLAN-T5-base,bioasq,ribonucleic acid,False,3,-8.00856625953729e-16,-0.4399123847688315,C0035668,0.9999995231628418,0.9693528413772583,0.030646681785583496,pred_answer,50
550c4011a103b78016000009,FLAN-T5-base,bioasq,ribonucleic acid,False,3,0.9999999999999972,-0.5744295347431034,C0035668,0.9999995231628418,0.9693528413772583,0.030646681785583496,pred_answer,50
54ff5197e9bde69634000001,FLAN-T5-base,bioasq,1.6,False,3,0.7499999999999978,-2.319303274154663,C4517508,0.8819076418876648,0.8382596969604492,0.043647944927215576,pred_answer,50
55390901bc4f83e828000014,FLAN-T5-base,bioasq,apoptosis,False,3,0.9999999999999972,-1.184422937787271,C0162638,0.9999997615814209,0.9624423980712891,0.037557363510131836,pred_answer,50
56c341acfedd0b786b000001,FLAN-T5-base,bioasq,binds to the nucleus,False,3,0.405639062229565,-1.1581190444994718,C1817322,0.7986283898353577,0.7914266586303711,0.007201731204986572,pred_answer,50
52b2e1d8f828ad283c00000c,FLAN-T5-base,bioasq,a syringe,False,3,0.7499999999999978,-1.538346835412085,C0039142,0.9593263864517212,0.9593263864517212,0.0,pred_answer,50
55411d9f379ddf3f47000001,FLAN-T5-base,bioasq,a peptide sequence,False,3,-8.00856625953729e-16,-1.5435011386871338,C0388060,0.8707849383354187,0.8037970066070557,0.06698793172836304,pred_answer,50
54d907c84b1fd0d33c000008,FLAN-T5-base,bioasq,adenosine triphosphate,False,3,0.7499999999999978,-0.7350632155314087,C0001480,0.9999997615814209,0.9618037343025208,0.038196027278900146,pred_answer,50
54ff45966ad7dcbc12000010,FLAN-T5-base,bioasq,adenosine triphosphate,False,3,0.405639062229565,-0.6958899601362646,C0001480,0.9999997615814209,0.9618037343025208,0.038196027278900146,pred_answer,50
51405cd123fec90375000005,FLAN-T5-base,bioasq,adenosine triphosphate,False,3,0.7499999999999978,-0.6808954270556569,C0001480,0.9999997615814209,0.9618037343025208,0.038196027278900146,pred_answer,50
56c1f040ef6e394741000055,FLAN-T5-base,bioasq,adenosine triphosphate,False,3,0.4999999999999985,-0.9263221576809884,C0001480,0.9999997615814209,0.9618037343025208,0.038196027278900146,pred_answer,50
51588bb2d24251bc05000091,FLAN-T5-base,bioasq,acetaminophen,False,3,0.4999999999999985,-0.5697546847150079,C0000970,0.9999995231628418,0.9999995231628418,0.0,pred_answer,50
531d744c267d7dd053000009,FLAN-T5-base,bioasq,a cellular endocrine,False,3,0.9999999999999972,-1.9815036598593,C0229525,0.8757829666137695,0.8431490659713745,0.03263390064239502,pred_answer,50
55241f9e2c8b63434a000004,FLAN-T5-base,bioasq,a ribosome,False,3,0.405639062229565,-1.1503149622253008,C0035553,0.8914098143577576,0.8351547122001648,0.05625510215759277,pred_answer,50
52ee9f55c8da898910000009,FLAN-T5-base,bioasq,inherited,False,3,0.7499999999999978,-1.3439204096794128,C0439660,0.9999996423721313,0.8597860336303711,0.14021360874176025,pred_answer,50
56cdf5315795f9a73e000046,FLAN-T5-base,bioasq,ribosome,False,3,-8.00856625953729e-16,-1.104716356098652,C0035553,0.9999995827674866,0.9209702014923096,0.079029381275177,pred_answer,50
56f780cb09dd18d46b000011,FLAN-T5-base,bioasq,ribonucleic acid,False,3,0.7499999999999978,-0.5354584150663868,C0035668,0.9999995231628418,0.9693528413772583,0.030646681785583496,pred_answer,50
56ed0ffe2ac5ed1459000008,FLAN-T5-base,bioasq,a cutaneous myeloma,False,3,0.7499999999999978,-0.7979459993856092,C1275323,0.7868695855140686,0.7381893396377563,0.048680245876312256,pred_answer,50
5177def18ed59a060a000034,FLAN-T5-base,bioasq,apoptosis,False,3,-8.00856625953729e-16,-0.7657263771397993,C0162638,0.9999997615814209,0.9624423980712891,0.037557363510131836,pred_answer,50
5506ce078e1671127b00000b,FLAN-T5-base,bioasq,adenosine triphosphatase,False,3,0.405639062229565,-0.5435822664888595,C0001473,0.9999986290931702,0.9999986290931702,0.0,pred_answer,50
532f0bd6d6d3ac6a3400002d,FLAN-T5-base,bioasq,inherited,False,3,0.7499999999999978,-1.309108595053355,C0439660,0.9999996423721313,0.8597860336303711,0.14021360874176025,pred_answer,50
530cf22aa177c6630c000004,FLAN-T5-base,bioasq,RNA replication,False,3,0.9999999999999972,-1.2042692564427853,C1328949,0.9999996423721313,0.8751847743988037,0.12481486797332764,pred_answer,50
53130a77e3eabad02100000f,FLAN-T5-base,bioasq,adenosine triphosphate deficiency,False,3,0.7499999999999978,-0.6203735793886673,C0342779,0.817002534866333,0.8143320083618164,0.0026705265045166016,pred_answer,50
5343bdd6aeec6fbd07000001,FLAN-T5-base,bioasq,cytetin,False,3,0.4999999999999985,-1.5167002454400065,C0010715,0.8346388339996338,0.7783643007278442,0.05627453327178955,pred_answer,50
56ae57350a360a5e4500000a,FLAN-T5-base,bioasq,a synapse,False,3,0.405639062229565,-1.175677896477282,C0039062,0.8934735059738159,0.8671538829803467,0.02631962299346924,pred_answer,50
53357ca0d6d3ac6a3400004b,FLAN-T5-base,bioasq,ribosome,False,3,0.405639062229565,-1.1323964089155196,C0035553,0.9999995827674866,0.9209702014923096,0.079029381275177,pred_answer,50
56c1f039ef6e394741000052,FLAN-T5-base,bioasq,adenosine triphosphate,False,3,0.4999999999999985,-0.7851608084514737,C0001480,0.9999997615814209,0.9618037343025208,0.038196027278900146,pred_answer,50
532670e7d6d3ac6a34000008,FLAN-T5-base,bioasq,a decrease in the amount of thyroid hormone,False,3,0.7499999999999978,-1.1297502968460322,C1295664,0.9367764592170715,0.9183557033538818,0.018420755863189697,pred_answer,50
56cae60f5795f9a73e00002b,FLAN-T5-base,bioasq,a tyrosine kinase,False,3,0.7499999999999978,-0.946196939739261,C0033681,0.9256792068481445,0.8946650624275208,0.03101414442062378,pred_answer,50
513ce494bee46bd34c000009,FLAN-T5-base,bioasq,a syphilis,False,3,-8.00856625953729e-16,-1.45076272636652,C0039128,0.9414793252944946,0.9312004446983337,0.010278880596160889,pred_answer,50
55376f19bc4f83e82800000c,FLAN-T5-base,bioasq,adenocarcinoma,False,3,0.405639062229565,-0.6057628554942008,C0001418,0.9999995827674866,0.9999994039535522,1.7881393432617188e-07,pred_answer,50
514a51c2d24251bc0500005c,FLAN-T5-base,bioasq,ovarian cancer,False,3,0.405639062229565,-0.7656187057495117,C1140680,0.9999993443489075,0.963485598564148,0.03651374578475952,pred_answer,50
56b397a98525abca1e000003,FLAN-T5-base,bioasq,lipid storage,False,3,0.7499999999999978,-1.5086386501789093,C1159705,0.9999993443489075,0.8625602126121521,0.13743913173675537,pred_answer,50
56d138fe3975bb303a000015,FLAN-T5-base,bioasq,adenosine triphosphate,False,3,-8.00856625953729e-16,-0.6570757088717073,C0001480,0.9999997615814209,0.9618037343025208,0.038196027278900146,pred_answer,50
512d2fff5274a5fb07000006,FLAN-T5-base,bioasq,transcriptional initiation,True,3,0.405639062229565,-0.1907218966633081,C1158830,0.9790264368057251,0.961693525314331,0.017332911491394043,pred_answer,50
5326a85ad6d3ac6a3400000b,FLAN-T5-base,bioasq,a molecule of a molecule of a molecule of a molecule of a molecule of a molecule of a,False,3,0.9999999999999972,-0.6784666481544264,C0567416,0.6778711080551147,0.6771787405014038,0.0006923675537109375,pred_answer,50
51585b28d24251bc0500008d,FLAN-T5-base,bioasq,ribosome,False,3,0.405639062229565,-0.9576066061854362,C0035553,0.9999995827674866,0.9209702014923096,0.079029381275177,pred_answer,50
57138eb21174fb175500000a,FLAN-T5-base,bioasq,adenosine triphosphate,False,3,-8.00856625953729e-16,-0.7299216796644032,C0001480,0.9999997615814209,0.9618037343025208,0.038196027278900146,pred_answer,50
553656c4bc4f83e828000009,FLAN-T5-base,bioasq,a synapse,False,3,0.405639062229565,-1.25174730271101,C0039062,0.8934735059738159,0.8671538829803467,0.02631962299346924,pred_answer,50
56bdcc4cef6e394741000002,FLAN-T5-base,bioasq,X-ray,False,3,0.9999999999999972,-1.5531327247619628,C0043309,1.0,1.0,0.0,pred_answer,50
56c1f01aef6e394741000043,FLAN-T5-base,bioasq,a synapse,False,3,0.9999999999999972,-1.4440382681787014,C0039062,0.8934735059738159,0.8671538829803467,0.02631962299346924,pred_answer,50
52e8e93498d023950500001e,FLAN-T5-base,bioasq,inherited,False,3,0.4999999999999985,-1.412755310535431,C0439660,0.9999996423721313,0.8597860336303711,0.14021360874176025,pred_answer,50
51bdd9c2047fa84d1d000002,FLAN-T5-base,bioasq,adenosine triphosphate,False,3,0.405639062229565,-0.679949039965868,C0001480,0.9999997615814209,0.9618037343025208,0.038196027278900146,pred_answer,50
52f509512059c6d71c000020,FLAN-T5-base,bioasq,inherited,False,3,0.4999999999999985,-1.4739363590876262,C0439660,0.9999996423721313,0.8597860336303711,0.14021360874176025,pred_answer,50
56c83f365795f9a73e000011,FLAN-T5-base,bioasq,a ribosome,False,3,0.405639062229565,-1.4132543525525505,C0035553,0.8914098143577576,0.8351547122001648,0.05625510215759277,pred_answer,50
550f0e4c6a8cde6b72000003,FLAN-T5-base,bioasq,adenocarcinoma,False,3,-8.00856625953729e-16,-0.7185097130916094,C0001418,0.9999995827674866,0.9999994039535522,1.7881393432617188e-07,pred_answer,50
5319ac36b166e2b806000031,FLAN-T5-base,bioasq,gps,False,3,0.9999999999999972,-1.4503589630126954,C5206092,0.9999991655349731,0.9999991655349731,0.0,pred_answer,50
531d1998267d7dd053000001,FLAN-T5-base,bioasq,a worsening of the heart,False,3,0.7499999999999978,-1.070160448551178,C0854103,0.8970175981521606,0.8759042620658875,0.021113336086273193,pred_answer,50
54cb9c94f693c3b16b000005,FLAN-T5-base,bioasq,adenosine triphosphate,False,3,0.9999999999999972,-0.6959974389523268,C0001480,0.9999997615814209,0.9618037343025208,0.038196027278900146,pred_answer,50
56cdf3e55795f9a73e00003c,FLAN-T5-base,bioasq,ribosomes,False,3,-8.00856625953729e-16,-0.7517803311347961,C0035553,0.9999995827674866,0.8890632390975952,0.11093634366989136,pred_answer,50
56e2acfe51531f7e33000014,FLAN-T5-base,bioasq,asexual,False,3,0.7499999999999978,-1.4867364317178726,C4707386,0.9999994039535522,0.9999994039535522,0.0,pred_answer,50
534abe8aaeec6fbd07000013,FLAN-T5-base,bioasq,hsp90,False,3,-8.00856625953729e-16,-0.8580827775100867,C0243044,0.9999994039535522,0.9999994039535522,0.0,pred_answer,50
534e364e288f4dae47000001,FLAN-T5-base,bioasq,ten,False,3,-8.00856625953729e-16,-1.8855063021183012,C0205456,0.9999993443489075,0.9999993443489075,0.0,pred_answer,50
56a8b8b5a17756b72f000005,FLAN-T5-base,bioasq,apoptosis,False,3,0.7499999999999978,-0.9356011878366448,C0162638,0.9999997615814209,0.9624423980712891,0.037557363510131836,pred_answer,50
5313058de3eabad02100000e,FLAN-T5-base,bioasq,rectum,False,3,0.7499999999999978,-1.0198547560721636,C0034896,0.9999995231628418,0.9999995231628418,0.0,pred_answer,50
53189b05b166e2b80600001e,FLAN-T5-base,bioasq,gyrus,False,3,0.405639062229565,-1.1793508015573024,C0228178,0.9814823865890503,0.9733535647392273,0.008128821849822998,pred_answer,50
56ae70050a360a5e4500000f,FLAN-T5-base,bioasq,a cellular enzymatic reaction,False,3,0.405639062229565,-1.764111913740635,C1511131,0.8420839309692383,0.8319638967514038,0.010120034217834473,pred_answer,50
53261e79600967d132000003,FLAN-T5-base,bioasq,inflammatory markers are a marker of inflammation,False,3,-8.00856625953729e-16,-1.5177863597869874,C3805088,0.9308121204376221,0.892646312713623,0.03816580772399902,pred_answer,50
56f961b3cf1c325851000003,FLAN-T5-base,bioasq,white,False,3,0.405639062229565,-1.0889561027288437,C0043157,0.9999995231628418,0.9999995231628418,0.0,pred_answer,50
53372ba3d6d3ac6a34000058,FLAN-T5-base,bioasq,hexavalent,False,3,0.7499999999999978,-1.247284362713496,C5392196,0.8455345630645752,0.8205814361572266,0.024953126907348633,pred_answer,50
5319a708b166e2b806000024,FLAN-T5-base,bioasq,a sarcoma,False,3,0.9999999999999972,-1.4992008861154318,C1261473,0.9371135234832764,0.9371135234832764,0.0,pred_answer,50
52ece29f98d023950500002c,FLAN-T5-base,bioasq,hGH receptor,False,4,0.6554587535412838,-1.3976876705884933,C1415063,0.8595547676086426,0.8595547676086426,0.0,pred_answer,50
53175e9fb166e2b80600000a,FLAN-T5-base,bioasq,a metabolite,False,3,0.7499999999999978,-1.5380306036344595,C0870883,0.8792145848274231,0.7620251178741455,0.11718946695327759,pred_answer,50
56c1f009ef6e39474100003c,FLAN-T5-base,bioasq,hepatitis,False,3,0.405639062229565,-0.895447590075643,C0019159,0.9999998807907104,0.9999998807907104,0.0,pred_answer,50
54e0ace81388e8454a000010,FLAN-T5-base,bioasq,cytoplasmic,False,3,-8.00856625953729e-16,-0.0746626924292286,C0521449,0.9999995231628418,0.9999995231628418,0.0,pred_answer,50
56fcf1b8cf1c325851000005,FLAN-T5-base,bioasq,adenosine triphosphate,False,3,0.7499999999999978,-0.8808478798717261,C0001480,0.9999997615814209,0.9618037343025208,0.038196027278900146,pred_answer,50
56cafa845795f9a73e00002e,FLAN-T5-base,bioasq,Akt,False,3,0.7499999999999978,-1.62410964568456,C0812228,0.9999991655349731,0.9999991655349731,0.0,pred_answer,50
53262cdcd6d3ac6a34000003,FLAN-T5-base,bioasq,a steroid,False,3,0.405639062229565,-1.2736631607015927,C5782153,0.9527546167373657,0.9527546167373657,0.0,pred_answer,50
5344155faeec6fbd07000005,FLAN-T5-base,bioasq,mucopolysaccharidosis II,False,3,0.405639062229565,-0.3170080628687257,C0026705,0.9999992847442627,0.9730810523033142,0.026918232440948486,pred_answer,50
553ca8d8f32186855800000d,FLAN-T5-base,bioasq,apoptosis,False,3,0.7499999999999978,-0.9177327258512378,C0162638,0.9999997615814209,0.9624423980712891,0.037557363510131836,pred_answer,50
5139b31dbee46bd34c000004,FLAN-T5-base,bioasq,a synapse,False,3,0.9999999999999972,-1.2686990685760977,C0039062,0.8934735059738159,0.8671538829803467,0.02631962299346924,pred_answer,50
55192892622b194345000012,FLAN-T5-base,bioasq,-,False,3,0.7499999999999978,-1.6662069082260131,C5669961,0.8429251909255981,0.7167335748672485,0.1261916160583496,pred_answer,50
56cdf5195795f9a73e000045,FLAN-T5-base,bioasq,ribonucleic acid,False,3,0.405639062229565,-0.668463191371302,C0035668,0.9999995231628418,0.9693528413772583,0.030646681785583496,pred_answer,50
52bf19f703868f1b06000002,FLAN-T5-base,bioasq,asymmetric,False,3,0.7499999999999978,-1.526621297001839,C0332514,0.9999995231628418,0.8706629276275635,0.12933659553527832,pred_answer,50
54cf45e7f693c3b16b00000a,FLAN-T5-base,bioasq,calcioxazine,False,3,0.7499999999999978,-1.2349618667115767,C0034441,0.6786252856254578,0.6760584115982056,0.0025668740272521973,pred_answer,50
52f896d62059c6d71c000046,FLAN-T5-base,bioasq,a symphony,False,3,0.7499999999999978,-1.56007763898621,C4163197,0.8594925403594971,0.828883171081543,0.0306093692779541,pred_answer,50
52f899952059c6d71c00004b,FLAN-T5-base,bioasq,a chromosome,False,3,0.7499999999999978,-1.5232677639329009,C0008644,0.9120701551437378,0.8948548436164856,0.017215311527252197,pred_answer,50
56ae6e650a360a5e4500000e,FLAN-T5-base,bioasq,a chromosome,False,3,0.7499999999999978,-1.2925228543712624,C0008644,0.9120701551437378,0.8948548436164856,0.017215311527252197,pred_answer,50
5314bd7ddae131f847000006,FLAN-T5-base,bioasq,hg receptor,False,3,0.405639062229565,-1.4241841793060304,C0675110,0.7783576250076294,0.7696253061294556,0.008732318878173828,pred_answer,50
5339edd6d6d3ac6a34000061,FLAN-T5-base,bioasq,a symptom of a disease,False,3,0.7499999999999978,-1.526916159523858,C0517730,0.914928674697876,0.8955403566360474,0.019388318061828613,pred_answer,50
56b1f4300a360a5e4500001b,FLAN-T5-base,bioasq,adenine,False,3,0.405639062229565,-1.4865432620048522,C0001407,0.9999992251396179,0.9175172448158264,0.0824819803237915,pred_answer,50
5357b36cf1005d6b58000006,FLAN-T5-base,bioasq,a chromosome,False,3,0.7499999999999978,-1.4284852918769633,C0008644,0.9120701551437378,0.8948548436164856,0.017215311527252197,pred_answer,50
530f900ee3eabad021000003,FLAN-T5-base,bioasq,hGH and hGH,False,3,0.7499999999999978,-1.3416679799556732,C0169964,0.8965847492218018,0.8965847492218018,0.0,pred_answer,50
53551206a0726bee57000001,FLAN-T5-base,bioasq,toxicity,False,3,-8.00856625953729e-16,-1.0943952947854996,C0600688,0.9999993443489075,0.9999993443489075,0.0,pred_answer,50
56cae3eb5795f9a73e000021,FLAN-T5-base,bioasq,59 years old,False,3,0.7499999999999978,-1.3996234357357025,C4035748,0.8925820589065552,0.8837478160858154,0.008834242820739746,pred_answer,50
54e0d7471388e8454a000015,FLAN-T5-base,bioasq,ribonucleic acid,False,3,0.7499999999999978,-0.5875607467824011,C0035668,0.9999995231628418,0.9693528413772583,0.030646681785583496,pred_answer,50
532ff917d6d3ac6a34000038,FLAN-T5-base,bioasq,ribosome trimethylation,False,3,0.9999999999999972,-0.7867882100399584,C1623076,0.728892982006073,0.7192223072052002,0.009670674800872803,pred_answer,50
530cf4c54a5037880c000008,FLAN-T5-base,bioasq,tyrosine kinase inhibitor,False,3,0.4999999999999985,-0.5647568179144097,C1268567,0.9999991655349731,0.9999991655349731,0.0,pred_answer,50
54f2210164850a5854000001,FLAN-T5-base,bioasq,two,False,3,0.7499999999999978,-1.2190438471734524,C0205448,0.9999997019767761,0.9039211273193359,0.09607857465744019,pred_answer,50
54e0ba781388e8454a000011,FLAN-T5-base,bioasq,in the lungs,False,3,0.7499999999999978,-1.6655850470066071,C0024109,0.9066215753555298,0.884996235370636,0.0216253399848938,pred_answer,50
56f6c11109dd18d46b00000e,FLAN-T5-base,bioasq,cis-terminal peptide,False,3,0.9999999999999972,-1.37911060154438,C1707271,0.777193546295166,0.7581406235694885,0.01905292272567749,pred_answer,50
536e46f27d100faa09000012,FLAN-T5-base,bioasq,c-terminal ribosome,False,3,0.9999999999999972,-1.097774530574679,C2324911,0.7864115834236145,0.756824254989624,0.02958732843399048,pred_answer,50
531e2695267d7dd05300000f,FLAN-T5-base,bioasq,a chromosome,False,3,0.7499999999999978,-1.4692136719822884,C0008644,0.9120701551437378,0.8948548436164856,0.017215311527252197,pred_answer,50
515df199298dcd4e5100002a,FLAN-T5-base,bioasq,a steroid,False,3,0.405639062229565,-1.7163630227247877,C5782153,0.9527546167373657,0.9527546167373657,0.0,pred_answer,50
52eea4dcc8da89891000000c,FLAN-T5-base,bioasq,inherited,False,3,0.9999999999999972,-1.403812249501546,C0439660,0.9999996423721313,0.8597860336303711,0.14021360874176025,pred_answer,50
56df03c751531f7e3300000a,FLAN-T5-base,bioasq,adenosine residue,False,3,0.9999999999999972,-1.2091840684879571,C0001443,0.9580352306365967,0.8924514651298523,0.06558376550674438,pred_answer,50
56c8274f5795f9a73e00000d,FLAN-T5-base,bioasq,adenocarcinoma,False,3,0.7499999999999978,-0.8305517675277466,C0001418,0.9999995827674866,0.9999994039535522,1.7881393432617188e-07,pred_answer,50
53124bdae3eabad02100000b,FLAN-T5-base,bioasq,a cytoplasmic molecule,False,3,0.7499999999999978,-1.4621228766110208,C1333198,0.8099950551986694,0.7817155122756958,0.028279542922973633,pred_answer,50
53318685d6d3ac6a3400003d,FLAN-T5-base,bioasq,inherited,False,3,0.7499999999999978,-1.487114389737447,C0439660,0.9999996423721313,0.8597860336303711,0.14021360874176025,pred_answer,50
56c865d25795f9a73e000016,FLAN-T5-base,bioasq,adenine triphosphate,False,3,0.7499999999999978,-0.9480012613348664,C0001480,0.9382880330085754,0.922886848449707,0.015401184558868408,pred_answer,50
533ba85ffd9a95ea0d000008,FLAN-T5-base,bioasq,a few hundred,False,3,0.4999999999999985,-1.8772770643234251,C1883310,0.871041476726532,0.8461737632751465,0.024867713451385498,pred_answer,50
58a2e5f760087bc10a000007,FLAN-T5-base,bioasq,ribosome,False,3,0.7499999999999978,-1.1215698085725307,C0035553,0.9999995827674866,0.9209702014923096,0.079029381275177,pred_answer,50
58a2df9c60087bc10a000006,FLAN-T5-base,bioasq,a tenfold increase,False,3,0.405639062229565,-1.7718144399779183,C4035631,0.7021780610084534,0.6754514575004578,0.026726603507995605,pred_answer,50
58a2ced760087bc10a000004,FLAN-T5-base,bioasq,chromosome 11,False,3,0.9999999999999972,-1.1011270466260612,C0008653,0.9999995827674866,0.9819102883338928,0.01808929443359375,pred_answer,50
58a9c152396a458e50000001,FLAN-T5-base,bioasq,adenocarcinoma,False,3,0.405639062229565,-0.7929627601665238,C0001418,0.9999995827674866,0.9999994039535522,1.7881393432617188e-07,pred_answer,50
58a5b1fe60087bc10a000024,FLAN-T5-base,bioasq,a metabolite,False,3,0.7499999999999978,-1.3913286948310477,C0870883,0.8792145848274231,0.7620251178741455,0.11718946695327759,pred_answer,50
58bc5e2202b8c60953000002,FLAN-T5-base,bioasq,AIDS,False,3,0.405639062229565,-1.5850310306996107,C0001175,0.9999995827674866,0.9653825759887695,0.03461700677871704,pred_answer,50
58b6bd2622d300530900000c,FLAN-T5-base,bioasq,adenosine triphosphate,False,3,-8.00856625953729e-16,-0.6420751536265016,C0001480,0.9999997615814209,0.9618037343025208,0.038196027278900146,pred_answer,50
589480b47d9090f353000007,FLAN-T5-base,bioasq,a cd,False,3,0.9999999999999972,-2.3778539896011357,C0092801,0.8022364377975464,0.8022364377975464,0.0,pred_answer,50
5891b125621ea6ff7e00000e,FLAN-T5-base,bioasq,adenocarcinoma,False,3,0.7499999999999978,-0.7867144829829663,C0001418,0.9999995827674866,0.9999994039535522,1.7881393432617188e-07,pred_answer,50
58a2c77a60087bc10a000002,FLAN-T5-base,bioasq,a neuroprotective factor,False,3,0.7499999999999978,-1.5449524436678206,C0815024,0.9411945343017578,0.8366115689277649,0.10458296537399292,pred_answer,50
589185cc621ea6ff7e00000b,FLAN-T5-base,bioasq,adenocarcinoma,False,3,0.405639062229565,-0.7697884372901171,C0001418,0.9999995827674866,0.9999994039535522,1.7881393432617188e-07,pred_answer,50
5887fe7d3b87a8a738000008,FLAN-T5-base,bioasq,immune system,False,3,-8.00856625953729e-16,-1.754460056622823,C0020962,0.9999998211860657,0.9999998211860657,0.0,pred_answer,50
58cc5bae02b8c60953000037,FLAN-T5-base,bioasq,averaging a .5 % increase in the last decade,False,3,0.9999999999999972,-1.929929844207234,C5959151,0.6918308734893799,0.6900906562805176,0.0017402172088623047,pred_answer,50
58caf0be02b8c6095300002f,FLAN-T5-base,bioasq,fungus,False,3,-8.00856625953729e-16,-0.8171141892671585,C0016832,0.9999995231628418,0.9999995231628418,0.0,pred_answer,50
58bca2f302b8c6095300000c,FLAN-T5-base,bioasq,chromosome 66,False,3,0.4999999999999985,-1.1790820849793298,C0008669,0.8211841583251953,0.802141010761261,0.019043147563934326,pred_answer,50
58bac71222d3005309000013,FLAN-T5-base,bioasq,a chromosome mutation,False,3,0.405639062229565,-1.339339479804039,C0598172,0.8929770588874817,0.8438970446586609,0.0490800142288208,pred_answer,50
58cdb41302b8c60953000042,FLAN-T5-base,bioasq,adenocarcinoma,False,3,0.405639062229565,-0.8306039241967179,C0001418,0.9999995827674866,0.9999994039535522,1.7881393432617188e-07,pred_answer,50
587f7a69d8d850a152000001,FLAN-T5-base,bioasq,sys.stdin,False,3,0.405639062229565,-0.6295859459140856,C5453922,0.759567141532898,0.7566807866096497,0.002886354923248291,pred_answer,50
5895f7e978275d0c4a000001,FLAN-T5-base,bioasq,apricot,False,3,-8.00856625953729e-16,-1.0143077733460817,C3488990,0.9999995827674866,0.9999995827674866,0.0,pred_answer,50
58cd90c202b8c60953000040,FLAN-T5-base,bioasq,a chemotherapeutic agent,False,3,0.405639062229565,-1.175521372869197,C0729502,0.9791020154953003,0.938599705696106,0.040502309799194336,pred_answer,50
58cf5c5a8acda34529000003,FLAN-T5-base,bioasq,ribosome,False,3,0.405639062229565,-0.9326401889324188,C0035553,0.9999995827674866,0.9209702014923096,0.079029381275177,pred_answer,50
58da111c8acda34529000010,FLAN-T5-base,bioasq,a syphilis infection,False,3,0.7499999999999978,-1.3510256227519777,C0749211,0.959385097026825,0.940403938293457,0.01898115873336792,pred_answer,50
58af1cb3717cd3f655000003,FLAN-T5-base,bioasq,a synapse,False,3,-8.00856625953729e-16,-1.5054482892155647,C0039062,0.8934735059738159,0.8671538829803467,0.02631962299346924,pred_answer,50
58dd0dde8acda34529000027,FLAN-T5-base,bioasq,a spleen,False,3,-8.00856625953729e-16,-1.3617077440555607,C0266631,0.8947091102600098,0.8906200528144836,0.004089057445526123,pred_answer,50
58853922e56acf5176000016,FLAN-T5-base,bioasq,hepatitis,False,3,-8.00856625953729e-16,-0.8123943187908557,C0019159,0.9999998807907104,0.9999998807907104,0.0,pred_answer,50
58853667e56acf5176000015,FLAN-T5-base,bioasq,apoptosis,False,3,0.7499999999999978,-0.9545098491279144,C0162638,0.9999997615814209,0.9624423980712891,0.037557363510131836,pred_answer,50
5889eb503b87a8a73800000b,FLAN-T5-base,bioasq,aplastic encephalopathy,False,3,0.7499999999999978,-1.2278784969821572,C3277359,0.7306479215621948,0.7236135005950928,0.007034420967102051,pred_answer,50
58de18e48acda3452900002a,FLAN-T5-base,bioasq,a ribonucleic acid receptor,False,3,0.7499999999999978,-0.995121705769138,C0807777,0.7625036239624023,0.7297194004058838,0.032784223556518555,pred_answer,50
58d906b28acda3452900000d,FLAN-T5-base,bioasq,a synapse,False,3,0.4999999999999985,-1.3489011954516172,C0039062,0.8934735059738159,0.8671538829803467,0.02631962299346924,pred_answer,50
58e79e703e8b6dc87c00000a,FLAN-T5-base,bioasq,80%,False,3,-8.00856625953729e-16,-1.5570128361384077,C5962958,0.8053708672523499,0.7913459539413452,0.014024913311004639,pred_answer,50
5880c42fc872c95565000008,FLAN-T5-base,bioasq,adenocarcinoma,False,3,0.7499999999999978,-0.8026466873982119,C0001418,0.9999995827674866,0.9999994039535522,1.7881393432617188e-07,pred_answer,50
58f4b1a170f9fc6f0f000010,FLAN-T5-base,bioasq,Agaricus Bisporus,False,3,0.405639062229565,-0.1096323565980128,C0997580,0.9999995231628418,0.9999995231628418,0.0,pred_answer,50
589317e849702f2e01000005,FLAN-T5-base,bioasq,a sys,False,3,0.4999999999999985,-1.6276398301124573,C5575066,0.8559631705284119,0.8559631705284119,0.0,pred_answer,50
58eb4ce7eda5a57672000004,FLAN-T5-base,bioasq,cellular respiration,False,3,0.405639062229565,-0.9454023963888176,C0282636,0.999999463558197,0.8717343807220459,0.12826508283615112,pred_answer,50
58f3c4b970f9fc6f0f00000a,FLAN-T5-base,bioasq,RNA,False,3,-8.00856625953729e-16,-0.9502778748671212,C0035668,0.9999997615814209,0.9757001399993896,0.02429962158203125,pred_answer,50
58c27b7102b8c60953000021,FLAN-T5-base,bioasq,a cellular membrane,False,3,0.7499999999999978,-2.2366288900375366,C0007603,0.9512201547622681,0.9512201547622681,0.0,pred_answer,50
58f4b9d470f9fc6f0f000016,FLAN-T5-base,bioasq,a fungus,False,3,0.7499999999999978,-1.1507109018663566,C0016832,0.9589766263961792,0.9589766263961792,0.0,pred_answer,50
5895f18ce370baff39000001,FLAN-T5-base,bioasq,RNA sequencing,False,3,-8.00856625953729e-16,-1.2105219177901745,C0162327,0.9999995231628418,0.9999995231628418,0.0,pred_answer,50
589635dd78275d0c4a000009,FLAN-T5-base,bioasq,a recurrent variant detection tool,False,3,0.4999999999999985,-1.2163507209883797,C5557356,0.7493699789047241,0.6979684829711914,0.051401495933532715,pred_answer,50
5a7d51dafaa1ab7d2e000017,FLAN-T5-base,bioasq,a steroid injection,False,3,0.7499999999999978,-1.5113751632826669,C1261311,0.9535239934921265,0.9189449548721313,0.03457903861999512,pred_answer,50
5a43a139966455904c000008,FLAN-T5-base,bioasq,atomic mass,False,3,0.7499999999999978,-1.7426745258271694,C0678550,0.9999993443489075,0.8859281539916992,0.11407119035720825,pred_answer,50
58edf567eda5a57672000011,FLAN-T5-base,bioasq,four,False,3,0.7499999999999978,-1.4145434126257896,C0205450,0.9999997019767761,0.9086417555809021,0.09135794639587402,pred_answer,50
5a67b2f7b750ff445500000f,FLAN-T5-base,bioasq,atypical,False,3,0.405639062229565,-1.7355439960956571,C0205182,0.9999992251396179,0.9999992251396179,0.0,pred_answer,50
593ff22b70f9fc6f0f000023,FLAN-T5-base,bioasq,ten,False,3,0.7499999999999978,-2.0258414099613824,C0205456,0.9999993443489075,0.9999993443489075,0.0,pred_answer,50
5a8941c5bc7bade53a000002,FLAN-T5-base,bioasq,c-terminal,False,3,0.7499999999999978,-1.105292407174905,C1707271,0.9999995231628418,0.8291192054748535,0.17088031768798828,pred_answer,50
5a7d6287faa1ab7d2e00001c,FLAN-T5-base,bioasq,adenosine triphosphate receptor,False,3,0.7499999999999978,-0.6636119517921046,C0004204,0.8828431367874146,0.8612178564071655,0.021625280380249023,pred_answer,50
5a87d73861bb38fb2400000b,FLAN-T5-base,bioasq,a bacterial ribotype,False,3,0.7499999999999978,-1.0997135697139635,C0887835,0.7809058427810669,0.7253466248512268,0.05555921792984009,pred_answer,50
5a7610af83b0d9ea6600001a,FLAN-T5-base,bioasq,adenosine triphosphate,False,3,0.405639062229565,-0.6973904096521437,C0001480,0.9999997615814209,0.9618037343025208,0.038196027278900146,pred_answer,50
5a6e472ab750ff4455000048,FLAN-T5-base,bioasq,a cellular endocrine system,False,3,0.7499999999999978,-1.843310121446848,C0014136,0.902005672454834,0.8457396030426025,0.056266069412231445,pred_answer,50
5a735b383b9d13c708000002,FLAN-T5-base,bioasq,RNAi,False,3,0.405639062229565,-1.3187468983232975,C1136031,0.9999996423721313,0.9300481081008911,0.06995153427124023,pred_answer,50
5a68f448b750ff4455000018,FLAN-T5-base,bioasq,bacterial septicemia,False,3,0.9999999999999972,-1.2779305854013987,C0684256,0.9999995231628418,0.9278587102890015,0.07214081287384033,pred_answer,50
5a895f51fcd1d6a10c000004,FLAN-T5-base,bioasq,lateral,False,3,0.405639062229565,-1.3787338932355244,C0205093,0.9999994039535522,0.9156264662742615,0.08437293767929077,pred_answer,50
5a6a02a3b750ff4455000021,FLAN-T5-base,bioasq,urea,False,3,0.7499999999999978,-1.3204501271247864,C0041942,0.9999995231628418,0.9999995231628418,0.0,pred_answer,50
5a74a8a70384be9551000005,FLAN-T5-base,bioasq,adenosine triphosphate,False,3,0.405639062229565,-0.8431401280686259,C0001480,0.9999997615814209,0.9618037343025208,0.038196027278900146,pred_answer,50
5a6a3464b750ff4455000026,FLAN-T5-base,bioasq,a reversible algorithm,False,3,0.405639062229565,-1.658433921635151,C0205343,0.7478573322296143,0.7379641532897949,0.009893178939819336,pred_answer,50
5a6d08d5b750ff445500002c,FLAN-T5-base,bioasq,adenine triphosphate,False,3,0.7499999999999978,-0.9827413614839317,C0001480,0.9382880330085754,0.922886848449707,0.015401184558868408,pred_answer,50
5a6fa31ab750ff445500005e,FLAN-T5-base,bioasq,a spliced RNA clone,False,3,0.9999999999999972,-1.3936675254787718,C0600447,0.789813220500946,0.7702635526657104,0.019549667835235596,pred_answer,50
5a6d196db750ff4455000032,FLAN-T5-base,bioasq,a tetratron,False,3,0.405639062229565,-1.3920848965644836,C3436944,0.7638559341430664,0.7505147457122803,0.013341188430786133,pred_answer,50
5a68f005b750ff4455000016,FLAN-T5-base,bioasq,adolescence,False,3,0.405639062229565,-1.1479601268656552,C0001578,0.9999996423721313,0.956570029258728,0.04342961311340332,pred_answer,50
5a6900ebb750ff445500001d,FLAN-T5-base,bioasq,adenocarcinoma,False,3,0.4999999999999985,-0.7753513227984917,C0001418,0.9999995827674866,0.9999994039535522,1.7881393432617188e-07,pred_answer,50
5a6e2578b750ff445500003d,FLAN-T5-base,bioasq,Bioconductor,False,3,0.7499999999999978,-0.5549892674898729,C1879664,0.6935778260231018,0.6914212703704834,0.002156555652618408,pred_answer,50
5a8712af61bb38fb24000002,FLAN-T5-base,bioasq,depression,False,3,0.7499999999999978,-1.5366181135177612,C0011581,0.9999996423721313,0.9999996423721313,0.0,pred_answer,50
5a9e2386de7cb99d40000004,FLAN-T5-base,bioasq,a drug for a syphilis drug,False,3,0.405639062229565,-1.6457935720682144,C0749220,0.7881531715393066,0.7524057626724243,0.035747408866882324,pred_answer,50
5a761ac3aacfb9cd4c000002,FLAN-T5-base,bioasq,a synapse,False,3,-8.00856625953729e-16,-1.5425371713936329,C0039062,0.8934735059738159,0.8671538829803467,0.02631962299346924,pred_answer,50
5a67c497b750ff4455000012,FLAN-T5-base,bioasq,a chromosome sequencing,False,3,0.7499999999999978,-1.4545965109718964,C4687473,0.7719390392303467,0.7717955112457275,0.00014352798461914062,pred_answer,50
5a774fdcfaa1ab7d2e000008,FLAN-T5-base,bioasq,ribonucleic acid,False,3,0.4999999999999985,-0.6640113904368263,C0035668,0.9999995231628418,0.9693528413772583,0.030646681785583496,pred_answer,50
5aa6c800d6d6b54f79000012,FLAN-T5-base,bioasq,a chemical reaction,False,3,0.7499999999999978,-1.149691078066826,C0596319,0.9822431206703186,0.9011138081550598,0.08112931251525879,pred_answer,50
5a9d8d691d1251d03b000020,FLAN-T5-base,bioasq,a neuroprotective effect,False,3,0.7499999999999978,-1.3387902421610696,C0815279,0.9880204796791077,0.9107930064201355,0.07722747325897217,pred_answer,50
5aa50086d6d6b54f7900000c,FLAN-T5-base,bioasq,to regulate the metabolism of food,False,3,0.7499999999999978,-1.8316139238221305,C0086311,0.8109197616577148,0.7920159101486206,0.01890385150909424,pred_answer,50
5a7639419e632bc066000005,FLAN-T5-base,bioasq,a cellular localization model,False,3,0.9999999999999972,-1.8719785083085296,C1660642,0.7817713022232056,0.7662078142166138,0.015563488006591797,pred_answer,50
5a7373f63b9d13c708000008,FLAN-T5-base,bioasq,AIDS,False,3,-8.00856625953729e-16,-1.4675388671457767,C0001175,0.9999995827674866,0.9653825759887695,0.03461700677871704,pred_answer,50
5a95765bfcd1d6a10c000028,FLAN-T5-base,bioasq,ovaries,False,3,-8.00856625953729e-16,-0.8959044977091253,C0227898,0.9999996423721313,0.9999996423721313,0.0,pred_answer,50
5aa3fb7ad6d6b54f79000009,FLAN-T5-base,bioasq,acetaminophen,False,3,-8.00856625953729e-16,-0.5269533927275916,C0000970,0.9999995231628418,0.9999995231628418,0.0,pred_answer,50
5abd5a62fcf4565872000031,FLAN-T5-base,bioasq,a bacterium,False,3,0.4999999999999985,-1.348703197358797,C0004611,0.9500464200973511,0.8725780248641968,0.0774683952331543,pred_answer,50
5abd2ce0fcf456587200002a,FLAN-T5-base,bioasq,adenocarcinoma and adenocarcinoma,False,3,0.405639062229565,-0.5904791954219237,C1535510,0.9034229516983032,0.8774121999740601,0.026010751724243164,pred_answer,50
5ac08fe7d0c506ce46000003,FLAN-T5-base,bioasq,a genus of chromosomes,False,3,0.9999999999999972,-1.0350047340810609,C0008633,0.932594358921051,0.9119922518730164,0.020602107048034668,pred_answer,50
5ab90a79fcf456587200001b,FLAN-T5-base,bioasq,a steroid,False,3,0.7499999999999978,-1.3768355903836589,C5782153,0.9527546167373657,0.9527546167373657,0.0,pred_answer,50
5ad4dd93133db5eb78000008,FLAN-T5-base,bioasq,a sphincter,False,3,0.405639062229565,-1.251684891874902,C1409894,0.9432203769683838,0.9088424444198608,0.03437793254852295,pred_answer,50
5c34ad63da8336e21a000007,FLAN-T5-base,bioasq,a spliced spliced spliced spliced spliced spliced,False,3,0.9999999999999972,-0.6311248115089256,C0600446,0.7400646209716797,0.7324523329734802,0.007612287998199463,pred_answer,50
5c58474786df2b9174000001,FLAN-T5-base,bioasq,a truncated RNA sequence,False,3,0.9999999999999972,-1.7644025436179205,C1519595,0.7472538948059082,0.731981635093689,0.015272259712219238,pred_answer,50
5c34ac49da8336e21a000006,FLAN-T5-base,bioasq,a reversal of the disease,False,3,0.405639062229565,-1.572570425271988,C4086829,0.8510702848434448,0.8134984970092773,0.03757178783416748,pred_answer,50
5c011057133db5eb78000025,FLAN-T5-base,bioasq,Phase III,True,3,0.9999999999999972,-1.4795187711715698,C0439561,0.950400173664093,0.9274278879165649,0.022972285747528076,pred_answer,50
5c5f2c0c1a4c55d80b000021,FLAN-T5-base,bioasq,a bacterial infection,False,3,0.405639062229565,-1.0893766954541206,C0004623,0.9707791209220886,0.861236572265625,0.10954254865646362,pred_answer,50
5c5f3a1f1a4c55d80b000028,FLAN-T5-base,bioasq,a metabolite,False,3,0.7499999999999978,-1.47161559574306,C0870883,0.8792145848274231,0.7620251178741455,0.11718946695327759,pred_answer,50
5c6be8f07c78d69471000032,FLAN-T5-base,bioasq,Molecular Biodiversity Database,False,3,0.7499999999999978,-1.0261739824309188,C3494277,0.8801898956298828,0.7942367792129517,0.08595311641693115,pred_answer,50
5c783d32d774d04240000004,FLAN-T5-base,bioasq,autoimmune disease,False,3,-8.00856625953729e-16,-0.9541411651298404,C0004364,0.9999992251396179,0.9413594007492065,0.05863982439041138,pred_answer,50
5c646fd3e842deac6700001a,FLAN-T5-base,bioasq,adenocarcinoma,False,3,0.405639062229565,-0.7329427878527591,C0001418,0.9999995827674866,0.9999994039535522,1.7881393432617188e-07,pred_answer,50
5c5249077e3cb0e23100000b,FLAN-T5-base,bioasq,a synapse,False,3,0.7499999999999978,-1.6805780529975891,C0039062,0.8934735059738159,0.8671538829803467,0.02631962299346924,pred_answer,50
5c65897a7c78d69471000006,FLAN-T5-base,bioasq,adenosine triphosphate,False,3,0.405639062229565,-0.9191259300336242,C0001480,0.9999997615814209,0.9618037343025208,0.038196027278900146,pred_answer,50
5c78080e7c78d694710000ae,FLAN-T5-base,bioasq,a mutation in the gene,False,3,0.405639062229565,-1.229569239275796,C1510697,0.8155598044395447,0.7612391710281372,0.05432063341140747,pred_answer,50
5c531d8f7e3cb0e231000017,FLAN-T5-base,bioasq,a bacterial infection,False,3,-8.00856625953729e-16,-1.2457668458422024,C0004623,0.9707791209220886,0.861236572265625,0.10954254865646362,pred_answer,50
5c51fe8907ef653866000007,FLAN-T5-base,bioasq,a small percentage,False,3,0.4999999999999985,-1.6868970334529876,C3869892,0.8021788597106934,0.7863852381706238,0.01579362154006958,pred_answer,50
5c0117fd133db5eb7800002a,FLAN-T5-base,bioasq,1890,False,3,0.7499999999999978,-2.2475272553662458,C0681747,0.9139625430107117,0.796754777431488,0.11720776557922363,pred_answer,50
5c72ade07c78d69471000070,FLAN-T5-base,bioasq,ribosome,False,3,0.405639062229565,-1.1507817924022674,C0035553,0.9999995827674866,0.9209702014923096,0.079029381275177,pred_answer,50
5c571dd307647bbc4b000016,FLAN-T5-base,bioasq,a bacterium,False,3,0.405639062229565,-1.1918547479435802,C0004611,0.9500464200973511,0.8725780248641968,0.0774683952331543,pred_answer,50
5c89623bf9c2ba6b28000005,FLAN-T5-base,bioasq,melanoma,False,3,0.405639062229565,-0.5401987825413622,C0025202,0.9999996423721313,0.9999996423721313,0.0,pred_answer,50
5c8cdfe50101eac870000004,FLAN-T5-base,bioasq,adenosine triphosphate,False,3,0.7499999999999978,-0.7312111952342093,C0001480,0.9999997615814209,0.9618037343025208,0.038196027278900146,pred_answer,50
5c84346b75a4a5d219000001,FLAN-T5-base,bioasq,a fungus,False,3,0.7499999999999978,-1.166850206752618,C0016832,0.9589766263961792,0.9589766263961792,0.0,pred_answer,50
5c73acef7c78d69471000088,FLAN-T5-base,bioasq,adenosine triphosphate,False,3,0.405639062229565,-0.7097125078551472,C0001480,0.9999997615814209,0.9618037343025208,0.038196027278900146,pred_answer,50
5c85234775a4a5d219000007,FLAN-T5-base,bioasq,cyclosporin,False,3,0.405639062229565,-0.9062649856011072,C0010592,0.9999994039535522,0.9648091197013855,0.03519028425216675,pred_answer,50
5c92871decadf2e73f000016,FLAN-T5-base,bioasq,a tetraviral,False,3,0.9999999999999972,-1.7332442336612277,C0599373,0.8366439342498779,0.7587880492210388,0.07785588502883911,pred_answer,50
5c6acb107c78d6947100001f,FLAN-T5-base,bioasq,a microscope,False,3,0.405639062229565,-1.052099335938692,C0181839,0.9557602405548096,0.9155234098434448,0.040236830711364746,pred_answer,50
5c6ad2997c78d69471000020,FLAN-T5-base,bioasq,adap,False,3,0.7499999999999978,-2.333700160185496,C1414885,0.9999991655349731,0.9999991655349731,0.0,pred_answer,50
5c8fef490101eac870000010,FLAN-T5-base,bioasq,a cytoplasmic ligand,False,3,0.9999999999999972,-1.4204770307784202,C0023688,0.7926332950592041,0.7926223874092102,1.0907649993896484e-05,pred_answer,50
5c8fe1f10101eac87000000a,FLAN-T5-base,bioasq,apoptosis,False,3,0.7499999999999978,-1.0957003514881112,C0162638,0.9999997615814209,0.9624423980712891,0.037557363510131836,pred_answer,50
5c89623bf9c2ba6b28000004,FLAN-T5-base,bioasq,a mutated cfl2 gene,False,3,0.7499999999999978,-1.2229911531321704,C5781119,0.8189636468887329,0.8038166761398315,0.015146970748901367,pred_answer,50
5caa0247ecadf2e73f000055,FLAN-T5-base,bioasq,trachea,False,3,-8.00856625953729e-16,-1.05232529938221,C0040578,0.9999996423721313,0.9999995231628418,1.1920928955078125e-07,pred_answer,50
5cb39707ecadf2e73f000060,FLAN-T5-base,bioasq,mutations in the gene autoimmune regulator,False,3,0.7499999999999978,-0.6410426886545287,C1412304,0.8095360994338989,0.7951360940933228,0.014400005340576172,pred_answer,50
5e7f5d0d835f4e4777000016,FLAN-T5-base,bioasq,1890,False,3,0.7499999999999978,-2.2869478600720563,C0681747,0.9139625430107117,0.796754777431488,0.11720776557922363,pred_answer,50
5e35dc26158f994d3a000006,FLAN-T5-base,bioasq,ten,False,3,0.405639062229565,-1.931477318207423,C0205456,0.9999993443489075,0.9999993443489075,0.0,pred_answer,50
5d387573a1e159510500000a,FLAN-T5-base,bioasq,adenosine triphosphate,False,3,0.405639062229565,-0.6883971649222076,C0001480,0.9999997615814209,0.9618037343025208,0.038196027278900146,pred_answer,50
5e6e82eac6a8763d23000001,FLAN-T5-base,bioasq,ATP,False,3,0.7499999999999978,-1.1177543699741364,C2744579,0.9999994039535522,0.9999994039535522,0.0,pred_answer,50
5e36d5b9b5b409ea53000009,FLAN-T5-base,bioasq,a spectral spectrometer,False,3,0.7499999999999978,-1.486263717710972,C1710143,0.9310916066169739,0.9160451292991638,0.015046477317810059,pred_answer,50
5d3826427bc3fee31f00000f,FLAN-T5-base,bioasq,80%,False,3,0.9999999999999972,-1.6573446989059448,C5962958,0.8053708672523499,0.7913459539413452,0.014024913311004639,pred_answer,50
5e822615835f4e4777000034,FLAN-T5-base,bioasq,adenosine triphosphate,False,3,0.405639062229565,-0.7583511443343014,C0001480,0.9999997615814209,0.9618037343025208,0.038196027278900146,pred_answer,50
5e49c2356d0a277941000010,FLAN-T5-base,bioasq,genBank,False,3,0.405639062229565,-1.4820824079215529,C0598211,0.9999994039535522,0.9999994039535522,0.0,pred_answer,50
5e6e8f92c6a8763d23000004,FLAN-T5-base,bioasq,a,False,3,0.7499999999999978,-0.5888827068265527,C1706281,0.8583085536956787,0.8416181206703186,0.016690433025360107,pred_answer,50
5e80489b835f4e4777000022,FLAN-T5-base,bioasq,a cytoplasmic molecule,False,3,0.7499999999999978,-1.506601124174065,C1333198,0.8099950551986694,0.7817155122756958,0.028279542922973633,pred_answer,50
5e7f64d6835f4e477700001f,FLAN-T5-base,bioasq,a syringe,False,4,0.3109175070825699,-1.1700161400367506,C0039142,0.9593263864517212,0.9593263864517212,0.0,pred_answer,50
5e2b00bc76af173751000004,FLAN-T5-base,bioasq,a metabolite model,False,3,0.7499999999999978,-1.312206530070398,C1704565,0.8994230031967163,0.752577006816864,0.1468459963798523,pred_answer,50
5e5b6f04b761aafe0900000e,FLAN-T5-base,bioasq,a,False,3,0.405639062229565,-0.5494448757963255,C1706281,0.8583085536956787,0.8416181206703186,0.016690433025360107,pred_answer,50
5e4940f46d0a277941000004,FLAN-T5-base,bioasq,ten,False,3,0.405639062229565,-2.07115971048673,C0205456,0.9999993443489075,0.9999993443489075,0.0,pred_answer,50
5e5b626fb761aafe0900000c,FLAN-T5-base,bioasq,cytokines,False,3,0.7499999999999978,-1.0017306966445176,C0079189,0.999999463558197,0.999999463558197,0.0,pred_answer,50
5e3c6c9eb5b409ea53000022,FLAN-T5-base,bioasq,eczema,False,3,0.9999999999999972,-0.9261698222752396,C0013595,0.9999998211860657,0.9545556306838989,0.04544419050216675,pred_answer,50
5e355e20fbd6abf43b000065,FLAN-T5-base,bioasq,adenosine triphosphate,False,3,0.7499999999999978,-0.6577943539712579,C0001480,0.9999997615814209,0.9618037343025208,0.038196027278900146,pred_answer,50
5e48f2b6f8b2df0d49000005,FLAN-T5-base,bioasq,detecting apoptosis,False,3,0.405639062229565,-0.7581241158251133,C1819992,0.9358137845993042,0.8669549226760864,0.06885886192321777,pred_answer,50
5e48efd9f8b2df0d49000004,FLAN-T5-base,bioasq,to develop a new way of describing the genetic variation of the human genome,False,3,0.9999999999999972,-1.5302311723284865,C5666794,0.7443950176239014,0.7227128148078918,0.02168220281600952,pred_answer,50
5e2deb35fbd6abf43b00001c,FLAN-T5-base,bioasq,RNA sequencing,False,3,0.405639062229565,-1.2161434069275856,C0162327,0.9999995231628418,0.9999995231628418,0.0,pred_answer,50
5e499c636d0a27794100000a,FLAN-T5-base,bioasq,radiation therapy,False,3,-8.00856625953729e-16,-0.995395118991534,C1522449,0.9999995231628418,0.9999995231628418,0.0,pred_answer,50
5e540c866d0a277941000052,FLAN-T5-base,bioasq,a syringe,False,3,-8.00856625953729e-16,-1.2786523974500597,C0039142,0.9593263864517212,0.9593263864517212,0.0,pred_answer,50
5d35f1267bc3fee31f000004,FLAN-T5-base,bioasq,oxidative stress,False,3,0.7499999999999978,-1.2666526168584824,C0242606,0.9999995827674866,0.9294115900993347,0.07058799266815186,pred_answer,50
5e4adb486d0a277941000015,FLAN-T5-base,bioasq,cellular phone,False,3,0.405639062229565,-1.3557679206132889,C1136359,0.9999998211860657,0.9121630787849426,0.08783674240112305,pred_answer,50
5d35e7ddb3a638076300000e,FLAN-T5-base,bioasq,cytoplasm,False,3,0.4999999999999985,-1.0563433822244406,C0010834,0.9999998807907104,0.9549273252487183,0.04507255554199219,pred_answer,50
5e5cc1fa1af46fc130000005,FLAN-T5-base,bioasq,iodine metabolite,False,3,0.7499999999999978,-1.03018300505355,C0885449,0.8182388544082642,0.8098099231719971,0.00842893123626709,pred_answer,50
5d35ef017bc3fee31f000001,FLAN-T5-base,bioasq,a chromosome,False,3,0.405639062229565,-1.214885553078992,C0008644,0.9120701551437378,0.8948548436164856,0.017215311527252197,pred_answer,50
5e49ac346d0a27794100000e,FLAN-T5-base,bioasq,fentanyl,False,3,0.7499999999999978,-0.9994426982787749,C0015846,0.9999995231628418,0.9999995231628418,0.0,pred_answer,50
5e5d24811af46fc130000006,FLAN-T5-base,bioasq,a synapse,False,3,0.405639062229565,-1.4426046926528215,C0039062,0.8934735059738159,0.8671538829803467,0.02631962299346924,pred_answer,50
5d35dfbdb3a638076300000b,FLAN-T5-base,bioasq,regulating cell division,False,3,0.9999999999999972,-1.646777981519699,C1657115,0.964245080947876,0.8789085149765015,0.08533656597137451,pred_answer,50
601bde6e1cb411341a000006,FLAN-T5-base,bioasq,adenocarcinoma,False,3,0.405639062229565,-0.7515043483338862,C0001418,0.9999995827674866,0.9999994039535522,1.7881393432617188e-07,pred_answer,50
5e4bf9436d0a27794100002d,FLAN-T5-base,bioasq,adenosine triphosphate,False,3,-8.00856625953729e-16,-0.6430798974819482,C0001480,0.9999997615814209,0.9618037343025208,0.038196027278900146,pred_answer,50
601bcb5d1cb411341a000003,FLAN-T5-base,bioasq,chromosomes,False,3,0.405639062229565,-0.9350867754158876,C0008633,0.9999994039535522,0.9847366213798523,0.015262782573699951,pred_answer,50
5e61425e1af46fc13000000d,FLAN-T5-base,bioasq,192,False,3,0.9999999999999972,-2.0594933182001114,C0604363,0.7627778649330139,0.7224764227867126,0.04030144214630127,pred_answer,50
5fe30e06a43ad31278000037,FLAN-T5-base,bioasq,a,False,3,0.7499999999999978,-1.8619667291641235,C1706281,0.8583085536956787,0.8416181206703186,0.016690433025360107,pred_answer,50
601d2d001cb411341a00002c,FLAN-T5-base,bioasq,adenocarcinoma,False,3,-8.00856625953729e-16,-0.8982813287164189,C0001418,0.9999995827674866,0.9999994039535522,1.7881393432617188e-07,pred_answer,50
5e920be42d3121100d00000c,FLAN-T5-base,bioasq,adenovirus,False,3,0.405639062229565,-1.0346544484297435,C0001483,0.9999996423721313,0.9999996423721313,0.0,pred_answer,50
5fe08b50a43ad31278000031,FLAN-T5-base,bioasq,four,False,3,0.9999999999999972,-1.365944191813469,C0205450,0.9999997019767761,0.9086417555809021,0.09135794639587402,pred_answer,50
5e2e1986fbd6abf43b000025,FLAN-T5-base,bioasq,a pulmonary hypertension gene,False,3,0.9999999999999972,-1.6179841072298586,C1706017,0.8645433187484741,0.7851976156234741,0.079345703125,pred_answer,50
5d387c20a1e1595105000010,FLAN-T5-base,bioasq,ten,False,3,0.405639062229565,-2.031913168728352,C0205456,0.9999993443489075,0.9999993443489075,0.0,pred_answer,50
5fe0b4cda43ad31278000034,FLAN-T5-base,bioasq,a syphilis disease,False,3,0.9999999999999972,-1.6366404559877183,C0749211,0.9513295888900757,0.9420672059059143,0.009262382984161377,pred_answer,50
601eab7d1cb411341a000053,FLAN-T5-base,bioasq,psychedelic drugs,False,3,0.7499999999999978,-0.6974431798638155,C0018533,0.9999991655349731,0.9687824249267578,0.031216740608215332,pred_answer,50
6026ef311cb411341a0000d4,FLAN-T5-base,bioasq,advil,False,3,0.405639062229565,-1.7587934255599975,C0593507,0.9999995827674866,0.9999995827674866,0.0,pred_answer,50
6030fe7a1cb411341a000128,FLAN-T5-base,bioasq,autoimmune,False,3,0.405639062229565,-1.5863385200500488,C4551524,0.9999996423721313,0.9999996423721313,0.0,pred_answer,50
6032899c1cb411341a000144,FLAN-T5-base,bioasq,the nucleus,False,3,0.405639062229565,-0.8805402500089258,C0007610,0.9797807931900024,0.9797807931900024,0.0,pred_answer,50
6032a8b91cb411341a000149,FLAN-T5-base,bioasq,ribosome,False,3,0.7499999999999978,-1.1581151500344276,C0035553,0.9999995827674866,0.9209702014923096,0.079029381275177,pred_answer,50
6053ba5b94d57fd879000017,FLAN-T5-base,bioasq,acyclosporin,False,3,0.7499999999999978,-1.2453837735312323,C0124078,0.8006404638290405,0.7766135931015015,0.024026870727539062,pred_answer,50
60579cb394d57fd87900002e,FLAN-T5-base,bioasq,RNA-based RNA-based analysis,False,3,0.405639062229565,-1.803552567958832,C0872262,0.8741417527198792,0.8455531001091003,0.02858865261077881,pred_answer,50
6057bf0694d57fd879000031,FLAN-T5-base,bioasq,a synapse,False,3,0.4999999999999985,-1.418719096109271,C0039062,0.8934735059738159,0.8671538829803467,0.02631962299346924,pred_answer,50
6057c2f894d57fd879000033,FLAN-T5-base,bioasq,ChIP-seq,False,3,0.9999999999999972,-0.3421221855803326,C3831111,0.9999992847442627,0.9072480797767639,0.09275120496749878,pred_answer,50
601cb4541cb411341a000024,FLAN-T5-base,bioasq,AIDS,False,3,-8.00856625953729e-16,-1.43436473980546,C0001175,0.9999995827674866,0.9653825759887695,0.03461700677871704,pred_answer,50
6031287e1cb411341a00012d,FLAN-T5-base,bioasq,c-terminal ribosome,False,3,0.405639062229565,-1.0464360766112804,C2324911,0.7864115834236145,0.756824254989624,0.02958732843399048,pred_answer,50
601f10b71cb411341a000072,FLAN-T5-base,bioasq,four,False,3,0.405639062229565,-1.2319799438118937,C0205450,0.9999997019767761,0.9086417555809021,0.09135794639587402,pred_answer,50
6030fcb51cb411341a000127,FLAN-T5-base,bioasq,NIH,False,3,0.405639062229565,-1.3614215597044677,C1513843,0.9999996423721313,0.8579610586166382,0.14203858375549316,pred_answer,50
6028183e1cb411341a0000f1,FLAN-T5-base,bioasq,thalamus,False,3,0.7499999999999978,-0.8472312545403838,C0039729,0.9999997615814209,0.9661397933959961,0.033859968185424805,pred_answer,50
6028fc841cb411341a000103,FLAN-T5-base,bioasq,april 2014,False,3,0.9999999999999972,-1.7485760991306354,C3846664,0.7186390161514282,0.7113657593727112,0.007273256778717041,pred_answer,50
606ab57394d57fd87900004f,FLAN-T5-base,bioasq,oxidative stress,False,3,-8.00856625953729e-16,-1.1112094350159167,C0242606,0.9999995827674866,0.9294115900993347,0.07058799266815186,pred_answer,50
608069984e6a4cf630000006,FLAN-T5-base,bioasq,a cellular enzymatic agent,False,3,0.7499999999999978,-1.8475656047463416,C1139488,0.8710052371025085,0.7553338408470154,0.11567139625549316,pred_answer,50
606ae4fd94d57fd879000056,FLAN-T5-base,bioasq,cdc gene,False,3,0.7499999999999978,-1.5992866006369393,C0243037,0.9999995827674866,0.8196448683738708,0.18035471439361572,pred_answer,50
601ff4a61cb411341a000076,FLAN-T5-base,bioasq,steroid drugs,False,3,0.405639062229565,-0.8820692266803235,C0260264,0.9999994039535522,0.9414136409759521,0.0585857629776001,pred_answer,50
6081b64d4e6a4cf63000000a,FLAN-T5-base,bioasq,a cellular endocrine,False,3,0.7499999999999978,-2.040972089705368,C0229525,0.8757829666137695,0.8431490659713745,0.03263390064239502,pred_answer,50
5fe09c99a43ad31278000033,FLAN-T5-base,bioasq,a small percentage,False,3,0.405639062229565,-1.4999097898602485,C3869892,0.8021788597106934,0.7863852381706238,0.01579362154006958,pred_answer,50
60527e8c94d57fd879000012,FLAN-T5-base,bioasq,a phase III clinical trial,False,3,-8.00856625953729e-16,-1.1748049256524868,C0282461,0.9682839512825012,0.948226809501648,0.02005714178085327,pred_answer,50
605fb41094d57fd879000039,FLAN-T5-base,bioasq,a chromosome,False,3,0.7499999999999978,-1.4835430128233773,C0008644,0.9120701551437378,0.8948548436164856,0.017215311527252197,pred_answer,50
606ad07394d57fd879000050,FLAN-T5-base,bioasq,a higher rate,True,3,0.7499999999999978,-1.7058498740196228,C3843169,0.7883137464523315,0.7824150323867798,0.005898714065551758,pred_answer,50
606b5ba794d57fd879000067,FLAN-T5-base,bioasq,cytetin,False,3,0.7499999999999978,-1.5732753574848175,C0010715,0.8346388339996338,0.7783643007278442,0.05627453327178955,pred_answer,50
6060701c94d57fd87900003c,FLAN-T5-base,bioasq,a spliced RNA,False,3,0.9999999999999972,-1.676250806450844,C0002345,0.8177274465560913,0.8133702874183655,0.00435715913772583,pred_answer,50
5fe31307a43ad3127800003d,FLAN-T5-base,bioasq,5%,False,3,0.7499999999999978,-1.6332126309474309,C5939002,0.8675337433815002,0.7699713706970215,0.09756237268447876,pred_answer,50
5e4e3cee6d0a277941000030,FLAN-T5-base,bioasq,a splice,False,3,0.7499999999999978,-1.4593884221145086,C1706692,0.8520253896713257,0.8459585309028625,0.006066858768463135,pred_answer,50
5fe3130ca43ad3127800003e,FLAN-T5-base,bioasq,adenocarcinoma,False,3,-8.00856625953729e-16,-0.7376538299973213,C0001418,0.9999995827674866,0.9999994039535522,1.7881393432617188e-07,pred_answer,50
607323fe94d57fd879000079,FLAN-T5-base,bioasq,adenosine triphosphate,False,3,0.7499999999999978,-0.7155875437892973,C0001480,0.9999997615814209,0.9618037343025208,0.038196027278900146,pred_answer,50
606b7e5694d57fd879000070,FLAN-T5-base,bioasq,ten,False,3,-8.00856625953729e-16,-1.8696547945340476,C0205456,0.9999993443489075,0.9999993443489075,0.0,pred_answer,50
601ebba41cb411341a00005a,FLAN-T5-base,bioasq,a metabolite,False,3,0.7499999999999978,-1.881225951548133,C0870883,0.8792145848274231,0.7620251178741455,0.11718946695327759,pred_answer,50
622628b03a8413c65300007d,FLAN-T5-base,bioasq,adenosine triphosphate,False,3,0.9999999999999972,-0.7497292456682771,C0001480,0.9999997615814209,0.9618037343025208,0.038196027278900146,pred_answer,50
61f95f9f882a024a1000004e,FLAN-T5-base,bioasq,aplastic encephalopathy,False,3,0.7499999999999978,-1.117421355098486,C3277359,0.7306479215621948,0.7236135005950928,0.007034420967102051,pred_answer,50
61f5fb64882a024a1000001a,FLAN-T5-base,bioasq,adenocarcinoma,False,3,0.7499999999999978,-0.7926326503430674,C0001418,0.9999995827674866,0.9999994039535522,1.7881393432617188e-07,pred_answer,50
61f60735882a024a10000022,FLAN-T5-base,bioasq,adenocarcinoma,False,3,0.4999999999999985,-0.810342362457757,C0001418,0.9999995827674866,0.9999994039535522,1.7881393432617188e-07,pred_answer,50
621b78e63a8413c65300003f,FLAN-T5-base,bioasq,a metabolite of a metabolite of a metabolite of a metabolite of a metabol,False,3,0.7499999999999978,-0.5082039414846804,C0870883,0.8204813003540039,0.7883769273757935,0.03210437297821045,pred_answer,50
601ef0571cb411341a000067,FLAN-T5-base,bioasq,keratosis,False,3,0.9999999999999972,-0.8661411114569221,C0870082,0.9999993443489075,0.9999993443489075,0.0,pred_answer,50
602c1b141cb411341a00011c,FLAN-T5-base,bioasq,a fungus,False,3,0.405639062229565,-1.4131415542215109,C0016832,0.9589766263961792,0.9589766263961792,0.0,pred_answer,50
621142713a8413c65300000a,FLAN-T5-base,bioasq,5%,False,3,0.7499999999999978,-1.6668789684772491,C5939002,0.8675337433815002,0.7699713706970215,0.09756237268447876,pred_answer,50
61f80e22882a024a1000003d,FLAN-T5-base,bioasq,apoptosis,False,3,0.7499999999999978,-0.9610423901467584,C0162638,0.9999997615814209,0.9624423980712891,0.037557363510131836,pred_answer,50
6217d8f03a8413c653000021,FLAN-T5-base,bioasq,to identify and identify the underlying cause of disease,False,3,0.9999999999999972,-2.017875777049498,C4717398,0.8504570722579956,0.7958676815032959,0.05458939075469971,pred_answer,50
601db4ac1cb411341a000048,FLAN-T5-base,bioasq,adenosine triphosphate,False,3,0.7499999999999978,-0.721009583119303,C0001480,0.9999997615814209,0.9618037343025208,0.038196027278900146,pred_answer,50
6081b0b44e6a4cf630000009,FLAN-T5-base,bioasq,adenocarcinoma,False,3,-8.00856625953729e-16,-0.7266217130697138,C0001418,0.9999995827674866,0.9999994039535522,1.7881393432617188e-07,pred_answer,50
6049080c1cb411341a000164,FLAN-T5-base,bioasq,in the ear,False,3,-8.00856625953729e-16,-1.0759210288524628,C0013443,0.8877108693122864,0.8762063384056091,0.011504530906677246,pred_answer,50
62005c68c9dfcb9c09000017,FLAN-T5-base,bioasq,G-protein encoding tool,False,3,0.9999999999999972,-1.1883665685309095,C0086376,0.7447430491447449,0.72991544008255,0.014827609062194824,pred_answer,50
623c8330f0baec9a1b000003,FLAN-T5-base,bioasq,asexual reproduction,False,3,-8.00856625953729e-16,-1.665695609152317,C0035152,0.9999996423721313,0.922396719455719,0.07760292291641235,pred_answer,50
626aa929e764a53204000039,FLAN-T5-base,bioasq,a decrease in the number of pRNAs,False,3,0.9999999999999972,-1.4252258393292625,C0236032,0.7037830948829651,0.6893003582954407,0.014482736587524414,pred_answer,50
626aab13e764a5320400003b,FLAN-T5-base,bioasq,a few days,False,3,-8.00856625953729e-16,-1.4180397927761077,C5452807,0.950677752494812,0.9247777462005615,0.02590000629425049,pred_answer,50
6278ca4a56bf9aee6f00000c,FLAN-T5-base,bioasq,cytoplasm,False,3,-8.00856625953729e-16,-1.0761603340506554,C0010834,0.9999998807907104,0.9549273252487183,0.04507255554199219,pred_answer,50
6278dfe956bf9aee6f000016,FLAN-T5-base,bioasq,atypical,False,3,0.7499999999999978,-1.751248985528946,C0205182,0.9999992251396179,0.9999992251396179,0.0,pred_answer,50
62211f453a8413c653000072,FLAN-T5-base,bioasq,ribonucleic acid,False,3,-8.00856625953729e-16,-0.5759288576082326,C0035668,0.9999995231628418,0.9693528413772583,0.030646681785583496,pred_answer,50
62190ca03a8413c653000035,FLAN-T5-base,bioasq,a protein that regulates the synthesis of a protein,False,3,0.7499999999999978,-1.4059587779920548,C0038164,0.7820889353752136,0.7292068004608154,0.05288213491439819,pred_answer,50
620c28d03a8413c653000007,FLAN-T5-base,bioasq,melanoma,False,3,0.405639062229565,-0.5765343887954563,C0025202,0.9999996423721313,0.9999996423721313,0.0,pred_answer,50
621b54f03a8413c65300003b,FLAN-T5-base,bioasq,in the cytoplasm,False,3,0.405639062229565,-1.1422999122490485,C0010834,0.9399752616882324,0.9360136985778809,0.0039615631103515625,pred_answer,50
61f81857882a024a10000040,FLAN-T5-base,bioasq,a systolic artery,False,3,0.7499999999999978,-1.6012899415059525,C0039155,0.8255898952484131,0.8206497430801392,0.004940152168273926,pred_answer,50
62190bac3a8413c653000034,FLAN-T5-base,bioasq,AIDS,False,3,0.4999999999999985,-1.6042249823609989,C0001175,0.9999995827674866,0.9653825759887695,0.03461700677871704,pred_answer,50
605fb19794d57fd879000038,FLAN-T5-base,bioasq,a microscope,False,3,-8.00856625953729e-16,-1.320749236270785,C0181839,0.9557602405548096,0.9155234098434448,0.040236830711364746,pred_answer,50
621ec0313a8413c65300005e,FLAN-T5-base,bioasq,adenosine triphosphate,False,3,0.7499999999999978,-0.955627872981131,C0001480,0.9999997615814209,0.9618037343025208,0.038196027278900146,pred_answer,50
6206b399c9dfcb9c09000039,FLAN-T5-base,bioasq,a splenomegaly,False,3,0.9999999999999972,-1.322944301284022,C0038002,0.9741776585578918,0.961795449256897,0.012382209300994873,pred_answer,50
6237a8343a8413c6530000b2,FLAN-T5-base,bioasq,ribosomes,False,3,0.7499999999999978,-0.799647880718112,C0035553,0.9999995827674866,0.8890632390975952,0.11093634366989136,pred_answer,50
622d1ed13a8413c6530000a3,FLAN-T5-base,bioasq,a chromosome,False,3,0.405639062229565,-1.0518761059003217,C0008644,0.9120701551437378,0.8948548436164856,0.017215311527252197,pred_answer,50
6237a8a33a8413c6530000b3,FLAN-T5-base,bioasq,a peptide,False,3,0.7499999999999978,-1.541582276423772,C0388060,0.9202898144721985,0.7677713632583618,0.15251845121383667,pred_answer,50
623dfd2ef0baec9a1b000004,FLAN-T5-base,bioasq,a metabolite,False,3,0.7499999999999978,-1.5537341642858726,C0870883,0.8792145848274231,0.7620251178741455,0.11718946695327759,pred_answer,50
6237ab873a8413c6530000b6,FLAN-T5-base,bioasq,apoptosis,False,3,0.9999999999999972,-1.0962658508547716,C0162638,0.9999997615814209,0.9624423980712891,0.037557363510131836,pred_answer,50
6202f600c9dfcb9c0900002b,FLAN-T5-base,bioasq,X-Men,False,3,0.7499999999999978,-1.3436956871300936,C0025285,0.7647114992141724,0.7277696132659912,0.03694188594818115,pred_answer,50
622b9d593a8413c653000095,FLAN-T5-base,bioasq,ovaries,False,3,0.7499999999999978,-1.201048499904573,C0227898,0.9999996423721313,0.9999996423721313,0.0,pred_answer,50
622b9e743a8413c653000097,FLAN-T5-base,bioasq,adenocarcinoma,False,3,0.405639062229565,-0.826686085065982,C0001418,0.9999995827674866,0.9999994039535522,1.7881393432617188e-07,pred_answer,50
64403ab057b1c7a31500004d,FLAN-T5-base,bioasq,one,False,3,0.405639062229565,-1.4837805926799774,C5201140,0.9999995231628418,0.9999995231628418,0.0,pred_answer,50
64403be357b1c7a31500004e,FLAN-T5-base,bioasq,a year,False,3,0.405639062229565,-1.2476802691817284,C0439234,0.9144506454467773,0.9144506454467773,0.0,pred_answer,50
64371a4257b1c7a315000029,FLAN-T5-base,bioasq,chromosomes,False,3,0.405639062229565,-0.5503063820069656,C0008633,0.9999994039535522,0.9847366213798523,0.015262782573699951,pred_answer,50
6441057657b1c7a315000052,FLAN-T5-base,bioasq,a scale of a syringe,False,3,0.7499999999999978,-1.542488949528585,C0175659,0.8113360404968262,0.7742146849632263,0.037121355533599854,pred_answer,50
6415b3b4690f196b51000009,FLAN-T5-base,bioasq,blue,False,3,-8.00856625953729e-16,-1.1160888671875,C1260957,0.9999994039535522,0.9999994039535522,0.0,pred_answer,50
6429fad757b1c7a31500000e,FLAN-T5-base,bioasq,RNA,False,3,0.7499999999999978,-1.4115872383117676,C0035668,0.9999997615814209,0.9757001399993896,0.02429962158203125,pred_answer,50
6433050157b1c7a315000024,FLAN-T5-base,bioasq,adenosine triphosphate,False,3,0.7499999999999978,-0.9359543159604072,C0001480,0.9999997615814209,0.9618037343025208,0.038196027278900146,pred_answer,50
6426d131690f196b5100004e,FLAN-T5-base,bioasq,lungs,False,3,0.7499999999999978,-1.3479083857188623,C0024109,0.9999995231628418,0.9723341464996338,0.027665376663208008,pred_answer,50
641790d6690f196b5100002d,FLAN-T5-base,bioasq,0 to 18 years old,False,3,0.405639062229565,-1.3128599705440658,C4300459,0.8930034041404724,0.8284993171691895,0.06450408697128296,pred_answer,50
6415c8f1690f196b51000017,FLAN-T5-base,bioasq,melanoma,False,3,0.9999999999999972,-0.5804336197349281,C0025202,0.9999996423721313,0.9999996423721313,0.0,pred_answer,50
6429ad3857b1c7a315000003,FLAN-T5-base,bioasq,X-inactive specific transcript,False,4,0.4181656600790505,-0.1339541772322263,C1421536,0.9858237504959106,0.9858237504959106,0.0,pred_answer,50
63f57d9b33942b094c000004,FLAN-T5-base,bioasq,cysteine,False,3,-8.00856625953729e-16,-0.8779045616587003,C0010654,0.9999997019767761,0.9670578241348267,0.03294187784194946,pred_answer,50
6450ede757b1c7a315000090,FLAN-T5-base,bioasq,a few days,False,3,0.9999999999999972,-1.3525768220424652,C5452807,0.950677752494812,0.9247777462005615,0.02590000629425049,pred_answer,50
63f03d58f36125a42600001f,FLAN-T5-base,bioasq,adenocarcinoma,False,3,0.405639062229565,-0.6855274250321801,C0001418,0.9999995827674866,0.9999994039535522,1.7881393432617188e-07,pred_answer,50
64468b0757b1c7a315000070,FLAN-T5-base,bioasq,a synapse,False,3,0.7499999999999978,-1.553245546296239,C0039062,0.8934735059738159,0.8671538829803467,0.02631962299346924,pred_answer,50
64468e0d57b1c7a315000071,FLAN-T5-base,bioasq,a,False,3,0.405639062229565,-0.5843639547238126,C1706281,0.8583085536956787,0.8416181206703186,0.016690433025360107,pred_answer,50
644298cc57b1c7a315000062,FLAN-T5-base,bioasq,a faulty femoral artery,False,3,0.9999999999999972,-1.3996472724459388,C5826834,0.8316837549209595,0.7899374961853027,0.04174625873565674,pred_answer,50
6442933f57b1c7a315000060,FLAN-T5-base,bioasq,a faulty femoral artery,False,3,0.9999999999999972,-1.394969612021338,C5826834,0.8316837549209595,0.7899374961853027,0.04174625873565674,pred_answer,50
6415c53e690f196b51000012,FLAN-T5-base,bioasq,"November 17, 2015",False,3,0.9999999999999972,-2.056628075428307,C3828767,0.7438433170318604,0.7129290699958801,0.030914247035980225,pred_answer,50
6415bc8d690f196b5100000f,FLAN-T5-base,bioasq,a year,False,3,0.405639062229565,-1.1139117628335953,C0439234,0.9144506454467773,0.9144506454467773,0.0,pred_answer,50
6414c4cf690f196b51000006,FLAN-T5-base,bioasq,skin picking disorder,False,3,0.9999999999999972,-0.9032406583428384,C1696701,0.9999966621398926,0.8664822578430176,0.133514404296875,pred_answer,50
63f9cd0b33942b094c000010,FLAN-T5-base,bioasq,a splicing mechanism,False,3,0.9999999999999972,-1.6319564431905746,C0002345,0.8715775609016418,0.8564163446426392,0.015161216259002686,pred_answer,50
65f77397c4010b4d78000025,FLAN-T5-base,bioasq,a small percentage,False,3,-8.00856625953729e-16,-1.2987627863883973,C3869892,0.8021788597106934,0.7863852381706238,0.01579362154006958,pred_answer,50
662cfc88187cba990d000008,FLAN-T5-base,bioasq,synthesis,False,3,0.7499999999999978,-1.19635275999705,C0220781,0.9999999403953552,0.9999999403953552,0.0,pred_answer,50
66302487187cba990d000031,FLAN-T5-base,bioasq,a protein,False,3,0.7499999999999978,-1.478767246007919,C0038164,0.999999463558197,0.9247651696205139,0.0752342939376831,pred_answer,50
66156200fdcbea915f00004d,FLAN-T5-base,bioasq,a systolic occlusion,False,3,0.9999999999999972,-1.2545567921434455,C0241320,0.7296639084815979,0.7118892669677734,0.017774641513824463,pred_answer,50
662cfd21187cba990d000009,FLAN-T5-base,bioasq,ribosomes,False,3,0.7499999999999978,-0.9834670048827926,C0035553,0.9999995827674866,0.8890632390975952,0.11093634366989136,pred_answer,50
662fbec6187cba990d00000f,FLAN-T5-base,bioasq,adenocarcinoma,False,3,0.7499999999999978,-0.7757054950020069,C0001418,0.9999995827674866,0.9999994039535522,1.7881393432617188e-07,pred_answer,50
66300ee7187cba990d00001c,FLAN-T5-base,bioasq,a tenfold increase,False,3,0.7499999999999978,-1.6574372564043318,C4035631,0.7021780610084534,0.6754514575004578,0.026726603507995605,pred_answer,50
660c0071fdcbea915f00002b,FLAN-T5-base,bioasq,genus syphilis,False,3,0.9999999999999972,-1.306384914658136,C0039128,0.9627501368522644,0.9371225237846375,0.025627613067626953,pred_answer,50
65f86b3ac4010b4d78000058,FLAN-T5-base,bioasq,a,False,3,0.9999999999999972,-0.4911124603677308,C1706281,0.8583085536956787,0.8416181206703186,0.016690433025360107,pred_answer,50
65f7785dc4010b4d78000033,FLAN-T5-base,bioasq,a combination of chemotherapy and radiation therapy,False,3,-8.00856625953729e-16,-1.0791588491863675,C0436307,0.9674716591835022,0.8898558020591736,0.07761585712432861,pred_answer,50
65f77a71c4010b4d7800003b,FLAN-T5-base,bioasq,chemotherapy,False,3,-8.00856625953729e-16,-0.7639815472066402,C0013217,0.9999995827674866,0.9999995827674866,0.0,pred_answer,50
660bb7f9fdcbea915f000029,FLAN-T5-base,bioasq,a bronchodilator,False,3,0.405639062229565,-0.9713412903818406,C0006280,0.9773985147476196,0.9367157816886902,0.04068273305892944,pred_answer,50
660877c8fdcbea915f000008,FLAN-T5-base,bioasq,cytoplasm,False,3,0.405639062229565,-0.8537333142012358,C0010834,0.9999998807907104,0.9549273252487183,0.04507255554199219,pred_answer,50
65cfd02e1930410b1300001c,FLAN-T5-base,bioasq,tv,False,3,0.7499999999999978,-1.4658192694187164,C0203418,0.8727532625198364,0.8218097686767578,0.05094349384307861,pred_answer,50
66099a25fdcbea915f00001e,FLAN-T5-base,bioasq,chemotherapy,False,3,0.405639062229565,-0.8568293306976557,C0013217,0.9999995827674866,0.9999995827674866,0.0,pred_answer,50
66099a03fdcbea915f00001d,FLAN-T5-base,bioasq,ages 18 to 24,False,3,0.7499999999999978,-1.5638451029857,C3843796,0.8840262293815613,0.835700511932373,0.04832571744918823,pred_answer,50
65cfa8f81930410b13000010,FLAN-T5-base,bioasq,a chromosome,False,3,0.7499999999999978,-1.4049319437305845,C0008644,0.9120701551437378,0.8948548436164856,0.017215311527252197,pred_answer,50
65f7789dc4010b4d78000034,FLAN-T5-base,bioasq,a spleen biopsy,False,3,-8.00856625953729e-16,-1.3860597647726536,C0193994,0.9819139242172241,0.9002116918563843,0.08170223236083984,pred_answer,50
661d4c2eeac11fad3300001a,FLAN-T5-base,bioasq,a genetic mutation,False,3,0.4999999999999985,-1.5242759108543396,C0026882,0.8930279612541199,0.8775806427001953,0.01544731855392456,pred_answer,50
