instance_id,model_name,n_variants,n_clusters,cluster_distribution,semantic_entropy,normalised_semantic_entropy,mean_accuracy,dominant_cluster,instability_flag
mm_0000101,BERT-base,3,1,"{""C0282597"": 3}",-0.0,-0.0,0.0,C0282597,0
mm_0000101,BioBERT,3,1,"{""UMLS:C1257990"": 3}",-0.0,-0.0,0.0,UMLS:C1257990,0
mm_0000101,PubMedBERT,3,1,"{""C1447749"": 3}",-0.0,-0.0,0.0,C1447749,0
mm_0001412,BERT-base,5,1,"{""C1447749"": 5}",-0.0,-0.0,0.0,C1447749,0
mm_0001412,BioBERT,5,2,"{""C1447749"": 4, ""C0265267"": 1}",0.7219280948873623,0.31091750708257115,0.0,C1447749,0
mm_0001412,PubMedBERT,5,1,"{""C1839576"": 5}",-0.0,-0.0,0.0,C1839576,0
mm_0001903,BERT-base,6,2,"{""C0597336"": 4, ""UMLS:C0358514"": 2}",0.9182958340544896,0.355245321275764,0.0,C0597336,0
mm_0001903,BioBERT,6,3,"{""C1312419"": 1, ""UMLS:C1257990"": 4, ""UMLS:C1707887"": 1}",1.2516291673878228,0.4841962570206112,0.0,UMLS:C1257990,0
mm_0001903,PubMedBERT,6,1,"{""C1839576"": 6}",-0.0,-0.0,0.0,C1839576,0
mm_0001924,BERT-base,6,2,"{""C3850091"": 5, ""UMLS:C0242193"": 1}",0.6500224216483541,0.25146299858006066,0.0,C3850091,0
mm_0001924,BioBERT,6,1,"{""UMLS:C1257990"": 6}",-0.0,-0.0,0.0,UMLS:C1257990,0
mm_0001924,PubMedBERT,6,1,"{""C1839576"": 6}",-0.0,-0.0,0.0,C1839576,0
mm_0002001,BERT-base,7,1,"{""C1839576"": 7}",-0.0,-0.0,0.0,C1839576,0
mm_0002001,BioBERT,7,1,"{""UMLS:C1707887"": 7}",-0.0,-0.0,0.0,UMLS:C1707887,0
mm_0002001,PubMedBERT,7,1,"{""C1839576"": 7}",-0.0,-0.0,0.0,C1839576,0
mm_0002381,BERT-base,5,2,"{""UMLS:C1257990"": 2, ""C1739108"": 3}",0.9709505944546686,0.4181656600790516,0.0,C1739108,0
mm_0002381,BioBERT,5,1,"{""C5392105"": 5}",-0.0,-0.0,0.0,C5392105,0
mm_0002381,PubMedBERT,5,1,"{""C1839576"": 5}",-0.0,-0.0,0.0,C1839576,0
mm_0003169,BERT-base,5,1,"{""C1447749"": 5}",-0.0,-0.0,0.0,C1447749,0
mm_0003169,BioBERT,5,1,"{""C1447749"": 5}",-0.0,-0.0,0.0,C1447749,0
mm_0003169,PubMedBERT,5,1,"{""C1447749"": 5}",-0.0,-0.0,0.0,C1447749,0
mm_0004408,BERT-base,5,1,"{""UMLS:C1257990"": 5}",-0.0,-0.0,0.0,UMLS:C1257990,0
mm_0004408,BioBERT,5,1,"{""UMLS:C1257990"": 5}",-0.0,-0.0,0.0,UMLS:C1257990,0
mm_0004408,PubMedBERT,5,1,"{""C1447749"": 5}",-0.0,-0.0,0.0,C1447749,0
mm_0004613,BERT-base,5,1,"{""C3714500"": 5}",-0.0,-0.0,0.0,C3714500,0
mm_0004613,BioBERT,5,2,"{""UMLS:C1257990"": 2, ""UMLS:C1707887"": 3}",0.9709505944546686,0.4181656600790516,0.0,UMLS:C1707887,0
mm_0004613,PubMedBERT,5,2,"{""C1839576"": 4, ""C1447749"": 1}",0.7219280948873623,0.31091750708257115,0.0,C1839576,0
mm_0007063,BERT-base,3,2,"{""UMLS:C3808257"": 2, ""C1739108"": 1}",0.9182958340544896,0.579380164285695,0.0,UMLS:C3808257,1
mm_0007063,BioBERT,3,1,"{""C0149678"": 3}",-0.0,-0.0,0.0,C0149678,0
mm_0007063,PubMedBERT,3,2,"{""C1839576"": 2, ""C1447749"": 1}",0.9182958340544896,0.579380164285695,0.0,C1839576,1
mm_0007146,BERT-base,5,2,"{""UMLS:C1257990"": 3, ""UMLS:C0242193"": 2}",0.9709505944546686,0.4181656600790516,0.0,UMLS:C1257990,0
mm_0007146,BioBERT,5,1,"{""UMLS:C1257990"": 5}",-0.0,-0.0,0.0,UMLS:C1257990,0
mm_0007146,PubMedBERT,5,2,"{""C1447749"": 3, ""C1839576"": 2}",0.9709505944546686,0.4181656600790516,0.0,C1447749,0
mm_0007303,BERT-base,7,1,"{""UMLS:C1257990"": 7}",-0.0,-0.0,0.0,UMLS:C1257990,0
mm_0007303,BioBERT,7,1,"{""C2935436"": 7}",-0.0,-0.0,0.0,C2935436,0
mm_0007303,PubMedBERT,7,1,"{""C1839576"": 7}",-0.0,-0.0,0.0,C1839576,0
mm_0007332,BERT-base,5,2,"{""C1839576"": 3, ""C1739108"": 2}",0.9709505944546686,0.4181656600790516,0.0,C1839576,0
mm_0007332,BioBERT,5,1,"{""C5392105"": 5}",-0.0,-0.0,0.0,C5392105,0
mm_0007332,PubMedBERT,5,1,"{""C1839576"": 5}",-0.0,-0.0,0.0,C1839576,0
mm_0007533,BERT-base,5,2,"{""C1431519"": 3, ""UMLS:C1283169"": 2}",0.9709505944546686,0.4181656600790516,0.0,C1431519,0
mm_0007533,BioBERT,5,2,"{""C0265267"": 1, ""C1447749"": 4}",0.7219280948873623,0.31091750708257115,0.0,C1447749,0
mm_0007533,PubMedBERT,5,2,"{""C1447749"": 3, ""C1839576"": 2}",0.9709505944546686,0.4181656600790516,0.0,C1447749,0
mm_0007731,BERT-base,6,1,"{""C1447749"": 6}",-0.0,-0.0,0.0,C1447749,0
mm_0007731,BioBERT,6,1,"{""C1868801"": 6}",-0.0,-0.0,0.0,C1868801,0
mm_0007731,PubMedBERT,6,1,"{""C1839576"": 6}",-0.0,-0.0,0.0,C1839576,0
mm_0007841,BERT-base,7,1,"{""C0027609"": 7}",-0.0,-0.0,0.0,C0027609,0
mm_0007841,BioBERT,7,2,"{""UMLS:C1257990"": 6, ""C0027609"": 1}",0.5916727785823275,0.21075809614719848,0.0,UMLS:C1257990,0
mm_0007841,PubMedBERT,7,2,"{""C1839576"": 5, ""C1447749"": 2}",0.863120568566631,0.30744974986419643,0.0,C1839576,0
mm_0008028,BERT-base,4,1,"{""C0203379"": 4}",-0.0,-0.0,0.0,C0203379,0
mm_0008028,BioBERT,4,1,"{""UMLS:C1707887"": 4}",-0.0,-0.0,0.0,UMLS:C1707887,0
mm_0008028,PubMedBERT,4,1,"{""C1447749"": 4}",-0.0,-0.0,0.0,C1447749,0
mm_0008123,BERT-base,7,2,"{""UMLS:C0444254"": 1, ""UMLS:C0243095"": 6}",0.5916727785823275,0.21075809614719848,0.0,UMLS:C0243095,0
mm_0008123,BioBERT,7,2,"{""UMLS:C1257990"": 6, ""UMLS:C1707887"": 1}",0.5916727785823275,0.21075809614719848,0.0,UMLS:C1257990,0
mm_0008123,PubMedBERT,7,1,"{""C1839576"": 7}",-0.0,-0.0,0.0,C1839576,0
mm_0008783,BERT-base,3,1,"{""C0059563"": 3}",-0.0,-0.0,0.0,C0059563,0
mm_0008783,BioBERT,3,1,"{""C0018966"": 3}",-0.0,-0.0,0.0,C0018966,0
mm_0008783,PubMedBERT,3,1,"{""C0015131"": 3}",-0.0,-0.0,0.0,C0015131,0
mm_0008874,BERT-base,7,1,"{""C0282597"": 7}",-0.0,-0.0,0.0,C0282597,0
mm_0008874,BioBERT,7,2,"{""UMLS:C1257990"": 6, ""C1447749"": 1}",0.5916727785823275,0.21075809614719848,0.0,UMLS:C1257990,0
mm_0008874,PubMedBERT,7,2,"{""C1839576"": 3, ""C1447749"": 4}",0.9852281360342515,0.35094534299644053,0.0,C1447749,0
mm_0008935,BERT-base,7,1,"{""UMLS:C1257990"": 7}",-0.0,-0.0,0.0,UMLS:C1257990,0
mm_0008935,BioBERT,7,1,"{""C0752615"": 7}",-0.0,-0.0,0.0,C0752615,0
mm_0008935,PubMedBERT,7,2,"{""C1839576"": 6, ""C1447749"": 1}",0.5916727785823275,0.21075809614719848,0.0,C1839576,0
mm_0009136,BERT-base,5,1,"{""UMLS:C1257990"": 5}",-0.0,-0.0,0.0,UMLS:C1257990,0
mm_0009136,BioBERT,5,2,"{""UMLS:C1257990"": 3, ""C0258846"": 2}",0.9709505944546686,0.4181656600790516,0.0,UMLS:C1257990,0
mm_0009136,PubMedBERT,5,1,"{""C1447749"": 5}",-0.0,-0.0,0.0,C1447749,0
mm_0009327,BERT-base,7,2,"{""C1447749"": 5, ""C4277543"": 2}",0.863120568566631,0.30744974986419643,0.0,C1447749,0
mm_0009327,BioBERT,7,1,"{""UMLS:C1257990"": 7}",-0.0,-0.0,0.0,UMLS:C1257990,0
mm_0009327,PubMedBERT,7,1,"{""C1447749"": 7}",-0.0,-0.0,0.0,C1447749,0
mm_0009884,BERT-base,7,1,"{""C0169661"": 7}",-0.0,-0.0,0.0,C0169661,0
mm_0009884,BioBERT,7,3,"{""C0008396"": 4, ""C1447749"": 1, ""UMLS:C1257990"": 2}",1.3787834934861753,0.49113258984568253,0.0,C0008396,0
mm_0009884,PubMedBERT,7,2,"{""C1839576"": 1, ""C1447749"": 6}",0.5916727785823275,0.21075809614719848,0.0,C1447749,0
mm_0010371,BERT-base,5,2,"{""C1312419"": 3, ""UMLS:C1257990"": 2}",0.9709505944546686,0.4181656600790516,0.0,C1312419,0
mm_0010371,BioBERT,5,3,"{""C0008396"": 3, ""C0059563"": 1, ""UMLS:C1707887"": 1}",1.3709505944546687,0.5904362833084089,0.0,C0008396,1
mm_0010371,PubMedBERT,5,1,"{""C1447749"": 5}",-0.0,-0.0,0.0,C1447749,0
mm_0011144,BERT-base,7,2,"{""UMLS:C0919821"": 5, ""C1447749"": 2}",0.863120568566631,0.30744974986419643,0.0,UMLS:C0919821,0
mm_0011144,BioBERT,7,1,"{""UMLS:C0919821"": 7}",-0.0,-0.0,0.0,UMLS:C0919821,0
mm_0011144,PubMedBERT,7,1,"{""C1447749"": 7}",-0.0,-0.0,0.0,C1447749,0
mm_0011490,BERT-base,5,1,"{""C0018966"": 5}",-0.0,-0.0,0.0,C0018966,0
mm_0011490,BioBERT,5,1,"{""UMLS:C1100347"": 5}",-0.0,-0.0,1.0,UMLS:C1100347,0
mm_0011490,PubMedBERT,5,1,"{""C0018966"": 5}",-0.0,-0.0,0.0,C0018966,0
mm_0011728,BERT-base,7,1,"{""UMLS:C1257990"": 7}",-0.0,-0.0,0.0,UMLS:C1257990,0
mm_0011728,BioBERT,7,1,"{""UMLS:C1257990"": 7}",-0.0,-0.0,0.0,UMLS:C1257990,0
mm_0011728,PubMedBERT,7,1,"{""C1431322"": 7}",-0.0,-0.0,0.0,C1431322,0
mm_0013400,BERT-base,5,1,"{""C1447749"": 5}",-0.0,-0.0,0.0,C1447749,0
mm_0013400,BioBERT,5,1,"{""C1999375"": 5}",-0.0,-0.0,0.0,C1999375,0
mm_0013400,PubMedBERT,5,1,"{""C1999375"": 5}",-0.0,-0.0,0.0,C1999375,0
mm_0013465,BERT-base,5,1,"{""C1447749"": 5}",-0.0,-0.0,0.0,C1447749,0
mm_0013465,BioBERT,5,1,"{""C1447749"": 5}",-0.0,-0.0,0.0,C1447749,0
mm_0013465,PubMedBERT,5,2,"{""C1839576"": 2, ""C1447749"": 3}",0.9709505944546686,0.4181656600790516,0.0,C1447749,0
mm_0014062,BERT-base,7,1,"{""C1739108"": 7}",-0.0,-0.0,0.0,C1739108,0
mm_0014062,BioBERT,7,1,"{""C1839576"": 7}",-0.0,-0.0,0.0,C1839576,0
mm_0014062,PubMedBERT,7,1,"{""C1839576"": 7}",-0.0,-0.0,0.0,C1839576,0
mm_0014155,BERT-base,7,1,"{""UMLS:C1257990"": 7}",-0.0,-0.0,0.0,UMLS:C1257990,0
mm_0014155,BioBERT,7,1,"{""UMLS:C1257990"": 7}",-0.0,-0.0,0.0,UMLS:C1257990,0
mm_0014155,PubMedBERT,7,2,"{""UMLS:C1423931"": 5, ""UMLS:C1257990"": 2}",0.863120568566631,0.30744974986419643,0.0,UMLS:C1423931,0
mm_0014726,BERT-base,5,1,"{""C1447749"": 5}",-0.0,-0.0,0.0,C1447749,0
mm_0014726,BioBERT,5,1,"{""UMLS:C1257990"": 5}",-0.0,-0.0,0.0,UMLS:C1257990,0
mm_0014726,PubMedBERT,5,1,"{""C1839576"": 5}",-0.0,-0.0,0.0,C1839576,0
mm_0015061,BERT-base,3,1,"{""UMLS:C1257990"": 3}",-0.0,-0.0,0.0,UMLS:C1257990,0
mm_0015061,BioBERT,3,1,"{""C0075128"": 3}",-0.0,-0.0,0.0,C0075128,0
mm_0015061,PubMedBERT,3,1,"{""C1839576"": 3}",-0.0,-0.0,0.0,C1839576,0
mm_0015627,BERT-base,7,3,"{""C0242264"": 3, ""UMLS:C2347609"": 2, ""C3178916"": 2}",1.5566567074628228,0.5544923070581674,0.0,C0242264,1
mm_0015627,BioBERT,7,1,"{""UMLS:C1257990"": 7}",-0.0,-0.0,0.0,UMLS:C1257990,0
mm_0015627,PubMedBERT,7,2,"{""C1839576"": 4, ""UMLS:C1257990"": 3}",0.9852281360342515,0.35094534299644053,0.0,C1839576,0
mm_0015640,BERT-base,5,2,"{""C1431519"": 4, ""UMLS:C1257990"": 1}",0.7219280948873623,0.31091750708257115,0.0,C1431519,0
mm_0015640,BioBERT,5,1,"{""UMLS:C1257990"": 5}",-0.0,-0.0,0.0,UMLS:C1257990,0
mm_0015640,PubMedBERT,5,1,"{""UMLS:C1257990"": 5}",-0.0,-0.0,0.0,UMLS:C1257990,0
mm_0015817,BERT-base,3,1,"{""C1839576"": 3}",-0.0,-0.0,0.0,C1839576,0
mm_0015817,BioBERT,3,1,"{""C1839576"": 3}",-0.0,-0.0,0.0,C1839576,0
mm_0015817,PubMedBERT,3,1,"{""C1839576"": 3}",-0.0,-0.0,0.0,C1839576,0
mm_0016164,BERT-base,8,2,"{""C4042892"": 7, ""UMLS:C1283169"": 1}",0.5435644431995964,0.1811881477331988,0.0,C4042892,0
mm_0016164,BioBERT,8,1,"{""UMLS:C1707887"": 8}",-0.0,-0.0,0.0,UMLS:C1707887,0
mm_0016164,PubMedBERT,8,1,"{""C1447749"": 8}",-0.0,-0.0,0.0,C1447749,0
mm_0016721,BERT-base,3,1,"{""UMLS:C0242193"": 3}",-0.0,-0.0,0.0,UMLS:C0242193,0
mm_0016721,BioBERT,3,1,"{""C1447749"": 3}",-0.0,-0.0,0.0,C1447749,0
mm_0016721,PubMedBERT,3,1,"{""C1447749"": 3}",-0.0,-0.0,0.0,C1447749,0
mm_0017862,BERT-base,9,2,"{""UMLS:C1257990"": 7, ""UMLS:C0358514"": 2}",0.7642045065086203,0.24107968048484052,0.0,UMLS:C1257990,0
mm_0017862,BioBERT,9,1,"{""UMLS:C1257990"": 9}",-0.0,-0.0,0.0,UMLS:C1257990,0
mm_0017862,PubMedBERT,9,3,"{""UMLS:C1824675"": 3, ""UMLS:C1257990"": 4, ""C1839576"": 2}",1.5304930567574824,0.48281680357141255,0.0,UMLS:C1257990,0
mm_0018144,BERT-base,7,1,"{""C1447749"": 7}",-0.0,-0.0,0.0,C1447749,0
mm_0018144,BioBERT,7,2,"{""C1447749"": 5, ""C0753253"": 2}",0.863120568566631,0.30744974986419643,0.0,C1447749,0
mm_0018144,PubMedBERT,7,2,"{""C1839576"": 5, ""C1447749"": 2}",0.863120568566631,0.30744974986419643,0.0,C1839576,0
mm_0018948,BERT-base,5,1,"{""C1312419"": 5}",-0.0,-0.0,0.0,C1312419,0
mm_0018948,BioBERT,5,2,"{""C0265267"": 3, ""C1312419"": 2}",0.9709505944546686,0.4181656600790516,0.0,C0265267,0
mm_0018948,PubMedBERT,5,1,"{""C1447749"": 5}",-0.0,-0.0,0.0,C1447749,0
mm_0019627,BERT-base,6,1,"{""C1447749"": 6}",-0.0,-0.0,0.0,C1447749,0
mm_0019627,BioBERT,6,1,"{""C1447749"": 6}",-0.0,-0.0,0.0,C1447749,0
mm_0019627,PubMedBERT,6,2,"{""C1447749"": 5, ""C1839576"": 1}",0.6500224216483541,0.25146299858006066,0.0,C1447749,0
mm_0020635,BERT-base,7,2,"{""C0069676"": 2, ""C0059563"": 5}",0.863120568566631,0.30744974986419643,0.0,C0059563,0
mm_0020635,BioBERT,7,1,"{""C0061751"": 7}",-0.0,-0.0,0.0,C0061751,0
mm_0020635,PubMedBERT,7,1,"{""C0018966"": 7}",-0.0,-0.0,0.0,C0018966,0
mm_0020797,BERT-base,7,1,"{""UMLS:C1257990"": 7}",-0.0,-0.0,0.0,UMLS:C1257990,0
mm_0020797,BioBERT,7,1,"{""C1868801"": 7}",-0.0,-0.0,0.0,C1868801,0
mm_0020797,PubMedBERT,7,1,"{""C1839576"": 7}",-0.0,-0.0,0.0,C1839576,0
mm_0020876,BERT-base,3,1,"{""C1312419"": 3}",-0.0,-0.0,0.0,C1312419,0
mm_0020876,BioBERT,3,2,"{""C1447749"": 1, ""C0265267"": 2}",0.9182958340544896,0.579380164285695,0.0,C0265267,1
mm_0020876,PubMedBERT,3,1,"{""C1447749"": 3}",-0.0,-0.0,0.0,C1447749,0
mm_0021148,BERT-base,4,1,"{""C1447749"": 4}",-0.0,-0.0,0.0,C1447749,0
mm_0021148,BioBERT,4,1,"{""C1839576"": 4}",-0.0,-0.0,0.0,C1839576,0
mm_0021148,PubMedBERT,4,1,"{""C1839576"": 4}",-0.0,-0.0,0.0,C1839576,0
mm_0021420,BERT-base,7,2,"{""C1447749"": 5, ""C1739108"": 2}",0.863120568566631,0.30744974986419643,0.0,C1447749,0
mm_0021420,BioBERT,7,1,"{""C1861172"": 7}",-0.0,-0.0,0.0,C1861172,0
mm_0021420,PubMedBERT,7,1,"{""C0015131"": 7}",-0.0,-0.0,0.0,C0015131,0
mm_0021524,BERT-base,6,1,"{""UMLS:C1257990"": 6}",-0.0,-0.0,0.0,UMLS:C1257990,0
mm_0021524,BioBERT,6,2,"{""UMLS:C1257990"": 4, ""UMLS:C1707887"": 2}",0.9182958340544896,0.355245321275764,0.0,UMLS:C1257990,0
mm_0021524,PubMedBERT,6,2,"{""C1447749"": 4, ""C1839576"": 2}",0.9182958340544896,0.355245321275764,0.0,C1447749,0
mm_0022106,BERT-base,5,1,"{""UMLS:C1257990"": 5}",-0.0,-0.0,0.0,UMLS:C1257990,0
mm_0022106,BioBERT,5,1,"{""C0075128"": 5}",-0.0,-0.0,0.0,C0075128,0
mm_0022106,PubMedBERT,5,1,"{""C1431322"": 5}",-0.0,-0.0,0.0,C1431322,0
mm_0022147,BERT-base,3,2,"{""UMLS:C1257990"": 1, ""C1839576"": 2}",0.9182958340544896,0.579380164285695,0.0,C1839576,1
mm_0022147,BioBERT,3,1,"{""C1868801"": 3}",-0.0,-0.0,0.0,C1868801,0
mm_0022147,PubMedBERT,3,1,"{""C1839576"": 3}",-0.0,-0.0,0.0,C1839576,0
mm_0023569,BERT-base,5,3,"{""C0030013"": 1, ""C0524984"": 3, ""C1312419"": 1}",1.3709505944546687,0.5904362833084089,0.0,C0524984,1
mm_0023569,BioBERT,5,1,"{""C1447749"": 5}",-0.0,-0.0,0.0,C1447749,0
mm_0023569,PubMedBERT,5,1,"{""C1447749"": 5}",-0.0,-0.0,0.0,C1447749,0
mm_0023586,BERT-base,5,1,"{""UMLS:C1257990"": 5}",-0.0,-0.0,0.0,UMLS:C1257990,0
mm_0023586,BioBERT,5,2,"{""C0265267"": 4, ""C1312419"": 1}",0.7219280948873623,0.31091750708257115,0.0,C0265267,0
mm_0023586,PubMedBERT,5,1,"{""C1447749"": 5}",-0.0,-0.0,0.0,C1447749,0
mm_0024314,BERT-base,3,1,"{""UMLS:C0242193"": 3}",-0.0,-0.0,0.0,UMLS:C0242193,0
mm_0024314,BioBERT,3,1,"{""UMLS:C0684224"": 3}",-0.0,-0.0,1.0,UMLS:C0684224,0
mm_0024314,PubMedBERT,3,1,"{""C1447749"": 3}",-0.0,-0.0,0.0,C1447749,0
mm_0024549,BERT-base,6,1,"{""UMLS:C1257990"": 6}",-0.0,-0.0,0.0,UMLS:C1257990,0
mm_0024549,BioBERT,6,1,"{""UMLS:C1257990"": 6}",-0.0,-0.0,0.0,UMLS:C1257990,0
mm_0024549,PubMedBERT,6,1,"{""C1839576"": 6}",-0.0,-0.0,0.0,C1839576,0
mm_0024701,BERT-base,7,1,"{""UMLS:C1257990"": 7}",-0.0,-0.0,0.0,UMLS:C1257990,0
mm_0024701,BioBERT,7,1,"{""UMLS:C1257990"": 7}",-0.0,-0.0,0.0,UMLS:C1257990,0
mm_0024701,PubMedBERT,7,2,"{""C1839576"": 3, ""UMLS:C1257990"": 4}",0.9852281360342515,0.35094534299644053,0.0,UMLS:C1257990,0
mm_0024729,BERT-base,4,3,"{""UMLS:C0444254"": 1, ""UMLS:C0242193"": 1, ""C0030201"": 2}",1.5,0.75,0.0,C0030201,1
mm_0024729,BioBERT,4,1,"{""UMLS:C1707887"": 4}",-0.0,-0.0,0.0,UMLS:C1707887,0
mm_0024729,PubMedBERT,4,1,"{""C1839576"": 4}",-0.0,-0.0,0.0,C1839576,0
mm_0024960,BERT-base,5,2,"{""C0017263"": 3, ""C1512167"": 2}",0.9709505944546686,0.4181656600790516,0.0,C0017263,0
mm_0024960,BioBERT,5,1,"{""C1447749"": 5}",-0.0,-0.0,0.0,C1447749,0
mm_0024960,PubMedBERT,5,2,"{""C1839576"": 3, ""C1447749"": 2}",0.9709505944546686,0.4181656600790516,0.0,C1839576,0
mm_0025176,BERT-base,9,2,"{""UMLS:C1707887"": 4, ""UMLS:C0242193"": 5}",0.9910760598382222,0.3126496871021503,0.0,UMLS:C0242193,0
mm_0025176,BioBERT,9,2,"{""C1447749"": 4, ""UMLS:C1707887"": 5}",0.9910760598382222,0.3126496871021503,0.0,UMLS:C1707887,0
mm_0025176,PubMedBERT,9,1,"{""C1447749"": 9}",-0.0,-0.0,0.0,C1447749,0
mm_0025371,BERT-base,7,1,"{""C0034698"": 7}",-0.0,-0.0,0.0,C0034698,0
mm_0025371,BioBERT,7,2,"{""UMLS:C1257990"": 5, ""UMLS:C1707887"": 2}",0.863120568566631,0.30744974986419643,0.0,UMLS:C1257990,0
mm_0025371,PubMedBERT,7,2,"{""C1839576"": 2, ""C1447749"": 5}",0.863120568566631,0.30744974986419643,0.0,C1447749,0
mm_0026424,BERT-base,7,1,"{""UMLS:C1257990"": 7}",-0.0,-0.0,0.0,UMLS:C1257990,0
mm_0026424,BioBERT,7,1,"{""UMLS:C1257990"": 7}",-0.0,-0.0,0.0,UMLS:C1257990,0
mm_0026424,PubMedBERT,7,1,"{""C1447749"": 7}",-0.0,-0.0,0.0,C1447749,0
mm_0026578,BERT-base,3,1,"{""UMLS:C1707887"": 3}",-0.0,-0.0,0.0,UMLS:C1707887,0
mm_0026578,BioBERT,3,1,"{""C0027609"": 3}",-0.0,-0.0,0.0,C0027609,0
mm_0026578,PubMedBERT,3,1,"{""C1447749"": 3}",-0.0,-0.0,0.0,C1447749,0
mm_0027474,BERT-base,3,2,"{""C0280321"": 1, ""UMLS:C1257990"": 2}",0.9182958340544896,0.579380164285695,0.0,UMLS:C1257990,1
mm_0027474,BioBERT,3,2,"{""C0280324"": 1, ""C1431519"": 2}",0.9182958340544896,0.579380164285695,0.0,C1431519,1
mm_0027474,PubMedBERT,3,1,"{""C1839576"": 3}",-0.0,-0.0,0.0,C1839576,0
mm_0027509,BERT-base,6,1,"{""UMLS:C1257990"": 6}",-0.0,-0.0,0.0,UMLS:C1257990,0
mm_0027509,BioBERT,6,2,"{""C1312419"": 4, ""C1447749"": 2}",0.9182958340544896,0.355245321275764,0.0,C1312419,0
mm_0027509,PubMedBERT,6,2,"{""C1839576"": 4, ""C1447749"": 2}",0.9182958340544896,0.355245321275764,0.0,C1839576,0
mm_0027520,BERT-base,9,1,"{""UMLS:C1257990"": 9}",-0.0,-0.0,0.0,UMLS:C1257990,0
mm_0027520,BioBERT,9,2,"{""C0034885"": 5, ""UMLS:C1257990"": 4}",0.9910760598382222,0.3126496871021503,0.0,C0034885,0
mm_0027520,PubMedBERT,9,1,"{""C1839576"": 9}",-0.0,-0.0,0.0,C1839576,0
mm_0028097,BERT-base,5,1,"{""C1134421"": 5}",-0.0,-0.0,0.0,C1134421,0
mm_0028097,BioBERT,5,3,"{""C0265267"": 1, ""UMLS:C1015514"": 2, ""C0006121"": 2}",1.5219280948873621,0.6554587535412855,0.0,UMLS:C1015514,1
mm_0028097,PubMedBERT,5,1,"{""UMLS:C0242724"": 5}",-0.0,-0.0,0.0,UMLS:C0242724,0
mm_0028311,BERT-base,5,2,"{""C1136156"": 3, ""UMLS:C1283169"": 2}",0.9709505944546686,0.4181656600790516,0.0,C1136156,0
mm_0028311,BioBERT,5,1,"{""UMLS:C1707887"": 5}",-0.0,-0.0,0.0,UMLS:C1707887,0
mm_0028311,PubMedBERT,5,2,"{""UMLS:C0035363"": 4, ""UMLS:C1707887"": 1}",0.7219280948873623,0.31091750708257115,0.0,UMLS:C0035363,0
mm_0028386,BERT-base,7,1,"{""C1257965"": 7}",-0.0,-0.0,0.0,C1257965,0
mm_0028386,BioBERT,7,2,"{""C3888018"": 3, ""C0032914"": 4}",0.9852281360342515,0.35094534299644053,0.0,C0032914,0
mm_0028386,PubMedBERT,7,2,"{""C1839576"": 5, ""C1447749"": 2}",0.863120568566631,0.30744974986419643,0.0,C1839576,0
mm_0028492,BERT-base,7,1,"{""UMLS:C1257990"": 7}",-0.0,-0.0,0.0,UMLS:C1257990,0
mm_0028492,BioBERT,7,1,"{""C1868801"": 7}",-0.0,-0.0,0.0,C1868801,0
mm_0028492,PubMedBERT,7,1,"{""C1839576"": 7}",-0.0,-0.0,0.0,C1839576,0
mm_0028536,BERT-base,3,1,"{""C1312419"": 3}",-0.0,-0.0,0.0,C1312419,0
mm_0028536,BioBERT,3,1,"{""C0265267"": 3}",-0.0,-0.0,0.0,C0265267,0
mm_0028536,PubMedBERT,3,1,"{""C1447749"": 3}",-0.0,-0.0,0.0,C1447749,0
mm_0029538,BERT-base,6,1,"{""UMLS:C0242193"": 6}",-0.0,-0.0,0.0,UMLS:C0242193,0
mm_0029538,BioBERT,6,2,"{""C0027609"": 4, ""C1447749"": 2}",0.9182958340544896,0.355245321275764,0.0,C0027609,0
mm_0029538,PubMedBERT,6,2,"{""C1447749"": 4, ""C1839576"": 2}",0.9182958340544896,0.355245321275764,0.0,C1447749,0
mm_0030505,BERT-base,5,1,"{""UMLS:C1257990"": 5}",-0.0,-0.0,0.0,UMLS:C1257990,0
mm_0030505,BioBERT,5,1,"{""C0008396"": 5}",-0.0,-0.0,0.0,C0008396,0
mm_0030505,PubMedBERT,5,2,"{""C1839576"": 3, ""C0015131"": 2}",0.9709505944546686,0.4181656600790516,0.0,C1839576,0
mm_0030723,BERT-base,5,2,"{""C1431519"": 3, ""C1739108"": 2}",0.9709505944546686,0.4181656600790516,0.0,C1431519,0
mm_0030723,BioBERT,5,3,"{""C1447749"": 2, ""UMLS:C1707887"": 2, ""C0265267"": 1}",1.5219280948873621,0.6554587535412855,0.0,C1447749,1
mm_0030723,PubMedBERT,5,1,"{""C1839576"": 5}",-0.0,-0.0,0.0,C1839576,0
mm_0030830,BERT-base,7,2,"{""C0282597"": 4, ""UMLS:C1257990"": 3}",0.9852281360342515,0.35094534299644053,0.0,C0282597,0
mm_0030830,BioBERT,7,1,"{""UMLS:C1707887"": 7}",-0.0,-0.0,0.0,UMLS:C1707887,0
mm_0030830,PubMedBERT,7,1,"{""C1839576"": 7}",-0.0,-0.0,0.0,C1839576,0
mm_0031319,BERT-base,3,2,"{""C1955876"": 1, ""C1312419"": 2}",0.9182958340544896,0.579380164285695,0.0,C1312419,1
mm_0031319,BioBERT,3,1,"{""C0008354"": 3}",-0.0,-0.0,0.0,C0008354,0
mm_0031319,PubMedBERT,3,1,"{""C1839576"": 3}",-0.0,-0.0,0.0,C1839576,0
mm_0031336,BERT-base,7,2,"{""UMLS:C1257990"": 5, ""C0034698"": 2}",0.863120568566631,0.30744974986419643,0.0,UMLS:C1257990,0
mm_0031336,BioBERT,7,1,"{""C0008354"": 7}",-0.0,-0.0,0.0,C0008354,0
mm_0031336,PubMedBERT,7,1,"{""C1839576"": 7}",-0.0,-0.0,0.0,C1839576,0
mm_0031384,BERT-base,7,2,"{""C1312419"": 6, ""C1447749"": 1}",0.5916727785823275,0.21075809614719848,0.0,C1312419,0
mm_0031384,BioBERT,7,1,"{""UMLS:C1257990"": 7}",-0.0,-0.0,0.0,UMLS:C1257990,0
mm_0031384,PubMedBERT,7,3,"{""C0059438"": 5, ""C1839576"": 1, ""UMLS:C1257990"": 1}",1.1488348542809166,0.4092232318950598,0.0,C0059438,0
mm_0032024,BERT-base,6,1,"{""UMLS:C0242193"": 6}",-0.0,-0.0,1.0,UMLS:C0242193,0
mm_0032024,BioBERT,6,1,"{""UMLS:C0242193"": 6}",-0.0,-0.0,1.0,UMLS:C0242193,0
mm_0032024,PubMedBERT,6,1,"{""UMLS:C0242193"": 6}",-0.0,-0.0,1.0,UMLS:C0242193,0
mm_0032896,BERT-base,3,1,"{""C0034698"": 3}",-0.0,-0.0,0.0,C0034698,0
mm_0032896,BioBERT,3,1,"{""C0265267"": 3}",-0.0,-0.0,0.0,C0265267,0
mm_0032896,PubMedBERT,3,1,"{""C1839576"": 3}",-0.0,-0.0,0.0,C1839576,0
mm_0033033,BERT-base,5,1,"{""C1447749"": 5}",-0.0,-0.0,0.0,C1447749,0
mm_0033033,BioBERT,5,1,"{""C0027609"": 5}",-0.0,-0.0,0.0,C0027609,0
mm_0033033,PubMedBERT,5,2,"{""C1839576"": 3, ""C1447749"": 2}",0.9709505944546686,0.4181656600790516,0.0,C1839576,0
mm_0033615,BERT-base,6,1,"{""C1447749"": 6}",-0.0,-0.0,0.0,C1447749,0
mm_0033615,BioBERT,6,4,"{""C1370369"": 1, ""C0008396"": 1, ""C1312419"": 2, ""UMLS:C1257990"": 2}",1.9182958340544896,0.7420981285103057,0.0,C1312419,1
mm_0033615,PubMedBERT,6,2,"{""C1447749"": 4, ""C1839576"": 2}",0.9182958340544896,0.355245321275764,0.0,C1447749,0
mm_0034026,BERT-base,3,1,"{""UMLS:C0038467"": 3}",-0.0,-0.0,0.0,UMLS:C0038467,0
mm_0034026,BioBERT,3,2,"{""UMLS:C1257990"": 2, ""UMLS:C0038467"": 1}",0.9182958340544896,0.579380164285695,0.0,UMLS:C1257990,1
mm_0034026,PubMedBERT,3,1,"{""UMLS:C0038467"": 3}",-0.0,-0.0,0.0,UMLS:C0038467,0
mm_0034135,BERT-base,5,2,"{""C0040048"": 4, ""C1447749"": 1}",0.7219280948873623,0.31091750708257115,0.0,C0040048,0
mm_0034135,BioBERT,5,2,"{""C1839576"": 1, ""C1447749"": 4}",0.7219280948873623,0.31091750708257115,0.0,C1447749,0
mm_0034135,PubMedBERT,5,1,"{""C1839576"": 5}",-0.0,-0.0,0.0,C1839576,0
mm_0035154,BERT-base,5,2,"{""C1447749"": 4, ""UMLS:C1257990"": 1}",0.7219280948873623,0.31091750708257115,0.0,C1447749,0
mm_0035154,BioBERT,5,1,"{""UMLS:C1257990"": 5}",-0.0,-0.0,0.0,UMLS:C1257990,0
mm_0035154,PubMedBERT,5,2,"{""C1839576"": 3, ""C1447749"": 2}",0.9709505944546686,0.4181656600790516,0.0,C1839576,0
mm_0035353,BERT-base,8,2,"{""C0075128"": 7, ""UMLS:C1257990"": 1}",0.5435644431995964,0.1811881477331988,0.0,C0075128,0
mm_0035353,BioBERT,8,2,"{""UMLS:C1257990"": 5, ""C0008396"": 3}",0.954434002924965,0.318144667641655,0.0,UMLS:C1257990,0
mm_0035353,PubMedBERT,8,2,"{""C1447749"": 6, ""C1839576"": 2}",0.8112781244591328,0.2704260414863776,0.0,C1447749,0
mm_0035658,BERT-base,3,1,"{""C1447749"": 3}",-0.0,-0.0,0.0,C1447749,0
mm_0035658,BioBERT,3,1,"{""C1447749"": 3}",-0.0,-0.0,0.0,C1447749,0
mm_0035658,PubMedBERT,3,2,"{""C1447749"": 1, ""C1839576"": 2}",0.9182958340544896,0.579380164285695,0.0,C1839576,1
mm_0036097,BERT-base,7,1,"{""UMLS:C1257990"": 7}",-0.0,-0.0,0.0,UMLS:C1257990,0
mm_0036097,BioBERT,7,1,"{""UMLS:C1257990"": 7}",-0.0,-0.0,0.0,UMLS:C1257990,0
mm_0036097,PubMedBERT,7,1,"{""C1447749"": 7}",-0.0,-0.0,0.0,C1447749,0
mm_0036129,BERT-base,5,2,"{""UMLS:C2350390"": 3, ""UMLS:C1257990"": 2}",0.9709505944546686,0.4181656600790516,0.0,UMLS:C2350390,0
mm_0036129,BioBERT,5,2,"{""UMLS:C1257990"": 4, ""UMLS:C1707887"": 1}",0.7219280948873623,0.31091750708257115,0.0,UMLS:C1257990,0
mm_0036129,PubMedBERT,5,1,"{""C0015131"": 5}",-0.0,-0.0,0.0,C0015131,0
mm_0036226,BERT-base,7,2,"{""C0949359"": 3, ""UMLS:C1158849"": 4}",0.9852281360342515,0.35094534299644053,0.0,UMLS:C1158849,0
mm_0036226,BioBERT,7,2,"{""C0061751"": 5, ""C1257880"": 2}",0.863120568566631,0.30744974986419643,0.0,C0061751,0
mm_0036226,PubMedBERT,7,1,"{""C1447749"": 7}",-0.0,-0.0,0.0,C1447749,0
mm_0036569,BERT-base,7,1,"{""UMLS:C1257990"": 7}",-0.0,-0.0,0.0,UMLS:C1257990,0
mm_0036569,BioBERT,7,2,"{""UMLS:C1257990"": 3, ""C1447749"": 4}",0.9852281360342515,0.35094534299644053,0.0,C1447749,0
mm_0036569,PubMedBERT,7,2,"{""C1839576"": 5, ""C1447749"": 2}",0.863120568566631,0.30744974986419643,0.0,C1839576,0
mm_0037241,BERT-base,6,1,"{""C1447749"": 6}",-0.0,-0.0,0.0,C1447749,0
mm_0037241,BioBERT,6,2,"{""UMLS:C1257990"": 3, ""C1447749"": 3}",1.0,0.38685280723454163,0.0,UMLS:C1257990,0
mm_0037241,PubMedBERT,6,2,"{""UMLS:C1257990"": 4, ""C1839576"": 2}",0.9182958340544896,0.355245321275764,0.0,UMLS:C1257990,0
mm_0037245,BERT-base,6,2,"{""C1447749"": 5, ""UMLS:C1257990"": 1}",0.6500224216483541,0.25146299858006066,0.0,C1447749,0
mm_0037245,BioBERT,6,2,"{""UMLS:C1257990"": 3, ""C1447749"": 3}",1.0,0.38685280723454163,0.0,UMLS:C1257990,0
mm_0037245,PubMedBERT,6,2,"{""UMLS:C1257990"": 4, ""C1839576"": 2}",0.9182958340544896,0.355245321275764,0.0,UMLS:C1257990,0
mm_0037301,BERT-base,5,1,"{""UMLS:C1257990"": 5}",-0.0,-0.0,0.0,UMLS:C1257990,0
mm_0037301,BioBERT,5,1,"{""UMLS:C1257990"": 5}",-0.0,-0.0,0.0,UMLS:C1257990,0
mm_0037301,PubMedBERT,5,1,"{""C1447749"": 5}",-0.0,-0.0,0.0,C1447749,0
mm_0037668,BERT-base,5,2,"{""UMLS:C0242193"": 3, ""C0005976"": 2}",0.9709505944546686,0.4181656600790516,0.0,UMLS:C0242193,0
mm_0037668,BioBERT,5,1,"{""UMLS:C1257990"": 5}",-0.0,-0.0,0.0,UMLS:C1257990,0
mm_0037668,PubMedBERT,5,2,"{""C1447749"": 4, ""C1839576"": 1}",0.7219280948873623,0.31091750708257115,0.0,C1447749,0
mm_0037976,BERT-base,9,2,"{""UMLS:C0010362"": 7, ""UMLS:C0242193"": 2}",0.7642045065086203,0.24107968048484052,0.7777777777777778,UMLS:C0010362,0
mm_0037976,BioBERT,9,1,"{""UMLS:C0010362"": 9}",-0.0,-0.0,1.0,UMLS:C0010362,0
mm_0037976,PubMedBERT,9,2,"{""UMLS:C0010362"": 5, ""C1839576"": 4}",0.9910760598382222,0.3126496871021503,0.5555555555555556,UMLS:C0010362,0
mm_0038321,BERT-base,4,2,"{""UMLS:C1257990"": 2, ""UMLS:C2350390"": 2}",1.0,0.5,0.0,UMLS:C1257990,1
mm_0038321,BioBERT,4,1,"{""UMLS:C1257990"": 4}",-0.0,-0.0,0.0,UMLS:C1257990,0
mm_0038321,PubMedBERT,4,1,"{""C1447749"": 4}",-0.0,-0.0,0.0,C1447749,0
mm_0038389,BERT-base,5,1,"{""UMLS:C0681906"": 5}",-0.0,-0.0,0.0,UMLS:C0681906,0
mm_0038389,BioBERT,5,2,"{""C5392105"": 1, ""C0027609"": 4}",0.7219280948873623,0.31091750708257115,0.0,C0027609,0
mm_0038389,PubMedBERT,5,1,"{""C1839576"": 5}",-0.0,-0.0,0.0,C1839576,0
mm_0038431,BERT-base,7,3,"{""C1312419"": 4, ""UMLS:C3808257"": 1, ""UMLS:C1257990"": 2}",1.3787834934861753,0.49113258984568253,0.0,C1312419,0
mm_0038431,BioBERT,7,1,"{""C0008354"": 7}",-0.0,-0.0,0.0,C0008354,0
mm_0038431,PubMedBERT,7,2,"{""C1447749"": 6, ""UMLS:C1502411"": 1}",0.5916727785823275,0.21075809614719848,0.0,C1447749,0
mm_0038623,BERT-base,7,3,"{""C1447749"": 5, ""C1312419"": 1, ""UMLS:C1257990"": 1}",1.1488348542809166,0.4092232318950598,0.0,C1447749,0
mm_0038623,BioBERT,7,2,"{""C0265267"": 6, ""UMLS:C1257990"": 1}",0.5916727785823275,0.21075809614719848,0.0,C0265267,0
mm_0038623,PubMedBERT,7,1,"{""C1447749"": 7}",-0.0,-0.0,0.0,C1447749,0
mm_0038625,BERT-base,7,2,"{""C1447749"": 5, ""UMLS:C1257990"": 2}",0.863120568566631,0.30744974986419643,0.0,C1447749,0
mm_0038625,BioBERT,7,2,"{""C0265267"": 5, ""UMLS:C1257990"": 2}",0.863120568566631,0.30744974986419643,0.0,C0265267,0
mm_0038625,PubMedBERT,7,1,"{""C1447749"": 7}",-0.0,-0.0,0.0,C1447749,0
mm_0039859,BERT-base,9,1,"{""UMLS:C1257990"": 9}",-0.0,-0.0,0.0,UMLS:C1257990,0
mm_0039859,BioBERT,9,1,"{""UMLS:C1257990"": 9}",-0.0,-0.0,0.0,UMLS:C1257990,0
mm_0039859,PubMedBERT,9,2,"{""C1447749"": 7, ""UMLS:C1257990"": 2}",0.7642045065086203,0.24107968048484052,0.0,C1447749,0
mm_0040043,BERT-base,5,2,"{""C2936621"": 4, ""UMLS:C1257990"": 1}",0.7219280948873623,0.31091750708257115,0.0,C2936621,0
mm_0040043,BioBERT,5,2,"{""UMLS:C1257990"": 2, ""UMLS:C2936621"": 3}",0.9709505944546686,0.4181656600790516,0.6,UMLS:C2936621,0
mm_0040043,PubMedBERT,5,3,"{""C1370369"": 1, ""C1839576"": 3, ""C1447749"": 1}",1.3709505944546687,0.5904362833084089,0.0,C1839576,1
mm_0041012,BERT-base,5,1,"{""C0055966"": 5}",-0.0,-0.0,0.0,C0055966,0
mm_0041012,BioBERT,5,1,"{""C1370369"": 5}",-0.0,-0.0,0.0,C1370369,0
mm_0041012,PubMedBERT,5,1,"{""C1447749"": 5}",-0.0,-0.0,0.0,C1447749,0
mm_0041160,BERT-base,7,1,"{""C1839576"": 7}",-0.0,-0.0,0.0,C1839576,0
mm_0041160,BioBERT,7,2,"{""C1868801"": 4, ""C1839576"": 3}",0.9852281360342515,0.35094534299644053,0.0,C1868801,0
mm_0041160,PubMedBERT,7,1,"{""C0015131"": 7}",-0.0,-0.0,0.0,C0015131,0
mm_0041463,BERT-base,5,1,"{""C1447749"": 5}",-0.0,-0.0,0.0,C1447749,0
mm_0041463,BioBERT,5,1,"{""UMLS:C1707887"": 5}",-0.0,-0.0,0.0,UMLS:C1707887,0
mm_0041463,PubMedBERT,5,1,"{""C1839576"": 5}",-0.0,-0.0,0.0,C1839576,0
mm_0042594,BERT-base,5,2,"{""C1312419"": 4, ""C0169661"": 1}",0.7219280948873623,0.31091750708257115,0.0,C1312419,0
mm_0042594,BioBERT,5,2,"{""C1431322"": 4, ""UMLS:C1257990"": 1}",0.7219280948873623,0.31091750708257115,0.0,C1431322,0
mm_0042594,PubMedBERT,5,1,"{""C1431322"": 5}",-0.0,-0.0,0.0,C1431322,0
mm_0042711,BERT-base,7,2,"{""C1505427"": 6, ""C1739108"": 1}",0.5916727785823275,0.21075809614719848,0.0,C1505427,0
mm_0042711,BioBERT,7,2,"{""C0023896"": 5, ""UMLS:C1257990"": 2}",0.863120568566631,0.30744974986419643,0.0,C0023896,0
mm_0042711,PubMedBERT,7,1,"{""C1447749"": 7}",-0.0,-0.0,0.0,C1447749,0
mm_0043168,BERT-base,5,1,"{""C0024305"": 5}",-0.0,-0.0,0.0,C0024305,0
mm_0043168,BioBERT,5,2,"{""UMLS:C0024305"": 3, ""C1312419"": 2}",0.9709505944546686,0.4181656600790516,0.0,UMLS:C0024305,0
mm_0043168,PubMedBERT,5,1,"{""C1839576"": 5}",-0.0,-0.0,0.0,C1839576,0
mm_0043171,BERT-base,5,1,"{""C0024305"": 5}",-0.0,-0.0,0.0,C0024305,0
mm_0043171,BioBERT,5,2,"{""UMLS:C0024305"": 1, ""C1312419"": 4}",0.7219280948873623,0.31091750708257115,0.2,C1312419,0
mm_0043171,PubMedBERT,5,1,"{""C1839576"": 5}",-0.0,-0.0,0.0,C1839576,0
mm_0043706,BERT-base,5,1,"{""C1447749"": 5}",-0.0,-0.0,0.0,C1447749,0
mm_0043706,BioBERT,5,1,"{""UMLS:C1257990"": 5}",-0.0,-0.0,0.0,UMLS:C1257990,0
mm_0043706,PubMedBERT,5,1,"{""C0018966"": 5}",-0.0,-0.0,0.0,C0018966,0
mm_0043796,BERT-base,6,2,"{""UMLS:C1257990"": 4, ""C1312419"": 2}",0.9182958340544896,0.355245321275764,0.0,UMLS:C1257990,0
mm_0043796,BioBERT,6,2,"{""C5392105"": 2, ""UMLS:C1257990"": 4}",0.9182958340544896,0.355245321275764,0.0,UMLS:C1257990,0
mm_0043796,PubMedBERT,6,2,"{""C1447749"": 4, ""UMLS:C1257990"": 2}",0.9182958340544896,0.355245321275764,0.0,C1447749,0
mm_0044023,BERT-base,5,1,"{""C1447749"": 5}",-0.0,-0.0,0.0,C1447749,0
mm_0044023,BioBERT,5,2,"{""C0038441"": 3, ""UMLS:C1257990"": 2}",0.9709505944546686,0.4181656600790516,0.0,C0038441,0
mm_0044023,PubMedBERT,5,1,"{""C1839576"": 5}",-0.0,-0.0,0.0,C1839576,0
mm_0044396,BERT-base,9,1,"{""UMLS:C1257990"": 9}",-0.0,-0.0,0.0,UMLS:C1257990,0
mm_0044396,BioBERT,9,1,"{""UMLS:C1257990"": 9}",-0.0,-0.0,0.0,UMLS:C1257990,0
mm_0044396,PubMedBERT,9,1,"{""C1431322"": 9}",-0.0,-0.0,0.0,C1431322,0
mm_0044768,BERT-base,9,2,"{""UMLS:C0085717"": 7, ""UMLS:C1257990"": 2}",0.7642045065086203,0.24107968048484052,0.7777777777777778,UMLS:C0085717,0
mm_0044768,BioBERT,9,5,"{""C0013728"": 3, ""C1839576"": 1, ""C1176474"": 1, ""C0008396"": 2, ""C0752615"": 2}",2.197159723424149,0.693126721428565,0.0,C0013728,1
mm_0044768,PubMedBERT,9,1,"{""C1839576"": 9}",-0.0,-0.0,0.0,C1839576,0
mm_0044841,BERT-base,5,1,"{""UMLS:C1257990"": 5}",-0.0,-0.0,0.0,UMLS:C1257990,0
mm_0044841,BioBERT,5,1,"{""C1312419"": 5}",-0.0,-0.0,0.0,C1312419,0
mm_0044841,PubMedBERT,5,2,"{""C1447749"": 3, ""C1839576"": 2}",0.9709505944546686,0.4181656600790516,0.0,C1447749,0
mm_0045375,BERT-base,5,1,"{""C1257880"": 5}",-0.0,-0.0,0.0,C1257880,0
mm_0045375,BioBERT,5,1,"{""C1257880"": 5}",-0.0,-0.0,0.0,C1257880,0
mm_0045375,PubMedBERT,5,1,"{""C0015131"": 5}",-0.0,-0.0,0.0,C0015131,0
mm_0045468,BERT-base,9,1,"{""UMLS:C1257990"": 9}",-0.0,-0.0,0.0,UMLS:C1257990,0
mm_0045468,BioBERT,9,2,"{""UMLS:C1257990"": 8, ""C1312419"": 1}",0.5032583347756457,0.1587603285713901,0.0,UMLS:C1257990,0
mm_0045468,PubMedBERT,9,2,"{""C1447749"": 7, ""C1839576"": 2}",0.7642045065086203,0.24107968048484052,0.0,C1447749,0
mm_0045515,BERT-base,3,1,"{""C0265267"": 3}",-0.0,-0.0,0.0,C0265267,0
mm_0045515,BioBERT,3,1,"{""C0265267"": 3}",-0.0,-0.0,0.0,C0265267,0
mm_0045515,PubMedBERT,3,1,"{""C1839576"": 3}",-0.0,-0.0,0.0,C1839576,0
mm_0045985,BERT-base,7,1,"{""C0282597"": 7}",-0.0,-0.0,0.0,C0282597,0
mm_0045985,BioBERT,7,2,"{""UMLS:C1257990"": 6, ""C0016709"": 1}",0.5916727785823275,0.21075809614719848,0.0,UMLS:C1257990,0
mm_0045985,PubMedBERT,7,3,"{""C1839576"": 5, ""UMLS:C1257990"": 1, ""C1447749"": 1}",1.1488348542809166,0.4092232318950598,0.0,C1839576,0
mm_0046898,BERT-base,7,1,"{""C3850091"": 7}",-0.0,-0.0,0.0,C3850091,0
mm_0046898,BioBERT,7,2,"{""UMLS:C0681906"": 3, ""UMLS:C1257990"": 4}",0.9852281360342515,0.35094534299644053,0.0,UMLS:C1257990,0
mm_0046898,PubMedBERT,7,2,"{""C1839576"": 5, ""UMLS:C0681906"": 2}",0.863120568566631,0.30744974986419643,0.0,C1839576,0
mm_0046915,BERT-base,9,3,"{""C1447749"": 3, ""UMLS:C2350390"": 4, ""C0338508"": 2}",1.5304930567574824,0.48281680357141255,0.0,UMLS:C2350390,0
mm_0046915,BioBERT,9,4,"{""C0265267"": 5, ""C5392105"": 1, ""C0035541"": 1, ""C0027609"": 2}",1.6577427265048887,0.5229596049593027,0.0,C0265267,1
mm_0046915,PubMedBERT,9,3,"{""C1447749"": 5, ""C0338508"": 2, ""C0030055"": 2}",1.4355205042826666,0.4528562990069186,0.0,C1447749,0
mm_0047129,BERT-base,5,1,"{""C1447749"": 5}",-0.0,-0.0,0.0,C1447749,0
mm_0047129,BioBERT,5,2,"{""C0814154"": 1, ""C1839576"": 4}",0.7219280948873623,0.31091750708257115,0.0,C1839576,0
mm_0047129,PubMedBERT,5,1,"{""C1839576"": 5}",-0.0,-0.0,0.0,C1839576,0
mm_0047994,BERT-base,7,3,"{""UMLS:C1257990"": 1, ""UMLS:C0358514"": 4, ""C4277607"": 2}",1.3787834934861753,0.49113258984568253,0.0,UMLS:C0358514,0
mm_0047994,BioBERT,7,1,"{""C4277607"": 7}",-0.0,-0.0,0.0,C4277607,0
mm_0047994,PubMedBERT,7,2,"{""UMLS:C1015514"": 6, ""UMLS:C1707887"": 1}",0.5916727785823275,0.21075809614719848,0.0,UMLS:C1015514,0
mm_0048041,BERT-base,9,1,"{""C1447749"": 9}",-0.0,-0.0,0.0,C1447749,0
mm_0048041,BioBERT,9,3,"{""UMLS:C1257990"": 3, ""UMLS:C1707887"": 4, ""C1447749"": 2}",1.5304930567574824,0.48281680357141255,0.0,UMLS:C1707887,0
mm_0048041,PubMedBERT,9,2,"{""C1839576"": 5, ""C1447749"": 4}",0.9910760598382222,0.3126496871021503,0.0,C1839576,0
mm_0048064,BERT-base,7,1,"{""UMLS:C0358514"": 7}",-0.0,-0.0,0.0,UMLS:C0358514,0
mm_0048064,BioBERT,7,2,"{""C1839576"": 5, ""C1447749"": 2}",0.863120568566631,0.30744974986419643,0.0,C1839576,0
mm_0048064,PubMedBERT,7,2,"{""C1839576"": 5, ""C0018966"": 2}",0.863120568566631,0.30744974986419643,0.0,C1839576,0
mm_0048140,BERT-base,7,1,"{""C0282597"": 7}",-0.0,-0.0,0.0,C0282597,0
mm_0048140,BioBERT,7,2,"{""UMLS:C2347609"": 5, ""UMLS:C1257990"": 2}",0.863120568566631,0.30744974986419643,0.0,UMLS:C2347609,0
mm_0048140,PubMedBERT,7,1,"{""C1447749"": 7}",-0.0,-0.0,0.0,C1447749,0
mm_0048285,BERT-base,7,1,"{""C1447749"": 7}",-0.0,-0.0,0.0,C1447749,0
mm_0048285,BioBERT,7,1,"{""UMLS:C1707887"": 7}",-0.0,-0.0,0.0,UMLS:C1707887,0
mm_0048285,PubMedBERT,7,1,"{""C1839576"": 7}",-0.0,-0.0,0.0,C1839576,0
mm_0048307,BERT-base,5,1,"{""C0344351"": 5}",-0.0,-0.0,0.0,C0344351,0
mm_0048307,BioBERT,5,2,"{""C0027609"": 3, ""UMLS:C0243095"": 2}",0.9709505944546686,0.4181656600790516,0.0,C0027609,0
mm_0048307,PubMedBERT,5,1,"{""C1839576"": 5}",-0.0,-0.0,0.0,C1839576,0
mm_0048417,BERT-base,7,1,"{""C1447749"": 7}",-0.0,-0.0,0.0,C1447749,0
mm_0048417,BioBERT,7,2,"{""C1447749"": 5, ""UMLS:C1707887"": 2}",0.863120568566631,0.30744974986419643,0.0,C1447749,0
mm_0048417,PubMedBERT,7,1,"{""C1447749"": 7}",-0.0,-0.0,0.0,C1447749,0
mm_0048521,BERT-base,7,1,"{""UMLS:C1257990"": 7}",-0.0,-0.0,0.0,UMLS:C1257990,0
mm_0048521,BioBERT,7,1,"{""UMLS:C1257990"": 7}",-0.0,-0.0,0.0,UMLS:C1257990,0
mm_0048521,PubMedBERT,7,2,"{""C1839576"": 5, ""UMLS:C1257990"": 2}",0.863120568566631,0.30744974986419643,0.0,C1839576,0
mm_0048655,BERT-base,7,1,"{""UMLS:C1257990"": 7}",-0.0,-0.0,0.0,UMLS:C1257990,0
mm_0048655,BioBERT,7,2,"{""UMLS:C1257990"": 3, ""C1312419"": 4}",0.9852281360342515,0.35094534299644053,0.0,C1312419,0
mm_0048655,PubMedBERT,7,2,"{""C0015131"": 2, ""C1447749"": 5}",0.863120568566631,0.30744974986419643,0.0,C1447749,0
mm_0049641,BERT-base,9,1,"{""UMLS:C1257990"": 9}",-0.0,-0.0,0.0,UMLS:C1257990,0
mm_0049641,BioBERT,9,2,"{""UMLS:C3808257"": 8, ""C1312419"": 1}",0.5032583347756457,0.1587603285713901,0.0,UMLS:C3808257,0
mm_0049641,PubMedBERT,9,1,"{""C1839576"": 9}",-0.0,-0.0,0.0,C1839576,0
mm_0049934,BERT-base,6,2,"{""C1447749"": 2, ""C0203379"": 4}",0.9182958340544896,0.355245321275764,0.0,C0203379,0
mm_0049934,BioBERT,6,2,"{""C1839576"": 3, ""C1447749"": 3}",1.0,0.38685280723454163,0.0,C1839576,0
mm_0049934,PubMedBERT,6,1,"{""C1839576"": 6}",-0.0,-0.0,0.0,C1839576,0
mm_0050267,BERT-base,5,2,"{""UMLS:C0242193"": 3, ""UMLS:C1257990"": 2}",0.9709505944546686,0.4181656600790516,0.0,UMLS:C0242193,0
mm_0050267,BioBERT,5,1,"{""C0075128"": 5}",-0.0,-0.0,0.0,C0075128,0
mm_0050267,PubMedBERT,5,1,"{""C1839576"": 5}",-0.0,-0.0,0.0,C1839576,0
mm_0050288,BERT-base,5,3,"{""C4042892"": 3, ""C0524868"": 1, ""C0597336"": 1}",1.3709505944546687,0.5904362833084089,0.0,C4042892,1
mm_0050288,BioBERT,5,2,"{""C4042892"": 3, ""UMLS:C0678257"": 2}",0.9709505944546686,0.4181656600790516,0.4,C4042892,0
mm_0050288,PubMedBERT,5,2,"{""UMLS:C0035363"": 3, ""UMLS:C1707887"": 2}",0.9709505944546686,0.4181656600790516,0.0,UMLS:C0035363,0
mm_0050295,BERT-base,7,1,"{""UMLS:C1821269"": 7}",-0.0,-0.0,1.0,UMLS:C1821269,0
mm_0050295,BioBERT,7,1,"{""C1839576"": 7}",-0.0,-0.0,0.0,C1839576,0
mm_0050295,PubMedBERT,7,2,"{""C0015131"": 5, ""C1839576"": 2}",0.863120568566631,0.30744974986419643,0.0,C0015131,0
mm_0050616,BERT-base,5,1,"{""C0169661"": 5}",-0.0,-0.0,0.0,C0169661,0
mm_0050616,BioBERT,5,2,"{""C1370369"": 4, ""C1312419"": 1}",0.7219280948873623,0.31091750708257115,0.0,C1370369,0
mm_0050616,PubMedBERT,5,2,"{""C1370369"": 1, ""C1447749"": 4}",0.7219280948873623,0.31091750708257115,0.0,C1447749,0
mm_0051003,BERT-base,4,1,"{""UMLS:C1257990"": 4}",-0.0,-0.0,0.0,UMLS:C1257990,0
mm_0051003,BioBERT,4,1,"{""C1312419"": 4}",-0.0,-0.0,0.0,C1312419,0
mm_0051003,PubMedBERT,4,1,"{""C1447749"": 4}",-0.0,-0.0,0.0,C1447749,0
mm_0051285,BERT-base,5,2,"{""C1868801"": 2, ""C0265267"": 3}",0.9709505944546686,0.4181656600790516,0.0,C0265267,0
mm_0051285,BioBERT,5,2,"{""C0008325"": 3, ""C1447749"": 2}",0.9709505944546686,0.4181656600790516,0.0,C0008325,0
mm_0051285,PubMedBERT,5,1,"{""C1839576"": 5}",-0.0,-0.0,0.0,C1839576,0
mm_0051763,BERT-base,7,2,"{""C4277543"": 6, ""C0040048"": 1}",0.5916727785823275,0.21075809614719848,0.0,C4277543,0
mm_0051763,BioBERT,7,3,"{""C0265267"": 1, ""C1839576"": 4, ""C0032914"": 2}",1.3787834934861753,0.49113258984568253,0.0,C1839576,0
mm_0051763,PubMedBERT,7,1,"{""C1839576"": 7}",-0.0,-0.0,0.0,C1839576,0
mm_0052038,BERT-base,4,1,"{""C1447749"": 4}",-0.0,-0.0,0.0,C1447749,0
mm_0052038,BioBERT,4,2,"{""UMLS:C1257990"": 1, ""C1447749"": 3}",0.8112781244591328,0.4056390622295664,0.0,C1447749,0
mm_0052038,PubMedBERT,4,1,"{""C1447749"": 4}",-0.0,-0.0,0.0,C1447749,0
mm_0052088,BERT-base,3,1,"{""C1447749"": 3}",-0.0,-0.0,0.0,C1447749,0
mm_0052088,BioBERT,3,1,"{""C0221023"": 3}",-0.0,-0.0,0.0,C0221023,0
mm_0052088,PubMedBERT,3,1,"{""C1447749"": 3}",-0.0,-0.0,0.0,C1447749,0
mm_0052329,BERT-base,5,1,"{""C0203379"": 5}",-0.0,-0.0,0.0,C0203379,0
mm_0052329,BioBERT,5,1,"{""UMLS:C1257990"": 5}",-0.0,-0.0,0.0,UMLS:C1257990,0
mm_0052329,PubMedBERT,5,2,"{""C1839576"": 3, ""C1447749"": 2}",0.9709505944546686,0.4181656600790516,0.0,C1839576,0
mm_0052571,BERT-base,5,1,"{""C0085472"": 5}",-0.0,-0.0,0.0,C0085472,0
mm_0052571,BioBERT,5,2,"{""C1447749"": 3, ""UMLS:C1257990"": 2}",0.9709505944546686,0.4181656600790516,0.0,C1447749,0
mm_0052571,PubMedBERT,5,2,"{""C1447749"": 3, ""C1839576"": 2}",0.9709505944546686,0.4181656600790516,0.0,C1447749,0
mm_0052672,BERT-base,3,1,"{""C1447749"": 3}",-0.0,-0.0,0.0,C1447749,0
mm_0052672,BioBERT,3,1,"{""C1447749"": 3}",-0.0,-0.0,0.0,C1447749,0
mm_0052672,PubMedBERT,3,2,"{""C1999375"": 1, ""C1839576"": 2}",0.9182958340544896,0.579380164285695,0.0,C1839576,1
mm_0052800,BERT-base,8,2,"{""C0169661"": 6, ""C0246486"": 2}",0.8112781244591328,0.2704260414863776,0.0,C0169661,0
mm_0052800,BioBERT,8,1,"{""UMLS:C1518102"": 8}",-0.0,-0.0,1.0,UMLS:C1518102,0
mm_0052800,PubMedBERT,8,2,"{""C1839576"": 5, ""UMLS:C1257990"": 3}",0.954434002924965,0.318144667641655,0.0,C1839576,0
mm_0053229,BERT-base,7,2,"{""UMLS:C1257990"": 5, ""UMLS:C0242193"": 2}",0.863120568566631,0.30744974986419643,0.0,UMLS:C1257990,0
mm_0053229,BioBERT,7,1,"{""UMLS:C1257990"": 7}",-0.0,-0.0,0.0,UMLS:C1257990,0
mm_0053229,PubMedBERT,7,1,"{""C1839576"": 7}",-0.0,-0.0,0.0,C1839576,0
mm_0053650,BERT-base,7,4,"{""C1566790"": 1, ""UMLS:C0358514"": 4, ""UMLS:C0752046"": 1, ""C2936621"": 1}",1.6644977792004614,0.5929060718765461,0.0,UMLS:C0358514,1
mm_0053650,BioBERT,7,1,"{""C0258846"": 7}",-0.0,-0.0,0.0,C0258846,0
mm_0053650,PubMedBERT,7,1,"{""C1447749"": 7}",-0.0,-0.0,0.0,C1447749,0
mm_0054625,BERT-base,5,1,"{""UMLS:C1257990"": 5}",-0.0,-0.0,0.0,UMLS:C1257990,0
mm_0054625,BioBERT,5,2,"{""UMLS:C0026473"": 4, ""C1431322"": 1}",0.7219280948873623,0.31091750708257115,0.0,UMLS:C0026473,0
mm_0054625,PubMedBERT,5,2,"{""C1839576"": 3, ""C1447749"": 2}",0.9709505944546686,0.4181656600790516,0.0,C1839576,0
mm_0054752,BERT-base,6,1,"{""UMLS:C1257990"": 6}",-0.0,-0.0,0.0,UMLS:C1257990,0
mm_0054752,BioBERT,6,1,"{""UMLS:C1257990"": 6}",-0.0,-0.0,0.0,UMLS:C1257990,0
mm_0054752,PubMedBERT,6,2,"{""C1839576"": 3, ""C1447749"": 3}",1.0,0.38685280723454163,0.0,C1839576,0
mm_0055204,BERT-base,4,3,"{""C1431519"": 2, ""UMLS:C0358514"": 1, ""C0202533"": 1}",1.5,0.75,0.0,C1431519,1
mm_0055204,BioBERT,4,1,"{""UMLS:C1707887"": 4}",-0.0,-0.0,0.0,UMLS:C1707887,0
mm_0055204,PubMedBERT,4,2,"{""C1839576"": 3, ""C1447749"": 1}",0.8112781244591328,0.4056390622295664,0.0,C1839576,0
mm_0055255,BERT-base,5,2,"{""C1312419"": 3, ""UMLS:C1257990"": 2}",0.9709505944546686,0.4181656600790516,0.0,C1312419,0
mm_0055255,BioBERT,5,1,"{""C0018081"": 5}",-0.0,-0.0,0.0,C0018081,0
mm_0055255,PubMedBERT,5,1,"{""C1839576"": 5}",-0.0,-0.0,0.0,C1839576,0
mm_0055392,BERT-base,7,1,"{""C1447749"": 7}",-0.0,-0.0,0.0,C1447749,0
mm_0055392,BioBERT,7,3,"{""C1447749"": 2, ""UMLS:C1257990"": 1, ""UMLS:C1707887"": 4}",1.3787834934861753,0.49113258984568253,0.0,UMLS:C1707887,0
mm_0055392,PubMedBERT,7,1,"{""C1447749"": 7}",-0.0,-0.0,0.0,C1447749,0
mm_0055448,BERT-base,1,1,"{""C1447749"": 1}",-0.0,-0.0,0.0,C1447749,0
mm_0055448,BioBERT,1,1,"{""C0265267"": 1}",-0.0,-0.0,0.0,C0265267,0
mm_0055448,PubMedBERT,1,1,"{""C1839576"": 1}",-0.0,-0.0,0.0,C1839576,0
mm_0055918,BERT-base,8,1,"{""UMLS:C1707887"": 8}",-0.0,-0.0,0.0,UMLS:C1707887,0
mm_0055918,BioBERT,8,1,"{""UMLS:C1707887"": 8}",-0.0,-0.0,0.0,UMLS:C1707887,0
mm_0055918,PubMedBERT,8,1,"{""UMLS:C1707887"": 8}",-0.0,-0.0,0.0,UMLS:C1707887,0
mm_0056003,BERT-base,8,1,"{""C1447749"": 8}",-0.0,-0.0,0.0,C1447749,0
mm_0056003,BioBERT,8,1,"{""C1312419"": 8}",-0.0,-0.0,0.0,C1312419,0
mm_0056003,PubMedBERT,8,2,"{""C1839576"": 7, ""C1447749"": 1}",0.5435644431995964,0.1811881477331988,0.0,C1839576,0
mm_0056292,BERT-base,5,2,"{""UMLS:C1257990"": 3, ""C0282440"": 2}",0.9709505944546686,0.4181656600790516,0.0,UMLS:C1257990,0
mm_0056292,BioBERT,5,1,"{""C0376671"": 5}",-0.0,-0.0,0.0,C0376671,0
mm_0056292,PubMedBERT,5,1,"{""C1839576"": 5}",-0.0,-0.0,0.0,C1839576,0
mm_0056538,BERT-base,5,1,"{""C0282597"": 5}",-0.0,-0.0,0.0,C0282597,0
mm_0056538,BioBERT,5,2,"{""UMLS:C1707887"": 3, ""UMLS:C1257990"": 2}",0.9709505944546686,0.4181656600790516,0.0,UMLS:C1707887,0
mm_0056538,PubMedBERT,5,1,"{""C1447749"": 5}",-0.0,-0.0,0.0,C1447749,0
mm_0056765,BERT-base,4,2,"{""UMLS:C1257990"": 3, ""C0040048"": 1}",0.8112781244591328,0.4056390622295664,0.0,UMLS:C1257990,0
mm_0056765,BioBERT,4,3,"{""C0008396"": 2, ""C0050795"": 1, ""UMLS:C1707887"": 1}",1.5,0.75,0.0,C0008396,1
mm_0056765,PubMedBERT,4,2,"{""C0015131"": 1, ""C0018966"": 3}",0.8112781244591328,0.4056390622295664,0.0,C0018966,0
mm_0056831,BERT-base,7,3,"{""UMLS:C1257990"": 3, ""C1447749"": 2, ""UMLS:C0242193"": 2}",1.5566567074628228,0.5544923070581674,0.0,UMLS:C1257990,1
mm_0056831,BioBERT,7,1,"{""C1447749"": 7}",-0.0,-0.0,0.0,C1447749,0
mm_0056831,PubMedBERT,7,1,"{""C1839576"": 7}",-0.0,-0.0,0.0,C1839576,0
mm_0056989,BERT-base,3,1,"{""UMLS:C1015514"": 3}",-0.0,-0.0,1.0,UMLS:C1015514,0
mm_0056989,BioBERT,3,1,"{""UMLS:C1015514"": 3}",-0.0,-0.0,1.0,UMLS:C1015514,0
mm_0056989,PubMedBERT,3,1,"{""UMLS:C1015514"": 3}",-0.0,-0.0,1.0,UMLS:C1015514,0
mm_0057315,BERT-base,7,2,"{""UMLS:C1257990"": 5, ""C0030201"": 2}",0.863120568566631,0.30744974986419643,0.0,UMLS:C1257990,0
mm_0057315,BioBERT,7,2,"{""UMLS:C1707887"": 5, ""C1839576"": 2}",0.863120568566631,0.30744974986419643,0.0,UMLS:C1707887,0
mm_0057315,PubMedBERT,7,1,"{""C1839576"": 7}",-0.0,-0.0,0.0,C1839576,0
mm_0057579,BERT-base,5,1,"{""C1312419"": 5}",-0.0,-0.0,0.0,C1312419,0
mm_0057579,BioBERT,5,2,"{""C1312419"": 3, ""UMLS:C1257990"": 2}",0.9709505944546686,0.4181656600790516,0.0,C1312419,0
mm_0057579,PubMedBERT,5,1,"{""C1447749"": 5}",-0.0,-0.0,0.0,C1447749,0
mm_0057675,BERT-base,6,2,"{""C1447749"": 2, ""UMLS:C1257990"": 4}",0.9182958340544896,0.355245321275764,0.0,UMLS:C1257990,0
mm_0057675,BioBERT,6,2,"{""C1868801"": 5, ""C0027609"": 1}",0.6500224216483541,0.25146299858006066,0.0,C1868801,0
mm_0057675,PubMedBERT,6,2,"{""C1839576"": 5, ""C1447749"": 1}",0.6500224216483541,0.25146299858006066,0.0,C1839576,0
mm_0057822,BERT-base,6,1,"{""UMLS:C1257990"": 6}",-0.0,-0.0,0.0,UMLS:C1257990,0
mm_0057822,BioBERT,6,2,"{""UMLS:C1257990"": 2, ""C1312419"": 4}",0.9182958340544896,0.355245321275764,0.0,C1312419,0
mm_0057822,PubMedBERT,6,2,"{""UMLS:C1423931"": 4, ""C1447749"": 2}",0.9182958340544896,0.355245321275764,0.0,UMLS:C1423931,0
mm_0057864,BERT-base,7,1,"{""C1447749"": 7}",-0.0,-0.0,0.0,C1447749,0
mm_0057864,BioBERT,7,2,"{""C0265267"": 2, ""C0027609"": 5}",0.863120568566631,0.30744974986419643,0.0,C0027609,0
mm_0057864,PubMedBERT,7,1,"{""C1839576"": 7}",-0.0,-0.0,0.0,C1839576,0
mm_0057927,BERT-base,3,1,"{""C1447749"": 3}",-0.0,-0.0,0.0,C1447749,0
mm_0057927,BioBERT,3,1,"{""C0265267"": 3}",-0.0,-0.0,0.0,C0265267,0
mm_0057927,PubMedBERT,3,1,"{""C1447749"": 3}",-0.0,-0.0,0.0,C1447749,0
mm_0058271,BERT-base,7,1,"{""UMLS:C0242193"": 7}",-0.0,-0.0,0.0,UMLS:C0242193,0
mm_0058271,BioBERT,7,2,"{""C1839576"": 3, ""C1447749"": 4}",0.9852281360342515,0.35094534299644053,0.0,C1447749,0
mm_0058271,PubMedBERT,7,1,"{""C1839576"": 7}",-0.0,-0.0,0.0,C1839576,0
mm_0058376,BERT-base,7,1,"{""UMLS:C1257990"": 7}",-0.0,-0.0,0.0,UMLS:C1257990,0
mm_0058376,BioBERT,7,1,"{""C1312419"": 7}",-0.0,-0.0,0.0,C1312419,0
mm_0058376,PubMedBERT,7,1,"{""C1839576"": 7}",-0.0,-0.0,0.0,C1839576,0
mm_0059412,BERT-base,7,2,"{""C4505290"": 3, ""C0386482"": 4}",0.9852281360342515,0.35094534299644053,0.0,C0386482,0
mm_0059412,BioBERT,7,2,"{""C1370369"": 5, ""C4505290"": 2}",0.863120568566631,0.30744974986419643,0.0,C1370369,0
mm_0059412,PubMedBERT,7,1,"{""C0018966"": 7}",-0.0,-0.0,0.0,C0018966,0
mm_0060247,BERT-base,6,1,"{""C1447749"": 6}",-0.0,-0.0,0.0,C1447749,0
mm_0060247,BioBERT,6,1,"{""C1839576"": 6}",-0.0,-0.0,0.0,C1839576,0
mm_0060247,PubMedBERT,6,1,"{""C1839576"": 6}",-0.0,-0.0,0.0,C1839576,0
mm_0061241,BERT-base,4,2,"{""C0524869"": 2, ""C1512167"": 2}",1.0,0.5,0.0,C0524869,1
mm_0061241,BioBERT,4,1,"{""C1257738"": 4}",-0.0,-0.0,0.0,C1257738,0
mm_0061241,PubMedBERT,4,1,"{""C1447749"": 4}",-0.0,-0.0,0.0,C1447749,0
mm_0061265,BERT-base,3,1,"{""C2936621"": 3}",-0.0,-0.0,0.0,C2936621,0
mm_0061265,BioBERT,3,1,"{""UMLS:C1257990"": 3}",-0.0,-0.0,0.0,UMLS:C1257990,0
mm_0061265,PubMedBERT,3,1,"{""C1447749"": 3}",-0.0,-0.0,0.0,C1447749,0
mm_0061747,BERT-base,8,1,"{""UMLS:C1257990"": 8}",-0.0,-0.0,0.0,UMLS:C1257990,0
mm_0061747,BioBERT,8,2,"{""UMLS:C1257990"": 7, ""C1312419"": 1}",0.5435644431995964,0.1811881477331988,0.0,UMLS:C1257990,0
mm_0061747,PubMedBERT,8,2,"{""C1839576"": 5, ""UMLS:C1257990"": 3}",0.954434002924965,0.318144667641655,0.0,C1839576,0
mm_0061750,BERT-base,7,1,"{""C1447749"": 7}",-0.0,-0.0,0.0,C1447749,0
mm_0061750,BioBERT,7,1,"{""UMLS:C1257990"": 7}",-0.0,-0.0,0.0,UMLS:C1257990,0
mm_0061750,PubMedBERT,7,1,"{""C1447749"": 7}",-0.0,-0.0,0.0,C1447749,0
mm_0062167,BERT-base,7,1,"{""C1447749"": 7}",-0.0,-0.0,0.0,C1447749,0
mm_0062167,BioBERT,7,2,"{""C1447749"": 5, ""UMLS:C1707887"": 2}",0.863120568566631,0.30744974986419643,0.0,C1447749,0
mm_0062167,PubMedBERT,7,1,"{""C1839576"": 7}",-0.0,-0.0,0.0,C1839576,0
mm_0062391,BERT-base,7,1,"{""C1431519"": 7}",-0.0,-0.0,0.0,C1431519,0
mm_0062391,BioBERT,7,1,"{""C1312419"": 7}",-0.0,-0.0,0.0,C1312419,0
mm_0062391,PubMedBERT,7,1,"{""C1839576"": 7}",-0.0,-0.0,0.0,C1839576,0
mm_0062397,BERT-base,5,2,"{""C1447749"": 3, ""UMLS:C1257990"": 2}",0.9709505944546686,0.4181656600790516,0.0,C1447749,0
mm_0062397,BioBERT,5,2,"{""C0265267"": 1, ""C1312419"": 4}",0.7219280948873623,0.31091750708257115,0.0,C1312419,0
mm_0062397,PubMedBERT,5,1,"{""C1839576"": 5}",-0.0,-0.0,0.0,C1839576,0
mm_0062407,BERT-base,9,2,"{""UMLS:C1257990"": 7, ""UMLS:C0242193"": 2}",0.7642045065086203,0.24107968048484052,0.0,UMLS:C1257990,0
mm_0062407,BioBERT,9,1,"{""UMLS:C0358514"": 9}",-0.0,-0.0,0.0,UMLS:C0358514,0
mm_0062407,PubMedBERT,9,1,"{""C1839576"": 9}",-0.0,-0.0,0.0,C1839576,0
mm_0062793,BERT-base,6,1,"{""UMLS:C1257990"": 6}",-0.0,-0.0,0.0,UMLS:C1257990,0
mm_0062793,BioBERT,6,2,"{""UMLS:C1257990"": 5, ""UMLS:C1707887"": 1}",0.6500224216483541,0.25146299858006066,0.0,UMLS:C1257990,0
mm_0062793,PubMedBERT,6,2,"{""C1839576"": 2, ""C1447749"": 4}",0.9182958340544896,0.355245321275764,0.0,C1447749,0
mm_0063726,BERT-base,9,1,"{""C1447749"": 9}",-0.0,-0.0,0.0,C1447749,0
mm_0063726,BioBERT,9,2,"{""UMLS:C1257990"": 4, ""C1447749"": 5}",0.9910760598382222,0.3126496871021503,0.0,C1447749,0
mm_0063726,PubMedBERT,9,1,"{""C1839576"": 9}",-0.0,-0.0,0.0,C1839576,0
mm_0063933,BERT-base,3,1,"{""C1447749"": 3}",-0.0,-0.0,0.0,C1447749,0
mm_0063933,BioBERT,3,1,"{""C0021665"": 3}",-0.0,-0.0,0.0,C0021665,0
mm_0063933,PubMedBERT,3,1,"{""UMLS:C1707887"": 3}",-0.0,-0.0,0.0,UMLS:C1707887,0
mm_0064130,BERT-base,5,2,"{""UMLS:C0810516"": 3, ""UMLS:C0242193"": 2}",0.9709505944546686,0.4181656600790516,0.0,UMLS:C0810516,0
mm_0064130,BioBERT,5,2,"{""UMLS:C0810516"": 3, ""UMLS:C1257990"": 2}",0.9709505944546686,0.4181656600790516,0.0,UMLS:C0810516,0
mm_0064130,PubMedBERT,5,1,"{""C1839576"": 5}",-0.0,-0.0,0.0,C1839576,0
mm_0064287,BERT-base,4,2,"{""UMLS:C0810516"": 3, ""UMLS:C0919821"": 1}",0.8112781244591328,0.4056390622295664,0.0,UMLS:C0810516,0
mm_0064287,BioBERT,4,1,"{""C0282551"": 4}",-0.0,-0.0,0.0,C0282551,0
mm_0064287,PubMedBERT,4,1,"{""C1447749"": 4}",-0.0,-0.0,0.0,C1447749,0
mm_0064516,BERT-base,5,1,"{""UMLS:C1257990"": 5}",-0.0,-0.0,0.0,UMLS:C1257990,0
mm_0064516,BioBERT,5,1,"{""UMLS:C1257990"": 5}",-0.0,-0.0,0.0,UMLS:C1257990,0
mm_0064516,PubMedBERT,5,1,"{""UMLS:C1257990"": 5}",-0.0,-0.0,0.0,UMLS:C1257990,0
mm_0064558,BERT-base,5,1,"{""UMLS:C1257990"": 5}",-0.0,-0.0,0.0,UMLS:C1257990,0
mm_0064558,BioBERT,5,2,"{""C1839576"": 4, ""UMLS:C1707887"": 1}",0.7219280948873623,0.31091750708257115,0.0,C1839576,0
mm_0064558,PubMedBERT,5,1,"{""C1839576"": 5}",-0.0,-0.0,0.0,C1839576,0
mm_0064655,BERT-base,5,1,"{""C1447749"": 5}",-0.0,-0.0,0.0,C1447749,0
mm_0064655,BioBERT,5,1,"{""C1447749"": 5}",-0.0,-0.0,0.0,C1447749,0
mm_0064655,PubMedBERT,5,2,"{""C1839576"": 1, ""C1447749"": 4}",0.7219280948873623,0.31091750708257115,0.0,C1447749,0
mm_0064801,BERT-base,3,1,"{""C1447749"": 3}",-0.0,-0.0,0.0,C1447749,0
mm_0064801,BioBERT,3,2,"{""C1739108"": 1, ""C1447749"": 2}",0.9182958340544896,0.579380164285695,0.0,C1447749,1
mm_0064801,PubMedBERT,3,2,"{""C1839576"": 1, ""C1447749"": 2}",0.9182958340544896,0.579380164285695,0.0,C1447749,1
mm_0065160,BERT-base,8,1,"{""UMLS:C2350390"": 8}",-0.0,-0.0,1.0,UMLS:C2350390,0
mm_0065160,BioBERT,8,3,"{""UMLS:C0919821"": 1, ""UMLS:C2350390"": 5, ""C0920208"": 2}",1.2987949406953985,0.43293164689846614,0.625,UMLS:C2350390,0
mm_0065160,PubMedBERT,8,1,"{""C1839576"": 8}",-0.0,-0.0,0.0,C1839576,0
mm_0065470,BERT-base,7,1,"{""UMLS:C0752046"": 7}",-0.0,-0.0,0.0,UMLS:C0752046,0
mm_0065470,BioBERT,7,1,"{""C0597336"": 7}",-0.0,-0.0,0.0,C0597336,0
mm_0065470,PubMedBERT,7,1,"{""C1839576"": 7}",-0.0,-0.0,0.0,C1839576,0
mm_0065651,BERT-base,5,1,"{""C1447749"": 5}",-0.0,-0.0,0.0,C1447749,0
mm_0065651,BioBERT,5,1,"{""C1447749"": 5}",-0.0,-0.0,0.0,C1447749,0
mm_0065651,PubMedBERT,5,2,"{""C1447749"": 3, ""C1839576"": 2}",0.9709505944546686,0.4181656600790516,0.0,C1447749,0
mm_0065820,BERT-base,7,2,"{""C3850091"": 5, ""C1447749"": 2}",0.863120568566631,0.30744974986419643,0.0,C3850091,0
mm_0065820,BioBERT,7,2,"{""UMLS:C1257990"": 5, ""UMLS:C1707887"": 2}",0.863120568566631,0.30744974986419643,0.0,UMLS:C1257990,0
mm_0065820,PubMedBERT,7,1,"{""C1839576"": 7}",-0.0,-0.0,0.0,C1839576,0
mm_0067336,BERT-base,7,2,"{""UMLS:C0358514"": 5, ""UMLS:C1257990"": 2}",0.863120568566631,0.30744974986419643,0.0,UMLS:C0358514,0
mm_0067336,BioBERT,7,3,"{""C1370369"": 5, ""UMLS:C1257990"": 1, ""C1312419"": 1}",1.1488348542809166,0.4092232318950598,0.0,C1370369,0
mm_0067336,PubMedBERT,7,1,"{""C1839576"": 7}",-0.0,-0.0,0.0,C1839576,0
mm_0067846,BERT-base,4,1,"{""C1447749"": 4}",-0.0,-0.0,0.0,C1447749,0
mm_0067846,BioBERT,4,1,"{""UMLS:C1257990"": 4}",-0.0,-0.0,0.0,UMLS:C1257990,0
mm_0067846,PubMedBERT,4,1,"{""C1839576"": 4}",-0.0,-0.0,0.0,C1839576,0
mm_0067855,BERT-base,5,3,"{""UMLS:C1257990"": 1, ""C0034698"": 3, ""C3850091"": 1}",1.3709505944546687,0.5904362833084089,0.0,C0034698,1
mm_0067855,BioBERT,5,1,"{""UMLS:C1257990"": 5}",-0.0,-0.0,0.0,UMLS:C1257990,0
mm_0067855,PubMedBERT,5,1,"{""UMLS:C0332293"": 5}",-0.0,-0.0,0.0,UMLS:C0332293,0
mm_0067918,BERT-base,5,1,"{""C1447749"": 5}",-0.0,-0.0,0.0,C1447749,0
mm_0067918,BioBERT,5,1,"{""C1447749"": 5}",-0.0,-0.0,0.0,C1447749,0
mm_0067918,PubMedBERT,5,1,"{""C1447749"": 5}",-0.0,-0.0,0.0,C1447749,0
mm_0068072,BERT-base,7,1,"{""UMLS:C1257990"": 7}",-0.0,-0.0,0.0,UMLS:C1257990,0
mm_0068072,BioBERT,7,1,"{""C1309905"": 7}",-0.0,-0.0,0.0,C1309905,0
mm_0068072,PubMedBERT,7,1,"{""C1839576"": 7}",-0.0,-0.0,0.0,C1839576,0
mm_0068158,BERT-base,5,2,"{""C0524869"": 4, ""C0265267"": 1}",0.7219280948873623,0.31091750708257115,0.0,C0524869,0
mm_0068158,BioBERT,5,1,"{""C1257738"": 5}",-0.0,-0.0,0.0,C1257738,0
mm_0068158,PubMedBERT,5,1,"{""C1839576"": 5}",-0.0,-0.0,0.0,C1839576,0
mm_0068247,BERT-base,9,1,"{""C1447749"": 9}",-0.0,-0.0,0.0,C1447749,0
mm_0068247,BioBERT,9,2,"{""C1447749"": 3, ""UMLS:C1257990"": 6}",0.9182958340544896,0.2896900821428475,0.0,UMLS:C1257990,0
mm_0068247,PubMedBERT,9,2,"{""C0015131"": 7, ""C1839576"": 2}",0.7642045065086203,0.24107968048484052,0.0,C0015131,0
mm_0068940,BERT-base,5,2,"{""C1447749"": 4, ""UMLS:C1257990"": 1}",0.7219280948873623,0.31091750708257115,0.0,C1447749,0
mm_0068940,BioBERT,5,1,"{""C1136216"": 5}",-0.0,-0.0,0.0,C1136216,0
mm_0068940,PubMedBERT,5,1,"{""C1839576"": 5}",-0.0,-0.0,0.0,C1839576,0
mm_0069162,BERT-base,5,2,"{""C0280321"": 3, ""UMLS:C1257990"": 2}",0.9709505944546686,0.4181656600790516,0.0,C0280321,0
mm_0069162,BioBERT,5,1,"{""UMLS:C0280313"": 5}",-0.0,-0.0,1.0,UMLS:C0280313,0
mm_0069162,PubMedBERT,5,1,"{""C1839576"": 5}",-0.0,-0.0,0.0,C1839576,0
mm_0069838,BERT-base,5,2,"{""C1447749"": 3, ""C0265267"": 2}",0.9709505944546686,0.4181656600790516,0.0,C1447749,0
mm_0069838,BioBERT,5,2,"{""C0376671"": 3, ""UMLS:C0376671"": 2}",0.9709505944546686,0.4181656600790516,0.4,C0376671,0
mm_0069838,PubMedBERT,5,1,"{""C1447749"": 5}",-0.0,-0.0,0.0,C1447749,0
mm_0070124,BERT-base,7,1,"{""UMLS:C1257990"": 7}",-0.0,-0.0,0.0,UMLS:C1257990,0
mm_0070124,BioBERT,7,3,"{""C5392105"": 2, ""C0265267"": 1, ""UMLS:C1257990"": 4}",1.3787834934861753,0.49113258984568253,0.0,UMLS:C1257990,0
mm_0070124,PubMedBERT,7,2,"{""C1839576"": 5, ""C1447749"": 2}",0.863120568566631,0.30744974986419643,0.0,C1839576,0
mm_0071254,BERT-base,7,1,"{""UMLS:C1257990"": 7}",-0.0,-0.0,0.0,UMLS:C1257990,0
mm_0071254,BioBERT,7,1,"{""UMLS:C0358514"": 7}",-0.0,-0.0,0.0,UMLS:C0358514,0
mm_0071254,PubMedBERT,7,1,"{""UMLS:C0358514"": 7}",-0.0,-0.0,0.0,UMLS:C0358514,0
mm_0071441,BERT-base,5,1,"{""UMLS:C1257990"": 5}",-0.0,-0.0,0.0,UMLS:C1257990,0
mm_0071441,BioBERT,5,1,"{""UMLS:C1257990"": 5}",-0.0,-0.0,0.0,UMLS:C1257990,0
mm_0071441,PubMedBERT,5,1,"{""C1447749"": 5}",-0.0,-0.0,0.0,C1447749,0
mm_0071546,BERT-base,5,2,"{""C1431519"": 3, ""UMLS:C1283169"": 2}",0.9709505944546686,0.4181656600790516,0.0,C1431519,0
mm_0071546,BioBERT,5,2,"{""C1447749"": 3, ""UMLS:C1257990"": 2}",0.9709505944546686,0.4181656600790516,0.0,C1447749,0
mm_0071546,PubMedBERT,5,2,"{""C1839576"": 3, ""C1447749"": 2}",0.9709505944546686,0.4181656600790516,0.0,C1839576,0
mm_0072049,BERT-base,7,1,"{""UMLS:C1257990"": 7}",-0.0,-0.0,0.0,UMLS:C1257990,0
mm_0072049,BioBERT,7,1,"{""C1447749"": 7}",-0.0,-0.0,0.0,C1447749,0
mm_0072049,PubMedBERT,7,2,"{""UMLS:C0752046"": 3, ""C0018966"": 4}",0.9852281360342515,0.35094534299644053,0.0,C0018966,0
mm_0073575,BERT-base,3,2,"{""UMLS:C0242193"": 1, ""UMLS:C1707887"": 2}",0.9182958340544896,0.579380164285695,0.0,UMLS:C1707887,1
mm_0073575,BioBERT,3,2,"{""UMLS:C1257990"": 1, ""C0027609"": 2}",0.9182958340544896,0.579380164285695,0.0,C0027609,1
mm_0073575,PubMedBERT,3,1,"{""C1839576"": 3}",-0.0,-0.0,0.0,C1839576,0
mm_0074294,BERT-base,5,1,"{""UMLS:C1257990"": 5}",-0.0,-0.0,0.0,UMLS:C1257990,0
mm_0074294,BioBERT,5,1,"{""UMLS:C1257990"": 5}",-0.0,-0.0,0.0,UMLS:C1257990,0
mm_0074294,PubMedBERT,5,1,"{""UMLS:C1257990"": 5}",-0.0,-0.0,0.0,UMLS:C1257990,0
mm_0074383,BERT-base,8,2,"{""C0280324"": 6, ""UMLS:C0393786"": 2}",0.8112781244591328,0.2704260414863776,0.0,C0280324,0
mm_0074383,BioBERT,8,2,"{""UMLS:C0232772"": 6, ""C0016978"": 2}",0.8112781244591328,0.2704260414863776,0.0,UMLS:C0232772,0
mm_0074383,PubMedBERT,8,2,"{""C1839576"": 5, ""C1447749"": 3}",0.954434002924965,0.318144667641655,0.0,C1839576,0
mm_0074570,BERT-base,7,1,"{""C1447749"": 7}",-0.0,-0.0,0.0,C1447749,0
mm_0074570,BioBERT,7,1,"{""C0038441"": 7}",-0.0,-0.0,0.0,C0038441,0
mm_0074570,PubMedBERT,7,3,"{""C1839576"": 2, ""C1447749"": 1, ""UMLS:C0681906"": 4}",1.3787834934861753,0.49113258984568253,0.0,UMLS:C0681906,0
mm_0075268,BERT-base,3,1,"{""C0034698"": 3}",-0.0,-0.0,0.0,C0034698,0
mm_0075268,BioBERT,3,2,"{""UMLS:C1707887"": 2, ""C1257738"": 1}",0.9182958340544896,0.579380164285695,0.0,UMLS:C1707887,1
mm_0075268,PubMedBERT,3,2,"{""UMLS:C0032098"": 2, ""UMLS:C0557759"": 1}",0.9182958340544896,0.579380164285695,0.3333333333333333,UMLS:C0032098,1
mm_0075358,BERT-base,3,1,"{""UMLS:C0444254"": 3}",-0.0,-0.0,1.0,UMLS:C0444254,0
mm_0075358,BioBERT,3,1,"{""UMLS:C0444254"": 3}",-0.0,-0.0,1.0,UMLS:C0444254,0
mm_0075358,PubMedBERT,3,3,"{""C1839576"": 1, ""UMLS:C1707887"": 1, ""UMLS:C0444254"": 1}",1.584962500721156,1.0,0.3333333333333333,C1839576,1
mm_0075901,BERT-base,5,2,"{""C0015131"": 1, ""C0059563"": 4}",0.7219280948873623,0.31091750708257115,0.0,C0059563,0
mm_0075901,BioBERT,5,1,"{""C0050795"": 5}",-0.0,-0.0,0.0,C0050795,0
mm_0075901,PubMedBERT,5,3,"{""C1447749"": 1, ""C0008396"": 2, ""C0018966"": 2}",1.5219280948873621,0.6554587535412855,0.0,C0008396,1
mm_0076241,BERT-base,5,2,"{""C0005825"": 3, ""UMLS:C0444254"": 2}",0.9709505944546686,0.4181656600790516,0.0,C0005825,0
mm_0076241,BioBERT,5,2,"{""UMLS:C0919821"": 2, ""UMLS:C1707887"": 3}",0.9709505944546686,0.4181656600790516,0.0,UMLS:C1707887,0
mm_0076241,PubMedBERT,5,1,"{""C1447749"": 5}",-0.0,-0.0,0.0,C1447749,0
mm_0076632,BERT-base,5,1,"{""UMLS:C1257990"": 5}",-0.0,-0.0,0.0,UMLS:C1257990,0
mm_0076632,BioBERT,5,1,"{""UMLS:C1257990"": 5}",-0.0,-0.0,0.0,UMLS:C1257990,0
mm_0076632,PubMedBERT,5,1,"{""C1839576"": 5}",-0.0,-0.0,0.0,C1839576,0
mm_0076906,BERT-base,5,2,"{""C1447749"": 4, ""C0393786"": 1}",0.7219280948873623,0.31091750708257115,0.0,C1447749,0
mm_0076906,BioBERT,5,2,"{""C1312419"": 2, ""C1447749"": 3}",0.9709505944546686,0.4181656600790516,0.0,C1447749,0
mm_0076906,PubMedBERT,5,1,"{""C1839576"": 5}",-0.0,-0.0,0.0,C1839576,0
mm_0076909,BERT-base,5,1,"{""C1447749"": 5}",-0.0,-0.0,0.0,C1447749,0
mm_0076909,BioBERT,5,2,"{""C1312419"": 3, ""C1447749"": 2}",0.9709505944546686,0.4181656600790516,0.0,C1312419,0
mm_0076909,PubMedBERT,5,1,"{""C1839576"": 5}",-0.0,-0.0,0.0,C1839576,0
mm_0077174,BERT-base,5,1,"{""UMLS:C1707887"": 5}",-0.0,-0.0,0.0,UMLS:C1707887,0
mm_0077174,BioBERT,5,1,"{""UMLS:C1707887"": 5}",-0.0,-0.0,0.0,UMLS:C1707887,0
mm_0077174,PubMedBERT,5,1,"{""C1839576"": 5}",-0.0,-0.0,0.0,C1839576,0
mm_0077299,BERT-base,9,2,"{""C0001623"": 5, ""UMLS:C0681906"": 4}",0.9910760598382222,0.3126496871021503,0.0,C0001623,0
mm_0077299,BioBERT,9,2,"{""UMLS:C0033927"": 6, ""UMLS:C4285807"": 3}",0.9182958340544896,0.2896900821428475,0.6666666666666666,UMLS:C0033927,0
mm_0077299,PubMedBERT,9,1,"{""C1839576"": 9}",-0.0,-0.0,0.0,C1839576,0
mm_0077820,BERT-base,7,1,"{""UMLS:C1257990"": 7}",-0.0,-0.0,0.0,UMLS:C1257990,0
mm_0077820,BioBERT,7,2,"{""UMLS:C1257990"": 5, ""UMLS:C1707887"": 2}",0.863120568566631,0.30744974986419643,0.0,UMLS:C1257990,0
mm_0077820,PubMedBERT,7,1,"{""C1839576"": 7}",-0.0,-0.0,0.0,C1839576,0
mm_0078429,BERT-base,7,1,"{""C0169661"": 7}",-0.0,-0.0,0.0,C0169661,0
mm_0078429,BioBERT,7,2,"{""UMLS:C1257990"": 6, ""C1433433"": 1}",0.5916727785823275,0.21075809614719848,0.0,UMLS:C1257990,0
mm_0078429,PubMedBERT,7,3,"{""C1370369"": 4, ""C1447749"": 1, ""C1839576"": 2}",1.3787834934861753,0.49113258984568253,0.0,C1370369,0
mm_0079961,BERT-base,5,2,"{""UMLS:C1707887"": 4, ""UMLS:C1257990"": 1}",0.7219280948873623,0.31091750708257115,0.8,UMLS:C1707887,0
mm_0079961,BioBERT,5,1,"{""UMLS:C1707887"": 5}",-0.0,-0.0,1.0,UMLS:C1707887,0
mm_0079961,PubMedBERT,5,1,"{""UMLS:C1707887"": 5}",-0.0,-0.0,1.0,UMLS:C1707887,0
mm_0080286,BERT-base,7,1,"{""UMLS:C1257990"": 7}",-0.0,-0.0,0.0,UMLS:C1257990,0
mm_0080286,BioBERT,7,1,"{""UMLS:C1257990"": 7}",-0.0,-0.0,0.0,UMLS:C1257990,0
mm_0080286,PubMedBERT,7,1,"{""C1447749"": 7}",-0.0,-0.0,0.0,C1447749,0
mm_0080484,BERT-base,3,2,"{""C0280324"": 2, ""C3179121"": 1}",0.9182958340544896,0.579380164285695,0.0,C0280324,1
mm_0080484,BioBERT,3,1,"{""C0265267"": 3}",-0.0,-0.0,0.0,C0265267,0
mm_0080484,PubMedBERT,3,1,"{""C1447749"": 3}",-0.0,-0.0,0.0,C1447749,0
mm_0080783,BERT-base,3,1,"{""UMLS:C1257990"": 3}",-0.0,-0.0,0.0,UMLS:C1257990,0
mm_0080783,BioBERT,3,2,"{""C0752046"": 1, ""UMLS:C0752046"": 2}",0.9182958340544896,0.579380164285695,0.0,UMLS:C0752046,1
mm_0080783,PubMedBERT,3,1,"{""C1839576"": 3}",-0.0,-0.0,0.0,C1839576,0
mm_0080797,BERT-base,7,1,"{""UMLS:C0752046"": 7}",-0.0,-0.0,1.0,UMLS:C0752046,0
mm_0080797,BioBERT,7,1,"{""UMLS:C0752046"": 7}",-0.0,-0.0,1.0,UMLS:C0752046,0
mm_0080797,PubMedBERT,7,1,"{""UMLS:C0752046"": 7}",-0.0,-0.0,1.0,UMLS:C0752046,0
mm_0080962,BERT-base,5,2,"{""C0085472"": 3, ""C1312419"": 2}",0.9709505944546686,0.4181656600790516,0.0,C0085472,0
mm_0080962,BioBERT,5,1,"{""C0061751"": 5}",-0.0,-0.0,0.0,C0061751,0
mm_0080962,PubMedBERT,5,2,"{""C1839576"": 3, ""UMLS:C1502411"": 2}",0.9709505944546686,0.4181656600790516,0.0,C1839576,0
mm_0081397,BERT-base,5,1,"{""UMLS:C1257990"": 5}",-0.0,-0.0,0.0,UMLS:C1257990,0
mm_0081397,BioBERT,5,1,"{""UMLS:C1257990"": 5}",-0.0,-0.0,0.0,UMLS:C1257990,0
mm_0081397,PubMedBERT,5,2,"{""C1431322"": 1, ""C1447749"": 4}",0.7219280948873623,0.31091750708257115,0.0,C1447749,0
mm_0081697,BERT-base,7,1,"{""UMLS:C0242193"": 7}",-0.0,-0.0,0.0,UMLS:C0242193,0
mm_0081697,BioBERT,7,2,"{""UMLS:C1707887"": 3, ""C1839576"": 4}",0.9852281360342515,0.35094534299644053,0.0,C1839576,0
mm_0081697,PubMedBERT,7,1,"{""C1839576"": 7}",-0.0,-0.0,0.0,C1839576,0
mm_0081867,BERT-base,5,1,"{""UMLS:C1257990"": 5}",-0.0,-0.0,0.0,UMLS:C1257990,0
mm_0081867,BioBERT,5,1,"{""UMLS:C1257990"": 5}",-0.0,-0.0,0.0,UMLS:C1257990,0
mm_0081867,PubMedBERT,5,2,"{""C1839576"": 1, ""C1447749"": 4}",0.7219280948873623,0.31091750708257115,0.0,C1447749,0
mm_0081928,BERT-base,3,2,"{""C0024453"": 2, ""UMLS:C1271650"": 1}",0.9182958340544896,0.579380164285695,0.0,C0024453,1
mm_0081928,BioBERT,3,2,"{""C0265267"": 1, ""UMLS:C1707887"": 2}",0.9182958340544896,0.579380164285695,0.0,UMLS:C1707887,1
mm_0081928,PubMedBERT,3,1,"{""C1447749"": 3}",-0.0,-0.0,0.0,C1447749,0
mm_0082339,BERT-base,4,1,"{""UMLS:C1257990"": 4}",-0.0,-0.0,0.0,UMLS:C1257990,0
mm_0082339,BioBERT,4,1,"{""UMLS:C1257990"": 4}",-0.0,-0.0,0.0,UMLS:C1257990,0
mm_0082339,PubMedBERT,4,1,"{""C1839576"": 4}",-0.0,-0.0,0.0,C1839576,0
mm_0082433,BERT-base,6,1,"{""C1447749"": 6}",-0.0,-0.0,0.0,C1447749,0
mm_0082433,BioBERT,6,1,"{""C1447749"": 6}",-0.0,-0.0,0.0,C1447749,0
mm_0082433,PubMedBERT,6,1,"{""C1839576"": 6}",-0.0,-0.0,0.0,C1839576,0
mm_0082670,BERT-base,9,3,"{""C3888046"": 4, ""C0055966"": 1, ""C0169661"": 4}",1.3921472236645345,0.4391735523809267,0.0,C3888046,0
mm_0082670,BioBERT,9,2,"{""UMLS:C1257990"": 7, ""C1370369"": 2}",0.7642045065086203,0.24107968048484052,0.0,UMLS:C1257990,0
mm_0082670,PubMedBERT,9,2,"{""C1447749"": 8, ""C1370369"": 1}",0.5032583347756457,0.1587603285713901,0.0,C1447749,0
mm_0082839,BERT-base,5,2,"{""UMLS:C1257990"": 4, ""C1955926"": 1}",0.7219280948873623,0.31091750708257115,0.0,UMLS:C1257990,0
mm_0082839,BioBERT,5,2,"{""C0949610"": 3, ""C1431322"": 2}",0.9709505944546686,0.4181656600790516,0.0,C0949610,0
mm_0082839,PubMedBERT,5,4,"{""UMLS:C1423931"": 1, ""C1431322"": 1, ""C0338508"": 1, ""C1839576"": 2}",1.9219280948873623,0.8277293767706428,0.0,C1839576,1
mm_0083256,BERT-base,5,2,"{""C0018081"": 4, ""C0085472"": 1}",0.7219280948873623,0.31091750708257115,0.0,C0018081,0
mm_0083256,BioBERT,5,2,"{""C0018081"": 4, ""C0265267"": 1}",0.7219280948873623,0.31091750708257115,0.0,C0018081,0
mm_0083256,PubMedBERT,5,2,"{""C1839576"": 3, ""UMLS:C1502411"": 2}",0.9709505944546686,0.4181656600790516,0.0,C1839576,0
mm_0083513,BERT-base,7,1,"{""UMLS:C1257990"": 7}",-0.0,-0.0,0.0,UMLS:C1257990,0
mm_0083513,BioBERT,7,1,"{""C1447749"": 7}",-0.0,-0.0,0.0,C1447749,0
mm_0083513,PubMedBERT,7,1,"{""C1839576"": 7}",-0.0,-0.0,0.0,C1839576,0
mm_0084175,BERT-base,5,1,"{""C1447749"": 5}",-0.0,-0.0,0.0,C1447749,0
mm_0084175,BioBERT,5,2,"{""UMLS:C0681906"": 3, ""UMLS:C1257990"": 2}",0.9709505944546686,0.4181656600790516,0.0,UMLS:C0681906,0
mm_0084175,PubMedBERT,5,1,"{""UMLS:C0681906"": 5}",-0.0,-0.0,0.0,UMLS:C0681906,0
mm_0085078,BERT-base,5,1,"{""C1447749"": 5}",-0.0,-0.0,0.0,C1447749,0
mm_0085078,BioBERT,5,3,"{""C1447749"": 2, ""C0008396"": 1, ""UMLS:C1707887"": 2}",1.5219280948873621,0.6554587535412855,0.0,C1447749,1
mm_0085078,PubMedBERT,5,1,"{""C1447749"": 5}",-0.0,-0.0,0.0,C1447749,0
mm_0085233,BERT-base,7,1,"{""C1447749"": 7}",-0.0,-0.0,0.0,C1447749,0
mm_0085233,BioBERT,7,1,"{""UMLS:C1257990"": 7}",-0.0,-0.0,0.0,UMLS:C1257990,0
mm_0085233,PubMedBERT,7,2,"{""C1839576"": 6, ""C1447749"": 1}",0.5916727785823275,0.21075809614719848,0.0,C1839576,0
mm_0085369,BERT-base,7,1,"{""C1447749"": 7}",-0.0,-0.0,0.0,C1447749,0
mm_0085369,BioBERT,7,1,"{""UMLS:C0232772"": 7}",-0.0,-0.0,1.0,UMLS:C0232772,0
mm_0085369,PubMedBERT,7,1,"{""C1447749"": 7}",-0.0,-0.0,0.0,C1447749,0
mm_0085517,BERT-base,9,1,"{""UMLS:C1257990"": 9}",-0.0,-0.0,0.0,UMLS:C1257990,0
mm_0085517,BioBERT,9,2,"{""C1312419"": 7, ""UMLS:C1707887"": 2}",0.7642045065086203,0.24107968048484052,0.0,C1312419,0
mm_0085517,PubMedBERT,9,1,"{""C1447749"": 9}",-0.0,-0.0,0.0,C1447749,0
mm_0086300,BERT-base,6,2,"{""UMLS:C2350390"": 5, ""UMLS:C1257990"": 1}",0.6500224216483541,0.25146299858006066,0.0,UMLS:C2350390,0
mm_0086300,BioBERT,6,1,"{""UMLS:C1707887"": 6}",-0.0,-0.0,0.0,UMLS:C1707887,0
mm_0086300,PubMedBERT,6,2,"{""C1447749"": 4, ""C1839576"": 2}",0.9182958340544896,0.355245321275764,0.0,C1447749,0
mm_0086642,BERT-base,5,1,"{""C1312419"": 5}",-0.0,-0.0,0.0,C1312419,0
mm_0086642,BioBERT,5,3,"{""C0265267"": 1, ""UMLS:C1707887"": 2, ""C1447749"": 2}",1.5219280948873621,0.6554587535412855,0.0,UMLS:C1707887,1
mm_0086642,PubMedBERT,5,2,"{""C1447749"": 3, ""C1839576"": 2}",0.9709505944546686,0.4181656600790516,0.0,C1447749,0
mm_0086753,BERT-base,7,2,"{""C1447749"": 6, ""UMLS:C1257990"": 1}",0.5916727785823275,0.21075809614719848,0.0,C1447749,0
mm_0086753,BioBERT,7,1,"{""UMLS:C1257990"": 7}",-0.0,-0.0,0.0,UMLS:C1257990,0
mm_0086753,PubMedBERT,7,2,"{""UMLS:C1423931"": 5, ""C1447749"": 2}",0.863120568566631,0.30744974986419643,0.0,UMLS:C1423931,0
mm_0086802,BERT-base,5,1,"{""UMLS:C1257990"": 5}",-0.0,-0.0,0.0,UMLS:C1257990,0
mm_0086802,BioBERT,5,1,"{""UMLS:C1257990"": 5}",-0.0,-0.0,0.0,UMLS:C1257990,0
mm_0086802,PubMedBERT,5,2,"{""UMLS:C1257990"": 4, ""UMLS:C1423931"": 1}",0.7219280948873623,0.31091750708257115,0.0,UMLS:C1257990,0
mm_0087360,BERT-base,5,2,"{""C4277543"": 1, ""UMLS:C1257990"": 4}",0.7219280948873623,0.31091750708257115,0.0,UMLS:C1257990,0
mm_0087360,BioBERT,5,1,"{""UMLS:C1257990"": 5}",-0.0,-0.0,0.0,UMLS:C1257990,0
mm_0087360,PubMedBERT,5,1,"{""C1447749"": 5}",-0.0,-0.0,0.0,C1447749,0
mm_0087688,BERT-base,4,1,"{""UMLS:C1257990"": 4}",-0.0,-0.0,0.0,UMLS:C1257990,0
mm_0087688,BioBERT,4,1,"{""UMLS:C1257990"": 4}",-0.0,-0.0,0.0,UMLS:C1257990,0
mm_0087688,PubMedBERT,4,2,"{""C1447749"": 2, ""UMLS:C1257990"": 2}",1.0,0.5,0.0,C1447749,1
mm_0087767,BERT-base,5,1,"{""C1955876"": 5}",-0.0,-0.0,0.0,C1955876,0
mm_0087767,BioBERT,5,1,"{""C0018081"": 5}",-0.0,-0.0,0.0,C0018081,0
mm_0087767,PubMedBERT,5,2,"{""C1447749"": 1, ""C1839576"": 4}",0.7219280948873623,0.31091750708257115,0.0,C1839576,0
mm_0088026,BERT-base,5,1,"{""UMLS:C0358514"": 5}",-0.0,-0.0,0.0,UMLS:C0358514,0
mm_0088026,BioBERT,5,1,"{""UMLS:C1707887"": 5}",-0.0,-0.0,0.0,UMLS:C1707887,0
mm_0088026,PubMedBERT,5,1,"{""C1839576"": 5}",-0.0,-0.0,0.0,C1839576,0
mm_0088032,BERT-base,6,2,"{""C1839576"": 4, ""C1447749"": 2}",0.9182958340544896,0.355245321275764,0.0,C1839576,0
mm_0088032,BioBERT,6,3,"{""C1839576"": 2, ""UMLS:C0681906"": 2, ""C0027609"": 2}",1.584962500721156,0.6131471927654584,0.0,C1839576,1
mm_0088032,PubMedBERT,6,1,"{""C1839576"": 6}",-0.0,-0.0,0.0,C1839576,0
mm_0088551,BERT-base,6,1,"{""C1447749"": 6}",-0.0,-0.0,0.0,C1447749,0
mm_0088551,BioBERT,6,1,"{""C1447749"": 6}",-0.0,-0.0,0.0,C1447749,0
mm_0088551,PubMedBERT,6,1,"{""C1839576"": 6}",-0.0,-0.0,0.0,C1839576,0
mm_0088706,BERT-base,9,2,"{""C0015131"": 3, ""C0018966"": 6}",0.9182958340544896,0.2896900821428475,0.0,C0018966,0
mm_0088706,BioBERT,9,1,"{""UMLS:C1707887"": 9}",-0.0,-0.0,0.0,UMLS:C1707887,0
mm_0088706,PubMedBERT,9,2,"{""C1839576"": 3, ""C1447749"": 6}",0.9182958340544896,0.2896900821428475,0.0,C1447749,0
mm_0088915,BERT-base,7,1,"{""C4277667"": 7}",-0.0,-0.0,0.0,C4277667,0
mm_0088915,BioBERT,7,1,"{""C0011757"": 7}",-0.0,-0.0,0.0,C0011757,0
mm_0088915,PubMedBERT,7,2,"{""UMLS:C0681906"": 5, ""C1839576"": 2}",0.863120568566631,0.30744974986419643,0.0,UMLS:C0681906,0
mm_0089413,BERT-base,5,1,"{""UMLS:C1257990"": 5}",-0.0,-0.0,0.0,UMLS:C1257990,0
mm_0089413,BioBERT,5,1,"{""UMLS:C0752046"": 5}",-0.0,-0.0,1.0,UMLS:C0752046,0
mm_0089413,PubMedBERT,5,1,"{""UMLS:C0752046"": 5}",-0.0,-0.0,1.0,UMLS:C0752046,0
mm_0090103,BERT-base,7,4,"{""C1447749"": 3, ""C0814154"": 1, ""C0525041"": 1, ""C0038436"": 2}",1.8423709931771084,0.6562657890890309,0.0,C1447749,1
mm_0090103,BioBERT,7,3,"{""C1839576"": 4, ""UMLS:C1257990"": 2, ""C1270972"": 1}",1.3787834934861753,0.49113258984568253,0.0,C1839576,0
mm_0090103,PubMedBERT,7,1,"{""C1839576"": 7}",-0.0,-0.0,0.0,C1839576,0
mm_0090104,BERT-base,7,4,"{""C1447749"": 2, ""C0525041"": 2, ""C0814154"": 1, ""C0038436"": 2}",1.9502120649147465,0.6946795539074094,0.0,C1447749,1
mm_0090104,BioBERT,7,3,"{""C1839576"": 5, ""UMLS:C1257990"": 1, ""C1270972"": 1}",1.1488348542809166,0.4092232318950598,0.0,C1839576,0
mm_0090104,PubMedBERT,7,1,"{""C1839576"": 7}",-0.0,-0.0,0.0,C1839576,0
mm_0090144,BERT-base,3,1,"{""C0386482"": 3}",-0.0,-0.0,0.0,C0386482,0
mm_0090144,BioBERT,3,1,"{""C0386482"": 3}",-0.0,-0.0,0.0,C0386482,0
mm_0090144,PubMedBERT,3,2,"{""C1839576"": 1, ""C1447749"": 2}",0.9182958340544896,0.579380164285695,0.0,C1447749,1
mm_0090314,BERT-base,3,1,"{""C0597336"": 3}",-0.0,-0.0,0.0,C0597336,0
mm_0090314,BioBERT,3,1,"{""UMLS:C0235946"": 3}",-0.0,-0.0,0.0,UMLS:C0235946,0
mm_0090314,PubMedBERT,3,1,"{""C1839576"": 3}",-0.0,-0.0,0.0,C1839576,0
mm_0090447,BERT-base,7,2,"{""UMLS:C2350390"": 4, ""UMLS:C0444254"": 3}",0.9852281360342515,0.35094534299644053,0.0,UMLS:C2350390,0
mm_0090447,BioBERT,7,2,"{""UMLS:C0919821"": 5, ""C1312419"": 2}",0.863120568566631,0.30744974986419643,0.0,UMLS:C0919821,0
mm_0090447,PubMedBERT,7,3,"{""C0015131"": 4, ""C0018966"": 1, ""C1839576"": 2}",1.3787834934861753,0.49113258984568253,0.0,C0015131,0
mm_0090647,BERT-base,7,1,"{""UMLS:C0358514"": 7}",-0.0,-0.0,0.0,UMLS:C0358514,0
mm_0090647,BioBERT,7,1,"{""C1370369"": 7}",-0.0,-0.0,0.0,C1370369,0
mm_0090647,PubMedBERT,7,1,"{""C0015131"": 7}",-0.0,-0.0,0.0,C0015131,0
mm_0091036,BERT-base,7,2,"{""C1312419"": 6, ""UMLS:C1257990"": 1}",0.5916727785823275,0.21075809614719848,0.0,C1312419,0
mm_0091036,BioBERT,7,1,"{""C0008396"": 7}",-0.0,-0.0,0.0,C0008396,0
mm_0091036,PubMedBERT,7,1,"{""C1447749"": 7}",-0.0,-0.0,0.0,C1447749,0
mm_0092293,BERT-base,5,1,"{""C0949359"": 5}",-0.0,-0.0,0.0,C0949359,0
mm_0092293,BioBERT,5,2,"{""UMLS:C0038467"": 4, ""UMLS:C1707887"": 1}",0.7219280948873623,0.31091750708257115,0.0,UMLS:C0038467,0
mm_0092293,PubMedBERT,5,2,"{""C1839576"": 1, ""C1447749"": 4}",0.7219280948873623,0.31091750708257115,0.0,C1447749,0
mm_0092345,BERT-base,6,3,"{""C0051318"": 3, ""C1447749"": 1, ""C0025677"": 2}",1.4591479170272446,0.5644754678724235,0.0,C0051318,1
mm_0092345,BioBERT,6,2,"{""C0051318"": 5, ""UMLS:C1257990"": 1}",0.6500224216483541,0.25146299858006066,0.0,C0051318,0
mm_0092345,PubMedBERT,6,2,"{""C0051318"": 5, ""C1447749"": 1}",0.6500224216483541,0.25146299858006066,0.0,C0051318,0
mm_0092701,BERT-base,6,1,"{""C1447749"": 6}",-0.0,-0.0,0.0,C1447749,0
mm_0092701,BioBERT,6,2,"{""C5392105"": 2, ""C1447749"": 4}",0.9182958340544896,0.355245321275764,0.0,C1447749,0
mm_0092701,PubMedBERT,6,2,"{""C1839576"": 4, ""C1447749"": 2}",0.9182958340544896,0.355245321275764,0.0,C1839576,0
mm_0093095,BERT-base,4,1,"{""C1447749"": 4}",-0.0,-0.0,0.0,C1447749,0
mm_0093095,BioBERT,4,3,"{""C0265267"": 1, ""C2935436"": 1, ""C1447749"": 2}",1.5,0.75,0.0,C1447749,1
mm_0093095,PubMedBERT,4,2,"{""C1839576"": 2, ""C1447749"": 2}",1.0,0.5,0.0,C1839576,1
mm_0093251,BERT-base,6,3,"{""UMLS:C0444254"": 2, ""C0282597"": 2, ""UMLS:C1283169"": 2}",1.584962500721156,0.6131471927654584,0.0,UMLS:C0444254,1
mm_0093251,BioBERT,6,1,"{""UMLS:C1707887"": 6}",-0.0,-0.0,0.0,UMLS:C1707887,0
mm_0093251,PubMedBERT,6,2,"{""UMLS:C1707887"": 4, ""C1839576"": 2}",0.9182958340544896,0.355245321275764,0.0,UMLS:C1707887,0
mm_0093333,BERT-base,7,3,"{""C0169661"": 3, ""C0055966"": 2, ""C1566790"": 2}",1.5566567074628228,0.5544923070581674,0.0,C0169661,1
mm_0093333,BioBERT,7,1,"{""UMLS:C1257990"": 7}",-0.0,-0.0,0.0,UMLS:C1257990,0
mm_0093333,PubMedBERT,7,2,"{""UMLS:C1257990"": 5, ""C1447749"": 2}",0.863120568566631,0.30744974986419643,0.0,UMLS:C1257990,0
mm_0093493,BERT-base,9,2,"{""UMLS:C1257990"": 7, ""C0752615"": 2}",0.7642045065086203,0.24107968048484052,0.0,UMLS:C1257990,0
mm_0093493,BioBERT,9,1,"{""UMLS:C1257990"": 9}",-0.0,-0.0,0.0,UMLS:C1257990,0
mm_0093493,PubMedBERT,9,2,"{""C1839576"": 4, ""UMLS:C1257990"": 5}",0.9910760598382222,0.3126496871021503,0.0,UMLS:C1257990,0
mm_0093512,BERT-base,9,1,"{""UMLS:C1257990"": 9}",-0.0,-0.0,0.0,UMLS:C1257990,0
mm_0093512,BioBERT,9,1,"{""UMLS:C1257990"": 9}",-0.0,-0.0,0.0,UMLS:C1257990,0
mm_0093512,PubMedBERT,9,1,"{""UMLS:C1257990"": 9}",-0.0,-0.0,0.0,UMLS:C1257990,0
mm_0093721,BERT-base,4,1,"{""C1431519"": 4}",-0.0,-0.0,0.0,C1431519,0
mm_0093721,BioBERT,4,2,"{""C0265267"": 2, ""C1312419"": 2}",1.0,0.5,0.0,C0265267,1
mm_0093721,PubMedBERT,4,1,"{""C1839576"": 4}",-0.0,-0.0,0.0,C1839576,0
mm_0093924,BERT-base,5,2,"{""C1447749"": 3, ""UMLS:C1257990"": 2}",0.9709505944546686,0.4181656600790516,0.0,C1447749,0
mm_0093924,BioBERT,5,1,"{""UMLS:C1257990"": 5}",-0.0,-0.0,0.0,UMLS:C1257990,0
mm_0093924,PubMedBERT,5,1,"{""C1447749"": 5}",-0.0,-0.0,0.0,C1447749,0
mm_0094060,BERT-base,6,1,"{""UMLS:C1257990"": 6}",-0.0,-0.0,0.0,UMLS:C1257990,0
mm_0094060,BioBERT,6,1,"{""UMLS:C1257990"": 6}",-0.0,-0.0,0.0,UMLS:C1257990,0
mm_0094060,PubMedBERT,6,1,"{""UMLS:C1257990"": 6}",-0.0,-0.0,0.0,UMLS:C1257990,0
mm_0094434,BERT-base,7,2,"{""UMLS:C1257990"": 4, ""C1447749"": 3}",0.9852281360342515,0.35094534299644053,0.0,UMLS:C1257990,0
mm_0094434,BioBERT,7,1,"{""C1312419"": 7}",-0.0,-0.0,0.0,C1312419,0
mm_0094434,PubMedBERT,7,3,"{""C1839576"": 1, ""C1447749"": 4, ""UMLS:C1257990"": 2}",1.3787834934861753,0.49113258984568253,0.0,C1447749,0
mm_0094491,BERT-base,5,2,"{""C1447749"": 4, ""C0920317"": 1}",0.7219280948873623,0.31091750708257115,0.0,C1447749,0
mm_0094491,BioBERT,5,1,"{""C0027609"": 5}",-0.0,-0.0,0.0,C0027609,0
mm_0094491,PubMedBERT,5,1,"{""C1839576"": 5}",-0.0,-0.0,0.0,C1839576,0
mm_0094778,BERT-base,9,1,"{""UMLS:C1257990"": 9}",-0.0,-0.0,0.0,UMLS:C1257990,0
mm_0094778,BioBERT,9,1,"{""UMLS:C1257990"": 9}",-0.0,-0.0,0.0,UMLS:C1257990,0
mm_0094778,PubMedBERT,9,2,"{""C1839576"": 7, ""UMLS:C1257990"": 2}",0.7642045065086203,0.24107968048484052,0.0,C1839576,0
mm_0095178,BERT-base,5,1,"{""UMLS:C1257990"": 5}",-0.0,-0.0,0.0,UMLS:C1257990,0
mm_0095178,BioBERT,5,1,"{""C1312419"": 5}",-0.0,-0.0,0.0,C1312419,0
mm_0095178,PubMedBERT,5,1,"{""UMLS:C1423931"": 5}",-0.0,-0.0,0.0,UMLS:C1423931,0
mm_0095310,BERT-base,7,1,"{""C1447749"": 7}",-0.0,-0.0,0.0,C1447749,0
mm_0095310,BioBERT,7,2,"{""UMLS:C4019080"": 6, ""UMLS:C1257990"": 1}",0.5916727785823275,0.21075809614719848,0.8571428571428571,UMLS:C4019080,0
mm_0095310,PubMedBERT,7,1,"{""C1447749"": 7}",-0.0,-0.0,0.0,C1447749,0
mm_0095368,BERT-base,4,2,"{""UMLS:C2350390"": 1, ""UMLS:C0242193"": 3}",0.8112781244591328,0.4056390622295664,0.0,UMLS:C0242193,0
mm_0095368,BioBERT,4,1,"{""UMLS:C0681906"": 4}",-0.0,-0.0,0.0,UMLS:C0681906,0
mm_0095368,PubMedBERT,4,2,"{""UMLS:C0681906"": 2, ""C1839576"": 2}",1.0,0.5,0.0,UMLS:C0681906,1
mm_0095757,BERT-base,7,1,"{""C0282597"": 7}",-0.0,-0.0,0.0,C0282597,0
mm_0095757,BioBERT,7,2,"{""C0282597"": 6, ""UMLS:C0024868"": 1}",0.5916727785823275,0.21075809614719848,0.14285714285714285,C0282597,0
mm_0095757,PubMedBERT,7,2,"{""C0282597"": 3, ""UMLS:C0024868"": 4}",0.9852281360342515,0.35094534299644053,0.5714285714285714,UMLS:C0024868,0
mm_0095883,BERT-base,9,5,"{""C4277543"": 4, ""C0386482"": 1, ""C0075128"": 1, ""C1447749"": 2, ""C1739108"": 1}",2.058813890331201,0.6494834702380792,0.0,C4277543,1
mm_0095883,BioBERT,9,3,"{""UMLS:C1257990"": 6, ""C0075128"": 1, ""C1447749"": 2}",1.224394445405986,0.3862534428571301,0.0,UMLS:C1257990,0
mm_0095883,PubMedBERT,9,1,"{""C1447749"": 9}",-0.0,-0.0,0.0,C1447749,0
mm_0095979,BERT-base,5,1,"{""C1447749"": 5}",-0.0,-0.0,0.0,C1447749,0
mm_0095979,BioBERT,5,1,"{""C1447749"": 5}",-0.0,-0.0,0.0,C1447749,0
mm_0095979,PubMedBERT,5,1,"{""C1839576"": 5}",-0.0,-0.0,0.0,C1839576,0
mm_0097032,BERT-base,5,1,"{""UMLS:C0358514"": 5}",-0.0,-0.0,0.0,UMLS:C0358514,0
mm_0097032,BioBERT,5,2,"{""UMLS:C1707887"": 4, ""UMLS:C1257990"": 1}",0.7219280948873623,0.31091750708257115,0.0,UMLS:C1707887,0
mm_0097032,PubMedBERT,5,2,"{""C1839576"": 4, ""C1447749"": 1}",0.7219280948873623,0.31091750708257115,0.0,C1839576,0
mm_0097356,BERT-base,3,2,"{""C1739108"": 2, ""C1447749"": 1}",0.9182958340544896,0.579380164285695,0.0,C1739108,1
mm_0097356,BioBERT,3,1,"{""UMLS:C0919821"": 3}",-0.0,-0.0,0.0,UMLS:C0919821,0
mm_0097356,PubMedBERT,3,1,"{""C1839576"": 3}",-0.0,-0.0,0.0,C1839576,0
mm_0098125,BERT-base,3,1,"{""C1447749"": 3}",-0.0,-0.0,0.0,C1447749,0
mm_0098125,BioBERT,3,1,"{""UMLS:C1257990"": 3}",-0.0,-0.0,0.0,UMLS:C1257990,0
mm_0098125,PubMedBERT,3,1,"{""C1839576"": 3}",-0.0,-0.0,0.0,C1839576,0
mm_0098216,BERT-base,3,2,"{""UMLS:C1257990"": 1, ""UMLS:C0810516"": 2}",0.9182958340544896,0.579380164285695,0.0,UMLS:C0810516,1
mm_0098216,BioBERT,3,1,"{""C1868801"": 3}",-0.0,-0.0,0.0,C1868801,0
mm_0098216,PubMedBERT,3,1,"{""C1839576"": 3}",-0.0,-0.0,0.0,C1839576,0
mm_0098533,BERT-base,3,1,"{""C1447749"": 3}",-0.0,-0.0,0.0,C1447749,0
mm_0098533,BioBERT,3,1,"{""C1739108"": 3}",-0.0,-0.0,0.0,C1739108,0
mm_0098533,PubMedBERT,3,1,"{""C1839576"": 3}",-0.0,-0.0,0.0,C1839576,0
mm_0098594,BERT-base,9,1,"{""UMLS:C0358514"": 9}",-0.0,-0.0,0.0,UMLS:C0358514,0
mm_0098594,BioBERT,9,1,"{""UMLS:C1707887"": 9}",-0.0,-0.0,0.0,UMLS:C1707887,0
mm_0098594,PubMedBERT,9,2,"{""C0015131"": 3, ""C0018966"": 6}",0.9182958340544896,0.2896900821428475,0.0,C0018966,0
mm_0098597,BERT-base,8,1,"{""UMLS:C0358514"": 8}",-0.0,-0.0,0.0,UMLS:C0358514,0
mm_0098597,BioBERT,8,1,"{""UMLS:C1707887"": 8}",-0.0,-0.0,0.0,UMLS:C1707887,0
mm_0098597,PubMedBERT,8,2,"{""C0015131"": 3, ""C0018966"": 5}",0.954434002924965,0.318144667641655,0.0,C0018966,0
mm_0098599,BERT-base,8,1,"{""UMLS:C0358514"": 8}",-0.0,-0.0,0.0,UMLS:C0358514,0
mm_0098599,BioBERT,8,1,"{""UMLS:C1707887"": 8}",-0.0,-0.0,0.0,UMLS:C1707887,0
mm_0098599,PubMedBERT,8,2,"{""C0015131"": 2, ""C0018966"": 6}",0.8112781244591328,0.2704260414863776,0.0,C0018966,0
mm_0098903,BERT-base,5,1,"{""C0597336"": 5}",-0.0,-0.0,0.0,C0597336,0
mm_0098903,BioBERT,5,1,"{""UMLS:C1707887"": 5}",-0.0,-0.0,0.0,UMLS:C1707887,0
mm_0098903,PubMedBERT,5,1,"{""C1839576"": 5}",-0.0,-0.0,0.0,C1839576,0
mm_0099490,BERT-base,5,1,"{""C0282597"": 5}",-0.0,-0.0,0.0,C0282597,0
mm_0099490,BioBERT,5,2,"{""UMLS:C1707887"": 1, ""UMLS:C1257990"": 4}",0.7219280948873623,0.31091750708257115,0.0,UMLS:C1257990,0
mm_0099490,PubMedBERT,5,1,"{""C1447749"": 5}",-0.0,-0.0,0.0,C1447749,0
mm_0100360,BERT-base,7,3,"{""C0040048"": 3, ""C1447749"": 2, ""C0280321"": 2}",1.5566567074628228,0.5544923070581674,0.0,C0040048,1
mm_0100360,BioBERT,7,1,"{""C1447749"": 7}",-0.0,-0.0,0.0,C1447749,0
mm_0100360,PubMedBERT,7,1,"{""C1447749"": 7}",-0.0,-0.0,0.0,C1447749,0
mm_0101352,BERT-base,7,3,"{""UMLS:C0242193"": 4, ""C0525041"": 1, ""UMLS:C1707887"": 2}",1.3787834934861753,0.49113258984568253,0.0,UMLS:C0242193,0
mm_0101352,BioBERT,7,2,"{""UMLS:C1257990"": 2, ""UMLS:C1707887"": 5}",0.863120568566631,0.30744974986419643,0.0,UMLS:C1707887,0
mm_0101352,PubMedBERT,7,1,"{""C1839576"": 7}",-0.0,-0.0,0.0,C1839576,0
mm_0101708,BERT-base,5,2,"{""UMLS:C1283169"": 2, ""UMLS:C0242193"": 3}",0.9709505944546686,0.4181656600790516,0.0,UMLS:C0242193,0
mm_0101708,BioBERT,5,1,"{""UMLS:C3808257"": 5}",-0.0,-0.0,0.0,UMLS:C3808257,0
mm_0101708,PubMedBERT,5,1,"{""C1839576"": 5}",-0.0,-0.0,0.0,C1839576,0
mm_0101737,BERT-base,5,1,"{""C1447749"": 5}",-0.0,-0.0,0.0,C1447749,0
mm_0101737,BioBERT,5,1,"{""C1447749"": 5}",-0.0,-0.0,0.0,C1447749,0
mm_0101737,PubMedBERT,5,1,"{""C1447749"": 5}",-0.0,-0.0,0.0,C1447749,0
mm_0102157,BERT-base,7,1,"{""UMLS:C0752046"": 7}",-0.0,-0.0,0.0,UMLS:C0752046,0
mm_0102157,BioBERT,7,3,"{""C0059563"": 1, ""C1566790"": 4, ""UMLS:C1707887"": 2}",1.3787834934861753,0.49113258984568253,0.0,C1566790,0
mm_0102157,PubMedBERT,7,4,"{""C0317526"": 3, ""UMLS:C1502411"": 1, ""UMLS:C0752046"": 1, ""C1839576"": 2}",1.8423709931771084,0.6562657890890309,0.0,C0317526,1
mm_0102242,BERT-base,7,1,"{""C1447749"": 7}",-0.0,-0.0,0.0,C1447749,0
mm_0102242,BioBERT,7,1,"{""C1447749"": 7}",-0.0,-0.0,0.0,C1447749,0
mm_0102242,PubMedBERT,7,1,"{""C1447749"": 7}",-0.0,-0.0,0.0,C1447749,0
mm_0102605,BERT-base,6,2,"{""C1447749"": 2, ""C1739108"": 4}",0.9182958340544896,0.355245321275764,0.0,C1739108,0
mm_0102605,BioBERT,6,1,"{""UMLS:C1257990"": 6}",-0.0,-0.0,0.0,UMLS:C1257990,0
mm_0102605,PubMedBERT,6,1,"{""C1839576"": 6}",-0.0,-0.0,0.0,C1839576,0
mm_0102700,BERT-base,5,2,"{""C0040048"": 3, ""UMLS:C1257990"": 2}",0.9709505944546686,0.4181656600790516,0.0,C0040048,0
mm_0102700,BioBERT,5,1,"{""UMLS:C1257990"": 5}",-0.0,-0.0,0.0,UMLS:C1257990,0
mm_0102700,PubMedBERT,5,2,"{""C1839576"": 3, ""UMLS:C1257990"": 2}",0.9709505944546686,0.4181656600790516,0.0,C1839576,0
mm_0103065,BERT-base,5,1,"{""UMLS:C1257990"": 5}",-0.0,-0.0,0.0,UMLS:C1257990,0
mm_0103065,BioBERT,5,1,"{""UMLS:C1257990"": 5}",-0.0,-0.0,0.0,UMLS:C1257990,0
mm_0103065,PubMedBERT,5,1,"{""UMLS:C1257990"": 5}",-0.0,-0.0,0.0,UMLS:C1257990,0
mm_0103736,BERT-base,9,5,"{""C4318429"": 1, ""C3888046"": 1, ""C0082529"": 3, ""C0061355"": 2, ""C0059563"": 2}",2.197159723424149,0.693126721428565,0.0,C0082529,1
mm_0103736,BioBERT,9,5,"{""C1312419"": 1, ""UMLS:C1257990"": 1, ""C0013728"": 1, ""UMLS:C1707887"": 4, ""C0008396"": 2}",2.0588138903312014,0.6494834702380793,0.0,UMLS:C1707887,1
mm_0103736,PubMedBERT,9,2,"{""UMLS:C1257990"": 7, ""C1839576"": 2}",0.7642045065086203,0.24107968048484052,0.0,UMLS:C1257990,0
mm_0103773,BERT-base,3,1,"{""C1431519"": 3}",-0.0,-0.0,0.0,C1431519,0
mm_0103773,BioBERT,3,1,"{""UMLS:C1257990"": 3}",-0.0,-0.0,0.0,UMLS:C1257990,0
mm_0103773,PubMedBERT,3,1,"{""C1447749"": 3}",-0.0,-0.0,0.0,C1447749,0
mm_0104295,BERT-base,3,1,"{""UMLS:C1257990"": 3}",-0.0,-0.0,0.0,UMLS:C1257990,0
mm_0104295,BioBERT,3,1,"{""UMLS:C1257990"": 3}",-0.0,-0.0,0.0,UMLS:C1257990,0
mm_0104295,PubMedBERT,3,1,"{""C0015131"": 3}",-0.0,-0.0,0.0,C0015131,0
mm_0104451,BERT-base,7,1,"{""C1447749"": 7}",-0.0,-0.0,0.0,C1447749,0
mm_0104451,BioBERT,7,2,"{""C1839576"": 5, ""C1447749"": 2}",0.863120568566631,0.30744974986419643,0.0,C1839576,0
mm_0104451,PubMedBERT,7,1,"{""C1839576"": 7}",-0.0,-0.0,0.0,C1839576,0
mm_0104646,BERT-base,5,1,"{""C1447749"": 5}",-0.0,-0.0,0.0,C1447749,0
mm_0104646,BioBERT,5,2,"{""C1447749"": 4, ""UMLS:C1257990"": 1}",0.7219280948873623,0.31091750708257115,0.0,C1447749,0
mm_0104646,PubMedBERT,5,1,"{""C1839576"": 5}",-0.0,-0.0,0.0,C1839576,0
mm_0105117,BERT-base,8,3,"{""C0075128"": 4, ""UMLS:C1257990"": 2, ""C1312419"": 2}",1.5,0.5,0.0,C0075128,1
mm_0105117,BioBERT,8,1,"{""UMLS:C1707887"": 8}",-0.0,-0.0,0.0,UMLS:C1707887,0
mm_0105117,PubMedBERT,8,1,"{""C1447749"": 8}",-0.0,-0.0,0.0,C1447749,0
mm_0106448,BERT-base,5,1,"{""C1839576"": 5}",-0.0,-0.0,0.0,C1839576,0
mm_0106448,BioBERT,5,1,"{""C1839576"": 5}",-0.0,-0.0,0.0,C1839576,0
mm_0106448,PubMedBERT,5,1,"{""C1839576"": 5}",-0.0,-0.0,0.0,C1839576,0
mm_0108328,BERT-base,5,1,"{""UMLS:C1257990"": 5}",-0.0,-0.0,0.0,UMLS:C1257990,0
mm_0108328,BioBERT,5,1,"{""C1312419"": 5}",-0.0,-0.0,0.0,C1312419,0
mm_0108328,PubMedBERT,5,2,"{""C1447749"": 3, ""C1839576"": 2}",0.9709505944546686,0.4181656600790516,0.0,C1447749,0
mm_0108371,BERT-base,6,1,"{""UMLS:C1257990"": 6}",-0.0,-0.0,0.0,UMLS:C1257990,0
mm_0108371,BioBERT,6,2,"{""C1312419"": 5, ""UMLS:C1707887"": 1}",0.6500224216483541,0.25146299858006066,0.0,C1312419,0
mm_0108371,PubMedBERT,6,1,"{""C1447749"": 6}",-0.0,-0.0,0.0,C1447749,0
mm_0108777,BERT-base,7,1,"{""UMLS:C1257990"": 7}",-0.0,-0.0,0.0,UMLS:C1257990,0
mm_0108777,BioBERT,7,2,"{""C1839576"": 6, ""UMLS:C0232772"": 1}",0.5916727785823275,0.21075809614719848,0.0,C1839576,0
mm_0108777,PubMedBERT,7,1,"{""C1839576"": 7}",-0.0,-0.0,0.0,C1839576,0
mm_0108849,BERT-base,7,1,"{""C0169661"": 7}",-0.0,-0.0,0.0,C0169661,0
mm_0108849,BioBERT,7,1,"{""C1312419"": 7}",-0.0,-0.0,0.0,C1312419,0
mm_0108849,PubMedBERT,7,1,"{""C1447749"": 7}",-0.0,-0.0,0.0,C1447749,0
mm_0110256,BERT-base,7,1,"{""C2936621"": 7}",-0.0,-0.0,0.0,C2936621,0
mm_0110256,BioBERT,7,2,"{""C2936621"": 4, ""UMLS:C3808257"": 3}",0.9852281360342515,0.35094534299644053,0.0,C2936621,0
mm_0110256,PubMedBERT,7,1,"{""C1839576"": 7}",-0.0,-0.0,0.0,C1839576,0
mm_0110712,BERT-base,5,3,"{""C3888046"": 3, ""C0069676"": 1, ""UMLS:C1257990"": 1}",1.3709505944546687,0.5904362833084089,0.0,C3888046,1
mm_0110712,BioBERT,5,2,"{""C1312419"": 1, ""UMLS:C1257990"": 4}",0.7219280948873623,0.31091750708257115,0.0,UMLS:C1257990,0
mm_0110712,PubMedBERT,5,3,"{""C1839576"": 3, ""C1447749"": 1, ""UMLS:C1257990"": 1}",1.3709505944546687,0.5904362833084089,0.0,C1839576,1
mm_0111188,BERT-base,5,1,"{""C1447749"": 5}",-0.0,-0.0,0.0,C1447749,0
mm_0111188,BioBERT,5,1,"{""UMLS:C1257990"": 5}",-0.0,-0.0,0.0,UMLS:C1257990,0
mm_0111188,PubMedBERT,5,2,"{""C1839576"": 4, ""C1447749"": 1}",0.7219280948873623,0.31091750708257115,0.0,C1839576,0
mm_0111723,BERT-base,5,1,"{""UMLS:C1257990"": 5}",-0.0,-0.0,0.0,UMLS:C1257990,0
mm_0111723,BioBERT,5,2,"{""UMLS:C2919551"": 3, ""C1312419"": 2}",0.9709505944546686,0.4181656600790516,0.0,UMLS:C2919551,0
mm_0111723,PubMedBERT,5,1,"{""C1839576"": 5}",-0.0,-0.0,0.0,C1839576,0
mm_0111876,BERT-base,5,1,"{""C0059563"": 5}",-0.0,-0.0,0.0,C0059563,0
mm_0111876,BioBERT,5,2,"{""C0265267"": 3, ""C1447749"": 2}",0.9709505944546686,0.4181656600790516,0.0,C0265267,0
mm_0111876,PubMedBERT,5,1,"{""C0015131"": 5}",-0.0,-0.0,0.0,C0015131,0
mm_0112227,BERT-base,7,4,"{""C2936621"": 3, ""C0872187"": 1, ""C0386482"": 1, ""UMLS:C0358514"": 2}",1.8423709931771084,0.6562657890890309,0.0,C2936621,1
mm_0112227,BioBERT,7,1,"{""UMLS:C1707887"": 7}",-0.0,-0.0,0.0,UMLS:C1707887,0
mm_0112227,PubMedBERT,7,2,"{""C1839576"": 1, ""C1447749"": 6}",0.5916727785823275,0.21075809614719848,0.0,C1447749,0
mm_0112233,BERT-base,7,1,"{""UMLS:C1257990"": 7}",-0.0,-0.0,0.0,UMLS:C1257990,0
mm_0112233,BioBERT,7,1,"{""UMLS:C1707887"": 7}",-0.0,-0.0,0.0,UMLS:C1707887,0
mm_0112233,PubMedBERT,7,2,"{""C1839576"": 1, ""C1447749"": 6}",0.5916727785823275,0.21075809614719848,0.0,C1447749,0
mm_0112509,BERT-base,9,2,"{""C1258127"": 4, ""UMLS:C2350390"": 5}",0.9910760598382222,0.3126496871021503,0.0,UMLS:C2350390,0
mm_0112509,BioBERT,9,2,"{""C0008396"": 1, ""UMLS:C1707887"": 8}",0.5032583347756457,0.1587603285713901,0.0,UMLS:C1707887,0
mm_0112509,PubMedBERT,9,1,"{""C1447749"": 9}",-0.0,-0.0,0.0,C1447749,0
mm_0112528,BERT-base,3,1,"{""UMLS:C1158849"": 3}",-0.0,-0.0,0.0,UMLS:C1158849,0
mm_0112528,BioBERT,3,1,"{""UMLS:C1707887"": 3}",-0.0,-0.0,0.0,UMLS:C1707887,0
mm_0112528,PubMedBERT,3,1,"{""C1447749"": 3}",-0.0,-0.0,0.0,C1447749,0
mm_0112789,BERT-base,7,2,"{""C1447749"": 5, ""C0265267"": 2}",0.863120568566631,0.30744974986419643,0.0,C1447749,0
mm_0112789,BioBERT,7,2,"{""C0032914"": 5, ""C1861172"": 2}",0.863120568566631,0.30744974986419643,0.0,C0032914,0
mm_0112789,PubMedBERT,7,2,"{""C1447749"": 5, ""C1839576"": 2}",0.863120568566631,0.30744974986419643,0.0,C1447749,0
mm_0112894,BERT-base,6,2,"{""UMLS:C0242193"": 2, ""UMLS:C1283169"": 4}",0.9182958340544896,0.355245321275764,0.0,UMLS:C1283169,0
mm_0112894,BioBERT,6,1,"{""UMLS:C1707887"": 6}",-0.0,-0.0,0.0,UMLS:C1707887,0
mm_0112894,PubMedBERT,6,2,"{""C1447749"": 4, ""C1839576"": 2}",0.9182958340544896,0.355245321275764,0.0,C1447749,0
mm_0113609,BERT-base,6,2,"{""C1739108"": 4, ""C0019682"": 2}",0.9182958340544896,0.355245321275764,0.0,C1739108,0
mm_0113609,BioBERT,6,3,"{""C5392105"": 2, ""C1839576"": 2, ""C1447749"": 2}",1.584962500721156,0.6131471927654584,0.0,C5392105,1
mm_0113609,PubMedBERT,6,1,"{""C1839576"": 6}",-0.0,-0.0,0.0,C1839576,0
mm_0114471,BERT-base,4,1,"{""C0035321"": 4}",-0.0,-0.0,0.0,C0035321,0
mm_0114471,BioBERT,4,1,"{""C1839576"": 4}",-0.0,-0.0,0.0,C1839576,0
mm_0114471,PubMedBERT,4,1,"{""C1839576"": 4}",-0.0,-0.0,0.0,C1839576,0
mm_0115142,BERT-base,5,1,"{""UMLS:C1257990"": 5}",-0.0,-0.0,0.0,UMLS:C1257990,0
mm_0115142,BioBERT,5,1,"{""C0265267"": 5}",-0.0,-0.0,0.0,C0265267,0
mm_0115142,PubMedBERT,5,1,"{""C1839576"": 5}",-0.0,-0.0,0.0,C1839576,0
mm_0116349,BERT-base,5,2,"{""UMLS:C1283169"": 3, ""C1431519"": 2}",0.9709505944546686,0.4181656600790516,0.0,UMLS:C1283169,0
mm_0116349,BioBERT,5,1,"{""UMLS:C1707887"": 5}",-0.0,-0.0,0.0,UMLS:C1707887,0
mm_0116349,PubMedBERT,5,2,"{""C1839576"": 3, ""C1447749"": 2}",0.9709505944546686,0.4181656600790516,0.0,C1839576,0
mm_0116426,BERT-base,6,1,"{""UMLS:C1257990"": 6}",-0.0,-0.0,0.0,UMLS:C1257990,0
mm_0116426,BioBERT,6,1,"{""UMLS:C0919821"": 6}",-0.0,-0.0,0.0,UMLS:C0919821,0
mm_0116426,PubMedBERT,6,1,"{""C1839576"": 6}",-0.0,-0.0,0.0,C1839576,0
mm_0116620,BERT-base,5,1,"{""UMLS:C0358514"": 5}",-0.0,-0.0,0.0,UMLS:C0358514,0
mm_0116620,BioBERT,5,1,"{""UMLS:C1707887"": 5}",-0.0,-0.0,0.0,UMLS:C1707887,0
mm_0116620,PubMedBERT,5,1,"{""C1839576"": 5}",-0.0,-0.0,0.0,C1839576,0
mm_0117264,BERT-base,7,2,"{""UMLS:C1257990"": 4, ""UMLS:C0752046"": 3}",0.9852281360342515,0.35094534299644053,0.42857142857142855,UMLS:C1257990,0
mm_0117264,BioBERT,7,1,"{""UMLS:C0752046"": 7}",-0.0,-0.0,1.0,UMLS:C0752046,0
mm_0117264,PubMedBERT,7,1,"{""UMLS:C0752046"": 7}",-0.0,-0.0,1.0,UMLS:C0752046,0
mm_0117559,BERT-base,9,3,"{""C1868801"": 4, ""UMLS:C0242193"": 2, ""C1700928"": 3}",1.5304930567574826,0.4828168035714126,0.0,C1868801,0
mm_0117559,BioBERT,9,4,"{""C0920253"": 2, ""C0030201"": 3, ""UMLS:C1707887"": 2, ""C1700928"": 2}",1.974937501201927,0.6230234154761809,0.0,C0030201,1
mm_0117559,PubMedBERT,9,2,"{""C1839576"": 7, ""UMLS:C0241311"": 2}",0.7642045065086203,0.24107968048484052,0.2222222222222222,C1839576,0
mm_0119071,BERT-base,5,2,"{""C1447749"": 3, ""UMLS:C1257990"": 2}",0.9709505944546686,0.4181656600790516,0.0,C1447749,0
mm_0119071,BioBERT,5,3,"{""C5392105"": 1, ""C0265267"": 1, ""C0027609"": 3}",1.3709505944546687,0.5904362833084089,0.0,C0027609,1
mm_0119071,PubMedBERT,5,1,"{""C1839576"": 5}",-0.0,-0.0,0.0,C1839576,0
mm_0119329,BERT-base,5,1,"{""UMLS:C2919551"": 5}",-0.0,-0.0,1.0,UMLS:C2919551,0
mm_0119329,BioBERT,5,1,"{""UMLS:C2919551"": 5}",-0.0,-0.0,1.0,UMLS:C2919551,0
mm_0119329,PubMedBERT,5,1,"{""UMLS:C2919551"": 5}",-0.0,-0.0,1.0,UMLS:C2919551,0
mm_0119410,BERT-base,5,1,"{""C1447749"": 5}",-0.0,-0.0,0.0,C1447749,0
mm_0119410,BioBERT,5,2,"{""C1868801"": 4, ""C1447749"": 1}",0.7219280948873623,0.31091750708257115,0.0,C1868801,0
mm_0119410,PubMedBERT,5,1,"{""C1447749"": 5}",-0.0,-0.0,0.0,C1447749,0
mm_0119805,BERT-base,5,1,"{""C0282597"": 5}",-0.0,-0.0,0.0,C0282597,0
mm_0119805,BioBERT,5,2,"{""UMLS:C1707887"": 4, ""C1447749"": 1}",0.7219280948873623,0.31091750708257115,0.0,UMLS:C1707887,0
mm_0119805,PubMedBERT,5,1,"{""C1447749"": 5}",-0.0,-0.0,0.0,C1447749,0
mm_0120160,BERT-base,6,1,"{""C0282597"": 6}",-0.0,-0.0,0.0,C0282597,0
mm_0120160,BioBERT,6,2,"{""UMLS:C1257990"": 5, ""C0059563"": 1}",0.6500224216483541,0.25146299858006066,0.0,UMLS:C1257990,0
mm_0120160,PubMedBERT,6,1,"{""C0015131"": 6}",-0.0,-0.0,0.0,C0015131,0
mm_0120224,BERT-base,5,1,"{""C1312419"": 5}",-0.0,-0.0,0.0,C1312419,0
mm_0120224,BioBERT,5,1,"{""C0317597"": 5}",-0.0,-0.0,0.0,C0317597,0
mm_0120224,PubMedBERT,5,2,"{""C1447749"": 3, ""C1839576"": 2}",0.9709505944546686,0.4181656600790516,0.0,C1447749,0
mm_0120578,BERT-base,6,2,"{""UMLS:C0242193"": 4, ""C1447749"": 2}",0.9182958340544896,0.355245321275764,0.0,UMLS:C0242193,0
mm_0120578,BioBERT,6,1,"{""UMLS:C1257990"": 6}",-0.0,-0.0,0.0,UMLS:C1257990,0
mm_0120578,PubMedBERT,6,1,"{""C1447749"": 6}",-0.0,-0.0,0.0,C1447749,0
mm_0121914,BERT-base,6,1,"{""UMLS:C1257990"": 6}",-0.0,-0.0,0.0,UMLS:C1257990,0
mm_0121914,BioBERT,6,1,"{""UMLS:C1257990"": 6}",-0.0,-0.0,0.0,UMLS:C1257990,0
mm_0121914,PubMedBERT,6,1,"{""UMLS:C1707887"": 6}",-0.0,-0.0,0.0,UMLS:C1707887,0
mm_0123151,BERT-base,7,2,"{""UMLS:C0242193"": 4, ""UMLS:C1257990"": 3}",0.9852281360342515,0.35094534299644053,0.0,UMLS:C0242193,0
mm_0123151,BioBERT,7,2,"{""C1839576"": 6, ""UMLS:C1707887"": 1}",0.5916727785823275,0.21075809614719848,0.0,C1839576,0
mm_0123151,PubMedBERT,7,1,"{""C1839576"": 7}",-0.0,-0.0,0.0,C1839576,0
mm_0123559,BERT-base,3,1,"{""C3714500"": 3}",-0.0,-0.0,0.0,C3714500,0
mm_0123559,BioBERT,3,2,"{""C1868801"": 2, ""C1447749"": 1}",0.9182958340544896,0.579380164285695,0.0,C1868801,1
mm_0123559,PubMedBERT,3,1,"{""C1839576"": 3}",-0.0,-0.0,0.0,C1839576,0
mm_0123712,BERT-base,6,2,"{""UMLS:C1257990"": 4, ""C1312419"": 2}",0.9182958340544896,0.355245321275764,0.0,UMLS:C1257990,0
mm_0123712,BioBERT,6,2,"{""UMLS:C1257990"": 4, ""C1312419"": 2}",0.9182958340544896,0.355245321275764,0.0,UMLS:C1257990,0
mm_0123712,PubMedBERT,6,1,"{""C1447749"": 6}",-0.0,-0.0,0.0,C1447749,0
mm_0123740,BERT-base,5,1,"{""C1312419"": 5}",-0.0,-0.0,0.0,C1312419,0
mm_0123740,BioBERT,5,1,"{""C1312419"": 5}",-0.0,-0.0,0.0,C1312419,0
mm_0123740,PubMedBERT,5,1,"{""C1447749"": 5}",-0.0,-0.0,0.0,C1447749,0
mm_0123877,BERT-base,6,1,"{""C1447749"": 6}",-0.0,-0.0,0.0,C1447749,0
mm_0123877,BioBERT,6,1,"{""C0018081"": 6}",-0.0,-0.0,0.0,C0018081,0
mm_0123877,PubMedBERT,6,1,"{""C1839576"": 6}",-0.0,-0.0,0.0,C1839576,0
mm_0123899,BERT-base,3,1,"{""C1447749"": 3}",-0.0,-0.0,0.0,C1447749,0
mm_0123899,BioBERT,3,1,"{""C1868801"": 3}",-0.0,-0.0,0.0,C1868801,0
mm_0123899,PubMedBERT,3,1,"{""C1839576"": 3}",-0.0,-0.0,0.0,C1839576,0
mm_0124157,BERT-base,7,1,"{""UMLS:C1257990"": 7}",-0.0,-0.0,0.0,UMLS:C1257990,0
mm_0124157,BioBERT,7,2,"{""C1447749"": 5, ""C1257738"": 2}",0.863120568566631,0.30744974986419643,0.0,C1447749,0
mm_0124157,PubMedBERT,7,1,"{""C1839576"": 7}",-0.0,-0.0,0.0,C1839576,0
mm_0124433,BERT-base,4,1,"{""UMLS:C1257990"": 4}",-0.0,-0.0,0.0,UMLS:C1257990,0
mm_0124433,BioBERT,4,1,"{""UMLS:C1257990"": 4}",-0.0,-0.0,0.0,UMLS:C1257990,0
mm_0124433,PubMedBERT,4,1,"{""C1839576"": 4}",-0.0,-0.0,0.0,C1839576,0
mm_0124748,BERT-base,7,3,"{""UMLS:C1257990"": 4, ""C1839576"": 1, ""UMLS:C0444254"": 2}",1.3787834934861753,0.49113258984568253,0.0,UMLS:C1257990,0
mm_0124748,BioBERT,7,1,"{""UMLS:C2919551"": 7}",-0.0,-0.0,0.0,UMLS:C2919551,0
mm_0124748,PubMedBERT,7,1,"{""C1839576"": 7}",-0.0,-0.0,0.0,C1839576,0
mm_0124772,BERT-base,3,2,"{""UMLS:C0242193"": 1, ""UMLS:C0358514"": 2}",0.9182958340544896,0.579380164285695,0.0,UMLS:C0358514,1
mm_0124772,BioBERT,3,1,"{""UMLS:C1257990"": 3}",-0.0,-0.0,0.0,UMLS:C1257990,0
mm_0124772,PubMedBERT,3,2,"{""C1839576"": 1, ""UMLS:C0681906"": 2}",0.9182958340544896,0.579380164285695,0.0,UMLS:C0681906,1
mm_0124804,BERT-base,7,3,"{""C0203378"": 3, ""UMLS:C1707887"": 1, ""C0242913"": 3}",1.4488156357251847,0.516078542239789,0.0,C0203378,1
mm_0124804,BioBERT,7,3,"{""C0038441"": 3, ""UMLS:C1707887"": 2, ""UMLS:C1257990"": 2}",1.5566567074628228,0.5544923070581674,0.0,C0038441,1
mm_0124804,PubMedBERT,7,1,"{""UMLS:C0681906"": 7}",-0.0,-0.0,0.0,UMLS:C0681906,0
mm_0124847,BERT-base,5,1,"{""C0027609"": 5}",-0.0,-0.0,0.0,C0027609,0
mm_0124847,BioBERT,5,2,"{""C1447749"": 4, ""C0027609"": 1}",0.7219280948873623,0.31091750708257115,0.0,C1447749,0
mm_0124847,PubMedBERT,5,2,"{""C1447749"": 4, ""C1839576"": 1}",0.7219280948873623,0.31091750708257115,0.0,C1447749,0
mm_0124918,BERT-base,7,2,"{""C1447749"": 5, ""UMLS:C1257990"": 2}",0.863120568566631,0.30744974986419643,0.0,C1447749,0
mm_0124918,BioBERT,7,1,"{""UMLS:C1257990"": 7}",-0.0,-0.0,0.0,UMLS:C1257990,0
mm_0124918,PubMedBERT,7,1,"{""C1839576"": 7}",-0.0,-0.0,0.0,C1839576,0
mm_0125021,BERT-base,7,1,"{""C1447749"": 7}",-0.0,-0.0,0.0,C1447749,0
mm_0125021,BioBERT,7,2,"{""C1370369"": 5, ""C1447749"": 2}",0.863120568566631,0.30744974986419643,0.0,C1370369,0
mm_0125021,PubMedBERT,7,1,"{""C1999375"": 7}",-0.0,-0.0,0.0,C1999375,0
mm_0125530,BERT-base,8,2,"{""UMLS:C1257990"": 7, ""C0021665"": 1}",0.5435644431995964,0.1811881477331988,0.0,UMLS:C1257990,0
mm_0125530,BioBERT,8,1,"{""UMLS:C0358514"": 8}",-0.0,-0.0,0.0,UMLS:C0358514,0
mm_0125530,PubMedBERT,8,1,"{""UMLS:C0358514"": 8}",-0.0,-0.0,0.0,UMLS:C0358514,0
mm_0125540,BERT-base,7,1,"{""C0386482"": 7}",-0.0,-0.0,0.0,C0386482,0
mm_0125540,BioBERT,7,1,"{""UMLS:C0358514"": 7}",-0.0,-0.0,0.0,UMLS:C0358514,0
mm_0125540,PubMedBERT,7,1,"{""UMLS:C0358514"": 7}",-0.0,-0.0,0.0,UMLS:C0358514,0
mm_0125575,BERT-base,7,2,"{""UMLS:C1257990"": 6, ""C1447749"": 1}",0.5916727785823275,0.21075809614719848,0.0,UMLS:C1257990,0
mm_0125575,BioBERT,7,1,"{""UMLS:C0358514"": 7}",-0.0,-0.0,1.0,UMLS:C0358514,0
mm_0125575,PubMedBERT,7,1,"{""UMLS:C0358514"": 7}",-0.0,-0.0,1.0,UMLS:C0358514,0
mm_0125604,BERT-base,7,1,"{""C1312419"": 7}",-0.0,-0.0,0.0,C1312419,0
mm_0125604,BioBERT,7,1,"{""UMLS:C1257990"": 7}",-0.0,-0.0,0.0,UMLS:C1257990,0
mm_0125604,PubMedBERT,7,1,"{""C1447749"": 7}",-0.0,-0.0,0.0,C1447749,0
mm_0125831,BERT-base,7,1,"{""C1447749"": 7}",-0.0,-0.0,0.0,C1447749,0
mm_0125831,BioBERT,7,1,"{""C1447749"": 7}",-0.0,-0.0,0.0,C1447749,0
mm_0125831,PubMedBERT,7,2,"{""C1839576"": 6, ""C1447749"": 1}",0.5916727785823275,0.21075809614719848,0.0,C1839576,0
mm_0126004,BERT-base,7,1,"{""C4505290"": 7}",-0.0,-0.0,0.0,C4505290,0
mm_0126004,BioBERT,7,1,"{""C4505290"": 7}",-0.0,-0.0,0.0,C4505290,0
mm_0126004,PubMedBERT,7,1,"{""C0018966"": 7}",-0.0,-0.0,0.0,C0018966,0
mm_0126513,BERT-base,5,1,"{""UMLS:C0358514"": 5}",-0.0,-0.0,0.0,UMLS:C0358514,0
mm_0126513,BioBERT,5,1,"{""C1999375"": 5}",-0.0,-0.0,0.0,C1999375,0
mm_0126513,PubMedBERT,5,1,"{""C0018966"": 5}",-0.0,-0.0,0.0,C0018966,0
mm_0127390,BERT-base,6,1,"{""C1447749"": 6}",-0.0,-0.0,0.0,C1447749,0
mm_0127390,BioBERT,6,1,"{""C1955876"": 6}",-0.0,-0.0,0.0,C1955876,0
mm_0127390,PubMedBERT,6,1,"{""C1839576"": 6}",-0.0,-0.0,0.0,C1839576,0
mm_0127475,BERT-base,8,2,"{""C4318429"": 7, ""UMLS:C0282498"": 1}",0.5435644431995964,0.1811881477331988,0.125,C4318429,0
mm_0127475,BioBERT,8,1,"{""UMLS:C0282498"": 8}",-0.0,-0.0,1.0,UMLS:C0282498,0
mm_0127475,PubMedBERT,8,2,"{""C1839576"": 1, ""C1447749"": 7}",0.5435644431995964,0.1811881477331988,0.0,C1447749,0
mm_0127702,BERT-base,3,1,"{""UMLS:C1257990"": 3}",-0.0,-0.0,0.0,UMLS:C1257990,0
mm_0127702,BioBERT,3,1,"{""C1312419"": 3}",-0.0,-0.0,0.0,C1312419,0
mm_0127702,PubMedBERT,3,1,"{""C1447749"": 3}",-0.0,-0.0,0.0,C1447749,0
mm_0127798,BERT-base,5,1,"{""UMLS:C1257990"": 5}",-0.0,-0.0,0.0,UMLS:C1257990,0
mm_0127798,BioBERT,5,1,"{""UMLS:C1257990"": 5}",-0.0,-0.0,0.0,UMLS:C1257990,0
mm_0127798,PubMedBERT,5,1,"{""UMLS:C1257990"": 5}",-0.0,-0.0,0.0,UMLS:C1257990,0
mm_0128071,BERT-base,6,2,"{""UMLS:C0242193"": 2, ""C1447749"": 4}",0.9182958340544896,0.355245321275764,0.0,C1447749,0
mm_0128071,BioBERT,6,1,"{""UMLS:C0681906"": 6}",-0.0,-0.0,0.0,UMLS:C0681906,0
mm_0128071,PubMedBERT,6,1,"{""C1839576"": 6}",-0.0,-0.0,0.0,C1839576,0
mm_0128293,BERT-base,5,1,"{""UMLS:C1257990"": 5}",-0.0,-0.0,0.0,UMLS:C1257990,0
mm_0128293,BioBERT,5,2,"{""UMLS:C1257990"": 1, ""C0008396"": 4}",0.7219280948873623,0.31091750708257115,0.0,C0008396,0
mm_0128293,PubMedBERT,5,1,"{""C1839576"": 5}",-0.0,-0.0,0.0,C1839576,0
mm_0128830,BERT-base,5,2,"{""C0169661"": 4, ""C0246486"": 1}",0.7219280948873623,0.31091750708257115,0.0,C0169661,0
mm_0128830,BioBERT,5,2,"{""C0013728"": 3, ""C1431322"": 2}",0.9709505944546686,0.4181656600790516,0.0,C0013728,0
mm_0128830,PubMedBERT,5,1,"{""C1370369"": 5}",-0.0,-0.0,0.0,C1370369,0
mm_0128980,BERT-base,8,3,"{""UMLS:C0358514"": 5, ""UMLS:C0038467"": 2, ""C0282597"": 1}",1.2987949406953985,0.43293164689846614,0.0,UMLS:C0358514,0
mm_0128980,BioBERT,8,2,"{""UMLS:C1257990"": 7, ""UMLS:C4041873"": 1}",0.5435644431995964,0.1811881477331988,0.0,UMLS:C1257990,0
mm_0128980,PubMedBERT,8,1,"{""C0018966"": 8}",-0.0,-0.0,0.0,C0018966,0
mm_0129592,BERT-base,4,1,"{""C0525041"": 4}",-0.0,-0.0,0.0,C0525041,0
mm_0129592,BioBERT,4,2,"{""C1447749"": 2, ""UMLS:C4285807"": 2}",1.0,0.5,0.5,C1447749,1
mm_0129592,PubMedBERT,4,1,"{""C1447749"": 4}",-0.0,-0.0,0.0,C1447749,0
mm_0130154,BERT-base,5,1,"{""UMLS:C1257990"": 5}",-0.0,-0.0,0.0,UMLS:C1257990,0
mm_0130154,BioBERT,5,2,"{""UMLS:C1707887"": 4, ""UMLS:C0282498"": 1}",0.7219280948873623,0.31091750708257115,0.0,UMLS:C1707887,0
mm_0130154,PubMedBERT,5,1,"{""C1839576"": 5}",-0.0,-0.0,0.0,C1839576,0
mm_0130631,BERT-base,5,1,"{""C1447749"": 5}",-0.0,-0.0,0.0,C1447749,0
mm_0130631,BioBERT,5,1,"{""C0008396"": 5}",-0.0,-0.0,0.0,C0008396,0
mm_0130631,PubMedBERT,5,1,"{""C1447749"": 5}",-0.0,-0.0,0.0,C1447749,0
mm_0132142,BERT-base,3,2,"{""C1431519"": 1, ""C3179121"": 2}",0.9182958340544896,0.579380164285695,0.0,C3179121,1
mm_0132142,BioBERT,3,1,"{""UMLS:C1257990"": 3}",-0.0,-0.0,0.0,UMLS:C1257990,0
mm_0132142,PubMedBERT,3,1,"{""C1839576"": 3}",-0.0,-0.0,0.0,C1839576,0
mm_0132151,BERT-base,5,1,"{""C0282597"": 5}",-0.0,-0.0,0.0,C0282597,0
mm_0132151,BioBERT,5,1,"{""UMLS:C1257990"": 5}",-0.0,-0.0,0.0,UMLS:C1257990,0
mm_0132151,PubMedBERT,5,1,"{""C1447749"": 5}",-0.0,-0.0,0.0,C1447749,0
mm_0132452,BERT-base,4,3,"{""C0034394"": 1, ""UMLS:C0034394"": 1, ""C4042892"": 2}",1.5,0.75,0.0,C4042892,1
mm_0132452,BioBERT,4,2,"{""UMLS:C1257990"": 3, ""UMLS:C0242193"": 1}",0.8112781244591328,0.4056390622295664,0.0,UMLS:C1257990,0
mm_0132452,PubMedBERT,4,2,"{""C1839576"": 3, ""UMLS:C1707887"": 1}",0.8112781244591328,0.4056390622295664,0.0,C1839576,0
mm_0132655,BERT-base,5,1,"{""C1312419"": 5}",-0.0,-0.0,0.0,C1312419,0
mm_0132655,BioBERT,5,1,"{""C0013728"": 5}",-0.0,-0.0,0.0,C0013728,0
mm_0132655,PubMedBERT,5,1,"{""C1447749"": 5}",-0.0,-0.0,0.0,C1447749,0
mm_0132764,BERT-base,9,2,"{""UMLS:C1257990"": 7, ""C1431519"": 2}",0.7642045065086203,0.24107968048484052,0.0,UMLS:C1257990,0
mm_0132764,BioBERT,9,1,"{""UMLS:C1257990"": 9}",-0.0,-0.0,0.0,UMLS:C1257990,0
mm_0132764,PubMedBERT,9,2,"{""UMLS:C1257990"": 7, ""C1447749"": 2}",0.7642045065086203,0.24107968048484052,0.0,UMLS:C1257990,0
mm_0132893,BERT-base,7,1,"{""UMLS:C0444254"": 7}",-0.0,-0.0,0.0,UMLS:C0444254,0
mm_0132893,BioBERT,7,3,"{""UMLS:C1707887"": 1, ""C0016709"": 2, ""UMLS:C1257990"": 4}",1.3787834934861753,0.49113258984568253,0.0,UMLS:C1257990,0
mm_0132893,PubMedBERT,7,2,"{""UMLS:C1707887"": 3, ""UMLS:C1423931"": 4}",0.9852281360342515,0.35094534299644053,0.0,UMLS:C1423931,0
mm_0133360,BERT-base,7,4,"{""UMLS:C1257990"": 4, ""C1447749"": 1, ""C1566790"": 1, ""C0055966"": 1}",1.6644977792004614,0.5929060718765461,0.0,UMLS:C1257990,1
mm_0133360,BioBERT,7,1,"{""C0258846"": 7}",-0.0,-0.0,0.0,C0258846,0
mm_0133360,PubMedBERT,7,2,"{""UMLS:C1423931"": 5, ""C1447749"": 2}",0.863120568566631,0.30744974986419643,0.0,UMLS:C1423931,0
mm_0133554,BERT-base,6,1,"{""UMLS:C0242193"": 6}",-0.0,-0.0,0.0,UMLS:C0242193,0
mm_0133554,BioBERT,6,3,"{""UMLS:C0242193"": 2, ""C0027609"": 2, ""UMLS:C1707887"": 2}",1.584962500721156,0.6131471927654584,0.0,UMLS:C0242193,1
mm_0133554,PubMedBERT,6,1,"{""C1447749"": 6}",-0.0,-0.0,0.0,C1447749,0
mm_0133581,BERT-base,8,1,"{""UMLS:C0032521"": 8}",-0.0,-0.0,1.0,UMLS:C0032521,0
mm_0133581,BioBERT,8,1,"{""UMLS:C0032521"": 8}",-0.0,-0.0,1.0,UMLS:C0032521,0
mm_0133581,PubMedBERT,8,2,"{""C1447749"": 6, ""UMLS:C1257990"": 2}",0.8112781244591328,0.2704260414863776,0.0,C1447749,0
mm_0133687,BERT-base,4,1,"{""C0282597"": 4}",-0.0,-0.0,0.0,C0282597,0
mm_0133687,BioBERT,4,1,"{""UMLS:C1257990"": 4}",-0.0,-0.0,0.0,UMLS:C1257990,0
mm_0133687,PubMedBERT,4,2,"{""C1839576"": 3, ""UMLS:C1257990"": 1}",0.8112781244591328,0.4056390622295664,0.0,C1839576,0
mm_0134026,BERT-base,5,1,"{""UMLS:C1257990"": 5}",-0.0,-0.0,0.0,UMLS:C1257990,0
mm_0134026,BioBERT,5,1,"{""UMLS:C1257990"": 5}",-0.0,-0.0,0.0,UMLS:C1257990,0
mm_0134026,PubMedBERT,5,1,"{""C1839576"": 5}",-0.0,-0.0,0.0,C1839576,0
mm_0135029,BERT-base,7,1,"{""C1447749"": 7}",-0.0,-0.0,0.0,C1447749,0
mm_0135029,BioBERT,7,3,"{""C1370369"": 4, ""C1447749"": 1, ""C0025677"": 2}",1.3787834934861753,0.49113258984568253,0.0,C1370369,0
mm_0135029,PubMedBERT,7,2,"{""C0015131"": 5, ""C0018966"": 2}",0.863120568566631,0.30744974986419643,0.0,C0015131,0
mm_0135287,BERT-base,7,2,"{""C0242913"": 5, ""C0728747"": 2}",0.863120568566631,0.30744974986419643,0.0,C0242913,0
mm_0135287,BioBERT,7,1,"{""C0949359"": 7}",-0.0,-0.0,0.0,C0949359,0
mm_0135287,PubMedBERT,7,1,"{""C1839576"": 7}",-0.0,-0.0,0.0,C1839576,0
mm_0135623,BERT-base,7,3,"{""UMLS:C0242193"": 4, ""C3850091"": 1, ""UMLS:C0444254"": 2}",1.3787834934861753,0.49113258984568253,0.0,UMLS:C0242193,0
mm_0135623,BioBERT,7,2,"{""UMLS:C1707887"": 5, ""UMLS:C1257990"": 2}",0.863120568566631,0.30744974986419643,0.0,UMLS:C1707887,0
mm_0135623,PubMedBERT,7,3,"{""UMLS:C0681906"": 5, ""UMLS:C1707887"": 1, ""C0036669"": 1}",1.1488348542809166,0.4092232318950598,0.0,UMLS:C0681906,0
mm_0135626,BERT-base,4,2,"{""C1447749"": 2, ""UMLS:C0242193"": 2}",1.0,0.5,0.0,C1447749,1
mm_0135626,BioBERT,4,1,"{""UMLS:C1257990"": 4}",-0.0,-0.0,0.0,UMLS:C1257990,0
mm_0135626,PubMedBERT,4,1,"{""C1839576"": 4}",-0.0,-0.0,0.0,C1839576,0
mm_0136871,BERT-base,3,1,"{""UMLS:C1257990"": 3}",-0.0,-0.0,0.0,UMLS:C1257990,0
mm_0136871,BioBERT,3,1,"{""UMLS:C0752046"": 3}",-0.0,-0.0,0.0,UMLS:C0752046,0
mm_0136871,PubMedBERT,3,1,"{""UMLS:C0752046"": 3}",-0.0,-0.0,0.0,UMLS:C0752046,0
mm_0137011,BERT-base,3,1,"{""C1447749"": 3}",-0.0,-0.0,0.0,C1447749,0
mm_0137011,BioBERT,3,1,"{""C1447749"": 3}",-0.0,-0.0,0.0,C1447749,0
mm_0137011,PubMedBERT,3,1,"{""C1447749"": 3}",-0.0,-0.0,0.0,C1447749,0
mm_0137460,BERT-base,5,2,"{""C1447749"": 3, ""UMLS:C0242193"": 2}",0.9709505944546686,0.4181656600790516,0.0,C1447749,0
mm_0137460,BioBERT,5,1,"{""UMLS:C0681906"": 5}",-0.0,-0.0,1.0,UMLS:C0681906,0
mm_0137460,PubMedBERT,5,1,"{""UMLS:C0681906"": 5}",-0.0,-0.0,1.0,UMLS:C0681906,0
mm_0137480,BERT-base,3,1,"{""C1447749"": 3}",-0.0,-0.0,0.0,C1447749,0
mm_0137480,BioBERT,3,1,"{""C1370369"": 3}",-0.0,-0.0,0.0,C1370369,0
mm_0137480,PubMedBERT,3,1,"{""C0015131"": 3}",-0.0,-0.0,0.0,C0015131,0
mm_0137726,BERT-base,9,2,"{""C0034698"": 7, ""UMLS:C0242193"": 2}",0.7642045065086203,0.24107968048484052,0.0,C0034698,0
mm_0137726,BioBERT,9,3,"{""C0265267"": 5, ""UMLS:C1707887"": 2, ""C2935436"": 2}",1.4355205042826666,0.4528562990069186,0.0,C0265267,0
mm_0137726,PubMedBERT,9,2,"{""C1839576"": 6, ""C1447749"": 3}",0.9182958340544896,0.2896900821428475,0.0,C1839576,0
mm_0138166,BERT-base,5,2,"{""UMLS:C0393786"": 3, ""C1839576"": 2}",0.9709505944546686,0.4181656600790516,0.0,UMLS:C0393786,0
mm_0138166,BioBERT,5,1,"{""C0265267"": 5}",-0.0,-0.0,0.0,C0265267,0
mm_0138166,PubMedBERT,5,2,"{""C1839576"": 3, ""C0338508"": 2}",0.9709505944546686,0.4181656600790516,0.0,C1839576,0
mm_0138562,BERT-base,6,1,"{""C1447749"": 6}",-0.0,-0.0,0.0,C1447749,0
mm_0138562,BioBERT,6,2,"{""C0027609"": 4, ""C1447749"": 2}",0.9182958340544896,0.355245321275764,0.0,C0027609,0
mm_0138562,PubMedBERT,6,1,"{""C1447749"": 6}",-0.0,-0.0,0.0,C1447749,0
mm_0138803,BERT-base,5,1,"{""UMLS:C1257990"": 5}",-0.0,-0.0,0.0,UMLS:C1257990,0
mm_0138803,BioBERT,5,1,"{""C1839576"": 5}",-0.0,-0.0,0.0,C1839576,0
mm_0138803,PubMedBERT,5,1,"{""C1839576"": 5}",-0.0,-0.0,0.0,C1839576,0
mm_0139717,BERT-base,5,2,"{""UMLS:C1705920"": 3, ""C0317597"": 2}",0.9709505944546686,0.4181656600790516,0.0,UMLS:C1705920,0
mm_0139717,BioBERT,5,1,"{""UMLS:C1705920"": 5}",-0.0,-0.0,0.0,UMLS:C1705920,0
mm_0139717,PubMedBERT,5,2,"{""C1839576"": 3, ""C1447749"": 2}",0.9709505944546686,0.4181656600790516,0.0,C1839576,0
mm_0139812,BERT-base,7,4,"{""C0085104"": 2, ""UMLS:C0358514"": 1, ""UMLS:C1283169"": 2, ""C4042892"": 2}",1.9502120649147465,0.6946795539074094,0.0,C0085104,1
mm_0139812,BioBERT,7,1,"{""UMLS:C1707887"": 7}",-0.0,-0.0,0.0,UMLS:C1707887,0
mm_0139812,PubMedBERT,7,1,"{""C1447749"": 7}",-0.0,-0.0,0.0,C1447749,0
mm_0140869,BERT-base,5,1,"{""UMLS:C1257990"": 5}",-0.0,-0.0,0.0,UMLS:C1257990,0
mm_0140869,BioBERT,5,1,"{""UMLS:C1257990"": 5}",-0.0,-0.0,0.0,UMLS:C1257990,0
mm_0140869,PubMedBERT,5,1,"{""C1839576"": 5}",-0.0,-0.0,0.0,C1839576,0
mm_0141066,BERT-base,6,1,"{""UMLS:C1257990"": 6}",-0.0,-0.0,0.0,UMLS:C1257990,0
mm_0141066,BioBERT,6,1,"{""UMLS:C1257990"": 6}",-0.0,-0.0,0.0,UMLS:C1257990,0
mm_0141066,PubMedBERT,6,1,"{""C1447749"": 6}",-0.0,-0.0,0.0,C1447749,0
mm_0141706,BERT-base,5,1,"{""C0059563"": 5}",-0.0,-0.0,0.0,C0059563,0
mm_0141706,BioBERT,5,2,"{""C1312419"": 4, ""C0059563"": 1}",0.7219280948873623,0.31091750708257115,0.0,C1312419,0
mm_0141706,PubMedBERT,5,1,"{""C0015131"": 5}",-0.0,-0.0,0.0,C0015131,0
mm_0141847,BERT-base,7,1,"{""C1447749"": 7}",-0.0,-0.0,0.0,C1447749,0
mm_0141847,BioBERT,7,1,"{""UMLS:C1257990"": 7}",-0.0,-0.0,0.0,UMLS:C1257990,0
mm_0141847,PubMedBERT,7,1,"{""C1839576"": 7}",-0.0,-0.0,0.0,C1839576,0
mm_0142210,BERT-base,5,2,"{""UMLS:C1257990"": 3, ""C0017263"": 2}",0.9709505944546686,0.4181656600790516,0.0,UMLS:C1257990,0
mm_0142210,BioBERT,5,1,"{""UMLS:C1257990"": 5}",-0.0,-0.0,0.0,UMLS:C1257990,0
mm_0142210,PubMedBERT,5,1,"{""UMLS:C1257990"": 5}",-0.0,-0.0,0.0,UMLS:C1257990,0
mm_0142481,BERT-base,7,2,"{""C1447749"": 6, ""UMLS:C0242193"": 1}",0.5916727785823275,0.21075809614719848,0.0,C1447749,0
mm_0142481,BioBERT,7,2,"{""UMLS:C1257990"": 5, ""UMLS:C1707887"": 2}",0.863120568566631,0.30744974986419643,0.0,UMLS:C1257990,0
mm_0142481,PubMedBERT,7,3,"{""C1839576"": 1, ""C1447749"": 4, ""C0018966"": 2}",1.3787834934861753,0.49113258984568253,0.0,C1447749,0
mm_0142698,BERT-base,7,1,"{""UMLS:C1257990"": 7}",-0.0,-0.0,0.0,UMLS:C1257990,0
mm_0142698,BioBERT,7,1,"{""C0018081"": 7}",-0.0,-0.0,0.0,C0018081,0
mm_0142698,PubMedBERT,7,1,"{""C1839576"": 7}",-0.0,-0.0,0.0,C1839576,0
mm_0143950,BERT-base,4,1,"{""C0017973"": 4}",-0.0,-0.0,0.0,C0017973,0
mm_0143950,BioBERT,4,1,"{""C1257880"": 4}",-0.0,-0.0,0.0,C1257880,0
mm_0143950,PubMedBERT,4,1,"{""C1447749"": 4}",-0.0,-0.0,0.0,C1447749,0
mm_0144339,BERT-base,7,1,"{""UMLS:C1257990"": 7}",-0.0,-0.0,0.0,UMLS:C1257990,0
mm_0144339,BioBERT,7,1,"{""C0061751"": 7}",-0.0,-0.0,0.0,C0061751,0
mm_0144339,PubMedBERT,7,1,"{""C1839576"": 7}",-0.0,-0.0,0.0,C1839576,0
mm_0144431,BERT-base,7,2,"{""C1447749"": 5, ""C1431519"": 2}",0.863120568566631,0.30744974986419643,0.0,C1447749,0
mm_0144431,BioBERT,7,2,"{""C1312419"": 6, ""UMLS:C0280313"": 1}",0.5916727785823275,0.21075809614719848,0.0,C1312419,0
mm_0144431,PubMedBERT,7,2,"{""C0280321"": 2, ""C1839576"": 5}",0.863120568566631,0.30744974986419643,0.0,C1839576,0
mm_0144945,BERT-base,5,1,"{""C1447749"": 5}",-0.0,-0.0,0.0,C1447749,0
mm_0144945,BioBERT,5,3,"{""C1447749"": 1, ""UMLS:C1707887"": 3, ""C0075128"": 1}",1.3709505944546687,0.5904362833084089,0.0,UMLS:C1707887,1
mm_0144945,PubMedBERT,5,2,"{""C1839576"": 1, ""C1447749"": 4}",0.7219280948873623,0.31091750708257115,0.0,C1447749,0
mm_0145283,BERT-base,1,1,"{""C1312419"": 1}",-0.0,-0.0,0.0,C1312419,0
mm_0145283,BioBERT,1,1,"{""C0013728"": 1}",-0.0,-0.0,0.0,C0013728,0
mm_0145283,PubMedBERT,1,1,"{""C0035681"": 1}",-0.0,-0.0,0.0,C0035681,0
mm_0146127,BERT-base,7,1,"{""UMLS:C0358514"": 7}",-0.0,-0.0,0.0,UMLS:C0358514,0
mm_0146127,BioBERT,7,2,"{""UMLS:C1707887"": 5, ""UMLS:C1257990"": 2}",0.863120568566631,0.30744974986419643,0.0,UMLS:C1707887,0
mm_0146127,PubMedBERT,7,1,"{""C0018966"": 7}",-0.0,-0.0,0.0,C0018966,0
mm_0146149,BERT-base,5,1,"{""C1312419"": 5}",-0.0,-0.0,0.0,C1312419,0
mm_0146149,BioBERT,5,1,"{""UMLS:C1707887"": 5}",-0.0,-0.0,0.0,UMLS:C1707887,0
mm_0146149,PubMedBERT,5,2,"{""C1839576"": 1, ""UMLS:C1707887"": 4}",0.7219280948873623,0.31091750708257115,0.0,UMLS:C1707887,0
mm_0146435,BERT-base,9,1,"{""C1447749"": 9}",-0.0,-0.0,0.0,C1447749,0
mm_0146435,BioBERT,9,2,"{""UMLS:C1257990"": 7, ""UMLS:C1707887"": 2}",0.7642045065086203,0.24107968048484052,0.0,UMLS:C1257990,0
mm_0146435,PubMedBERT,9,1,"{""C1447749"": 9}",-0.0,-0.0,0.0,C1447749,0
mm_0146865,BERT-base,5,1,"{""C0085472"": 5}",-0.0,-0.0,0.0,C0085472,0
mm_0146865,BioBERT,5,2,"{""C0265267"": 2, ""C1447749"": 3}",0.9709505944546686,0.4181656600790516,0.0,C1447749,0
mm_0146865,PubMedBERT,5,1,"{""C1447749"": 5}",-0.0,-0.0,0.0,C1447749,0
mm_0146868,BERT-base,7,1,"{""UMLS:C0242724"": 7}",-0.0,-0.0,1.0,UMLS:C0242724,0
mm_0146868,BioBERT,7,1,"{""C0265267"": 7}",-0.0,-0.0,0.0,C0265267,0
mm_0146868,PubMedBERT,7,2,"{""C1447749"": 3, ""UMLS:C0242724"": 4}",0.9852281360342515,0.35094534299644053,0.5714285714285714,UMLS:C0242724,0
mm_0147167,BERT-base,5,1,"{""UMLS:C1257990"": 5}",-0.0,-0.0,0.0,UMLS:C1257990,0
mm_0147167,BioBERT,5,1,"{""UMLS:C2919551"": 5}",-0.0,-0.0,0.0,UMLS:C2919551,0
mm_0147167,PubMedBERT,5,1,"{""C1839576"": 5}",-0.0,-0.0,0.0,C1839576,0
mm_0147345,BERT-base,5,1,"{""C1447749"": 5}",-0.0,-0.0,0.0,C1447749,0
mm_0147345,BioBERT,5,1,"{""C0008396"": 5}",-0.0,-0.0,0.0,C0008396,0
mm_0147345,PubMedBERT,5,2,"{""C1370369"": 3, ""C1447749"": 2}",0.9709505944546686,0.4181656600790516,0.0,C1370369,0
mm_0148129,BERT-base,7,1,"{""C1447749"": 7}",-0.0,-0.0,0.0,C1447749,0
mm_0148129,BioBERT,7,1,"{""UMLS:C1257990"": 7}",-0.0,-0.0,0.0,UMLS:C1257990,0
mm_0148129,PubMedBERT,7,1,"{""C1839576"": 7}",-0.0,-0.0,0.0,C1839576,0
mm_0148711,BERT-base,7,4,"{""UMLS:C0752046"": 1, ""C1136156"": 2, ""C2936621"": 2, ""C1308232"": 2}",1.9502120649147465,0.6946795539074094,0.0,C1136156,1
mm_0148711,BioBERT,7,2,"{""UMLS:C1257990"": 5, ""C1566790"": 2}",0.863120568566631,0.30744974986419643,0.0,UMLS:C1257990,0
mm_0148711,PubMedBERT,7,3,"{""C1447749"": 1, ""C0752170"": 2, ""UMLS:C1257990"": 4}",1.3787834934861753,0.49113258984568253,0.0,UMLS:C1257990,0
mm_0148991,BERT-base,7,2,"{""UMLS:C0752046"": 5, ""UMLS:C1257990"": 2}",0.863120568566631,0.30744974986419643,0.0,UMLS:C0752046,0
mm_0148991,BioBERT,7,2,"{""UMLS:C1257990"": 3, ""UMLS:C1707887"": 4}",0.9852281360342515,0.35094534299644053,0.0,UMLS:C1707887,0
mm_0148991,PubMedBERT,7,1,"{""C1839576"": 7}",-0.0,-0.0,0.0,C1839576,0
mm_0150343,BERT-base,7,1,"{""UMLS:C1257990"": 7}",-0.0,-0.0,0.0,UMLS:C1257990,0
mm_0150343,BioBERT,7,2,"{""C1312419"": 2, ""UMLS:C1257990"": 5}",0.863120568566631,0.30744974986419643,0.0,UMLS:C1257990,0
mm_0150343,PubMedBERT,7,1,"{""C1447749"": 7}",-0.0,-0.0,0.0,C1447749,0
mm_0150931,BERT-base,6,1,"{""UMLS:C1257990"": 6}",-0.0,-0.0,0.0,UMLS:C1257990,0
mm_0150931,BioBERT,6,2,"{""UMLS:C1257990"": 5, ""C1868801"": 1}",0.6500224216483541,0.25146299858006066,0.0,UMLS:C1257990,0
mm_0150931,PubMedBERT,6,1,"{""C1839576"": 6}",-0.0,-0.0,0.0,C1839576,0
mm_0151404,BERT-base,7,4,"{""C0080092"": 1, ""C1447749"": 4, ""C0055966"": 1, ""C0524984"": 1}",1.6644977792004614,0.5929060718765461,0.0,C1447749,1
mm_0151404,BioBERT,7,3,"{""UMLS:C1707887"": 5, ""UMLS:C1257990"": 1, ""C1370369"": 1}",1.1488348542809166,0.4092232318950598,0.0,UMLS:C1707887,0
mm_0151404,PubMedBERT,7,2,"{""C1839576"": 6, ""C1447749"": 1}",0.5916727785823275,0.21075809614719848,0.0,C1839576,0
mm_0151426,BERT-base,5,2,"{""UMLS:C0242193"": 3, ""UMLS:C0358514"": 2}",0.9709505944546686,0.4181656600790516,0.0,UMLS:C0242193,0
mm_0151426,BioBERT,5,1,"{""C0265267"": 5}",-0.0,-0.0,0.0,C0265267,0
mm_0151426,PubMedBERT,5,1,"{""C1839576"": 5}",-0.0,-0.0,0.0,C1839576,0
mm_0152117,BERT-base,9,3,"{""C1739108"": 4, ""UMLS:C2350390"": 1, ""C3714500"": 4}",1.3921472236645345,0.4391735523809267,0.0,C1739108,0
mm_0152117,BioBERT,9,2,"{""UMLS:C1707887"": 4, ""UMLS:C0919821"": 5}",0.9910760598382222,0.3126496871021503,0.0,UMLS:C0919821,0
mm_0152117,PubMedBERT,9,2,"{""C1839576"": 7, ""C1447749"": 2}",0.7642045065086203,0.24107968048484052,0.0,C1839576,0
mm_0152683,BERT-base,5,1,"{""UMLS:C0919821"": 5}",-0.0,-0.0,0.0,UMLS:C0919821,0
mm_0152683,BioBERT,5,1,"{""C1447749"": 5}",-0.0,-0.0,0.0,C1447749,0
mm_0152683,PubMedBERT,5,1,"{""C1447749"": 5}",-0.0,-0.0,0.0,C1447749,0
mm_0153470,BERT-base,5,2,"{""C1447749"": 1, ""UMLS:C2350390"": 4}",0.7219280948873623,0.31091750708257115,0.0,UMLS:C2350390,0
mm_0153470,BioBERT,5,2,"{""UMLS:C1707887"": 3, ""UMLS:C1257990"": 2}",0.9709505944546686,0.4181656600790516,0.0,UMLS:C1707887,0
mm_0153470,PubMedBERT,5,2,"{""C1447749"": 3, ""C1839576"": 2}",0.9709505944546686,0.4181656600790516,0.0,C1447749,0
mm_0153880,BERT-base,6,1,"{""C1447749"": 6}",-0.0,-0.0,0.0,C1447749,0
mm_0153880,BioBERT,6,1,"{""C0027609"": 6}",-0.0,-0.0,0.0,C0027609,0
mm_0153880,PubMedBERT,6,1,"{""C1839576"": 6}",-0.0,-0.0,0.0,C1839576,0
mm_0155776,BERT-base,5,2,"{""C1447749"": 3, ""C0246486"": 2}",0.9709505944546686,0.4181656600790516,0.0,C1447749,0
mm_0155776,BioBERT,5,1,"{""C1312419"": 5}",-0.0,-0.0,0.0,C1312419,0
mm_0155776,PubMedBERT,5,1,"{""C1447749"": 5}",-0.0,-0.0,0.0,C1447749,0
mm_0156493,BERT-base,7,2,"{""C1447749"": 5, ""C0525041"": 2}",0.863120568566631,0.30744974986419643,0.0,C1447749,0
mm_0156493,BioBERT,7,2,"{""UMLS:C1257990"": 3, ""C1447749"": 4}",0.9852281360342515,0.35094534299644053,0.0,C1447749,0
mm_0156493,PubMedBERT,7,1,"{""C1839576"": 7}",-0.0,-0.0,0.0,C1839576,0
mm_0156624,BERT-base,7,1,"{""UMLS:C1257990"": 7}",-0.0,-0.0,0.0,UMLS:C1257990,0
mm_0156624,BioBERT,7,2,"{""UMLS:C1257990"": 6, ""C1312419"": 1}",0.5916727785823275,0.21075809614719848,0.0,UMLS:C1257990,0
mm_0156624,PubMedBERT,7,1,"{""C1447749"": 7}",-0.0,-0.0,0.0,C1447749,0
mm_0156642,BERT-base,5,1,"{""UMLS:C1257990"": 5}",-0.0,-0.0,0.0,UMLS:C1257990,0
mm_0156642,BioBERT,5,1,"{""UMLS:C1257990"": 5}",-0.0,-0.0,0.0,UMLS:C1257990,0
mm_0156642,PubMedBERT,5,3,"{""C1447749"": 3, ""UMLS:C1257990"": 1, ""C1839576"": 1}",1.3709505944546687,0.5904362833084089,0.0,C1447749,1
mm_0158296,BERT-base,6,2,"{""C4277543"": 5, ""C0040048"": 1}",0.6500224216483541,0.25146299858006066,0.0,C4277543,0
mm_0158296,BioBERT,6,1,"{""C0040048"": 6}",-0.0,-0.0,0.0,C0040048,0
mm_0158296,PubMedBERT,6,1,"{""C1447749"": 6}",-0.0,-0.0,0.0,C1447749,0
mm_0158759,BERT-base,7,1,"{""UMLS:C0444254"": 7}",-0.0,-0.0,0.0,UMLS:C0444254,0
mm_0158759,BioBERT,7,2,"{""C0027609"": 5, ""C1447749"": 2}",0.863120568566631,0.30744974986419643,0.0,C0027609,0
mm_0158759,PubMedBERT,7,1,"{""C0018966"": 7}",-0.0,-0.0,0.0,C0018966,0
mm_0159530,BERT-base,7,1,"{""C1312419"": 7}",-0.0,-0.0,0.0,C1312419,0
mm_0159530,BioBERT,7,1,"{""UMLS:C1257990"": 7}",-0.0,-0.0,0.0,UMLS:C1257990,0
mm_0159530,PubMedBERT,7,1,"{""C1447749"": 7}",-0.0,-0.0,0.0,C1447749,0
mm_0159654,BERT-base,8,2,"{""C1447749"": 6, ""UMLS:C0358514"": 2}",0.8112781244591328,0.2704260414863776,0.0,C1447749,0
mm_0159654,BioBERT,8,1,"{""UMLS:C1257990"": 8}",-0.0,-0.0,0.0,UMLS:C1257990,0
mm_0159654,PubMedBERT,8,2,"{""C1839576"": 7, ""C0015131"": 1}",0.5435644431995964,0.1811881477331988,0.0,C1839576,0
mm_0159899,BERT-base,7,1,"{""UMLS:C1257990"": 7}",-0.0,-0.0,0.0,UMLS:C1257990,0
mm_0159899,BioBERT,7,1,"{""UMLS:C1257990"": 7}",-0.0,-0.0,0.0,UMLS:C1257990,0
mm_0159899,PubMedBERT,7,2,"{""C1839576"": 1, ""C1447749"": 6}",0.5916727785823275,0.21075809614719848,0.0,C1447749,0
mm_0160031,BERT-base,5,2,"{""C0175173"": 3, ""UMLS:C1257990"": 2}",0.9709505944546686,0.4181656600790516,0.0,C0175173,0
mm_0160031,BioBERT,5,1,"{""C0376671"": 5}",-0.0,-0.0,0.0,C0376671,0
mm_0160031,PubMedBERT,5,2,"{""C1839576"": 3, ""C1447749"": 2}",0.9709505944546686,0.4181656600790516,0.0,C1839576,0
mm_0160569,BERT-base,4,1,"{""UMLS:C1257990"": 4}",-0.0,-0.0,0.0,UMLS:C1257990,0
mm_0160569,BioBERT,4,1,"{""UMLS:C1257990"": 4}",-0.0,-0.0,0.0,UMLS:C1257990,0
mm_0160569,PubMedBERT,4,2,"{""C1839576"": 3, ""C1447749"": 1}",0.8112781244591328,0.4056390622295664,0.0,C1839576,0
mm_0161840,BERT-base,5,1,"{""UMLS:C0242193"": 5}",-0.0,-0.0,0.0,UMLS:C0242193,0
mm_0161840,BioBERT,5,1,"{""UMLS:C1707887"": 5}",-0.0,-0.0,0.0,UMLS:C1707887,0
mm_0161840,PubMedBERT,5,2,"{""C1447749"": 4, ""UMLS:C1707887"": 1}",0.7219280948873623,0.31091750708257115,0.0,C1447749,0
mm_0161896,BERT-base,5,1,"{""UMLS:C0242193"": 5}",-0.0,-0.0,0.0,UMLS:C0242193,0
mm_0161896,BioBERT,5,1,"{""C0027609"": 5}",-0.0,-0.0,0.0,C0027609,0
mm_0161896,PubMedBERT,5,2,"{""C1839576"": 1, ""C1447749"": 4}",0.7219280948873623,0.31091750708257115,0.0,C1447749,0
mm_0162411,BERT-base,4,2,"{""C1312419"": 3, ""UMLS:C1257990"": 1}",0.8112781244591328,0.4056390622295664,0.0,C1312419,0
mm_0162411,BioBERT,4,1,"{""C0013728"": 4}",-0.0,-0.0,0.0,C0013728,0
mm_0162411,PubMedBERT,4,2,"{""C1447749"": 2, ""C1839576"": 2}",1.0,0.5,0.0,C1447749,1
mm_0162448,BERT-base,5,2,"{""C0059563"": 4, ""C4505290"": 1}",0.7219280948873623,0.31091750708257115,0.0,C0059563,0
mm_0162448,BioBERT,5,1,"{""C0059563"": 5}",-0.0,-0.0,0.0,C0059563,0
mm_0162448,PubMedBERT,5,1,"{""C0018966"": 5}",-0.0,-0.0,0.0,C0018966,0
mm_0162509,BERT-base,5,1,"{""UMLS:C1257990"": 5}",-0.0,-0.0,0.0,UMLS:C1257990,0
mm_0162509,BioBERT,5,1,"{""UMLS:C1257990"": 5}",-0.0,-0.0,0.0,UMLS:C1257990,0
mm_0162509,PubMedBERT,5,1,"{""UMLS:C1257990"": 5}",-0.0,-0.0,0.0,UMLS:C1257990,0
mm_0162520,BERT-base,7,3,"{""UMLS:C1257990"": 4, ""C1431322"": 1, ""C1312419"": 2}",1.3787834934861753,0.49113258984568253,0.0,UMLS:C1257990,0
mm_0162520,BioBERT,7,1,"{""UMLS:C1257990"": 7}",-0.0,-0.0,0.0,UMLS:C1257990,0
mm_0162520,PubMedBERT,7,1,"{""C1839576"": 7}",-0.0,-0.0,0.0,C1839576,0
mm_0162546,BERT-base,7,1,"{""C1447749"": 7}",-0.0,-0.0,0.0,C1447749,0
mm_0162546,BioBERT,7,1,"{""C1447749"": 7}",-0.0,-0.0,0.0,C1447749,0
mm_0162546,PubMedBERT,7,1,"{""C1447749"": 7}",-0.0,-0.0,0.0,C1447749,0
mm_0164466,BERT-base,9,2,"{""C1447749"": 8, ""UMLS:C1257990"": 1}",0.5032583347756457,0.1587603285713901,0.0,C1447749,0
mm_0164466,BioBERT,9,2,"{""UMLS:C1257990"": 7, ""C1447749"": 2}",0.7642045065086203,0.24107968048484052,0.0,UMLS:C1257990,0
mm_0164466,PubMedBERT,9,2,"{""C0015131"": 7, ""C1839576"": 2}",0.7642045065086203,0.24107968048484052,0.0,C0015131,0
mm_0164998,BERT-base,7,1,"{""C0282597"": 7}",-0.0,-0.0,0.0,C0282597,0
mm_0164998,BioBERT,7,2,"{""UMLS:C1707887"": 6, ""C0203378"": 1}",0.5916727785823275,0.21075809614719848,0.0,UMLS:C1707887,0
mm_0164998,PubMedBERT,7,2,"{""C1447749"": 6, ""C1839576"": 1}",0.5916727785823275,0.21075809614719848,0.0,C1447749,0
mm_0165626,BERT-base,7,1,"{""C1447749"": 7}",-0.0,-0.0,0.0,C1447749,0
mm_0165626,BioBERT,7,1,"{""C1447749"": 7}",-0.0,-0.0,0.0,C1447749,0
mm_0165626,PubMedBERT,7,1,"{""C1839576"": 7}",-0.0,-0.0,0.0,C1839576,0
mm_0166051,BERT-base,6,2,"{""C0597336"": 3, ""C1136156"": 3}",1.0,0.38685280723454163,0.0,C0597336,0
mm_0166051,BioBERT,6,1,"{""C0027609"": 6}",-0.0,-0.0,0.0,C0027609,0
mm_0166051,PubMedBERT,6,1,"{""C1839576"": 6}",-0.0,-0.0,0.0,C1839576,0
mm_0166571,BERT-base,6,1,"{""UMLS:C1257990"": 6}",-0.0,-0.0,0.0,UMLS:C1257990,0
mm_0166571,BioBERT,6,1,"{""UMLS:C0026473"": 6}",-0.0,-0.0,1.0,UMLS:C0026473,0
mm_0166571,PubMedBERT,6,1,"{""UMLS:C0026473"": 6}",-0.0,-0.0,1.0,UMLS:C0026473,0
mm_0166771,BERT-base,7,1,"{""UMLS:C1257990"": 7}",-0.0,-0.0,0.0,UMLS:C1257990,0
mm_0166771,BioBERT,7,1,"{""UMLS:C1257990"": 7}",-0.0,-0.0,0.0,UMLS:C1257990,0
mm_0166771,PubMedBERT,7,2,"{""C1447749"": 2, ""UMLS:C1257990"": 5}",0.863120568566631,0.30744974986419643,0.0,UMLS:C1257990,0
mm_0167745,BERT-base,3,1,"{""UMLS:C0242193"": 3}",-0.0,-0.0,0.0,UMLS:C0242193,0
mm_0167745,BioBERT,3,2,"{""C0027609"": 1, ""C2985410"": 2}",0.9182958340544896,0.579380164285695,0.0,C2985410,1
mm_0167745,PubMedBERT,3,1,"{""C1839576"": 3}",-0.0,-0.0,0.0,C1839576,0
mm_0168156,BERT-base,3,1,"{""UMLS:C1257990"": 3}",-0.0,-0.0,0.0,UMLS:C1257990,0
mm_0168156,BioBERT,3,1,"{""C0075128"": 3}",-0.0,-0.0,0.0,C0075128,0
mm_0168156,PubMedBERT,3,2,"{""C1431322"": 2, ""C1447749"": 1}",0.9182958340544896,0.579380164285695,0.0,C1431322,1
mm_0168172,BERT-base,7,2,"{""UMLS:C1257990"": 5, ""UMLS:C0752046"": 2}",0.863120568566631,0.30744974986419643,0.0,UMLS:C1257990,0
mm_0168172,BioBERT,7,2,"{""UMLS:C1257990"": 6, ""C1447749"": 1}",0.5916727785823275,0.21075809614719848,0.0,UMLS:C1257990,0
mm_0168172,PubMedBERT,7,1,"{""C1447749"": 7}",-0.0,-0.0,0.0,C1447749,0
mm_0168205,BERT-base,4,1,"{""C1739108"": 4}",-0.0,-0.0,0.0,C1739108,0
mm_0168205,BioBERT,4,1,"{""C1447749"": 4}",-0.0,-0.0,0.0,C1447749,0
mm_0168205,PubMedBERT,4,2,"{""C1447749"": 2, ""C1839576"": 2}",1.0,0.5,0.0,C1447749,1
mm_0168214,BERT-base,5,1,"{""C1739108"": 5}",-0.0,-0.0,0.0,C1739108,0
mm_0168214,BioBERT,5,1,"{""C1447749"": 5}",-0.0,-0.0,0.0,C1447749,0
mm_0168214,PubMedBERT,5,2,"{""C1447749"": 3, ""C1839576"": 2}",0.9709505944546686,0.4181656600790516,0.0,C1447749,0
mm_0169244,BERT-base,5,1,"{""UMLS:C2350390"": 5}",-0.0,-0.0,0.0,UMLS:C2350390,0
mm_0169244,BioBERT,5,2,"{""UMLS:C0919821"": 3, ""UMLS:C1707887"": 2}",0.9709505944546686,0.4181656600790516,0.0,UMLS:C0919821,0
mm_0169244,PubMedBERT,5,2,"{""C1839576"": 1, ""C1447749"": 4}",0.7219280948873623,0.31091750708257115,0.0,C1447749,0
mm_0169777,BERT-base,7,1,"{""UMLS:C1257990"": 7}",-0.0,-0.0,0.0,UMLS:C1257990,0
mm_0169777,BioBERT,7,1,"{""UMLS:C1257990"": 7}",-0.0,-0.0,0.0,UMLS:C1257990,0
mm_0169777,PubMedBERT,7,1,"{""C1839576"": 7}",-0.0,-0.0,0.0,C1839576,0
mm_0169892,BERT-base,6,2,"{""C1739108"": 4, ""C1447749"": 2}",0.9182958340544896,0.355245321275764,0.0,C1739108,0
mm_0169892,BioBERT,6,1,"{""UMLS:C1707887"": 6}",-0.0,-0.0,0.0,UMLS:C1707887,0
mm_0169892,PubMedBERT,6,2,"{""C1839576"": 1, ""C1447749"": 5}",0.6500224216483541,0.25146299858006066,0.0,C1447749,0
mm_0170315,BERT-base,9,2,"{""C1257880"": 7, ""C0949359"": 2}",0.7642045065086203,0.24107968048484052,0.0,C1257880,0
mm_0170315,BioBERT,9,1,"{""C0061751"": 9}",-0.0,-0.0,0.0,C0061751,0
mm_0170315,PubMedBERT,9,3,"{""C0015131"": 6, ""C1431322"": 1, ""UMLS:C0048220"": 2}",1.224394445405986,0.3862534428571301,0.0,C0015131,0
mm_0170417,BERT-base,7,1,"{""UMLS:C1257990"": 7}",-0.0,-0.0,0.0,UMLS:C1257990,0
mm_0170417,BioBERT,7,1,"{""UMLS:C1257990"": 7}",-0.0,-0.0,0.0,UMLS:C1257990,0
mm_0170417,PubMedBERT,7,2,"{""C1447749"": 5, ""C1839576"": 2}",0.863120568566631,0.30744974986419643,0.0,C1447749,0
mm_0170901,BERT-base,7,1,"{""UMLS:C1257990"": 7}",-0.0,-0.0,0.0,UMLS:C1257990,0
mm_0170901,BioBERT,7,1,"{""UMLS:C1257990"": 7}",-0.0,-0.0,0.0,UMLS:C1257990,0
mm_0170901,PubMedBERT,7,1,"{""C1447749"": 7}",-0.0,-0.0,0.0,C1447749,0
mm_0171131,BERT-base,5,1,"{""C1447749"": 5}",-0.0,-0.0,0.0,C1447749,0
mm_0171131,BioBERT,5,1,"{""UMLS:C1257990"": 5}",-0.0,-0.0,0.0,UMLS:C1257990,0
mm_0171131,PubMedBERT,5,1,"{""C1447749"": 5}",-0.0,-0.0,0.0,C1447749,0
mm_0171518,BERT-base,5,1,"{""C0016474"": 5}",-0.0,-0.0,0.0,C0016474,0
mm_0171518,BioBERT,5,3,"{""UMLS:C1707887"": 1, ""C1447749"": 2, ""UMLS:C1257990"": 2}",1.5219280948873621,0.6554587535412855,0.0,C1447749,1
mm_0171518,PubMedBERT,5,2,"{""C1447749"": 3, ""C1839576"": 2}",0.9709505944546686,0.4181656600790516,0.0,C1447749,0
mm_0171649,BERT-base,7,2,"{""UMLS:C2347609"": 4, ""C0752170"": 3}",0.9852281360342515,0.35094534299644053,0.0,UMLS:C2347609,0
mm_0171649,BioBERT,7,2,"{""UMLS:C1707887"": 3, ""UMLS:C1257990"": 4}",0.9852281360342515,0.35094534299644053,0.0,UMLS:C1257990,0
mm_0171649,PubMedBERT,7,1,"{""C1447749"": 7}",-0.0,-0.0,0.0,C1447749,0
mm_0171666,BERT-base,8,2,"{""UMLS:C1257990"": 4, ""C1447749"": 4}",1.0,0.3333333333333333,0.0,UMLS:C1257990,0
mm_0171666,BioBERT,8,3,"{""C1839576"": 2, ""C0038436"": 4, ""C0265267"": 2}",1.5,0.5,0.0,C0038436,1
mm_0171666,PubMedBERT,8,1,"{""C1839576"": 8}",-0.0,-0.0,0.0,C1839576,0
mm_0171783,BERT-base,6,1,"{""C1312419"": 6}",-0.0,-0.0,0.0,C1312419,0
mm_0171783,BioBERT,6,3,"{""C0013728"": 3, ""C0050795"": 1, ""UMLS:C1257990"": 2}",1.4591479170272446,0.5644754678724235,0.0,C0013728,1
mm_0171783,PubMedBERT,6,2,"{""C1839576"": 4, ""C1447749"": 2}",0.9182958340544896,0.355245321275764,0.0,C1839576,0
mm_0172460,BERT-base,3,2,"{""UMLS:C3808257"": 1, ""UMLS:C0358514"": 2}",0.9182958340544896,0.579380164285695,0.3333333333333333,UMLS:C0358514,1
mm_0172460,BioBERT,3,1,"{""UMLS:C3808257"": 3}",-0.0,-0.0,1.0,UMLS:C3808257,0
mm_0172460,PubMedBERT,3,1,"{""C1839576"": 3}",-0.0,-0.0,0.0,C1839576,0
mm_0172661,BERT-base,7,1,"{""UMLS:C1257990"": 7}",-0.0,-0.0,0.0,UMLS:C1257990,0
mm_0172661,BioBERT,7,1,"{""C1431322"": 7}",-0.0,-0.0,0.0,C1431322,0
mm_0172661,PubMedBERT,7,2,"{""C1839576"": 5, ""C1447749"": 2}",0.863120568566631,0.30744974986419643,0.0,C1839576,0
mm_0173765,BERT-base,5,2,"{""UMLS:C0032521"": 4, ""C0016474"": 1}",0.7219280948873623,0.31091750708257115,0.0,UMLS:C0032521,0
mm_0173765,BioBERT,5,1,"{""UMLS:C0032521"": 5}",-0.0,-0.0,0.0,UMLS:C0032521,0
mm_0173765,PubMedBERT,5,1,"{""C1447749"": 5}",-0.0,-0.0,0.0,C1447749,0
mm_0174037,BERT-base,5,1,"{""C1312419"": 5}",-0.0,-0.0,0.0,C1312419,0
mm_0174037,BioBERT,5,1,"{""C0008354"": 5}",-0.0,-0.0,0.0,C0008354,0
mm_0174037,PubMedBERT,5,1,"{""C1447749"": 5}",-0.0,-0.0,0.0,C1447749,0
mm_0174527,BERT-base,7,1,"{""C1447749"": 7}",-0.0,-0.0,0.0,C1447749,0
mm_0174527,BioBERT,7,2,"{""C0021665"": 5, ""C1431322"": 2}",0.863120568566631,0.30744974986419643,0.0,C0021665,0
mm_0174527,PubMedBERT,7,1,"{""C1431322"": 7}",-0.0,-0.0,0.0,C1431322,0
mm_0174783,BERT-base,7,1,"{""UMLS:C1257990"": 7}",-0.0,-0.0,0.0,UMLS:C1257990,0
mm_0174783,BioBERT,7,1,"{""UMLS:C1257990"": 7}",-0.0,-0.0,0.0,UMLS:C1257990,0
mm_0174783,PubMedBERT,7,1,"{""C1839576"": 7}",-0.0,-0.0,0.0,C1839576,0
mm_0175215,BERT-base,7,1,"{""UMLS:C0242193"": 7}",-0.0,-0.0,0.0,UMLS:C0242193,0
mm_0175215,BioBERT,7,1,"{""UMLS:C1707887"": 7}",-0.0,-0.0,0.0,UMLS:C1707887,0
mm_0175215,PubMedBERT,7,3,"{""C1447749"": 3, ""UMLS:C0681906"": 2, ""C1431322"": 2}",1.5566567074628228,0.5544923070581674,0.0,C1447749,1
mm_0175242,BERT-base,5,1,"{""C1447749"": 5}",-0.0,-0.0,0.0,C1447749,0
mm_0175242,BioBERT,5,1,"{""C0050795"": 5}",-0.0,-0.0,0.0,C0050795,0
mm_0175242,PubMedBERT,5,2,"{""C1447749"": 4, ""C1370369"": 1}",0.7219280948873623,0.31091750708257115,0.0,C1447749,0
mm_0175769,BERT-base,6,2,"{""C4277667"": 2, ""C0001623"": 4}",0.9182958340544896,0.355245321275764,0.0,C0001623,0
mm_0175769,BioBERT,6,3,"{""C0027609"": 2, ""C0265267"": 2, ""UMLS:C1707887"": 2}",1.584962500721156,0.6131471927654584,0.0,C0027609,1
mm_0175769,PubMedBERT,6,2,"{""UMLS:C0681906"": 4, ""C1839576"": 2}",0.9182958340544896,0.355245321275764,0.0,UMLS:C0681906,0
mm_0176132,BERT-base,7,1,"{""UMLS:C0242193"": 7}",-0.0,-0.0,0.0,UMLS:C0242193,0
mm_0176132,BioBERT,7,3,"{""UMLS:C1707887"": 2, ""C0008396"": 3, ""C0265267"": 2}",1.5566567074628228,0.5544923070581674,0.0,C0008396,1
mm_0176132,PubMedBERT,7,1,"{""C1839576"": 7}",-0.0,-0.0,0.0,C1839576,0
mm_0176153,BERT-base,7,3,"{""UMLS:C0242193"": 2, ""UMLS:C0358514"": 3, ""UMLS:C0444254"": 2}",1.5566567074628228,0.5544923070581674,0.0,UMLS:C0358514,1
mm_0176153,BioBERT,7,2,"{""UMLS:C1257990"": 6, ""C1447749"": 1}",0.5916727785823275,0.21075809614719848,0.0,UMLS:C1257990,0
mm_0176153,PubMedBERT,7,1,"{""C0018966"": 7}",-0.0,-0.0,0.0,C0018966,0
mm_0176433,BERT-base,5,1,"{""C1447749"": 5}",-0.0,-0.0,0.0,C1447749,0
mm_0176433,BioBERT,5,1,"{""C1312419"": 5}",-0.0,-0.0,0.0,C1312419,0
mm_0176433,PubMedBERT,5,1,"{""C1447749"": 5}",-0.0,-0.0,0.0,C1447749,0
mm_0176562,BERT-base,6,3,"{""UMLS:C0681906"": 3, ""C1447749"": 1, ""UMLS:C0242193"": 2}",1.4591479170272446,0.5644754678724235,0.0,UMLS:C0681906,1
mm_0176562,BioBERT,6,3,"{""C1839576"": 3, ""C0027609"": 1, ""UMLS:C0681906"": 2}",1.4591479170272446,0.5644754678724235,0.0,C1839576,1
mm_0176562,PubMedBERT,6,1,"{""C1839576"": 6}",-0.0,-0.0,0.0,C1839576,0
mm_0176770,BERT-base,3,1,"{""UMLS:C0242193"": 3}",-0.0,-0.0,0.0,UMLS:C0242193,0
mm_0176770,BioBERT,3,2,"{""C1447749"": 1, ""C0265267"": 2}",0.9182958340544896,0.579380164285695,0.0,C0265267,1
mm_0176770,PubMedBERT,3,1,"{""C1447749"": 3}",-0.0,-0.0,0.0,C1447749,0
mm_0177411,BERT-base,6,2,"{""C0282597"": 1, ""UMLS:C1257990"": 5}",0.6500224216483541,0.25146299858006066,0.0,UMLS:C1257990,0
mm_0177411,BioBERT,6,2,"{""UMLS:C1707887"": 5, ""C1312419"": 1}",0.6500224216483541,0.25146299858006066,0.0,UMLS:C1707887,0
mm_0177411,PubMedBERT,6,1,"{""C1447749"": 6}",-0.0,-0.0,0.0,C1447749,0
mm_0177471,BERT-base,7,3,"{""C1096777"": 3, ""C0282440"": 3, ""C3850091"": 1}",1.4488156357251847,0.516078542239789,0.0,C1096777,1
mm_0177471,BioBERT,7,1,"{""C3850091"": 7}",-0.0,-0.0,0.0,C3850091,0
mm_0177471,PubMedBERT,7,1,"{""C5197817"": 7}",-0.0,-0.0,0.0,C5197817,0
mm_0177777,BERT-base,7,1,"{""UMLS:C0242193"": 7}",-0.0,-0.0,0.0,UMLS:C0242193,0
mm_0177777,BioBERT,7,2,"{""C0027609"": 4, ""C1447749"": 3}",0.9852281360342515,0.35094534299644053,0.0,C0027609,0
mm_0177777,PubMedBERT,7,2,"{""C1839576"": 4, ""C1447749"": 3}",0.9852281360342515,0.35094534299644053,0.0,C1839576,0
mm_0177855,BERT-base,9,1,"{""UMLS:C0358514"": 9}",-0.0,-0.0,0.0,UMLS:C0358514,0
mm_0177855,BioBERT,9,2,"{""UMLS:C1257990"": 7, ""UMLS:C1707887"": 2}",0.7642045065086203,0.24107968048484052,0.0,UMLS:C1257990,0
mm_0177855,PubMedBERT,9,2,"{""C0018966"": 7, ""C1447749"": 2}",0.7642045065086203,0.24107968048484052,0.0,C0018966,0
mm_0178262,BERT-base,9,1,"{""UMLS:C1257990"": 9}",-0.0,-0.0,0.0,UMLS:C1257990,0
mm_0178262,BioBERT,9,2,"{""UMLS:C1257990"": 6, ""C1431322"": 3}",0.9182958340544896,0.2896900821428475,0.0,UMLS:C1257990,0
mm_0178262,PubMedBERT,9,2,"{""UMLS:C1257990"": 8, ""C1431322"": 1}",0.5032583347756457,0.1587603285713901,0.0,UMLS:C1257990,0
mm_0178424,BERT-base,7,1,"{""C3714500"": 7}",-0.0,-0.0,0.0,C3714500,0
mm_0178424,BioBERT,7,1,"{""C2935436"": 7}",-0.0,-0.0,0.0,C2935436,0
mm_0178424,PubMedBERT,7,2,"{""C0015131"": 2, ""C1839576"": 5}",0.863120568566631,0.30744974986419643,0.0,C1839576,0
mm_0178559,BERT-base,3,2,"{""C1312419"": 1, ""C4318429"": 2}",0.9182958340544896,0.579380164285695,0.0,C4318429,1
mm_0178559,BioBERT,3,1,"{""UMLS:C1257990"": 3}",-0.0,-0.0,0.0,UMLS:C1257990,0
mm_0178559,PubMedBERT,3,2,"{""UMLS:C1423931"": 1, ""C1447749"": 2}",0.9182958340544896,0.579380164285695,0.3333333333333333,C1447749,1
mm_0178996,BERT-base,7,1,"{""UMLS:C1257990"": 7}",-0.0,-0.0,0.0,UMLS:C1257990,0
mm_0178996,BioBERT,7,2,"{""C1312419"": 5, ""UMLS:C1257990"": 2}",0.863120568566631,0.30744974986419643,0.0,C1312419,0
mm_0178996,PubMedBERT,7,1,"{""C1839576"": 7}",-0.0,-0.0,0.0,C1839576,0
mm_0179114,BERT-base,5,1,"{""C1447749"": 5}",-0.0,-0.0,0.0,C1447749,0
mm_0179114,BioBERT,5,1,"{""UMLS:C0681906"": 5}",-0.0,-0.0,0.0,UMLS:C0681906,0
mm_0179114,PubMedBERT,5,1,"{""UMLS:C0681906"": 5}",-0.0,-0.0,0.0,UMLS:C0681906,0
mm_0180560,BERT-base,7,2,"{""C0034394"": 5, ""UMLS:C0034394"": 2}",0.863120568566631,0.30744974986419643,0.2857142857142857,C0034394,0
mm_0180560,BioBERT,7,2,"{""C4042892"": 6, ""UMLS:C0034394"": 1}",0.5916727785823275,0.21075809614719848,0.14285714285714285,C4042892,0
mm_0180560,PubMedBERT,7,2,"{""UMLS:C0681906"": 6, ""C0036669"": 1}",0.5916727785823275,0.21075809614719848,0.0,UMLS:C0681906,0
mm_0180790,BERT-base,7,1,"{""UMLS:C1257990"": 7}",-0.0,-0.0,1.0,UMLS:C1257990,0
mm_0180790,BioBERT,7,1,"{""UMLS:C1257990"": 7}",-0.0,-0.0,1.0,UMLS:C1257990,0
mm_0180790,PubMedBERT,7,1,"{""UMLS:C1257990"": 7}",-0.0,-0.0,1.0,UMLS:C1257990,0
mm_0180796,BERT-base,7,1,"{""UMLS:C1257990"": 7}",-0.0,-0.0,0.0,UMLS:C1257990,0
mm_0180796,BioBERT,7,1,"{""UMLS:C1257990"": 7}",-0.0,-0.0,0.0,UMLS:C1257990,0
mm_0180796,PubMedBERT,7,1,"{""UMLS:C1257990"": 7}",-0.0,-0.0,0.0,UMLS:C1257990,0
mm_0181168,BERT-base,7,1,"{""UMLS:C0444254"": 7}",-0.0,-0.0,0.0,UMLS:C0444254,0
mm_0181168,BioBERT,7,1,"{""UMLS:C0010362"": 7}",-0.0,-0.0,1.0,UMLS:C0010362,0
mm_0181168,PubMedBERT,7,1,"{""C1839576"": 7}",-0.0,-0.0,0.0,C1839576,0
mm_0181222,BERT-base,4,3,"{""UMLS:C1283169"": 1, ""UMLS:C1257990"": 1, ""UMLS:C1707887"": 2}",1.5,0.75,0.0,UMLS:C1707887,1
mm_0181222,BioBERT,4,3,"{""UMLS:C1707887"": 1, ""UMLS:C1257990"": 1, ""C1447749"": 2}",1.5,0.75,0.0,C1447749,1
mm_0181222,PubMedBERT,4,2,"{""C1839576"": 3, ""C1447749"": 1}",0.8112781244591328,0.4056390622295664,0.0,C1839576,0
mm_0181309,BERT-base,7,3,"{""C0282597"": 4, ""UMLS:C2350390"": 1, ""UMLS:C1257990"": 2}",1.3787834934861753,0.49113258984568253,0.0,C0282597,0
mm_0181309,BioBERT,7,1,"{""UMLS:C1707887"": 7}",-0.0,-0.0,0.0,UMLS:C1707887,0
mm_0181309,PubMedBERT,7,3,"{""UMLS:C1257990"": 5, ""C1447749"": 1, ""C1839576"": 1}",1.1488348542809166,0.4092232318950598,0.0,UMLS:C1257990,0
mm_0181675,BERT-base,7,2,"{""UMLS:C1257990"": 4, ""C1447749"": 3}",0.9852281360342515,0.35094534299644053,0.0,UMLS:C1257990,0
mm_0181675,BioBERT,7,1,"{""UMLS:C1257990"": 7}",-0.0,-0.0,0.0,UMLS:C1257990,0
mm_0181675,PubMedBERT,7,1,"{""C1447749"": 7}",-0.0,-0.0,0.0,C1447749,0
mm_0184130,BERT-base,6,3,"{""UMLS:C1257990"": 3, ""UMLS:C0358514"": 2, ""UMLS:C0444254"": 1}",1.4591479170272448,0.5644754678724236,0.0,UMLS:C1257990,1
mm_0184130,BioBERT,6,1,"{""UMLS:C1707887"": 6}",-0.0,-0.0,0.0,UMLS:C1707887,0
mm_0184130,PubMedBERT,6,1,"{""C1839576"": 6}",-0.0,-0.0,0.0,C1839576,0
mm_0184313,BERT-base,9,1,"{""UMLS:C0243095"": 9}",-0.0,-0.0,0.0,UMLS:C0243095,0
mm_0184313,BioBERT,9,1,"{""UMLS:C1707887"": 9}",-0.0,-0.0,0.0,UMLS:C1707887,0
mm_0184313,PubMedBERT,9,2,"{""C1839576"": 6, ""C1447749"": 3}",0.9182958340544896,0.2896900821428475,0.0,C1839576,0
mm_0184320,BERT-base,6,1,"{""UMLS:C0242193"": 6}",-0.0,-0.0,0.0,UMLS:C0242193,0
mm_0184320,BioBERT,6,3,"{""C1868801"": 2, ""C1312419"": 2, ""UMLS:C1707887"": 2}",1.584962500721156,0.6131471927654584,0.0,C1868801,1
mm_0184320,PubMedBERT,6,1,"{""C1447749"": 6}",-0.0,-0.0,0.0,C1447749,0
mm_0184337,BERT-base,5,2,"{""UMLS:C0242193"": 1, ""UMLS:C1257990"": 4}",0.7219280948873623,0.31091750708257115,0.0,UMLS:C1257990,0
mm_0184337,BioBERT,5,1,"{""UMLS:C1707887"": 5}",-0.0,-0.0,0.0,UMLS:C1707887,0
mm_0184337,PubMedBERT,5,2,"{""C1839576"": 3, ""UMLS:C1707887"": 2}",0.9709505944546686,0.4181656600790516,0.0,C1839576,0
mm_0184531,BERT-base,1,1,"{""UMLS:C1257990"": 1}",-0.0,-0.0,0.0,UMLS:C1257990,0
mm_0184531,BioBERT,1,1,"{""UMLS:C1257990"": 1}",-0.0,-0.0,0.0,UMLS:C1257990,0
mm_0184531,PubMedBERT,1,1,"{""C1447749"": 1}",-0.0,-0.0,0.0,C1447749,0
mm_0185245,BERT-base,8,2,"{""UMLS:C0358514"": 4, ""C1447749"": 4}",1.0,0.3333333333333333,0.0,UMLS:C0358514,0
mm_0185245,BioBERT,8,2,"{""C0008396"": 7, ""UMLS:C1257990"": 1}",0.5435644431995964,0.1811881477331988,0.0,C0008396,0
mm_0185245,PubMedBERT,8,2,"{""C1999375"": 7, ""C1839576"": 1}",0.5435644431995964,0.1811881477331988,0.0,C1999375,0
mm_0185936,BERT-base,5,2,"{""C1447749"": 3, ""C2983775"": 2}",0.9709505944546686,0.4181656600790516,0.0,C1447749,0
mm_0185936,BioBERT,5,3,"{""UMLS:C1257990"": 1, ""C1447749"": 2, ""C1257880"": 2}",1.5219280948873621,0.6554587535412855,0.0,C1447749,1
mm_0185936,PubMedBERT,5,1,"{""C1447749"": 5}",-0.0,-0.0,0.0,C1447749,0
mm_0186119,BERT-base,5,2,"{""C1312419"": 3, ""C4505290"": 2}",0.9709505944546686,0.4181656600790516,0.0,C1312419,0
mm_0186119,BioBERT,5,3,"{""C4042843"": 1, ""C0013728"": 2, ""C4505290"": 2}",1.5219280948873621,0.6554587535412855,0.0,C0013728,1
mm_0186119,PubMedBERT,5,1,"{""C1839576"": 5}",-0.0,-0.0,0.0,C1839576,0
mm_0186465,BERT-base,8,1,"{""UMLS:C0242193"": 8}",-0.0,-0.0,0.0,UMLS:C0242193,0
mm_0186465,BioBERT,8,1,"{""UMLS:C1707887"": 8}",-0.0,-0.0,0.0,UMLS:C1707887,0
mm_0186465,PubMedBERT,8,2,"{""C1839576"": 6, ""C1447749"": 2}",0.8112781244591328,0.2704260414863776,0.0,C1839576,0
mm_0187173,BERT-base,4,1,"{""C1447749"": 4}",-0.0,-0.0,0.0,C1447749,0
mm_0187173,BioBERT,4,1,"{""C1447749"": 4}",-0.0,-0.0,0.0,C1447749,0
mm_0187173,PubMedBERT,4,2,"{""C1839576"": 2, ""C1447749"": 2}",1.0,0.5,0.0,C1839576,1
mm_0187489,BERT-base,7,1,"{""C1447749"": 7}",-0.0,-0.0,0.0,C1447749,0
mm_0187489,BioBERT,7,1,"{""UMLS:C1257990"": 7}",-0.0,-0.0,0.0,UMLS:C1257990,0
mm_0187489,PubMedBERT,7,1,"{""C1839576"": 7}",-0.0,-0.0,0.0,C1839576,0
mm_0187588,BERT-base,3,1,"{""C0597336"": 3}",-0.0,-0.0,0.0,C0597336,0
mm_0187588,BioBERT,3,1,"{""UMLS:C1707887"": 3}",-0.0,-0.0,0.0,UMLS:C1707887,0
mm_0187588,PubMedBERT,3,2,"{""C1839576"": 1, ""C1447749"": 2}",0.9182958340544896,0.579380164285695,0.0,C1447749,1
mm_0187792,BERT-base,9,1,"{""UMLS:C0810516"": 9}",-0.0,-0.0,1.0,UMLS:C0810516,0
mm_0187792,BioBERT,9,1,"{""UMLS:C0810516"": 9}",-0.0,-0.0,1.0,UMLS:C0810516,0
mm_0187792,PubMedBERT,9,2,"{""UMLS:C0810516"": 7, ""C1839576"": 2}",0.7642045065086203,0.24107968048484052,0.7777777777777778,UMLS:C0810516,0
mm_0187940,BERT-base,8,1,"{""UMLS:C1257990"": 8}",-0.0,-0.0,0.0,UMLS:C1257990,0
mm_0187940,BioBERT,8,1,"{""UMLS:C0752046"": 8}",-0.0,-0.0,0.0,UMLS:C0752046,0
mm_0187940,PubMedBERT,8,2,"{""C1839576"": 4, ""UMLS:C0752046"": 4}",1.0,0.3333333333333333,0.0,C1839576,0
mm_0188057,BERT-base,7,2,"{""C1447749"": 5, ""C0265267"": 2}",0.863120568566631,0.30744974986419643,0.0,C1447749,0
mm_0188057,BioBERT,7,2,"{""C0265267"": 4, ""C1447749"": 3}",0.9852281360342515,0.35094534299644053,0.0,C0265267,0
mm_0188057,PubMedBERT,7,1,"{""C1447749"": 7}",-0.0,-0.0,0.0,C1447749,0
mm_0188249,BERT-base,6,1,"{""C1447749"": 6}",-0.0,-0.0,0.0,C1447749,0
mm_0188249,BioBERT,6,1,"{""UMLS:C1257990"": 6}",-0.0,-0.0,0.0,UMLS:C1257990,0
mm_0188249,PubMedBERT,6,1,"{""UMLS:C1257990"": 6}",-0.0,-0.0,0.0,UMLS:C1257990,0
mm_0189033,BERT-base,7,2,"{""UMLS:C1257990"": 5, ""C1447749"": 2}",0.863120568566631,0.30744974986419643,0.0,UMLS:C1257990,0
mm_0189033,BioBERT,7,2,"{""C1839576"": 3, ""UMLS:C1257990"": 4}",0.9852281360342515,0.35094534299644053,0.0,UMLS:C1257990,0
mm_0189033,PubMedBERT,7,1,"{""C1839576"": 7}",-0.0,-0.0,0.0,C1839576,0
mm_0189388,BERT-base,7,1,"{""C0169661"": 7}",-0.0,-0.0,0.0,C0169661,0
mm_0189388,BioBERT,7,2,"{""UMLS:C1257990"": 3, ""C1312419"": 4}",0.9852281360342515,0.35094534299644053,0.0,C1312419,0
mm_0189388,PubMedBERT,7,2,"{""C1447749"": 5, ""C1431322"": 2}",0.863120568566631,0.30744974986419643,0.0,C1447749,0
mm_0189542,BERT-base,5,1,"{""C1447749"": 5}",-0.0,-0.0,0.0,C1447749,0
mm_0189542,BioBERT,5,1,"{""C1431322"": 5}",-0.0,-0.0,0.0,C1431322,0
mm_0189542,PubMedBERT,5,1,"{""C0018966"": 5}",-0.0,-0.0,0.0,C0018966,0
mm_0189992,BERT-base,3,1,"{""C1447749"": 3}",-0.0,-0.0,0.0,C1447749,0
mm_0189992,BioBERT,3,1,"{""C1447749"": 3}",-0.0,-0.0,0.0,C1447749,0
mm_0189992,PubMedBERT,3,2,"{""C1839576"": 1, ""C1447749"": 2}",0.9182958340544896,0.579380164285695,0.0,C1447749,1
mm_0190644,BERT-base,4,1,"{""UMLS:C0235946"": 4}",-0.0,-0.0,1.0,UMLS:C0235946,0
mm_0190644,BioBERT,4,1,"{""UMLS:C0235946"": 4}",-0.0,-0.0,1.0,UMLS:C0235946,0
mm_0190644,PubMedBERT,4,1,"{""C1839576"": 4}",-0.0,-0.0,0.0,C1839576,0
mm_0191008,BERT-base,7,2,"{""UMLS:C1257990"": 6, ""C4277543"": 1}",0.5916727785823275,0.21075809614719848,0.0,UMLS:C1257990,0
mm_0191008,BioBERT,7,1,"{""C0008396"": 7}",-0.0,-0.0,0.0,C0008396,0
mm_0191008,PubMedBERT,7,1,"{""C1839576"": 7}",-0.0,-0.0,0.0,C1839576,0
mm_0191715,BERT-base,5,2,"{""UMLS:C1257990"": 2, ""UMLS:C0752046"": 3}",0.9709505944546686,0.4181656600790516,0.0,UMLS:C0752046,0
mm_0191715,BioBERT,5,2,"{""C0265267"": 3, ""C1447749"": 2}",0.9709505944546686,0.4181656600790516,0.0,C0265267,0
mm_0191715,PubMedBERT,5,1,"{""C1447749"": 5}",-0.0,-0.0,0.0,C1447749,0
mm_0192165,BERT-base,5,2,"{""UMLS:C1257990"": 4, ""UMLS:C0232772"": 1}",0.7219280948873623,0.31091750708257115,0.0,UMLS:C1257990,0
mm_0192165,BioBERT,5,2,"{""C0032914"": 4, ""C1700928"": 1}",0.7219280948873623,0.31091750708257115,0.0,C0032914,0
mm_0192165,PubMedBERT,5,2,"{""C1839576"": 4, ""C1447749"": 1}",0.7219280948873623,0.31091750708257115,0.0,C1839576,0
mm_0193015,BERT-base,5,2,"{""C0265267"": 4, ""UMLS:C1257990"": 1}",0.7219280948873623,0.31091750708257115,0.0,C0265267,0
mm_0193015,BioBERT,5,2,"{""C1868801"": 3, ""C0265267"": 2}",0.9709505944546686,0.4181656600790516,0.0,C1868801,0
mm_0193015,PubMedBERT,5,1,"{""C1839576"": 5}",-0.0,-0.0,0.0,C1839576,0
mm_0193331,BERT-base,5,3,"{""C0030201"": 1, ""UMLS:C0242193"": 3, ""C0005976"": 1}",1.3709505944546687,0.5904362833084089,0.0,UMLS:C0242193,1
mm_0193331,BioBERT,5,1,"{""C0376671"": 5}",-0.0,-0.0,0.0,C0376671,0
mm_0193331,PubMedBERT,5,2,"{""C1839576"": 4, ""UMLS:C1707887"": 1}",0.7219280948873623,0.31091750708257115,0.0,C1839576,0
mm_0193351,BERT-base,6,3,"{""UMLS:C2350390"": 2, ""C0079172"": 2, ""C1447749"": 2}",1.584962500721156,0.6131471927654584,0.0,UMLS:C2350390,1
mm_0193351,BioBERT,6,1,"{""C0376671"": 6}",-0.0,-0.0,0.0,C0376671,0
mm_0193351,PubMedBERT,6,3,"{""C1839576"": 3, ""C1447749"": 1, ""UMLS:C1257990"": 2}",1.4591479170272446,0.5644754678724235,0.0,C1839576,1
mm_0193717,BERT-base,5,1,"{""UMLS:C0242193"": 5}",-0.0,-0.0,0.0,UMLS:C0242193,0
mm_0193717,BioBERT,5,2,"{""UMLS:C0242193"": 3, ""C1839576"": 2}",0.9709505944546686,0.4181656600790516,0.0,UMLS:C0242193,0
mm_0193717,PubMedBERT,5,1,"{""C1839576"": 5}",-0.0,-0.0,0.0,C1839576,0
mm_0194015,BERT-base,9,3,"{""UMLS:C0242193"": 2, ""UMLS:C1283169"": 5, ""UMLS:C0358514"": 2}",1.4355205042826666,0.4528562990069186,0.0,UMLS:C1283169,0
mm_0194015,BioBERT,9,4,"{""C0027609"": 3, ""C1447749"": 3, ""UMLS:C1707887"": 2, ""C1309905"": 1}",1.8910611120726526,0.5965633607142825,0.0,C0027609,1
mm_0194015,PubMedBERT,9,2,"{""C1447749"": 7, ""C1839576"": 2}",0.7642045065086203,0.24107968048484052,0.0,C1447749,0
mm_0194026,BERT-base,3,2,"{""C1447749"": 2, ""C1431519"": 1}",0.9182958340544896,0.579380164285695,0.0,C1447749,1
mm_0194026,BioBERT,3,1,"{""UMLS:C1707887"": 3}",-0.0,-0.0,0.0,UMLS:C1707887,0
mm_0194026,PubMedBERT,3,1,"{""C1839576"": 3}",-0.0,-0.0,0.0,C1839576,0
mm_0194085,BERT-base,3,1,"{""C1447749"": 3}",-0.0,-0.0,0.0,C1447749,0
mm_0194085,BioBERT,3,1,"{""C0027609"": 3}",-0.0,-0.0,0.0,C0027609,0
mm_0194085,PubMedBERT,3,1,"{""C1839576"": 3}",-0.0,-0.0,0.0,C1839576,0
mm_0194562,BERT-base,5,2,"{""C1447749"": 4, ""UMLS:C1257990"": 1}",0.7219280948873623,0.31091750708257115,0.0,C1447749,0
mm_0194562,BioBERT,5,1,"{""UMLS:C1257990"": 5}",-0.0,-0.0,0.0,UMLS:C1257990,0
mm_0194562,PubMedBERT,5,2,"{""C1370369"": 1, ""C1447749"": 4}",0.7219280948873623,0.31091750708257115,0.0,C1447749,0
mm_0195338,BERT-base,7,3,"{""UMLS:C0444254"": 4, ""C1706962"": 1, ""C2985410"": 2}",1.3787834934861753,0.49113258984568253,0.0,UMLS:C0444254,0
mm_0195338,BioBERT,7,1,"{""UMLS:C1257990"": 7}",-0.0,-0.0,0.0,UMLS:C1257990,0
mm_0195338,PubMedBERT,7,1,"{""C1839576"": 7}",-0.0,-0.0,0.0,C1839576,0
mm_0196116,BERT-base,4,1,"{""C1312419"": 4}",-0.0,-0.0,0.0,C1312419,0
mm_0196116,BioBERT,4,1,"{""C1312419"": 4}",-0.0,-0.0,0.0,C1312419,0
mm_0196116,PubMedBERT,4,1,"{""C1447749"": 4}",-0.0,-0.0,0.0,C1447749,0
mm_0196264,BERT-base,6,2,"{""C1447749"": 2, ""UMLS:C1257990"": 4}",0.9182958340544896,0.355245321275764,0.0,UMLS:C1257990,0
mm_0196264,BioBERT,6,1,"{""UMLS:C1257990"": 6}",-0.0,-0.0,0.0,UMLS:C1257990,0
mm_0196264,PubMedBERT,6,1,"{""C1447749"": 6}",-0.0,-0.0,0.0,C1447749,0
mm_0196838,BERT-base,8,1,"{""UMLS:C1257990"": 8}",-0.0,-0.0,0.0,UMLS:C1257990,0
mm_0196838,BioBERT,8,1,"{""C1447749"": 8}",-0.0,-0.0,0.0,C1447749,0
mm_0196838,PubMedBERT,8,1,"{""C1447749"": 8}",-0.0,-0.0,0.0,C1447749,0
mm_0197067,BERT-base,8,3,"{""UMLS:C0444254"": 5, ""UMLS:C0242193"": 1, ""UMLS:C0441633"": 2}",1.2987949406953985,0.43293164689846614,0.25,UMLS:C0444254,0
mm_0197067,BioBERT,8,1,"{""UMLS:C0441633"": 8}",-0.0,-0.0,1.0,UMLS:C0441633,0
mm_0197067,PubMedBERT,8,1,"{""UMLS:C0441633"": 8}",-0.0,-0.0,1.0,UMLS:C0441633,0
mm_0197241,BERT-base,6,2,"{""UMLS:C1707887"": 2, ""UMLS:C0358514"": 4}",0.9182958340544896,0.355245321275764,0.0,UMLS:C0358514,0
mm_0197241,BioBERT,6,1,"{""UMLS:C1707887"": 6}",-0.0,-0.0,0.0,UMLS:C1707887,0
mm_0197241,PubMedBERT,6,1,"{""C1839576"": 6}",-0.0,-0.0,0.0,C1839576,0
mm_0197765,BERT-base,7,1,"{""UMLS:C1257990"": 7}",-0.0,-0.0,0.0,UMLS:C1257990,0
mm_0197765,BioBERT,7,1,"{""UMLS:C1257990"": 7}",-0.0,-0.0,0.0,UMLS:C1257990,0
mm_0197765,PubMedBERT,7,1,"{""UMLS:C1257990"": 7}",-0.0,-0.0,0.0,UMLS:C1257990,0
mm_0198299,BERT-base,7,1,"{""UMLS:C1257990"": 7}",-0.0,-0.0,0.0,UMLS:C1257990,0
mm_0198299,BioBERT,7,2,"{""UMLS:C1432679"": 5, ""C0075128"": 2}",0.863120568566631,0.30744974986419643,0.7142857142857143,UMLS:C1432679,0
mm_0198299,PubMedBERT,7,2,"{""C1431322"": 5, ""C1447749"": 2}",0.863120568566631,0.30744974986419643,0.0,C1431322,0
mm_0198407,BERT-base,9,1,"{""UMLS:C0242193"": 9}",-0.0,-0.0,0.0,UMLS:C0242193,0
mm_0198407,BioBERT,9,3,"{""C0027609"": 2, ""UMLS:C1707887"": 3, ""C1447749"": 4}",1.5304930567574826,0.4828168035714126,0.0,C1447749,0
mm_0198407,PubMedBERT,9,3,"{""C1431322"": 5, ""C1839576"": 3, ""C1447749"": 1}",1.3516441151533922,0.4263962442450202,0.0,C1431322,0
mm_0198476,BERT-base,5,1,"{""C1447749"": 5}",-0.0,-0.0,0.0,C1447749,0
mm_0198476,BioBERT,5,1,"{""UMLS:C1257990"": 5}",-0.0,-0.0,0.0,UMLS:C1257990,0
mm_0198476,PubMedBERT,5,1,"{""C1447749"": 5}",-0.0,-0.0,0.0,C1447749,0
mm_0198970,BERT-base,6,3,"{""C0393786"": 3, ""UMLS:C0393786"": 1, ""C1447749"": 2}",1.4591479170272446,0.5644754678724235,0.16666666666666666,C0393786,1
mm_0198970,BioBERT,6,4,"{""UMLS:C0393786"": 2, ""C1447749"": 1, ""C0393786"": 1, ""C1839576"": 2}",1.9182958340544896,0.7420981285103057,0.3333333333333333,UMLS:C0393786,1
mm_0198970,PubMedBERT,6,2,"{""C1447749"": 5, ""C1839576"": 1}",0.6500224216483541,0.25146299858006066,0.0,C1447749,0
mm_0199321,BERT-base,7,2,"{""C0282597"": 5, ""UMLS:C0032521"": 2}",0.863120568566631,0.30744974986419643,0.0,C0282597,0
mm_0199321,BioBERT,7,1,"{""UMLS:C1707887"": 7}",-0.0,-0.0,0.0,UMLS:C1707887,0
mm_0199321,PubMedBERT,7,3,"{""UMLS:C1257990"": 5, ""C1839576"": 1, ""C1447749"": 1}",1.1488348542809166,0.4092232318950598,0.0,UMLS:C1257990,0
mm_0199585,BERT-base,8,3,"{""C1312419"": 2, ""UMLS:C1257990"": 5, ""C1447749"": 1}",1.2987949406953985,0.43293164689846614,0.0,UMLS:C1257990,0
mm_0199585,BioBERT,8,1,"{""C0008396"": 8}",-0.0,-0.0,0.0,C0008396,0
mm_0199585,PubMedBERT,8,3,"{""C1370369"": 2, ""C1447749"": 4, ""C0008396"": 2}",1.5,0.5,0.0,C1447749,1
mm_0199599,BERT-base,7,1,"{""UMLS:C1257990"": 7}",-0.0,-0.0,0.0,UMLS:C1257990,0
mm_0199599,BioBERT,7,1,"{""C1839576"": 7}",-0.0,-0.0,0.0,C1839576,0
mm_0199599,PubMedBERT,7,1,"{""C1839576"": 7}",-0.0,-0.0,0.0,C1839576,0
mm_0199662,BERT-base,5,2,"{""UMLS:C1158849"": 2, ""UMLS:C1283169"": 3}",0.9709505944546686,0.4181656600790516,0.0,UMLS:C1283169,0
mm_0199662,BioBERT,5,2,"{""C1447749"": 4, ""UMLS:C1707887"": 1}",0.7219280948873623,0.31091750708257115,0.0,C1447749,0
mm_0199662,PubMedBERT,5,1,"{""C1447749"": 5}",-0.0,-0.0,0.0,C1447749,0
mm_0199885,BERT-base,5,1,"{""UMLS:C1257990"": 5}",-0.0,-0.0,0.0,UMLS:C1257990,0
mm_0199885,BioBERT,5,1,"{""UMLS:C1257990"": 5}",-0.0,-0.0,0.0,UMLS:C1257990,0
mm_0199885,PubMedBERT,5,3,"{""UMLS:C1423931"": 1, ""C1447749"": 2, ""C1839576"": 2}",1.5219280948873621,0.6554587535412855,0.0,C1447749,1
mm_0200523,BERT-base,7,1,"{""C3714500"": 7}",-0.0,-0.0,0.0,C3714500,0
mm_0200523,BioBERT,7,2,"{""UMLS:C1257990"": 5, ""C1839576"": 2}",0.863120568566631,0.30744974986419643,0.0,UMLS:C1257990,0
mm_0200523,PubMedBERT,7,2,"{""C1839576"": 3, ""C0015131"": 4}",0.9852281360342515,0.35094534299644053,0.0,C0015131,0
mm_0200689,BERT-base,5,2,"{""C0040048"": 3, ""UMLS:C0919821"": 2}",0.9709505944546686,0.4181656600790516,0.4,C0040048,0
mm_0200689,BioBERT,5,1,"{""UMLS:C0919821"": 5}",-0.0,-0.0,1.0,UMLS:C0919821,0
mm_0200689,PubMedBERT,5,2,"{""UMLS:C0919821"": 2, ""C1447749"": 3}",0.9709505944546686,0.4181656600790516,0.4,C1447749,0
mm_0200899,BERT-base,7,2,"{""C1447749"": 5, ""UMLS:C1257990"": 2}",0.863120568566631,0.30744974986419643,0.0,C1447749,0
mm_0200899,BioBERT,7,1,"{""C0265267"": 7}",-0.0,-0.0,0.0,C0265267,0
mm_0200899,PubMedBERT,7,1,"{""C1839576"": 7}",-0.0,-0.0,0.0,C1839576,0
mm_0201109,BERT-base,4,2,"{""C1447749"": 2, ""UMLS:C0242193"": 2}",1.0,0.5,0.0,C1447749,1
mm_0201109,BioBERT,4,1,"{""UMLS:C1707887"": 4}",-0.0,-0.0,0.0,UMLS:C1707887,0
mm_0201109,PubMedBERT,4,1,"{""C1447749"": 4}",-0.0,-0.0,0.0,C1447749,0
mm_0201459,BERT-base,7,1,"{""C1309905"": 7}",-0.0,-0.0,0.0,C1309905,0
mm_0201459,BioBERT,7,1,"{""UMLS:C1707887"": 7}",-0.0,-0.0,0.0,UMLS:C1707887,0
mm_0201459,PubMedBERT,7,2,"{""C1839576"": 3, ""C1447749"": 4}",0.9852281360342515,0.35094534299644053,0.0,C1447749,0
