instance_id,model_name,mean_accuracy_full,mapping_confidence,pool_config,n_variants,n_assigned,n_unassigned,m_accepted,all_unassigned,n_clusters_full,semantic_entropy_full,normalised_semantic_entropy_full,dominant_cluster_full,is_zero_entropy,n_variants_mesh,n_clusters_mesh,cluster_distribution,semantic_entropy_mesh,normalised_semantic_entropy_mesh,mean_accuracy_mesh,dominant_cluster_mesh,instability_flag
mm_0001412,BERT-base,0.0,1.0,sapbert_full_len3,5,5,0,4,False,1,-0.0,-0.0,C1447749,True,5.0,1.0,"{""C1447749"": 5}",-0.0,-0.0,0.0,C1447749,0.0
mm_0001412,BioBERT,0.0,1.0,sapbert_full_len3,5,5,0,4,False,2,0.7219280948873623,0.31091750708257115,C1447749,False,5.0,2.0,"{""C1447749"": 4, ""C0265267"": 1}",0.7219280948873623,0.3109175070825711,0.0,C1447749,0.0
mm_0001412,BioMistral-7B,0.0,1.0,sapbert_full_len3,5,5,0,4,False,2,0.9709505944546686,0.4181656600790516,C0027868,False,,,,,,,,
mm_0001412,FLAN-T5-base,0.0,1.0,sapbert_full_len3,5,5,0,4,False,1,-0.0,-0.0,C0027868,True,,,,,,,,
mm_0001412,Llama3-OpenBioLLM-8B,0.0,1.0,sapbert_full_len3,5,5,0,4,False,2,0.9709505944546686,0.4181656600790516,C0027868,False,,,,,,,,
mm_0001412,Meta-Llama-3-8B-Instruct,0.0,1.0,sapbert_full_len3,5,5,0,4,False,2,0.9709505944546686,0.4181656600790516,C0027868,False,,,,,,,,
mm_0001412,Mistral-7B-Instruct-v0.1,0.0,0.9999996423721312,sapbert_full_len3,5,5,0,4,False,1,-0.0,-0.0,C0027868,True,,,,,,,,
mm_0001412,PubMedBERT,0.0,1.0,sapbert_full_len3,5,5,0,4,False,1,-0.0,-0.0,C1839576,True,5.0,1.0,"{""C1839576"": 5}",-0.0,-0.0,0.0,C1839576,0.0
mm_0001903,BERT-base,0.0,1.0,sapbert_full_len3,6,6,0,5,False,2,0.9182958340544896,0.355245321275764,C0597336,False,6.0,2.0,"{""C0597336"": 4, ""UMLS:C0358514"": 2}",0.9182958340544896,0.355245321275764,0.0,C0597336,0.0
mm_0001903,BioBERT,0.0,1.0,sapbert_full_len3,6,6,0,5,False,3,1.2516291673878228,0.4841962570206112,C1257990,False,6.0,3.0,"{""C1312419"": 1, ""UMLS:C1257990"": 4, ""UMLS:C1707887"": 1}",1.2516291673878228,0.4841962570206112,0.0,UMLS:C1257990,0.0
mm_0001903,BioMistral-7B,0.0,0.9999998807907104,sapbert_full_len3,6,6,0,5,False,1,-0.0,-0.0,C0753802,True,,,,,,,,
mm_0001903,FLAN-T5-base,0.0,0.8898197412490845,sapbert_full_len3,6,6,0,5,False,1,-0.0,-0.0,C0022701,True,,,,,,,,
mm_0001903,Llama3-OpenBioLLM-8B,0.0,0.9999998211860656,sapbert_full_len3,6,6,0,5,False,1,-0.0,-0.0,C0871424,True,,,,,,,,
mm_0001903,Meta-Llama-3-8B-Instruct,0.0,1.0,sapbert_full_len3,6,6,0,5,False,2,0.9182958340544896,0.355245321275764,C0871424,False,,,,,,,,
mm_0001903,Mistral-7B-Instruct-v0.1,0.0,1.0,sapbert_full_len3,6,6,0,5,False,2,0.9182958340544896,0.355245321275764,C0753802,False,,,,,,,,
mm_0001903,PubMedBERT,0.0,1.0,sapbert_full_len3,6,6,0,5,False,1,-0.0,-0.0,C1839576,True,6.0,1.0,"{""C1839576"": 6}",-0.0,-0.0,0.0,C1839576,0.0
mm_0001924,BERT-base,0.0,1.0,sapbert_full_len3,6,6,0,5,False,2,0.6500224216483541,0.25146299858006066,C3850091,False,6.0,2.0,"{""C3850091"": 5, ""UMLS:C0242193"": 1}",0.6500224216483541,0.2514629985800606,0.0,C3850091,0.0
mm_0001924,BioBERT,0.0,1.0,sapbert_full_len3,6,6,0,5,False,1,-0.0,-0.0,C1257990,True,6.0,1.0,"{""UMLS:C1257990"": 6}",-0.0,-0.0,0.0,UMLS:C1257990,0.0
mm_0001924,BioMistral-7B,1.0,1.0,sapbert_full_len3,6,6,0,5,False,3,1.2516291673878228,0.4841962570206112,C0043210,False,,,,,,,,
mm_0001924,FLAN-T5-base,0.0,0.9999998807907104,sapbert_full_len3,6,6,0,5,False,3,1.2516291673878228,0.4841962570206112,C3872897,False,,,,,,,,
mm_0001924,Llama3-OpenBioLLM-8B,0.0,0.9999998807907104,sapbert_full_len3,6,6,0,5,False,3,1.584962500721156,0.6131471927654584,C0032042,False,,,,,,,,
mm_0001924,Meta-Llama-3-8B-Instruct,0.0,1.0,sapbert_full_len3,6,6,0,5,False,3,1.4591479170272446,0.5644754678724235,C3259042,False,,,,,,,,
mm_0001924,Mistral-7B-Instruct-v0.1,0.0,0.9999999403953552,sapbert_full_len3,6,6,0,5,False,2,0.9182958340544896,0.355245321275764,C0087111,False,,,,,,,,
mm_0001924,PubMedBERT,0.0,1.0,sapbert_full_len3,6,6,0,5,False,1,-0.0,-0.0,C1839576,True,6.0,1.0,"{""C1839576"": 6}",-0.0,-0.0,0.0,C1839576,0.0
mm_0002001,BERT-base,0.0,1.0,sapbert_full_len3,7,7,0,6,False,1,-0.0,-0.0,C1839576,True,7.0,1.0,"{""C1839576"": 7}",-0.0,-0.0,0.0,C1839576,0.0
mm_0002001,BioBERT,0.0,1.0,sapbert_full_len3,7,7,0,6,False,1,-0.0,-0.0,C1707887,True,7.0,1.0,"{""UMLS:C1707887"": 7}",-0.0,-0.0,0.0,UMLS:C1707887,0.0
mm_0002001,BioMistral-7B,0.0,0.9999998211860656,sapbert_full_len3,7,7,0,6,False,1,-0.0,-0.0,C1424622,True,,,,,,,,
mm_0002001,FLAN-T5-base,0.0,0.9999998807907104,sapbert_full_len3,7,7,0,6,False,1,-0.0,-0.0,C0444764,True,,,,,,,,
mm_0002001,Llama3-OpenBioLLM-8B,0.0,0.9999997615814208,sapbert_full_len3,7,7,0,6,False,2,0.863120568566631,0.30744974986419643,C0439669,False,,,,,,,,
mm_0002001,Meta-Llama-3-8B-Instruct,0.0,1.0,sapbert_full_len3,7,7,0,6,False,1,-0.0,-0.0,C0000768,True,,,,,,,,
mm_0002001,Mistral-7B-Instruct-v0.1,0.0,0.9999998211860656,sapbert_full_len3,7,7,0,6,False,4,1.9502120649147465,0.6946795539074094,C0444764,False,,,,,,,,
mm_0002001,PubMedBERT,0.0,1.0,sapbert_full_len3,7,7,0,6,False,1,-0.0,-0.0,C1839576,True,7.0,1.0,"{""C1839576"": 7}",-0.0,-0.0,0.0,C1839576,0.0
mm_0002381,BERT-base,0.0,1.0,sapbert_full_len3,5,5,0,4,False,2,0.9709505944546686,0.4181656600790516,C1739108,False,5.0,2.0,"{""UMLS:C1257990"": 2, ""C1739108"": 3}",0.9709505944546686,0.4181656600790516,0.0,C1739108,0.0
mm_0002381,BioBERT,0.0,1.0,sapbert_full_len3,5,5,0,4,False,1,-0.0,-0.0,C5392105,True,5.0,1.0,"{""C5392105"": 5}",-0.0,-0.0,0.0,C5392105,0.0
mm_0002381,BioMistral-7B,1.0,0.9999999403953552,sapbert_full_len3,5,5,0,4,False,1,-0.0,-0.0,C0338656,True,,,,,,,,
mm_0002381,FLAN-T5-base,1.0,0.9999999403953552,sapbert_full_len3,5,5,0,4,False,1,-0.0,-0.0,C0338656,True,,,,,,,,
mm_0002381,Llama3-OpenBioLLM-8B,1.0,0.9999999403953552,sapbert_full_len3,5,5,0,4,False,2,0.7219280948873623,0.31091750708257115,C0338656,False,,,,,,,,
mm_0002381,Meta-Llama-3-8B-Instruct,1.0,0.9999999403953552,sapbert_full_len3,5,5,0,4,False,1,-0.0,-0.0,C0338656,True,,,,,,,,
mm_0002381,Mistral-7B-Instruct-v0.1,1.0,0.9999999403953552,sapbert_full_len3,5,5,0,4,False,2,0.7219280948873623,0.31091750708257115,C0338656,False,,,,,,,,
mm_0002381,PubMedBERT,0.0,1.0,sapbert_full_len3,5,5,0,4,False,1,-0.0,-0.0,C1839576,True,5.0,1.0,"{""C1839576"": 5}",-0.0,-0.0,0.0,C1839576,0.0
mm_0003169,BERT-base,0.0,1.0,sapbert_full_len3,5,5,0,4,False,1,-0.0,-0.0,C1447749,True,5.0,1.0,"{""C1447749"": 5}",-0.0,-0.0,0.0,C1447749,0.0
mm_0003169,BioBERT,0.0,1.0,sapbert_full_len3,5,5,0,4,False,1,-0.0,-0.0,C1447749,True,5.0,1.0,"{""C1447749"": 5}",-0.0,-0.0,0.0,C1447749,0.0
mm_0003169,BioMistral-7B,0.0,0.9999998807907104,sapbert_full_len3,5,5,0,4,False,1,-0.0,-0.0,C1438411,True,,,,,,,,
mm_0003169,FLAN-T5-base,0.0,1.0,sapbert_full_len3,5,5,0,4,False,3,1.5219280948873621,0.6554587535412855,C0025517,False,,,,,,,,
mm_0003169,Llama3-OpenBioLLM-8B,0.0,0.9905428290367126,sapbert_full_len3,5,5,0,4,False,1,-0.0,-0.0,C1516924,True,,,,,,,,
mm_0003169,Meta-Llama-3-8B-Instruct,0.0,0.9905428290367126,sapbert_full_len3,5,5,0,4,False,1,-0.0,-0.0,C1516924,True,,,,,,,,
mm_0003169,Mistral-7B-Instruct-v0.1,0.0,0.9999998807907104,sapbert_full_len3,5,5,0,4,False,2,0.9709505944546686,0.4181656600790516,C1516924,False,,,,,,,,
mm_0003169,PubMedBERT,0.0,1.0,sapbert_full_len3,5,5,0,4,False,1,-0.0,-0.0,C1447749,True,5.0,1.0,"{""C1447749"": 5}",-0.0,-0.0,0.0,C1447749,0.0
mm_0004408,BERT-base,0.0,1.0,sapbert_full_len3,5,5,0,4,False,1,-0.0,-0.0,C1257990,True,5.0,1.0,"{""UMLS:C1257990"": 5}",-0.0,-0.0,0.0,UMLS:C1257990,0.0
mm_0004408,BioBERT,0.0,1.0,sapbert_full_len3,5,5,0,4,False,1,-0.0,-0.0,C1257990,True,5.0,1.0,"{""UMLS:C1257990"": 5}",-0.0,-0.0,0.0,UMLS:C1257990,0.0
mm_0004408,BioMistral-7B,0.0,1.0,sapbert_full_len3,5,5,0,4,False,1,-0.0,-0.0,C0025424,True,,,,,,,,
mm_0004408,FLAN-T5-base,0.0,0.9049180746078492,sapbert_full_len3,5,5,0,4,False,2,0.7219280948873623,0.31091750708257115,C1720692,False,,,,,,,,
mm_0004408,Llama3-OpenBioLLM-8B,0.0,0.9605551958084106,sapbert_full_len3,5,5,0,4,False,3,1.5219280948873621,0.6554587535412855,C0025519,False,,,,,,,,
mm_0004408,Meta-Llama-3-8B-Instruct,0.0,0.9999998807907104,sapbert_full_len3,5,5,0,4,False,1,-0.0,-0.0,C0600688,True,,,,,,,,
mm_0004408,Mistral-7B-Instruct-v0.1,0.0,0.9999998807907104,sapbert_full_len3,5,5,0,4,False,2,0.9709505944546686,0.4181656600790516,C0025424,False,,,,,,,,
mm_0004408,PubMedBERT,0.0,1.0,sapbert_full_len3,5,5,0,4,False,1,-0.0,-0.0,C1447749,True,5.0,1.0,"{""C1447749"": 5}",-0.0,-0.0,0.0,C1447749,0.0
mm_0004613,BERT-base,0.0,1.0,sapbert_full_len3,5,5,0,4,False,1,-0.0,-0.0,C3714500,True,5.0,1.0,"{""C3714500"": 5}",-0.0,-0.0,0.0,C3714500,0.0
mm_0004613,BioBERT,0.0,1.0,sapbert_full_len3,5,5,0,4,False,2,0.9709505944546686,0.4181656600790516,C1707887,False,5.0,2.0,"{""UMLS:C1257990"": 2, ""UMLS:C1707887"": 3}",0.9709505944546686,0.4181656600790516,0.0,UMLS:C1707887,0.0
mm_0004613,BioMistral-7B,0.0,1.0,sapbert_full_len3,5,5,0,4,False,2,0.7219280948873623,0.31091750708257115,C0163159,False,,,,,,,,
mm_0004613,FLAN-T5-base,0.0,0.9999998807907104,sapbert_full_len3,5,5,0,4,False,1,-0.0,-0.0,C0036442,True,,,,,,,,
mm_0004613,Llama3-OpenBioLLM-8B,0.0,1.0,sapbert_full_len3,5,5,0,4,False,3,1.3709505944546687,0.5904362833084089,C0871117,False,,,,,,,,
mm_0004613,Meta-Llama-3-8B-Instruct,0.0,1.0,sapbert_full_len3,5,5,0,4,False,1,-0.0,-0.0,C0700327,True,,,,,,,,
mm_0004613,Mistral-7B-Instruct-v0.1,0.0,0.9999997615814208,sapbert_full_len3,5,5,0,4,False,1,-0.0,-0.0,C0700327,True,,,,,,,,
mm_0004613,PubMedBERT,0.0,1.0,sapbert_full_len3,5,5,0,4,False,2,0.7219280948873623,0.31091750708257115,C1839576,False,5.0,2.0,"{""C1839576"": 4, ""C1447749"": 1}",0.7219280948873623,0.3109175070825711,0.0,C1839576,0.0
mm_0007146,BERT-base,0.0,1.0,sapbert_full_len3,5,5,0,4,False,2,0.9709505944546686,0.4181656600790516,C1257990,False,5.0,2.0,"{""UMLS:C1257990"": 3, ""UMLS:C0242193"": 2}",0.9709505944546686,0.4181656600790516,0.0,UMLS:C1257990,0.0
mm_0007146,BioBERT,0.0,1.0,sapbert_full_len3,5,5,0,4,False,1,-0.0,-0.0,C1257990,True,5.0,1.0,"{""UMLS:C1257990"": 5}",-0.0,-0.0,0.0,UMLS:C1257990,0.0
mm_0007146,BioMistral-7B,0.0,1.0,sapbert_full_len3,5,5,0,4,False,2,0.9709505944546686,0.4181656600790516,C0023928,False,,,,,,,,
mm_0007146,FLAN-T5-base,0.0,0.9765360951423644,sapbert_full_len3,5,5,0,4,False,2,0.9709505944546686,0.4181656600790516,C4552474,False,,,,,,,,
mm_0007146,Llama3-OpenBioLLM-8B,0.0,1.0,sapbert_full_len3,5,5,0,4,False,1,-0.0,-0.0,C0023928,True,,,,,,,,
mm_0007146,Meta-Llama-3-8B-Instruct,0.0,1.0,sapbert_full_len3,5,5,0,4,False,1,-0.0,-0.0,C0023928,True,,,,,,,,
mm_0007146,Mistral-7B-Instruct-v0.1,0.0,0.9999998807907104,sapbert_full_len3,5,5,0,4,False,2,0.9709505944546686,0.4181656600790516,C0023928,False,,,,,,,,
mm_0007146,PubMedBERT,0.0,1.0,sapbert_full_len3,5,5,0,4,False,2,0.9709505944546686,0.4181656600790516,C1447749,False,5.0,2.0,"{""C1447749"": 3, ""C1839576"": 2}",0.9709505944546686,0.4181656600790516,0.0,C1447749,0.0
mm_0007303,BERT-base,0.0,1.0,sapbert_full_len3,7,7,0,6,False,1,-0.0,-0.0,C1257990,True,7.0,1.0,"{""UMLS:C1257990"": 7}",-0.0,-0.0,0.0,UMLS:C1257990,0.0
mm_0007303,BioBERT,0.0,1.0,sapbert_full_len3,7,7,0,6,False,1,-0.0,-0.0,C2935436,True,7.0,1.0,"{""C2935436"": 7}",-0.0,-0.0,0.0,C2935436,0.0
mm_0007303,BioMistral-7B,0.0,1.0,sapbert_full_len3,7,7,0,6,False,2,0.9852281360342515,0.35094534299644053,C1700874,False,,,,,,,,
mm_0007303,FLAN-T5-base,0.0,0.8578688502311707,sapbert_full_len3,7,7,0,6,False,2,0.9852281360342515,0.35094534299644053,C1540289,False,,,,,,,,
mm_0007303,Llama3-OpenBioLLM-8B,0.0,0.9999998807907104,sapbert_full_len3,7,7,0,6,False,1,-0.0,-0.0,C0282460,True,,,,,,,,
mm_0007303,Meta-Llama-3-8B-Instruct,0.0,0.9613177180290222,sapbert_full_len3,7,7,0,6,False,1,-0.0,-0.0,C0007134,True,,,,,,,,
mm_0007303,Mistral-7B-Instruct-v0.1,0.0,0.9999998211860656,sapbert_full_len3,7,7,0,6,False,1,-0.0,-0.0,C1700874,True,,,,,,,,
mm_0007303,PubMedBERT,0.0,1.0,sapbert_full_len3,7,7,0,6,False,1,-0.0,-0.0,C1839576,True,7.0,1.0,"{""C1839576"": 7}",-0.0,-0.0,0.0,C1839576,0.0
mm_0007332,BERT-base,0.0,1.0,sapbert_full_len3,5,5,0,4,False,2,0.9709505944546686,0.4181656600790516,C1839576,False,5.0,2.0,"{""C1839576"": 3, ""C1739108"": 2}",0.9709505944546686,0.4181656600790516,0.0,C1839576,0.0
mm_0007332,BioBERT,0.0,1.0,sapbert_full_len3,5,5,0,4,False,1,-0.0,-0.0,C5392105,True,5.0,1.0,"{""C5392105"": 5}",-0.0,-0.0,0.0,C5392105,0.0
mm_0007332,BioMistral-7B,1.0,1.0,sapbert_full_len3,5,5,0,4,False,1,-0.0,-0.0,C0015672,True,,,,,,,,
mm_0007332,FLAN-T5-base,1.0,1.0,sapbert_full_len3,5,5,0,4,False,3,1.3709505944546687,0.5904362833084089,C0015672,False,,,,,,,,
mm_0007332,Llama3-OpenBioLLM-8B,0.0,0.9999998807907104,sapbert_full_len3,5,5,0,4,False,2,0.7219280948873623,0.31091750708257115,C0041755,False,,,,,,,,
mm_0007332,Meta-Llama-3-8B-Instruct,0.0,0.9999999403953552,sapbert_full_len3,5,5,0,4,False,4,1.9219280948873623,0.8277293767706428,C0559546,False,,,,,,,,
mm_0007332,Mistral-7B-Instruct-v0.1,1.0,0.9999998807907104,sapbert_full_len3,5,5,0,4,False,1,-0.0,-0.0,C0015672,True,,,,,,,,
mm_0007332,PubMedBERT,0.0,1.0,sapbert_full_len3,5,5,0,4,False,1,-0.0,-0.0,C1839576,True,5.0,1.0,"{""C1839576"": 5}",-0.0,-0.0,0.0,C1839576,0.0
mm_0007533,BERT-base,0.0,1.0,sapbert_full_len3,5,5,0,4,False,2,0.9709505944546686,0.4181656600790516,C1431519,False,5.0,2.0,"{""C1431519"": 3, ""UMLS:C1283169"": 2}",0.9709505944546686,0.4181656600790516,0.0,C1431519,0.0
mm_0007533,BioBERT,0.0,1.0,sapbert_full_len3,5,5,0,4,False,2,0.7219280948873623,0.31091750708257115,C1447749,False,5.0,2.0,"{""C0265267"": 1, ""C1447749"": 4}",0.7219280948873623,0.3109175070825711,0.0,C1447749,0.0
mm_0007533,BioMistral-7B,0.0,1.0,sapbert_full_len3,5,5,0,4,False,2,0.9709505944546686,0.4181656600790516,C0031865,False,,,,,,,,
mm_0007533,FLAN-T5-base,0.0,1.0,sapbert_full_len3,5,5,0,4,False,1,-0.0,-0.0,C0031865,True,,,,,,,,
mm_0007533,Llama3-OpenBioLLM-8B,1.0,0.8500974774360657,sapbert_full_len3,5,5,0,4,False,1,-0.0,-0.0,C0010182,True,,,,,,,,
mm_0007533,Meta-Llama-3-8B-Instruct,0.0,0.8730440735816956,sapbert_full_len3,5,5,0,4,False,1,-0.0,-0.0,C0031865,True,,,,,,,,
mm_0007533,Mistral-7B-Instruct-v0.1,0.0,0.9999998807907104,sapbert_full_len3,5,5,0,4,False,1,-0.0,-0.0,C0031865,True,,,,,,,,
mm_0007533,PubMedBERT,0.0,1.0,sapbert_full_len3,5,5,0,4,False,2,0.9709505944546686,0.4181656600790516,C1447749,False,5.0,2.0,"{""C1447749"": 3, ""C1839576"": 2}",0.9709505944546686,0.4181656600790516,0.0,C1447749,0.0
mm_0007731,BERT-base,0.0,1.0,sapbert_full_len3,6,6,0,5,False,1,-0.0,-0.0,C1447749,True,6.0,1.0,"{""C1447749"": 6}",-0.0,-0.0,0.0,C1447749,0.0
mm_0007731,BioBERT,0.0,1.0,sapbert_full_len3,6,6,0,5,False,1,-0.0,-0.0,C1868801,True,6.0,1.0,"{""C1868801"": 6}",-0.0,-0.0,0.0,C1868801,0.0
mm_0007731,BioMistral-7B,0.0,0.9999998807907104,sapbert_full_len3,6,6,0,5,False,1,-0.0,-0.0,C0007203,True,,,,,,,,
mm_0007731,FLAN-T5-base,0.0,1.0,sapbert_full_len3,6,6,0,5,False,1,-0.0,-0.0,C0007203,True,,,,,,,,
mm_0007731,Llama3-OpenBioLLM-8B,0.0,0.9515214562416076,sapbert_full_len3,6,6,0,5,False,2,0.6500224216483541,0.25146299858006066,C0282440,False,,,,,,,,
mm_0007731,Meta-Llama-3-8B-Instruct,0.0,0.9999998807907104,sapbert_full_len3,6,6,0,5,False,1,-0.0,-0.0,C0007203,True,,,,,,,,
mm_0007731,Mistral-7B-Instruct-v0.1,0.0,0.9999998807907104,sapbert_full_len3,6,6,0,5,False,1,-0.0,-0.0,C0007203,True,,,,,,,,
mm_0007731,PubMedBERT,0.0,1.0,sapbert_full_len3,6,6,0,5,False,1,-0.0,-0.0,C1839576,True,6.0,1.0,"{""C1839576"": 6}",-0.0,-0.0,0.0,C1839576,0.0
mm_0007841,BERT-base,0.0,1.0,sapbert_full_len3,7,7,0,6,False,1,-0.0,-0.0,C0027609,True,7.0,1.0,"{""C0027609"": 7}",-0.0,-0.0,0.0,C0027609,0.0
mm_0007841,BioBERT,0.0,1.0,sapbert_full_len3,7,7,0,6,False,2,0.5916727785823275,0.21075809614719848,C1257990,False,7.0,2.0,"{""UMLS:C1257990"": 6, ""C0027609"": 1}",0.5916727785823275,0.2107580961471984,0.0,UMLS:C1257990,0.0
mm_0007841,BioMistral-7B,0.0,1.0,sapbert_full_len3,7,7,0,6,False,2,0.5916727785823275,0.21075809614719848,C0038661,False,,,,,,,,
mm_0007841,FLAN-T5-base,0.0,1.0,sapbert_full_len3,7,7,0,6,False,2,0.5916727785823275,0.21075809614719848,C0038661,False,,,,,,,,
mm_0007841,Llama3-OpenBioLLM-8B,0.0,0.9999998807907104,sapbert_full_len3,7,7,0,6,False,3,1.5566567074628228,0.5544923070581674,C0035648,False,,,,,,,,
mm_0007841,Meta-Llama-3-8B-Instruct,0.0,1.0,sapbert_full_len3,7,7,0,6,False,2,0.5916727785823275,0.21075809614719848,C0038661,False,,,,,,,,
mm_0007841,Mistral-7B-Instruct-v0.1,0.0,0.9999998807907104,sapbert_full_len3,7,7,0,6,False,2,0.5916727785823275,0.21075809614719848,C0038661,False,,,,,,,,
mm_0007841,PubMedBERT,0.0,1.0,sapbert_full_len3,7,7,0,6,False,2,0.863120568566631,0.30744974986419643,C1839576,False,7.0,2.0,"{""C1839576"": 5, ""C1447749"": 2}",0.863120568566631,0.3074497498641964,0.0,C1839576,0.0
mm_0008028,BERT-base,0.0,1.0,sapbert_full_len3,4,4,0,3,False,1,-0.0,-0.0,C0203379,True,4.0,1.0,"{""C0203379"": 4}",-0.0,-0.0,0.0,C0203379,0.0
mm_0008028,BioBERT,0.0,1.0,sapbert_full_len3,4,4,0,3,False,1,-0.0,-0.0,C1707887,True,4.0,1.0,"{""UMLS:C1707887"": 4}",-0.0,-0.0,0.0,UMLS:C1707887,0.0
mm_0008028,BioMistral-7B,0.0,1.0,sapbert_full_len3,4,4,0,3,False,1,-0.0,-0.0,C1504490,True,,,,,,,,
mm_0008028,FLAN-T5-base,1.0,1.0,sapbert_full_len3,4,4,0,3,False,2,1.0,0.5,C0870071,False,,,,,,,,
mm_0008028,Llama3-OpenBioLLM-8B,1.0,0.7703964710235596,sapbert_full_len3,4,4,0,3,False,1,-0.0,-0.0,C0870071,True,,,,,,,,
mm_0008028,Meta-Llama-3-8B-Instruct,1.0,0.8834714293479919,sapbert_full_len3,4,4,0,3,False,1,-0.0,-0.0,C0870071,True,,,,,,,,
mm_0008028,Mistral-7B-Instruct-v0.1,1.0,0.7703964710235596,sapbert_full_len3,4,4,0,3,False,1,-0.0,-0.0,C0870071,True,,,,,,,,
mm_0008028,PubMedBERT,0.0,1.0,sapbert_full_len3,4,4,0,3,False,1,-0.0,-0.0,C1447749,True,4.0,1.0,"{""C1447749"": 4}",-0.0,-0.0,0.0,C1447749,0.0
mm_0008123,BERT-base,0.0,1.0,sapbert_full_len3,7,7,0,6,False,2,0.5916727785823275,0.21075809614719848,C0243095,False,7.0,2.0,"{""UMLS:C0444254"": 1, ""UMLS:C0243095"": 6}",0.5916727785823275,0.2107580961471984,0.0,UMLS:C0243095,0.0
mm_0008123,BioBERT,0.0,1.0,sapbert_full_len3,7,7,0,6,False,2,0.5916727785823275,0.21075809614719848,C1257990,False,7.0,2.0,"{""UMLS:C1257990"": 6, ""UMLS:C1707887"": 1}",0.5916727785823275,0.2107580961471984,0.0,UMLS:C1257990,0.0
mm_0008123,BioMistral-7B,0.0,0.8698300123214722,sapbert_full_len3,7,7,0,6,False,1,-0.0,-0.0,C1705846,True,,,,,,,,
mm_0008123,FLAN-T5-base,0.0,0.8698133826255798,sapbert_full_len3,7,7,0,6,False,2,0.863120568566631,0.30744974986419643,C1705846,False,,,,,,,,
mm_0008123,Llama3-OpenBioLLM-8B,0.0,0.9021433591842652,sapbert_full_len3,7,7,0,6,False,4,1.9502120649147465,0.6946795539074094,C2070230,False,,,,,,,,
mm_0008123,Meta-Llama-3-8B-Instruct,0.0,1.0,sapbert_full_len3,7,7,0,6,False,3,1.5566567074628228,0.5544923070581674,C0563538,False,,,,,,,,
mm_0008123,Mistral-7B-Instruct-v0.1,0.0,1.0,sapbert_full_len3,7,7,0,6,False,5,2.235926350629032,0.7964530359382728,C0591531,False,,,,,,,,
mm_0008123,PubMedBERT,0.0,1.0,sapbert_full_len3,7,7,0,6,False,1,-0.0,-0.0,C1839576,True,7.0,1.0,"{""C1839576"": 7}",-0.0,-0.0,0.0,C1839576,0.0
mm_0008874,BERT-base,0.0,1.0,sapbert_full_len3,7,7,0,6,False,1,-0.0,-0.0,C0282597,True,7.0,1.0,"{""C0282597"": 7}",-0.0,-0.0,0.0,C0282597,0.0
mm_0008874,BioBERT,0.0,1.0,sapbert_full_len3,7,7,0,6,False,2,0.5916727785823275,0.21075809614719848,C1257990,False,7.0,2.0,"{""UMLS:C1257990"": 6, ""C1447749"": 1}",0.5916727785823275,0.2107580961471984,0.0,UMLS:C1257990,0.0
mm_0008874,BioMistral-7B,0.0,0.9999998807907104,sapbert_full_len3,7,7,0,6,False,1,-0.0,-0.0,C0075338,True,,,,,,,,
mm_0008874,FLAN-T5-base,0.0,0.9999999403953552,sapbert_full_len3,7,7,0,6,False,1,-0.0,-0.0,C0108136,True,,,,,,,,
mm_0008874,Llama3-OpenBioLLM-8B,0.0,0.9999999403953552,sapbert_full_len3,7,5,2,6,False,1,-0.0,-0.0,C0108136,True,,,,,,,,
mm_0008874,Meta-Llama-3-8B-Instruct,0.0,1.0000001192092896,sapbert_full_len3,7,7,0,6,False,2,0.863120568566631,0.30744974986419643,C4553888,False,,,,,,,,
mm_0008874,Mistral-7B-Instruct-v0.1,0.0,0.7352558374404907,sapbert_full_len3,7,7,0,6,False,1,-0.0,-0.0,C1157879,True,,,,,,,,
mm_0008874,PubMedBERT,0.0,1.0,sapbert_full_len3,7,7,0,6,False,2,0.9852281360342515,0.35094534299644053,C1447749,False,7.0,2.0,"{""C1839576"": 3, ""C1447749"": 4}",0.9852281360342516,0.3509453429964405,0.0,C1447749,0.0
mm_0008935,BERT-base,0.0,1.0,sapbert_full_len3,7,7,0,6,False,1,-0.0,-0.0,C1257990,True,7.0,1.0,"{""UMLS:C1257990"": 7}",-0.0,-0.0,0.0,UMLS:C1257990,0.0
mm_0008935,BioBERT,0.0,1.0,sapbert_full_len3,7,7,0,6,False,1,-0.0,-0.0,C0752615,True,7.0,1.0,"{""C0752615"": 7}",-0.0,-0.0,0.0,C0752615,0.0
mm_0008935,BioMistral-7B,0.0,0.9999998807907104,sapbert_full_len3,7,7,0,6,False,2,0.863120568566631,0.30744974986419643,C5910003,False,,,,,,,,
mm_0008935,FLAN-T5-base,1.0,1.0,sapbert_full_len3,7,7,0,6,False,2,0.9852281360342515,0.35094534299644053,C1519595,False,,,,,,,,
mm_0008935,Llama3-OpenBioLLM-8B,1.0,1.0,sapbert_full_len3,7,7,0,6,False,3,1.3787834934861753,0.49113258984568253,C0040649,False,,,,,,,,
mm_0008935,Meta-Llama-3-8B-Instruct,1.0,1.0,sapbert_full_len3,7,7,0,6,False,2,0.863120568566631,0.30744974986419643,C1519595,False,,,,,,,,
mm_0008935,Mistral-7B-Instruct-v0.1,1.0,1.0,sapbert_full_len3,7,7,0,6,False,2,0.863120568566631,0.30744974986419643,C1519595,False,,,,,,,,
mm_0008935,PubMedBERT,0.0,1.0,sapbert_full_len3,7,7,0,6,False,2,0.5916727785823275,0.21075809614719848,C1839576,False,7.0,2.0,"{""C1839576"": 6, ""C1447749"": 1}",0.5916727785823275,0.2107580961471984,0.0,C1839576,0.0
mm_0009136,BERT-base,0.0,1.0,sapbert_full_len3,5,5,0,4,False,1,-0.0,-0.0,C1257990,True,5.0,1.0,"{""UMLS:C1257990"": 5}",-0.0,-0.0,0.0,UMLS:C1257990,0.0
mm_0009136,BioBERT,0.0,1.0,sapbert_full_len3,5,5,0,4,False,2,0.9709505944546686,0.4181656600790516,C1257990,False,5.0,2.0,"{""UMLS:C1257990"": 3, ""C0258846"": 2}",0.9709505944546686,0.4181656600790516,0.0,UMLS:C1257990,0.0
mm_0009136,BioMistral-7B,0.0,1.0,sapbert_full_len3,5,5,0,4,False,1,-0.0,-0.0,C2003595,True,,,,,,,,
mm_0009136,FLAN-T5-base,0.0,1.0000001192092896,sapbert_full_len3,5,5,0,4,False,2,0.9709505944546686,0.4181656600790516,C1185625,False,,,,,,,,
mm_0009136,Llama3-OpenBioLLM-8B,0.0,1.0,sapbert_full_len3,5,5,0,4,False,3,1.5219280948873621,0.6554587535412855,C0038250,False,,,,,,,,
mm_0009136,Meta-Llama-3-8B-Instruct,0.0,0.7886782288551331,sapbert_full_len3,5,5,0,4,False,1,-0.0,-0.0,C2003595,True,,,,,,,,
mm_0009136,Mistral-7B-Instruct-v0.1,0.0,0.9999998211860656,sapbert_full_len3,5,5,0,4,False,1,-0.0,-0.0,C2003595,True,,,,,,,,
mm_0009136,PubMedBERT,0.0,1.0,sapbert_full_len3,5,5,0,4,False,1,-0.0,-0.0,C1447749,True,5.0,1.0,"{""C1447749"": 5}",-0.0,-0.0,0.0,C1447749,0.0
mm_0009327,BERT-base,0.0,1.0,sapbert_full_len3,7,7,0,6,False,2,0.863120568566631,0.30744974986419643,C1447749,False,7.0,2.0,"{""C1447749"": 5, ""C4277543"": 2}",0.863120568566631,0.3074497498641964,0.0,C1447749,0.0
mm_0009327,BioBERT,0.0,1.0,sapbert_full_len3,7,7,0,6,False,1,-0.0,-0.0,C1257990,True,7.0,1.0,"{""UMLS:C1257990"": 7}",-0.0,-0.0,0.0,UMLS:C1257990,0.0
mm_0009327,BioMistral-7B,0.0,0.9999999403953552,sapbert_full_len3,7,7,0,6,False,3,1.3787834934861753,0.49113258984568253,C1413850,False,,,,,,,,
mm_0009327,FLAN-T5-base,0.0,1.0000001192092896,sapbert_full_len3,7,7,0,6,False,1,-0.0,-0.0,C0242184,True,,,,,,,,
mm_0009327,Llama3-OpenBioLLM-8B,0.0,0.9219613075256348,sapbert_full_len3,7,7,0,6,False,3,1.5566567074628228,0.5544923070581674,C4289596,False,,,,,,,,
mm_0009327,Meta-Llama-3-8B-Instruct,0.0,1.0000001192092896,sapbert_full_len3,7,7,0,6,False,1,-0.0,-0.0,C0242184,True,,,,,,,,
mm_0009327,Mistral-7B-Instruct-v0.1,0.0,0.9999998807907104,sapbert_full_len3,7,7,0,6,False,1,-0.0,-0.0,C0242184,True,,,,,,,,
mm_0009327,PubMedBERT,0.0,1.0,sapbert_full_len3,7,7,0,6,False,1,-0.0,-0.0,C1447749,True,7.0,1.0,"{""C1447749"": 7}",-0.0,-0.0,0.0,C1447749,0.0
mm_0009884,BERT-base,0.0,1.0,sapbert_full_len3,7,7,0,6,False,1,-0.0,-0.0,C0169661,True,7.0,1.0,"{""C0169661"": 7}",-0.0,-0.0,0.0,C0169661,0.0
mm_0009884,BioBERT,0.0,1.0,sapbert_full_len3,7,7,0,6,False,3,1.3787834934861753,0.49113258984568253,C0008396,False,7.0,3.0,"{""C0008396"": 4, ""C1447749"": 1, ""UMLS:C1257990"": 2}",1.3787834934861751,0.4911325898456825,0.0,C0008396,0.0
mm_0009884,BioMistral-7B,0.0,1.0000001192092896,sapbert_full_len3,7,7,0,6,False,1,-0.0,-0.0,C0919458,True,,,,,,,,
mm_0009884,FLAN-T5-base,1.0,0.9999999403953552,sapbert_full_len3,7,7,0,6,False,3,1.5566567074628228,0.5544923070581674,C0031715,False,,,,,,,,
mm_0009884,Llama3-OpenBioLLM-8B,0.0,0.788313090801239,sapbert_full_len3,7,7,0,6,False,2,0.5916727785823275,0.21075809614719848,C0373548,False,,,,,,,,
mm_0009884,Meta-Llama-3-8B-Instruct,0.0,1.0000001192092896,sapbert_full_len3,7,7,0,6,False,2,0.863120568566631,0.30744974986419643,C0919458,False,,,,,,,,
mm_0009884,Mistral-7B-Instruct-v0.1,0.0,1.0000001192092896,sapbert_full_len3,7,7,0,6,False,1,-0.0,-0.0,C0919458,True,,,,,,,,
mm_0009884,PubMedBERT,0.0,1.0,sapbert_full_len3,7,7,0,6,False,2,0.5916727785823275,0.21075809614719848,C1447749,False,7.0,2.0,"{""C1839576"": 1, ""C1447749"": 6}",0.5916727785823275,0.2107580961471984,0.0,C1447749,0.0
mm_0010371,BERT-base,0.0,1.0,sapbert_full_len3,5,5,0,4,False,2,0.9709505944546686,0.4181656600790516,C1312419,False,5.0,2.0,"{""C1312419"": 3, ""UMLS:C1257990"": 2}",0.9709505944546686,0.4181656600790516,0.0,C1312419,0.0
mm_0010371,BioBERT,0.0,1.0,sapbert_full_len3,5,5,0,4,False,3,1.3709505944546687,0.5904362833084089,C0008396,False,5.0,3.0,"{""C0008396"": 3, ""C0059563"": 1, ""UMLS:C1707887"": 1}",1.3709505944546687,0.5904362833084089,0.0,C0008396,1.0
mm_0010371,BioMistral-7B,1.0,0.9999998807907104,sapbert_full_len3,5,5,0,4,False,1,-0.0,-0.0,C0018966,True,,,,,,,,
mm_0010371,FLAN-T5-base,0.0,1.0,sapbert_full_len3,5,5,0,4,False,1,-0.0,-0.0,C0003374,True,,,,,,,,
mm_0010371,Llama3-OpenBioLLM-8B,0.0,0.9999998211860656,sapbert_full_len3,5,5,0,4,False,3,1.5219280948873621,0.6554587535412855,C1148616,False,,,,,,,,
mm_0010371,Meta-Llama-3-8B-Instruct,0.0,0.9999998807907104,sapbert_full_len3,5,5,0,4,False,2,0.7219280948873623,0.31091750708257115,C0024530,False,,,,,,,,
mm_0010371,Mistral-7B-Instruct-v0.1,0.0,0.9999998807907104,sapbert_full_len3,5,5,0,4,False,2,0.9709505944546686,0.4181656600790516,C0024530,False,,,,,,,,
mm_0010371,PubMedBERT,0.0,1.0,sapbert_full_len3,5,5,0,4,False,1,-0.0,-0.0,C1447749,True,5.0,1.0,"{""C1447749"": 5}",-0.0,-0.0,0.0,C1447749,0.0
mm_0011144,BERT-base,0.0,1.0,sapbert_full_len3,7,7,0,6,False,2,0.863120568566631,0.30744974986419643,C0919821,False,7.0,2.0,"{""UMLS:C0919821"": 5, ""C1447749"": 2}",0.863120568566631,0.3074497498641964,0.0,UMLS:C0919821,0.0
mm_0011144,BioBERT,0.0,1.0,sapbert_full_len3,7,7,0,6,False,1,-0.0,-0.0,C0919821,True,7.0,1.0,"{""UMLS:C0919821"": 7}",-0.0,-0.0,0.0,UMLS:C0919821,0.0
mm_0011144,BioMistral-7B,0.0,0.9999999403953552,sapbert_full_len3,7,7,0,6,False,1,-0.0,-0.0,C0023211,True,,,,,,,,
mm_0011144,FLAN-T5-base,0.0,1.0,sapbert_full_len3,7,7,0,6,False,1,-0.0,-0.0,C0023211,True,,,,,,,,
mm_0011144,Llama3-OpenBioLLM-8B,0.0,0.9999999403953552,sapbert_full_len3,7,7,0,6,False,3,1.3787834934861753,0.49113258984568253,C0149721,False,,,,,,,,
mm_0011144,Meta-Llama-3-8B-Instruct,0.0,0.9891313910484314,sapbert_full_len3,7,7,0,6,False,1,-0.0,-0.0,C0023211,True,,,,,,,,
mm_0011144,Mistral-7B-Instruct-v0.1,0.0,1.0,sapbert_full_len3,7,7,0,6,False,1,-0.0,-0.0,C0023211,True,,,,,,,,
mm_0011144,PubMedBERT,0.0,1.0,sapbert_full_len3,7,7,0,6,False,1,-0.0,-0.0,C1447749,True,7.0,1.0,"{""C1447749"": 7}",-0.0,-0.0,0.0,C1447749,0.0
mm_0011490,BERT-base,0.0,1.0,sapbert_full_len3,5,5,0,4,False,1,-0.0,-0.0,C0018966,True,5.0,1.0,"{""C0018966"": 5}",-0.0,-0.0,0.0,C0018966,0.0
mm_0011490,BioBERT,1.0,1.0,sapbert_full_len3,5,5,0,4,False,1,-0.0,-0.0,C1100347,True,5.0,1.0,"{""UMLS:C1100347"": 5}",-0.0,-0.0,1.0,UMLS:C1100347,0.0
mm_0011490,BioMistral-7B,0.0,0.8302657604217529,sapbert_full_len3,5,5,0,4,False,3,1.5219280948873621,0.6554587535412855,C1175288,False,,,,,,,,
mm_0011490,FLAN-T5-base,0.0,0.9999995827674866,sapbert_full_len3,5,5,0,4,False,1,-0.0,-0.0,C0444626,True,,,,,,,,
mm_0011490,Llama3-OpenBioLLM-8B,0.0,0.9999995827674866,sapbert_full_len3,5,5,0,4,False,3,1.5219280948873621,0.6554587535412855,C0076331,False,,,,,,,,
mm_0011490,Meta-Llama-3-8B-Instruct,0.0,1.0,sapbert_full_len3,5,5,0,4,False,1,-0.0,-0.0,C0444626,True,,,,,,,,
mm_0011490,Mistral-7B-Instruct-v0.1,0.0,1.0,sapbert_full_len3,5,5,0,4,False,1,-0.0,-0.0,C0444626,True,,,,,,,,
mm_0011490,PubMedBERT,0.0,1.0,sapbert_full_len3,5,5,0,4,False,1,-0.0,-0.0,C0018966,True,5.0,1.0,"{""C0018966"": 5}",-0.0,-0.0,0.0,C0018966,0.0
mm_0011728,BERT-base,0.0,1.0,sapbert_full_len3,7,7,0,6,False,1,-0.0,-0.0,C1257990,True,7.0,1.0,"{""UMLS:C1257990"": 7}",-0.0,-0.0,0.0,UMLS:C1257990,0.0
mm_0011728,BioBERT,0.0,1.0,sapbert_full_len3,7,7,0,6,False,1,-0.0,-0.0,C1257990,True,7.0,1.0,"{""UMLS:C1257990"": 7}",-0.0,-0.0,0.0,UMLS:C1257990,0.0
mm_0011728,BioMistral-7B,0.0,0.9999999403953552,sapbert_full_len3,7,7,0,6,False,2,0.863120568566631,0.30744974986419643,C1431109,False,,,,,,,,
mm_0011728,FLAN-T5-base,0.0,1.0000001192092896,sapbert_full_len3,7,7,0,6,False,2,0.863120568566631,0.30744974986419643,C0753749,False,,,,,,,,
mm_0011728,Llama3-OpenBioLLM-8B,1.0,1.0,sapbert_full_len3,7,7,0,6,False,2,0.863120568566631,0.30744974986419643,C1431109,False,,,,,,,,
mm_0011728,Meta-Llama-3-8B-Instruct,0.0,1.0,sapbert_full_len3,7,7,0,6,False,3,1.3787834934861753,0.49113258984568253,C1431109,False,,,,,,,,
mm_0011728,Mistral-7B-Instruct-v0.1,0.0,0.9999999403953552,sapbert_full_len3,7,7,0,6,False,2,0.9852281360342515,0.35094534299644053,C1431109,False,,,,,,,,
mm_0011728,PubMedBERT,0.0,1.0,sapbert_full_len3,7,7,0,6,False,1,-0.0,-0.0,C1431322,True,7.0,1.0,"{""C1431322"": 7}",-0.0,-0.0,0.0,C1431322,0.0
mm_0013400,BERT-base,0.0,1.0,sapbert_full_len3,5,5,0,4,False,1,-0.0,-0.0,C1447749,True,5.0,1.0,"{""C1447749"": 5}",-0.0,-0.0,0.0,C1447749,0.0
mm_0013400,BioBERT,0.0,1.0,sapbert_full_len3,5,5,0,4,False,1,-0.0,-0.0,C1999375,True,5.0,1.0,"{""C1999375"": 5}",-0.0,-0.0,0.0,C1999375,0.0
mm_0013400,BioMistral-7B,0.0,0.9999998807907104,sapbert_full_len3,5,5,0,4,False,1,-0.0,-0.0,C0149531,True,,,,,,,,
mm_0013400,FLAN-T5-base,0.0,1.0000001192092896,sapbert_full_len3,5,5,0,4,False,2,0.9709505944546686,0.4181656600790516,C0149531,False,,,,,,,,
mm_0013400,Llama3-OpenBioLLM-8B,0.0,1.0,sapbert_full_len3,5,5,0,4,False,3,1.5219280948873621,0.6554587535412855,C0242492,False,,,,,,,,
mm_0013400,Meta-Llama-3-8B-Instruct,0.0,1.0000001192092896,sapbert_full_len3,5,5,0,4,False,1,-0.0,-0.0,C0149531,True,,,,,,,,
mm_0013400,Mistral-7B-Instruct-v0.1,1.0,0.9999998211860656,sapbert_full_len3,5,5,0,4,False,1,-0.0,-0.0,C0040615,True,,,,,,,,
mm_0013400,PubMedBERT,0.0,1.0,sapbert_full_len3,5,5,0,4,False,1,-0.0,-0.0,C1999375,True,5.0,1.0,"{""C1999375"": 5}",-0.0,-0.0,0.0,C1999375,0.0
mm_0013465,BERT-base,0.0,1.0,sapbert_full_len3,5,5,0,4,False,1,-0.0,-0.0,C1447749,True,5.0,1.0,"{""C1447749"": 5}",-0.0,-0.0,0.0,C1447749,0.0
mm_0013465,BioBERT,0.0,1.0,sapbert_full_len3,5,5,0,4,False,1,-0.0,-0.0,C1447749,True,5.0,1.0,"{""C1447749"": 5}",-0.0,-0.0,0.0,C1447749,0.0
mm_0013465,BioMistral-7B,0.0,0.859550952911377,sapbert_full_len3,5,5,0,4,False,1,-0.0,-0.0,C3541837,True,,,,,,,,
mm_0013465,FLAN-T5-base,0.0,0.8486093282699585,sapbert_full_len3,5,5,0,4,False,1,-0.0,-0.0,C3541837,True,,,,,,,,
mm_0013465,Llama3-OpenBioLLM-8B,0.0,0.859550952911377,sapbert_full_len3,5,5,0,4,False,2,0.9709505944546686,0.4181656600790516,C3541837,False,,,,,,,,
mm_0013465,Meta-Llama-3-8B-Instruct,0.0,1.0,sapbert_full_len3,5,5,0,4,False,2,0.9709505944546686,0.4181656600790516,C0027793,False,,,,,,,,
mm_0013465,Mistral-7B-Instruct-v0.1,0.0,0.8485617637634277,sapbert_full_len3,5,5,0,4,False,2,0.9709505944546686,0.4181656600790516,C3541837,False,,,,,,,,
mm_0013465,PubMedBERT,0.0,1.0,sapbert_full_len3,5,5,0,4,False,2,0.9709505944546686,0.4181656600790516,C1447749,False,5.0,2.0,"{""C1839576"": 2, ""C1447749"": 3}",0.9709505944546686,0.4181656600790516,0.0,C1447749,0.0
mm_0014062,BERT-base,0.0,1.0,sapbert_full_len3,7,7,0,6,False,1,-0.0,-0.0,C1739108,True,7.0,1.0,"{""C1739108"": 7}",-0.0,-0.0,0.0,C1739108,0.0
mm_0014062,BioBERT,0.0,1.0,sapbert_full_len3,7,7,0,6,False,1,-0.0,-0.0,C1839576,True,7.0,1.0,"{""C1839576"": 7}",-0.0,-0.0,0.0,C1839576,0.0
mm_0014062,BioMistral-7B,0.0,1.0,sapbert_full_len3,7,7,0,6,False,1,-0.0,-0.0,C0042164,True,,,,,,,,
mm_0014062,FLAN-T5-base,0.0,1.0,sapbert_full_len3,7,7,0,6,False,1,-0.0,-0.0,C0042164,True,,,,,,,,
mm_0014062,Llama3-OpenBioLLM-8B,0.0,0.8339030742645264,sapbert_full_len3,7,7,0,6,False,3,1.4488156357251847,0.516078542239789,C3177188,False,,,,,,,,
mm_0014062,Meta-Llama-3-8B-Instruct,0.0,1.0,sapbert_full_len3,7,7,0,6,False,1,-0.0,-0.0,C0042164,True,,,,,,,,
mm_0014062,Mistral-7B-Instruct-v0.1,0.0,0.9999998211860656,sapbert_full_len3,7,7,0,6,False,1,-0.0,-0.0,C0042164,True,,,,,,,,
mm_0014062,PubMedBERT,0.0,1.0,sapbert_full_len3,7,7,0,6,False,1,-0.0,-0.0,C1839576,True,7.0,1.0,"{""C1839576"": 7}",-0.0,-0.0,0.0,C1839576,0.0
mm_0014155,BERT-base,0.0,1.0,sapbert_full_len3,7,7,0,6,False,1,-0.0,-0.0,C1257990,True,7.0,1.0,"{""UMLS:C1257990"": 7}",-0.0,-0.0,0.0,UMLS:C1257990,0.0
mm_0014155,BioBERT,0.0,1.0,sapbert_full_len3,7,7,0,6,False,1,-0.0,-0.0,C1257990,True,7.0,1.0,"{""UMLS:C1257990"": 7}",-0.0,-0.0,0.0,UMLS:C1257990,0.0
mm_0014155,BioMistral-7B,0.0,0.9999997615814208,sapbert_full_len3,7,7,0,6,False,1,-0.0,-0.0,C2681631,True,,,,,,,,
mm_0014155,FLAN-T5-base,0.0,0.9999998211860656,sapbert_full_len3,7,7,0,6,False,2,0.5916727785823275,0.21075809614719848,C1332838,False,,,,,,,,
mm_0014155,Llama3-OpenBioLLM-8B,0.0,0.9642977714538574,sapbert_full_len3,7,7,0,6,False,2,0.863120568566631,0.30744974986419643,C3148147,False,,,,,,,,
mm_0014155,Meta-Llama-3-8B-Instruct,0.0,0.9999998807907104,sapbert_full_len3,7,7,0,6,False,2,0.863120568566631,0.30744974986419643,C2681631,False,,,,,,,,
mm_0014155,Mistral-7B-Instruct-v0.1,0.0,0.9999998807907104,sapbert_full_len3,7,7,0,6,False,1,-0.0,-0.0,C2681631,True,,,,,,,,
mm_0014155,PubMedBERT,0.0,1.0,sapbert_full_len3,7,7,0,6,False,2,0.863120568566631,0.30744974986419643,C1423931,False,7.0,2.0,"{""UMLS:C1423931"": 5, ""UMLS:C1257990"": 2}",0.863120568566631,0.3074497498641964,0.0,UMLS:C1423931,0.0
mm_0014726,BERT-base,0.0,1.0,sapbert_full_len3,5,5,0,4,False,1,-0.0,-0.0,C1447749,True,5.0,1.0,"{""C1447749"": 5}",-0.0,-0.0,0.0,C1447749,0.0
mm_0014726,BioBERT,0.0,1.0,sapbert_full_len3,5,5,0,4,False,1,-0.0,-0.0,C1257990,True,5.0,1.0,"{""UMLS:C1257990"": 5}",-0.0,-0.0,0.0,UMLS:C1257990,0.0
mm_0014726,BioMistral-7B,1.0,0.9999998807907104,sapbert_full_len3,5,5,0,4,False,3,1.5219280948873621,0.6554587535412855,C0027051,False,,,,,,,,
mm_0014726,FLAN-T5-base,1.0,1.0,sapbert_full_len3,5,5,0,4,False,1,-0.0,-0.0,C0362046,True,,,,,,,,
mm_0014726,Llama3-OpenBioLLM-8B,1.0,1.0,sapbert_full_len3,5,5,0,4,False,3,1.5219280948873621,0.6554587535412855,C0362046,False,,,,,,,,
mm_0014726,Meta-Llama-3-8B-Instruct,0.0,0.9999998807907104,sapbert_full_len3,5,5,0,4,False,2,0.7219280948873623,0.31091750708257115,C0362046,False,,,,,,,,
mm_0014726,Mistral-7B-Instruct-v0.1,0.0,0.9999998807907104,sapbert_full_len3,5,5,0,4,False,1,-0.0,-0.0,C0027051,True,,,,,,,,
mm_0014726,PubMedBERT,0.0,1.0,sapbert_full_len3,5,5,0,4,False,1,-0.0,-0.0,C1839576,True,5.0,1.0,"{""C1839576"": 5}",-0.0,-0.0,0.0,C1839576,0.0
mm_0015627,BERT-base,0.0,1.0,sapbert_full_len3,7,7,0,6,False,3,1.5566567074628228,0.5544923070581674,C0242264,False,7.0,3.0,"{""C0242264"": 3, ""UMLS:C2347609"": 2, ""C3178916"": 2}",1.5566567074628228,0.5544923070581674,0.0,C0242264,1.0
mm_0015627,BioBERT,0.0,1.0,sapbert_full_len3,7,7,0,6,False,1,-0.0,-0.0,C1257990,True,7.0,1.0,"{""UMLS:C1257990"": 7}",-0.0,-0.0,0.0,UMLS:C1257990,0.0
mm_0015627,BioMistral-7B,1.0,1.0,sapbert_full_len3,7,7,0,6,False,1,-0.0,-0.0,C0441987,True,,,,,,,,
mm_0015627,FLAN-T5-base,1.0,1.0,sapbert_full_len3,7,7,0,6,False,1,-0.0,-0.0,C0441987,True,,,,,,,,
mm_0015627,Llama3-OpenBioLLM-8B,1.0,1.0,sapbert_full_len3,7,7,0,6,False,1,-0.0,-0.0,C0441987,True,,,,,,,,
mm_0015627,Meta-Llama-3-8B-Instruct,0.0,1.0,sapbert_full_len3,7,7,0,6,False,2,0.863120568566631,0.30744974986419643,C0441987,False,,,,,,,,
mm_0015627,Mistral-7B-Instruct-v0.1,1.0,0.7259145975112915,sapbert_full_len3,7,7,0,6,False,1,-0.0,-0.0,C0441987,True,,,,,,,,
mm_0015627,PubMedBERT,0.0,1.0,sapbert_full_len3,7,7,0,6,False,2,0.9852281360342515,0.35094534299644053,C1839576,False,7.0,2.0,"{""C1839576"": 4, ""UMLS:C1257990"": 3}",0.9852281360342516,0.3509453429964405,0.0,C1839576,0.0
mm_0015640,BERT-base,0.0,1.0,sapbert_full_len3,5,5,0,4,False,2,0.7219280948873623,0.31091750708257115,C1431519,False,5.0,2.0,"{""C1431519"": 4, ""UMLS:C1257990"": 1}",0.7219280948873623,0.3109175070825711,0.0,C1431519,0.0
mm_0015640,BioBERT,0.0,1.0,sapbert_full_len3,5,5,0,4,False,1,-0.0,-0.0,C1257990,True,5.0,1.0,"{""UMLS:C1257990"": 5}",-0.0,-0.0,0.0,UMLS:C1257990,0.0
mm_0015640,BioMistral-7B,0.0,1.0,sapbert_full_len3,5,5,0,4,False,1,-0.0,-0.0,C1623047,True,,,,,,,,
mm_0015640,FLAN-T5-base,0.0,1.0,sapbert_full_len3,5,5,0,4,False,2,0.7219280948873623,0.31091750708257115,C0584895,False,,,,,,,,
mm_0015640,Llama3-OpenBioLLM-8B,1.0,1.0,sapbert_full_len3,5,5,0,4,False,2,0.7219280948873623,0.31091750708257115,C0040300,False,,,,,,,,
mm_0015640,Meta-Llama-3-8B-Instruct,0.0,1.0,sapbert_full_len3,5,5,0,4,False,1,-0.0,-0.0,C1623047,True,,,,,,,,
mm_0015640,Mistral-7B-Instruct-v0.1,0.0,0.9999997615814208,sapbert_full_len3,5,5,0,4,False,1,-0.0,-0.0,C1623047,True,,,,,,,,
mm_0015640,PubMedBERT,0.0,1.0,sapbert_full_len3,5,5,0,4,False,1,-0.0,-0.0,C1257990,True,5.0,1.0,"{""UMLS:C1257990"": 5}",-0.0,-0.0,0.0,UMLS:C1257990,0.0
mm_0016164,BERT-base,0.0,1.0,sapbert_full_len3,8,8,0,7,False,2,0.5435644431995964,0.1811881477331988,C4042892,False,8.0,2.0,"{""C4042892"": 7, ""UMLS:C1283169"": 1}",0.5435644431995964,0.1811881477331988,0.0,C4042892,0.0
mm_0016164,BioBERT,0.0,1.0,sapbert_full_len3,8,8,0,7,False,1,-0.0,-0.0,C1707887,True,8.0,1.0,"{""UMLS:C1707887"": 8}",-0.0,-0.0,0.0,UMLS:C1707887,0.0
mm_0016164,BioMistral-7B,0.0,0.9999996423721312,sapbert_full_len3,8,8,0,7,False,3,1.061278124459133,0.353759374819711,C1328734,False,,,,,,,,
mm_0016164,FLAN-T5-base,0.0,0.9999996423721312,sapbert_full_len3,8,8,0,7,False,2,0.5435644431995964,0.1811881477331988,C1328734,False,,,,,,,,
mm_0016164,Llama3-OpenBioLLM-8B,0.0,0.9999996423721312,sapbert_full_len3,8,8,0,7,False,4,1.75,0.5833333333333334,C1328734,False,,,,,,,,
mm_0016164,Meta-Llama-3-8B-Instruct,0.0,0.9999999403953552,sapbert_full_len3,8,8,0,7,False,2,0.5435644431995964,0.1811881477331988,C1328734,False,,,,,,,,
mm_0016164,Mistral-7B-Instruct-v0.1,0.0,0.9999999403953552,sapbert_full_len3,8,8,0,7,False,2,0.5435644431995964,0.1811881477331988,C1328734,False,,,,,,,,
mm_0016164,PubMedBERT,0.0,1.0,sapbert_full_len3,8,8,0,7,False,1,-0.0,-0.0,C1447749,True,8.0,1.0,"{""C1447749"": 8}",-0.0,-0.0,0.0,C1447749,0.0
mm_0017862,BERT-base,0.0,1.0,sapbert_full_len3,9,9,0,8,False,2,0.7642045065086203,0.24107968048484052,C1257990,False,9.0,2.0,"{""UMLS:C1257990"": 7, ""UMLS:C0358514"": 2}",0.7642045065086203,0.2410796804848405,0.0,UMLS:C1257990,0.0
mm_0017862,BioBERT,0.0,1.0,sapbert_full_len3,9,9,0,8,False,1,-0.0,-0.0,C1257990,True,9.0,1.0,"{""UMLS:C1257990"": 9}",-0.0,-0.0,0.0,UMLS:C1257990,0.0
mm_0017862,BioMistral-7B,0.0,0.9238212704658508,sapbert_full_len3,9,9,0,8,False,2,0.7642045065086203,0.24107968048484052,C0014834,False,,,,,,,,
mm_0017862,FLAN-T5-base,0.0,0.8178113102912903,sapbert_full_len3,9,9,0,8,False,4,1.836591668108979,0.579380164285695,C4085054,False,,,,,,,,
mm_0017862,Llama3-OpenBioLLM-8B,0.0,1.0,sapbert_full_len3,9,9,0,8,False,5,2.2810361125534238,0.7195867761904635,C0007585,False,,,,,,,,
mm_0017862,Meta-Llama-3-8B-Instruct,0.0,1.0,sapbert_full_len3,9,9,0,8,False,4,1.836591668108979,0.579380164285695,C0024432,False,,,,,,,,
mm_0017862,Mistral-7B-Instruct-v0.1,0.0,0.8177731037139893,sapbert_full_len3,9,9,0,8,False,4,1.836591668108979,0.579380164285695,C0014834,False,,,,,,,,
mm_0017862,PubMedBERT,0.0,1.0,sapbert_full_len3,9,9,0,8,False,3,1.5304930567574824,0.48281680357141255,C1257990,False,9.0,3.0,"{""UMLS:C1824675"": 3, ""UMLS:C1257990"": 4, ""C1839576"": 2}",1.5304930567574824,0.4828168035714125,0.0,UMLS:C1257990,0.0
mm_0018144,BERT-base,0.0,1.0,sapbert_full_len3,7,7,0,6,False,1,-0.0,-0.0,C1447749,True,7.0,1.0,"{""C1447749"": 7}",-0.0,-0.0,0.0,C1447749,0.0
mm_0018144,BioBERT,0.0,1.0,sapbert_full_len3,7,7,0,6,False,2,0.863120568566631,0.30744974986419643,C1447749,False,7.0,2.0,"{""C1447749"": 5, ""C0753253"": 2}",0.863120568566631,0.3074497498641964,0.0,C1447749,0.0
mm_0018144,BioMistral-7B,1.0,1.0,sapbert_full_len3,7,7,0,6,False,2,0.863120568566631,0.30744974986419643,C0205102,False,,,,,,,,
mm_0018144,FLAN-T5-base,0.0,1.0000001192092896,sapbert_full_len3,7,3,4,6,False,1,-0.0,-0.0,C0870226,True,,,,,,,,
mm_0018144,Llama3-OpenBioLLM-8B,1.0,1.0,sapbert_full_len3,7,7,0,6,False,4,1.9502120649147465,0.6946795539074094,C0870226,False,,,,,,,,
mm_0018144,Meta-Llama-3-8B-Instruct,1.0,1.0,sapbert_full_len3,7,7,0,6,False,3,1.5566567074628228,0.5544923070581674,C0205102,False,,,,,,,,
mm_0018144,Mistral-7B-Instruct-v0.1,1.0,1.0,sapbert_full_len3,7,7,0,6,False,2,0.863120568566631,0.30744974986419643,C0205102,False,,,,,,,,
mm_0018144,PubMedBERT,0.0,1.0,sapbert_full_len3,7,7,0,6,False,2,0.863120568566631,0.30744974986419643,C1839576,False,7.0,2.0,"{""C1839576"": 5, ""C1447749"": 2}",0.863120568566631,0.3074497498641964,0.0,C1839576,0.0
mm_0018948,BERT-base,0.0,1.0,sapbert_full_len3,5,5,0,4,False,1,-0.0,-0.0,C1312419,True,5.0,1.0,"{""C1312419"": 5}",-0.0,-0.0,0.0,C1312419,0.0
mm_0018948,BioBERT,0.0,1.0,sapbert_full_len3,5,5,0,4,False,2,0.9709505944546686,0.4181656600790516,C0265267,False,5.0,2.0,"{""C0265267"": 3, ""C1312419"": 2}",0.9709505944546686,0.4181656600790516,0.0,C0265267,0.0
mm_0018948,BioMistral-7B,0.0,1.0,sapbert_full_len3,5,5,0,4,False,2,0.9709505944546686,0.4181656600790516,C0085455,False,,,,,,,,
mm_0018948,FLAN-T5-base,0.0,0.9999999403953552,sapbert_full_len3,5,5,0,4,False,1,-0.0,-0.0,C0007608,True,,,,,,,,
mm_0018948,Llama3-OpenBioLLM-8B,1.0,1.0,sapbert_full_len3,5,5,0,4,False,1,-0.0,-0.0,C0004611,True,,,,,,,,
mm_0018948,Meta-Llama-3-8B-Instruct,1.0,1.0,sapbert_full_len3,5,5,0,4,False,1,-0.0,-0.0,C0004611,True,,,,,,,,
mm_0018948,Mistral-7B-Instruct-v0.1,0.0,0.9999998211860656,sapbert_full_len3,5,5,0,4,False,2,0.9709505944546686,0.4181656600790516,C0085455,False,,,,,,,,
mm_0018948,PubMedBERT,0.0,1.0,sapbert_full_len3,5,5,0,4,False,1,-0.0,-0.0,C1447749,True,5.0,1.0,"{""C1447749"": 5}",-0.0,-0.0,0.0,C1447749,0.0
mm_0019627,BERT-base,0.0,1.0,sapbert_full_len3,6,6,0,5,False,1,-0.0,-0.0,C1447749,True,6.0,1.0,"{""C1447749"": 6}",-0.0,-0.0,0.0,C1447749,0.0
mm_0019627,BioBERT,0.0,1.0,sapbert_full_len3,6,6,0,5,False,1,-0.0,-0.0,C1447749,True,6.0,1.0,"{""C1447749"": 6}",-0.0,-0.0,0.0,C1447749,0.0
mm_0019627,BioMistral-7B,0.0,0.999999701976776,sapbert_full_len3,6,6,0,5,False,3,1.4591479170272446,0.5644754678724235,C2346926,False,,,,,,,,
mm_0019627,FLAN-T5-base,0.0,1.0,sapbert_full_len3,6,6,0,5,False,3,1.4591479170272446,0.5644754678724235,C2346926,False,,,,,,,,
mm_0019627,Llama3-OpenBioLLM-8B,0.0,0.9999998807907104,sapbert_full_len3,6,6,0,5,False,2,1.0,0.38685280723454163,C2346926,False,,,,,,,,
mm_0019627,Meta-Llama-3-8B-Instruct,0.0,0.999999701976776,sapbert_full_len3,6,6,0,5,False,2,0.9182958340544896,0.355245321275764,C0392209,False,,,,,,,,
mm_0019627,Mistral-7B-Instruct-v0.1,0.0,1.0,sapbert_full_len3,6,6,0,5,False,1,-0.0,-0.0,C3251814,True,,,,,,,,
mm_0019627,PubMedBERT,0.0,1.0,sapbert_full_len3,6,6,0,5,False,2,0.6500224216483541,0.25146299858006066,C1447749,False,6.0,2.0,"{""C1447749"": 5, ""C1839576"": 1}",0.6500224216483541,0.2514629985800606,0.0,C1447749,0.0
mm_0020635,BERT-base,0.0,1.0,sapbert_full_len3,7,7,0,6,False,2,0.863120568566631,0.30744974986419643,C0059563,False,7.0,2.0,"{""C0069676"": 2, ""C0059563"": 5}",0.863120568566631,0.3074497498641964,0.0,C0059563,0.0
mm_0020635,BioBERT,0.0,1.0,sapbert_full_len3,7,7,0,6,False,1,-0.0,-0.0,C0061751,True,7.0,1.0,"{""C0061751"": 7}",-0.0,-0.0,0.0,C0061751,0.0
mm_0020635,BioMistral-7B,0.0,1.0,sapbert_full_len3,7,7,0,6,False,1,-0.0,-0.0,C0885750,True,,,,,,,,
mm_0020635,FLAN-T5-base,0.0,1.0,sapbert_full_len3,7,7,0,6,False,1,-0.0,-0.0,C0885750,True,,,,,,,,
mm_0020635,Llama3-OpenBioLLM-8B,0.0,1.0,sapbert_full_len3,7,7,0,6,False,2,0.5916727785823275,0.21075809614719848,C0520481,False,,,,,,,,
mm_0020635,Meta-Llama-3-8B-Instruct,0.0,1.0,sapbert_full_len3,7,7,0,6,False,2,0.5916727785823275,0.21075809614719848,C0520481,False,,,,,,,,
mm_0020635,Mistral-7B-Instruct-v0.1,0.0,1.0,sapbert_full_len3,7,7,0,6,False,1,-0.0,-0.0,C0885750,True,,,,,,,,
mm_0020635,PubMedBERT,0.0,1.0,sapbert_full_len3,7,7,0,6,False,1,-0.0,-0.0,C0018966,True,7.0,1.0,"{""C0018966"": 7}",-0.0,-0.0,0.0,C0018966,0.0
mm_0020797,BERT-base,0.0,1.0,sapbert_full_len3,7,7,0,6,False,1,-0.0,-0.0,C1257990,True,7.0,1.0,"{""UMLS:C1257990"": 7}",-0.0,-0.0,0.0,UMLS:C1257990,0.0
mm_0020797,BioBERT,0.0,1.0,sapbert_full_len3,7,7,0,6,False,1,-0.0,-0.0,C1868801,True,7.0,1.0,"{""C1868801"": 7}",-0.0,-0.0,0.0,C1868801,0.0
mm_0020797,BioMistral-7B,0.0,0.8359639644622803,sapbert_full_len3,7,7,0,6,False,2,0.863120568566631,0.30744974986419643,C1955905,False,,,,,,,,
mm_0020797,FLAN-T5-base,0.0,0.836020827293396,sapbert_full_len3,7,7,0,6,False,1,-0.0,-0.0,C1955905,True,,,,,,,,
mm_0020797,Llama3-OpenBioLLM-8B,0.0,0.9758689403533936,sapbert_full_len3,7,7,0,6,False,3,1.4488156357251847,0.516078542239789,C0436307,False,,,,,,,,
mm_0020797,Meta-Llama-3-8B-Instruct,0.0,0.9050313234329224,sapbert_full_len3,7,7,0,6,False,1,-0.0,-0.0,C0436307,True,,,,,,,,
mm_0020797,Mistral-7B-Instruct-v0.1,0.0,1.0,sapbert_full_len3,7,7,0,6,False,4,1.8423709931771084,0.6562657890890309,C0013216,False,,,,,,,,
mm_0020797,PubMedBERT,0.0,1.0,sapbert_full_len3,7,7,0,6,False,1,-0.0,-0.0,C1839576,True,7.0,1.0,"{""C1839576"": 7}",-0.0,-0.0,0.0,C1839576,0.0
mm_0021148,BERT-base,0.0,1.0,sapbert_full_len3,4,4,0,3,False,1,-0.0,-0.0,C1447749,True,4.0,1.0,"{""C1447749"": 4}",-0.0,-0.0,0.0,C1447749,0.0
mm_0021148,BioBERT,0.0,1.0,sapbert_full_len3,4,4,0,3,False,1,-0.0,-0.0,C1839576,True,4.0,1.0,"{""C1839576"": 4}",-0.0,-0.0,0.0,C1839576,0.0
mm_0021148,BioMistral-7B,0.0,1.0,sapbert_full_len3,4,4,0,3,False,2,0.8112781244591328,0.4056390622295664,C0947630,False,,,,,,,,
mm_0021148,FLAN-T5-base,0.0,1.0,sapbert_full_len3,4,4,0,3,False,1,-0.0,-0.0,C0035309,True,,,,,,,,
mm_0021148,Llama3-OpenBioLLM-8B,0.0,1.0,sapbert_full_len3,4,4,0,3,False,2,0.8112781244591328,0.4056390622295664,C0947630,False,,,,,,,,
mm_0021148,Meta-Llama-3-8B-Instruct,0.0,1.0,sapbert_full_len3,4,4,0,3,False,1,-0.0,-0.0,C0035309,True,,,,,,,,
mm_0021148,Mistral-7B-Instruct-v0.1,0.0,0.9999998807907104,sapbert_full_len3,4,4,0,3,False,1,-0.0,-0.0,C0035309,True,,,,,,,,
mm_0021148,PubMedBERT,0.0,1.0,sapbert_full_len3,4,4,0,3,False,1,-0.0,-0.0,C1839576,True,4.0,1.0,"{""C1839576"": 4}",-0.0,-0.0,0.0,C1839576,0.0
mm_0021420,BERT-base,0.0,1.0,sapbert_full_len3,7,7,0,6,False,2,0.863120568566631,0.30744974986419643,C1447749,False,7.0,2.0,"{""C1447749"": 5, ""C1739108"": 2}",0.863120568566631,0.3074497498641964,0.0,C1447749,0.0
mm_0021420,BioBERT,1.0,1.0,sapbert_full_len3,7,7,0,6,False,1,-0.0,-0.0,C1861172,True,7.0,1.0,"{""C1861172"": 7}",-0.0,-0.0,0.0,C1861172,0.0
mm_0021420,BioMistral-7B,0.0,0.9458507299423218,sapbert_full_len3,7,7,0,6,False,1,-0.0,-0.0,C2674164,True,,,,,,,,
mm_0021420,FLAN-T5-base,0.0,0.9458507299423218,sapbert_full_len3,7,7,0,6,False,3,1.3787834934861753,0.49113258984568253,C2674164,False,,,,,,,,
mm_0021420,Llama3-OpenBioLLM-8B,0.0,0.8545993566513062,sapbert_full_len3,7,7,0,6,False,3,1.5566567074628228,0.5544923070581674,C0683954,False,,,,,,,,
mm_0021420,Meta-Llama-3-8B-Instruct,0.0,0.9999999403953552,sapbert_full_len3,7,7,0,6,False,1,-0.0,-0.0,C0877248,True,,,,,,,,
mm_0021420,Mistral-7B-Instruct-v0.1,0.0,0.8463401794433594,sapbert_full_len3,7,7,0,6,False,4,1.8423709931771088,0.656265789089031,C0683954,False,,,,,,,,
mm_0021420,PubMedBERT,0.0,1.0,sapbert_full_len3,7,7,0,6,False,1,-0.0,-0.0,C0015131,True,7.0,1.0,"{""C0015131"": 7}",-0.0,-0.0,0.0,C0015131,0.0
mm_0021524,BERT-base,0.0,1.0,sapbert_full_len3,6,6,0,5,False,1,-0.0,-0.0,C1257990,True,6.0,1.0,"{""UMLS:C1257990"": 6}",-0.0,-0.0,0.0,UMLS:C1257990,0.0
mm_0021524,BioBERT,0.0,1.0,sapbert_full_len3,6,6,0,5,False,2,0.9182958340544896,0.355245321275764,C1257990,False,6.0,2.0,"{""UMLS:C1257990"": 4, ""UMLS:C1707887"": 2}",0.9182958340544896,0.355245321275764,0.0,UMLS:C1257990,0.0
mm_0021524,BioMistral-7B,0.0,0.9999999403953552,sapbert_full_len3,6,6,0,5,False,2,0.9182958340544896,0.355245321275764,C1416786,False,,,,,,,,
mm_0021524,FLAN-T5-base,0.0,1.0,sapbert_full_len3,6,6,0,5,False,1,-0.0,-0.0,C1416786,True,,,,,,,,
mm_0021524,Llama3-OpenBioLLM-8B,0.0,0.9999997615814208,sapbert_full_len3,6,6,0,5,False,2,0.9182958340544896,0.355245321275764,C0078939,False,,,,,,,,
mm_0021524,Meta-Llama-3-8B-Instruct,0.0,1.0,sapbert_full_len3,6,6,0,5,False,2,0.9182958340544896,0.355245321275764,C0002395,False,,,,,,,,
mm_0021524,Mistral-7B-Instruct-v0.1,0.0,0.9947022795677184,sapbert_full_len3,6,6,0,5,False,1,-0.0,-0.0,C0002395,True,,,,,,,,
mm_0021524,PubMedBERT,0.0,1.0,sapbert_full_len3,6,6,0,5,False,2,0.9182958340544896,0.355245321275764,C1447749,False,6.0,2.0,"{""C1447749"": 4, ""C1839576"": 2}",0.9182958340544896,0.355245321275764,0.0,C1447749,0.0
mm_0022106,BERT-base,0.0,1.0,sapbert_full_len3,5,5,0,4,False,1,-0.0,-0.0,C1257990,True,5.0,1.0,"{""UMLS:C1257990"": 5}",-0.0,-0.0,0.0,UMLS:C1257990,0.0
mm_0022106,BioBERT,0.0,1.0,sapbert_full_len3,5,5,0,4,False,1,-0.0,-0.0,C0075128,True,5.0,1.0,"{""C0075128"": 5}",-0.0,-0.0,0.0,C0075128,0.0
mm_0022106,BioMistral-7B,0.0,0.9999999403953552,sapbert_full_len3,5,5,0,4,False,3,1.3709505944546687,0.5904362833084089,C1539082,False,,,,,,,,
mm_0022106,FLAN-T5-base,0.0,1.0,sapbert_full_len3,5,5,0,4,False,2,0.9709505944546686,0.4181656600790516,C1539082,False,,,,,,,,
mm_0022106,Llama3-OpenBioLLM-8B,0.0,1.0,sapbert_full_len3,5,5,0,4,False,2,0.7219280948873623,0.31091750708257115,C1539082,False,,,,,,,,
mm_0022106,Meta-Llama-3-8B-Instruct,0.0,1.0,sapbert_full_len3,5,5,0,4,False,1,-0.0,-0.0,C1539082,True,,,,,,,,
mm_0022106,Mistral-7B-Instruct-v0.1,0.0,0.9999999403953552,sapbert_full_len3,5,5,0,4,False,1,-0.0,-0.0,C0021027,True,,,,,,,,
mm_0022106,PubMedBERT,0.0,1.0,sapbert_full_len3,5,5,0,4,False,1,-0.0,-0.0,C1431322,True,5.0,1.0,"{""C1431322"": 5}",-0.0,-0.0,0.0,C1431322,0.0
mm_0023569,BERT-base,0.0,1.0,sapbert_full_len3,5,5,0,4,False,3,1.3709505944546687,0.5904362833084089,C0524984,False,5.0,3.0,"{""C0030013"": 1, ""C0524984"": 3, ""C1312419"": 1}",1.3709505944546687,0.5904362833084089,0.0,C0524984,1.0
mm_0023569,BioBERT,0.0,1.0,sapbert_full_len3,5,5,0,4,False,1,-0.0,-0.0,C1447749,True,5.0,1.0,"{""C1447749"": 5}",-0.0,-0.0,0.0,C1447749,0.0
mm_0023569,BioMistral-7B,0.0,0.9999999403953552,sapbert_full_len3,5,5,0,4,False,2,0.9709505944546686,0.4181656600790516,C0020196,False,,,,,,,,
mm_0023569,FLAN-T5-base,0.0,1.0,sapbert_full_len3,5,5,0,4,False,2,0.9709505944546686,0.4181656600790516,C0020196,False,,,,,,,,
mm_0023569,Llama3-OpenBioLLM-8B,1.0,1.0,sapbert_full_len3,5,5,0,4,False,2,0.7219280948873623,0.31091750708257115,C0020196,False,,,,,,,,
mm_0023569,Meta-Llama-3-8B-Instruct,0.0,1.0000001192092896,sapbert_full_len3,5,5,0,4,False,2,0.9709505944546686,0.4181656600790516,C1156920,False,,,,,,,,
mm_0023569,Mistral-7B-Instruct-v0.1,0.0,1.0,sapbert_full_len3,5,5,0,4,False,2,0.9709505944546686,0.4181656600790516,C0020196,False,,,,,,,,
mm_0023569,PubMedBERT,0.0,1.0,sapbert_full_len3,5,5,0,4,False,1,-0.0,-0.0,C1447749,True,5.0,1.0,"{""C1447749"": 5}",-0.0,-0.0,0.0,C1447749,0.0
mm_0023586,BERT-base,0.0,1.0,sapbert_full_len3,5,5,0,4,False,1,-0.0,-0.0,C1257990,True,5.0,1.0,"{""UMLS:C1257990"": 5}",-0.0,-0.0,0.0,UMLS:C1257990,0.0
mm_0023586,BioBERT,0.0,1.0,sapbert_full_len3,5,5,0,4,False,2,0.7219280948873623,0.31091750708257115,C0265267,False,5.0,2.0,"{""C0265267"": 4, ""C1312419"": 1}",0.7219280948873623,0.3109175070825711,0.0,C0265267,0.0
mm_0023586,BioMistral-7B,1.0,1.0,sapbert_full_len3,5,5,0,4,False,1,-0.0,-0.0,C1522225,True,,,,,,,,
mm_0023586,FLAN-T5-base,0.0,1.0000001192092896,sapbert_full_len3,5,5,0,4,False,1,-0.0,-0.0,C0205161,True,,,,,,,,
mm_0023586,Llama3-OpenBioLLM-8B,0.0,0.9999997615814208,sapbert_full_len3,5,5,0,4,False,2,0.7219280948873623,0.31091750708257115,C0221145,False,,,,,,,,
mm_0023586,Meta-Llama-3-8B-Instruct,1.0,1.0,sapbert_full_len3,5,5,0,4,False,2,0.9709505944546686,0.4181656600790516,C1522225,False,,,,,,,,
mm_0023586,Mistral-7B-Instruct-v0.1,0.0,0.999999701976776,sapbert_full_len3,5,5,0,4,False,1,-0.0,-0.0,C0221145,True,,,,,,,,
mm_0023586,PubMedBERT,0.0,1.0,sapbert_full_len3,5,5,0,4,False,1,-0.0,-0.0,C1447749,True,5.0,1.0,"{""C1447749"": 5}",-0.0,-0.0,0.0,C1447749,0.0
mm_0024549,BERT-base,0.0,1.0,sapbert_full_len3,6,6,0,5,False,1,-0.0,-0.0,C1257990,True,6.0,1.0,"{""UMLS:C1257990"": 6}",-0.0,-0.0,0.0,UMLS:C1257990,0.0
mm_0024549,BioBERT,0.0,1.0,sapbert_full_len3,6,6,0,5,False,1,-0.0,-0.0,C1257990,True,6.0,1.0,"{""UMLS:C1257990"": 6}",-0.0,-0.0,0.0,UMLS:C1257990,0.0
mm_0024549,BioMistral-7B,0.0,0.9999995231628418,sapbert_full_len3,6,6,0,5,False,2,0.9182958340544896,0.355245321275764,C0376358,False,,,,,,,,
mm_0024549,FLAN-T5-base,0.0,1.0,sapbert_full_len3,6,6,0,5,False,2,0.9182958340544896,0.355245321275764,C3898221,False,,,,,,,,
mm_0024549,Llama3-OpenBioLLM-8B,0.0,0.9999998211860656,sapbert_full_len3,6,6,0,5,False,2,0.9182958340544896,0.355245321275764,C3898221,False,,,,,,,,
mm_0024549,Meta-Llama-3-8B-Instruct,0.0,0.9999999403953552,sapbert_full_len3,6,6,0,5,False,3,1.4591479170272446,0.5644754678724235,C3898221,False,,,,,,,,
mm_0024549,Mistral-7B-Instruct-v0.1,0.0,0.9999995231628418,sapbert_full_len3,6,6,0,5,False,2,0.9182958340544896,0.355245321275764,C0376358,False,,,,,,,,
mm_0024549,PubMedBERT,0.0,1.0,sapbert_full_len3,6,6,0,5,False,1,-0.0,-0.0,C1839576,True,6.0,1.0,"{""C1839576"": 6}",-0.0,-0.0,0.0,C1839576,0.0
mm_0024701,BERT-base,0.0,1.0,sapbert_full_len3,7,7,0,6,False,1,-0.0,-0.0,C1257990,True,7.0,1.0,"{""UMLS:C1257990"": 7}",-0.0,-0.0,0.0,UMLS:C1257990,0.0
mm_0024701,BioBERT,0.0,1.0,sapbert_full_len3,7,7,0,6,False,1,-0.0,-0.0,C1257990,True,7.0,1.0,"{""UMLS:C1257990"": 7}",-0.0,-0.0,0.0,UMLS:C1257990,0.0
mm_0024701,BioMistral-7B,0.0,1.0,sapbert_full_len3,7,7,0,6,False,2,0.863120568566631,0.30744974986419643,C0623362,False,,,,,,,,
mm_0024701,FLAN-T5-base,0.0,0.9999998807907104,sapbert_full_len3,7,7,0,6,False,2,0.5916727785823275,0.21075809614719848,C1514474,False,,,,,,,,
mm_0024701,Llama3-OpenBioLLM-8B,1.0,0.9999999403953552,sapbert_full_len3,7,7,0,6,False,1,-0.0,-0.0,C1514474,True,,,,,,,,
mm_0024701,Meta-Llama-3-8B-Instruct,1.0,1.0,sapbert_full_len3,7,7,0,6,False,1,-0.0,-0.0,C1514474,True,,,,,,,,
mm_0024701,Mistral-7B-Instruct-v0.1,0.0,0.9999999403953552,sapbert_full_len3,7,7,0,6,False,1,-0.0,-0.0,C0025202,True,,,,,,,,
mm_0024701,PubMedBERT,0.0,1.0,sapbert_full_len3,7,7,0,6,False,2,0.9852281360342515,0.35094534299644053,C1257990,False,7.0,2.0,"{""C1839576"": 3, ""UMLS:C1257990"": 4}",0.9852281360342516,0.3509453429964405,0.0,UMLS:C1257990,0.0
mm_0024729,BERT-base,0.0,1.0,sapbert_full_len3,4,4,0,3,False,3,1.5,0.75,C0030201,False,4.0,3.0,"{""UMLS:C0444254"": 1, ""UMLS:C0242193"": 1, ""C0030201"": 2}",1.5,0.75,0.0,C0030201,1.0
mm_0024729,BioBERT,0.0,1.0,sapbert_full_len3,4,4,0,3,False,1,-0.0,-0.0,C1707887,True,4.0,1.0,"{""UMLS:C1707887"": 4}",-0.0,-0.0,0.0,UMLS:C1707887,0.0
mm_0024729,BioMistral-7B,0.0,0.9999997615814208,sapbert_full_len3,4,4,0,3,False,1,-0.0,-0.0,C0030201,True,,,,,,,,
mm_0024729,FLAN-T5-base,0.0,0.9999998807907104,sapbert_full_len3,4,4,0,3,False,1,-0.0,-0.0,C0030193,True,,,,,,,,
mm_0024729,Llama3-OpenBioLLM-8B,0.0,0.9999997615814208,sapbert_full_len3,4,4,0,3,False,1,-0.0,-0.0,C0030198,True,,,,,,,,
mm_0024729,Meta-Llama-3-8B-Instruct,0.0,1.0,sapbert_full_len3,4,4,0,3,False,2,1.0,0.5,C0030201,False,,,,,,,,
mm_0024729,Mistral-7B-Instruct-v0.1,0.0,1.0,sapbert_full_len3,4,4,0,3,False,2,1.0,0.5,C0002766,False,,,,,,,,
mm_0024729,PubMedBERT,0.0,1.0,sapbert_full_len3,4,4,0,3,False,1,-0.0,-0.0,C1839576,True,4.0,1.0,"{""C1839576"": 4}",-0.0,-0.0,0.0,C1839576,0.0
mm_0024960,BERT-base,0.0,1.0,sapbert_full_len3,5,5,0,4,False,2,0.9709505944546686,0.4181656600790516,C0017263,False,5.0,2.0,"{""C0017263"": 3, ""C1512167"": 2}",0.9709505944546686,0.4181656600790516,0.0,C0017263,0.0
mm_0024960,BioBERT,0.0,1.0,sapbert_full_len3,5,5,0,4,False,1,-0.0,-0.0,C1447749,True,5.0,1.0,"{""C1447749"": 5}",-0.0,-0.0,0.0,C1447749,0.0
mm_0024960,BioMistral-7B,1.0,0.9999998211860656,sapbert_full_len3,5,5,0,4,False,1,-0.0,-0.0,C0598783,True,,,,,,,,
mm_0024960,FLAN-T5-base,1.0,1.0,sapbert_full_len3,5,5,0,4,False,1,-0.0,-0.0,C0598783,True,,,,,,,,
mm_0024960,Llama3-OpenBioLLM-8B,1.0,1.0,sapbert_full_len3,5,5,0,4,False,1,-0.0,-0.0,C0598783,True,,,,,,,,
mm_0024960,Meta-Llama-3-8B-Instruct,1.0,0.9999998211860656,sapbert_full_len3,5,5,0,4,False,1,-0.0,-0.0,C0598783,True,,,,,,,,
mm_0024960,Mistral-7B-Instruct-v0.1,1.0,0.9999998211860656,sapbert_full_len3,5,5,0,4,False,2,0.9709505944546686,0.4181656600790516,C0598783,False,,,,,,,,
mm_0024960,PubMedBERT,0.0,1.0,sapbert_full_len3,5,5,0,4,False,2,0.9709505944546686,0.4181656600790516,C1839576,False,5.0,2.0,"{""C1839576"": 3, ""C1447749"": 2}",0.9709505944546686,0.4181656600790516,0.0,C1839576,0.0
mm_0025176,BERT-base,0.0,1.0,sapbert_full_len3,9,9,0,8,False,2,0.9910760598382222,0.3126496871021503,C0242193,False,9.0,2.0,"{""UMLS:C1707887"": 4, ""UMLS:C0242193"": 5}",0.9910760598382222,0.3126496871021503,0.0,UMLS:C0242193,0.0
mm_0025176,BioBERT,0.0,1.0,sapbert_full_len3,9,9,0,8,False,2,0.9910760598382222,0.3126496871021503,C1707887,False,9.0,2.0,"{""C1447749"": 4, ""UMLS:C1707887"": 5}",0.9910760598382222,0.3126496871021503,0.0,UMLS:C1707887,0.0
mm_0025176,BioMistral-7B,0.0,0.9174579977989196,sapbert_full_len3,9,9,0,8,False,4,1.836591668108979,0.579380164285695,C0183512,False,,,,,,,,
mm_0025176,FLAN-T5-base,0.0,0.9174579977989196,sapbert_full_len3,9,9,0,8,False,1,-0.0,-0.0,C0183512,True,,,,,,,,
mm_0025176,Llama3-OpenBioLLM-8B,0.0,0.7726860642433167,sapbert_full_len3,9,9,0,8,False,2,0.7642045065086203,0.24107968048484052,C0488641,False,,,,,,,,
mm_0025176,Meta-Llama-3-8B-Instruct,0.0,0.956444501876831,sapbert_full_len3,9,9,0,8,False,3,1.224394445405986,0.3862534428571301,C0851194,False,,,,,,,,
mm_0025176,Mistral-7B-Instruct-v0.1,0.0,0.9173747301101683,sapbert_full_len3,9,9,0,8,False,3,1.224394445405986,0.3862534428571301,C0183512,False,,,,,,,,
mm_0025176,PubMedBERT,0.0,1.0,sapbert_full_len3,9,9,0,8,False,1,-0.0,-0.0,C1447749,True,9.0,1.0,"{""C1447749"": 9}",-0.0,-0.0,0.0,C1447749,0.0
mm_0025371,BERT-base,0.0,1.0,sapbert_full_len3,7,7,0,6,False,1,-0.0,-0.0,C0034698,True,7.0,1.0,"{""C0034698"": 7}",-0.0,-0.0,0.0,C0034698,0.0
mm_0025371,BioBERT,0.0,1.0,sapbert_full_len3,7,7,0,6,False,2,0.863120568566631,0.30744974986419643,C1257990,False,7.0,2.0,"{""UMLS:C1257990"": 5, ""UMLS:C1707887"": 2}",0.863120568566631,0.3074497498641964,0.0,UMLS:C1257990,0.0
mm_0025371,BioMistral-7B,0.0,0.9999998211860656,sapbert_full_len3,7,7,0,6,False,3,1.5566567074628228,0.5544923070581674,C1260875,False,,,,,,,,
mm_0025371,FLAN-T5-base,0.0,0.9999998807907104,sapbert_full_len3,7,7,0,6,False,2,0.5916727785823275,0.21075809614719848,C0086582,False,,,,,,,,
mm_0025371,Llama3-OpenBioLLM-8B,0.0,0.999999701976776,sapbert_full_len3,7,7,0,6,False,3,1.3787834934861753,0.49113258984568253,C1565556,False,,,,,,,,
mm_0025371,Meta-Llama-3-8B-Instruct,1.0,1.0,sapbert_full_len3,7,7,0,6,False,2,0.9852281360342515,0.35094534299644053,C1257890,False,,,,,,,,
mm_0025371,Mistral-7B-Instruct-v0.1,1.0,1.0,sapbert_full_len3,7,7,0,6,False,4,1.8423709931771088,0.656265789089031,C1257890,False,,,,,,,,
mm_0025371,PubMedBERT,0.0,1.0,sapbert_full_len3,7,7,0,6,False,2,0.863120568566631,0.30744974986419643,C1447749,False,7.0,2.0,"{""C1839576"": 2, ""C1447749"": 5}",0.863120568566631,0.3074497498641964,0.0,C1447749,0.0
mm_0026424,BERT-base,0.0,1.0,sapbert_full_len3,7,7,0,6,False,1,-0.0,-0.0,C1257990,True,7.0,1.0,"{""UMLS:C1257990"": 7}",-0.0,-0.0,0.0,UMLS:C1257990,0.0
mm_0026424,BioBERT,0.0,1.0,sapbert_full_len3,7,7,0,6,False,1,-0.0,-0.0,C1257990,True,7.0,1.0,"{""UMLS:C1257990"": 7}",-0.0,-0.0,0.0,UMLS:C1257990,0.0
mm_0026424,BioMistral-7B,0.0,1.0,sapbert_full_len3,7,7,0,6,False,1,-0.0,-0.0,C0997448,True,,,,,,,,
mm_0026424,FLAN-T5-base,0.0,0.8959258794784546,sapbert_full_len3,7,7,0,6,False,3,1.1488348542809166,0.4092232318950598,C1417685,False,,,,,,,,
mm_0026424,Llama3-OpenBioLLM-8B,0.0,1.0,sapbert_full_len3,7,7,0,6,False,2,0.863120568566631,0.30744974986419643,C0997448,False,,,,,,,,
mm_0026424,Meta-Llama-3-8B-Instruct,0.0,0.8676401376724243,sapbert_full_len3,7,7,0,6,False,2,0.863120568566631,0.30744974986419643,C2262744,False,,,,,,,,
mm_0026424,Mistral-7B-Instruct-v0.1,0.0,0.9999998211860656,sapbert_full_len3,7,7,0,6,False,1,-0.0,-0.0,C0997448,True,,,,,,,,
mm_0026424,PubMedBERT,0.0,1.0,sapbert_full_len3,7,7,0,6,False,1,-0.0,-0.0,C1447749,True,7.0,1.0,"{""C1447749"": 7}",-0.0,-0.0,0.0,C1447749,0.0
mm_0027509,BERT-base,0.0,1.0,sapbert_full_len3,6,6,0,5,False,1,-0.0,-0.0,C1257990,True,6.0,1.0,"{""UMLS:C1257990"": 6}",-0.0,-0.0,0.0,UMLS:C1257990,0.0
mm_0027509,BioBERT,0.0,1.0,sapbert_full_len3,6,6,0,5,False,2,0.9182958340544896,0.355245321275764,C1312419,False,6.0,2.0,"{""C1312419"": 4, ""C1447749"": 2}",0.9182958340544896,0.355245321275764,0.0,C1312419,0.0
mm_0027509,BioMistral-7B,0.0,1.0,sapbert_full_len3,6,6,0,5,False,2,0.9182958340544896,0.355245321275764,C1335304,False,,,,,,,,
mm_0027509,FLAN-T5-base,0.0,1.0,sapbert_full_len3,6,6,0,5,False,1,-0.0,-0.0,C0242656,True,,,,,,,,
mm_0027509,Llama3-OpenBioLLM-8B,0.0,1.0,sapbert_full_len3,6,6,0,5,False,3,1.584962500721156,0.6131471927654584,C0026882,False,,,,,,,,
mm_0027509,Meta-Llama-3-8B-Instruct,0.0,1.0,sapbert_full_len3,6,6,0,5,False,1,-0.0,-0.0,C0728940,True,,,,,,,,
mm_0027509,Mistral-7B-Instruct-v0.1,0.0,1.0,sapbert_full_len3,6,6,0,5,False,2,0.9182958340544896,0.355245321275764,C0728940,False,,,,,,,,
mm_0027509,PubMedBERT,0.0,1.0,sapbert_full_len3,6,6,0,5,False,2,0.9182958340544896,0.355245321275764,C1839576,False,6.0,2.0,"{""C1839576"": 4, ""C1447749"": 2}",0.9182958340544896,0.355245321275764,0.0,C1839576,0.0
mm_0027520,BERT-base,0.0,1.0,sapbert_full_len3,9,9,0,8,False,1,-0.0,-0.0,C1257990,True,9.0,1.0,"{""UMLS:C1257990"": 9}",-0.0,-0.0,0.0,UMLS:C1257990,0.0
mm_0027520,BioBERT,0.0,1.0,sapbert_full_len3,9,9,0,8,False,2,0.9910760598382222,0.3126496871021503,C0034885,False,9.0,2.0,"{""C0034885"": 5, ""UMLS:C1257990"": 4}",0.9910760598382222,0.3126496871021503,0.0,C0034885,0.0
mm_0027520,BioMistral-7B,0.0,0.9999998211860656,sapbert_full_len3,9,9,0,8,False,1,-0.0,-0.0,C1335304,True,,,,,,,,
mm_0027520,FLAN-T5-base,0.0,1.0,sapbert_full_len3,9,9,0,8,False,1,-0.0,-0.0,C1335304,True,,,,,,,,
mm_0027520,Llama3-OpenBioLLM-8B,1.0,1.0,sapbert_full_len3,9,9,0,8,False,2,0.5032583347756457,0.1587603285713901,C0205276,False,,,,,,,,
mm_0027520,Meta-Llama-3-8B-Instruct,1.0,1.0,sapbert_full_len3,9,9,0,8,False,2,0.5032583347756457,0.1587603285713901,C0205276,False,,,,,,,,
mm_0027520,Mistral-7B-Instruct-v0.1,1.0,1.0,sapbert_full_len3,9,9,0,8,False,2,0.7642045065086203,0.24107968048484052,C0205276,False,,,,,,,,
mm_0027520,PubMedBERT,0.0,1.0,sapbert_full_len3,9,9,0,8,False,1,-0.0,-0.0,C1839576,True,9.0,1.0,"{""C1839576"": 9}",-0.0,-0.0,0.0,C1839576,0.0
mm_0028097,BERT-base,0.0,1.0,sapbert_full_len3,5,5,0,4,False,1,-0.0,-0.0,C1134421,True,5.0,1.0,"{""C1134421"": 5}",-0.0,-0.0,0.0,C1134421,0.0
mm_0028097,BioBERT,0.0,1.0,sapbert_full_len3,5,5,0,4,False,3,1.5219280948873621,0.6554587535412855,C1015514,False,5.0,3.0,"{""C0265267"": 1, ""UMLS:C1015514"": 2, ""C0006121"": 2}",1.521928094887362,0.6554587535412855,0.0,UMLS:C1015514,1.0
mm_0028097,BioMistral-7B,1.0,0.9999998807907104,sapbert_full_len3,5,5,0,4,False,2,0.9709505944546686,0.4181656600790516,C0034120,False,,,,,,,,
mm_0028097,FLAN-T5-base,0.0,1.0000001192092896,sapbert_full_len3,5,5,0,4,False,2,0.9709505944546686,0.4181656600790516,C0037949,False,,,,,,,,
mm_0028097,Llama3-OpenBioLLM-8B,0.0,0.9999998807907104,sapbert_full_len3,5,5,0,4,False,2,0.9709505944546686,0.4181656600790516,C0019310,False,,,,,,,,
mm_0028097,Meta-Llama-3-8B-Instruct,0.0,1.0,sapbert_full_len3,5,5,0,4,False,3,1.5219280948873621,0.6554587535412855,C0036262,False,,,,,,,,
mm_0028097,Mistral-7B-Instruct-v0.1,1.0,0.9999998807907104,sapbert_full_len3,5,5,0,4,False,2,0.9709505944546686,0.4181656600790516,C0034120,False,,,,,,,,
mm_0028097,PubMedBERT,0.0,1.0,sapbert_full_len3,5,5,0,4,False,1,-0.0,-0.0,C0242724,True,5.0,1.0,"{""UMLS:C0242724"": 5}",-0.0,-0.0,0.0,UMLS:C0242724,0.0
mm_0028311,BERT-base,0.0,1.0,sapbert_full_len3,5,5,0,4,False,2,0.9709505944546686,0.4181656600790516,C1136156,False,5.0,2.0,"{""C1136156"": 3, ""UMLS:C1283169"": 2}",0.9709505944546686,0.4181656600790516,0.0,C1136156,0.0
mm_0028311,BioBERT,0.0,1.0,sapbert_full_len3,5,5,0,4,False,1,-0.0,-0.0,C1707887,True,5.0,1.0,"{""UMLS:C1707887"": 5}",-0.0,-0.0,0.0,UMLS:C1707887,0.0
mm_0028311,BioMistral-7B,0.0,0.882599949836731,sapbert_full_len3,5,5,0,4,False,1,-0.0,-0.0,C1428063,True,,,,,,,,
mm_0028311,FLAN-T5-base,0.0,0.8032905459403992,sapbert_full_len3,5,5,0,4,False,1,-0.0,-0.0,C5394137,True,,,,,,,,
mm_0028311,Llama3-OpenBioLLM-8B,0.0,0.8634740710258484,sapbert_full_len3,5,5,0,4,False,2,0.9709505944546686,0.4181656600790516,C0599518,False,,,,,,,,
mm_0028311,Meta-Llama-3-8B-Instruct,1.0,0.8803178071975708,sapbert_full_len3,5,5,0,4,False,2,0.7219280948873623,0.31091750708257115,C0018739,False,,,,,,,,
mm_0028311,Mistral-7B-Instruct-v0.1,1.0,0.8954521417617798,sapbert_full_len3,5,5,0,4,False,1,-0.0,-0.0,C0018739,True,,,,,,,,
mm_0028311,PubMedBERT,0.0,1.0,sapbert_full_len3,5,5,0,4,False,2,0.7219280948873623,0.31091750708257115,C0035363,False,5.0,2.0,"{""UMLS:C0035363"": 4, ""UMLS:C1707887"": 1}",0.7219280948873623,0.3109175070825711,0.0,UMLS:C0035363,0.0
mm_0028386,BERT-base,0.0,1.0,sapbert_full_len3,7,7,0,6,False,1,-0.0,-0.0,C1257965,True,7.0,1.0,"{""C1257965"": 7}",-0.0,-0.0,0.0,C1257965,0.0
mm_0028386,BioBERT,0.0,1.0,sapbert_full_len3,7,7,0,6,False,2,0.9852281360342515,0.35094534299644053,C0032914,False,7.0,2.0,"{""C3888018"": 3, ""C0032914"": 4}",0.9852281360342516,0.3509453429964405,0.0,C0032914,0.0
mm_0028386,BioMistral-7B,1.0,0.9999998807907104,sapbert_full_len3,7,7,0,6,False,1,-0.0,-0.0,C0020459,True,,,,,,,,
mm_0028386,FLAN-T5-base,0.0,1.0,sapbert_full_len3,7,7,0,6,False,2,0.9852281360342515,0.35094534299644053,C0020459,False,,,,,,,,
mm_0028386,Llama3-OpenBioLLM-8B,0.0,1.0,sapbert_full_len3,7,7,0,6,False,4,1.8423709931771084,0.6562657890890309,C0206064,False,,,,,,,,
mm_0028386,Meta-Llama-3-8B-Instruct,0.0,1.0,sapbert_full_len3,7,7,0,6,False,2,0.863120568566631,0.30744974986419643,C0524620,False,,,,,,,,
mm_0028386,Mistral-7B-Instruct-v0.1,1.0,1.0,sapbert_full_len3,7,7,0,6,False,1,-0.0,-0.0,C0020459,True,,,,,,,,
mm_0028386,PubMedBERT,0.0,1.0,sapbert_full_len3,7,7,0,6,False,2,0.863120568566631,0.30744974986419643,C1839576,False,7.0,2.0,"{""C1839576"": 5, ""C1447749"": 2}",0.863120568566631,0.3074497498641964,0.0,C1839576,0.0
mm_0028492,BERT-base,0.0,1.0,sapbert_full_len3,7,7,0,6,False,1,-0.0,-0.0,C1257990,True,7.0,1.0,"{""UMLS:C1257990"": 7}",-0.0,-0.0,0.0,UMLS:C1257990,0.0
mm_0028492,BioBERT,0.0,1.0,sapbert_full_len3,7,7,0,6,False,1,-0.0,-0.0,C1868801,True,7.0,1.0,"{""C1868801"": 7}",-0.0,-0.0,0.0,C1868801,0.0
mm_0028492,BioMistral-7B,0.0,0.8817764520645142,sapbert_full_len3,7,7,0,6,False,3,1.5566567074628228,0.5544923070581674,C0153382,False,,,,,,,,
mm_0028492,FLAN-T5-base,0.0,0.9999998211860656,sapbert_full_len3,7,7,0,6,False,2,0.863120568566631,0.30744974986419643,C0153382,False,,,,,,,,
mm_0028492,Llama3-OpenBioLLM-8B,0.0,0.9711794853210448,sapbert_full_len3,7,7,0,6,False,4,1.9502120649147465,0.6946795539074094,C2362743,False,,,,,,,,
mm_0028492,Meta-Llama-3-8B-Instruct,0.0,0.9711528420448304,sapbert_full_len3,7,7,0,6,False,3,1.4488156357251847,0.516078542239789,C2362743,False,,,,,,,,
mm_0028492,Mistral-7B-Instruct-v0.1,0.0,0.8817696571350098,sapbert_full_len3,7,7,0,6,False,3,1.5566567074628228,0.5544923070581674,C1512814,False,,,,,,,,
mm_0028492,PubMedBERT,0.0,1.0,sapbert_full_len3,7,7,0,6,False,1,-0.0,-0.0,C1839576,True,7.0,1.0,"{""C1839576"": 7}",-0.0,-0.0,0.0,C1839576,0.0
mm_0029538,BERT-base,0.0,1.0,sapbert_full_len3,6,6,0,5,False,1,-0.0,-0.0,C0242193,True,6.0,1.0,"{""UMLS:C0242193"": 6}",-0.0,-0.0,0.0,UMLS:C0242193,0.0
mm_0029538,BioBERT,0.0,1.0,sapbert_full_len3,6,6,0,5,False,2,0.9182958340544896,0.355245321275764,C0027609,False,6.0,2.0,"{""C0027609"": 4, ""C1447749"": 2}",0.9182958340544896,0.355245321275764,0.0,C0027609,0.0
mm_0029538,BioMistral-7B,0.0,0.9999999403953552,sapbert_full_len3,6,6,0,5,False,2,0.9182958340544896,0.355245321275764,C0600620,False,,,,,,,,
mm_0029538,FLAN-T5-base,0.0,0.9999999403953552,sapbert_full_len3,6,6,0,5,False,2,0.9182958340544896,0.355245321275764,C0600620,False,,,,,,,,
mm_0029538,Llama3-OpenBioLLM-8B,0.0,0.742756724357605,sapbert_full_len3,6,6,0,5,False,1,-0.0,-0.0,C0019986,True,,,,,,,,
mm_0029538,Meta-Llama-3-8B-Instruct,0.0,0.742874801158905,sapbert_full_len3,6,6,0,5,False,2,0.9182958340544896,0.355245321275764,C0019986,False,,,,,,,,
mm_0029538,Mistral-7B-Instruct-v0.1,0.0,0.742756724357605,sapbert_full_len3,6,6,0,5,False,3,1.4591479170272446,0.5644754678724235,C0019986,False,,,,,,,,
mm_0029538,PubMedBERT,0.0,1.0,sapbert_full_len3,6,6,0,5,False,2,0.9182958340544896,0.355245321275764,C1447749,False,6.0,2.0,"{""C1447749"": 4, ""C1839576"": 2}",0.9182958340544896,0.355245321275764,0.0,C1447749,0.0
mm_0030505,BERT-base,0.0,1.0,sapbert_full_len3,5,5,0,4,False,1,-0.0,-0.0,C1257990,True,5.0,1.0,"{""UMLS:C1257990"": 5}",-0.0,-0.0,0.0,UMLS:C1257990,0.0
mm_0030505,BioBERT,0.0,1.0,sapbert_full_len3,5,5,0,4,False,1,-0.0,-0.0,C0008396,True,5.0,1.0,"{""C0008396"": 5}",-0.0,-0.0,0.0,C0008396,0.0
mm_0030505,BioMistral-7B,0.0,0.999999701976776,sapbert_full_len3,5,5,0,4,False,1,-0.0,-0.0,C0903042,True,,,,,,,,
mm_0030505,FLAN-T5-base,0.0,1.0000001192092896,sapbert_full_len3,5,5,0,4,False,1,-0.0,-0.0,C0006142,True,,,,,,,,
mm_0030505,Llama3-OpenBioLLM-8B,0.0,1.0,sapbert_full_len3,5,5,0,4,False,1,-0.0,-0.0,C0006142,True,,,,,,,,
mm_0030505,Meta-Llama-3-8B-Instruct,0.0,0.999999701976776,sapbert_full_len3,5,5,0,4,False,3,1.5219280948873621,0.6554587535412855,C0006142,False,,,,,,,,
mm_0030505,Mistral-7B-Instruct-v0.1,0.0,1.0,sapbert_full_len3,5,5,0,4,False,2,0.9709505944546686,0.4181656600790516,C0006142,False,,,,,,,,
mm_0030505,PubMedBERT,0.0,1.0,sapbert_full_len3,5,5,0,4,False,2,0.9709505944546686,0.4181656600790516,C1839576,False,5.0,2.0,"{""C1839576"": 3, ""C0015131"": 2}",0.9709505944546686,0.4181656600790516,0.0,C1839576,0.0
mm_0030723,BERT-base,0.0,1.0,sapbert_full_len3,5,5,0,4,False,2,0.9709505944546686,0.4181656600790516,C1431519,False,5.0,2.0,"{""C1431519"": 3, ""C1739108"": 2}",0.9709505944546686,0.4181656600790516,0.0,C1431519,0.0
mm_0030723,BioBERT,0.0,1.0,sapbert_full_len3,5,5,0,4,False,3,1.5219280948873621,0.6554587535412855,C1447749,False,5.0,3.0,"{""C1447749"": 2, ""UMLS:C1707887"": 2, ""C0265267"": 1}",1.521928094887362,0.6554587535412855,0.0,C1447749,1.0
mm_0030723,BioMistral-7B,0.0,1.0,sapbert_full_len3,5,5,0,4,False,3,1.3709505944546687,0.5904362833084089,C0427691,False,,,,,,,,
mm_0030723,FLAN-T5-base,0.0,0.9999998807907104,sapbert_full_len3,5,5,0,4,False,2,0.9709505944546686,0.4181656600790516,C0333534,False,,,,,,,,
mm_0030723,Llama3-OpenBioLLM-8B,0.0,1.0,sapbert_full_len3,5,5,0,4,False,3,1.3709505944546687,0.5904362833084089,C1608376,False,,,,,,,,
mm_0030723,Meta-Llama-3-8B-Instruct,0.0,1.0,sapbert_full_len3,5,5,0,4,False,1,-0.0,-0.0,C0206502,True,,,,,,,,
mm_0030723,Mistral-7B-Instruct-v0.1,0.0,1.0,sapbert_full_len3,5,5,0,4,False,2,0.9709505944546686,0.4181656600790516,C0036690,False,,,,,,,,
mm_0030723,PubMedBERT,0.0,1.0,sapbert_full_len3,5,5,0,4,False,1,-0.0,-0.0,C1839576,True,5.0,1.0,"{""C1839576"": 5}",-0.0,-0.0,0.0,C1839576,0.0
mm_0030830,BERT-base,0.0,1.0,sapbert_full_len3,7,7,0,6,False,2,0.9852281360342515,0.35094534299644053,C0282597,False,7.0,2.0,"{""C0282597"": 4, ""UMLS:C1257990"": 3}",0.9852281360342516,0.3509453429964405,0.0,C0282597,0.0
mm_0030830,BioBERT,0.0,1.0,sapbert_full_len3,7,7,0,6,False,1,-0.0,-0.0,C1707887,True,7.0,1.0,"{""UMLS:C1707887"": 7}",-0.0,-0.0,0.0,UMLS:C1707887,0.0
mm_0030830,BioMistral-7B,0.0,0.8566001653671265,sapbert_full_len3,7,7,0,6,False,2,0.863120568566631,0.30744974986419643,C1152262,False,,,,,,,,
mm_0030830,FLAN-T5-base,0.0,0.8224921822547913,sapbert_full_len3,7,7,0,6,False,1,-0.0,-0.0,C1513264,True,,,,,,,,
mm_0030830,Llama3-OpenBioLLM-8B,0.0,0.999999701976776,sapbert_full_len3,7,5,2,6,False,2,0.9709505944546686,0.3458595800715595,C1513264,False,,,,,,,,
mm_0030830,Meta-Llama-3-8B-Instruct,0.0,0.8224921822547913,sapbert_full_len3,7,7,0,6,False,2,0.863120568566631,0.30744974986419643,C1513264,False,,,,,,,,
mm_0030830,Mistral-7B-Instruct-v0.1,0.0,0.9999997615814208,sapbert_full_len3,7,5,2,6,False,3,1.3709505944546687,0.4883424549147684,C0200760,False,,,,,,,,
mm_0030830,PubMedBERT,0.0,1.0,sapbert_full_len3,7,7,0,6,False,1,-0.0,-0.0,C1839576,True,7.0,1.0,"{""C1839576"": 7}",-0.0,-0.0,0.0,C1839576,0.0
mm_0031336,BERT-base,0.0,1.0,sapbert_full_len3,7,7,0,6,False,2,0.863120568566631,0.30744974986419643,C1257990,False,7.0,2.0,"{""UMLS:C1257990"": 5, ""C0034698"": 2}",0.863120568566631,0.3074497498641964,0.0,UMLS:C1257990,0.0
mm_0031336,BioBERT,0.0,1.0,sapbert_full_len3,7,7,0,6,False,1,-0.0,-0.0,C0008354,True,7.0,1.0,"{""C0008354"": 7}",-0.0,-0.0,0.0,C0008354,0.0
mm_0031336,BioMistral-7B,0.0,1.0,sapbert_full_len3,7,7,0,6,False,1,-0.0,-0.0,C1764827,True,,,,,,,,
mm_0031336,FLAN-T5-base,0.0,0.9999998807907104,sapbert_full_len3,7,7,0,6,False,1,-0.0,-0.0,C5446371,True,,,,,,,,
mm_0031336,Llama3-OpenBioLLM-8B,0.0,0.9999998807907104,sapbert_full_len3,7,7,0,6,False,4,1.9502120649147465,0.6946795539074094,C1764827,False,,,,,,,,
mm_0031336,Meta-Llama-3-8B-Instruct,0.0,0.8168736696243286,sapbert_full_len3,7,7,0,6,False,2,0.863120568566631,0.30744974986419643,C1764827,False,,,,,,,,
mm_0031336,Mistral-7B-Instruct-v0.1,0.0,0.9999998807907104,sapbert_full_len3,7,7,0,6,False,3,1.5566567074628228,0.5544923070581674,C0036114,False,,,,,,,,
mm_0031336,PubMedBERT,0.0,1.0,sapbert_full_len3,7,7,0,6,False,1,-0.0,-0.0,C1839576,True,7.0,1.0,"{""C1839576"": 7}",-0.0,-0.0,0.0,C1839576,0.0
mm_0031384,BERT-base,0.0,1.0,sapbert_full_len3,7,7,0,6,False,2,0.5916727785823275,0.21075809614719848,C1312419,False,7.0,2.0,"{""C1312419"": 6, ""C1447749"": 1}",0.5916727785823275,0.2107580961471984,0.0,C1312419,0.0
mm_0031384,BioBERT,0.0,1.0,sapbert_full_len3,7,7,0,6,False,1,-0.0,-0.0,C1257990,True,7.0,1.0,"{""UMLS:C1257990"": 7}",-0.0,-0.0,0.0,UMLS:C1257990,0.0
mm_0031384,BioMistral-7B,0.0,0.9999999403953552,sapbert_full_len3,7,7,0,6,False,3,1.3787834934861753,0.49113258984568253,C0013963,False,,,,,,,,
mm_0031384,FLAN-T5-base,0.0,1.0,sapbert_full_len3,7,7,0,6,False,2,0.9852281360342515,0.35094534299644053,C0202153,False,,,,,,,,
mm_0031384,Llama3-OpenBioLLM-8B,1.0,1.0,sapbert_full_len3,7,7,0,6,False,1,-0.0,-0.0,C0059438,True,,,,,,,,
mm_0031384,Meta-Llama-3-8B-Instruct,1.0,1.0,sapbert_full_len3,7,7,0,6,False,1,-0.0,-0.0,C0059438,True,,,,,,,,
mm_0031384,Mistral-7B-Instruct-v0.1,1.0,1.0,sapbert_full_len3,7,7,0,6,False,2,0.863120568566631,0.30744974986419643,C0059438,False,,,,,,,,
mm_0031384,PubMedBERT,1.0,1.0,sapbert_full_len3,7,7,0,6,False,3,1.1488348542809166,0.4092232318950598,C0059438,False,7.0,3.0,"{""C0059438"": 5, ""C1839576"": 1, ""UMLS:C1257990"": 1}",1.1488348542809166,0.4092232318950598,0.0,C0059438,0.0
mm_0032024,BERT-base,1.0,1.0,sapbert_full_len3,6,6,0,5,False,1,-0.0,-0.0,C0242193,True,6.0,1.0,"{""UMLS:C0242193"": 6}",-0.0,-0.0,1.0,UMLS:C0242193,0.0
mm_0032024,BioBERT,1.0,1.0,sapbert_full_len3,6,6,0,5,False,1,-0.0,-0.0,C0242193,True,6.0,1.0,"{""UMLS:C0242193"": 6}",-0.0,-0.0,1.0,UMLS:C0242193,0.0
mm_0032024,BioMistral-7B,0.0,1.0,sapbert_full_len3,6,6,0,5,False,2,0.6500224216483541,0.25146299858006066,C0009274,False,,,,,,,,
mm_0032024,FLAN-T5-base,0.0,1.0,sapbert_full_len3,6,6,0,5,False,1,-0.0,-0.0,C0009274,True,,,,,,,,
mm_0032024,Llama3-OpenBioLLM-8B,0.0,0.8266180753707886,sapbert_full_len3,6,6,0,5,False,5,2.2516291673878226,0.8710490642551527,C1532051,False,,,,,,,,
mm_0032024,Meta-Llama-3-8B-Instruct,0.0,0.73392254114151,sapbert_full_len3,6,6,0,5,False,1,-0.0,-0.0,C0677400,True,,,,,,,,
mm_0032024,Mistral-7B-Instruct-v0.1,0.0,0.999999701976776,sapbert_full_len3,6,6,0,5,False,2,0.6500224216483541,0.25146299858006066,C0543467,False,,,,,,,,
mm_0032024,PubMedBERT,1.0,1.0,sapbert_full_len3,6,6,0,5,False,1,-0.0,-0.0,C0242193,True,6.0,1.0,"{""UMLS:C0242193"": 6}",-0.0,-0.0,1.0,UMLS:C0242193,0.0
mm_0033033,BERT-base,0.0,1.0,sapbert_full_len3,5,5,0,4,False,1,-0.0,-0.0,C1447749,True,5.0,1.0,"{""C1447749"": 5}",-0.0,-0.0,0.0,C1447749,0.0
mm_0033033,BioBERT,0.0,1.0,sapbert_full_len3,5,5,0,4,False,1,-0.0,-0.0,C0027609,True,5.0,1.0,"{""C0027609"": 5}",-0.0,-0.0,0.0,C0027609,0.0
mm_0033033,BioMistral-7B,0.0,1.0,sapbert_full_len3,5,5,0,4,False,1,-0.0,-0.0,C1413713,True,,,,,,,,
mm_0033033,FLAN-T5-base,0.0,1.0,sapbert_full_len3,5,5,0,4,False,2,0.9709505944546686,0.4181656600790516,C0443193,False,,,,,,,,
mm_0033033,Llama3-OpenBioLLM-8B,0.0,1.0,sapbert_full_len3,5,5,0,4,False,2,0.7219280948873623,0.31091750708257115,C0271379,False,,,,,,,,
mm_0033033,Meta-Llama-3-8B-Instruct,0.0,1.0,sapbert_full_len3,5,5,0,4,False,1,-0.0,-0.0,C0271379,True,,,,,,,,
mm_0033033,Mistral-7B-Instruct-v0.1,0.0,0.7883397936820984,sapbert_full_len3,5,4,1,4,False,1,-0.0,-0.0,C1413713,True,,,,,,,,
mm_0033033,PubMedBERT,0.0,1.0,sapbert_full_len3,5,5,0,4,False,2,0.9709505944546686,0.4181656600790516,C1839576,False,5.0,2.0,"{""C1839576"": 3, ""C1447749"": 2}",0.9709505944546686,0.4181656600790516,0.0,C1839576,0.0
mm_0033615,BERT-base,0.0,1.0,sapbert_full_len3,6,6,0,5,False,1,-0.0,-0.0,C1447749,True,6.0,1.0,"{""C1447749"": 6}",-0.0,-0.0,0.0,C1447749,0.0
mm_0033615,BioBERT,0.0,1.0,sapbert_full_len3,6,6,0,5,False,4,1.9182958340544896,0.7420981285103057,C1312419,False,6.0,4.0,"{""C1370369"": 1, ""C0008396"": 1, ""C1312419"": 2, ""UMLS:C1257990"": 2}",1.9182958340544896,0.7420981285103057,0.0,C1312419,1.0
mm_0033615,BioMistral-7B,0.0,1.0,sapbert_full_len3,6,6,0,5,False,1,-0.0,-0.0,C1422070,True,,,,,,,,
mm_0033615,FLAN-T5-base,0.0,1.0,sapbert_full_len3,6,6,0,5,False,1,-0.0,-0.0,C1422070,True,,,,,,,,
mm_0033615,Llama3-OpenBioLLM-8B,1.0,1.0,sapbert_full_len3,6,6,0,5,False,3,1.4591479170272446,0.5644754678724235,C0205100,False,,,,,,,,
mm_0033615,Meta-Llama-3-8B-Instruct,1.0,1.0,sapbert_full_len3,6,6,0,5,False,1,-0.0,-0.0,C0205100,True,,,,,,,,
mm_0033615,Mistral-7B-Instruct-v0.1,0.0,0.9999998807907104,sapbert_full_len3,6,6,0,5,False,3,1.2516291673878228,0.4841962570206112,C1422070,False,,,,,,,,
mm_0033615,PubMedBERT,0.0,1.0,sapbert_full_len3,6,6,0,5,False,2,0.9182958340544896,0.355245321275764,C1447749,False,6.0,2.0,"{""C1447749"": 4, ""C1839576"": 2}",0.9182958340544896,0.355245321275764,0.0,C1447749,0.0
mm_0034135,BERT-base,0.0,1.0,sapbert_full_len3,5,5,0,4,False,2,0.7219280948873623,0.31091750708257115,C0040048,False,5.0,2.0,"{""C0040048"": 4, ""C1447749"": 1}",0.7219280948873623,0.3109175070825711,0.0,C0040048,0.0
mm_0034135,BioBERT,0.0,1.0,sapbert_full_len3,5,5,0,4,False,2,0.7219280948873623,0.31091750708257115,C1447749,False,5.0,2.0,"{""C1839576"": 1, ""C1447749"": 4}",0.7219280948873623,0.3109175070825711,0.0,C1447749,0.0
mm_0034135,BioMistral-7B,0.0,1.0,sapbert_full_len3,5,5,0,4,False,2,0.9709505944546686,0.4181656600790516,C0014544,False,,,,,,,,
mm_0034135,FLAN-T5-base,1.0,1.0,sapbert_full_len3,5,5,0,4,False,1,-0.0,-0.0,C0149552,True,,,,,,,,
mm_0034135,Llama3-OpenBioLLM-8B,0.0,0.9999999403953552,sapbert_full_len3,5,5,0,4,False,2,0.7219280948873623,0.31091750708257115,C3887642,False,,,,,,,,
mm_0034135,Meta-Llama-3-8B-Instruct,1.0,1.0,sapbert_full_len3,5,5,0,4,False,1,-0.0,-0.0,C0149552,True,,,,,,,,
mm_0034135,Mistral-7B-Instruct-v0.1,0.0,0.9999998807907104,sapbert_full_len3,5,5,0,4,False,1,-0.0,-0.0,C0014544,True,,,,,,,,
mm_0034135,PubMedBERT,0.0,1.0,sapbert_full_len3,5,5,0,4,False,1,-0.0,-0.0,C1839576,True,5.0,1.0,"{""C1839576"": 5}",-0.0,-0.0,0.0,C1839576,0.0
mm_0035154,BERT-base,0.0,1.0,sapbert_full_len3,5,5,0,4,False,2,0.7219280948873623,0.31091750708257115,C1447749,False,5.0,2.0,"{""C1447749"": 4, ""UMLS:C1257990"": 1}",0.7219280948873623,0.3109175070825711,0.0,C1447749,0.0
mm_0035154,BioBERT,0.0,1.0,sapbert_full_len3,5,5,0,4,False,1,-0.0,-0.0,C1257990,True,5.0,1.0,"{""UMLS:C1257990"": 5}",-0.0,-0.0,0.0,UMLS:C1257990,0.0
mm_0035154,BioMistral-7B,0.0,0.9999998807907104,sapbert_full_len3,5,5,0,4,False,1,-0.0,-0.0,C0277556,True,,,,,,,,
mm_0035154,FLAN-T5-base,0.0,1.0,sapbert_full_len3,5,5,0,4,False,1,-0.0,-0.0,C0057163,True,,,,,,,,
mm_0035154,Llama3-OpenBioLLM-8B,0.0,0.9999995231628418,sapbert_full_len3,5,5,0,4,False,3,1.3709505944546687,0.5904362833084089,C0013227,False,,,,,,,,
mm_0035154,Meta-Llama-3-8B-Instruct,0.0,0.9999998807907104,sapbert_full_len3,5,5,0,4,False,1,-0.0,-0.0,C0277556,True,,,,,,,,
mm_0035154,Mistral-7B-Instruct-v0.1,0.0,0.9999998807907104,sapbert_full_len3,5,5,0,4,False,1,-0.0,-0.0,C0277556,True,,,,,,,,
mm_0035154,PubMedBERT,0.0,1.0,sapbert_full_len3,5,5,0,4,False,2,0.9709505944546686,0.4181656600790516,C1839576,False,5.0,2.0,"{""C1839576"": 3, ""C1447749"": 2}",0.9709505944546686,0.4181656600790516,0.0,C1839576,0.0
mm_0035353,BERT-base,0.0,1.0,sapbert_full_len3,8,8,0,7,False,2,0.5435644431995964,0.1811881477331988,C0075128,False,8.0,2.0,"{""C0075128"": 7, ""UMLS:C1257990"": 1}",0.5435644431995964,0.1811881477331988,0.0,C0075128,0.0
mm_0035353,BioBERT,0.0,1.0,sapbert_full_len3,8,8,0,7,False,2,0.954434002924965,0.318144667641655,C1257990,False,8.0,2.0,"{""UMLS:C1257990"": 5, ""C0008396"": 3}",0.954434002924965,0.318144667641655,0.0,UMLS:C1257990,0.0
mm_0035353,BioMistral-7B,1.0,1.0,sapbert_full_len3,8,8,0,7,False,1,-0.0,-0.0,C0030664,True,,,,,,,,
mm_0035353,FLAN-T5-base,1.0,1.0,sapbert_full_len3,8,8,0,7,False,4,1.5487949406953985,0.5162649802317995,C0030664,False,,,,,,,,
mm_0035353,Llama3-OpenBioLLM-8B,1.0,1.0,sapbert_full_len3,8,8,0,7,False,2,0.954434002924965,0.318144667641655,C0030664,False,,,,,,,,
mm_0035353,Meta-Llama-3-8B-Instruct,1.0,1.0,sapbert_full_len3,8,8,0,7,False,1,-0.0,-0.0,C0030664,True,,,,,,,,
mm_0035353,Mistral-7B-Instruct-v0.1,1.0,1.0,sapbert_full_len3,8,8,0,7,False,1,-0.0,-0.0,C0030664,True,,,,,,,,
mm_0035353,PubMedBERT,0.0,1.0,sapbert_full_len3,8,8,0,7,False,2,0.8112781244591328,0.2704260414863776,C1447749,False,8.0,2.0,"{""C1447749"": 6, ""C1839576"": 2}",0.8112781244591328,0.2704260414863776,0.0,C1447749,0.0
mm_0036097,BERT-base,0.0,1.0,sapbert_full_len3,7,7,0,6,False,1,-0.0,-0.0,C1257990,True,7.0,1.0,"{""UMLS:C1257990"": 7}",-0.0,-0.0,0.0,UMLS:C1257990,0.0
mm_0036097,BioBERT,0.0,1.0,sapbert_full_len3,7,7,0,6,False,1,-0.0,-0.0,C1257990,True,7.0,1.0,"{""UMLS:C1257990"": 7}",-0.0,-0.0,0.0,UMLS:C1257990,0.0
mm_0036097,BioMistral-7B,0.0,0.9999997615814208,sapbert_full_len3,7,7,0,6,False,1,-0.0,-0.0,C1336681,True,,,,,,,,
mm_0036097,FLAN-T5-base,0.0,0.9999997615814208,sapbert_full_len3,7,7,0,6,False,1,-0.0,-0.0,C1336681,True,,,,,,,,
mm_0036097,Llama3-OpenBioLLM-8B,0.0,0.9999998211860656,sapbert_full_len3,7,7,0,6,False,2,0.863120568566631,0.30744974986419643,C1336681,False,,,,,,,,
mm_0036097,Meta-Llama-3-8B-Instruct,0.0,1.0,sapbert_full_len3,7,7,0,6,False,2,0.863120568566631,0.30744974986419643,C0017262,False,,,,,,,,
mm_0036097,Mistral-7B-Instruct-v0.1,0.0,0.9999998211860656,sapbert_full_len3,7,7,0,6,False,1,-0.0,-0.0,C1336681,True,,,,,,,,
mm_0036097,PubMedBERT,0.0,1.0,sapbert_full_len3,7,7,0,6,False,1,-0.0,-0.0,C1447749,True,7.0,1.0,"{""C1447749"": 7}",-0.0,-0.0,0.0,C1447749,0.0
mm_0036129,BERT-base,0.0,1.0,sapbert_full_len3,5,5,0,4,False,2,0.9709505944546686,0.4181656600790516,C2350390,False,5.0,2.0,"{""UMLS:C2350390"": 3, ""UMLS:C1257990"": 2}",0.9709505944546686,0.4181656600790516,0.0,UMLS:C2350390,0.0
mm_0036129,BioBERT,0.0,1.0,sapbert_full_len3,5,5,0,4,False,2,0.7219280948873623,0.31091750708257115,C1257990,False,5.0,2.0,"{""UMLS:C1257990"": 4, ""UMLS:C1707887"": 1}",0.7219280948873623,0.3109175070825711,0.0,UMLS:C1257990,0.0
mm_0036129,BioMistral-7B,0.0,0.9999998211860656,sapbert_full_len3,5,5,0,4,False,3,1.3709505944546687,0.5904362833084089,C0600564,False,,,,,,,,
mm_0036129,FLAN-T5-base,0.0,0.9999998807907104,sapbert_full_len3,5,5,0,4,False,3,1.3709505944546687,0.5904362833084089,C0600564,False,,,,,,,,
mm_0036129,Llama3-OpenBioLLM-8B,0.0,0.9999998807907104,sapbert_full_len3,5,5,0,4,False,3,1.3709505944546687,0.5904362833084089,C0600564,False,,,,,,,,
mm_0036129,Meta-Llama-3-8B-Instruct,0.0,0.9999998211860656,sapbert_full_len3,5,5,0,4,False,1,-0.0,-0.0,C0600564,True,,,,,,,,
mm_0036129,Mistral-7B-Instruct-v0.1,0.0,0.9999998211860656,sapbert_full_len3,5,5,0,4,False,1,-0.0,-0.0,C0600564,True,,,,,,,,
mm_0036129,PubMedBERT,0.0,1.0,sapbert_full_len3,5,5,0,4,False,1,-0.0,-0.0,C0015131,True,5.0,1.0,"{""C0015131"": 5}",-0.0,-0.0,0.0,C0015131,0.0
mm_0036226,BERT-base,0.0,1.0,sapbert_full_len3,7,7,0,6,False,2,0.9852281360342515,0.35094534299644053,C1158849,False,7.0,2.0,"{""C0949359"": 3, ""UMLS:C1158849"": 4}",0.9852281360342516,0.3509453429964405,0.0,UMLS:C1158849,0.0
mm_0036226,BioBERT,0.0,1.0,sapbert_full_len3,7,7,0,6,False,2,0.863120568566631,0.30744974986419643,C0061751,False,7.0,2.0,"{""C0061751"": 5, ""C1257880"": 2}",0.863120568566631,0.3074497498641964,0.0,C0061751,0.0
mm_0036226,BioMistral-7B,0.0,1.0,sapbert_full_len3,7,7,0,6,False,2,0.5916727785823275,0.21075809614719848,C3536965,False,,,,,,,,
mm_0036226,FLAN-T5-base,0.0,0.9999998211860656,sapbert_full_len3,7,7,0,6,False,3,1.1488348542809166,0.4092232318950598,C3536965,False,,,,,,,,
mm_0036226,Llama3-OpenBioLLM-8B,0.0,1.0,sapbert_full_len3,7,7,0,6,False,2,0.9852281360342515,0.35094534299644053,C3536965,False,,,,,,,,
mm_0036226,Meta-Llama-3-8B-Instruct,0.0,1.0,sapbert_full_len3,7,7,0,6,False,4,1.9502120649147465,0.6946795539074094,C3536965,False,,,,,,,,
mm_0036226,Mistral-7B-Instruct-v0.1,0.0,1.0,sapbert_full_len3,7,7,0,6,False,3,1.3787834934861753,0.49113258984568253,C3536965,False,,,,,,,,
mm_0036226,PubMedBERT,0.0,1.0,sapbert_full_len3,7,7,0,6,False,1,-0.0,-0.0,C1447749,True,7.0,1.0,"{""C1447749"": 7}",-0.0,-0.0,0.0,C1447749,0.0
mm_0036569,BERT-base,0.0,1.0,sapbert_full_len3,7,7,0,6,False,1,-0.0,-0.0,C1257990,True,7.0,1.0,"{""UMLS:C1257990"": 7}",-0.0,-0.0,0.0,UMLS:C1257990,0.0
mm_0036569,BioBERT,0.0,1.0,sapbert_full_len3,7,7,0,6,False,2,0.9852281360342515,0.35094534299644053,C1447749,False,7.0,2.0,"{""UMLS:C1257990"": 3, ""C1447749"": 4}",0.9852281360342516,0.3509453429964405,0.0,C1447749,0.0
mm_0036569,BioMistral-7B,0.0,1.0,sapbert_full_len3,7,7,0,6,False,1,-0.0,-0.0,C0022671,True,,,,,,,,
mm_0036569,FLAN-T5-base,0.0,1.0,sapbert_full_len3,7,7,0,6,False,2,0.5916727785823275,0.21075809614719848,C0000768,False,,,,,,,,
mm_0036569,Llama3-OpenBioLLM-8B,0.0,0.9999998211860656,sapbert_full_len3,7,6,1,6,False,2,0.6500224216483541,0.23154265837250496,C0022671,False,,,,,,,,
mm_0036569,Meta-Llama-3-8B-Instruct,0.0,1.0,sapbert_full_len3,7,7,0,6,False,1,-0.0,-0.0,C0022671,True,,,,,,,,
mm_0036569,Mistral-7B-Instruct-v0.1,0.0,0.9252282977104188,sapbert_full_len3,7,7,0,6,False,1,-0.0,-0.0,C0022671,True,,,,,,,,
mm_0036569,PubMedBERT,0.0,1.0,sapbert_full_len3,7,7,0,6,False,2,0.863120568566631,0.30744974986419643,C1839576,False,7.0,2.0,"{""C1839576"": 5, ""C1447749"": 2}",0.863120568566631,0.3074497498641964,0.0,C1839576,0.0
mm_0037241,BERT-base,0.0,1.0,sapbert_full_len3,6,6,0,5,False,1,-0.0,-0.0,C1447749,True,6.0,1.0,"{""C1447749"": 6}",-0.0,-0.0,0.0,C1447749,0.0
mm_0037241,BioBERT,0.0,1.0,sapbert_full_len3,6,6,0,5,False,2,1.0,0.38685280723454163,C1257990,False,6.0,2.0,"{""UMLS:C1257990"": 3, ""C1447749"": 3}",1.0,0.3868528072345416,0.0,UMLS:C1257990,0.0
mm_0037241,BioMistral-7B,0.0,0.9999997615814208,sapbert_full_len3,6,6,0,5,False,1,-0.0,-0.0,C1412246,True,,,,,,,,
mm_0037241,FLAN-T5-base,0.0,1.0,sapbert_full_len3,6,6,0,5,False,2,0.9182958340544896,0.355245321275764,C5940580,False,,,,,,,,
mm_0037241,Llama3-OpenBioLLM-8B,1.0,0.9999999403953552,sapbert_full_len3,6,6,0,5,False,2,0.9182958340544896,0.355245321275764,C0011684,False,,,,,,,,
mm_0037241,Meta-Llama-3-8B-Instruct,0.0,0.9999999403953552,sapbert_full_len3,6,6,0,5,False,2,0.9182958340544896,0.355245321275764,C1412246,False,,,,,,,,
mm_0037241,Mistral-7B-Instruct-v0.1,0.0,0.9999998807907104,sapbert_full_len3,6,6,0,5,False,1,-0.0,-0.0,C0037322,True,,,,,,,,
mm_0037241,PubMedBERT,0.0,1.0,sapbert_full_len3,6,6,0,5,False,2,0.9182958340544896,0.355245321275764,C1257990,False,6.0,2.0,"{""UMLS:C1257990"": 4, ""C1839576"": 2}",0.9182958340544896,0.355245321275764,0.0,UMLS:C1257990,0.0
mm_0037245,BERT-base,0.0,1.0,sapbert_full_len3,6,6,0,5,False,2,0.6500224216483541,0.25146299858006066,C1447749,False,6.0,2.0,"{""C1447749"": 5, ""UMLS:C1257990"": 1}",0.6500224216483541,0.2514629985800606,0.0,C1447749,0.0
mm_0037245,BioBERT,0.0,1.0,sapbert_full_len3,6,6,0,5,False,2,1.0,0.38685280723454163,C1257990,False,6.0,2.0,"{""UMLS:C1257990"": 3, ""C1447749"": 3}",1.0,0.3868528072345416,0.0,UMLS:C1257990,0.0
mm_0037245,BioMistral-7B,0.0,0.9999997615814208,sapbert_full_len3,6,6,0,5,False,1,-0.0,-0.0,C1412246,True,,,,,,,,
mm_0037245,FLAN-T5-base,0.0,1.0,sapbert_full_len3,6,6,0,5,False,2,0.9182958340544896,0.355245321275764,C5940580,False,,,,,,,,
mm_0037245,Llama3-OpenBioLLM-8B,0.0,0.9999999403953552,sapbert_full_len3,6,6,0,5,False,3,1.4591479170272448,0.5644754678724236,C0037322,False,,,,,,,,
mm_0037245,Meta-Llama-3-8B-Instruct,0.0,0.9999997615814208,sapbert_full_len3,6,6,0,5,False,2,0.6500224216483541,0.25146299858006066,C1412246,False,,,,,,,,
mm_0037245,Mistral-7B-Instruct-v0.1,1.0,1.0,sapbert_full_len3,6,6,0,5,False,1,-0.0,-0.0,C0037322,True,,,,,,,,
mm_0037245,PubMedBERT,0.0,1.0,sapbert_full_len3,6,6,0,5,False,2,0.9182958340544896,0.355245321275764,C1257990,False,6.0,2.0,"{""UMLS:C1257990"": 4, ""C1839576"": 2}",0.9182958340544896,0.355245321275764,0.0,UMLS:C1257990,0.0
mm_0037301,BERT-base,0.0,1.0,sapbert_full_len3,5,5,0,4,False,1,-0.0,-0.0,C1257990,True,5.0,1.0,"{""UMLS:C1257990"": 5}",-0.0,-0.0,0.0,UMLS:C1257990,0.0
mm_0037301,BioBERT,0.0,1.0,sapbert_full_len3,5,5,0,4,False,1,-0.0,-0.0,C1257990,True,5.0,1.0,"{""UMLS:C1257990"": 5}",-0.0,-0.0,0.0,UMLS:C1257990,0.0
mm_0037301,BioMistral-7B,0.0,0.9999997615814208,sapbert_full_len3,5,5,0,4,False,1,-0.0,-0.0,C4042879,True,,,,,,,,
mm_0037301,FLAN-T5-base,0.0,0.9999999403953552,sapbert_full_len3,5,5,0,4,False,2,0.9709505944546686,0.4181656600790516,C0678723,False,,,,,,,,
mm_0037301,Llama3-OpenBioLLM-8B,0.0,0.9999998211860656,sapbert_full_len3,5,5,0,4,False,1,-0.0,-0.0,C5417695,True,,,,,,,,
mm_0037301,Meta-Llama-3-8B-Instruct,0.0,1.0,sapbert_full_len3,5,5,0,4,False,1,-0.0,-0.0,C0011756,True,,,,,,,,
mm_0037301,Mistral-7B-Instruct-v0.1,0.0,0.9999999403953552,sapbert_full_len3,5,5,0,4,False,2,0.7219280948873623,0.31091750708257115,C0038250,False,,,,,,,,
mm_0037301,PubMedBERT,0.0,1.0,sapbert_full_len3,5,5,0,4,False,1,-0.0,-0.0,C1447749,True,5.0,1.0,"{""C1447749"": 5}",-0.0,-0.0,0.0,C1447749,0.0
mm_0037668,BERT-base,0.0,1.0,sapbert_full_len3,5,5,0,4,False,2,0.9709505944546686,0.4181656600790516,C0242193,False,5.0,2.0,"{""UMLS:C0242193"": 3, ""C0005976"": 2}",0.9709505944546686,0.4181656600790516,0.0,UMLS:C0242193,0.0
mm_0037668,BioBERT,0.0,1.0,sapbert_full_len3,5,5,0,4,False,1,-0.0,-0.0,C1257990,True,5.0,1.0,"{""UMLS:C1257990"": 5}",-0.0,-0.0,0.0,UMLS:C1257990,0.0
mm_0037668,BioMistral-7B,1.0,0.7356868386268616,sapbert_full_len3,5,5,0,4,False,2,0.9709505944546686,0.4181656600790516,C0524865,False,,,,,,,,
mm_0037668,FLAN-T5-base,1.0,1.0,sapbert_full_len3,5,5,0,4,False,1,-0.0,-0.0,C0524865,True,,,,,,,,
mm_0037668,Llama3-OpenBioLLM-8B,1.0,0.7356868386268616,sapbert_full_len3,5,5,0,4,False,2,0.7219280948873623,0.31091750708257115,C0524865,False,,,,,,,,
mm_0037668,Meta-Llama-3-8B-Instruct,0.0,0.9999997615814208,sapbert_full_len3,5,5,0,4,False,4,1.9219280948873623,0.8277293767706428,C0524865,False,,,,,,,,
mm_0037668,Mistral-7B-Instruct-v0.1,1.0,0.735722005367279,sapbert_full_len3,5,5,0,4,False,2,0.9709505944546686,0.4181656600790516,C0524865,False,,,,,,,,
mm_0037668,PubMedBERT,0.0,1.0,sapbert_full_len3,5,5,0,4,False,2,0.7219280948873623,0.31091750708257115,C1447749,False,5.0,2.0,"{""C1447749"": 4, ""C1839576"": 1}",0.7219280948873623,0.3109175070825711,0.0,C1447749,0.0
mm_0037976,BERT-base,1.0,1.0,sapbert_full_len3,9,9,0,8,False,2,0.7642045065086203,0.24107968048484052,C0010362,False,9.0,2.0,"{""UMLS:C0010362"": 7, ""UMLS:C0242193"": 2}",0.7642045065086203,0.2410796804848405,0.7777777777777778,UMLS:C0010362,0.0
mm_0037976,BioBERT,1.0,1.0,sapbert_full_len3,9,9,0,8,False,1,-0.0,-0.0,C0010362,True,9.0,1.0,"{""UMLS:C0010362"": 9}",-0.0,-0.0,1.0,UMLS:C0010362,0.0
mm_0037976,BioMistral-7B,0.0,0.9999998807907104,sapbert_full_len3,9,9,0,8,False,2,0.7642045065086203,0.24107968048484052,C0038951,False,,,,,,,,
mm_0037976,FLAN-T5-base,0.0,0.9999999403953552,sapbert_full_len3,9,9,0,8,False,2,0.7642045065086203,0.24107968048484052,C0038951,False,,,,,,,,
mm_0037976,Llama3-OpenBioLLM-8B,0.0,0.9999998807907104,sapbert_full_len3,9,9,0,8,False,2,0.9910760598382222,0.3126496871021503,C0010362,False,,,,,,,,
mm_0037976,Meta-Llama-3-8B-Instruct,0.0,0.9999990463256836,sapbert_full_len3,9,9,0,8,False,3,1.224394445405986,0.3862534428571301,C0681814,False,,,,,,,,
mm_0037976,Mistral-7B-Instruct-v0.1,0.0,0.9999998807907104,sapbert_full_len3,9,9,0,8,False,3,1.5304930567574824,0.48281680357141255,C0038951,False,,,,,,,,
mm_0037976,PubMedBERT,1.0,1.0,sapbert_full_len3,9,9,0,8,False,2,0.9910760598382222,0.3126496871021503,C0010362,False,9.0,2.0,"{""UMLS:C0010362"": 5, ""C1839576"": 4}",0.9910760598382222,0.3126496871021503,0.5555555555555556,UMLS:C0010362,0.0
mm_0038321,BERT-base,0.0,1.0,sapbert_full_len3,4,4,0,3,False,2,1.0,0.5,C1257990,False,4.0,2.0,"{""UMLS:C1257990"": 2, ""UMLS:C2350390"": 2}",1.0,0.5,0.0,UMLS:C1257990,1.0
mm_0038321,BioBERT,0.0,1.0,sapbert_full_len3,4,4,0,3,False,1,-0.0,-0.0,C1257990,True,4.0,1.0,"{""UMLS:C1257990"": 4}",-0.0,-0.0,0.0,UMLS:C1257990,0.0
mm_0038321,BioMistral-7B,0.0,1.0,sapbert_full_len3,4,4,0,3,False,1,-0.0,-0.0,C5554892,True,,,,,,,,
mm_0038321,FLAN-T5-base,0.0,1.0,sapbert_full_len3,4,4,0,3,False,1,-0.0,-0.0,C5554892,True,,,,,,,,
mm_0038321,Llama3-OpenBioLLM-8B,0.0,0.9999997615814208,sapbert_full_len3,4,4,0,3,False,1,-0.0,-0.0,C5554892,True,,,,,,,,
mm_0038321,Meta-Llama-3-8B-Instruct,0.0,1.0,sapbert_full_len3,4,4,0,3,False,1,-0.0,-0.0,C5554892,True,,,,,,,,
mm_0038321,Mistral-7B-Instruct-v0.1,0.0,1.0,sapbert_full_len3,4,4,0,3,False,1,-0.0,-0.0,C5554892,True,,,,,,,,
mm_0038321,PubMedBERT,0.0,1.0,sapbert_full_len3,4,4,0,3,False,1,-0.0,-0.0,C1447749,True,4.0,1.0,"{""C1447749"": 4}",-0.0,-0.0,0.0,C1447749,0.0
mm_0038389,BERT-base,0.0,1.0,sapbert_full_len3,5,5,0,4,False,1,-0.0,-0.0,C0681906,True,5.0,1.0,"{""UMLS:C0681906"": 5}",-0.0,-0.0,0.0,UMLS:C0681906,0.0
mm_0038389,BioBERT,0.0,1.0,sapbert_full_len3,5,5,0,4,False,2,0.7219280948873623,0.31091750708257115,C0027609,False,5.0,2.0,"{""C5392105"": 1, ""C0027609"": 4}",0.7219280948873623,0.3109175070825711,0.0,C0027609,0.0
mm_0038389,BioMistral-7B,1.0,0.9931362867355348,sapbert_full_len3,5,5,0,4,False,2,0.7219280948873623,0.31091750708257115,C3263723,False,,,,,,,,
mm_0038389,FLAN-T5-base,1.0,0.9931650161743164,sapbert_full_len3,5,5,0,4,False,2,0.7219280948873623,0.31091750708257115,C3263723,False,,,,,,,,
mm_0038389,Llama3-OpenBioLLM-8B,0.0,0.9999997615814208,sapbert_full_len3,5,5,0,4,False,1,-0.0,-0.0,C0035648,True,,,,,,,,
mm_0038389,Meta-Llama-3-8B-Instruct,1.0,0.9931362867355348,sapbert_full_len3,5,5,0,4,False,3,1.3709505944546687,0.5904362833084089,C0150638,False,,,,,,,,
mm_0038389,Mistral-7B-Instruct-v0.1,1.0,0.9931362867355348,sapbert_full_len3,5,5,0,4,False,3,1.5219280948873621,0.6554587535412855,C0035648,False,,,,,,,,
mm_0038389,PubMedBERT,0.0,1.0,sapbert_full_len3,5,5,0,4,False,1,-0.0,-0.0,C1839576,True,5.0,1.0,"{""C1839576"": 5}",-0.0,-0.0,0.0,C1839576,0.0
mm_0038431,BERT-base,0.0,1.0,sapbert_full_len3,7,7,0,6,False,3,1.3787834934861753,0.49113258984568253,C1312419,False,7.0,3.0,"{""C1312419"": 4, ""UMLS:C3808257"": 1, ""UMLS:C1257990"": 2}",1.3787834934861751,0.4911325898456825,0.0,C1312419,0.0
mm_0038431,BioBERT,0.0,1.0,sapbert_full_len3,7,7,0,6,False,1,-0.0,-0.0,C0008354,True,7.0,1.0,"{""C0008354"": 7}",-0.0,-0.0,0.0,C0008354,0.0
mm_0038431,BioMistral-7B,0.0,1.0,sapbert_full_len3,7,7,0,6,False,1,-0.0,-0.0,C0036117,True,,,,,,,,
mm_0038431,FLAN-T5-base,1.0,1.0,sapbert_full_len3,7,7,0,6,False,1,-0.0,-0.0,C1421424,True,,,,,,,,
mm_0038431,Llama3-OpenBioLLM-8B,1.0,1.0,sapbert_full_len3,7,7,0,6,False,1,-0.0,-0.0,C1421424,True,,,,,,,,
mm_0038431,Meta-Llama-3-8B-Instruct,0.0,0.9999998807907104,sapbert_full_len3,7,7,0,6,False,3,1.3787834934861753,0.49113258984568253,C1421424,False,,,,,,,,
mm_0038431,Mistral-7B-Instruct-v0.1,0.0,0.9999998807907104,sapbert_full_len3,7,7,0,6,False,2,0.5916727785823275,0.21075809614719848,C1421424,False,,,,,,,,
mm_0038431,PubMedBERT,0.0,1.0,sapbert_full_len3,7,7,0,6,False,2,0.5916727785823275,0.21075809614719848,C1447749,False,7.0,2.0,"{""C1447749"": 6, ""UMLS:C1502411"": 1}",0.5916727785823275,0.2107580961471984,0.0,C1447749,0.0
mm_0038623,BERT-base,0.0,1.0,sapbert_full_len3,7,7,0,6,False,3,1.1488348542809166,0.4092232318950598,C1447749,False,7.0,3.0,"{""C1447749"": 5, ""C1312419"": 1, ""UMLS:C1257990"": 1}",1.1488348542809166,0.4092232318950598,0.0,C1447749,0.0
mm_0038623,BioBERT,0.0,1.0,sapbert_full_len3,7,7,0,6,False,2,0.5916727785823275,0.21075809614719848,C0265267,False,7.0,2.0,"{""C0265267"": 6, ""UMLS:C1257990"": 1}",0.5916727785823275,0.2107580961471984,0.0,C0265267,0.0
mm_0038623,BioMistral-7B,0.0,0.9999998807907104,sapbert_full_len3,7,7,0,6,False,1,-0.0,-0.0,C0238288,True,,,,,,,,
mm_0038623,FLAN-T5-base,0.0,1.0,sapbert_full_len3,7,7,0,6,False,2,0.863120568566631,0.30744974986419643,C0016514,False,,,,,,,,
mm_0038623,Llama3-OpenBioLLM-8B,1.0,1.0,sapbert_full_len3,7,7,0,6,False,2,0.5916727785823275,0.21075809614719848,C0011900,False,,,,,,,,
mm_0038623,Meta-Llama-3-8B-Instruct,0.0,1.0,sapbert_full_len3,7,7,0,6,False,2,0.9852281360342515,0.35094534299644053,C0016514,False,,,,,,,,
mm_0038623,Mistral-7B-Instruct-v0.1,0.0,0.999999701976776,sapbert_full_len3,7,7,0,6,False,2,0.863120568566631,0.30744974986419643,C0238288,False,,,,,,,,
mm_0038623,PubMedBERT,0.0,1.0,sapbert_full_len3,7,7,0,6,False,1,-0.0,-0.0,C1447749,True,7.0,1.0,"{""C1447749"": 7}",-0.0,-0.0,0.0,C1447749,0.0
mm_0038625,BERT-base,0.0,1.0,sapbert_full_len3,7,7,0,6,False,2,0.863120568566631,0.30744974986419643,C1447749,False,7.0,2.0,"{""C1447749"": 5, ""UMLS:C1257990"": 2}",0.863120568566631,0.3074497498641964,0.0,C1447749,0.0
mm_0038625,BioBERT,0.0,1.0,sapbert_full_len3,7,7,0,6,False,2,0.863120568566631,0.30744974986419643,C0265267,False,7.0,2.0,"{""C0265267"": 5, ""UMLS:C1257990"": 2}",0.863120568566631,0.3074497498641964,0.0,C0265267,0.0
mm_0038625,BioMistral-7B,0.0,0.999999701976776,sapbert_full_len3,7,7,0,6,False,1,-0.0,-0.0,C0238288,True,,,,,,,,
mm_0038625,FLAN-T5-base,1.0,1.0,sapbert_full_len3,7,7,0,6,False,2,0.9852281360342515,0.35094534299644053,C0016514,False,,,,,,,,
mm_0038625,Llama3-OpenBioLLM-8B,0.0,1.0,sapbert_full_len3,7,7,0,6,False,1,-0.0,-0.0,C0238288,True,,,,,,,,
mm_0038625,Meta-Llama-3-8B-Instruct,1.0,0.999999701976776,sapbert_full_len3,7,7,0,6,False,2,0.9852281360342515,0.35094534299644053,C0238288,False,,,,,,,,
mm_0038625,Mistral-7B-Instruct-v0.1,0.0,0.999999701976776,sapbert_full_len3,7,7,0,6,False,1,-0.0,-0.0,C0238288,True,,,,,,,,
mm_0038625,PubMedBERT,0.0,1.0,sapbert_full_len3,7,7,0,6,False,1,-0.0,-0.0,C1447749,True,7.0,1.0,"{""C1447749"": 7}",-0.0,-0.0,0.0,C1447749,0.0
mm_0039859,BERT-base,0.0,1.0,sapbert_full_len3,9,9,0,8,False,1,-0.0,-0.0,C1257990,True,9.0,1.0,"{""UMLS:C1257990"": 9}",-0.0,-0.0,0.0,UMLS:C1257990,0.0
mm_0039859,BioBERT,0.0,1.0,sapbert_full_len3,9,9,0,8,False,1,-0.0,-0.0,C1257990,True,9.0,1.0,"{""UMLS:C1257990"": 9}",-0.0,-0.0,0.0,UMLS:C1257990,0.0
mm_0039859,BioMistral-7B,0.0,0.9999998807907104,sapbert_full_len3,9,9,0,8,False,2,0.9182958340544896,0.2896900821428475,C1421536,False,,,,,,,,
mm_0039859,FLAN-T5-base,0.0,0.9999998807907104,sapbert_full_len3,9,9,0,8,False,3,1.4355205042826666,0.4528562990069186,C1421536,False,,,,,,,,
mm_0039859,Llama3-OpenBioLLM-8B,1.0,1.0,sapbert_full_len3,9,9,0,8,False,2,0.7642045065086203,0.24107968048484052,C0035668,False,,,,,,,,
mm_0039859,Meta-Llama-3-8B-Instruct,1.0,1.0,sapbert_full_len3,9,9,0,8,False,1,-0.0,-0.0,C0035668,True,,,,,,,,
mm_0039859,Mistral-7B-Instruct-v0.1,1.0,1.0,sapbert_full_len3,9,9,0,8,False,1,-0.0,-0.0,C0035668,True,,,,,,,,
mm_0039859,PubMedBERT,0.0,1.0,sapbert_full_len3,9,9,0,8,False,2,0.7642045065086203,0.24107968048484052,C1447749,False,9.0,2.0,"{""C1447749"": 7, ""UMLS:C1257990"": 2}",0.7642045065086203,0.2410796804848405,0.0,C1447749,0.0
mm_0040043,BERT-base,1.0,1.0,sapbert_full_len3,5,5,0,4,False,2,0.7219280948873623,0.31091750708257115,C2936621,False,5.0,2.0,"{""C2936621"": 4, ""UMLS:C1257990"": 1}",0.7219280948873623,0.3109175070825711,0.0,C2936621,0.0
mm_0040043,BioBERT,0.0,1.0,sapbert_full_len3,5,5,0,4,False,2,0.9709505944546686,0.4181656600790516,C2936621,False,5.0,2.0,"{""UMLS:C1257990"": 2, ""UMLS:C2936621"": 3}",0.9709505944546686,0.4181656600790516,0.6,UMLS:C2936621,0.0
mm_0040043,BioMistral-7B,0.0,1.0,sapbert_full_len3,5,5,0,4,False,1,-0.0,-0.0,C5392992,True,,,,,,,,
mm_0040043,FLAN-T5-base,0.0,1.0,sapbert_full_len3,5,5,0,4,False,1,-0.0,-0.0,C5392992,True,,,,,,,,
mm_0040043,Llama3-OpenBioLLM-8B,0.0,1.0,sapbert_full_len3,5,5,0,4,False,2,0.9709505944546686,0.4181656600790516,C3831111,False,,,,,,,,
mm_0040043,Meta-Llama-3-8B-Instruct,0.0,1.0000001192092896,sapbert_full_len3,5,5,0,4,False,1,-0.0,-0.0,C1328856,True,,,,,,,,
mm_0040043,Mistral-7B-Instruct-v0.1,0.0,0.9999997615814208,sapbert_full_len3,5,5,0,4,False,2,0.7219280948873623,0.31091750708257115,C3831111,False,,,,,,,,
mm_0040043,PubMedBERT,0.0,1.0,sapbert_full_len3,5,5,0,4,False,3,1.3709505944546687,0.5904362833084089,C1839576,False,5.0,3.0,"{""C1370369"": 1, ""C1839576"": 3, ""C1447749"": 1}",1.3709505944546687,0.5904362833084089,0.0,C1839576,1.0
mm_0041012,BERT-base,0.0,1.0,sapbert_full_len3,5,5,0,4,False,1,-0.0,-0.0,C0055966,True,5.0,1.0,"{""C0055966"": 5}",-0.0,-0.0,0.0,C0055966,0.0
mm_0041012,BioBERT,0.0,1.0,sapbert_full_len3,5,5,0,4,False,1,-0.0,-0.0,C1370369,True,5.0,1.0,"{""C1370369"": 5}",-0.0,-0.0,0.0,C1370369,0.0
mm_0041012,BioMistral-7B,0.0,0.9999996423721312,sapbert_full_len3,5,5,0,4,False,3,1.5219280948873621,0.6554587535412855,C1336636,False,,,,,,,,
mm_0041012,FLAN-T5-base,0.0,0.9999998807907104,sapbert_full_len3,5,5,0,4,False,1,-0.0,-0.0,C0000934,True,,,,,,,,
mm_0041012,Llama3-OpenBioLLM-8B,0.0,0.9999998807907104,sapbert_full_len3,5,5,0,4,False,3,1.5219280948873621,0.6554587535412855,C0678209,False,,,,,,,,
mm_0041012,Meta-Llama-3-8B-Instruct,0.0,1.0,sapbert_full_len3,5,5,0,4,False,2,0.9709505944546686,0.4181656600790516,C0000934,False,,,,,,,,
mm_0041012,Mistral-7B-Instruct-v0.1,0.0,1.0,sapbert_full_len3,5,5,0,4,False,2,0.7219280948873623,0.31091750708257115,C1336636,False,,,,,,,,
mm_0041012,PubMedBERT,0.0,1.0,sapbert_full_len3,5,5,0,4,False,1,-0.0,-0.0,C1447749,True,5.0,1.0,"{""C1447749"": 5}",-0.0,-0.0,0.0,C1447749,0.0
mm_0041160,BERT-base,0.0,1.0,sapbert_full_len3,7,7,0,6,False,1,-0.0,-0.0,C1839576,True,7.0,1.0,"{""C1839576"": 7}",-0.0,-0.0,0.0,C1839576,0.0
mm_0041160,BioBERT,0.0,1.0,sapbert_full_len3,7,7,0,6,False,2,0.9852281360342515,0.35094534299644053,C1868801,False,7.0,2.0,"{""C1868801"": 4, ""C1839576"": 3}",0.9852281360342516,0.3509453429964405,0.0,C1868801,0.0
mm_0041160,BioMistral-7B,1.0,1.0,sapbert_full_len3,7,7,0,6,False,2,0.863120568566631,0.30744974986419643,C0003964,False,,,,,,,,
mm_0041160,FLAN-T5-base,1.0,1.0,sapbert_full_len3,7,7,0,6,False,1,-0.0,-0.0,C0003964,True,,,,,,,,
mm_0041160,Llama3-OpenBioLLM-8B,1.0,1.0,sapbert_full_len3,7,7,0,6,False,1,-0.0,-0.0,C0003964,True,,,,,,,,
mm_0041160,Meta-Llama-3-8B-Instruct,1.0,1.0,sapbert_full_len3,7,7,0,6,False,1,-0.0,-0.0,C0003964,True,,,,,,,,
mm_0041160,Mistral-7B-Instruct-v0.1,0.0,0.9999998211860656,sapbert_full_len3,7,7,0,6,False,2,0.9852281360342515,0.35094534299644053,C0009566,False,,,,,,,,
mm_0041160,PubMedBERT,0.0,1.0,sapbert_full_len3,7,7,0,6,False,1,-0.0,-0.0,C0015131,True,7.0,1.0,"{""C0015131"": 7}",-0.0,-0.0,0.0,C0015131,0.0
mm_0041463,BERT-base,0.0,1.0,sapbert_full_len3,5,5,0,4,False,1,-0.0,-0.0,C1447749,True,5.0,1.0,"{""C1447749"": 5}",-0.0,-0.0,0.0,C1447749,0.0
mm_0041463,BioBERT,0.0,1.0,sapbert_full_len3,5,5,0,4,False,1,-0.0,-0.0,C1707887,True,5.0,1.0,"{""UMLS:C1707887"": 5}",-0.0,-0.0,0.0,UMLS:C1707887,0.0
mm_0041463,BioMistral-7B,1.0,0.9999998211860656,sapbert_full_len3,5,5,0,4,False,2,0.9709505944546686,0.4181656600790516,C5234991,False,,,,,,,,
mm_0041463,FLAN-T5-base,0.0,0.8024196624755859,sapbert_full_len3,5,5,0,4,False,3,1.3709505944546687,0.5904362833084089,C1704492,False,,,,,,,,
mm_0041463,Llama3-OpenBioLLM-8B,0.0,0.7833995819091797,sapbert_full_len3,5,5,0,4,False,1,-0.0,-0.0,C5234991,True,,,,,,,,
mm_0041463,Meta-Llama-3-8B-Instruct,0.0,0.7834222316741943,sapbert_full_len3,5,5,0,4,False,1,-0.0,-0.0,C5234991,True,,,,,,,,
mm_0041463,Mistral-7B-Instruct-v0.1,0.0,0.7833995819091797,sapbert_full_len3,5,5,0,4,False,1,-0.0,-0.0,C5234991,True,,,,,,,,
mm_0041463,PubMedBERT,0.0,1.0,sapbert_full_len3,5,5,0,4,False,1,-0.0,-0.0,C1839576,True,5.0,1.0,"{""C1839576"": 5}",-0.0,-0.0,0.0,C1839576,0.0
mm_0042594,BERT-base,0.0,1.0,sapbert_full_len3,5,5,0,4,False,2,0.7219280948873623,0.31091750708257115,C1312419,False,5.0,2.0,"{""C1312419"": 4, ""C0169661"": 1}",0.7219280948873623,0.3109175070825711,0.0,C1312419,0.0
mm_0042594,BioBERT,0.0,1.0,sapbert_full_len3,5,5,0,4,False,2,0.7219280948873623,0.31091750708257115,C1431322,False,5.0,2.0,"{""C1431322"": 4, ""UMLS:C1257990"": 1}",0.7219280948873623,0.3109175070825711,0.0,C1431322,0.0
mm_0042594,BioMistral-7B,0.0,0.7750252485275269,sapbert_full_len3,5,5,0,4,False,1,-0.0,-0.0,C0280091,True,,,,,,,,
mm_0042594,FLAN-T5-base,0.0,0.778575599193573,sapbert_full_len3,5,5,0,4,False,1,-0.0,-0.0,C1422628,True,,,,,,,,
mm_0042594,Llama3-OpenBioLLM-8B,0.0,0.9999997615814208,sapbert_full_len3,5,5,0,4,False,3,1.3709505944546687,0.5904362833084089,C0079189,False,,,,,,,,
mm_0042594,Meta-Llama-3-8B-Instruct,0.0,1.0,sapbert_full_len3,5,5,0,4,False,1,-0.0,-0.0,C0021368,True,,,,,,,,
mm_0042594,Mistral-7B-Instruct-v0.1,0.0,0.9999997615814208,sapbert_full_len3,5,5,0,4,False,1,-0.0,-0.0,C0079189,True,,,,,,,,
mm_0042594,PubMedBERT,0.0,1.0,sapbert_full_len3,5,5,0,4,False,1,-0.0,-0.0,C1431322,True,5.0,1.0,"{""C1431322"": 5}",-0.0,-0.0,0.0,C1431322,0.0
mm_0042711,BERT-base,0.0,1.0,sapbert_full_len3,7,7,0,6,False,2,0.5916727785823275,0.21075809614719848,C1505427,False,7.0,2.0,"{""C1505427"": 6, ""C1739108"": 1}",0.5916727785823275,0.2107580961471984,0.0,C1505427,0.0
mm_0042711,BioBERT,1.0,1.0,sapbert_full_len3,7,7,0,6,False,2,0.863120568566631,0.30744974986419643,C0023896,False,7.0,2.0,"{""C0023896"": 5, ""UMLS:C1257990"": 2}",0.863120568566631,0.3074497498641964,0.0,C0023896,0.0
mm_0042711,BioMistral-7B,0.0,0.9999999403953552,sapbert_full_len3,7,7,0,6,False,3,1.5566567074628228,0.5544923070581674,C4018878,False,,,,,,,,
mm_0042711,FLAN-T5-base,0.0,0.9999999403953552,sapbert_full_len3,7,7,0,6,False,1,-0.0,-0.0,C0023895,True,,,,,,,,
mm_0042711,Llama3-OpenBioLLM-8B,0.0,0.9999999403953552,sapbert_full_len3,7,7,0,6,False,3,1.5566567074628228,0.5544923070581674,C4018878,False,,,,,,,,
mm_0042711,Meta-Llama-3-8B-Instruct,1.0,1.0,sapbert_full_len3,7,7,0,6,False,3,1.3787834934861753,0.49113258984568253,C0023896,False,,,,,,,,
mm_0042711,Mistral-7B-Instruct-v0.1,0.0,0.9999999403953552,sapbert_full_len3,7,7,0,6,False,3,1.5566567074628228,0.5544923070581674,C4018878,False,,,,,,,,
mm_0042711,PubMedBERT,0.0,1.0,sapbert_full_len3,7,7,0,6,False,1,-0.0,-0.0,C1447749,True,7.0,1.0,"{""C1447749"": 7}",-0.0,-0.0,0.0,C1447749,0.0
mm_0043168,BERT-base,0.0,1.0,sapbert_full_len3,5,5,0,4,False,1,-0.0,-0.0,C0024305,True,5.0,1.0,"{""C0024305"": 5}",-0.0,-0.0,0.0,C0024305,0.0
mm_0043168,BioBERT,0.0,1.0,sapbert_full_len3,5,5,0,4,False,2,0.9709505944546686,0.4181656600790516,C0024305,False,5.0,2.0,"{""UMLS:C0024305"": 3, ""C1312419"": 2}",0.9709505944546686,0.4181656600790516,0.0,UMLS:C0024305,0.0
mm_0043168,BioMistral-7B,0.0,1.0,sapbert_full_len3,5,5,0,4,False,2,0.9709505944546686,0.4181656600790516,C0079744,False,,,,,,,,
mm_0043168,FLAN-T5-base,0.0,1.0,sapbert_full_len3,5,5,0,4,False,1,-0.0,-0.0,C0079744,True,,,,,,,,
mm_0043168,Llama3-OpenBioLLM-8B,0.0,1.0,sapbert_full_len3,5,5,0,4,False,1,-0.0,-0.0,C0079744,True,,,,,,,,
mm_0043168,Meta-Llama-3-8B-Instruct,0.0,1.0,sapbert_full_len3,5,5,0,4,False,1,-0.0,-0.0,C0007320,True,,,,,,,,
mm_0043168,Mistral-7B-Instruct-v0.1,0.0,0.9999998807907104,sapbert_full_len3,5,5,0,4,False,1,-0.0,-0.0,C0079744,True,,,,,,,,
mm_0043168,PubMedBERT,0.0,1.0,sapbert_full_len3,5,5,0,4,False,1,-0.0,-0.0,C1839576,True,5.0,1.0,"{""C1839576"": 5}",-0.0,-0.0,0.0,C1839576,0.0
mm_0043171,BERT-base,1.0,1.0,sapbert_full_len3,5,5,0,4,False,1,-0.0,-0.0,C0024305,True,5.0,1.0,"{""C0024305"": 5}",-0.0,-0.0,0.0,C0024305,0.0
mm_0043171,BioBERT,1.0,1.0,sapbert_full_len3,5,5,0,4,False,2,0.7219280948873623,0.31091750708257115,C1312419,False,5.0,2.0,"{""UMLS:C0024305"": 1, ""C1312419"": 4}",0.7219280948873623,0.3109175070825711,0.2,C1312419,0.0
mm_0043171,BioMistral-7B,0.0,1.0,sapbert_full_len3,5,5,0,4,False,2,0.9709505944546686,0.4181656600790516,C0079744,False,,,,,,,,
mm_0043171,FLAN-T5-base,0.0,1.0,sapbert_full_len3,5,5,0,4,False,2,0.9709505944546686,0.4181656600790516,C0079744,False,,,,,,,,
mm_0043171,Llama3-OpenBioLLM-8B,0.0,1.0,sapbert_full_len3,5,5,0,4,False,1,-0.0,-0.0,C0079744,True,,,,,,,,
mm_0043171,Meta-Llama-3-8B-Instruct,1.0,1.0,sapbert_full_len3,5,5,0,4,False,2,0.7219280948873623,0.31091750708257115,C0024305,False,,,,,,,,
mm_0043171,Mistral-7B-Instruct-v0.1,0.0,0.9999997615814208,sapbert_full_len3,5,5,0,4,False,2,0.9709505944546686,0.4181656600790516,C0079744,False,,,,,,,,
mm_0043171,PubMedBERT,0.0,1.0,sapbert_full_len3,5,5,0,4,False,1,-0.0,-0.0,C1839576,True,5.0,1.0,"{""C1839576"": 5}",-0.0,-0.0,0.0,C1839576,0.0
mm_0043706,BERT-base,0.0,1.0,sapbert_full_len3,5,5,0,4,False,1,-0.0,-0.0,C1447749,True,5.0,1.0,"{""C1447749"": 5}",-0.0,-0.0,0.0,C1447749,0.0
mm_0043706,BioBERT,0.0,1.0,sapbert_full_len3,5,5,0,4,False,1,-0.0,-0.0,C1257990,True,5.0,1.0,"{""UMLS:C1257990"": 5}",-0.0,-0.0,0.0,UMLS:C1257990,0.0
mm_0043706,BioMistral-7B,0.0,1.0,sapbert_full_len3,5,5,0,4,False,1,-0.0,-0.0,C0016132,True,,,,,,,,
mm_0043706,FLAN-T5-base,1.0,0.8430220484733582,sapbert_full_len3,5,5,0,4,False,1,-0.0,-0.0,C0441273,True,,,,,,,,
mm_0043706,Llama3-OpenBioLLM-8B,0.0,0.8869836926460266,sapbert_full_len3,5,4,1,4,False,1,-0.0,-0.0,C0441226,True,,,,,,,,
mm_0043706,Meta-Llama-3-8B-Instruct,0.0,0.9554750323295592,sapbert_full_len3,5,5,0,4,False,1,-0.0,-0.0,C0029353,True,,,,,,,,
mm_0043706,Mistral-7B-Instruct-v0.1,0.0,0.8093781471252441,sapbert_full_len3,5,5,0,4,False,2,0.7219280948873623,0.31091750708257115,C1710009,False,,,,,,,,
mm_0043706,PubMedBERT,0.0,1.0,sapbert_full_len3,5,5,0,4,False,1,-0.0,-0.0,C0018966,True,5.0,1.0,"{""C0018966"": 5}",-0.0,-0.0,0.0,C0018966,0.0
mm_0043796,BERT-base,0.0,1.0,sapbert_full_len3,6,6,0,5,False,2,0.9182958340544896,0.355245321275764,C1257990,False,6.0,2.0,"{""UMLS:C1257990"": 4, ""C1312419"": 2}",0.9182958340544896,0.355245321275764,0.0,UMLS:C1257990,0.0
mm_0043796,BioBERT,0.0,1.0,sapbert_full_len3,6,6,0,5,False,2,0.9182958340544896,0.355245321275764,C1257990,False,6.0,2.0,"{""C5392105"": 2, ""UMLS:C1257990"": 4}",0.9182958340544896,0.355245321275764,0.0,UMLS:C1257990,0.0
mm_0043796,BioMistral-7B,1.0,1.0,sapbert_full_len3,6,6,0,5,False,2,0.9182958340544896,0.355245321275764,C0543467,False,,,,,,,,
mm_0043796,FLAN-T5-base,0.0,0.9999999403953552,sapbert_full_len3,6,6,0,5,False,2,0.6500224216483541,0.25146299858006066,C0006826,False,,,,,,,,
mm_0043796,Llama3-OpenBioLLM-8B,0.0,0.9999999403953552,sapbert_full_len3,6,6,0,5,False,2,0.9182958340544896,0.355245321275764,C1537028,False,,,,,,,,
mm_0043796,Meta-Llama-3-8B-Instruct,0.0,0.9999999403953552,sapbert_full_len3,6,6,0,5,False,2,1.0,0.38685280723454163,C0006826,False,,,,,,,,
mm_0043796,Mistral-7B-Instruct-v0.1,1.0,1.0,sapbert_full_len3,6,6,0,5,False,3,1.584962500721156,0.6131471927654584,C0543467,False,,,,,,,,
mm_0043796,PubMedBERT,0.0,1.0,sapbert_full_len3,6,6,0,5,False,2,0.9182958340544896,0.355245321275764,C1447749,False,6.0,2.0,"{""C1447749"": 4, ""UMLS:C1257990"": 2}",0.9182958340544896,0.355245321275764,0.0,C1447749,0.0
mm_0044023,BERT-base,0.0,1.0,sapbert_full_len3,5,5,0,4,False,1,-0.0,-0.0,C1447749,True,5.0,1.0,"{""C1447749"": 5}",-0.0,-0.0,0.0,C1447749,0.0
mm_0044023,BioBERT,0.0,1.0,sapbert_full_len3,5,5,0,4,False,2,0.9709505944546686,0.4181656600790516,C0038441,False,5.0,2.0,"{""C0038441"": 3, ""UMLS:C1257990"": 2}",0.9709505944546686,0.4181656600790516,0.0,C0038441,0.0
mm_0044023,BioMistral-7B,1.0,0.9999998807907104,sapbert_full_len3,5,5,0,4,False,1,-0.0,-0.0,C0038436,True,,,,,,,,
mm_0044023,FLAN-T5-base,1.0,0.9999998807907104,sapbert_full_len3,5,5,0,4,False,1,-0.0,-0.0,C0038436,True,,,,,,,,
mm_0044023,Llama3-OpenBioLLM-8B,1.0,0.9964214563369752,sapbert_full_len3,5,5,0,4,False,2,0.7219280948873623,0.31091750708257115,C0038436,False,,,,,,,,
mm_0044023,Meta-Llama-3-8B-Instruct,1.0,1.0,sapbert_full_len3,5,5,0,4,False,1,-0.0,-0.0,C0038436,True,,,,,,,,
mm_0044023,Mistral-7B-Instruct-v0.1,1.0,1.0,sapbert_full_len3,5,5,0,4,False,1,-0.0,-0.0,C0038436,True,,,,,,,,
mm_0044023,PubMedBERT,0.0,1.0,sapbert_full_len3,5,5,0,4,False,1,-0.0,-0.0,C1839576,True,5.0,1.0,"{""C1839576"": 5}",-0.0,-0.0,0.0,C1839576,0.0
mm_0044396,BERT-base,0.0,1.0,sapbert_full_len3,9,9,0,8,False,1,-0.0,-0.0,C1257990,True,9.0,1.0,"{""UMLS:C1257990"": 9}",-0.0,-0.0,0.0,UMLS:C1257990,0.0
mm_0044396,BioBERT,0.0,1.0,sapbert_full_len3,9,9,0,8,False,1,-0.0,-0.0,C1257990,True,9.0,1.0,"{""UMLS:C1257990"": 9}",-0.0,-0.0,0.0,UMLS:C1257990,0.0
mm_0044396,BioMistral-7B,0.0,0.9999995827674866,sapbert_full_len3,9,9,0,8,False,1,-0.0,-0.0,C4084937,True,,,,,,,,
mm_0044396,FLAN-T5-base,0.0,1.0,sapbert_full_len3,9,9,0,8,False,1,-0.0,-0.0,C0040643,True,,,,,,,,
mm_0044396,Llama3-OpenBioLLM-8B,0.0,0.9999999403953552,sapbert_full_len3,9,9,0,8,False,5,2.197159723424149,0.693126721428565,C0017262,False,,,,,,,,
mm_0044396,Meta-Llama-3-8B-Instruct,0.0,1.0,sapbert_full_len3,9,9,0,8,False,2,0.7642045065086203,0.24107968048484052,C4084937,False,,,,,,,,
mm_0044396,Mistral-7B-Instruct-v0.1,0.0,0.9999995827674866,sapbert_full_len3,9,9,0,8,False,2,0.7642045065086203,0.24107968048484052,C4084937,False,,,,,,,,
mm_0044396,PubMedBERT,0.0,1.0,sapbert_full_len3,9,9,0,8,False,1,-0.0,-0.0,C1431322,True,9.0,1.0,"{""C1431322"": 9}",-0.0,-0.0,0.0,C1431322,0.0
mm_0044768,BERT-base,1.0,1.0,sapbert_full_len3,9,9,0,8,False,2,0.7642045065086203,0.24107968048484052,C0085717,False,9.0,2.0,"{""UMLS:C0085717"": 7, ""UMLS:C1257990"": 2}",0.7642045065086203,0.2410796804848405,0.7777777777777778,UMLS:C0085717,0.0
mm_0044768,BioBERT,0.0,1.0,sapbert_full_len3,9,9,0,8,False,5,2.197159723424149,0.693126721428565,C0013728,False,9.0,5.0,"{""C0013728"": 3, ""C1839576"": 1, ""C1176474"": 1, ""C0008396"": 2, ""C0752615"": 2}",2.197159723424149,0.693126721428565,0.0,C0013728,1.0
mm_0044768,BioMistral-7B,0.0,0.9999998807907104,sapbert_full_len3,9,9,0,8,False,2,0.5032583347756457,0.1587603285713901,C1422343,False,,,,,,,,
mm_0044768,FLAN-T5-base,0.0,0.8838589787483215,sapbert_full_len3,9,9,0,8,False,3,1.4355205042826666,0.4528562990069186,C0381986,False,,,,,,,,
mm_0044768,Llama3-OpenBioLLM-8B,0.0,0.8050447702407837,sapbert_full_len3,9,9,0,8,False,4,1.6577427265048887,0.5229596049593027,C0035323,False,,,,,,,,
mm_0044768,Meta-Llama-3-8B-Instruct,0.0,0.8050047159194946,sapbert_full_len3,9,9,0,8,False,1,-0.0,-0.0,C0086032,True,,,,,,,,
mm_0044768,Mistral-7B-Instruct-v0.1,0.0,0.9999998807907104,sapbert_full_len3,9,9,0,8,False,3,1.5304930567574824,0.48281680357141255,C0031760,False,,,,,,,,
mm_0044768,PubMedBERT,0.0,1.0,sapbert_full_len3,9,9,0,8,False,1,-0.0,-0.0,C1839576,True,9.0,1.0,"{""C1839576"": 9}",-0.0,-0.0,0.0,C1839576,0.0
mm_0044841,BERT-base,0.0,1.0,sapbert_full_len3,5,5,0,4,False,1,-0.0,-0.0,C1257990,True,5.0,1.0,"{""UMLS:C1257990"": 5}",-0.0,-0.0,0.0,UMLS:C1257990,0.0
mm_0044841,BioBERT,0.0,1.0,sapbert_full_len3,5,5,0,4,False,1,-0.0,-0.0,C1312419,True,5.0,1.0,"{""C1312419"": 5}",-0.0,-0.0,0.0,C1312419,0.0
mm_0044841,BioMistral-7B,0.0,1.0,sapbert_full_len3,5,5,0,4,False,2,0.9709505944546686,0.4181656600790516,C5781271,False,,,,,,,,
mm_0044841,FLAN-T5-base,0.0,1.0,sapbert_full_len3,5,5,0,4,False,3,1.3709505944546687,0.5904362833084089,C2828387,False,,,,,,,,
mm_0044841,Llama3-OpenBioLLM-8B,0.0,0.9999998807907104,sapbert_full_len3,5,5,0,4,False,2,0.7219280948873623,0.31091750708257115,C0069580,False,,,,,,,,
mm_0044841,Meta-Llama-3-8B-Instruct,0.0,0.7627688646316528,sapbert_full_len3,5,5,0,4,False,1,-0.0,-0.0,C5781271,True,,,,,,,,
mm_0044841,Mistral-7B-Instruct-v0.1,0.0,0.8233555555343628,sapbert_full_len3,5,5,0,4,False,2,0.9709505944546686,0.4181656600790516,C5781271,False,,,,,,,,
mm_0044841,PubMedBERT,0.0,1.0,sapbert_full_len3,5,5,0,4,False,2,0.9709505944546686,0.4181656600790516,C1447749,False,5.0,2.0,"{""C1447749"": 3, ""C1839576"": 2}",0.9709505944546686,0.4181656600790516,0.0,C1447749,0.0
mm_0045375,BERT-base,0.0,1.0,sapbert_full_len3,5,5,0,4,False,1,-0.0,-0.0,C1257880,True,5.0,1.0,"{""C1257880"": 5}",-0.0,-0.0,0.0,C1257880,0.0
mm_0045375,BioBERT,0.0,1.0,sapbert_full_len3,5,5,0,4,False,1,-0.0,-0.0,C1257880,True,5.0,1.0,"{""C1257880"": 5}",-0.0,-0.0,0.0,C1257880,0.0
mm_0045375,BioMistral-7B,0.0,0.8703904151916504,sapbert_full_len3,5,5,0,4,False,1,-0.0,-0.0,C1413745,True,,,,,,,,
mm_0045375,FLAN-T5-base,0.0,0.8703904151916504,sapbert_full_len3,5,5,0,4,False,2,0.9709505944546686,0.4181656600790516,C1413745,False,,,,,,,,
mm_0045375,Llama3-OpenBioLLM-8B,0.0,0.8043785691261292,sapbert_full_len3,5,5,0,4,False,1,-0.0,-0.0,C0185062,True,,,,,,,,
mm_0045375,Meta-Llama-3-8B-Instruct,0.0,1.0,sapbert_full_len3,5,5,0,4,False,2,0.9709505944546686,0.4181656600790516,C0032521,False,,,,,,,,
mm_0045375,Mistral-7B-Instruct-v0.1,0.0,0.9999998807907104,sapbert_full_len3,5,5,0,4,False,1,-0.0,-0.0,C5197891,True,,,,,,,,
mm_0045375,PubMedBERT,0.0,1.0,sapbert_full_len3,5,5,0,4,False,1,-0.0,-0.0,C0015131,True,5.0,1.0,"{""C0015131"": 5}",-0.0,-0.0,0.0,C0015131,0.0
mm_0045468,BERT-base,0.0,1.0,sapbert_full_len3,9,9,0,8,False,1,-0.0,-0.0,C1257990,True,9.0,1.0,"{""UMLS:C1257990"": 9}",-0.0,-0.0,0.0,UMLS:C1257990,0.0
mm_0045468,BioBERT,0.0,1.0,sapbert_full_len3,9,9,0,8,False,2,0.5032583347756457,0.1587603285713901,C1257990,False,9.0,2.0,"{""UMLS:C1257990"": 8, ""C1312419"": 1}",0.5032583347756457,0.1587603285713901,0.0,UMLS:C1257990,0.0
mm_0045468,BioMistral-7B,0.0,0.9999998807907104,sapbert_full_len3,9,9,0,8,False,2,0.7642045065086203,0.24107968048484052,C1419291,False,,,,,,,,
mm_0045468,FLAN-T5-base,0.0,0.9999999403953552,sapbert_full_len3,9,9,0,8,False,3,1.3516441151533922,0.4263962442450202,C0006826,False,,,,,,,,
mm_0045468,Llama3-OpenBioLLM-8B,0.0,0.9999998807907104,sapbert_full_len3,9,9,0,8,False,4,1.836591668108979,0.579380164285695,C2985566,False,,,,,,,,
mm_0045468,Meta-Llama-3-8B-Instruct,0.0,0.9999998807907104,sapbert_full_len3,9,9,0,8,False,1,-0.0,-0.0,C0162638,True,,,,,,,,
mm_0045468,Mistral-7B-Instruct-v0.1,0.0,0.9999998807907104,sapbert_full_len3,9,9,0,8,False,2,0.7642045065086203,0.24107968048484052,C0162638,False,,,,,,,,
mm_0045468,PubMedBERT,0.0,1.0,sapbert_full_len3,9,9,0,8,False,2,0.7642045065086203,0.24107968048484052,C1447749,False,9.0,2.0,"{""C1447749"": 7, ""C1839576"": 2}",0.7642045065086203,0.2410796804848405,0.0,C1447749,0.0
mm_0045985,BERT-base,0.0,1.0,sapbert_full_len3,7,7,0,6,False,1,-0.0,-0.0,C0282597,True,7.0,1.0,"{""C0282597"": 7}",-0.0,-0.0,0.0,C0282597,0.0
mm_0045985,BioBERT,0.0,1.0,sapbert_full_len3,7,7,0,6,False,2,0.5916727785823275,0.21075809614719848,C1257990,False,7.0,2.0,"{""UMLS:C1257990"": 6, ""C0016709"": 1}",0.5916727785823275,0.2107580961471984,0.0,UMLS:C1257990,0.0
mm_0045985,BioMistral-7B,1.0,1.0,sapbert_full_len3,7,7,0,6,False,1,-0.0,-0.0,C0180875,True,,,,,,,,
mm_0045985,FLAN-T5-base,1.0,1.0,sapbert_full_len3,7,7,0,6,False,1,-0.0,-0.0,C0180875,True,,,,,,,,
mm_0045985,Llama3-OpenBioLLM-8B,1.0,1.0,sapbert_full_len3,7,7,0,6,False,1,-0.0,-0.0,C0180875,True,,,,,,,,
mm_0045985,Meta-Llama-3-8B-Instruct,0.0,0.9999998211860656,sapbert_full_len3,7,7,0,6,False,3,1.1488348542809166,0.4092232318950598,C1550105,False,,,,,,,,
mm_0045985,Mistral-7B-Instruct-v0.1,1.0,1.0,sapbert_full_len3,7,7,0,6,False,1,-0.0,-0.0,C0180875,True,,,,,,,,
mm_0045985,PubMedBERT,0.0,1.0,sapbert_full_len3,7,7,0,6,False,3,1.1488348542809166,0.4092232318950598,C1839576,False,7.0,3.0,"{""C1839576"": 5, ""UMLS:C1257990"": 1, ""C1447749"": 1}",1.1488348542809166,0.4092232318950598,0.0,C1839576,0.0
mm_0046898,BERT-base,0.0,1.0,sapbert_full_len3,7,7,0,6,False,1,-0.0,-0.0,C3850091,True,7.0,1.0,"{""C3850091"": 7}",-0.0,-0.0,0.0,C3850091,0.0
mm_0046898,BioBERT,0.0,1.0,sapbert_full_len3,7,7,0,6,False,2,0.9852281360342515,0.35094534299644053,C1257990,False,7.0,2.0,"{""UMLS:C0681906"": 3, ""UMLS:C1257990"": 4}",0.9852281360342516,0.3509453429964405,0.0,UMLS:C1257990,0.0
mm_0046898,BioMistral-7B,0.0,0.9999999403953552,sapbert_full_len3,7,7,0,6,False,1,-0.0,-0.0,C0030567,True,,,,,,,,
mm_0046898,FLAN-T5-base,1.0,1.0,sapbert_full_len3,7,7,0,6,False,1,-0.0,-0.0,C0679646,True,,,,,,,,
mm_0046898,Llama3-OpenBioLLM-8B,0.0,0.999999701976776,sapbert_full_len3,7,7,0,6,False,3,1.3787834934861753,0.49113258984568253,C0814890,False,,,,,,,,
mm_0046898,Meta-Llama-3-8B-Instruct,0.0,0.9999999403953552,sapbert_full_len3,7,7,0,6,False,2,0.9852281360342515,0.35094534299644053,C0037408,False,,,,,,,,
mm_0046898,Mistral-7B-Instruct-v0.1,0.0,0.9999998211860656,sapbert_full_len3,7,7,0,6,False,1,-0.0,-0.0,C0030567,True,,,,,,,,
mm_0046898,PubMedBERT,0.0,1.0,sapbert_full_len3,7,7,0,6,False,2,0.863120568566631,0.30744974986419643,C1839576,False,7.0,2.0,"{""C1839576"": 5, ""UMLS:C0681906"": 2}",0.863120568566631,0.3074497498641964,0.0,C1839576,0.0
mm_0046915,BERT-base,0.0,1.0,sapbert_full_len3,9,9,0,8,False,3,1.5304930567574824,0.48281680357141255,C2350390,False,9.0,3.0,"{""C1447749"": 3, ""UMLS:C2350390"": 4, ""C0338508"": 2}",1.5304930567574824,0.4828168035714125,0.0,UMLS:C2350390,0.0
mm_0046915,BioBERT,0.0,1.0,sapbert_full_len3,9,9,0,8,False,4,1.6577427265048887,0.5229596049593027,C0265267,False,9.0,4.0,"{""C0265267"": 5, ""C5392105"": 1, ""C0035541"": 1, ""C0027609"": 2}",1.6577427265048887,0.5229596049593027,0.0,C0265267,1.0
mm_0046915,BioMistral-7B,0.0,1.0,sapbert_full_len3,9,9,0,8,False,3,1.3516441151533924,0.4263962442450203,C0000934,False,,,,,,,,
mm_0046915,FLAN-T5-base,0.0,1.0,sapbert_full_len3,9,9,0,8,False,3,1.224394445405986,0.3862534428571301,C0000934,False,,,,,,,,
mm_0046915,Llama3-OpenBioLLM-8B,0.0,1.0,sapbert_full_len3,9,9,0,8,False,4,1.974937501201927,0.6230234154761809,C0000934,False,,,,,,,,
mm_0046915,Meta-Llama-3-8B-Instruct,0.0,1.0,sapbert_full_len3,9,9,0,8,False,1,-0.0,-0.0,C0000934,True,,,,,,,,
mm_0046915,Mistral-7B-Instruct-v0.1,0.0,1.0,sapbert_full_len3,9,9,0,8,False,1,-0.0,-0.0,C0000934,True,,,,,,,,
mm_0046915,PubMedBERT,0.0,1.0,sapbert_full_len3,9,9,0,8,False,3,1.4355205042826666,0.4528562990069186,C1447749,False,9.0,3.0,"{""C1447749"": 5, ""C0338508"": 2, ""C0030055"": 2}",1.4355205042826666,0.4528562990069186,0.0,C1447749,0.0
mm_0047129,BERT-base,0.0,1.0,sapbert_full_len3,5,5,0,4,False,1,-0.0,-0.0,C1447749,True,5.0,1.0,"{""C1447749"": 5}",-0.0,-0.0,0.0,C1447749,0.0
mm_0047129,BioBERT,0.0,1.0,sapbert_full_len3,5,5,0,4,False,2,0.7219280948873623,0.31091750708257115,C1839576,False,5.0,2.0,"{""C0814154"": 1, ""C1839576"": 4}",0.7219280948873623,0.3109175070825711,0.0,C1839576,0.0
mm_0047129,BioMistral-7B,1.0,1.0,sapbert_full_len3,5,5,0,4,False,1,-0.0,-0.0,C0476254,True,,,,,,,,
mm_0047129,FLAN-T5-base,1.0,1.0,sapbert_full_len3,5,5,0,4,False,1,-0.0,-0.0,C0476254,True,,,,,,,,
mm_0047129,Llama3-OpenBioLLM-8B,1.0,0.8411533832550049,sapbert_full_len3,5,5,0,4,False,1,-0.0,-0.0,C0476254,True,,,,,,,,
mm_0047129,Meta-Llama-3-8B-Instruct,1.0,1.0,sapbert_full_len3,5,5,0,4,False,1,-0.0,-0.0,C0476254,True,,,,,,,,
mm_0047129,Mistral-7B-Instruct-v0.1,1.0,1.0,sapbert_full_len3,5,5,0,4,False,1,-0.0,-0.0,C0476254,True,,,,,,,,
mm_0047129,PubMedBERT,0.0,1.0,sapbert_full_len3,5,5,0,4,False,1,-0.0,-0.0,C1839576,True,5.0,1.0,"{""C1839576"": 5}",-0.0,-0.0,0.0,C1839576,0.0
mm_0047994,BERT-base,0.0,1.0,sapbert_full_len3,7,7,0,6,False,3,1.3787834934861753,0.49113258984568253,C0358514,False,7.0,3.0,"{""UMLS:C1257990"": 1, ""UMLS:C0358514"": 4, ""C4277607"": 2}",1.3787834934861751,0.4911325898456825,0.0,UMLS:C0358514,0.0
mm_0047994,BioBERT,1.0,1.0,sapbert_full_len3,7,7,0,6,False,1,-0.0,-0.0,C4277607,True,7.0,1.0,"{""C4277607"": 7}",-0.0,-0.0,0.0,C4277607,0.0
mm_0047994,BioMistral-7B,0.0,1.0,sapbert_full_len3,7,7,0,6,False,2,0.5916727785823275,0.21075809614719848,C4554585,False,,,,,,,,
mm_0047994,FLAN-T5-base,0.0,1.0,sapbert_full_len3,7,7,0,6,False,1,-0.0,-0.0,C0042210,True,,,,,,,,
mm_0047994,Llama3-OpenBioLLM-8B,0.0,1.0,sapbert_full_len3,7,7,0,6,False,2,0.863120568566631,0.30744974986419643,C4554585,False,,,,,,,,
mm_0047994,Meta-Llama-3-8B-Instruct,0.0,1.0,sapbert_full_len3,7,7,0,6,False,1,-0.0,-0.0,C4554585,True,,,,,,,,
mm_0047994,Mistral-7B-Instruct-v0.1,0.0,0.9999998211860656,sapbert_full_len3,7,7,0,6,False,2,0.5916727785823275,0.21075809614719848,C4554585,False,,,,,,,,
mm_0047994,PubMedBERT,0.0,1.0,sapbert_full_len3,7,7,0,6,False,2,0.5916727785823275,0.21075809614719848,C1015514,False,7.0,2.0,"{""UMLS:C1015514"": 6, ""UMLS:C1707887"": 1}",0.5916727785823275,0.2107580961471984,0.0,UMLS:C1015514,0.0
mm_0048041,BERT-base,0.0,1.0,sapbert_full_len3,9,9,0,8,False,1,-0.0,-0.0,C1447749,True,9.0,1.0,"{""C1447749"": 9}",-0.0,-0.0,0.0,C1447749,0.0
mm_0048041,BioBERT,0.0,1.0,sapbert_full_len3,9,9,0,8,False,3,1.5304930567574824,0.48281680357141255,C1707887,False,9.0,3.0,"{""UMLS:C1257990"": 3, ""UMLS:C1707887"": 4, ""C1447749"": 2}",1.5304930567574824,0.4828168035714125,0.0,UMLS:C1707887,0.0
mm_0048041,BioMistral-7B,0.0,0.9999997615814208,sapbert_full_len3,9,9,0,8,False,2,0.9910760598382222,0.3126496871021503,C0039494,False,,,,,,,,
mm_0048041,FLAN-T5-base,1.0,1.0,sapbert_full_len3,9,9,0,8,False,1,-0.0,-0.0,C0024485,True,,,,,,,,
mm_0048041,Llama3-OpenBioLLM-8B,1.0,1.0,sapbert_full_len3,9,9,0,8,False,2,0.5032583347756457,0.1587603285713901,C0024485,False,,,,,,,,
mm_0048041,Meta-Llama-3-8B-Instruct,1.0,1.0,sapbert_full_len3,9,9,0,8,False,1,-0.0,-0.0,C0024485,True,,,,,,,,
mm_0048041,Mistral-7B-Instruct-v0.1,1.0,1.0,sapbert_full_len3,9,9,0,8,False,1,-0.0,-0.0,C0024485,True,,,,,,,,
mm_0048041,PubMedBERT,0.0,1.0,sapbert_full_len3,9,9,0,8,False,2,0.9910760598382222,0.3126496871021503,C1839576,False,9.0,2.0,"{""C1839576"": 5, ""C1447749"": 4}",0.9910760598382222,0.3126496871021503,0.0,C1839576,0.0
mm_0048064,BERT-base,0.0,1.0,sapbert_full_len3,7,7,0,6,False,1,-0.0,-0.0,C0358514,True,7.0,1.0,"{""UMLS:C0358514"": 7}",-0.0,-0.0,0.0,UMLS:C0358514,0.0
mm_0048064,BioBERT,0.0,1.0,sapbert_full_len3,7,7,0,6,False,2,0.863120568566631,0.30744974986419643,C1839576,False,7.0,2.0,"{""C1839576"": 5, ""C1447749"": 2}",0.863120568566631,0.3074497498641964,0.0,C1839576,0.0
mm_0048064,BioMistral-7B,0.0,0.8003414273262024,sapbert_full_len3,7,7,0,6,False,2,0.863120568566631,0.30744974986419643,C0235833,False,,,,,,,,
mm_0048064,FLAN-T5-base,0.0,0.9150243997573853,sapbert_full_len3,7,7,0,6,False,1,-0.0,-0.0,C1419382,True,,,,,,,,
mm_0048064,Llama3-OpenBioLLM-8B,0.0,0.9037964940071106,sapbert_full_len3,7,7,0,6,False,3,1.1488348542809166,0.4092232318950598,C1419382,False,,,,,,,,
mm_0048064,Meta-Llama-3-8B-Instruct,0.0,0.9999999403953552,sapbert_full_len3,7,7,0,6,False,1,-0.0,-0.0,C0011900,True,,,,,,,,
mm_0048064,Mistral-7B-Instruct-v0.1,0.0,0.9999998807907104,sapbert_full_len3,7,7,0,6,False,2,0.9852281360342515,0.35094534299644053,C0011900,False,,,,,,,,
mm_0048064,PubMedBERT,0.0,1.0,sapbert_full_len3,7,7,0,6,False,2,0.863120568566631,0.30744974986419643,C1839576,False,7.0,2.0,"{""C1839576"": 5, ""C0018966"": 2}",0.863120568566631,0.3074497498641964,0.0,C1839576,0.0
mm_0048140,BERT-base,0.0,1.0,sapbert_full_len3,7,7,0,6,False,1,-0.0,-0.0,C0282597,True,7.0,1.0,"{""C0282597"": 7}",-0.0,-0.0,0.0,C0282597,0.0
mm_0048140,BioBERT,0.0,1.0,sapbert_full_len3,7,7,0,6,False,2,0.863120568566631,0.30744974986419643,C2347609,False,7.0,2.0,"{""UMLS:C2347609"": 5, ""UMLS:C1257990"": 2}",0.863120568566631,0.3074497498641964,0.0,UMLS:C2347609,0.0
mm_0048140,BioMistral-7B,0.0,0.7662796974182129,sapbert_full_len3,7,7,0,6,False,3,1.5566567074628228,0.5544923070581674,C0402659,False,,,,,,,,
mm_0048140,FLAN-T5-base,0.0,0.766288697719574,sapbert_full_len3,7,7,0,6,False,1,-0.0,-0.0,C0402659,True,,,,,,,,
mm_0048140,Llama3-OpenBioLLM-8B,0.0,0.766288697719574,sapbert_full_len3,7,7,0,6,False,3,1.5566567074628228,0.5544923070581674,C0402659,False,,,,,,,,
mm_0048140,Meta-Llama-3-8B-Instruct,0.0,0.7000852823257446,sapbert_full_len3,7,7,0,6,False,3,1.3787834934861753,0.49113258984568253,C0872323,False,,,,,,,,
mm_0048140,Mistral-7B-Instruct-v0.1,0.0,0.766288697719574,sapbert_full_len3,7,7,0,6,False,3,1.5566567074628228,0.5544923070581674,C0402659,False,,,,,,,,
mm_0048140,PubMedBERT,0.0,1.0,sapbert_full_len3,7,7,0,6,False,1,-0.0,-0.0,C1447749,True,7.0,1.0,"{""C1447749"": 7}",-0.0,-0.0,0.0,C1447749,0.0
mm_0048285,BERT-base,0.0,1.0,sapbert_full_len3,7,7,0,6,False,1,-0.0,-0.0,C1447749,True,7.0,1.0,"{""C1447749"": 7}",-0.0,-0.0,0.0,C1447749,0.0
mm_0048285,BioBERT,0.0,1.0,sapbert_full_len3,7,7,0,6,False,1,-0.0,-0.0,C1707887,True,7.0,1.0,"{""UMLS:C1707887"": 7}",-0.0,-0.0,0.0,UMLS:C1707887,0.0
mm_0048285,BioMistral-7B,0.0,1.0,sapbert_full_len3,7,7,0,6,False,2,0.863120568566631,0.30744974986419643,C0013819,False,,,,,,,,
mm_0048285,FLAN-T5-base,0.0,0.9999997615814208,sapbert_full_len3,7,7,0,6,False,2,0.9852281360342515,0.35094534299644053,C0013819,False,,,,,,,,
mm_0048285,Llama3-OpenBioLLM-8B,0.0,0.9999998807907104,sapbert_full_len3,7,7,0,6,False,2,0.863120568566631,0.30744974986419643,C0013819,False,,,,,,,,
mm_0048285,Meta-Llama-3-8B-Instruct,0.0,1.0000001192092896,sapbert_full_len3,7,7,0,6,False,1,-0.0,-0.0,C0027901,True,,,,,,,,
mm_0048285,Mistral-7B-Instruct-v0.1,0.0,1.0,sapbert_full_len3,7,7,0,6,False,1,-0.0,-0.0,C0013819,True,,,,,,,,
mm_0048285,PubMedBERT,0.0,1.0,sapbert_full_len3,7,7,0,6,False,1,-0.0,-0.0,C1839576,True,7.0,1.0,"{""C1839576"": 7}",-0.0,-0.0,0.0,C1839576,0.0
mm_0048307,BERT-base,0.0,1.0,sapbert_full_len3,5,5,0,4,False,1,-0.0,-0.0,C0344351,True,5.0,1.0,"{""C0344351"": 5}",-0.0,-0.0,0.0,C0344351,0.0
mm_0048307,BioBERT,0.0,1.0,sapbert_full_len3,5,5,0,4,False,2,0.9709505944546686,0.4181656600790516,C0027609,False,5.0,2.0,"{""C0027609"": 3, ""UMLS:C0243095"": 2}",0.9709505944546686,0.4181656600790516,0.0,C0027609,0.0
mm_0048307,BioMistral-7B,0.0,0.8851925134658813,sapbert_full_len3,5,5,0,4,False,1,-0.0,-0.0,C1690006,True,,,,,,,,
mm_0048307,FLAN-T5-base,1.0,0.9999999403953552,sapbert_full_len3,5,5,0,4,False,1,-0.0,-0.0,C0259836,True,,,,,,,,
mm_0048307,Llama3-OpenBioLLM-8B,0.0,0.9999998211860656,sapbert_full_len3,5,5,0,4,False,2,0.9709505944546686,0.4181656600790516,C1286104,False,,,,,,,,
mm_0048307,Meta-Llama-3-8B-Instruct,0.0,1.0000001192092896,sapbert_full_len3,5,5,0,4,False,2,0.7219280948873623,0.31091750708257115,C0850624,False,,,,,,,,
mm_0048307,Mistral-7B-Instruct-v0.1,1.0,0.8266940116882324,sapbert_full_len3,5,5,0,4,False,1,-0.0,-0.0,C0259836,True,,,,,,,,
mm_0048307,PubMedBERT,0.0,1.0,sapbert_full_len3,5,5,0,4,False,1,-0.0,-0.0,C1839576,True,5.0,1.0,"{""C1839576"": 5}",-0.0,-0.0,0.0,C1839576,0.0
mm_0048417,BERT-base,0.0,1.0,sapbert_full_len3,7,7,0,6,False,1,-0.0,-0.0,C1447749,True,7.0,1.0,"{""C1447749"": 7}",-0.0,-0.0,0.0,C1447749,0.0
mm_0048417,BioBERT,0.0,1.0,sapbert_full_len3,7,7,0,6,False,2,0.863120568566631,0.30744974986419643,C1447749,False,7.0,2.0,"{""C1447749"": 5, ""UMLS:C1707887"": 2}",0.863120568566631,0.3074497498641964,0.0,C1447749,0.0
mm_0048417,BioMistral-7B,0.0,0.9999999403953552,sapbert_full_len3,7,7,0,6,False,2,0.5916727785823275,0.21075809614719848,C0218499,False,,,,,,,,
mm_0048417,FLAN-T5-base,0.0,0.9999998211860656,sapbert_full_len3,7,7,0,6,False,2,0.863120568566631,0.30744974986419643,C0879626,False,,,,,,,,
mm_0048417,Llama3-OpenBioLLM-8B,1.0,1.0,sapbert_full_len3,7,7,0,6,False,1,-0.0,-0.0,C0032385,True,,,,,,,,
mm_0048417,Meta-Llama-3-8B-Instruct,0.0,1.0,sapbert_full_len3,7,7,0,6,False,1,-0.0,-0.0,C0275009,True,,,,,,,,
mm_0048417,Mistral-7B-Instruct-v0.1,0.0,1.0,sapbert_full_len3,7,7,0,6,False,1,-0.0,-0.0,C0275009,True,,,,,,,,
mm_0048417,PubMedBERT,0.0,1.0,sapbert_full_len3,7,7,0,6,False,1,-0.0,-0.0,C1447749,True,7.0,1.0,"{""C1447749"": 7}",-0.0,-0.0,0.0,C1447749,0.0
mm_0048521,BERT-base,0.0,1.0,sapbert_full_len3,7,7,0,6,False,1,-0.0,-0.0,C1257990,True,7.0,1.0,"{""UMLS:C1257990"": 7}",-0.0,-0.0,0.0,UMLS:C1257990,0.0
mm_0048521,BioBERT,0.0,1.0,sapbert_full_len3,7,7,0,6,False,1,-0.0,-0.0,C1257990,True,7.0,1.0,"{""UMLS:C1257990"": 7}",-0.0,-0.0,0.0,UMLS:C1257990,0.0
mm_0048521,BioMistral-7B,0.0,0.9999998807907104,sapbert_full_len3,7,7,0,6,False,1,-0.0,-0.0,C0017626,True,,,,,,,,
mm_0048521,FLAN-T5-base,0.0,0.9999999403953552,sapbert_full_len3,7,7,0,6,False,2,0.863120568566631,0.30744974986419643,C0004112,False,,,,,,,,
mm_0048521,Llama3-OpenBioLLM-8B,0.0,1.0,sapbert_full_len3,7,7,0,6,False,3,1.3787834934861753,0.49113258984568253,C0004112,False,,,,,,,,
mm_0048521,Meta-Llama-3-8B-Instruct,0.0,0.9999998211860656,sapbert_full_len3,7,7,0,6,False,2,0.863120568566631,0.30744974986419643,C1326121,False,,,,,,,,
mm_0048521,Mistral-7B-Instruct-v0.1,0.0,1.0,sapbert_full_len3,7,7,0,6,False,1,-0.0,-0.0,C1326121,True,,,,,,,,
mm_0048521,PubMedBERT,0.0,1.0,sapbert_full_len3,7,7,0,6,False,2,0.863120568566631,0.30744974986419643,C1839576,False,7.0,2.0,"{""C1839576"": 5, ""UMLS:C1257990"": 2}",0.863120568566631,0.3074497498641964,0.0,C1839576,0.0
mm_0048655,BERT-base,0.0,1.0,sapbert_full_len3,7,7,0,6,False,1,-0.0,-0.0,C1257990,True,7.0,1.0,"{""UMLS:C1257990"": 7}",-0.0,-0.0,0.0,UMLS:C1257990,0.0
mm_0048655,BioBERT,0.0,1.0,sapbert_full_len3,7,7,0,6,False,2,0.9852281360342515,0.35094534299644053,C1312419,False,7.0,2.0,"{""UMLS:C1257990"": 3, ""C1312419"": 4}",0.9852281360342516,0.3509453429964405,0.0,C1312419,0.0
mm_0048655,BioMistral-7B,0.0,0.9999998807907104,sapbert_full_len3,7,7,0,6,False,1,-0.0,-0.0,C0060369,True,,,,,,,,
mm_0048655,FLAN-T5-base,0.0,0.9999998807907104,sapbert_full_len3,7,7,0,6,False,2,0.863120568566631,0.30744974986419643,C0060369,False,,,,,,,,
mm_0048655,Llama3-OpenBioLLM-8B,0.0,0.9999999403953552,sapbert_full_len3,7,7,0,6,False,3,1.5566567074628228,0.5544923070581674,C2985566,False,,,,,,,,
mm_0048655,Meta-Llama-3-8B-Instruct,0.0,0.9999998807907104,sapbert_full_len3,7,7,0,6,False,2,0.5916727785823275,0.21075809614719848,C0060369,False,,,,,,,,
mm_0048655,Mistral-7B-Instruct-v0.1,0.0,0.9999998211860656,sapbert_full_len3,7,7,0,6,False,1,-0.0,-0.0,C0060369,True,,,,,,,,
mm_0048655,PubMedBERT,0.0,1.0,sapbert_full_len3,7,7,0,6,False,2,0.863120568566631,0.30744974986419643,C1447749,False,7.0,2.0,"{""C0015131"": 2, ""C1447749"": 5}",0.863120568566631,0.3074497498641964,0.0,C1447749,0.0
mm_0049641,BERT-base,0.0,1.0,sapbert_full_len3,9,9,0,8,False,1,-0.0,-0.0,C1257990,True,9.0,1.0,"{""UMLS:C1257990"": 9}",-0.0,-0.0,0.0,UMLS:C1257990,0.0
mm_0049641,BioBERT,0.0,1.0,sapbert_full_len3,9,9,0,8,False,2,0.5032583347756457,0.1587603285713901,C3808257,False,9.0,2.0,"{""UMLS:C3808257"": 8, ""C1312419"": 1}",0.5032583347756457,0.1587603285713901,0.0,UMLS:C3808257,0.0
mm_0049641,BioMistral-7B,0.0,1.0,sapbert_full_len3,9,9,0,8,False,1,-0.0,-0.0,C0021344,True,,,,,,,,
mm_0049641,FLAN-T5-base,0.0,0.9999998807907104,sapbert_full_len3,9,9,0,8,False,3,1.4355205042826666,0.4528562990069186,C0021344,False,,,,,,,,
mm_0049641,Llama3-OpenBioLLM-8B,0.0,0.9999998807907104,sapbert_full_len3,9,9,0,8,False,2,0.9182958340544896,0.2896900821428475,C0999806,False,,,,,,,,
mm_0049641,Meta-Llama-3-8B-Instruct,0.0,1.0,sapbert_full_len3,9,9,0,8,False,1,-0.0,-0.0,C0021344,True,,,,,,,,
mm_0049641,Mistral-7B-Instruct-v0.1,0.0,1.0,sapbert_full_len3,9,9,0,8,False,1,-0.0,-0.0,C0021344,True,,,,,,,,
mm_0049641,PubMedBERT,0.0,1.0,sapbert_full_len3,9,9,0,8,False,1,-0.0,-0.0,C1839576,True,9.0,1.0,"{""C1839576"": 9}",-0.0,-0.0,0.0,C1839576,0.0
mm_0049934,BERT-base,0.0,1.0,sapbert_full_len3,6,6,0,5,False,2,0.9182958340544896,0.355245321275764,C0203379,False,6.0,2.0,"{""C1447749"": 2, ""C0203379"": 4}",0.9182958340544896,0.355245321275764,0.0,C0203379,0.0
mm_0049934,BioBERT,0.0,1.0,sapbert_full_len3,6,6,0,5,False,2,1.0,0.38685280723454163,C1839576,False,6.0,2.0,"{""C1839576"": 3, ""C1447749"": 3}",1.0,0.3868528072345416,0.0,C1839576,0.0
mm_0049934,BioMistral-7B,0.0,0.9999997615814208,sapbert_full_len3,6,6,0,5,False,2,1.0,0.38685280723454163,C5967834,False,,,,,,,,
mm_0049934,FLAN-T5-base,0.0,0.9999999403953552,sapbert_full_len3,6,6,0,5,False,2,0.9182958340544896,0.355245321275764,C5967834,False,,,,,,,,
mm_0049934,Llama3-OpenBioLLM-8B,1.0,0.9999997615814208,sapbert_full_len3,6,6,0,5,False,2,0.9182958340544896,0.355245321275764,C1537007,False,,,,,,,,
mm_0049934,Meta-Llama-3-8B-Instruct,1.0,1.0,sapbert_full_len3,6,6,0,5,False,1,-0.0,-0.0,C1136216,True,,,,,,,,
mm_0049934,Mistral-7B-Instruct-v0.1,1.0,1.0,sapbert_full_len3,6,6,0,5,False,1,-0.0,-0.0,C1136216,True,,,,,,,,
mm_0049934,PubMedBERT,0.0,1.0,sapbert_full_len3,6,6,0,5,False,1,-0.0,-0.0,C1839576,True,6.0,1.0,"{""C1839576"": 6}",-0.0,-0.0,0.0,C1839576,0.0
mm_0050267,BERT-base,0.0,1.0,sapbert_full_len3,5,5,0,4,False,2,0.9709505944546686,0.4181656600790516,C0242193,False,5.0,2.0,"{""UMLS:C0242193"": 3, ""UMLS:C1257990"": 2}",0.9709505944546686,0.4181656600790516,0.0,UMLS:C0242193,0.0
mm_0050267,BioBERT,0.0,1.0,sapbert_full_len3,5,5,0,4,False,1,-0.0,-0.0,C0075128,True,5.0,1.0,"{""C0075128"": 5}",-0.0,-0.0,0.0,C0075128,0.0
mm_0050267,BioMistral-7B,0.0,0.9208532571792604,sapbert_full_len3,5,5,0,4,False,1,-0.0,-0.0,C4389863,True,,,,,,,,
mm_0050267,FLAN-T5-base,0.0,1.0,sapbert_full_len3,5,5,0,4,False,2,0.9709505944546686,0.4181656600790516,C0004358,False,,,,,,,,
mm_0050267,Llama3-OpenBioLLM-8B,0.0,0.8137891292572021,sapbert_full_len3,5,5,0,4,False,3,1.5219280948873621,0.6554587535412855,C0004358,False,,,,,,,,
mm_0050267,Meta-Llama-3-8B-Instruct,0.0,0.9548758864402772,sapbert_full_len3,5,5,0,4,False,2,0.9709505944546686,0.4181656600790516,C1272321,False,,,,,,,,
mm_0050267,Mistral-7B-Instruct-v0.1,0.0,0.8137891292572021,sapbert_full_len3,5,5,0,4,False,2,0.7219280948873623,0.31091750708257115,C4389863,False,,,,,,,,
mm_0050267,PubMedBERT,0.0,1.0,sapbert_full_len3,5,5,0,4,False,1,-0.0,-0.0,C1839576,True,5.0,1.0,"{""C1839576"": 5}",-0.0,-0.0,0.0,C1839576,0.0
mm_0050288,BERT-base,0.0,1.0,sapbert_full_len3,5,5,0,4,False,3,1.3709505944546687,0.5904362833084089,C4042892,False,5.0,3.0,"{""C4042892"": 3, ""C0524868"": 1, ""C0597336"": 1}",1.3709505944546687,0.5904362833084089,0.0,C4042892,1.0
mm_0050288,BioBERT,0.0,1.0,sapbert_full_len3,5,5,0,4,False,2,0.9709505944546686,0.4181656600790516,C4042892,False,5.0,2.0,"{""C4042892"": 3, ""UMLS:C0678257"": 2}",0.9709505944546686,0.4181656600790516,0.4,C4042892,0.0
mm_0050288,BioMistral-7B,0.0,1.0,sapbert_full_len3,5,5,0,4,False,1,-0.0,-0.0,C0600673,True,,,,,,,,
mm_0050288,FLAN-T5-base,1.0,1.0,sapbert_full_len3,5,5,0,4,False,2,0.7219280948873623,0.31091750708257115,C0678257,False,,,,,,,,
mm_0050288,Llama3-OpenBioLLM-8B,0.0,1.0,sapbert_full_len3,5,5,0,4,False,1,-0.0,-0.0,C0600673,True,,,,,,,,
mm_0050288,Meta-Llama-3-8B-Instruct,0.0,1.0,sapbert_full_len3,5,5,0,4,False,1,-0.0,-0.0,C0600673,True,,,,,,,,
mm_0050288,Mistral-7B-Instruct-v0.1,0.0,0.9999998807907104,sapbert_full_len3,5,5,0,4,False,1,-0.0,-0.0,C0600673,True,,,,,,,,
mm_0050288,PubMedBERT,0.0,1.0,sapbert_full_len3,5,5,0,4,False,2,0.9709505944546686,0.4181656600790516,C0035363,False,5.0,2.0,"{""UMLS:C0035363"": 3, ""UMLS:C1707887"": 2}",0.9709505944546686,0.4181656600790516,0.0,UMLS:C0035363,0.0
mm_0050295,BERT-base,1.0,1.0,sapbert_full_len3,7,7,0,6,False,1,-0.0,-0.0,C1821269,True,7.0,1.0,"{""UMLS:C1821269"": 7}",-0.0,-0.0,1.0,UMLS:C1821269,0.0
mm_0050295,BioBERT,0.0,1.0,sapbert_full_len3,7,7,0,6,False,1,-0.0,-0.0,C1839576,True,7.0,1.0,"{""C1839576"": 7}",-0.0,-0.0,0.0,C1839576,0.0
mm_0050295,BioMistral-7B,0.0,1.0000001192092896,sapbert_full_len3,7,7,0,6,False,1,-0.0,-0.0,C0035787,True,,,,,,,,
mm_0050295,FLAN-T5-base,0.0,0.7583214640617371,sapbert_full_len3,7,7,0,6,False,3,1.5566567074628228,0.5544923070581674,C0020696,False,,,,,,,,
mm_0050295,Llama3-OpenBioLLM-8B,0.0,0.7755521535873413,sapbert_full_len3,7,7,0,6,False,3,1.5566567074628228,0.5544923070581674,C0730893,False,,,,,,,,
mm_0050295,Meta-Llama-3-8B-Instruct,0.0,1.0,sapbert_full_len3,7,7,0,6,False,2,0.9852281360342515,0.35094534299644053,C0035787,False,,,,,,,,
mm_0050295,Mistral-7B-Instruct-v0.1,0.0,1.0,sapbert_full_len3,7,7,0,6,False,3,1.5566567074628228,0.5544923070581674,C0035787,False,,,,,,,,
mm_0050295,PubMedBERT,0.0,1.0,sapbert_full_len3,7,7,0,6,False,2,0.863120568566631,0.30744974986419643,C0015131,False,7.0,2.0,"{""C0015131"": 5, ""C1839576"": 2}",0.863120568566631,0.3074497498641964,0.0,C0015131,0.0
mm_0050616,BERT-base,0.0,1.0,sapbert_full_len3,5,5,0,4,False,1,-0.0,-0.0,C0169661,True,5.0,1.0,"{""C0169661"": 5}",-0.0,-0.0,0.0,C0169661,0.0
mm_0050616,BioBERT,0.0,1.0,sapbert_full_len3,5,5,0,4,False,2,0.7219280948873623,0.31091750708257115,C1370369,False,5.0,2.0,"{""C1370369"": 4, ""C1312419"": 1}",0.7219280948873623,0.3109175070825711,0.0,C1370369,0.0
mm_0050616,BioMistral-7B,0.0,1.0,sapbert_full_len3,5,5,0,4,False,2,0.7219280948873623,0.31091750708257115,C1423931,False,,,,,,,,
mm_0050616,FLAN-T5-base,0.0,1.0,sapbert_full_len3,5,5,0,4,False,1,-0.0,-0.0,C1423931,True,,,,,,,,
mm_0050616,Llama3-OpenBioLLM-8B,0.0,0.9999998211860656,sapbert_full_len3,5,5,0,4,False,2,0.9709505944546686,0.4181656600790516,C0021655,False,,,,,,,,
mm_0050616,Meta-Llama-3-8B-Instruct,0.0,1.0,sapbert_full_len3,5,5,0,4,False,2,0.9709505944546686,0.4181656600790516,C1512804,False,,,,,,,,
mm_0050616,Mistral-7B-Instruct-v0.1,0.0,0.9999998807907104,sapbert_full_len3,5,5,0,4,False,1,-0.0,-0.0,C1512804,True,,,,,,,,
mm_0050616,PubMedBERT,0.0,1.0,sapbert_full_len3,5,5,0,4,False,2,0.7219280948873623,0.31091750708257115,C1447749,False,5.0,2.0,"{""C1370369"": 1, ""C1447749"": 4}",0.7219280948873623,0.3109175070825711,0.0,C1447749,0.0
mm_0051003,BERT-base,0.0,1.0,sapbert_full_len3,4,4,0,3,False,1,-0.0,-0.0,C1257990,True,4.0,1.0,"{""UMLS:C1257990"": 4}",-0.0,-0.0,0.0,UMLS:C1257990,0.0
mm_0051003,BioBERT,0.0,1.0,sapbert_full_len3,4,4,0,3,False,1,-0.0,-0.0,C1312419,True,4.0,1.0,"{""C1312419"": 4}",-0.0,-0.0,0.0,C1312419,0.0
mm_0051003,BioMistral-7B,0.0,0.9999998211860656,sapbert_full_len3,4,4,0,3,False,1,-0.0,-0.0,C0006826,True,,,,,,,,
mm_0051003,FLAN-T5-base,1.0,1.0,sapbert_full_len3,4,4,0,3,False,2,1.0,0.5,C3640076,False,,,,,,,,
mm_0051003,Llama3-OpenBioLLM-8B,0.0,0.9999998211860656,sapbert_full_len3,4,4,0,3,False,1,-0.0,-0.0,C4277689,True,,,,,,,,
mm_0051003,Meta-Llama-3-8B-Instruct,1.0,1.0,sapbert_full_len3,4,4,0,3,False,2,1.0,0.5,C3640076,False,,,,,,,,
mm_0051003,Mistral-7B-Instruct-v0.1,1.0,1.0,sapbert_full_len3,4,4,0,3,False,1,-0.0,-0.0,C3640076,True,,,,,,,,
mm_0051003,PubMedBERT,0.0,1.0,sapbert_full_len3,4,4,0,3,False,1,-0.0,-0.0,C1447749,True,4.0,1.0,"{""C1447749"": 4}",-0.0,-0.0,0.0,C1447749,0.0
mm_0051285,BERT-base,0.0,1.0,sapbert_full_len3,5,5,0,4,False,2,0.9709505944546686,0.4181656600790516,C0265267,False,5.0,2.0,"{""C1868801"": 2, ""C0265267"": 3}",0.9709505944546686,0.4181656600790516,0.0,C0265267,0.0
mm_0051285,BioBERT,0.0,1.0,sapbert_full_len3,5,5,0,4,False,2,0.9709505944546686,0.4181656600790516,C0008325,False,5.0,2.0,"{""C0008325"": 3, ""C1447749"": 2}",0.9709505944546686,0.4181656600790516,0.0,C0008325,0.0
mm_0051285,BioMistral-7B,1.0,1.0,sapbert_full_len3,5,5,0,4,False,2,0.7219280948873623,0.31091750708257115,C0220825,False,,,,,,,,
mm_0051285,FLAN-T5-base,0.0,1.0,sapbert_full_len3,5,5,0,4,False,2,0.9709505944546686,0.4181656600790516,C0220825,False,,,,,,,,
mm_0051285,Llama3-OpenBioLLM-8B,0.0,0.9999999403953552,sapbert_full_len3,5,5,0,4,False,3,1.5219280948873621,0.6554587535412855,C0597736,False,,,,,,,,
mm_0051285,Meta-Llama-3-8B-Instruct,0.0,1.0,sapbert_full_len3,5,5,0,4,False,3,1.5219280948873621,0.6554587535412855,C0597736,False,,,,,,,,
mm_0051285,Mistral-7B-Instruct-v0.1,0.0,0.9999999403953552,sapbert_full_len3,5,5,0,4,False,2,0.9709505944546686,0.4181656600790516,C1561643,False,,,,,,,,
mm_0051285,PubMedBERT,0.0,1.0,sapbert_full_len3,5,5,0,4,False,1,-0.0,-0.0,C1839576,True,5.0,1.0,"{""C1839576"": 5}",-0.0,-0.0,0.0,C1839576,0.0
mm_0051763,BERT-base,0.0,1.0,sapbert_full_len3,7,7,0,6,False,2,0.5916727785823275,0.21075809614719848,C4277543,False,7.0,2.0,"{""C4277543"": 6, ""C0040048"": 1}",0.5916727785823275,0.2107580961471984,0.0,C4277543,0.0
mm_0051763,BioBERT,0.0,1.0,sapbert_full_len3,7,7,0,6,False,3,1.3787834934861753,0.49113258984568253,C1839576,False,7.0,3.0,"{""C0265267"": 1, ""C1839576"": 4, ""C0032914"": 2}",1.3787834934861751,0.4911325898456825,0.0,C1839576,0.0
mm_0051763,BioMistral-7B,1.0,1.0,sapbert_full_len3,7,7,0,6,False,2,0.863120568566631,0.30744974986419643,C0334220,False,,,,,,,,
mm_0051763,FLAN-T5-base,0.0,1.0,sapbert_full_len3,7,7,0,6,False,3,1.3787834934861753,0.49113258984568253,C0009085,False,,,,,,,,
mm_0051763,Llama3-OpenBioLLM-8B,1.0,1.0,sapbert_full_len3,7,7,0,6,False,1,-0.0,-0.0,C0334220,True,,,,,,,,
mm_0051763,Meta-Llama-3-8B-Instruct,1.0,1.0,sapbert_full_len3,7,7,0,6,False,2,0.863120568566631,0.30744974986419643,C0334220,False,,,,,,,,
mm_0051763,Mistral-7B-Instruct-v0.1,0.0,0.9999998807907104,sapbert_full_len3,7,7,0,6,False,2,0.9852281360342515,0.35094534299644053,C0334220,False,,,,,,,,
mm_0051763,PubMedBERT,0.0,1.0,sapbert_full_len3,7,7,0,6,False,1,-0.0,-0.0,C1839576,True,7.0,1.0,"{""C1839576"": 7}",-0.0,-0.0,0.0,C1839576,0.0
mm_0052038,BERT-base,0.0,1.0,sapbert_full_len3,4,4,0,3,False,1,-0.0,-0.0,C1447749,True,4.0,1.0,"{""C1447749"": 4}",-0.0,-0.0,0.0,C1447749,0.0
mm_0052038,BioBERT,0.0,1.0,sapbert_full_len3,4,4,0,3,False,2,0.8112781244591328,0.4056390622295664,C1447749,False,4.0,2.0,"{""UMLS:C1257990"": 1, ""C1447749"": 3}",0.8112781244591328,0.4056390622295664,0.0,C1447749,0.0
mm_0052038,BioMistral-7B,0.0,0.9999997615814208,sapbert_full_len3,4,4,0,3,False,1,-0.0,-0.0,C0014939,True,,,,,,,,
mm_0052038,FLAN-T5-base,0.0,0.9999999403953552,sapbert_full_len3,4,4,0,3,False,1,-0.0,-0.0,C0014939,True,,,,,,,,
mm_0052038,Llama3-OpenBioLLM-8B,1.0,1.0,sapbert_full_len3,4,4,0,3,False,2,1.0,0.5,C0086418,False,,,,,,,,
mm_0052038,Meta-Llama-3-8B-Instruct,1.0,1.0,sapbert_full_len3,4,4,0,3,False,2,0.8112781244591328,0.4056390622295664,C0086418,False,,,,,,,,
mm_0052038,Mistral-7B-Instruct-v0.1,1.0,1.0,sapbert_full_len3,4,4,0,3,False,1,-0.0,-0.0,C0086418,True,,,,,,,,
mm_0052038,PubMedBERT,0.0,1.0,sapbert_full_len3,4,4,0,3,False,1,-0.0,-0.0,C1447749,True,4.0,1.0,"{""C1447749"": 4}",-0.0,-0.0,0.0,C1447749,0.0
mm_0052329,BERT-base,0.0,1.0,sapbert_full_len3,5,5,0,4,False,1,-0.0,-0.0,C0203379,True,5.0,1.0,"{""C0203379"": 5}",-0.0,-0.0,0.0,C0203379,0.0
mm_0052329,BioBERT,0.0,1.0,sapbert_full_len3,5,5,0,4,False,1,-0.0,-0.0,C1257990,True,5.0,1.0,"{""UMLS:C1257990"": 5}",-0.0,-0.0,0.0,UMLS:C1257990,0.0
mm_0052329,BioMistral-7B,0.0,1.0,sapbert_full_len3,5,5,0,4,False,3,1.3709505944546687,0.5904362833084089,C5690756,False,,,,,,,,
mm_0052329,FLAN-T5-base,1.0,0.939012885093689,sapbert_full_len3,5,5,0,4,False,3,1.5219280948873621,0.6554587535412855,C0450363,False,,,,,,,,
mm_0052329,Llama3-OpenBioLLM-8B,0.0,0.9999998807907104,sapbert_full_len3,5,5,0,4,False,2,0.9709505944546686,0.4181656600790516,C5690756,False,,,,,,,,
mm_0052329,Meta-Llama-3-8B-Instruct,0.0,1.0,sapbert_full_len3,5,5,0,4,False,2,0.9709505944546686,0.4181656600790516,C5690756,False,,,,,,,,
mm_0052329,Mistral-7B-Instruct-v0.1,0.0,0.9999998807907104,sapbert_full_len3,5,5,0,4,False,2,0.9709505944546686,0.4181656600790516,C5690756,False,,,,,,,,
mm_0052329,PubMedBERT,0.0,1.0,sapbert_full_len3,5,5,0,4,False,2,0.9709505944546686,0.4181656600790516,C1839576,False,5.0,2.0,"{""C1839576"": 3, ""C1447749"": 2}",0.9709505944546686,0.4181656600790516,0.0,C1839576,0.0
mm_0052571,BERT-base,0.0,1.0,sapbert_full_len3,5,5,0,4,False,1,-0.0,-0.0,C0085472,True,5.0,1.0,"{""C0085472"": 5}",-0.0,-0.0,0.0,C0085472,0.0
mm_0052571,BioBERT,0.0,1.0,sapbert_full_len3,5,5,0,4,False,2,0.9709505944546686,0.4181656600790516,C1447749,False,5.0,2.0,"{""C1447749"": 3, ""UMLS:C1257990"": 2}",0.9709505944546686,0.4181656600790516,0.0,C1447749,0.0
mm_0052571,BioMistral-7B,0.0,0.9999998211860656,sapbert_full_len3,5,5,0,4,False,1,-0.0,-0.0,C1000289,True,,,,,,,,
mm_0052571,FLAN-T5-base,0.0,0.9999998211860656,sapbert_full_len3,5,5,0,4,False,1,-0.0,-0.0,C1000289,True,,,,,,,,
mm_0052571,Llama3-OpenBioLLM-8B,0.0,1.0,sapbert_full_len3,5,5,0,4,False,4,1.9219280948873623,0.8277293767706428,C1136031,False,,,,,,,,
mm_0052571,Meta-Llama-3-8B-Instruct,0.0,0.9677668809890748,sapbert_full_len3,5,5,0,4,False,2,0.7219280948873623,0.31091750708257115,C1000289,False,,,,,,,,
mm_0052571,Mistral-7B-Instruct-v0.1,0.0,0.9999993443489076,sapbert_full_len3,5,5,0,4,False,1,-0.0,-0.0,C1000289,True,,,,,,,,
mm_0052571,PubMedBERT,0.0,1.0,sapbert_full_len3,5,5,0,4,False,2,0.9709505944546686,0.4181656600790516,C1447749,False,5.0,2.0,"{""C1447749"": 3, ""C1839576"": 2}",0.9709505944546686,0.4181656600790516,0.0,C1447749,0.0
mm_0052800,BERT-base,0.0,1.0,sapbert_full_len3,8,8,0,7,False,2,0.8112781244591328,0.2704260414863776,C0169661,False,8.0,2.0,"{""C0169661"": 6, ""C0246486"": 2}",0.8112781244591328,0.2704260414863776,0.0,C0169661,0.0
mm_0052800,BioBERT,1.0,1.0,sapbert_full_len3,8,8,0,7,False,1,-0.0,-0.0,C1518102,True,8.0,1.0,"{""UMLS:C1518102"": 8}",-0.0,-0.0,1.0,UMLS:C1518102,0.0
mm_0052800,BioMistral-7B,0.0,0.9999997615814208,sapbert_full_len3,8,8,0,7,False,1,-0.0,-0.0,C0073709,True,,,,,,,,
mm_0052800,FLAN-T5-base,0.0,0.9999999403953552,sapbert_full_len3,8,8,0,7,False,1,-0.0,-0.0,C0073709,True,,,,,,,,
mm_0052800,Llama3-OpenBioLLM-8B,0.0,0.894479513168335,sapbert_full_len3,8,8,0,7,False,3,1.4056390622295665,0.4685463540765222,C2248528,False,,,,,,,,
mm_0052800,Meta-Llama-3-8B-Instruct,0.0,0.9999998807907104,sapbert_full_len3,8,8,0,7,False,3,1.5,0.5,C0242606,False,,,,,,,,
mm_0052800,Mistral-7B-Instruct-v0.1,0.0,0.9999997615814208,sapbert_full_len3,8,8,0,7,False,2,0.8112781244591328,0.2704260414863776,C0073709,False,,,,,,,,
mm_0052800,PubMedBERT,0.0,1.0,sapbert_full_len3,8,8,0,7,False,2,0.954434002924965,0.318144667641655,C1839576,False,8.0,2.0,"{""C1839576"": 5, ""UMLS:C1257990"": 3}",0.954434002924965,0.318144667641655,0.0,C1839576,0.0
mm_0053229,BERT-base,0.0,1.0,sapbert_full_len3,7,7,0,6,False,2,0.863120568566631,0.30744974986419643,C1257990,False,7.0,2.0,"{""UMLS:C1257990"": 5, ""UMLS:C0242193"": 2}",0.863120568566631,0.3074497498641964,0.0,UMLS:C1257990,0.0
mm_0053229,BioBERT,0.0,1.0,sapbert_full_len3,7,7,0,6,False,1,-0.0,-0.0,C1257990,True,7.0,1.0,"{""UMLS:C1257990"": 7}",-0.0,-0.0,0.0,UMLS:C1257990,0.0
mm_0053229,BioMistral-7B,0.0,0.9999998807907104,sapbert_full_len3,7,7,0,6,False,3,1.1488348542809166,0.4092232318950598,C0039585,False,,,,,,,,
mm_0053229,FLAN-T5-base,0.0,1.0,sapbert_full_len3,7,7,0,6,False,1,-0.0,-0.0,C0039585,True,,,,,,,,
mm_0053229,Llama3-OpenBioLLM-8B,0.0,1.0,sapbert_full_len3,7,7,0,6,False,3,1.3787834934861753,0.49113258984568253,C0039585,False,,,,,,,,
mm_0053229,Meta-Llama-3-8B-Instruct,0.0,0.9999998807907104,sapbert_full_len3,7,7,0,6,False,1,-0.0,-0.0,C0039585,True,,,,,,,,
mm_0053229,Mistral-7B-Instruct-v0.1,0.0,0.9999998807907104,sapbert_full_len3,7,7,0,6,False,3,1.1488348542809166,0.4092232318950598,C0039585,False,,,,,,,,
mm_0053229,PubMedBERT,0.0,1.0,sapbert_full_len3,7,7,0,6,False,1,-0.0,-0.0,C1839576,True,7.0,1.0,"{""C1839576"": 7}",-0.0,-0.0,0.0,C1839576,0.0
mm_0053650,BERT-base,0.0,1.0,sapbert_full_len3,7,7,0,6,False,4,1.6644977792004614,0.5929060718765461,C0358514,False,7.0,4.0,"{""C1566790"": 1, ""UMLS:C0358514"": 4, ""UMLS:C0752046"": 1, ""C2936621"": 1}",1.6644977792004614,0.5929060718765461,0.0,UMLS:C0358514,1.0
mm_0053650,BioBERT,0.0,1.0,sapbert_full_len3,7,7,0,6,False,1,-0.0,-0.0,C0258846,True,7.0,1.0,"{""C0258846"": 7}",-0.0,-0.0,0.0,C0258846,0.0
mm_0053650,BioMistral-7B,0.0,0.9999998211860656,sapbert_full_len3,7,7,0,6,False,1,-0.0,-0.0,C0030481,True,,,,,,,,
mm_0053650,FLAN-T5-base,0.0,0.8629500865936279,sapbert_full_len3,7,7,0,6,False,2,0.5916727785823275,0.21075809614719848,C0039871,False,,,,,,,,
mm_0053650,Llama3-OpenBioLLM-8B,0.0,1.0,sapbert_full_len3,7,7,0,6,False,1,-0.0,-0.0,C0086149,True,,,,,,,,
mm_0053650,Meta-Llama-3-8B-Instruct,0.0,1.0,sapbert_full_len3,7,7,0,6,False,1,-0.0,-0.0,C0033684,True,,,,,,,,
mm_0053650,Mistral-7B-Instruct-v0.1,0.0,0.8628990054130554,sapbert_full_len3,7,7,0,6,False,3,1.3787834934861753,0.49113258984568253,C0039871,False,,,,,,,,
mm_0053650,PubMedBERT,0.0,1.0,sapbert_full_len3,7,7,0,6,False,1,-0.0,-0.0,C1447749,True,7.0,1.0,"{""C1447749"": 7}",-0.0,-0.0,0.0,C1447749,0.0
mm_0054625,BERT-base,0.0,1.0,sapbert_full_len3,5,5,0,4,False,1,-0.0,-0.0,C1257990,True,5.0,1.0,"{""UMLS:C1257990"": 5}",-0.0,-0.0,0.0,UMLS:C1257990,0.0
mm_0054625,BioBERT,0.0,1.0,sapbert_full_len3,5,5,0,4,False,2,0.7219280948873623,0.31091750708257115,C0026473,False,5.0,2.0,"{""UMLS:C0026473"": 4, ""C1431322"": 1}",0.7219280948873623,0.3109175070825711,0.0,UMLS:C0026473,0.0
mm_0054625,BioMistral-7B,0.0,0.9999998211860656,sapbert_full_len3,5,5,0,4,False,2,0.7219280948873623,0.31091750708257115,C0032112,False,,,,,,,,
mm_0054625,FLAN-T5-base,0.0,0.9999999403953552,sapbert_full_len3,5,5,0,4,False,1,-0.0,-0.0,C0439662,True,,,,,,,,
mm_0054625,Llama3-OpenBioLLM-8B,0.0,0.9999998807907104,sapbert_full_len3,5,3,2,4,False,2,0.9182958340544896,0.3954884891037233,C0032112,False,,,,,,,,
mm_0054625,Meta-Llama-3-8B-Instruct,1.0,1.0,sapbert_full_len3,5,5,0,4,False,1,-0.0,-0.0,C1609943,True,,,,,,,,
mm_0054625,Mistral-7B-Instruct-v0.1,0.0,1.0,sapbert_full_len3,5,5,0,4,False,1,-0.0,-0.0,C0152036,True,,,,,,,,
mm_0054625,PubMedBERT,0.0,1.0,sapbert_full_len3,5,5,0,4,False,2,0.9709505944546686,0.4181656600790516,C1839576,False,5.0,2.0,"{""C1839576"": 3, ""C1447749"": 2}",0.9709505944546686,0.4181656600790516,0.0,C1839576,0.0
mm_0054752,BERT-base,0.0,1.0,sapbert_full_len3,6,6,0,5,False,1,-0.0,-0.0,C1257990,True,6.0,1.0,"{""UMLS:C1257990"": 6}",-0.0,-0.0,0.0,UMLS:C1257990,0.0
mm_0054752,BioBERT,0.0,1.0,sapbert_full_len3,6,6,0,5,False,1,-0.0,-0.0,C1257990,True,6.0,1.0,"{""UMLS:C1257990"": 6}",-0.0,-0.0,0.0,UMLS:C1257990,0.0
mm_0054752,BioMistral-7B,0.0,1.0000001192092896,sapbert_full_len3,6,6,0,5,False,1,-0.0,-0.0,C0079419,True,,,,,,,,
mm_0054752,FLAN-T5-base,0.0,1.0000001192092896,sapbert_full_len3,6,6,0,5,False,2,0.9182958340544896,0.355245321275764,C0079419,False,,,,,,,,
mm_0054752,Llama3-OpenBioLLM-8B,0.0,0.9999998807907104,sapbert_full_len3,6,6,0,5,False,2,0.9182958340544896,0.355245321275764,C0079419,False,,,,,,,,
mm_0054752,Meta-Llama-3-8B-Instruct,0.0,1.0000001192092896,sapbert_full_len3,6,6,0,5,False,2,0.6500224216483541,0.25146299858006066,C0004391,False,,,,,,,,
mm_0054752,Mistral-7B-Instruct-v0.1,0.0,0.9999998807907104,sapbert_full_len3,6,6,0,5,False,1,-0.0,-0.0,C0004391,True,,,,,,,,
mm_0054752,PubMedBERT,0.0,1.0,sapbert_full_len3,6,6,0,5,False,2,1.0,0.38685280723454163,C1839576,False,6.0,2.0,"{""C1839576"": 3, ""C1447749"": 3}",1.0,0.3868528072345416,0.0,C1839576,0.0
mm_0055204,BERT-base,0.0,1.0,sapbert_full_len3,4,4,0,3,False,3,1.5,0.75,C1431519,False,4.0,3.0,"{""C1431519"": 2, ""UMLS:C0358514"": 1, ""C0202533"": 1}",1.5,0.75,0.0,C1431519,1.0
mm_0055204,BioBERT,0.0,1.0,sapbert_full_len3,4,4,0,3,False,1,-0.0,-0.0,C1707887,True,4.0,1.0,"{""UMLS:C1707887"": 4}",-0.0,-0.0,0.0,UMLS:C1707887,0.0
mm_0055204,BioMistral-7B,0.0,1.0,sapbert_full_len3,4,4,0,3,False,1,-0.0,-0.0,C0038179,True,,,,,,,,
mm_0055204,FLAN-T5-base,1.0,0.9910364747047424,sapbert_full_len3,4,4,0,3,False,2,1.0,0.5,C0344351,False,,,,,,,,
mm_0055204,Llama3-OpenBioLLM-8B,1.0,1.0,sapbert_full_len3,4,4,0,3,False,1,-0.0,-0.0,C0344351,True,,,,,,,,
mm_0055204,Meta-Llama-3-8B-Instruct,0.0,0.8333597183227539,sapbert_full_len3,4,4,0,3,False,2,0.8112781244591328,0.4056390622295664,C1157783,False,,,,,,,,
mm_0055204,Mistral-7B-Instruct-v0.1,0.0,0.9999997615814208,sapbert_full_len3,4,4,0,3,False,1,-0.0,-0.0,C0038179,True,,,,,,,,
mm_0055204,PubMedBERT,0.0,1.0,sapbert_full_len3,4,4,0,3,False,2,0.8112781244591328,0.4056390622295664,C1839576,False,4.0,2.0,"{""C1839576"": 3, ""C1447749"": 1}",0.8112781244591328,0.4056390622295664,0.0,C1839576,0.0
mm_0055255,BERT-base,0.0,1.0,sapbert_full_len3,5,5,0,4,False,2,0.9709505944546686,0.4181656600790516,C1312419,False,5.0,2.0,"{""C1312419"": 3, ""UMLS:C1257990"": 2}",0.9709505944546686,0.4181656600790516,0.0,C1312419,0.0
mm_0055255,BioBERT,0.0,1.0,sapbert_full_len3,5,5,0,4,False,1,-0.0,-0.0,C0018081,True,5.0,1.0,"{""C0018081"": 5}",-0.0,-0.0,0.0,C0018081,0.0
mm_0055255,BioMistral-7B,1.0,1.0,sapbert_full_len3,5,5,0,4,False,2,0.9709505944546686,0.4181656600790516,C0012984,False,,,,,,,,
mm_0055255,FLAN-T5-base,0.0,0.9999998211860656,sapbert_full_len3,5,5,0,4,False,2,0.9709505944546686,0.4181656600790516,C0009450,False,,,,,,,,
mm_0055255,Llama3-OpenBioLLM-8B,1.0,1.0,sapbert_full_len3,5,5,0,4,False,2,0.7219280948873623,0.31091750708257115,C0012984,False,,,,,,,,
mm_0055255,Meta-Llama-3-8B-Instruct,0.0,1.0,sapbert_full_len3,5,5,0,4,False,2,0.9709505944546686,0.4181656600790516,C1265292,False,,,,,,,,
mm_0055255,Mistral-7B-Instruct-v0.1,0.0,1.0,sapbert_full_len3,5,5,0,4,False,2,0.9709505944546686,0.4181656600790516,C0343401,False,,,,,,,,
mm_0055255,PubMedBERT,0.0,1.0,sapbert_full_len3,5,5,0,4,False,1,-0.0,-0.0,C1839576,True,5.0,1.0,"{""C1839576"": 5}",-0.0,-0.0,0.0,C1839576,0.0
mm_0055392,BERT-base,0.0,1.0,sapbert_full_len3,7,7,0,6,False,1,-0.0,-0.0,C1447749,True,7.0,1.0,"{""C1447749"": 7}",-0.0,-0.0,0.0,C1447749,0.0
mm_0055392,BioBERT,0.0,1.0,sapbert_full_len3,7,7,0,6,False,3,1.3787834934861753,0.49113258984568253,C1707887,False,7.0,3.0,"{""C1447749"": 2, ""UMLS:C1257990"": 1, ""UMLS:C1707887"": 4}",1.3787834934861751,0.4911325898456825,0.0,UMLS:C1707887,0.0
mm_0055392,BioMistral-7B,0.0,0.9999998807907104,sapbert_full_len3,7,7,0,6,False,2,0.863120568566631,0.30744974986419643,C5392082,False,,,,,,,,
mm_0055392,FLAN-T5-base,0.0,1.0,sapbert_full_len3,7,7,0,6,False,1,-0.0,-0.0,C0003467,True,,,,,,,,
mm_0055392,Llama3-OpenBioLLM-8B,0.0,0.9999998211860656,sapbert_full_len3,7,7,0,6,False,1,-0.0,-0.0,C0003467,True,,,,,,,,
mm_0055392,Meta-Llama-3-8B-Instruct,0.0,1.0,sapbert_full_len3,7,7,0,6,False,1,-0.0,-0.0,C0003467,True,,,,,,,,
mm_0055392,Mistral-7B-Instruct-v0.1,0.0,0.9999998211860656,sapbert_full_len3,7,4,3,6,False,1,-0.0,-0.0,C0003467,True,,,,,,,,
mm_0055392,PubMedBERT,0.0,1.0,sapbert_full_len3,7,7,0,6,False,1,-0.0,-0.0,C1447749,True,7.0,1.0,"{""C1447749"": 7}",-0.0,-0.0,0.0,C1447749,0.0
mm_0055918,BERT-base,0.0,1.0,sapbert_full_len3,8,8,0,7,False,1,-0.0,-0.0,C1707887,True,8.0,1.0,"{""UMLS:C1707887"": 8}",-0.0,-0.0,0.0,UMLS:C1707887,0.0
mm_0055918,BioBERT,0.0,1.0,sapbert_full_len3,8,8,0,7,False,1,-0.0,-0.0,C1707887,True,8.0,1.0,"{""UMLS:C1707887"": 8}",-0.0,-0.0,0.0,UMLS:C1707887,0.0
mm_0055918,BioMistral-7B,0.0,0.9999997615814208,sapbert_full_len3,8,8,0,7,False,4,1.9056390622295665,0.6352130207431889,C0452415,False,,,,,,,,
mm_0055918,FLAN-T5-base,0.0,0.9999998807907104,sapbert_full_len3,8,8,0,7,False,2,0.5435644431995964,0.1811881477331988,C0080045,False,,,,,,,,
mm_0055918,Llama3-OpenBioLLM-8B,0.0,1.0,sapbert_full_len3,8,8,0,7,False,3,1.4056390622295665,0.4685463540765222,C0162698,False,,,,,,,,
mm_0055918,Meta-Llama-3-8B-Instruct,0.0,0.9999998807907104,sapbert_full_len3,8,8,0,7,False,3,1.4056390622295665,0.4685463540765222,C0392209,False,,,,,,,,
mm_0055918,Mistral-7B-Instruct-v0.1,0.0,0.9999997615814208,sapbert_full_len3,8,8,0,7,False,3,1.4056390622295665,0.4685463540765222,C0028708,False,,,,,,,,
mm_0055918,PubMedBERT,0.0,1.0,sapbert_full_len3,8,8,0,7,False,1,-0.0,-0.0,C1707887,True,8.0,1.0,"{""UMLS:C1707887"": 8}",-0.0,-0.0,0.0,UMLS:C1707887,0.0
mm_0056003,BERT-base,0.0,1.0,sapbert_full_len3,8,8,0,7,False,1,-0.0,-0.0,C1447749,True,8.0,1.0,"{""C1447749"": 8}",-0.0,-0.0,0.0,C1447749,0.0
mm_0056003,BioBERT,0.0,1.0,sapbert_full_len3,8,8,0,7,False,1,-0.0,-0.0,C1312419,True,8.0,1.0,"{""C1312419"": 8}",-0.0,-0.0,0.0,C1312419,0.0
mm_0056003,BioMistral-7B,0.0,1.0,sapbert_full_len3,8,8,0,7,False,1,-0.0,-0.0,C0039400,True,,,,,,,,
mm_0056003,FLAN-T5-base,0.0,1.0000001192092896,sapbert_full_len3,8,8,0,7,False,3,1.2987949406953985,0.43293164689846614,C3820816,False,,,,,,,,
mm_0056003,Llama3-OpenBioLLM-8B,0.0,1.0,sapbert_full_len3,8,8,0,7,False,2,0.8112781244591328,0.2704260414863776,C0039400,False,,,,,,,,
mm_0056003,Meta-Llama-3-8B-Instruct,0.0,1.0,sapbert_full_len3,8,8,0,7,False,1,-0.0,-0.0,C0039400,True,,,,,,,,
mm_0056003,Mistral-7B-Instruct-v0.1,0.0,1.0,sapbert_full_len3,8,8,0,7,False,1,-0.0,-0.0,C0039400,True,,,,,,,,
mm_0056003,PubMedBERT,0.0,1.0,sapbert_full_len3,8,8,0,7,False,2,0.5435644431995964,0.1811881477331988,C1839576,False,8.0,2.0,"{""C1839576"": 7, ""C1447749"": 1}",0.5435644431995964,0.1811881477331988,0.0,C1839576,0.0
mm_0056292,BERT-base,0.0,1.0,sapbert_full_len3,5,5,0,4,False,2,0.9709505944546686,0.4181656600790516,C1257990,False,5.0,2.0,"{""UMLS:C1257990"": 3, ""C0282440"": 2}",0.9709505944546686,0.4181656600790516,0.0,UMLS:C1257990,0.0
mm_0056292,BioBERT,0.0,1.0,sapbert_full_len3,5,5,0,4,False,1,-0.0,-0.0,C0376671,True,5.0,1.0,"{""C0376671"": 5}",-0.0,-0.0,0.0,C0376671,0.0
mm_0056292,BioMistral-7B,0.0,1.0,sapbert_full_len3,5,5,0,4,False,2,0.7219280948873623,0.31091750708257115,C0021107,False,,,,,,,,
mm_0056292,FLAN-T5-base,0.0,0.9999999403953552,sapbert_full_len3,5,5,0,4,False,2,0.9709505944546686,0.4181656600790516,C0021102,False,,,,,,,,
mm_0056292,Llama3-OpenBioLLM-8B,0.0,0.9290127754211426,sapbert_full_len3,5,5,0,4,False,2,0.9709505944546686,0.4181656600790516,C0589120,False,,,,,,,,
mm_0056292,Meta-Llama-3-8B-Instruct,0.0,1.0,sapbert_full_len3,5,5,0,4,False,2,0.7219280948873623,0.31091750708257115,C0589120,False,,,,,,,,
mm_0056292,Mistral-7B-Instruct-v0.1,0.0,1.0,sapbert_full_len3,5,5,0,4,False,1,-0.0,-0.0,C0589120,True,,,,,,,,
mm_0056292,PubMedBERT,0.0,1.0,sapbert_full_len3,5,5,0,4,False,1,-0.0,-0.0,C1839576,True,5.0,1.0,"{""C1839576"": 5}",-0.0,-0.0,0.0,C1839576,0.0
mm_0056538,BERT-base,0.0,1.0,sapbert_full_len3,5,5,0,4,False,1,-0.0,-0.0,C0282597,True,5.0,1.0,"{""C0282597"": 5}",-0.0,-0.0,0.0,C0282597,0.0
mm_0056538,BioBERT,0.0,1.0,sapbert_full_len3,5,5,0,4,False,2,0.9709505944546686,0.4181656600790516,C1707887,False,5.0,2.0,"{""UMLS:C1707887"": 3, ""UMLS:C1257990"": 2}",0.9709505944546686,0.4181656600790516,0.0,UMLS:C1707887,0.0
mm_0056538,BioMistral-7B,0.0,0.9999998807907104,sapbert_full_len3,5,5,0,4,False,2,0.9709505944546686,0.4181656600790516,C1328814,False,,,,,,,,
mm_0056538,FLAN-T5-base,0.0,1.0,sapbert_full_len3,5,5,0,4,False,1,-0.0,-0.0,C1328814,True,,,,,,,,
mm_0056538,Llama3-OpenBioLLM-8B,0.0,1.0,sapbert_full_len3,5,5,0,4,False,2,0.9709505944546686,0.4181656600790516,C0087111,False,,,,,,,,
mm_0056538,Meta-Llama-3-8B-Instruct,0.0,0.9999998807907104,sapbert_full_len3,5,5,0,4,False,1,-0.0,-0.0,C1328814,True,,,,,,,,
mm_0056538,Mistral-7B-Instruct-v0.1,0.0,1.0,sapbert_full_len3,5,5,0,4,False,1,-0.0,-0.0,C1328814,True,,,,,,,,
mm_0056538,PubMedBERT,0.0,1.0,sapbert_full_len3,5,5,0,4,False,1,-0.0,-0.0,C1447749,True,5.0,1.0,"{""C1447749"": 5}",-0.0,-0.0,0.0,C1447749,0.0
mm_0056765,BERT-base,0.0,1.0,sapbert_full_len3,4,4,0,3,False,2,0.8112781244591328,0.4056390622295664,C1257990,False,4.0,2.0,"{""UMLS:C1257990"": 3, ""C0040048"": 1}",0.8112781244591328,0.4056390622295664,0.0,UMLS:C1257990,0.0
mm_0056765,BioBERT,0.0,1.0,sapbert_full_len3,4,4,0,3,False,3,1.5,0.75,C0008396,False,4.0,3.0,"{""C0008396"": 2, ""C0050795"": 1, ""UMLS:C1707887"": 1}",1.5,0.75,0.0,C0008396,1.0
mm_0056765,BioMistral-7B,0.0,0.8306316137313843,sapbert_full_len3,4,4,0,3,False,1,-0.0,-0.0,C1412292,True,,,,,,,,
mm_0056765,FLAN-T5-base,0.0,0.8305846452713013,sapbert_full_len3,4,4,0,3,False,3,1.5,0.75,C1412292,False,,,,,,,,
mm_0056765,Llama3-OpenBioLLM-8B,0.0,0.9999999403953552,sapbert_full_len3,4,4,0,3,False,3,1.5,0.75,C1516893,False,,,,,,,,
mm_0056765,Meta-Llama-3-8B-Instruct,0.0,0.7902160882949829,sapbert_full_len3,4,4,0,3,False,3,1.5,0.75,C3888511,False,,,,,,,,
mm_0056765,Mistral-7B-Instruct-v0.1,0.0,0.8305846452713013,sapbert_full_len3,4,4,0,3,False,2,1.0,0.5,C1412292,False,,,,,,,,
mm_0056765,PubMedBERT,0.0,1.0,sapbert_full_len3,4,4,0,3,False,2,0.8112781244591328,0.4056390622295664,C0018966,False,4.0,2.0,"{""C0015131"": 1, ""C0018966"": 3}",0.8112781244591328,0.4056390622295664,0.0,C0018966,0.0
mm_0056831,BERT-base,0.0,1.0,sapbert_full_len3,7,7,0,6,False,3,1.5566567074628228,0.5544923070581674,C1257990,False,7.0,3.0,"{""UMLS:C1257990"": 3, ""C1447749"": 2, ""UMLS:C0242193"": 2}",1.5566567074628228,0.5544923070581674,0.0,UMLS:C1257990,1.0
mm_0056831,BioBERT,0.0,1.0,sapbert_full_len3,7,7,0,6,False,1,-0.0,-0.0,C1447749,True,7.0,1.0,"{""C1447749"": 7}",-0.0,-0.0,0.0,C1447749,0.0
mm_0056831,BioMistral-7B,1.0,1.0,sapbert_full_len3,7,7,0,6,False,2,0.9852281360342515,0.35094534299644053,C0868995,False,,,,,,,,
mm_0056831,FLAN-T5-base,1.0,1.0,sapbert_full_len3,7,7,0,6,False,1,-0.0,-0.0,C0017337,True,,,,,,,,
mm_0056831,Llama3-OpenBioLLM-8B,1.0,1.0,sapbert_full_len3,7,7,0,6,False,1,-0.0,-0.0,C0017337,True,,,,,,,,
mm_0056831,Meta-Llama-3-8B-Instruct,0.0,0.9999998211860656,sapbert_full_len3,7,7,0,6,False,3,1.5566567074628228,0.5544923070581674,C1328885,False,,,,,,,,
mm_0056831,Mistral-7B-Instruct-v0.1,0.0,0.9999998807907104,sapbert_full_len3,7,7,0,6,False,2,0.863120568566631,0.30744974986419643,C0868995,False,,,,,,,,
mm_0056831,PubMedBERT,0.0,1.0,sapbert_full_len3,7,7,0,6,False,1,-0.0,-0.0,C1839576,True,7.0,1.0,"{""C1839576"": 7}",-0.0,-0.0,0.0,C1839576,0.0
mm_0057315,BERT-base,0.0,1.0,sapbert_full_len3,7,7,0,6,False,2,0.863120568566631,0.30744974986419643,C1257990,False,7.0,2.0,"{""UMLS:C1257990"": 5, ""C0030201"": 2}",0.863120568566631,0.3074497498641964,0.0,UMLS:C1257990,0.0
mm_0057315,BioBERT,0.0,1.0,sapbert_full_len3,7,7,0,6,False,2,0.863120568566631,0.30744974986419643,C1707887,False,7.0,2.0,"{""UMLS:C1707887"": 5, ""C1839576"": 2}",0.863120568566631,0.3074497498641964,0.0,UMLS:C1707887,0.0
mm_0057315,BioMistral-7B,1.0,1.0,sapbert_full_len3,7,7,0,6,False,1,-0.0,-0.0,C0543467,True,,,,,,,,
mm_0057315,FLAN-T5-base,1.0,1.0,sapbert_full_len3,7,7,0,6,False,1,-0.0,-0.0,C0543467,True,,,,,,,,
mm_0057315,Llama3-OpenBioLLM-8B,1.0,1.0,sapbert_full_len3,7,7,0,6,False,2,0.863120568566631,0.30744974986419643,C0543467,False,,,,,,,,
mm_0057315,Meta-Llama-3-8B-Instruct,1.0,1.0,sapbert_full_len3,7,7,0,6,False,1,-0.0,-0.0,C0543467,True,,,,,,,,
mm_0057315,Mistral-7B-Instruct-v0.1,0.0,0.9999998211860656,sapbert_full_len3,7,7,0,6,False,2,0.5916727785823275,0.21075809614719848,C0020502,False,,,,,,,,
mm_0057315,PubMedBERT,0.0,1.0,sapbert_full_len3,7,7,0,6,False,1,-0.0,-0.0,C1839576,True,7.0,1.0,"{""C1839576"": 7}",-0.0,-0.0,0.0,C1839576,0.0
mm_0057579,BERT-base,0.0,1.0,sapbert_full_len3,5,5,0,4,False,1,-0.0,-0.0,C1312419,True,5.0,1.0,"{""C1312419"": 5}",-0.0,-0.0,0.0,C1312419,0.0
mm_0057579,BioBERT,0.0,1.0,sapbert_full_len3,5,5,0,4,False,2,0.9709505944546686,0.4181656600790516,C1312419,False,5.0,2.0,"{""C1312419"": 3, ""UMLS:C1257990"": 2}",0.9709505944546686,0.4181656600790516,0.0,C1312419,0.0
mm_0057579,BioMistral-7B,0.0,0.9999998807907104,sapbert_full_len3,5,5,0,4,False,2,0.7219280948873623,0.31091750708257115,C0406810,False,,,,,,,,
mm_0057579,FLAN-T5-base,0.0,0.9999997615814208,sapbert_full_len3,5,5,0,4,False,1,-0.0,-0.0,C4039583,True,,,,,,,,
mm_0057579,Llama3-OpenBioLLM-8B,0.0,0.9757548570632936,sapbert_full_len3,5,5,0,4,False,1,-0.0,-0.0,C4039583,True,,,,,,,,
mm_0057579,Meta-Llama-3-8B-Instruct,0.0,0.9762490391731262,sapbert_full_len3,5,5,0,4,False,2,0.7219280948873623,0.31091750708257115,C4527316,False,,,,,,,,
mm_0057579,Mistral-7B-Instruct-v0.1,0.0,0.9635483026504515,sapbert_full_len3,5,5,0,4,False,2,0.7219280948873623,0.31091750708257115,C4527316,False,,,,,,,,
mm_0057579,PubMedBERT,0.0,1.0,sapbert_full_len3,5,5,0,4,False,1,-0.0,-0.0,C1447749,True,5.0,1.0,"{""C1447749"": 5}",-0.0,-0.0,0.0,C1447749,0.0
mm_0057675,BERT-base,0.0,1.0,sapbert_full_len3,6,6,0,5,False,2,0.9182958340544896,0.355245321275764,C1257990,False,6.0,2.0,"{""C1447749"": 2, ""UMLS:C1257990"": 4}",0.9182958340544896,0.355245321275764,0.0,UMLS:C1257990,0.0
mm_0057675,BioBERT,0.0,1.0,sapbert_full_len3,6,6,0,5,False,2,0.6500224216483541,0.25146299858006066,C1868801,False,6.0,2.0,"{""C1868801"": 5, ""C0027609"": 1}",0.6500224216483541,0.2514629985800606,0.0,C1868801,0.0
mm_0057675,BioMistral-7B,0.0,0.9999998211860656,sapbert_full_len3,6,6,0,5,False,1,-0.0,-0.0,C0007818,True,,,,,,,,
mm_0057675,FLAN-T5-base,0.0,1.0,sapbert_full_len3,6,6,0,5,False,4,1.9182958340544896,0.7420981285103057,C0007818,False,,,,,,,,
mm_0057675,Llama3-OpenBioLLM-8B,0.0,0.8930320739746094,sapbert_full_len3,6,6,0,5,False,3,1.4591479170272448,0.5644754678724236,C0007818,False,,,,,,,,
mm_0057675,Meta-Llama-3-8B-Instruct,0.0,0.9999998211860656,sapbert_full_len3,6,6,0,5,False,1,-0.0,-0.0,C0007818,True,,,,,,,,
mm_0057675,Mistral-7B-Instruct-v0.1,0.0,1.0,sapbert_full_len3,6,6,0,5,False,2,0.6500224216483541,0.25146299858006066,C0007818,False,,,,,,,,
mm_0057675,PubMedBERT,0.0,1.0,sapbert_full_len3,6,6,0,5,False,2,0.6500224216483541,0.25146299858006066,C1839576,False,6.0,2.0,"{""C1839576"": 5, ""C1447749"": 1}",0.6500224216483541,0.2514629985800606,0.0,C1839576,0.0
mm_0057822,BERT-base,0.0,1.0,sapbert_full_len3,6,6,0,5,False,1,-0.0,-0.0,C1257990,True,6.0,1.0,"{""UMLS:C1257990"": 6}",-0.0,-0.0,0.0,UMLS:C1257990,0.0
mm_0057822,BioBERT,0.0,1.0,sapbert_full_len3,6,6,0,5,False,2,0.9182958340544896,0.355245321275764,C1312419,False,6.0,2.0,"{""UMLS:C1257990"": 2, ""C1312419"": 4}",0.9182958340544896,0.355245321275764,0.0,C1312419,0.0
mm_0057822,BioMistral-7B,0.0,0.9999998807907104,sapbert_full_len3,6,6,0,5,False,1,-0.0,-0.0,C1533574,True,,,,,,,,
mm_0057822,FLAN-T5-base,0.0,0.8827425241470337,sapbert_full_len3,6,6,0,5,False,2,0.9182958340544896,0.355245321275764,C1533574,False,,,,,,,,
mm_0057822,Llama3-OpenBioLLM-8B,0.0,0.9900383353233336,sapbert_full_len3,6,6,0,5,False,2,0.9182958340544896,0.355245321275764,C0037083,False,,,,,,,,
mm_0057822,Meta-Llama-3-8B-Instruct,0.0,0.999999701976776,sapbert_full_len3,6,6,0,5,False,2,0.9182958340544896,0.355245321275764,C2753658,False,,,,,,,,
mm_0057822,Mistral-7B-Instruct-v0.1,0.0,0.8827425241470337,sapbert_full_len3,6,6,0,5,False,2,0.9182958340544896,0.355245321275764,C0225828,False,,,,,,,,
mm_0057822,PubMedBERT,0.0,1.0,sapbert_full_len3,6,6,0,5,False,2,0.9182958340544896,0.355245321275764,C1423931,False,6.0,2.0,"{""UMLS:C1423931"": 4, ""C1447749"": 2}",0.9182958340544896,0.355245321275764,0.0,UMLS:C1423931,0.0
mm_0057864,BERT-base,0.0,1.0,sapbert_full_len3,7,7,0,6,False,1,-0.0,-0.0,C1447749,True,7.0,1.0,"{""C1447749"": 7}",-0.0,-0.0,0.0,C1447749,0.0
mm_0057864,BioBERT,0.0,1.0,sapbert_full_len3,7,7,0,6,False,2,0.863120568566631,0.30744974986419643,C0027609,False,7.0,2.0,"{""C0265267"": 2, ""C0027609"": 5}",0.863120568566631,0.3074497498641964,0.0,C0027609,0.0
mm_0057864,BioMistral-7B,1.0,1.0,sapbert_full_len3,7,7,0,6,False,1,-0.0,-0.0,C0184511,True,,,,,,,,
mm_0057864,FLAN-T5-base,1.0,1.0,sapbert_full_len3,7,7,0,6,False,1,-0.0,-0.0,C0184511,True,,,,,,,,
mm_0057864,Llama3-OpenBioLLM-8B,0.0,1.0,sapbert_full_len3,7,7,0,6,False,4,1.8423709931771084,0.6562657890890309,C0242618,False,,,,,,,,
mm_0057864,Meta-Llama-3-8B-Instruct,1.0,1.0,sapbert_full_len3,7,7,0,6,False,3,1.5566567074628228,0.5544923070581674,C0184511,False,,,,,,,,
mm_0057864,Mistral-7B-Instruct-v0.1,0.0,1.0,sapbert_full_len3,7,7,0,6,False,1,-0.0,-0.0,C0037315,True,,,,,,,,
mm_0057864,PubMedBERT,0.0,1.0,sapbert_full_len3,7,7,0,6,False,1,-0.0,-0.0,C1839576,True,7.0,1.0,"{""C1839576"": 7}",-0.0,-0.0,0.0,C1839576,0.0
mm_0058271,BERT-base,0.0,1.0,sapbert_full_len3,7,7,0,6,False,1,-0.0,-0.0,C0242193,True,7.0,1.0,"{""UMLS:C0242193"": 7}",-0.0,-0.0,0.0,UMLS:C0242193,0.0
mm_0058271,BioBERT,0.0,1.0,sapbert_full_len3,7,7,0,6,False,2,0.9852281360342515,0.35094534299644053,C1447749,False,7.0,2.0,"{""C1839576"": 3, ""C1447749"": 4}",0.9852281360342516,0.3509453429964405,0.0,C1447749,0.0
mm_0058271,BioMistral-7B,1.0,1.0,sapbert_full_len3,7,7,0,6,False,2,0.863120568566631,0.30744974986419643,C0599755,False,,,,,,,,
mm_0058271,FLAN-T5-base,0.0,1.0,sapbert_full_len3,7,7,0,6,False,2,0.9852281360342515,0.35094534299644053,C0032961,False,,,,,,,,
mm_0058271,Llama3-OpenBioLLM-8B,1.0,0.7530407309532166,sapbert_full_len3,7,7,0,6,False,3,1.5566567074628228,0.5544923070581674,C0599755,False,,,,,,,,
mm_0058271,Meta-Llama-3-8B-Instruct,0.0,1.0,sapbert_full_len3,7,7,0,6,False,3,1.3787834934861753,0.49113258984568253,C0032961,False,,,,,,,,
mm_0058271,Mistral-7B-Instruct-v0.1,0.0,0.9999998807907104,sapbert_full_len3,7,7,0,6,False,2,0.9852281360342515,0.35094534299644053,C2985505,False,,,,,,,,
mm_0058271,PubMedBERT,0.0,1.0,sapbert_full_len3,7,7,0,6,False,1,-0.0,-0.0,C1839576,True,7.0,1.0,"{""C1839576"": 7}",-0.0,-0.0,0.0,C1839576,0.0
mm_0058376,BERT-base,0.0,1.0,sapbert_full_len3,7,7,0,6,False,1,-0.0,-0.0,C1257990,True,7.0,1.0,"{""UMLS:C1257990"": 7}",-0.0,-0.0,0.0,UMLS:C1257990,0.0
mm_0058376,BioBERT,0.0,1.0,sapbert_full_len3,7,7,0,6,False,1,-0.0,-0.0,C1312419,True,7.0,1.0,"{""C1312419"": 7}",-0.0,-0.0,0.0,C1312419,0.0
mm_0058376,BioMistral-7B,0.0,0.9999998211860656,sapbert_full_len3,7,7,0,6,False,1,-0.0,-0.0,C1420266,True,,,,,,,,
mm_0058376,FLAN-T5-base,0.0,0.9999998807907104,sapbert_full_len3,7,7,0,6,False,3,1.5566567074628228,0.5544923070581674,C0021083,False,,,,,,,,
mm_0058376,Llama3-OpenBioLLM-8B,0.0,0.9999998211860656,sapbert_full_len3,7,7,0,6,False,1,-0.0,-0.0,C0039194,True,,,,,,,,
mm_0058376,Meta-Llama-3-8B-Instruct,0.0,0.9951834678649902,sapbert_full_len3,7,7,0,6,False,2,0.863120568566631,0.30744974986419643,C0242629,False,,,,,,,,
mm_0058376,Mistral-7B-Instruct-v0.1,1.0,1.0,sapbert_full_len3,7,7,0,6,False,2,0.5916727785823275,0.21075809614719848,C1514474,False,,,,,,,,
mm_0058376,PubMedBERT,0.0,1.0,sapbert_full_len3,7,7,0,6,False,1,-0.0,-0.0,C1839576,True,7.0,1.0,"{""C1839576"": 7}",-0.0,-0.0,0.0,C1839576,0.0
mm_0059412,BERT-base,0.0,1.0,sapbert_full_len3,7,7,0,6,False,2,0.9852281360342515,0.35094534299644053,C0386482,False,7.0,2.0,"{""C4505290"": 3, ""C0386482"": 4}",0.9852281360342516,0.3509453429964405,0.0,C0386482,0.0
mm_0059412,BioBERT,0.0,1.0,sapbert_full_len3,7,7,0,6,False,2,0.863120568566631,0.30744974986419643,C1370369,False,7.0,2.0,"{""C1370369"": 5, ""C4505290"": 2}",0.863120568566631,0.3074497498641964,0.0,C1370369,0.0
mm_0059412,BioMistral-7B,0.0,0.9999997615814208,sapbert_full_len3,7,7,0,6,False,2,0.863120568566631,0.30744974986419643,C1415323,False,,,,,,,,
mm_0059412,FLAN-T5-base,0.0,1.0,sapbert_full_len3,7,7,0,6,False,2,0.9852281360342515,0.35094534299644053,C1415323,False,,,,,,,,
mm_0059412,Llama3-OpenBioLLM-8B,0.0,0.8321312069892883,sapbert_full_len3,7,7,0,6,False,4,1.664497779200461,0.592906071876546,C1415323,False,,,,,,,,
mm_0059412,Meta-Llama-3-8B-Instruct,0.0,0.9999997615814208,sapbert_full_len3,7,7,0,6,False,1,-0.0,-0.0,C1415323,True,,,,,,,,
mm_0059412,Mistral-7B-Instruct-v0.1,0.0,0.9999998211860656,sapbert_full_len3,7,7,0,6,False,2,0.863120568566631,0.30744974986419643,C0001271,False,,,,,,,,
mm_0059412,PubMedBERT,0.0,1.0,sapbert_full_len3,7,7,0,6,False,1,-0.0,-0.0,C0018966,True,7.0,1.0,"{""C0018966"": 7}",-0.0,-0.0,0.0,C0018966,0.0
mm_0060247,BERT-base,0.0,1.0,sapbert_full_len3,6,6,0,5,False,1,-0.0,-0.0,C1447749,True,6.0,1.0,"{""C1447749"": 6}",-0.0,-0.0,0.0,C1447749,0.0
mm_0060247,BioBERT,0.0,1.0,sapbert_full_len3,6,6,0,5,False,1,-0.0,-0.0,C1839576,True,6.0,1.0,"{""C1839576"": 6}",-0.0,-0.0,0.0,C1839576,0.0
mm_0060247,BioMistral-7B,0.0,0.7959376573562622,sapbert_full_len3,6,6,0,5,False,1,-0.0,-0.0,C4034558,True,,,,,,,,
mm_0060247,FLAN-T5-base,0.0,0.7959386706352234,sapbert_full_len3,6,6,0,5,False,1,-0.0,-0.0,C4034558,True,,,,,,,,
mm_0060247,Llama3-OpenBioLLM-8B,0.0,0.7959376573562622,sapbert_full_len3,6,6,0,5,False,1,-0.0,-0.0,C4034558,True,,,,,,,,
mm_0060247,Meta-Llama-3-8B-Instruct,0.0,0.7959376573562622,sapbert_full_len3,6,6,0,5,False,1,-0.0,-0.0,C4034558,True,,,,,,,,
mm_0060247,Mistral-7B-Instruct-v0.1,0.0,0.7959376573562622,sapbert_full_len3,6,6,0,5,False,1,-0.0,-0.0,C4034558,True,,,,,,,,
mm_0060247,PubMedBERT,0.0,1.0,sapbert_full_len3,6,6,0,5,False,1,-0.0,-0.0,C1839576,True,6.0,1.0,"{""C1839576"": 6}",-0.0,-0.0,0.0,C1839576,0.0
mm_0061241,BERT-base,0.0,1.0,sapbert_full_len3,4,4,0,3,False,2,1.0,0.5,C0524869,False,4.0,2.0,"{""C0524869"": 2, ""C1512167"": 2}",1.0,0.5,0.0,C0524869,1.0
mm_0061241,BioBERT,0.0,1.0,sapbert_full_len3,4,4,0,3,False,1,-0.0,-0.0,C1257738,True,4.0,1.0,"{""C1257738"": 4}",-0.0,-0.0,0.0,C1257738,0.0
mm_0061241,BioMistral-7B,0.0,0.9999998807907104,sapbert_full_len3,4,4,0,3,False,1,-0.0,-0.0,C0015350,True,,,,,,,,
mm_0061241,FLAN-T5-base,0.0,1.0000001192092896,sapbert_full_len3,4,4,0,3,False,2,1.0,0.5,C0016832,False,,,,,,,,
mm_0061241,Llama3-OpenBioLLM-8B,0.0,0.6707795858383179,sapbert_full_len3,4,2,2,3,False,1,-0.0,-0.0,C1275421,True,,,,,,,,
mm_0061241,Meta-Llama-3-8B-Instruct,0.0,0.6707795858383179,sapbert_full_len3,4,2,2,3,False,1,-0.0,-0.0,C0015350,True,,,,,,,,
mm_0061241,Mistral-7B-Instruct-v0.1,0.0,0.7482686042785645,sapbert_full_len3,4,4,0,3,False,1,-0.0,-0.0,C4690200,True,,,,,,,,
mm_0061241,PubMedBERT,0.0,1.0,sapbert_full_len3,4,4,0,3,False,1,-0.0,-0.0,C1447749,True,4.0,1.0,"{""C1447749"": 4}",-0.0,-0.0,0.0,C1447749,0.0
mm_0061747,BERT-base,0.0,1.0,sapbert_full_len3,8,8,0,7,False,1,-0.0,-0.0,C1257990,True,8.0,1.0,"{""UMLS:C1257990"": 8}",-0.0,-0.0,0.0,UMLS:C1257990,0.0
mm_0061747,BioBERT,0.0,1.0,sapbert_full_len3,8,8,0,7,False,2,0.5435644431995964,0.1811881477331988,C1257990,False,8.0,2.0,"{""UMLS:C1257990"": 7, ""C1312419"": 1}",0.5435644431995964,0.1811881477331988,0.0,UMLS:C1257990,0.0
mm_0061747,BioMistral-7B,0.0,1.0,sapbert_full_len3,8,8,0,7,False,1,-0.0,-0.0,C0242957,True,,,,,,,,
mm_0061747,FLAN-T5-base,0.0,1.0,sapbert_full_len3,8,8,0,7,False,2,1.0,0.3333333333333333,C0242957,False,,,,,,,,
mm_0061747,Llama3-OpenBioLLM-8B,0.0,1.0,sapbert_full_len3,8,8,0,7,False,1,-0.0,-0.0,C0242957,True,,,,,,,,
mm_0061747,Meta-Llama-3-8B-Instruct,0.0,1.0,sapbert_full_len3,8,8,0,7,False,4,1.5487949406953985,0.5162649802317995,C0242957,False,,,,,,,,
mm_0061747,Mistral-7B-Instruct-v0.1,0.0,1.0,sapbert_full_len3,8,8,0,7,False,2,0.5435644431995964,0.1811881477331988,C0242957,False,,,,,,,,
mm_0061747,PubMedBERT,0.0,1.0,sapbert_full_len3,8,8,0,7,False,2,0.954434002924965,0.318144667641655,C1839576,False,8.0,2.0,"{""C1839576"": 5, ""UMLS:C1257990"": 3}",0.954434002924965,0.318144667641655,0.0,C1839576,0.0
mm_0061750,BERT-base,0.0,1.0,sapbert_full_len3,7,7,0,6,False,1,-0.0,-0.0,C1447749,True,7.0,1.0,"{""C1447749"": 7}",-0.0,-0.0,0.0,C1447749,0.0
mm_0061750,BioBERT,0.0,1.0,sapbert_full_len3,7,7,0,6,False,1,-0.0,-0.0,C1257990,True,7.0,1.0,"{""UMLS:C1257990"": 7}",-0.0,-0.0,0.0,UMLS:C1257990,0.0
mm_0061750,BioMistral-7B,0.0,0.9999999403953552,sapbert_full_len3,7,7,0,6,False,2,0.9852281360342515,0.35094534299644053,C0028754,False,,,,,,,,
mm_0061750,FLAN-T5-base,0.0,0.9999999403953552,sapbert_full_len3,7,7,0,6,False,2,0.9852281360342515,0.35094534299644053,C0030956,False,,,,,,,,
mm_0061750,Llama3-OpenBioLLM-8B,0.0,0.9999998211860656,sapbert_full_len3,7,7,0,6,False,2,0.863120568566631,0.30744974986419643,C0021655,False,,,,,,,,
mm_0061750,Meta-Llama-3-8B-Instruct,0.0,1.0,sapbert_full_len3,7,7,0,6,False,2,0.5916727785823275,0.21075809614719848,C0021655,False,,,,,,,,
mm_0061750,Mistral-7B-Instruct-v0.1,1.0,1.0,sapbert_full_len3,7,7,0,6,False,3,1.5566567074628228,0.5544923070581674,C0030956,False,,,,,,,,
mm_0061750,PubMedBERT,0.0,1.0,sapbert_full_len3,7,7,0,6,False,1,-0.0,-0.0,C1447749,True,7.0,1.0,"{""C1447749"": 7}",-0.0,-0.0,0.0,C1447749,0.0
mm_0062167,BERT-base,0.0,1.0,sapbert_full_len3,7,7,0,6,False,1,-0.0,-0.0,C1447749,True,7.0,1.0,"{""C1447749"": 7}",-0.0,-0.0,0.0,C1447749,0.0
mm_0062167,BioBERT,0.0,1.0,sapbert_full_len3,7,7,0,6,False,2,0.863120568566631,0.30744974986419643,C1447749,False,7.0,2.0,"{""C1447749"": 5, ""UMLS:C1707887"": 2}",0.863120568566631,0.3074497498641964,0.0,C1447749,0.0
mm_0062167,BioMistral-7B,0.0,0.9999998211860656,sapbert_full_len3,7,7,0,6,False,2,0.863120568566631,0.30744974986419643,C5883510,False,,,,,,,,
mm_0062167,FLAN-T5-base,0.0,1.0,sapbert_full_len3,7,7,0,6,False,3,1.5566567074628228,0.5544923070581674,C0008972,False,,,,,,,,
mm_0062167,Llama3-OpenBioLLM-8B,0.0,0.9999998211860656,sapbert_full_len3,7,7,0,6,False,2,0.863120568566631,0.30744974986419643,C5883510,False,,,,,,,,
mm_0062167,Meta-Llama-3-8B-Instruct,0.0,1.0,sapbert_full_len3,7,7,0,6,False,2,0.863120568566631,0.30744974986419643,C5883510,False,,,,,,,,
mm_0062167,Mistral-7B-Instruct-v0.1,0.0,0.9999998211860656,sapbert_full_len3,7,7,0,6,False,2,0.9852281360342515,0.35094534299644053,C0008972,False,,,,,,,,
mm_0062167,PubMedBERT,0.0,1.0,sapbert_full_len3,7,7,0,6,False,1,-0.0,-0.0,C1839576,True,7.0,1.0,"{""C1839576"": 7}",-0.0,-0.0,0.0,C1839576,0.0
mm_0062391,BERT-base,0.0,1.0,sapbert_full_len3,7,7,0,6,False,1,-0.0,-0.0,C1431519,True,7.0,1.0,"{""C1431519"": 7}",-0.0,-0.0,0.0,C1431519,0.0
mm_0062391,BioBERT,0.0,1.0,sapbert_full_len3,7,7,0,6,False,1,-0.0,-0.0,C1312419,True,7.0,1.0,"{""C1312419"": 7}",-0.0,-0.0,0.0,C1312419,0.0
mm_0062391,BioMistral-7B,1.0,1.0,sapbert_full_len3,7,7,0,6,False,3,1.4488156357251847,0.516078542239789,C0006142,False,,,,,,,,
mm_0062391,FLAN-T5-base,1.0,1.0000001192092896,sapbert_full_len3,7,7,0,6,False,1,-0.0,-0.0,C0006142,True,,,,,,,,
mm_0062391,Llama3-OpenBioLLM-8B,1.0,1.0,sapbert_full_len3,7,7,0,6,False,2,0.5916727785823275,0.21075809614719848,C0006142,False,,,,,,,,
mm_0062391,Meta-Llama-3-8B-Instruct,1.0,1.0,sapbert_full_len3,7,7,0,6,False,2,0.863120568566631,0.30744974986419643,C0006142,False,,,,,,,,
mm_0062391,Mistral-7B-Instruct-v0.1,0.0,0.9999999403953552,sapbert_full_len3,7,7,0,6,False,1,-0.0,-0.0,C0024671,True,,,,,,,,
mm_0062391,PubMedBERT,0.0,1.0,sapbert_full_len3,7,7,0,6,False,1,-0.0,-0.0,C1839576,True,7.0,1.0,"{""C1839576"": 7}",-0.0,-0.0,0.0,C1839576,0.0
mm_0062397,BERT-base,0.0,1.0,sapbert_full_len3,5,5,0,4,False,2,0.9709505944546686,0.4181656600790516,C1447749,False,5.0,2.0,"{""C1447749"": 3, ""UMLS:C1257990"": 2}",0.9709505944546686,0.4181656600790516,0.0,C1447749,0.0
mm_0062397,BioBERT,0.0,1.0,sapbert_full_len3,5,5,0,4,False,2,0.7219280948873623,0.31091750708257115,C1312419,False,5.0,2.0,"{""C0265267"": 1, ""C1312419"": 4}",0.7219280948873623,0.3109175070825711,0.0,C1312419,0.0
mm_0062397,BioMistral-7B,0.0,0.9932278394699096,sapbert_full_len3,5,5,0,4,False,1,-0.0,-0.0,C4521453,True,,,,,,,,
mm_0062397,FLAN-T5-base,0.0,0.6443732976913452,sapbert_full_len3,5,4,1,4,False,2,1.0,0.43067655807339306,C0009378,False,,,,,,,,
mm_0062397,Llama3-OpenBioLLM-8B,0.0,0.9932278394699096,sapbert_full_len3,5,5,0,4,False,1,-0.0,-0.0,C4521453,True,,,,,,,,
mm_0062397,Meta-Llama-3-8B-Instruct,0.0,0.9932278394699096,sapbert_full_len3,5,5,0,4,False,1,-0.0,-0.0,C4521453,True,,,,,,,,
mm_0062397,Mistral-7B-Instruct-v0.1,0.0,0.9932150840759276,sapbert_full_len3,5,5,0,4,False,1,-0.0,-0.0,C4521453,True,,,,,,,,
mm_0062397,PubMedBERT,0.0,1.0,sapbert_full_len3,5,5,0,4,False,1,-0.0,-0.0,C1839576,True,5.0,1.0,"{""C1839576"": 5}",-0.0,-0.0,0.0,C1839576,0.0
mm_0062407,BERT-base,0.0,1.0,sapbert_full_len3,9,9,0,8,False,2,0.7642045065086203,0.24107968048484052,C1257990,False,9.0,2.0,"{""UMLS:C1257990"": 7, ""UMLS:C0242193"": 2}",0.7642045065086203,0.2410796804848405,0.0,UMLS:C1257990,0.0
mm_0062407,BioBERT,0.0,1.0,sapbert_full_len3,9,9,0,8,False,1,-0.0,-0.0,C0358514,True,9.0,1.0,"{""UMLS:C0358514"": 9}",-0.0,-0.0,0.0,UMLS:C0358514,0.0
mm_0062407,BioMistral-7B,0.0,0.985352635383606,sapbert_full_len3,9,9,0,8,False,3,1.4355205042826666,0.4528562990069186,C4527276,False,,,,,,,,
mm_0062407,FLAN-T5-base,0.0,0.943441927433014,sapbert_full_len3,9,9,0,8,False,2,0.7642045065086203,0.24107968048484052,C0302995,False,,,,,,,,
mm_0062407,Llama3-OpenBioLLM-8B,0.0,0.999999463558197,sapbert_full_len3,9,9,0,8,False,1,-0.0,-0.0,C4521453,True,,,,,,,,
mm_0062407,Meta-Llama-3-8B-Instruct,0.0,1.0000001192092896,sapbert_full_len3,9,9,0,8,False,4,1.974937501201927,0.6230234154761809,C0043299,False,,,,,,,,
mm_0062407,Mistral-7B-Instruct-v0.1,0.0,0.9577259421348572,sapbert_full_len3,9,9,0,8,False,1,-0.0,-0.0,C4527276,True,,,,,,,,
mm_0062407,PubMedBERT,0.0,1.0,sapbert_full_len3,9,9,0,8,False,1,-0.0,-0.0,C1839576,True,9.0,1.0,"{""C1839576"": 9}",-0.0,-0.0,0.0,C1839576,0.0
mm_0062793,BERT-base,0.0,1.0,sapbert_full_len3,6,6,0,5,False,1,-0.0,-0.0,C1257990,True,6.0,1.0,"{""UMLS:C1257990"": 6}",-0.0,-0.0,0.0,UMLS:C1257990,0.0
mm_0062793,BioBERT,0.0,1.0,sapbert_full_len3,6,6,0,5,False,2,0.6500224216483541,0.25146299858006066,C1257990,False,6.0,2.0,"{""UMLS:C1257990"": 5, ""UMLS:C1707887"": 1}",0.6500224216483541,0.2514629985800606,0.0,UMLS:C1257990,0.0
mm_0062793,BioMistral-7B,0.0,0.9999998807907104,sapbert_full_len3,6,6,0,5,False,1,-0.0,-0.0,C1418624,True,,,,,,,,
mm_0062793,FLAN-T5-base,0.0,0.9999998807907104,sapbert_full_len3,6,6,0,5,False,1,-0.0,-0.0,C1001509,True,,,,,,,,
mm_0062793,Llama3-OpenBioLLM-8B,0.0,0.9999999403953552,sapbert_full_len3,6,6,0,5,False,3,1.4591479170272446,0.5644754678724235,C0011756,False,,,,,,,,
mm_0062793,Meta-Llama-3-8B-Instruct,1.0,1.0,sapbert_full_len3,6,6,0,5,False,2,0.6500224216483541,0.25146299858006066,C0039597,False,,,,,,,,
mm_0062793,Mistral-7B-Instruct-v0.1,0.0,1.0,sapbert_full_len3,6,6,0,5,False,1,-0.0,-0.0,C1418624,True,,,,,,,,
mm_0062793,PubMedBERT,0.0,1.0,sapbert_full_len3,6,6,0,5,False,2,0.9182958340544896,0.355245321275764,C1447749,False,6.0,2.0,"{""C1839576"": 2, ""C1447749"": 4}",0.9182958340544896,0.355245321275764,0.0,C1447749,0.0
mm_0063726,BERT-base,0.0,1.0,sapbert_full_len3,9,9,0,8,False,1,-0.0,-0.0,C1447749,True,9.0,1.0,"{""C1447749"": 9}",-0.0,-0.0,0.0,C1447749,0.0
mm_0063726,BioBERT,0.0,1.0,sapbert_full_len3,9,9,0,8,False,2,0.9910760598382222,0.3126496871021503,C1447749,False,9.0,2.0,"{""UMLS:C1257990"": 4, ""C1447749"": 5}",0.9910760598382222,0.3126496871021503,0.0,C1447749,0.0
mm_0063726,BioMistral-7B,0.0,1.0,sapbert_full_len3,9,9,0,8,False,4,1.6577427265048887,0.5229596049593027,C0013030,False,,,,,,,,
mm_0063726,FLAN-T5-base,0.0,0.8551522493362427,sapbert_full_len3,9,9,0,8,False,2,0.9910760598382222,0.3126496871021503,C0611769,False,,,,,,,,
mm_0063726,Llama3-OpenBioLLM-8B,0.0,1.0,sapbert_full_len3,9,9,0,8,False,2,0.5032583347756457,0.1587603285713901,C0013030,False,,,,,,,,
mm_0063726,Meta-Llama-3-8B-Instruct,0.0,1.0,sapbert_full_len3,9,9,0,8,False,1,-0.0,-0.0,C0013030,True,,,,,,,,
mm_0063726,Mistral-7B-Instruct-v0.1,0.0,0.8178166747093201,sapbert_full_len3,9,9,0,8,False,2,0.7642045065086203,0.24107968048484052,C0162512,False,,,,,,,,
mm_0063726,PubMedBERT,0.0,1.0,sapbert_full_len3,9,9,0,8,False,1,-0.0,-0.0,C1839576,True,9.0,1.0,"{""C1839576"": 9}",-0.0,-0.0,0.0,C1839576,0.0
mm_0064130,BERT-base,0.0,1.0,sapbert_full_len3,5,5,0,4,False,2,0.9709505944546686,0.4181656600790516,C0810516,False,5.0,2.0,"{""UMLS:C0810516"": 3, ""UMLS:C0242193"": 2}",0.9709505944546686,0.4181656600790516,0.0,UMLS:C0810516,0.0
mm_0064130,BioBERT,0.0,1.0,sapbert_full_len3,5,5,0,4,False,2,0.9709505944546686,0.4181656600790516,C0810516,False,5.0,2.0,"{""UMLS:C0810516"": 3, ""UMLS:C1257990"": 2}",0.9709505944546686,0.4181656600790516,0.0,UMLS:C0810516,0.0
mm_0064130,BioMistral-7B,0.0,0.9999998807907104,sapbert_full_len3,5,5,0,4,False,1,-0.0,-0.0,C1532338,True,,,,,,,,
mm_0064130,FLAN-T5-base,0.0,1.0,sapbert_full_len3,5,5,0,4,False,2,0.7219280948873623,0.31091750708257115,C1532338,False,,,,,,,,
mm_0064130,Llama3-OpenBioLLM-8B,0.0,0.6916160583496094,sapbert_full_len3,5,4,1,4,False,1,-0.0,-0.0,C0023185,True,,,,,,,,
mm_0064130,Meta-Llama-3-8B-Instruct,1.0,0.7622028589248657,sapbert_full_len3,5,5,0,4,False,3,1.5219280948873621,0.6554587535412855,C0023185,False,,,,,,,,
mm_0064130,Mistral-7B-Instruct-v0.1,0.0,0.9999998807907104,sapbert_full_len3,5,5,0,4,False,1,-0.0,-0.0,C1532338,True,,,,,,,,
mm_0064130,PubMedBERT,0.0,1.0,sapbert_full_len3,5,5,0,4,False,1,-0.0,-0.0,C1839576,True,5.0,1.0,"{""C1839576"": 5}",-0.0,-0.0,0.0,C1839576,0.0
mm_0064287,BERT-base,0.0,1.0,sapbert_full_len3,4,4,0,3,False,2,0.8112781244591328,0.4056390622295664,C0810516,False,4.0,2.0,"{""UMLS:C0810516"": 3, ""UMLS:C0919821"": 1}",0.8112781244591328,0.4056390622295664,0.0,UMLS:C0810516,0.0
mm_0064287,BioBERT,1.0,1.0,sapbert_full_len3,4,4,0,3,False,1,-0.0,-0.0,C0282551,True,4.0,1.0,"{""C0282551"": 4}",-0.0,-0.0,0.0,C0282551,0.0
mm_0064287,BioMistral-7B,0.0,0.8927374482154846,sapbert_full_len3,4,4,0,3,False,3,1.5,0.75,C0185112,False,,,,,,,,
mm_0064287,FLAN-T5-base,0.0,1.0,sapbert_full_len3,4,4,0,3,False,3,1.5,0.75,C0185112,False,,,,,,,,
mm_0064287,Llama3-OpenBioLLM-8B,0.0,0.8098303079605103,sapbert_full_len3,4,4,0,3,False,1,-0.0,-0.0,C0042484,True,,,,,,,,
mm_0064287,Meta-Llama-3-8B-Instruct,1.0,0.8125874400138855,sapbert_full_len3,4,4,0,3,False,2,0.8112781244591328,0.4056390622295664,C0282551,False,,,,,,,,
mm_0064287,Mistral-7B-Instruct-v0.1,0.0,0.8927374482154846,sapbert_full_len3,4,4,0,3,False,2,1.0,0.5,C0185112,False,,,,,,,,
mm_0064287,PubMedBERT,0.0,1.0,sapbert_full_len3,4,4,0,3,False,1,-0.0,-0.0,C1447749,True,4.0,1.0,"{""C1447749"": 4}",-0.0,-0.0,0.0,C1447749,0.0
mm_0064516,BERT-base,0.0,1.0,sapbert_full_len3,5,5,0,4,False,1,-0.0,-0.0,C1257990,True,5.0,1.0,"{""UMLS:C1257990"": 5}",-0.0,-0.0,0.0,UMLS:C1257990,0.0
mm_0064516,BioBERT,0.0,1.0,sapbert_full_len3,5,5,0,4,False,1,-0.0,-0.0,C1257990,True,5.0,1.0,"{""UMLS:C1257990"": 5}",-0.0,-0.0,0.0,UMLS:C1257990,0.0
mm_0064516,BioMistral-7B,1.0,0.9999998807907104,sapbert_full_len3,5,5,0,4,False,2,0.7219280948873623,0.31091750708257115,C4277543,False,,,,,,,,
mm_0064516,FLAN-T5-base,1.0,1.0,sapbert_full_len3,5,5,0,4,False,1,-0.0,-0.0,C4277543,True,,,,,,,,
mm_0064516,Llama3-OpenBioLLM-8B,1.0,1.0,sapbert_full_len3,5,5,0,4,False,2,0.9709505944546686,0.4181656600790516,C0021079,False,,,,,,,,
mm_0064516,Meta-Llama-3-8B-Instruct,0.0,1.0,sapbert_full_len3,5,5,0,4,False,1,-0.0,-0.0,C0021079,True,,,,,,,,
mm_0064516,Mistral-7B-Instruct-v0.1,1.0,0.9999998807907104,sapbert_full_len3,5,5,0,4,False,1,-0.0,-0.0,C4277543,True,,,,,,,,
mm_0064516,PubMedBERT,0.0,1.0,sapbert_full_len3,5,5,0,4,False,1,-0.0,-0.0,C1257990,True,5.0,1.0,"{""UMLS:C1257990"": 5}",-0.0,-0.0,0.0,UMLS:C1257990,0.0
mm_0064558,BERT-base,0.0,1.0,sapbert_full_len3,5,5,0,4,False,1,-0.0,-0.0,C1257990,True,5.0,1.0,"{""UMLS:C1257990"": 5}",-0.0,-0.0,0.0,UMLS:C1257990,0.0
mm_0064558,BioBERT,0.0,1.0,sapbert_full_len3,5,5,0,4,False,2,0.7219280948873623,0.31091750708257115,C1839576,False,5.0,2.0,"{""C1839576"": 4, ""UMLS:C1707887"": 1}",0.7219280948873623,0.3109175070825711,0.0,C1839576,0.0
mm_0064558,BioMistral-7B,0.0,1.0,sapbert_full_len3,5,5,0,4,False,1,-0.0,-0.0,C0009555,True,,,,,,,,
mm_0064558,FLAN-T5-base,0.0,1.0,sapbert_full_len3,5,5,0,4,False,1,-0.0,-0.0,C0009555,True,,,,,,,,
mm_0064558,Llama3-OpenBioLLM-8B,0.0,1.0,sapbert_full_len3,5,5,0,4,False,2,0.9709505944546686,0.4181656600790516,C0009555,False,,,,,,,,
mm_0064558,Meta-Llama-3-8B-Instruct,0.0,1.0000001192092896,sapbert_full_len3,5,5,0,4,False,2,0.7219280948873623,0.31091750708257115,C0006142,False,,,,,,,,
mm_0064558,Mistral-7B-Instruct-v0.1,0.0,1.0000001192092896,sapbert_full_len3,5,5,0,4,False,1,-0.0,-0.0,C0006142,True,,,,,,,,
mm_0064558,PubMedBERT,0.0,1.0,sapbert_full_len3,5,5,0,4,False,1,-0.0,-0.0,C1839576,True,5.0,1.0,"{""C1839576"": 5}",-0.0,-0.0,0.0,C1839576,0.0
mm_0064655,BERT-base,0.0,1.0,sapbert_full_len3,5,5,0,4,False,1,-0.0,-0.0,C1447749,True,5.0,1.0,"{""C1447749"": 5}",-0.0,-0.0,0.0,C1447749,0.0
mm_0064655,BioBERT,0.0,1.0,sapbert_full_len3,5,5,0,4,False,1,-0.0,-0.0,C1447749,True,5.0,1.0,"{""C1447749"": 5}",-0.0,-0.0,0.0,C1447749,0.0
mm_0064655,BioMistral-7B,0.0,1.0,sapbert_full_len3,5,5,0,4,False,1,-0.0,-0.0,C0020538,True,,,,,,,,
mm_0064655,FLAN-T5-base,0.0,1.0000001192092896,sapbert_full_len3,5,5,0,4,False,2,0.9709505944546686,0.4181656600790516,C1336938,False,,,,,,,,
mm_0064655,Llama3-OpenBioLLM-8B,0.0,1.0,sapbert_full_len3,5,5,0,4,False,1,-0.0,-0.0,C0028873,True,,,,,,,,
mm_0064655,Meta-Llama-3-8B-Instruct,0.0,0.9852080345153807,sapbert_full_len3,5,5,0,4,False,1,-0.0,-0.0,C0020538,True,,,,,,,,
mm_0064655,Mistral-7B-Instruct-v0.1,0.0,0.9999998807907104,sapbert_full_len3,5,5,0,4,False,1,-0.0,-0.0,C0020538,True,,,,,,,,
mm_0064655,PubMedBERT,0.0,1.0,sapbert_full_len3,5,5,0,4,False,2,0.7219280948873623,0.31091750708257115,C1447749,False,5.0,2.0,"{""C1839576"": 1, ""C1447749"": 4}",0.7219280948873623,0.3109175070825711,0.0,C1447749,0.0
mm_0065160,BERT-base,1.0,1.0,sapbert_full_len3,8,8,0,7,False,1,-0.0,-0.0,C2350390,True,8.0,1.0,"{""UMLS:C2350390"": 8}",-0.0,-0.0,1.0,UMLS:C2350390,0.0
mm_0065160,BioBERT,0.0,1.0,sapbert_full_len3,8,8,0,7,False,3,1.2987949406953985,0.43293164689846614,C2350390,False,8.0,3.0,"{""UMLS:C0919821"": 1, ""UMLS:C2350390"": 5, ""C0920208"": 2}",1.2987949406953985,0.4329316468984661,0.625,UMLS:C2350390,0.0
mm_0065160,BioMistral-7B,1.0,0.9999999403953552,sapbert_full_len3,8,8,0,7,False,3,1.2987949406953985,0.43293164689846614,C1271104,False,,,,,,,,
mm_0065160,FLAN-T5-base,0.0,0.7464210987091064,sapbert_full_len3,8,8,0,7,False,2,0.8112781244591328,0.2704260414863776,C1827946,False,,,,,,,,
mm_0065160,Llama3-OpenBioLLM-8B,0.0,0.9999999403953552,sapbert_full_len3,8,8,0,7,False,5,2.25,0.75,C0451319,False,,,,,,,,
mm_0065160,Meta-Llama-3-8B-Instruct,0.0,0.9999997615814208,sapbert_full_len3,8,8,0,7,False,2,0.8112781244591328,0.2704260414863776,C0026565,False,,,,,,,,
mm_0065160,Mistral-7B-Instruct-v0.1,0.0,0.9999997615814208,sapbert_full_len3,8,8,0,7,False,2,0.8112781244591328,0.2704260414863776,C0026565,False,,,,,,,,
mm_0065160,PubMedBERT,0.0,1.0,sapbert_full_len3,8,8,0,7,False,1,-0.0,-0.0,C1839576,True,8.0,1.0,"{""C1839576"": 8}",-0.0,-0.0,0.0,C1839576,0.0
mm_0065470,BERT-base,0.0,1.0,sapbert_full_len3,7,7,0,6,False,1,-0.0,-0.0,C0752046,True,7.0,1.0,"{""UMLS:C0752046"": 7}",-0.0,-0.0,0.0,UMLS:C0752046,0.0
mm_0065470,BioBERT,1.0,1.0,sapbert_full_len3,7,7,0,6,False,1,-0.0,-0.0,C0597336,True,7.0,1.0,"{""C0597336"": 7}",-0.0,-0.0,0.0,C0597336,0.0
mm_0065470,BioMistral-7B,1.0,0.999999701976776,sapbert_full_len3,7,7,0,6,False,1,-0.0,-0.0,C0597336,True,,,,,,,,
mm_0065470,FLAN-T5-base,1.0,0.999999701976776,sapbert_full_len3,7,7,0,6,False,1,-0.0,-0.0,C0597336,True,,,,,,,,
mm_0065470,Llama3-OpenBioLLM-8B,1.0,0.999999701976776,sapbert_full_len3,7,7,0,6,False,1,-0.0,-0.0,C0597336,True,,,,,,,,
mm_0065470,Meta-Llama-3-8B-Instruct,1.0,0.9062422513961792,sapbert_full_len3,7,7,0,6,False,2,0.5916727785823275,0.21075809614719848,C0017398,False,,,,,,,,
mm_0065470,Mistral-7B-Instruct-v0.1,1.0,0.990250051021576,sapbert_full_len3,7,7,0,6,False,1,-0.0,-0.0,C0597336,True,,,,,,,,
mm_0065470,PubMedBERT,0.0,1.0,sapbert_full_len3,7,7,0,6,False,1,-0.0,-0.0,C1839576,True,7.0,1.0,"{""C1839576"": 7}",-0.0,-0.0,0.0,C1839576,0.0
mm_0065651,BERT-base,0.0,1.0,sapbert_full_len3,5,5,0,4,False,1,-0.0,-0.0,C1447749,True,5.0,1.0,"{""C1447749"": 5}",-0.0,-0.0,0.0,C1447749,0.0
mm_0065651,BioBERT,0.0,1.0,sapbert_full_len3,5,5,0,4,False,1,-0.0,-0.0,C1447749,True,5.0,1.0,"{""C1447749"": 5}",-0.0,-0.0,0.0,C1447749,0.0
mm_0065651,BioMistral-7B,0.0,0.9999996423721312,sapbert_full_len3,5,5,0,4,False,1,-0.0,-0.0,C2964659,True,,,,,,,,
mm_0065651,FLAN-T5-base,0.0,0.9999996423721312,sapbert_full_len3,5,5,0,4,False,1,-0.0,-0.0,C2964659,True,,,,,,,,
mm_0065651,Llama3-OpenBioLLM-8B,0.0,0.9999989867210388,sapbert_full_len3,5,5,0,4,False,3,1.5219280948873621,0.6554587535412855,C4277735,False,,,,,,,,
mm_0065651,Meta-Llama-3-8B-Instruct,0.0,1.0,sapbert_full_len3,5,5,0,4,False,1,-0.0,-0.0,C2964659,True,,,,,,,,
mm_0065651,Mistral-7B-Instruct-v0.1,0.0,1.0,sapbert_full_len3,5,5,0,4,False,1,-0.0,-0.0,C2964659,True,,,,,,,,
mm_0065651,PubMedBERT,0.0,1.0,sapbert_full_len3,5,5,0,4,False,2,0.9709505944546686,0.4181656600790516,C1447749,False,5.0,2.0,"{""C1447749"": 3, ""C1839576"": 2}",0.9709505944546686,0.4181656600790516,0.0,C1447749,0.0
mm_0065820,BERT-base,0.0,1.0,sapbert_full_len3,7,7,0,6,False,2,0.863120568566631,0.30744974986419643,C3850091,False,7.0,2.0,"{""C3850091"": 5, ""C1447749"": 2}",0.863120568566631,0.3074497498641964,0.0,C3850091,0.0
mm_0065820,BioBERT,0.0,1.0,sapbert_full_len3,7,7,0,6,False,2,0.863120568566631,0.30744974986419643,C1257990,False,7.0,2.0,"{""UMLS:C1257990"": 5, ""UMLS:C1707887"": 2}",0.863120568566631,0.3074497498641964,0.0,UMLS:C1257990,0.0
mm_0065820,BioMistral-7B,0.0,0.7732625007629395,sapbert_full_len3,7,7,0,6,False,3,1.3787834934861753,0.49113258984568253,C0010362,False,,,,,,,,
mm_0065820,FLAN-T5-base,0.0,0.7732625007629395,sapbert_full_len3,7,7,0,6,False,2,0.5916727785823275,0.21075809614719848,C1826808,False,,,,,,,,
mm_0065820,Llama3-OpenBioLLM-8B,0.0,1.0000001192092896,sapbert_full_len3,7,7,0,6,False,1,-0.0,-0.0,C0274281,True,,,,,,,,
mm_0065820,Meta-Llama-3-8B-Instruct,0.0,0.857712984085083,sapbert_full_len3,7,7,0,6,False,4,1.9502120649147465,0.6946795539074094,C0261746,False,,,,,,,,
mm_0065820,Mistral-7B-Instruct-v0.1,0.0,0.9999999403953552,sapbert_full_len3,7,7,0,6,False,5,2.235926350629032,0.7964530359382728,C0261746,False,,,,,,,,
mm_0065820,PubMedBERT,0.0,1.0,sapbert_full_len3,7,7,0,6,False,1,-0.0,-0.0,C1839576,True,7.0,1.0,"{""C1839576"": 7}",-0.0,-0.0,0.0,C1839576,0.0
mm_0067336,BERT-base,0.0,1.0,sapbert_full_len3,7,7,0,6,False,2,0.863120568566631,0.30744974986419643,C0358514,False,7.0,2.0,"{""UMLS:C0358514"": 5, ""UMLS:C1257990"": 2}",0.863120568566631,0.3074497498641964,0.0,UMLS:C0358514,0.0
mm_0067336,BioBERT,0.0,1.0,sapbert_full_len3,7,7,0,6,False,3,1.1488348542809166,0.4092232318950598,C1370369,False,7.0,3.0,"{""C1370369"": 5, ""UMLS:C1257990"": 1, ""C1312419"": 1}",1.1488348542809166,0.4092232318950598,0.0,C1370369,0.0
mm_0067336,BioMistral-7B,0.0,1.0000001192092896,sapbert_full_len3,7,7,0,6,False,1,-0.0,-0.0,C0085207,True,,,,,,,,
mm_0067336,FLAN-T5-base,0.0,1.0000001192092896,sapbert_full_len3,7,7,0,6,False,1,-0.0,-0.0,C0085207,True,,,,,,,,
mm_0067336,Llama3-OpenBioLLM-8B,0.0,1.0,sapbert_full_len3,7,7,0,6,False,1,-0.0,-0.0,C0028873,True,,,,,,,,
mm_0067336,Meta-Llama-3-8B-Instruct,0.0,1.0000001192092896,sapbert_full_len3,7,7,0,6,False,2,0.863120568566631,0.30744974986419643,C0085207,False,,,,,,,,
mm_0067336,Mistral-7B-Instruct-v0.1,0.0,0.9999998211860656,sapbert_full_len3,7,7,0,6,False,1,-0.0,-0.0,C0011849,True,,,,,,,,
mm_0067336,PubMedBERT,0.0,1.0,sapbert_full_len3,7,7,0,6,False,1,-0.0,-0.0,C1839576,True,7.0,1.0,"{""C1839576"": 7}",-0.0,-0.0,0.0,C1839576,0.0
mm_0067846,BERT-base,0.0,1.0,sapbert_full_len3,4,4,0,3,False,1,-0.0,-0.0,C1447749,True,4.0,1.0,"{""C1447749"": 4}",-0.0,-0.0,0.0,C1447749,0.0
mm_0067846,BioBERT,0.0,1.0,sapbert_full_len3,4,4,0,3,False,1,-0.0,-0.0,C1257990,True,4.0,1.0,"{""UMLS:C1257990"": 4}",-0.0,-0.0,0.0,UMLS:C1257990,0.0
mm_0067846,BioMistral-7B,0.0,0.9999997615814208,sapbert_full_len3,4,4,0,3,False,2,0.8112781244591328,0.4056390622295664,C0034069,False,,,,,,,,
mm_0067846,FLAN-T5-base,1.0,0.9999998807907104,sapbert_full_len3,4,4,0,3,False,2,0.8112781244591328,0.4056390622295664,C0061751,False,,,,,,,,
mm_0067846,Llama3-OpenBioLLM-8B,1.0,0.9391137361526488,sapbert_full_len3,4,4,0,3,False,2,0.8112781244591328,0.4056390622295664,C0061751,False,,,,,,,,
mm_0067846,Meta-Llama-3-8B-Instruct,0.0,1.0,sapbert_full_len3,4,4,0,3,False,1,-0.0,-0.0,C0034069,True,,,,,,,,
mm_0067846,Mistral-7B-Instruct-v0.1,0.0,0.9999997615814208,sapbert_full_len3,4,4,0,3,False,1,-0.0,-0.0,C0034069,True,,,,,,,,
mm_0067846,PubMedBERT,0.0,1.0,sapbert_full_len3,4,4,0,3,False,1,-0.0,-0.0,C1839576,True,4.0,1.0,"{""C1839576"": 4}",-0.0,-0.0,0.0,C1839576,0.0
mm_0067855,BERT-base,0.0,1.0,sapbert_full_len3,5,5,0,4,False,3,1.3709505944546687,0.5904362833084089,C0034698,False,5.0,3.0,"{""UMLS:C1257990"": 1, ""C0034698"": 3, ""C3850091"": 1}",1.3709505944546687,0.5904362833084089,0.0,C0034698,1.0
mm_0067855,BioBERT,0.0,1.0,sapbert_full_len3,5,5,0,4,False,1,-0.0,-0.0,C1257990,True,5.0,1.0,"{""UMLS:C1257990"": 5}",-0.0,-0.0,0.0,UMLS:C1257990,0.0
mm_0067855,BioMistral-7B,0.0,1.0,sapbert_full_len3,5,5,0,4,False,1,-0.0,-0.0,C0002268,True,,,,,,,,
mm_0067855,FLAN-T5-base,0.0,1.0000001192092896,sapbert_full_len3,5,5,0,4,False,2,0.7219280948873623,0.31091750708257115,C0002268,False,,,,,,,,
mm_0067855,Llama3-OpenBioLLM-8B,0.0,0.9999998211860656,sapbert_full_len3,5,5,0,4,False,4,1.9219280948873623,0.8277293767706428,C1522449,False,,,,,,,,
mm_0067855,Meta-Llama-3-8B-Instruct,1.0,0.9999998807907104,sapbert_full_len3,5,5,0,4,False,1,-0.0,-0.0,C1522449,True,,,,,,,,
mm_0067855,Mistral-7B-Instruct-v0.1,1.0,0.7218905687332153,sapbert_full_len3,5,5,0,4,False,1,-0.0,-0.0,C1522449,True,,,,,,,,
mm_0067855,PubMedBERT,0.0,1.0,sapbert_full_len3,5,5,0,4,False,1,-0.0,-0.0,C0332293,True,5.0,1.0,"{""UMLS:C0332293"": 5}",-0.0,-0.0,0.0,UMLS:C0332293,0.0
mm_0067918,BERT-base,0.0,1.0,sapbert_full_len3,5,5,0,4,False,1,-0.0,-0.0,C1447749,True,5.0,1.0,"{""C1447749"": 5}",-0.0,-0.0,0.0,C1447749,0.0
mm_0067918,BioBERT,0.0,1.0,sapbert_full_len3,5,5,0,4,False,1,-0.0,-0.0,C1447749,True,5.0,1.0,"{""C1447749"": 5}",-0.0,-0.0,0.0,C1447749,0.0
mm_0067918,BioMistral-7B,1.0,0.8196030855178833,sapbert_full_len3,5,5,0,4,False,3,1.3709505944546687,0.5904362833084089,C0151763,False,,,,,,,,
mm_0067918,FLAN-T5-base,0.0,0.9999997615814208,sapbert_full_len3,5,5,0,4,False,1,-0.0,-0.0,C1142891,True,,,,,,,,
mm_0067918,Llama3-OpenBioLLM-8B,1.0,0.8196030855178833,sapbert_full_len3,5,5,0,4,False,2,0.9709505944546686,0.4181656600790516,C0151763,False,,,,,,,,
mm_0067918,Meta-Llama-3-8B-Instruct,1.0,0.8195812106132507,sapbert_full_len3,5,5,0,4,False,2,0.7219280948873623,0.31091750708257115,C0151763,False,,,,,,,,
mm_0067918,Mistral-7B-Instruct-v0.1,0.0,1.0,sapbert_full_len3,5,5,0,4,False,1,-0.0,-0.0,C0235378,True,,,,,,,,
mm_0067918,PubMedBERT,0.0,1.0,sapbert_full_len3,5,5,0,4,False,1,-0.0,-0.0,C1447749,True,5.0,1.0,"{""C1447749"": 5}",-0.0,-0.0,0.0,C1447749,0.0
mm_0068072,BERT-base,0.0,1.0,sapbert_full_len3,7,7,0,6,False,1,-0.0,-0.0,C1257990,True,7.0,1.0,"{""UMLS:C1257990"": 7}",-0.0,-0.0,0.0,UMLS:C1257990,0.0
mm_0068072,BioBERT,0.0,1.0,sapbert_full_len3,7,7,0,6,False,1,-0.0,-0.0,C1309905,True,7.0,1.0,"{""C1309905"": 7}",-0.0,-0.0,0.0,C1309905,0.0
mm_0068072,BioMistral-7B,1.0,1.0,sapbert_full_len3,7,7,0,6,False,1,-0.0,-0.0,C0012655,True,,,,,,,,
mm_0068072,FLAN-T5-base,1.0,1.0,sapbert_full_len3,7,7,0,6,False,1,-0.0,-0.0,C0012655,True,,,,,,,,
mm_0068072,Llama3-OpenBioLLM-8B,1.0,1.0,sapbert_full_len3,7,7,0,6,False,2,0.5916727785823275,0.21075809614719848,C0012655,False,,,,,,,,
mm_0068072,Meta-Llama-3-8B-Instruct,1.0,0.999999701976776,sapbert_full_len3,7,7,0,6,False,2,0.5916727785823275,0.21075809614719848,C0012655,False,,,,,,,,
mm_0068072,Mistral-7B-Instruct-v0.1,1.0,1.0,sapbert_full_len3,7,7,0,6,False,1,-0.0,-0.0,C0012655,True,,,,,,,,
mm_0068072,PubMedBERT,0.0,1.0,sapbert_full_len3,7,7,0,6,False,1,-0.0,-0.0,C1839576,True,7.0,1.0,"{""C1839576"": 7}",-0.0,-0.0,0.0,C1839576,0.0
mm_0068158,BERT-base,0.0,1.0,sapbert_full_len3,5,5,0,4,False,2,0.7219280948873623,0.31091750708257115,C0524869,False,5.0,2.0,"{""C0524869"": 4, ""C0265267"": 1}",0.7219280948873623,0.3109175070825711,0.0,C0524869,0.0
mm_0068158,BioBERT,0.0,1.0,sapbert_full_len3,5,5,0,4,False,1,-0.0,-0.0,C1257738,True,5.0,1.0,"{""C1257738"": 5}",-0.0,-0.0,0.0,C1257738,0.0
mm_0068158,BioMistral-7B,0.0,0.9999998807907104,sapbert_full_len3,5,5,0,4,False,2,0.9709505944546686,0.4181656600790516,C0026918,False,,,,,,,,
mm_0068158,FLAN-T5-base,0.0,0.8666114807128906,sapbert_full_len3,5,5,0,4,False,2,0.7219280948873623,0.31091750708257115,C0456644,False,,,,,,,,
mm_0068158,Llama3-OpenBioLLM-8B,0.0,0.7533403635025024,sapbert_full_len3,5,5,0,4,False,2,0.7219280948873623,0.31091750708257115,C1519068,False,,,,,,,,
mm_0068158,Meta-Llama-3-8B-Instruct,0.0,1.0,sapbert_full_len3,5,5,0,4,False,1,-0.0,-0.0,C2936603,True,,,,,,,,
mm_0068158,Mistral-7B-Instruct-v0.1,0.0,0.9999998807907104,sapbert_full_len3,5,5,0,4,False,1,-0.0,-0.0,C2936603,True,,,,,,,,
mm_0068158,PubMedBERT,0.0,1.0,sapbert_full_len3,5,5,0,4,False,1,-0.0,-0.0,C1839576,True,5.0,1.0,"{""C1839576"": 5}",-0.0,-0.0,0.0,C1839576,0.0
mm_0068247,BERT-base,0.0,1.0,sapbert_full_len3,9,9,0,8,False,1,-0.0,-0.0,C1447749,True,9.0,1.0,"{""C1447749"": 9}",-0.0,-0.0,0.0,C1447749,0.0
mm_0068247,BioBERT,0.0,1.0,sapbert_full_len3,9,9,0,8,False,2,0.9182958340544896,0.2896900821428475,C1257990,False,9.0,2.0,"{""C1447749"": 3, ""UMLS:C1257990"": 6}",0.9182958340544896,0.2896900821428475,0.0,UMLS:C1257990,0.0
mm_0068247,BioMistral-7B,0.0,1.0,sapbert_full_len3,9,9,0,8,False,1,-0.0,-0.0,C0020196,True,,,,,,,,
mm_0068247,FLAN-T5-base,0.0,1.0,sapbert_full_len3,9,9,0,8,False,1,-0.0,-0.0,C0020196,True,,,,,,,,
mm_0068247,Llama3-OpenBioLLM-8B,0.0,0.9999999403953552,sapbert_full_len3,9,9,0,8,False,2,0.7642045065086203,0.24107968048484052,C0020196,False,,,,,,,,
mm_0068247,Meta-Llama-3-8B-Instruct,0.0,1.0000001192092896,sapbert_full_len3,9,9,0,8,False,2,0.7642045065086203,0.24107968048484052,C0029408,False,,,,,,,,
mm_0068247,Mistral-7B-Instruct-v0.1,0.0,0.9999999403953552,sapbert_full_len3,9,9,0,8,False,2,0.9910760598382222,0.3126496871021503,C0020196,False,,,,,,,,
mm_0068247,PubMedBERT,0.0,1.0,sapbert_full_len3,9,9,0,8,False,2,0.7642045065086203,0.24107968048484052,C0015131,False,9.0,2.0,"{""C0015131"": 7, ""C1839576"": 2}",0.7642045065086203,0.2410796804848405,0.0,C0015131,0.0
mm_0068940,BERT-base,0.0,1.0,sapbert_full_len3,5,5,0,4,False,2,0.7219280948873623,0.31091750708257115,C1447749,False,5.0,2.0,"{""C1447749"": 4, ""UMLS:C1257990"": 1}",0.7219280948873623,0.3109175070825711,0.0,C1447749,0.0
mm_0068940,BioBERT,0.0,1.0,sapbert_full_len3,5,5,0,4,False,1,-0.0,-0.0,C1136216,True,5.0,1.0,"{""C1136216"": 5}",-0.0,-0.0,0.0,C1136216,0.0
mm_0068940,BioMistral-7B,0.0,0.8498752117156982,sapbert_full_len3,5,5,0,4,False,1,-0.0,-0.0,C0026769,True,,,,,,,,
mm_0068940,FLAN-T5-base,0.0,0.8498494029045105,sapbert_full_len3,5,5,0,4,False,2,0.7219280948873623,0.31091750708257115,C0026769,False,,,,,,,,
mm_0068940,Llama3-OpenBioLLM-8B,0.0,0.9999999403953552,sapbert_full_len3,5,5,0,4,False,2,0.9709505944546686,0.4181656600790516,C0024485,False,,,,,,,,
mm_0068940,Meta-Llama-3-8B-Instruct,0.0,0.9999998211860656,sapbert_full_len3,5,5,0,4,False,1,-0.0,-0.0,C0024485,True,,,,,,,,
mm_0068940,Mistral-7B-Instruct-v0.1,0.0,0.9999998211860656,sapbert_full_len3,5,5,0,4,False,2,0.9709505944546686,0.4181656600790516,C0026769,False,,,,,,,,
mm_0068940,PubMedBERT,0.0,1.0,sapbert_full_len3,5,5,0,4,False,1,-0.0,-0.0,C1839576,True,5.0,1.0,"{""C1839576"": 5}",-0.0,-0.0,0.0,C1839576,0.0
mm_0069162,BERT-base,0.0,1.0,sapbert_full_len3,5,5,0,4,False,2,0.9709505944546686,0.4181656600790516,C0280321,False,5.0,2.0,"{""C0280321"": 3, ""UMLS:C1257990"": 2}",0.9709505944546686,0.4181656600790516,0.0,C0280321,0.0
mm_0069162,BioBERT,1.0,1.0,sapbert_full_len3,5,5,0,4,False,1,-0.0,-0.0,C0280313,True,5.0,1.0,"{""UMLS:C0280313"": 5}",-0.0,-0.0,1.0,UMLS:C0280313,0.0
mm_0069162,BioMistral-7B,1.0,0.9999996423721312,sapbert_full_len3,5,5,0,4,False,3,1.5219280948873621,0.6554587535412855,C0007137,False,,,,,,,,
mm_0069162,FLAN-T5-base,1.0,0.9999998807907104,sapbert_full_len3,5,5,0,4,False,1,-0.0,-0.0,C0280313,True,,,,,,,,
mm_0069162,Llama3-OpenBioLLM-8B,1.0,1.0,sapbert_full_len3,5,5,0,4,False,2,0.9709505944546686,0.4181656600790516,C0280313,False,,,,,,,,
mm_0069162,Meta-Llama-3-8B-Instruct,1.0,0.9999996423721312,sapbert_full_len3,5,5,0,4,False,2,0.9709505944546686,0.4181656600790516,C0280313,False,,,,,,,,
mm_0069162,Mistral-7B-Instruct-v0.1,1.0,1.0,sapbert_full_len3,5,5,0,4,False,1,-0.0,-0.0,C0280313,True,,,,,,,,
mm_0069162,PubMedBERT,0.0,1.0,sapbert_full_len3,5,5,0,4,False,1,-0.0,-0.0,C1839576,True,5.0,1.0,"{""C1839576"": 5}",-0.0,-0.0,0.0,C1839576,0.0
mm_0069838,BERT-base,0.0,1.0,sapbert_full_len3,5,5,0,4,False,2,0.9709505944546686,0.4181656600790516,C1447749,False,5.0,2.0,"{""C1447749"": 3, ""C0265267"": 2}",0.9709505944546686,0.4181656600790516,0.0,C1447749,0.0
mm_0069838,BioBERT,1.0,1.0,sapbert_full_len3,5,5,0,4,False,1,-0.0,-0.0,C0376671,True,5.0,2.0,"{""C0376671"": 3, ""UMLS:C0376671"": 2}",0.9709505944546686,0.4181656600790516,0.4,C0376671,0.0
mm_0069838,BioMistral-7B,0.0,1.0,sapbert_full_len3,5,5,0,4,False,1,-0.0,-0.0,C0020608,True,,,,,,,,
mm_0069838,FLAN-T5-base,0.0,1.0,sapbert_full_len3,5,5,0,4,False,2,0.9709505944546686,0.4181656600790516,C0020608,False,,,,,,,,
mm_0069838,Llama3-OpenBioLLM-8B,0.0,0.9999999403953552,sapbert_full_len3,5,5,0,4,False,4,1.9219280948873623,0.8277293767706428,C0011370,False,,,,,,,,
mm_0069838,Meta-Llama-3-8B-Instruct,0.0,1.0,sapbert_full_len3,5,5,0,4,False,2,0.9709505944546686,0.4181656600790516,C0020608,False,,,,,,,,
mm_0069838,Mistral-7B-Instruct-v0.1,0.0,0.9999997615814208,sapbert_full_len3,5,5,0,4,False,1,-0.0,-0.0,C0020608,True,,,,,,,,
mm_0069838,PubMedBERT,0.0,1.0,sapbert_full_len3,5,5,0,4,False,1,-0.0,-0.0,C1447749,True,5.0,1.0,"{""C1447749"": 5}",-0.0,-0.0,0.0,C1447749,0.0
mm_0070124,BERT-base,0.0,1.0,sapbert_full_len3,7,7,0,6,False,1,-0.0,-0.0,C1257990,True,7.0,1.0,"{""UMLS:C1257990"": 7}",-0.0,-0.0,0.0,UMLS:C1257990,0.0
mm_0070124,BioBERT,0.0,1.0,sapbert_full_len3,7,7,0,6,False,3,1.3787834934861753,0.49113258984568253,C1257990,False,7.0,3.0,"{""C5392105"": 2, ""C0265267"": 1, ""UMLS:C1257990"": 4}",1.3787834934861751,0.4911325898456825,0.0,UMLS:C1257990,0.0
mm_0070124,BioMistral-7B,0.0,1.0,sapbert_full_len3,7,7,0,6,False,2,0.863120568566631,0.30744974986419643,C2827666,False,,,,,,,,
mm_0070124,FLAN-T5-base,0.0,1.0,sapbert_full_len3,7,7,0,6,False,2,0.863120568566631,0.30744974986419643,C2827666,False,,,,,,,,
mm_0070124,Llama3-OpenBioLLM-8B,0.0,0.970048189163208,sapbert_full_len3,7,7,0,6,False,2,0.9852281360342515,0.35094534299644053,C0871565,False,,,,,,,,
mm_0070124,Meta-Llama-3-8B-Instruct,0.0,0.7904173731803894,sapbert_full_len3,7,7,0,6,False,3,1.5566567074628228,0.5544923070581674,C0042866,False,,,,,,,,
mm_0070124,Mistral-7B-Instruct-v0.1,0.0,0.9999998807907104,sapbert_full_len3,7,7,0,6,False,1,-0.0,-0.0,C2827666,True,,,,,,,,
mm_0070124,PubMedBERT,0.0,1.0,sapbert_full_len3,7,7,0,6,False,2,0.863120568566631,0.30744974986419643,C1839576,False,7.0,2.0,"{""C1839576"": 5, ""C1447749"": 2}",0.863120568566631,0.3074497498641964,0.0,C1839576,0.0
mm_0071254,BERT-base,0.0,1.0,sapbert_full_len3,7,7,0,6,False,1,-0.0,-0.0,C1257990,True,7.0,1.0,"{""UMLS:C1257990"": 7}",-0.0,-0.0,0.0,UMLS:C1257990,0.0
mm_0071254,BioBERT,0.0,1.0,sapbert_full_len3,7,7,0,6,False,1,-0.0,-0.0,C0358514,True,7.0,1.0,"{""UMLS:C0358514"": 7}",-0.0,-0.0,0.0,UMLS:C0358514,0.0
mm_0071254,BioMistral-7B,0.0,1.0000001192092896,sapbert_full_len3,7,7,0,6,False,2,0.863120568566631,0.30744974986419643,C0242184,False,,,,,,,,
mm_0071254,FLAN-T5-base,0.0,0.9999998807907104,sapbert_full_len3,7,7,0,6,False,2,0.863120568566631,0.30744974986419643,C1176020,False,,,,,,,,
mm_0071254,Llama3-OpenBioLLM-8B,0.0,1.0,sapbert_full_len3,7,7,0,6,False,2,0.5916727785823275,0.21075809614719848,C0087111,False,,,,,,,,
mm_0071254,Meta-Llama-3-8B-Instruct,0.0,1.0,sapbert_full_len3,7,7,0,6,False,3,1.3787834934861753,0.49113258984568253,C0242184,False,,,,,,,,
mm_0071254,Mistral-7B-Instruct-v0.1,0.0,0.9999998211860656,sapbert_full_len3,7,7,0,6,False,2,0.5916727785823275,0.21075809614719848,C1176020,False,,,,,,,,
mm_0071254,PubMedBERT,0.0,1.0,sapbert_full_len3,7,7,0,6,False,1,-0.0,-0.0,C0358514,True,7.0,1.0,"{""UMLS:C0358514"": 7}",-0.0,-0.0,0.0,UMLS:C0358514,0.0
mm_0071441,BERT-base,0.0,1.0,sapbert_full_len3,5,5,0,4,False,1,-0.0,-0.0,C1257990,True,5.0,1.0,"{""UMLS:C1257990"": 5}",-0.0,-0.0,0.0,UMLS:C1257990,0.0
mm_0071441,BioBERT,0.0,1.0,sapbert_full_len3,5,5,0,4,False,1,-0.0,-0.0,C1257990,True,5.0,1.0,"{""UMLS:C1257990"": 5}",-0.0,-0.0,0.0,UMLS:C1257990,0.0
mm_0071441,BioMistral-7B,0.0,1.0,sapbert_full_len3,5,5,0,4,False,1,-0.0,-0.0,C3178870,True,,,,,,,,
mm_0071441,FLAN-T5-base,0.0,0.9999999403953552,sapbert_full_len3,5,5,0,4,False,1,-0.0,-0.0,C0162638,True,,,,,,,,
mm_0071441,Llama3-OpenBioLLM-8B,0.0,1.0,sapbert_full_len3,5,5,0,4,False,2,0.7219280948873623,0.31091750708257115,C0021655,False,,,,,,,,
mm_0071441,Meta-Llama-3-8B-Instruct,0.0,1.0,sapbert_full_len3,5,5,0,4,False,1,-0.0,-0.0,C3178870,True,,,,,,,,
mm_0071441,Mistral-7B-Instruct-v0.1,0.0,0.9999997615814208,sapbert_full_len3,5,5,0,4,False,1,-0.0,-0.0,C3178870,True,,,,,,,,
mm_0071441,PubMedBERT,0.0,1.0,sapbert_full_len3,5,5,0,4,False,1,-0.0,-0.0,C1447749,True,5.0,1.0,"{""C1447749"": 5}",-0.0,-0.0,0.0,C1447749,0.0
mm_0071546,BERT-base,0.0,1.0,sapbert_full_len3,5,5,0,4,False,2,0.9709505944546686,0.4181656600790516,C1431519,False,5.0,2.0,"{""C1431519"": 3, ""UMLS:C1283169"": 2}",0.9709505944546686,0.4181656600790516,0.0,C1431519,0.0
mm_0071546,BioBERT,0.0,1.0,sapbert_full_len3,5,5,0,4,False,2,0.9709505944546686,0.4181656600790516,C1447749,False,5.0,2.0,"{""C1447749"": 3, ""UMLS:C1257990"": 2}",0.9709505944546686,0.4181656600790516,0.0,C1447749,0.0
mm_0071546,BioMistral-7B,0.0,0.9999998211860656,sapbert_full_len3,5,5,0,4,False,1,-0.0,-0.0,C0282507,True,,,,,,,,
mm_0071546,FLAN-T5-base,1.0,1.0,sapbert_full_len3,5,5,0,4,False,2,0.7219280948873623,0.31091750708257115,C0282507,False,,,,,,,,
mm_0071546,Llama3-OpenBioLLM-8B,1.0,1.0,sapbert_full_len3,5,5,0,4,False,2,0.7219280948873623,0.31091750708257115,C0282507,False,,,,,,,,
mm_0071546,Meta-Llama-3-8B-Instruct,1.0,1.0,sapbert_full_len3,5,5,0,4,False,2,0.7219280948873623,0.31091750708257115,C0282507,False,,,,,,,,
mm_0071546,Mistral-7B-Instruct-v0.1,0.0,0.9999997615814208,sapbert_full_len3,5,5,0,4,False,1,-0.0,-0.0,C0282507,True,,,,,,,,
mm_0071546,PubMedBERT,0.0,1.0,sapbert_full_len3,5,5,0,4,False,2,0.9709505944546686,0.4181656600790516,C1839576,False,5.0,2.0,"{""C1839576"": 3, ""C1447749"": 2}",0.9709505944546686,0.4181656600790516,0.0,C1839576,0.0
mm_0072049,BERT-base,0.0,1.0,sapbert_full_len3,7,7,0,6,False,1,-0.0,-0.0,C1257990,True,7.0,1.0,"{""UMLS:C1257990"": 7}",-0.0,-0.0,0.0,UMLS:C1257990,0.0
mm_0072049,BioBERT,0.0,1.0,sapbert_full_len3,7,7,0,6,False,1,-0.0,-0.0,C1447749,True,7.0,1.0,"{""C1447749"": 7}",-0.0,-0.0,0.0,C1447749,0.0
mm_0072049,BioMistral-7B,0.0,1.0,sapbert_full_len3,7,7,0,6,False,3,1.3787834934861753,0.49113258984568253,C0026882,False,,,,,,,,
mm_0072049,FLAN-T5-base,0.0,1.0,sapbert_full_len3,7,7,0,6,False,1,-0.0,-0.0,C0242640,True,,,,,,,,
mm_0072049,Llama3-OpenBioLLM-8B,0.0,1.0,sapbert_full_len3,7,7,0,6,False,1,-0.0,-0.0,C0242640,True,,,,,,,,
mm_0072049,Meta-Llama-3-8B-Instruct,0.0,1.0000001192092896,sapbert_full_len3,7,7,0,6,False,1,-0.0,-0.0,C0242640,True,,,,,,,,
mm_0072049,Mistral-7B-Instruct-v0.1,0.0,0.9999998807907104,sapbert_full_len3,7,7,0,6,False,2,0.5916727785823275,0.21075809614719848,C0242640,False,,,,,,,,
mm_0072049,PubMedBERT,0.0,1.0,sapbert_full_len3,7,7,0,6,False,2,0.9852281360342515,0.35094534299644053,C0018966,False,7.0,2.0,"{""UMLS:C0752046"": 3, ""C0018966"": 4}",0.9852281360342516,0.3509453429964405,0.0,C0018966,0.0
mm_0074294,BERT-base,0.0,1.0,sapbert_full_len3,5,5,0,4,False,1,-0.0,-0.0,C1257990,True,5.0,1.0,"{""UMLS:C1257990"": 5}",-0.0,-0.0,0.0,UMLS:C1257990,0.0
mm_0074294,BioBERT,0.0,1.0,sapbert_full_len3,5,5,0,4,False,1,-0.0,-0.0,C1257990,True,5.0,1.0,"{""UMLS:C1257990"": 5}",-0.0,-0.0,0.0,UMLS:C1257990,0.0
mm_0074294,BioMistral-7B,0.0,0.939871311187744,sapbert_full_len3,5,5,0,4,False,1,-0.0,-0.0,C0672708,True,,,,,,,,
mm_0074294,FLAN-T5-base,0.0,1.0,sapbert_full_len3,5,5,0,4,False,1,-0.0,-0.0,C0672708,True,,,,,,,,
mm_0074294,Llama3-OpenBioLLM-8B,0.0,0.9075776934623718,sapbert_full_len3,5,5,0,4,False,2,0.9709505944546686,0.4181656600790516,C3158055,False,,,,,,,,
mm_0074294,Meta-Llama-3-8B-Instruct,1.0,0.9752485752105712,sapbert_full_len3,5,5,0,4,False,1,-0.0,-0.0,C3158055,True,,,,,,,,
mm_0074294,Mistral-7B-Instruct-v0.1,0.0,0.9999998211860656,sapbert_full_len3,5,5,0,4,False,3,1.5219280948873621,0.6554587535412855,C0585362,False,,,,,,,,
mm_0074294,PubMedBERT,0.0,1.0,sapbert_full_len3,5,5,0,4,False,1,-0.0,-0.0,C1257990,True,5.0,1.0,"{""UMLS:C1257990"": 5}",-0.0,-0.0,0.0,UMLS:C1257990,0.0
mm_0074383,BERT-base,0.0,1.0,sapbert_full_len3,8,8,0,7,False,2,0.8112781244591328,0.2704260414863776,C0280324,False,8.0,2.0,"{""C0280324"": 6, ""UMLS:C0393786"": 2}",0.8112781244591328,0.2704260414863776,0.0,C0280324,0.0
mm_0074383,BioBERT,0.0,1.0,sapbert_full_len3,8,8,0,7,False,2,0.8112781244591328,0.2704260414863776,C0232772,False,8.0,2.0,"{""UMLS:C0232772"": 6, ""C0016978"": 2}",0.8112781244591328,0.2704260414863776,0.0,UMLS:C0232772,0.0
mm_0074383,BioMistral-7B,0.0,1.0,sapbert_full_len3,8,8,0,7,False,2,0.8112781244591328,0.2704260414863776,C0149955,False,,,,,,,,
mm_0074383,FLAN-T5-base,0.0,0.9999998807907104,sapbert_full_len3,8,8,0,7,False,3,1.561278124459133,0.5204260414863776,C0221198,False,,,,,,,,
mm_0074383,Llama3-OpenBioLLM-8B,0.0,1.0,sapbert_full_len3,8,8,0,7,False,2,0.8112781244591328,0.2704260414863776,C0149955,False,,,,,,,,
mm_0074383,Meta-Llama-3-8B-Instruct,0.0,1.0,sapbert_full_len3,8,8,0,7,False,2,0.8112781244591328,0.2704260414863776,C0149955,False,,,,,,,,
mm_0074383,Mistral-7B-Instruct-v0.1,0.0,1.0,sapbert_full_len3,8,8,0,7,False,3,1.5,0.5,C0030274,False,,,,,,,,
mm_0074383,PubMedBERT,0.0,1.0,sapbert_full_len3,8,8,0,7,False,2,0.954434002924965,0.318144667641655,C1839576,False,8.0,2.0,"{""C1839576"": 5, ""C1447749"": 3}",0.954434002924965,0.318144667641655,0.0,C1839576,0.0
mm_0074570,BERT-base,0.0,1.0,sapbert_full_len3,7,7,0,6,False,1,-0.0,-0.0,C1447749,True,7.0,1.0,"{""C1447749"": 7}",-0.0,-0.0,0.0,C1447749,0.0
mm_0074570,BioBERT,0.0,1.0,sapbert_full_len3,7,7,0,6,False,1,-0.0,-0.0,C0038441,True,7.0,1.0,"{""C0038441"": 7}",-0.0,-0.0,0.0,C0038441,0.0
mm_0074570,BioMistral-7B,0.0,0.9999998807907104,sapbert_full_len3,7,7,0,6,False,3,1.5566567074628228,0.5544923070581674,C3263723,False,,,,,,,,
mm_0074570,FLAN-T5-base,0.0,0.9999998807907104,sapbert_full_len3,7,7,0,6,False,1,-0.0,-0.0,C3263723,True,,,,,,,,
mm_0074570,Llama3-OpenBioLLM-8B,1.0,1.0,sapbert_full_len3,7,7,0,6,False,1,-0.0,-0.0,C0003467,True,,,,,,,,
mm_0074570,Meta-Llama-3-8B-Instruct,0.0,0.9999997615814208,sapbert_full_len3,7,7,0,6,False,2,0.863120568566631,0.30744974986419643,C4696948,False,,,,,,,,
mm_0074570,Mistral-7B-Instruct-v0.1,1.0,1.0,sapbert_full_len3,7,7,0,6,False,3,1.3787834934861753,0.49113258984568253,C0003467,False,,,,,,,,
mm_0074570,PubMedBERT,0.0,1.0,sapbert_full_len3,7,7,0,6,False,3,1.3787834934861753,0.49113258984568253,C0681906,False,7.0,3.0,"{""C1839576"": 2, ""C1447749"": 1, ""UMLS:C0681906"": 4}",1.3787834934861751,0.4911325898456825,0.0,UMLS:C0681906,0.0
mm_0075901,BERT-base,0.0,1.0,sapbert_full_len3,5,5,0,4,False,2,0.7219280948873623,0.31091750708257115,C0059563,False,5.0,2.0,"{""C0015131"": 1, ""C0059563"": 4}",0.7219280948873623,0.3109175070825711,0.0,C0059563,0.0
mm_0075901,BioBERT,0.0,1.0,sapbert_full_len3,5,5,0,4,False,1,-0.0,-0.0,C0050795,True,5.0,1.0,"{""C0050795"": 5}",-0.0,-0.0,0.0,C0050795,0.0
mm_0075901,BioMistral-7B,0.0,0.9999998807907104,sapbert_full_len3,5,5,0,4,False,2,0.7219280948873623,0.31091750708257115,C1425218,False,,,,,,,,
mm_0075901,FLAN-T5-base,0.0,0.9999998807907104,sapbert_full_len3,5,5,0,4,False,2,0.9709505944546686,0.4181656600790516,C0025611,False,,,,,,,,
mm_0075901,Llama3-OpenBioLLM-8B,0.0,0.9999998211860656,sapbert_full_len3,5,5,0,4,False,1,-0.0,-0.0,C1511997,True,,,,,,,,
mm_0075901,Meta-Llama-3-8B-Instruct,0.0,1.0,sapbert_full_len3,5,5,0,4,False,1,-0.0,-0.0,C1511997,True,,,,,,,,
mm_0075901,Mistral-7B-Instruct-v0.1,0.0,0.919139564037323,sapbert_full_len3,5,5,0,4,False,2,0.9709505944546686,0.4181656600790516,C0475338,False,,,,,,,,
mm_0075901,PubMedBERT,0.0,1.0,sapbert_full_len3,5,5,0,4,False,3,1.5219280948873621,0.6554587535412855,C0008396,False,5.0,3.0,"{""C1447749"": 1, ""C0008396"": 2, ""C0018966"": 2}",1.521928094887362,0.6554587535412855,0.0,C0008396,1.0
mm_0076241,BERT-base,0.0,1.0,sapbert_full_len3,5,5,0,4,False,2,0.9709505944546686,0.4181656600790516,C0005825,False,5.0,2.0,"{""C0005825"": 3, ""UMLS:C0444254"": 2}",0.9709505944546686,0.4181656600790516,0.0,C0005825,0.0
mm_0076241,BioBERT,0.0,1.0,sapbert_full_len3,5,5,0,4,False,2,0.9709505944546686,0.4181656600790516,C1707887,False,5.0,2.0,"{""UMLS:C0919821"": 2, ""UMLS:C1707887"": 3}",0.9709505944546686,0.4181656600790516,0.0,UMLS:C1707887,0.0
mm_0076241,BioMistral-7B,1.0,1.0,sapbert_full_len3,5,5,0,4,False,2,0.7219280948873623,0.31091750708257115,C1514583,False,,,,,,,,
mm_0076241,FLAN-T5-base,0.0,0.9999999403953552,sapbert_full_len3,5,5,0,4,False,1,-0.0,-0.0,C0204727,True,,,,,,,,
mm_0076241,Llama3-OpenBioLLM-8B,0.0,0.9999998211860656,sapbert_full_len3,5,5,0,4,False,2,0.7219280948873623,0.31091750708257115,C0010408,False,,,,,,,,
mm_0076241,Meta-Llama-3-8B-Instruct,1.0,1.0,sapbert_full_len3,5,5,0,4,False,1,-0.0,-0.0,C1514583,True,,,,,,,,
mm_0076241,Mistral-7B-Instruct-v0.1,1.0,1.0,sapbert_full_len3,5,5,0,4,False,1,-0.0,-0.0,C1514583,True,,,,,,,,
mm_0076241,PubMedBERT,0.0,1.0,sapbert_full_len3,5,5,0,4,False,1,-0.0,-0.0,C1447749,True,5.0,1.0,"{""C1447749"": 5}",-0.0,-0.0,0.0,C1447749,0.0
mm_0076632,BERT-base,0.0,1.0,sapbert_full_len3,5,5,0,4,False,1,-0.0,-0.0,C1257990,True,5.0,1.0,"{""UMLS:C1257990"": 5}",-0.0,-0.0,0.0,UMLS:C1257990,0.0
mm_0076632,BioBERT,0.0,1.0,sapbert_full_len3,5,5,0,4,False,1,-0.0,-0.0,C1257990,True,5.0,1.0,"{""UMLS:C1257990"": 5}",-0.0,-0.0,0.0,UMLS:C1257990,0.0
mm_0076632,BioMistral-7B,0.0,0.9999999403953552,sapbert_full_len3,5,5,0,4,False,1,-0.0,-0.0,C1825840,True,,,,,,,,
mm_0076632,FLAN-T5-base,0.0,1.0,sapbert_full_len3,5,5,0,4,False,1,-0.0,-0.0,C1825840,True,,,,,,,,
mm_0076632,Llama3-OpenBioLLM-8B,0.0,1.0,sapbert_full_len3,5,4,1,4,False,2,1.0,0.43067655807339306,C1825840,False,,,,,,,,
mm_0076632,Meta-Llama-3-8B-Instruct,0.0,1.0,sapbert_full_len3,5,5,0,4,False,1,-0.0,-0.0,C0085616,True,,,,,,,,
mm_0076632,Mistral-7B-Instruct-v0.1,0.0,0.9999998807907104,sapbert_full_len3,5,5,0,4,False,1,-0.0,-0.0,C0038454,True,,,,,,,,
mm_0076632,PubMedBERT,0.0,1.0,sapbert_full_len3,5,5,0,4,False,1,-0.0,-0.0,C1839576,True,5.0,1.0,"{""C1839576"": 5}",-0.0,-0.0,0.0,C1839576,0.0
mm_0076906,BERT-base,0.0,1.0,sapbert_full_len3,5,5,0,4,False,2,0.7219280948873623,0.31091750708257115,C1447749,False,5.0,2.0,"{""C1447749"": 4, ""C0393786"": 1}",0.7219280948873623,0.3109175070825711,0.0,C1447749,0.0
mm_0076906,BioBERT,0.0,1.0,sapbert_full_len3,5,5,0,4,False,2,0.9709505944546686,0.4181656600790516,C1447749,False,5.0,2.0,"{""C1312419"": 2, ""C1447749"": 3}",0.9709505944546686,0.4181656600790516,0.0,C1447749,0.0
mm_0076906,BioMistral-7B,1.0,1.0,sapbert_full_len3,5,5,0,4,False,2,0.7219280948873623,0.31091750708257115,C0027361,False,,,,,,,,
mm_0076906,FLAN-T5-base,0.0,0.999999701976776,sapbert_full_len3,5,5,0,4,False,1,-0.0,-0.0,C0024031,True,,,,,,,,
mm_0076906,Llama3-OpenBioLLM-8B,1.0,1.0,sapbert_full_len3,5,5,0,4,False,1,-0.0,-0.0,C0027361,True,,,,,,,,
mm_0076906,Meta-Llama-3-8B-Instruct,0.0,1.0000001192092896,sapbert_full_len3,5,5,0,4,False,2,0.7219280948873623,0.31091750708257115,C0024031,False,,,,,,,,
mm_0076906,Mistral-7B-Instruct-v0.1,0.0,0.9999998807907104,sapbert_full_len3,5,5,0,4,False,2,0.7219280948873623,0.31091750708257115,C0035648,False,,,,,,,,
mm_0076906,PubMedBERT,0.0,1.0,sapbert_full_len3,5,5,0,4,False,1,-0.0,-0.0,C1839576,True,5.0,1.0,"{""C1839576"": 5}",-0.0,-0.0,0.0,C1839576,0.0
mm_0076909,BERT-base,0.0,1.0,sapbert_full_len3,5,5,0,4,False,1,-0.0,-0.0,C1447749,True,5.0,1.0,"{""C1447749"": 5}",-0.0,-0.0,0.0,C1447749,0.0
mm_0076909,BioBERT,0.0,1.0,sapbert_full_len3,5,5,0,4,False,2,0.9709505944546686,0.4181656600790516,C1312419,False,5.0,2.0,"{""C1312419"": 3, ""C1447749"": 2}",0.9709505944546686,0.4181656600790516,0.0,C1312419,0.0
mm_0076909,BioMistral-7B,1.0,1.0,sapbert_full_len3,5,5,0,4,False,1,-0.0,-0.0,C0024031,True,,,,,,,,
mm_0076909,FLAN-T5-base,1.0,1.0000001192092896,sapbert_full_len3,5,5,0,4,False,1,-0.0,-0.0,C0024031,True,,,,,,,,
mm_0076909,Llama3-OpenBioLLM-8B,0.0,0.6828922629356384,sapbert_full_len3,5,4,1,4,False,1,-0.0,-0.0,C0024031,True,,,,,,,,
mm_0076909,Meta-Llama-3-8B-Instruct,1.0,0.999999701976776,sapbert_full_len3,5,5,0,4,False,1,-0.0,-0.0,C0024031,True,,,,,,,,
mm_0076909,Mistral-7B-Instruct-v0.1,0.0,0.9999998807907104,sapbert_full_len3,5,5,0,4,False,1,-0.0,-0.0,C0035648,True,,,,,,,,
mm_0076909,PubMedBERT,0.0,1.0,sapbert_full_len3,5,5,0,4,False,1,-0.0,-0.0,C1839576,True,5.0,1.0,"{""C1839576"": 5}",-0.0,-0.0,0.0,C1839576,0.0
mm_0077174,BERT-base,0.0,1.0,sapbert_full_len3,5,5,0,4,False,1,-0.0,-0.0,C1707887,True,5.0,1.0,"{""UMLS:C1707887"": 5}",-0.0,-0.0,0.0,UMLS:C1707887,0.0
mm_0077174,BioBERT,0.0,1.0,sapbert_full_len3,5,5,0,4,False,1,-0.0,-0.0,C1707887,True,5.0,1.0,"{""UMLS:C1707887"": 5}",-0.0,-0.0,0.0,UMLS:C1707887,0.0
mm_0077174,BioMistral-7B,0.0,0.9999997615814208,sapbert_full_len3,5,5,0,4,False,1,-0.0,-0.0,C2936352,True,,,,,,,,
mm_0077174,FLAN-T5-base,0.0,0.9999997615814208,sapbert_full_len3,5,5,0,4,False,1,-0.0,-0.0,C2936352,True,,,,,,,,
mm_0077174,Llama3-OpenBioLLM-8B,0.0,0.9999997615814208,sapbert_full_len3,5,5,0,4,False,1,-0.0,-0.0,C2936352,True,,,,,,,,
mm_0077174,Meta-Llama-3-8B-Instruct,0.0,1.0,sapbert_full_len3,5,5,0,4,False,1,-0.0,-0.0,C2936352,True,,,,,,,,
mm_0077174,Mistral-7B-Instruct-v0.1,0.0,1.0,sapbert_full_len3,5,5,0,4,False,1,-0.0,-0.0,C2936352,True,,,,,,,,
mm_0077174,PubMedBERT,0.0,1.0,sapbert_full_len3,5,5,0,4,False,1,-0.0,-0.0,C1839576,True,5.0,1.0,"{""C1839576"": 5}",-0.0,-0.0,0.0,C1839576,0.0
mm_0077299,BERT-base,0.0,1.0,sapbert_full_len3,9,9,0,8,False,2,0.9910760598382222,0.3126496871021503,C0001623,False,9.0,2.0,"{""C0001623"": 5, ""UMLS:C0681906"": 4}",0.9910760598382222,0.3126496871021503,0.0,C0001623,0.0
mm_0077299,BioBERT,1.0,1.0,sapbert_full_len3,9,9,0,8,False,2,0.9182958340544896,0.2896900821428475,C0033927,False,9.0,2.0,"{""UMLS:C0033927"": 6, ""UMLS:C4285807"": 3}",0.9182958340544896,0.2896900821428475,0.6666666666666666,UMLS:C0033927,0.0
mm_0077299,BioMistral-7B,0.0,0.9999999403953552,sapbert_full_len3,9,9,0,8,False,3,1.4355205042826666,0.4528562990069186,C0040615,False,,,,,,,,
mm_0077299,FLAN-T5-base,0.0,0.9999999403953552,sapbert_full_len3,9,9,0,8,False,2,0.7642045065086203,0.24107968048484052,C0040615,False,,,,,,,,
mm_0077299,Llama3-OpenBioLLM-8B,0.0,0.9999998211860656,sapbert_full_len3,9,9,0,8,False,2,0.7642045065086203,0.24107968048484052,C1707520,False,,,,,,,,
mm_0077299,Meta-Llama-3-8B-Instruct,1.0,1.0,sapbert_full_len3,9,9,0,8,False,2,0.9182958340544896,0.2896900821428475,C0033927,False,,,,,,,,
mm_0077299,Mistral-7B-Instruct-v0.1,1.0,0.9999998807907104,sapbert_full_len3,9,9,0,8,False,3,1.4355205042826666,0.4528562990069186,C0033927,False,,,,,,,,
mm_0077299,PubMedBERT,0.0,1.0,sapbert_full_len3,9,9,0,8,False,1,-0.0,-0.0,C1839576,True,9.0,1.0,"{""C1839576"": 9}",-0.0,-0.0,0.0,C1839576,0.0
mm_0077820,BERT-base,0.0,1.0,sapbert_full_len3,7,7,0,6,False,1,-0.0,-0.0,C1257990,True,7.0,1.0,"{""UMLS:C1257990"": 7}",-0.0,-0.0,0.0,UMLS:C1257990,0.0
mm_0077820,BioBERT,0.0,1.0,sapbert_full_len3,7,7,0,6,False,2,0.863120568566631,0.30744974986419643,C1257990,False,7.0,2.0,"{""UMLS:C1257990"": 5, ""UMLS:C1707887"": 2}",0.863120568566631,0.3074497498641964,0.0,UMLS:C1257990,0.0
mm_0077820,BioMistral-7B,0.0,1.0000001192092896,sapbert_full_len3,7,7,0,6,False,1,-0.0,-0.0,C0024480,True,,,,,,,,
mm_0077820,FLAN-T5-base,0.0,1.0000001192092896,sapbert_full_len3,7,7,0,6,False,2,0.863120568566631,0.30744974986419643,C0024480,False,,,,,,,,
mm_0077820,Llama3-OpenBioLLM-8B,0.0,0.9999997615814208,sapbert_full_len3,7,7,0,6,False,2,0.863120568566631,0.30744974986419643,C0024480,False,,,,,,,,
mm_0077820,Meta-Llama-3-8B-Instruct,0.0,1.0,sapbert_full_len3,7,7,0,6,False,2,0.863120568566631,0.30744974986419643,C0920317,False,,,,,,,,
mm_0077820,Mistral-7B-Instruct-v0.1,0.0,0.9999997615814208,sapbert_full_len3,7,7,0,6,False,2,0.9852281360342515,0.35094534299644053,C0920317,False,,,,,,,,
mm_0077820,PubMedBERT,0.0,1.0,sapbert_full_len3,7,7,0,6,False,1,-0.0,-0.0,C1839576,True,7.0,1.0,"{""C1839576"": 7}",-0.0,-0.0,0.0,C1839576,0.0
mm_0078429,BERT-base,0.0,1.0,sapbert_full_len3,7,7,0,6,False,1,-0.0,-0.0,C0169661,True,7.0,1.0,"{""C0169661"": 7}",-0.0,-0.0,0.0,C0169661,0.0
mm_0078429,BioBERT,0.0,1.0,sapbert_full_len3,7,7,0,6,False,2,0.5916727785823275,0.21075809614719848,C1257990,False,7.0,2.0,"{""UMLS:C1257990"": 6, ""C1433433"": 1}",0.5916727785823275,0.2107580961471984,0.0,UMLS:C1257990,0.0
mm_0078429,BioMistral-7B,0.0,0.9999998807907104,sapbert_full_len3,7,7,0,6,False,1,-0.0,-0.0,C0140145,True,,,,,,,,
mm_0078429,FLAN-T5-base,0.0,0.9999998807907104,sapbert_full_len3,7,7,0,6,False,1,-0.0,-0.0,C0140145,True,,,,,,,,
mm_0078429,Llama3-OpenBioLLM-8B,0.0,0.9999997615814208,sapbert_full_len3,7,7,0,6,False,3,1.3787834934861753,0.49113258984568253,C1660642,False,,,,,,,,
mm_0078429,Meta-Llama-3-8B-Instruct,0.0,0.9352000951766968,sapbert_full_len3,7,7,0,6,False,2,0.9852281360342515,0.35094534299644053,C0140145,False,,,,,,,,
mm_0078429,Mistral-7B-Instruct-v0.1,0.0,0.8390697240829468,sapbert_full_len3,7,7,0,6,False,1,-0.0,-0.0,C0140145,True,,,,,,,,
mm_0078429,PubMedBERT,0.0,1.0,sapbert_full_len3,7,7,0,6,False,3,1.3787834934861753,0.49113258984568253,C1370369,False,7.0,3.0,"{""C1370369"": 4, ""C1447749"": 1, ""C1839576"": 2}",1.3787834934861751,0.4911325898456825,0.0,C1370369,0.0
mm_0079961,BERT-base,1.0,1.0,sapbert_full_len3,5,5,0,4,False,2,0.7219280948873623,0.31091750708257115,C1707887,False,5.0,2.0,"{""UMLS:C1707887"": 4, ""UMLS:C1257990"": 1}",0.7219280948873623,0.3109175070825711,0.8,UMLS:C1707887,0.0
mm_0079961,BioBERT,1.0,1.0,sapbert_full_len3,5,5,0,4,False,1,-0.0,-0.0,C1707887,True,5.0,1.0,"{""UMLS:C1707887"": 5}",-0.0,-0.0,1.0,UMLS:C1707887,0.0
mm_0079961,BioMistral-7B,0.0,0.9999998807907104,sapbert_full_len3,5,5,0,4,False,1,-0.0,-0.0,C0003402,True,,,,,,,,
mm_0079961,FLAN-T5-base,0.0,1.0,sapbert_full_len3,5,5,0,4,False,2,0.9709505944546686,0.4181656600790516,C0003402,False,,,,,,,,
mm_0079961,Llama3-OpenBioLLM-8B,0.0,0.9999998807907104,sapbert_full_len3,5,5,0,4,False,4,1.9219280948873623,0.8277293767706428,C5909503,False,,,,,,,,
mm_0079961,Meta-Llama-3-8B-Instruct,0.0,1.0,sapbert_full_len3,5,5,0,4,False,2,0.9709505944546686,0.4181656600790516,C0003402,False,,,,,,,,
mm_0079961,Mistral-7B-Instruct-v0.1,0.0,0.930284857749939,sapbert_full_len3,5,5,0,4,False,3,1.3709505944546687,0.5904362833084089,C0599739,False,,,,,,,,
mm_0079961,PubMedBERT,1.0,1.0,sapbert_full_len3,5,5,0,4,False,1,-0.0,-0.0,C1707887,True,5.0,1.0,"{""UMLS:C1707887"": 5}",-0.0,-0.0,1.0,UMLS:C1707887,0.0
mm_0080286,BERT-base,0.0,1.0,sapbert_full_len3,7,7,0,6,False,1,-0.0,-0.0,C1257990,True,7.0,1.0,"{""UMLS:C1257990"": 7}",-0.0,-0.0,0.0,UMLS:C1257990,0.0
mm_0080286,BioBERT,0.0,1.0,sapbert_full_len3,7,7,0,6,False,1,-0.0,-0.0,C1257990,True,7.0,1.0,"{""UMLS:C1257990"": 7}",-0.0,-0.0,0.0,UMLS:C1257990,0.0
mm_0080286,BioMistral-7B,1.0,1.0,sapbert_full_len3,7,7,0,6,False,2,0.9852281360342515,0.35094534299644053,C1817756,False,,,,,,,,
mm_0080286,FLAN-T5-base,1.0,1.0,sapbert_full_len3,7,7,0,6,False,2,0.863120568566631,0.30744974986419643,C0683312,False,,,,,,,,
mm_0080286,Llama3-OpenBioLLM-8B,0.0,1.0,sapbert_full_len3,7,7,0,6,False,1,-0.0,-0.0,C0020962,True,,,,,,,,
mm_0080286,Meta-Llama-3-8B-Instruct,0.0,0.9999998807907104,sapbert_full_len3,7,7,0,6,False,2,0.863120568566631,0.30744974986419643,C0020962,False,,,,,,,,
mm_0080286,Mistral-7B-Instruct-v0.1,0.0,0.9999998807907104,sapbert_full_len3,7,7,0,6,False,1,-0.0,-0.0,C0020964,True,,,,,,,,
mm_0080286,PubMedBERT,0.0,1.0,sapbert_full_len3,7,7,0,6,False,1,-0.0,-0.0,C1447749,True,7.0,1.0,"{""C1447749"": 7}",-0.0,-0.0,0.0,C1447749,0.0
mm_0080797,BERT-base,1.0,1.0,sapbert_full_len3,7,7,0,6,False,1,-0.0,-0.0,C0752046,True,7.0,1.0,"{""UMLS:C0752046"": 7}",-0.0,-0.0,1.0,UMLS:C0752046,0.0
mm_0080797,BioBERT,1.0,1.0,sapbert_full_len3,7,7,0,6,False,1,-0.0,-0.0,C0752046,True,7.0,1.0,"{""UMLS:C0752046"": 7}",-0.0,-0.0,1.0,UMLS:C0752046,0.0
mm_0080797,BioMistral-7B,0.0,0.9999998807907104,sapbert_full_len3,7,7,0,6,False,2,0.863120568566631,0.30744974986419643,C0948008,False,,,,,,,,
mm_0080797,FLAN-T5-base,0.0,0.9004358053207397,sapbert_full_len3,7,7,0,6,False,2,0.5916727785823275,0.21075809614719848,C0205742,False,,,,,,,,
mm_0080797,Llama3-OpenBioLLM-8B,0.0,0.9999999403953552,sapbert_full_len3,7,7,0,6,False,3,1.1488348542809166,0.4092232318950598,C0032529,False,,,,,,,,
mm_0080797,Meta-Llama-3-8B-Instruct,0.0,0.782744824886322,sapbert_full_len3,7,7,0,6,False,4,1.8423709931771084,0.6562657890890309,C0948008,False,,,,,,,,
mm_0080797,Mistral-7B-Instruct-v0.1,0.0,0.9999997615814208,sapbert_full_len3,7,7,0,6,False,2,0.863120568566631,0.30744974986419643,C0032529,False,,,,,,,,
mm_0080797,PubMedBERT,1.0,1.0,sapbert_full_len3,7,7,0,6,False,1,-0.0,-0.0,C0752046,True,7.0,1.0,"{""UMLS:C0752046"": 7}",-0.0,-0.0,1.0,UMLS:C0752046,0.0
mm_0080962,BERT-base,0.0,1.0,sapbert_full_len3,5,5,0,4,False,2,0.9709505944546686,0.4181656600790516,C0085472,False,5.0,2.0,"{""C0085472"": 3, ""C1312419"": 2}",0.9709505944546686,0.4181656600790516,0.0,C0085472,0.0
mm_0080962,BioBERT,0.0,1.0,sapbert_full_len3,5,5,0,4,False,1,-0.0,-0.0,C0061751,True,5.0,1.0,"{""C0061751"": 5}",-0.0,-0.0,0.0,C0061751,0.0
mm_0080962,BioMistral-7B,1.0,0.9999999403953552,sapbert_full_len3,5,5,0,4,False,1,-0.0,-0.0,C0004611,True,,,,,,,,
mm_0080962,FLAN-T5-base,1.0,0.9999999403953552,sapbert_full_len3,5,5,0,4,False,2,0.9709505944546686,0.4181656600790516,C0004611,False,,,,,,,,
mm_0080962,Llama3-OpenBioLLM-8B,1.0,1.0,sapbert_full_len3,5,5,0,4,False,1,-0.0,-0.0,C0004611,True,,,,,,,,
mm_0080962,Meta-Llama-3-8B-Instruct,0.0,0.9999999403953552,sapbert_full_len3,5,5,0,4,False,1,-0.0,-0.0,C1271650,True,,,,,,,,
mm_0080962,Mistral-7B-Instruct-v0.1,1.0,0.9999998211860656,sapbert_full_len3,5,5,0,4,False,1,-0.0,-0.0,C0004611,True,,,,,,,,
mm_0080962,PubMedBERT,0.0,1.0,sapbert_full_len3,5,5,0,4,False,2,0.9709505944546686,0.4181656600790516,C1839576,False,5.0,2.0,"{""C1839576"": 3, ""UMLS:C1502411"": 2}",0.9709505944546686,0.4181656600790516,0.0,C1839576,0.0
mm_0081397,BERT-base,0.0,1.0,sapbert_full_len3,5,5,0,4,False,1,-0.0,-0.0,C1257990,True,5.0,1.0,"{""UMLS:C1257990"": 5}",-0.0,-0.0,0.0,UMLS:C1257990,0.0
mm_0081397,BioBERT,0.0,1.0,sapbert_full_len3,5,5,0,4,False,1,-0.0,-0.0,C1257990,True,5.0,1.0,"{""UMLS:C1257990"": 5}",-0.0,-0.0,0.0,UMLS:C1257990,0.0
mm_0081397,BioMistral-7B,1.0,1.0,sapbert_full_len3,5,5,0,4,False,1,-0.0,-0.0,C0042216,True,,,,,,,,
mm_0081397,FLAN-T5-base,1.0,1.0,sapbert_full_len3,5,5,0,4,False,1,-0.0,-0.0,C0042216,True,,,,,,,,
mm_0081397,Llama3-OpenBioLLM-8B,1.0,1.0,sapbert_full_len3,5,5,0,4,False,2,0.9709505944546686,0.4181656600790516,C0042216,False,,,,,,,,
mm_0081397,Meta-Llama-3-8B-Instruct,1.0,1.0,sapbert_full_len3,5,5,0,4,False,2,0.9709505944546686,0.4181656600790516,C0042216,False,,,,,,,,
mm_0081397,Mistral-7B-Instruct-v0.1,1.0,1.0,sapbert_full_len3,5,5,0,4,False,1,-0.0,-0.0,C0042216,True,,,,,,,,
mm_0081397,PubMedBERT,0.0,1.0,sapbert_full_len3,5,5,0,4,False,2,0.7219280948873623,0.31091750708257115,C1447749,False,5.0,2.0,"{""C1431322"": 1, ""C1447749"": 4}",0.7219280948873623,0.3109175070825711,0.0,C1447749,0.0
mm_0081697,BERT-base,0.0,1.0,sapbert_full_len3,7,7,0,6,False,1,-0.0,-0.0,C0242193,True,7.0,1.0,"{""UMLS:C0242193"": 7}",-0.0,-0.0,0.0,UMLS:C0242193,0.0
mm_0081697,BioBERT,0.0,1.0,sapbert_full_len3,7,7,0,6,False,2,0.9852281360342515,0.35094534299644053,C1839576,False,7.0,2.0,"{""UMLS:C1707887"": 3, ""C1839576"": 4}",0.9852281360342516,0.3509453429964405,0.0,C1839576,0.0
mm_0081697,BioMistral-7B,1.0,0.9999998807907104,sapbert_full_len3,7,7,0,6,False,1,-0.0,-0.0,C2239176,True,,,,,,,,
mm_0081697,FLAN-T5-base,1.0,1.0,sapbert_full_len3,7,7,0,6,False,1,-0.0,-0.0,C2239176,True,,,,,,,,
mm_0081697,Llama3-OpenBioLLM-8B,0.0,0.6277862787246704,sapbert_full_len3,7,6,1,6,False,1,-0.0,-0.0,C2239176,True,,,,,,,,
mm_0081697,Meta-Llama-3-8B-Instruct,1.0,0.9687747955322266,sapbert_full_len3,7,7,0,6,False,1,-0.0,-0.0,C2239176,True,,,,,,,,
mm_0081697,Mistral-7B-Instruct-v0.1,1.0,0.9783781170845032,sapbert_full_len3,7,7,0,6,False,1,-0.0,-0.0,C2239176,True,,,,,,,,
mm_0081697,PubMedBERT,0.0,1.0,sapbert_full_len3,7,7,0,6,False,1,-0.0,-0.0,C1839576,True,7.0,1.0,"{""C1839576"": 7}",-0.0,-0.0,0.0,C1839576,0.0
mm_0081867,BERT-base,0.0,1.0,sapbert_full_len3,5,5,0,4,False,1,-0.0,-0.0,C1257990,True,5.0,1.0,"{""UMLS:C1257990"": 5}",-0.0,-0.0,0.0,UMLS:C1257990,0.0
mm_0081867,BioBERT,0.0,1.0,sapbert_full_len3,5,5,0,4,False,1,-0.0,-0.0,C1257990,True,5.0,1.0,"{""UMLS:C1257990"": 5}",-0.0,-0.0,0.0,UMLS:C1257990,0.0
mm_0081867,BioMistral-7B,0.0,0.9999998211860656,sapbert_full_len3,5,5,0,4,False,2,0.9709505944546686,0.4181656600790516,C0694888,False,,,,,,,,
mm_0081867,FLAN-T5-base,0.0,0.9999998807907104,sapbert_full_len3,5,5,0,4,False,1,-0.0,-0.0,C1879547,True,,,,,,,,
mm_0081867,Llama3-OpenBioLLM-8B,0.0,1.0,sapbert_full_len3,5,5,0,4,False,3,1.5219280948873621,0.6554587535412855,C4277689,False,,,,,,,,
mm_0081867,Meta-Llama-3-8B-Instruct,0.0,0.9999999403953552,sapbert_full_len3,5,5,0,4,False,1,-0.0,-0.0,C0598958,True,,,,,,,,
mm_0081867,Mistral-7B-Instruct-v0.1,0.0,1.0,sapbert_full_len3,5,5,0,4,False,2,0.9709505944546686,0.4181656600790516,C0694888,False,,,,,,,,
mm_0081867,PubMedBERT,0.0,1.0,sapbert_full_len3,5,5,0,4,False,2,0.7219280948873623,0.31091750708257115,C1447749,False,5.0,2.0,"{""C1839576"": 1, ""C1447749"": 4}",0.7219280948873623,0.3109175070825711,0.0,C1447749,0.0
mm_0082339,BERT-base,0.0,1.0,sapbert_full_len3,4,4,0,3,False,1,-0.0,-0.0,C1257990,True,4.0,1.0,"{""UMLS:C1257990"": 4}",-0.0,-0.0,0.0,UMLS:C1257990,0.0
mm_0082339,BioBERT,0.0,1.0,sapbert_full_len3,4,4,0,3,False,1,-0.0,-0.0,C1257990,True,4.0,1.0,"{""UMLS:C1257990"": 4}",-0.0,-0.0,0.0,UMLS:C1257990,0.0
mm_0082339,BioMistral-7B,1.0,1.0,sapbert_full_len3,4,4,0,3,False,2,0.8112781244591328,0.4056390622295664,C1273723,False,,,,,,,,
mm_0082339,FLAN-T5-base,0.0,1.0,sapbert_full_len3,4,4,0,3,False,1,-0.0,-0.0,C0162512,True,,,,,,,,
mm_0082339,Llama3-OpenBioLLM-8B,1.0,1.0,sapbert_full_len3,4,4,0,3,False,1,-0.0,-0.0,C1273723,True,,,,,,,,
mm_0082339,Meta-Llama-3-8B-Instruct,0.0,1.0,sapbert_full_len3,4,4,0,3,False,2,0.8112781244591328,0.4056390622295664,C1143767,False,,,,,,,,
mm_0082339,Mistral-7B-Instruct-v0.1,0.0,0.9999998807907104,sapbert_full_len3,4,4,0,3,False,2,1.0,0.5,C1143767,False,,,,,,,,
mm_0082339,PubMedBERT,0.0,1.0,sapbert_full_len3,4,4,0,3,False,1,-0.0,-0.0,C1839576,True,4.0,1.0,"{""C1839576"": 4}",-0.0,-0.0,0.0,C1839576,0.0
mm_0082433,BERT-base,0.0,1.0,sapbert_full_len3,6,6,0,5,False,1,-0.0,-0.0,C1447749,True,6.0,1.0,"{""C1447749"": 6}",-0.0,-0.0,0.0,C1447749,0.0
mm_0082433,BioBERT,0.0,1.0,sapbert_full_len3,6,6,0,5,False,1,-0.0,-0.0,C1447749,True,6.0,1.0,"{""C1447749"": 6}",-0.0,-0.0,0.0,C1447749,0.0
mm_0082433,BioMistral-7B,0.0,0.9999997615814208,sapbert_full_len3,6,6,0,5,False,2,0.6500224216483541,0.25146299858006066,C0022709,False,,,,,,,,
mm_0082433,FLAN-T5-base,1.0,0.9999999403953552,sapbert_full_len3,6,6,0,5,False,2,0.6500224216483541,0.25146299858006066,C0028754,False,,,,,,,,
mm_0082433,Llama3-OpenBioLLM-8B,0.0,0.9999997615814208,sapbert_full_len3,6,6,0,5,False,2,1.0,0.38685280723454163,C0022709,False,,,,,,,,
mm_0082433,Meta-Llama-3-8B-Instruct,1.0,1.0,sapbert_full_len3,6,6,0,5,False,1,-0.0,-0.0,C0028754,True,,,,,,,,
mm_0082433,Mistral-7B-Instruct-v0.1,1.0,0.9999998211860656,sapbert_full_len3,6,6,0,5,False,2,0.9182958340544896,0.355245321275764,C0028754,False,,,,,,,,
mm_0082433,PubMedBERT,0.0,1.0,sapbert_full_len3,6,6,0,5,False,1,-0.0,-0.0,C1839576,True,6.0,1.0,"{""C1839576"": 6}",-0.0,-0.0,0.0,C1839576,0.0
mm_0082670,BERT-base,0.0,1.0,sapbert_full_len3,9,9,0,8,False,3,1.3921472236645345,0.4391735523809267,C3888046,False,9.0,3.0,"{""C3888046"": 4, ""C0055966"": 1, ""C0169661"": 4}",1.3921472236645345,0.4391735523809267,0.0,C3888046,0.0
mm_0082670,BioBERT,0.0,1.0,sapbert_full_len3,9,9,0,8,False,2,0.7642045065086203,0.24107968048484052,C1257990,False,9.0,2.0,"{""UMLS:C1257990"": 7, ""C1370369"": 2}",0.7642045065086203,0.2410796804848405,0.0,UMLS:C1257990,0.0
mm_0082670,BioMistral-7B,0.0,0.9999998807907104,sapbert_full_len3,9,9,0,8,False,1,-0.0,-0.0,C1334899,True,,,,,,,,
mm_0082670,FLAN-T5-base,0.0,0.9999997615814208,sapbert_full_len3,9,9,0,8,False,1,-0.0,-0.0,C0011777,True,,,,,,,,
mm_0082670,Llama3-OpenBioLLM-8B,0.0,0.9999998807907104,sapbert_full_len3,9,9,0,8,False,1,-0.0,-0.0,C1334899,True,,,,,,,,
mm_0082670,Meta-Llama-3-8B-Instruct,0.0,0.9999999403953552,sapbert_full_len3,9,9,0,8,False,3,1.5304930567574824,0.48281680357141255,C1334899,False,,,,,,,,
mm_0082670,Mistral-7B-Instruct-v0.1,0.0,0.9999999403953552,sapbert_full_len3,9,9,0,8,False,2,0.5032583347756457,0.1587603285713901,C0872079,False,,,,,,,,
mm_0082670,PubMedBERT,0.0,1.0,sapbert_full_len3,9,9,0,8,False,2,0.5032583347756457,0.1587603285713901,C1447749,False,9.0,2.0,"{""C1447749"": 8, ""C1370369"": 1}",0.5032583347756457,0.1587603285713901,0.0,C1447749,0.0
mm_0082839,BERT-base,0.0,1.0,sapbert_full_len3,5,5,0,4,False,2,0.7219280948873623,0.31091750708257115,C1257990,False,5.0,2.0,"{""UMLS:C1257990"": 4, ""C1955926"": 1}",0.7219280948873623,0.3109175070825711,0.0,UMLS:C1257990,0.0
mm_0082839,BioBERT,0.0,1.0,sapbert_full_len3,5,5,0,4,False,2,0.9709505944546686,0.4181656600790516,C0949610,False,5.0,2.0,"{""C0949610"": 3, ""C1431322"": 2}",0.9709505944546686,0.4181656600790516,0.0,C0949610,0.0
mm_0082839,BioMistral-7B,0.0,1.0,sapbert_full_len3,5,5,0,4,False,1,-0.0,-0.0,C0026237,True,,,,,,,,
mm_0082839,FLAN-T5-base,1.0,0.9999999403953552,sapbert_full_len3,5,5,0,4,False,2,0.7219280948873623,0.31091750708257115,C0026237,False,,,,,,,,
mm_0082839,Llama3-OpenBioLLM-8B,0.0,0.9999998807907104,sapbert_full_len3,5,5,0,4,False,2,0.9709505944546686,0.4181656600790516,C0026237,False,,,,,,,,
mm_0082839,Meta-Llama-3-8B-Instruct,0.0,1.0,sapbert_full_len3,5,5,0,4,False,2,0.9709505944546686,0.4181656600790516,C0026237,False,,,,,,,,
mm_0082839,Mistral-7B-Instruct-v0.1,0.0,0.9999998807907104,sapbert_full_len3,5,5,0,4,False,1,-0.0,-0.0,C0026237,True,,,,,,,,
mm_0082839,PubMedBERT,0.0,1.0,sapbert_full_len3,5,5,0,4,False,4,1.9219280948873623,0.8277293767706428,C1839576,False,5.0,4.0,"{""UMLS:C1423931"": 1, ""C1431322"": 1, ""C0338508"": 1, ""C1839576"": 2}",1.9219280948873625,0.8277293767706428,0.0,C1839576,1.0
mm_0083256,BERT-base,0.0,1.0,sapbert_full_len3,5,5,0,4,False,2,0.7219280948873623,0.31091750708257115,C0018081,False,5.0,2.0,"{""C0018081"": 4, ""C0085472"": 1}",0.7219280948873623,0.3109175070825711,0.0,C0018081,0.0
mm_0083256,BioBERT,0.0,1.0,sapbert_full_len3,5,5,0,4,False,2,0.7219280948873623,0.31091750708257115,C0018081,False,5.0,2.0,"{""C0018081"": 4, ""C0265267"": 1}",0.7219280948873623,0.3109175070825711,0.0,C0018081,0.0
mm_0083256,BioMistral-7B,1.0,1.0,sapbert_full_len3,5,5,0,4,False,2,0.9709505944546686,0.4181656600790516,C0008115,False,,,,,,,,
mm_0083256,FLAN-T5-base,1.0,1.0,sapbert_full_len3,5,5,0,4,False,1,-0.0,-0.0,C0008115,True,,,,,,,,
mm_0083256,Llama3-OpenBioLLM-8B,0.0,0.9999998807907104,sapbert_full_len3,5,5,0,4,False,2,0.9709505944546686,0.4181656600790516,C0949852,False,,,,,,,,
mm_0083256,Meta-Llama-3-8B-Instruct,1.0,1.0,sapbert_full_len3,5,5,0,4,False,2,0.7219280948873623,0.31091750708257115,C0008115,False,,,,,,,,
mm_0083256,Mistral-7B-Instruct-v0.1,1.0,1.0,sapbert_full_len3,5,5,0,4,False,1,-0.0,-0.0,C0008115,True,,,,,,,,
mm_0083256,PubMedBERT,0.0,1.0,sapbert_full_len3,5,5,0,4,False,2,0.9709505944546686,0.4181656600790516,C1839576,False,5.0,2.0,"{""C1839576"": 3, ""UMLS:C1502411"": 2}",0.9709505944546686,0.4181656600790516,0.0,C1839576,0.0
mm_0083513,BERT-base,0.0,1.0,sapbert_full_len3,7,7,0,6,False,1,-0.0,-0.0,C1257990,True,7.0,1.0,"{""UMLS:C1257990"": 7}",-0.0,-0.0,0.0,UMLS:C1257990,0.0
mm_0083513,BioBERT,0.0,1.0,sapbert_full_len3,7,7,0,6,False,1,-0.0,-0.0,C1447749,True,7.0,1.0,"{""C1447749"": 7}",-0.0,-0.0,0.0,C1447749,0.0
mm_0083513,BioMistral-7B,0.0,1.0,sapbert_full_len3,7,7,0,6,False,1,-0.0,-0.0,C0022745,True,,,,,,,,
mm_0083513,FLAN-T5-base,0.0,0.9999998807907104,sapbert_full_len3,7,7,0,6,False,2,0.9852281360342515,0.35094534299644053,C1548793,False,,,,,,,,
mm_0083513,Llama3-OpenBioLLM-8B,1.0,1.0,sapbert_full_len3,7,7,0,6,False,2,0.863120568566631,0.30744974986419643,C0013018,False,,,,,,,,
mm_0083513,Meta-Llama-3-8B-Instruct,0.0,1.0,sapbert_full_len3,7,7,0,6,False,2,0.5916727785823275,0.21075809614719848,C0022745,False,,,,,,,,
mm_0083513,Mistral-7B-Instruct-v0.1,0.0,1.0,sapbert_full_len3,7,7,0,6,False,2,0.9852281360342515,0.35094534299644053,C0005537,False,,,,,,,,
mm_0083513,PubMedBERT,0.0,1.0,sapbert_full_len3,7,7,0,6,False,1,-0.0,-0.0,C1839576,True,7.0,1.0,"{""C1839576"": 7}",-0.0,-0.0,0.0,C1839576,0.0
mm_0084175,BERT-base,0.0,1.0,sapbert_full_len3,5,5,0,4,False,1,-0.0,-0.0,C1447749,True,5.0,1.0,"{""C1447749"": 5}",-0.0,-0.0,0.0,C1447749,0.0
mm_0084175,BioBERT,0.0,1.0,sapbert_full_len3,5,5,0,4,False,2,0.9709505944546686,0.4181656600790516,C0681906,False,5.0,2.0,"{""UMLS:C0681906"": 3, ""UMLS:C1257990"": 2}",0.9709505944546686,0.4181656600790516,0.0,UMLS:C0681906,0.0
mm_0084175,BioMistral-7B,0.0,0.9999998807907104,sapbert_full_len3,5,5,0,4,False,4,1.9219280948873623,0.8277293767706428,C0018817,False,,,,,,,,
mm_0084175,FLAN-T5-base,0.0,1.0000001192092896,sapbert_full_len3,5,5,0,4,False,1,-0.0,-0.0,C0018817,True,,,,,,,,
mm_0084175,Llama3-OpenBioLLM-8B,0.0,0.9999998807907104,sapbert_full_len3,5,5,0,4,False,1,-0.0,-0.0,C6025067,True,,,,,,,,
mm_0084175,Meta-Llama-3-8B-Instruct,1.0,1.0,sapbert_full_len3,5,5,0,4,False,1,-0.0,-0.0,C1457887,True,,,,,,,,
mm_0084175,Mistral-7B-Instruct-v0.1,1.0,1.0,sapbert_full_len3,5,5,0,4,False,1,-0.0,-0.0,C1457887,True,,,,,,,,
mm_0084175,PubMedBERT,0.0,1.0,sapbert_full_len3,5,5,0,4,False,1,-0.0,-0.0,C0681906,True,5.0,1.0,"{""UMLS:C0681906"": 5}",-0.0,-0.0,0.0,UMLS:C0681906,0.0
mm_0085078,BERT-base,0.0,1.0,sapbert_full_len3,5,5,0,4,False,1,-0.0,-0.0,C1447749,True,5.0,1.0,"{""C1447749"": 5}",-0.0,-0.0,0.0,C1447749,0.0
mm_0085078,BioBERT,0.0,1.0,sapbert_full_len3,5,5,0,4,False,3,1.5219280948873621,0.6554587535412855,C1447749,False,5.0,3.0,"{""C1447749"": 2, ""C0008396"": 1, ""UMLS:C1707887"": 2}",1.521928094887362,0.6554587535412855,0.0,C1447749,1.0
mm_0085078,BioMistral-7B,0.0,1.0,sapbert_full_len3,5,5,0,4,False,1,-0.0,-0.0,C0024117,True,,,,,,,,
mm_0085078,FLAN-T5-base,0.0,0.9999997615814208,sapbert_full_len3,5,5,0,4,False,1,-0.0,-0.0,C0024117,True,,,,,,,,
mm_0085078,Llama3-OpenBioLLM-8B,0.0,0.9999997615814208,sapbert_full_len3,5,5,0,4,False,2,0.9709505944546686,0.4181656600790516,C0024117,False,,,,,,,,
mm_0085078,Meta-Llama-3-8B-Instruct,0.0,1.0,sapbert_full_len3,5,5,0,4,False,1,-0.0,-0.0,C0024117,True,,,,,,,,
mm_0085078,Mistral-7B-Instruct-v0.1,0.0,0.9999996423721312,sapbert_full_len3,5,5,0,4,False,1,-0.0,-0.0,C0024117,True,,,,,,,,
mm_0085078,PubMedBERT,0.0,1.0,sapbert_full_len3,5,5,0,4,False,1,-0.0,-0.0,C1447749,True,5.0,1.0,"{""C1447749"": 5}",-0.0,-0.0,0.0,C1447749,0.0
mm_0085233,BERT-base,0.0,1.0,sapbert_full_len3,7,7,0,6,False,1,-0.0,-0.0,C1447749,True,7.0,1.0,"{""C1447749"": 7}",-0.0,-0.0,0.0,C1447749,0.0
mm_0085233,BioBERT,0.0,1.0,sapbert_full_len3,7,7,0,6,False,1,-0.0,-0.0,C1257990,True,7.0,1.0,"{""UMLS:C1257990"": 7}",-0.0,-0.0,0.0,UMLS:C1257990,0.0
mm_0085233,BioMistral-7B,1.0,1.0,sapbert_full_len3,7,7,0,6,False,1,-0.0,-0.0,C0152314,True,,,,,,,,
mm_0085233,FLAN-T5-base,0.0,0.9999999403953552,sapbert_full_len3,7,7,0,6,False,2,0.5916727785823275,0.21075809614719848,C0001811,False,,,,,,,,
mm_0085233,Llama3-OpenBioLLM-8B,0.0,0.9999998211860656,sapbert_full_len3,7,7,0,6,False,3,1.5566567074628228,0.5544923070581674,C0027880,False,,,,,,,,
mm_0085233,Meta-Llama-3-8B-Instruct,0.0,0.9999997615814208,sapbert_full_len3,7,7,0,6,False,2,0.5916727785823275,0.21075809614719848,C0039062,False,,,,,,,,
mm_0085233,Mistral-7B-Instruct-v0.1,0.0,1.0,sapbert_full_len3,7,7,0,6,False,3,1.4488156357251847,0.516078542239789,C0039062,False,,,,,,,,
mm_0085233,PubMedBERT,0.0,1.0,sapbert_full_len3,7,7,0,6,False,2,0.5916727785823275,0.21075809614719848,C1839576,False,7.0,2.0,"{""C1839576"": 6, ""C1447749"": 1}",0.5916727785823275,0.2107580961471984,0.0,C1839576,0.0
mm_0085369,BERT-base,0.0,1.0,sapbert_full_len3,7,7,0,6,False,1,-0.0,-0.0,C1447749,True,7.0,1.0,"{""C1447749"": 7}",-0.0,-0.0,0.0,C1447749,0.0
mm_0085369,BioBERT,1.0,1.0,sapbert_full_len3,7,7,0,6,False,1,-0.0,-0.0,C0232772,True,7.0,1.0,"{""UMLS:C0232772"": 7}",-0.0,-0.0,1.0,UMLS:C0232772,0.0
mm_0085369,BioMistral-7B,0.0,0.9999999403953552,sapbert_full_len3,7,7,0,6,False,1,-0.0,-0.0,C0013982,True,,,,,,,,
mm_0085369,FLAN-T5-base,0.0,0.9999999403953552,sapbert_full_len3,7,7,0,6,False,2,0.863120568566631,0.30744974986419643,C0008370,False,,,,,,,,
mm_0085369,Llama3-OpenBioLLM-8B,0.0,0.9999998807907104,sapbert_full_len3,7,7,0,6,False,4,1.8423709931771084,0.6562657890890309,C0013982,False,,,,,,,,
mm_0085369,Meta-Llama-3-8B-Instruct,0.0,0.9999999403953552,sapbert_full_len3,7,7,0,6,False,1,-0.0,-0.0,C0008370,True,,,,,,,,
mm_0085369,Mistral-7B-Instruct-v0.1,0.0,0.9999998807907104,sapbert_full_len3,7,7,0,6,False,2,0.9852281360342515,0.35094534299644053,C0008370,False,,,,,,,,
mm_0085369,PubMedBERT,0.0,1.0,sapbert_full_len3,7,7,0,6,False,1,-0.0,-0.0,C1447749,True,7.0,1.0,"{""C1447749"": 7}",-0.0,-0.0,0.0,C1447749,0.0
mm_0085517,BERT-base,0.0,1.0,sapbert_full_len3,9,9,0,8,False,1,-0.0,-0.0,C1257990,True,9.0,1.0,"{""UMLS:C1257990"": 9}",-0.0,-0.0,0.0,UMLS:C1257990,0.0
mm_0085517,BioBERT,0.0,1.0,sapbert_full_len3,9,9,0,8,False,2,0.7642045065086203,0.24107968048484052,C1312419,False,9.0,2.0,"{""C1312419"": 7, ""UMLS:C1707887"": 2}",0.7642045065086203,0.2410796804848405,0.0,C1312419,0.0
mm_0085517,BioMistral-7B,0.0,1.0,sapbert_full_len3,9,9,0,8,False,2,0.7642045065086203,0.24107968048484052,C0242957,False,,,,,,,,
mm_0085517,FLAN-T5-base,0.0,1.0,sapbert_full_len3,9,9,0,8,False,1,-0.0,-0.0,C0024623,True,,,,,,,,
mm_0085517,Llama3-OpenBioLLM-8B,1.0,1.0,sapbert_full_len3,9,9,0,8,False,1,-0.0,-0.0,C2985566,True,,,,,,,,
mm_0085517,Meta-Llama-3-8B-Instruct,0.0,1.0,sapbert_full_len3,9,9,0,8,False,3,1.5304930567574824,0.48281680357141255,C0242957,False,,,,,,,,
mm_0085517,Mistral-7B-Instruct-v0.1,1.0,0.99026358127594,sapbert_full_len3,9,9,0,8,False,5,2.2810361125534238,0.7195867761904635,C2985566,False,,,,,,,,
mm_0085517,PubMedBERT,0.0,1.0,sapbert_full_len3,9,9,0,8,False,1,-0.0,-0.0,C1447749,True,9.0,1.0,"{""C1447749"": 9}",-0.0,-0.0,0.0,C1447749,0.0
mm_0086300,BERT-base,0.0,1.0,sapbert_full_len3,6,6,0,5,False,2,0.6500224216483541,0.25146299858006066,C2350390,False,6.0,2.0,"{""UMLS:C2350390"": 5, ""UMLS:C1257990"": 1}",0.6500224216483541,0.2514629985800606,0.0,UMLS:C2350390,0.0
mm_0086300,BioBERT,0.0,1.0,sapbert_full_len3,6,6,0,5,False,1,-0.0,-0.0,C1707887,True,6.0,1.0,"{""UMLS:C1707887"": 6}",-0.0,-0.0,0.0,UMLS:C1707887,0.0
mm_0086300,BioMistral-7B,1.0,1.0,sapbert_full_len3,6,6,0,5,False,3,1.4591479170272448,0.5644754678724236,C0033246,False,,,,,,,,
mm_0086300,FLAN-T5-base,0.0,0.9999999403953552,sapbert_full_len3,6,6,0,5,False,2,0.6500224216483541,0.25146299858006066,C0444598,False,,,,,,,,
mm_0086300,Llama3-OpenBioLLM-8B,0.0,0.9999999403953552,sapbert_full_len3,6,6,0,5,False,3,1.4591479170272448,0.5644754678724236,C0444598,False,,,,,,,,
mm_0086300,Meta-Llama-3-8B-Instruct,0.0,0.9999999403953552,sapbert_full_len3,6,6,0,5,False,1,-0.0,-0.0,C0033246,True,,,,,,,,
mm_0086300,Mistral-7B-Instruct-v0.1,0.0,0.9999997615814208,sapbert_full_len3,6,6,0,5,False,2,0.9182958340544896,0.355245321275764,C0033246,False,,,,,,,,
mm_0086300,PubMedBERT,0.0,1.0,sapbert_full_len3,6,6,0,5,False,2,0.9182958340544896,0.355245321275764,C1447749,False,6.0,2.0,"{""C1447749"": 4, ""C1839576"": 2}",0.9182958340544896,0.355245321275764,0.0,C1447749,0.0
mm_0086642,BERT-base,0.0,1.0,sapbert_full_len3,5,5,0,4,False,1,-0.0,-0.0,C1312419,True,5.0,1.0,"{""C1312419"": 5}",-0.0,-0.0,0.0,C1312419,0.0
mm_0086642,BioBERT,0.0,1.0,sapbert_full_len3,5,5,0,4,False,3,1.5219280948873621,0.6554587535412855,C1707887,False,5.0,3.0,"{""C0265267"": 1, ""UMLS:C1707887"": 2, ""C1447749"": 2}",1.521928094887362,0.6554587535412855,0.0,UMLS:C1707887,1.0
mm_0086642,BioMistral-7B,0.0,0.999999701976776,sapbert_full_len3,5,5,0,4,False,3,1.5219280948873621,0.6554587535412855,C1326523,False,,,,,,,,
mm_0086642,FLAN-T5-base,0.0,0.9999999403953552,sapbert_full_len3,5,5,0,4,False,2,0.7219280948873623,0.31091750708257115,C1326523,False,,,,,,,,
mm_0086642,Llama3-OpenBioLLM-8B,0.0,0.9999998807907104,sapbert_full_len3,5,5,0,4,False,1,-0.0,-0.0,C0031921,True,,,,,,,,
mm_0086642,Meta-Llama-3-8B-Instruct,1.0,1.0,sapbert_full_len3,5,5,0,4,False,2,0.9709505944546686,0.4181656600790516,C1326523,False,,,,,,,,
mm_0086642,Mistral-7B-Instruct-v0.1,1.0,1.0,sapbert_full_len3,5,5,0,4,False,2,0.9709505944546686,0.4181656600790516,C1326523,False,,,,,,,,
mm_0086642,PubMedBERT,0.0,1.0,sapbert_full_len3,5,5,0,4,False,2,0.9709505944546686,0.4181656600790516,C1447749,False,5.0,2.0,"{""C1447749"": 3, ""C1839576"": 2}",0.9709505944546686,0.4181656600790516,0.0,C1447749,0.0
mm_0086753,BERT-base,0.0,1.0,sapbert_full_len3,7,7,0,6,False,2,0.5916727785823275,0.21075809614719848,C1447749,False,7.0,2.0,"{""C1447749"": 6, ""UMLS:C1257990"": 1}",0.5916727785823275,0.2107580961471984,0.0,C1447749,0.0
mm_0086753,BioBERT,0.0,1.0,sapbert_full_len3,7,7,0,6,False,1,-0.0,-0.0,C1257990,True,7.0,1.0,"{""UMLS:C1257990"": 7}",-0.0,-0.0,0.0,UMLS:C1257990,0.0
mm_0086753,BioMistral-7B,0.0,0.9999999403953552,sapbert_full_len3,7,7,0,6,False,2,0.863120568566631,0.30744974986419643,C2020284,False,,,,,,,,
mm_0086753,FLAN-T5-base,0.0,0.9999999403953552,sapbert_full_len3,7,7,0,6,False,3,1.1488348542809166,0.4092232318950598,C0004153,False,,,,,,,,
mm_0086753,Llama3-OpenBioLLM-8B,0.0,1.0000001192092896,sapbert_full_len3,7,7,0,6,False,2,0.5916727785823275,0.21075809614719848,C0599779,False,,,,,,,,
mm_0086753,Meta-Llama-3-8B-Instruct,0.0,1.0000001192092896,sapbert_full_len3,7,7,0,6,False,1,-0.0,-0.0,C0004153,True,,,,,,,,
mm_0086753,Mistral-7B-Instruct-v0.1,0.0,1.0,sapbert_full_len3,7,7,0,6,False,1,-0.0,-0.0,C0004153,True,,,,,,,,
mm_0086753,PubMedBERT,0.0,1.0,sapbert_full_len3,7,7,0,6,False,2,0.863120568566631,0.30744974986419643,C1423931,False,7.0,2.0,"{""UMLS:C1423931"": 5, ""C1447749"": 2}",0.863120568566631,0.3074497498641964,0.0,UMLS:C1423931,0.0
mm_0086802,BERT-base,0.0,1.0,sapbert_full_len3,5,5,0,4,False,1,-0.0,-0.0,C1257990,True,5.0,1.0,"{""UMLS:C1257990"": 5}",-0.0,-0.0,0.0,UMLS:C1257990,0.0
mm_0086802,BioBERT,0.0,1.0,sapbert_full_len3,5,5,0,4,False,1,-0.0,-0.0,C1257990,True,5.0,1.0,"{""UMLS:C1257990"": 5}",-0.0,-0.0,0.0,UMLS:C1257990,0.0
mm_0086802,BioMistral-7B,0.0,1.0,sapbert_full_len3,5,5,0,4,False,2,0.9709505944546686,0.4181656600790516,C0035696,False,,,,,,,,
mm_0086802,FLAN-T5-base,0.0,0.7579340934753418,sapbert_full_len3,5,5,0,4,False,3,1.3709505944546687,0.5904362833084089,C5848476,False,,,,,,,,
mm_0086802,Llama3-OpenBioLLM-8B,0.0,0.7026798129081726,sapbert_full_len3,5,5,0,4,False,1,-0.0,-0.0,C0014431,True,,,,,,,,
mm_0086802,Meta-Llama-3-8B-Instruct,0.0,1.0,sapbert_full_len3,5,5,0,4,False,2,0.7219280948873623,0.31091750708257115,C0021368,False,,,,,,,,
mm_0086802,Mistral-7B-Instruct-v0.1,0.0,0.9999998807907104,sapbert_full_len3,5,5,0,4,False,2,0.9709505944546686,0.4181656600790516,C1515670,False,,,,,,,,
mm_0086802,PubMedBERT,0.0,1.0,sapbert_full_len3,5,5,0,4,False,2,0.7219280948873623,0.31091750708257115,C1257990,False,5.0,2.0,"{""UMLS:C1257990"": 4, ""UMLS:C1423931"": 1}",0.7219280948873623,0.3109175070825711,0.0,UMLS:C1257990,0.0
mm_0087360,BERT-base,0.0,1.0,sapbert_full_len3,5,5,0,4,False,2,0.7219280948873623,0.31091750708257115,C1257990,False,5.0,2.0,"{""C4277543"": 1, ""UMLS:C1257990"": 4}",0.7219280948873623,0.3109175070825711,0.0,UMLS:C1257990,0.0
mm_0087360,BioBERT,0.0,1.0,sapbert_full_len3,5,5,0,4,False,1,-0.0,-0.0,C1257990,True,5.0,1.0,"{""UMLS:C1257990"": 5}",-0.0,-0.0,0.0,UMLS:C1257990,0.0
mm_0087360,BioMistral-7B,0.0,0.9999998807907104,sapbert_full_len3,5,5,0,4,False,1,-0.0,-0.0,C0015350,True,,,,,,,,
mm_0087360,FLAN-T5-base,0.0,1.0,sapbert_full_len3,5,5,0,4,False,1,-0.0,-0.0,C0221170,True,,,,,,,,
mm_0087360,Llama3-OpenBioLLM-8B,1.0,1.0,sapbert_full_len3,5,5,0,4,False,1,-0.0,-0.0,C0007589,True,,,,,,,,
mm_0087360,Meta-Llama-3-8B-Instruct,1.0,1.0,sapbert_full_len3,5,5,0,4,False,1,-0.0,-0.0,C0007589,True,,,,,,,,
mm_0087360,Mistral-7B-Instruct-v0.1,0.0,0.9999997615814208,sapbert_full_len3,5,5,0,4,False,1,-0.0,-0.0,C0016059,True,,,,,,,,
mm_0087360,PubMedBERT,0.0,1.0,sapbert_full_len3,5,5,0,4,False,1,-0.0,-0.0,C1447749,True,5.0,1.0,"{""C1447749"": 5}",-0.0,-0.0,0.0,C1447749,0.0
mm_0087688,BERT-base,0.0,1.0,sapbert_full_len3,4,4,0,3,False,1,-0.0,-0.0,C1257990,True,4.0,1.0,"{""UMLS:C1257990"": 4}",-0.0,-0.0,0.0,UMLS:C1257990,0.0
mm_0087688,BioBERT,0.0,1.0,sapbert_full_len3,4,4,0,3,False,1,-0.0,-0.0,C1257990,True,4.0,1.0,"{""UMLS:C1257990"": 4}",-0.0,-0.0,0.0,UMLS:C1257990,0.0
mm_0087688,BioMistral-7B,0.0,1.0,sapbert_full_len3,4,4,0,3,False,2,0.8112781244591328,0.4056390622295664,C0024432,False,,,,,,,,
mm_0087688,FLAN-T5-base,1.0,1.0,sapbert_full_len3,4,4,0,3,False,1,-0.0,-0.0,C0022417,True,,,,,,,,
mm_0087688,Llama3-OpenBioLLM-8B,0.0,0.9999995827674866,sapbert_full_len3,4,4,0,3,False,1,-0.0,-0.0,C0017296,True,,,,,,,,
mm_0087688,Meta-Llama-3-8B-Instruct,0.0,1.0,sapbert_full_len3,4,4,0,3,False,1,-0.0,-0.0,C0017296,True,,,,,,,,
mm_0087688,Mistral-7B-Instruct-v0.1,0.0,0.9999998807907104,sapbert_full_len3,4,4,0,3,False,1,-0.0,-0.0,C0003864,True,,,,,,,,
mm_0087688,PubMedBERT,0.0,1.0,sapbert_full_len3,4,4,0,3,False,2,1.0,0.5,C1447749,False,4.0,2.0,"{""C1447749"": 2, ""UMLS:C1257990"": 2}",1.0,0.5,0.0,C1447749,1.0
mm_0087767,BERT-base,0.0,1.0,sapbert_full_len3,5,5,0,4,False,1,-0.0,-0.0,C1955876,True,5.0,1.0,"{""C1955876"": 5}",-0.0,-0.0,0.0,C1955876,0.0
mm_0087767,BioBERT,0.0,1.0,sapbert_full_len3,5,5,0,4,False,1,-0.0,-0.0,C0018081,True,5.0,1.0,"{""C0018081"": 5}",-0.0,-0.0,0.0,C0018081,0.0
mm_0087767,BioMistral-7B,0.0,1.0,sapbert_full_len3,5,5,0,4,False,1,-0.0,-0.0,C0282687,True,,,,,,,,
mm_0087767,FLAN-T5-base,0.0,1.0,sapbert_full_len3,5,5,0,4,False,1,-0.0,-0.0,C0282687,True,,,,,,,,
mm_0087767,Llama3-OpenBioLLM-8B,0.0,0.9999976754188538,sapbert_full_len3,5,5,0,4,False,1,-0.0,-0.0,C5544424,True,,,,,,,,
mm_0087767,Meta-Llama-3-8B-Instruct,0.0,0.9999998807907104,sapbert_full_len3,5,5,0,4,False,1,-0.0,-0.0,C0014507,True,,,,,,,,
mm_0087767,Mistral-7B-Instruct-v0.1,0.0,1.0,sapbert_full_len3,5,5,0,4,False,1,-0.0,-0.0,C0282687,True,,,,,,,,
mm_0087767,PubMedBERT,0.0,1.0,sapbert_full_len3,5,5,0,4,False,2,0.7219280948873623,0.31091750708257115,C1839576,False,5.0,2.0,"{""C1447749"": 1, ""C1839576"": 4}",0.7219280948873623,0.3109175070825711,0.0,C1839576,0.0
mm_0088026,BERT-base,0.0,1.0,sapbert_full_len3,5,5,0,4,False,1,-0.0,-0.0,C0358514,True,5.0,1.0,"{""UMLS:C0358514"": 5}",-0.0,-0.0,0.0,UMLS:C0358514,0.0
mm_0088026,BioBERT,0.0,1.0,sapbert_full_len3,5,5,0,4,False,1,-0.0,-0.0,C1707887,True,5.0,1.0,"{""UMLS:C1707887"": 5}",-0.0,-0.0,0.0,UMLS:C1707887,0.0
mm_0088026,BioMistral-7B,0.0,0.8003414273262024,sapbert_full_len3,5,5,0,4,False,1,-0.0,-0.0,C0235833,True,,,,,,,,
mm_0088026,FLAN-T5-base,0.0,0.8002620339393616,sapbert_full_len3,5,5,0,4,False,1,-0.0,-0.0,C0235833,True,,,,,,,,
mm_0088026,Llama3-OpenBioLLM-8B,0.0,0.9999998807907104,sapbert_full_len3,5,5,0,4,False,3,1.5219280948873621,0.6554587535412855,C1709380,False,,,,,,,,
mm_0088026,Meta-Llama-3-8B-Instruct,0.0,1.0,sapbert_full_len3,5,5,0,4,False,2,0.7219280948873623,0.31091750708257115,C1366535,False,,,,,,,,
mm_0088026,Mistral-7B-Instruct-v0.1,0.0,0.738349437713623,sapbert_full_len3,5,5,0,4,False,3,1.5219280948873621,0.6554587535412855,C0683692,False,,,,,,,,
mm_0088026,PubMedBERT,0.0,1.0,sapbert_full_len3,5,5,0,4,False,1,-0.0,-0.0,C1839576,True,5.0,1.0,"{""C1839576"": 5}",-0.0,-0.0,0.0,C1839576,0.0
mm_0088032,BERT-base,0.0,1.0,sapbert_full_len3,6,6,0,5,False,2,0.9182958340544896,0.355245321275764,C1839576,False,6.0,2.0,"{""C1839576"": 4, ""C1447749"": 2}",0.9182958340544896,0.355245321275764,0.0,C1839576,0.0
mm_0088032,BioBERT,0.0,1.0,sapbert_full_len3,6,6,0,5,False,3,1.584962500721156,0.6131471927654584,C1839576,False,6.0,3.0,"{""C1839576"": 2, ""UMLS:C0681906"": 2, ""C0027609"": 2}",1.584962500721156,0.6131471927654584,0.0,C1839576,1.0
mm_0088032,BioMistral-7B,1.0,1.0,sapbert_full_len3,6,6,0,5,False,1,-0.0,-0.0,C0028768,True,,,,,,,,
mm_0088032,FLAN-T5-base,1.0,0.9999998807907104,sapbert_full_len3,6,6,0,5,False,1,-0.0,-0.0,C0028768,True,,,,,,,,
mm_0088032,Llama3-OpenBioLLM-8B,1.0,0.7721050977706909,sapbert_full_len3,6,6,0,5,False,2,0.9182958340544896,0.355245321275764,C0028768,False,,,,,,,,
mm_0088032,Meta-Llama-3-8B-Instruct,1.0,0.9954042434692384,sapbert_full_len3,6,6,0,5,False,1,-0.0,-0.0,C0028768,True,,,,,,,,
mm_0088032,Mistral-7B-Instruct-v0.1,1.0,0.9957598447799684,sapbert_full_len3,6,6,0,5,False,1,-0.0,-0.0,C0028768,True,,,,,,,,
mm_0088032,PubMedBERT,0.0,1.0,sapbert_full_len3,6,6,0,5,False,1,-0.0,-0.0,C1839576,True,6.0,1.0,"{""C1839576"": 6}",-0.0,-0.0,0.0,C1839576,0.0
mm_0088551,BERT-base,0.0,1.0,sapbert_full_len3,6,6,0,5,False,1,-0.0,-0.0,C1447749,True,6.0,1.0,"{""C1447749"": 6}",-0.0,-0.0,0.0,C1447749,0.0
mm_0088551,BioBERT,0.0,1.0,sapbert_full_len3,6,6,0,5,False,1,-0.0,-0.0,C1447749,True,6.0,1.0,"{""C1447749"": 6}",-0.0,-0.0,0.0,C1447749,0.0
mm_0088551,BioMistral-7B,0.0,0.7147555351257324,sapbert_full_len3,6,6,0,5,False,2,0.9182958340544896,0.355245321275764,C5419544,False,,,,,,,,
mm_0088551,FLAN-T5-base,0.0,0.8653171062469482,sapbert_full_len3,6,6,0,5,False,2,0.9182958340544896,0.355245321275764,C0008838,False,,,,,,,,
mm_0088551,Llama3-OpenBioLLM-8B,0.0,0.7147555351257324,sapbert_full_len3,6,6,0,5,False,2,0.9182958340544896,0.355245321275764,C5419544,False,,,,,,,,
mm_0088551,Meta-Llama-3-8B-Instruct,0.0,0.9943442344665528,sapbert_full_len3,6,6,0,5,False,2,0.9182958340544896,0.355245321275764,C0030567,False,,,,,,,,
mm_0088551,Mistral-7B-Instruct-v0.1,0.0,0.7147250175476074,sapbert_full_len3,6,6,0,5,False,2,0.9182958340544896,0.355245321275764,C5419544,False,,,,,,,,
mm_0088551,PubMedBERT,0.0,1.0,sapbert_full_len3,6,6,0,5,False,1,-0.0,-0.0,C1839576,True,6.0,1.0,"{""C1839576"": 6}",-0.0,-0.0,0.0,C1839576,0.0
mm_0088706,BERT-base,0.0,1.0,sapbert_full_len3,9,9,0,8,False,2,0.9182958340544896,0.2896900821428475,C0018966,False,9.0,2.0,"{""C0015131"": 3, ""C0018966"": 6}",0.9182958340544896,0.2896900821428475,0.0,C0018966,0.0
mm_0088706,BioBERT,0.0,1.0,sapbert_full_len3,9,9,0,8,False,1,-0.0,-0.0,C1707887,True,9.0,1.0,"{""UMLS:C1707887"": 9}",-0.0,-0.0,0.0,UMLS:C1707887,0.0
mm_0088706,BioMistral-7B,0.0,1.0,sapbert_full_len3,9,9,0,8,False,3,1.584962500721156,0.5,C0055431,False,,,,,,,,
mm_0088706,FLAN-T5-base,0.0,0.9999997615814208,sapbert_full_len3,9,9,0,8,False,3,1.4355205042826666,0.4528562990069186,C0008260,False,,,,,,,,
mm_0088706,Llama3-OpenBioLLM-8B,0.0,0.9999997615814208,sapbert_full_len3,9,9,0,8,False,4,1.974937501201927,0.6230234154761809,C0007271,False,,,,,,,,
mm_0088706,Meta-Llama-3-8B-Instruct,0.0,1.0,sapbert_full_len3,9,9,0,8,False,2,0.5032583347756457,0.1587603285713901,C0037812,False,,,,,,,,
mm_0088706,Mistral-7B-Instruct-v0.1,0.0,0.9999997615814208,sapbert_full_len3,9,9,0,8,False,3,1.224394445405986,0.3862534428571301,C0037812,False,,,,,,,,
mm_0088706,PubMedBERT,0.0,1.0,sapbert_full_len3,9,9,0,8,False,2,0.9182958340544896,0.2896900821428475,C1447749,False,9.0,2.0,"{""C1839576"": 3, ""C1447749"": 6}",0.9182958340544896,0.2896900821428475,0.0,C1447749,0.0
mm_0088915,BERT-base,0.0,1.0,sapbert_full_len3,7,7,0,6,False,1,-0.0,-0.0,C4277667,True,7.0,1.0,"{""C4277667"": 7}",-0.0,-0.0,0.0,C4277667,0.0
mm_0088915,BioBERT,0.0,1.0,sapbert_full_len3,7,7,0,6,False,1,-0.0,-0.0,C0011757,True,7.0,1.0,"{""C0011757"": 7}",-0.0,-0.0,0.0,C0011757,0.0
mm_0088915,BioMistral-7B,0.0,1.0,sapbert_full_len3,7,7,0,6,False,2,0.863120568566631,0.30744974986419643,C0233421,False,,,,,,,,
mm_0088915,FLAN-T5-base,1.0,1.0,sapbert_full_len3,7,7,0,6,False,3,1.5566567074628228,0.5544923070581674,C0004268,False,,,,,,,,
mm_0088915,Llama3-OpenBioLLM-8B,0.0,0.9999999403953552,sapbert_full_len3,7,7,0,6,False,2,0.863120568566631,0.30744974986419643,C0233421,False,,,,,,,,
mm_0088915,Meta-Llama-3-8B-Instruct,0.0,1.0,sapbert_full_len3,7,7,0,6,False,2,0.863120568566631,0.30744974986419643,C0233421,False,,,,,,,,
mm_0088915,Mistral-7B-Instruct-v0.1,0.0,1.0,sapbert_full_len3,7,7,0,6,False,2,0.9852281360342515,0.35094534299644053,C0004268,False,,,,,,,,
mm_0088915,PubMedBERT,0.0,1.0,sapbert_full_len3,7,7,0,6,False,2,0.863120568566631,0.30744974986419643,C0681906,False,7.0,2.0,"{""UMLS:C0681906"": 5, ""C1839576"": 2}",0.863120568566631,0.3074497498641964,0.0,UMLS:C0681906,0.0
mm_0089413,BERT-base,0.0,1.0,sapbert_full_len3,5,5,0,4,False,1,-0.0,-0.0,C1257990,True,5.0,1.0,"{""UMLS:C1257990"": 5}",-0.0,-0.0,0.0,UMLS:C1257990,0.0
mm_0089413,BioBERT,1.0,1.0,sapbert_full_len3,5,5,0,4,False,1,-0.0,-0.0,C0752046,True,5.0,1.0,"{""UMLS:C0752046"": 5}",-0.0,-0.0,1.0,UMLS:C0752046,0.0
mm_0089413,BioMistral-7B,0.0,0.9999998807907104,sapbert_full_len3,5,5,0,4,False,1,-0.0,-0.0,C0085295,True,,,,,,,,
mm_0089413,FLAN-T5-base,0.0,1.0,sapbert_full_len3,5,5,0,4,False,2,0.7219280948873623,0.31091750708257115,C0004364,False,,,,,,,,
mm_0089413,Llama3-OpenBioLLM-8B,1.0,1.0,sapbert_full_len3,5,5,0,4,False,2,0.7219280948873623,0.31091750708257115,C0032529,False,,,,,,,,
mm_0089413,Meta-Llama-3-8B-Instruct,0.0,0.9999998211860656,sapbert_full_len3,5,5,0,4,False,1,-0.0,-0.0,C1334098,True,,,,,,,,
mm_0089413,Mistral-7B-Instruct-v0.1,1.0,0.9718748927116394,sapbert_full_len3,5,5,0,4,False,2,0.9709505944546686,0.4181656600790516,C0085295,False,,,,,,,,
mm_0089413,PubMedBERT,1.0,1.0,sapbert_full_len3,5,5,0,4,False,1,-0.0,-0.0,C0752046,True,5.0,1.0,"{""UMLS:C0752046"": 5}",-0.0,-0.0,1.0,UMLS:C0752046,0.0
mm_0090103,BERT-base,0.0,1.0,sapbert_full_len3,7,7,0,6,False,4,1.8423709931771084,0.6562657890890309,C1447749,False,7.0,4.0,"{""C1447749"": 3, ""C0814154"": 1, ""C0525041"": 1, ""C0038436"": 2}",1.8423709931771084,0.6562657890890309,0.0,C1447749,1.0
mm_0090103,BioBERT,0.0,1.0,sapbert_full_len3,7,7,0,6,False,3,1.3787834934861753,0.49113258984568253,C1839576,False,7.0,3.0,"{""C1839576"": 4, ""UMLS:C1257990"": 2, ""C1270972"": 1}",1.3787834934861751,0.4911325898456825,0.0,C1839576,0.0
mm_0090103,BioMistral-7B,0.0,1.0,sapbert_full_len3,7,7,0,6,False,2,0.863120568566631,0.30744974986419643,C0002395,False,,,,,,,,
mm_0090103,FLAN-T5-base,0.0,1.0,sapbert_full_len3,7,7,0,6,False,1,-0.0,-0.0,C0700327,True,,,,,,,,
mm_0090103,Llama3-OpenBioLLM-8B,0.0,0.9947022795677184,sapbert_full_len3,7,7,0,6,False,3,1.3787834934861753,0.49113258984568253,C0002395,False,,,,,,,,
mm_0090103,Meta-Llama-3-8B-Instruct,0.0,0.9999999403953552,sapbert_full_len3,7,7,0,6,False,2,0.5916727785823275,0.21075809614719848,C0872259,False,,,,,,,,
mm_0090103,Mistral-7B-Instruct-v0.1,0.0,1.0,sapbert_full_len3,7,7,0,6,False,3,1.1488348542809166,0.4092232318950598,C0011265,False,,,,,,,,
mm_0090103,PubMedBERT,0.0,1.0,sapbert_full_len3,7,7,0,6,False,1,-0.0,-0.0,C1839576,True,7.0,1.0,"{""C1839576"": 7}",-0.0,-0.0,0.0,C1839576,0.0
mm_0090104,BERT-base,0.0,1.0,sapbert_full_len3,7,7,0,6,False,4,1.9502120649147465,0.6946795539074094,C1447749,False,7.0,4.0,"{""C1447749"": 2, ""C0525041"": 2, ""C0814154"": 1, ""C0038436"": 2}",1.9502120649147463,0.6946795539074094,0.0,C1447749,1.0
mm_0090104,BioBERT,0.0,1.0,sapbert_full_len3,7,7,0,6,False,3,1.1488348542809166,0.4092232318950598,C1839576,False,7.0,3.0,"{""C1839576"": 5, ""UMLS:C1257990"": 1, ""C1270972"": 1}",1.1488348542809166,0.4092232318950598,0.0,C1839576,0.0
mm_0090104,BioMistral-7B,1.0,1.0,sapbert_full_len3,7,7,0,6,False,2,0.863120568566631,0.30744974986419643,C0002395,False,,,,,,,,
mm_0090104,FLAN-T5-base,1.0,0.8742143511772156,sapbert_full_len3,7,7,0,6,False,1,-0.0,-0.0,C0002395,True,,,,,,,,
mm_0090104,Llama3-OpenBioLLM-8B,1.0,0.9947022795677184,sapbert_full_len3,7,7,0,6,False,3,1.1488348542809166,0.4092232318950598,C0872259,False,,,,,,,,
mm_0090104,Meta-Llama-3-8B-Instruct,0.0,0.9999999403953552,sapbert_full_len3,7,7,0,6,False,2,0.5916727785823275,0.21075809614719848,C0872259,False,,,,,,,,
mm_0090104,Mistral-7B-Instruct-v0.1,0.0,0.9999998211860656,sapbert_full_len3,7,7,0,6,False,1,-0.0,-0.0,C0011265,True,,,,,,,,
mm_0090104,PubMedBERT,0.0,1.0,sapbert_full_len3,7,7,0,6,False,1,-0.0,-0.0,C1839576,True,7.0,1.0,"{""C1839576"": 7}",-0.0,-0.0,0.0,C1839576,0.0
mm_0090447,BERT-base,0.0,1.0,sapbert_full_len3,7,7,0,6,False,2,0.9852281360342515,0.35094534299644053,C2350390,False,7.0,2.0,"{""UMLS:C2350390"": 4, ""UMLS:C0444254"": 3}",0.9852281360342516,0.3509453429964405,0.0,UMLS:C2350390,0.0
mm_0090447,BioBERT,0.0,1.0,sapbert_full_len3,7,7,0,6,False,2,0.863120568566631,0.30744974986419643,C0919821,False,7.0,2.0,"{""UMLS:C0919821"": 5, ""C1312419"": 2}",0.863120568566631,0.3074497498641964,0.0,UMLS:C0919821,0.0
mm_0090447,BioMistral-7B,0.0,0.9999999403953552,sapbert_full_len3,7,7,0,6,False,1,-0.0,-0.0,C1416786,True,,,,,,,,
mm_0090447,FLAN-T5-base,0.0,1.0,sapbert_full_len3,7,7,0,6,False,1,-0.0,-0.0,C1416786,True,,,,,,,,
mm_0090447,Llama3-OpenBioLLM-8B,0.0,1.0,sapbert_full_len3,7,7,0,6,False,2,0.863120568566631,0.30744974986419643,C1416786,False,,,,,,,,
mm_0090447,Meta-Llama-3-8B-Instruct,0.0,0.9999997615814208,sapbert_full_len3,7,7,0,6,False,1,-0.0,-0.0,C0234557,True,,,,,,,,
mm_0090447,Mistral-7B-Instruct-v0.1,0.0,0.9999999403953552,sapbert_full_len3,7,7,0,6,False,3,1.3787834934861753,0.49113258984568253,C1416786,False,,,,,,,,
mm_0090447,PubMedBERT,0.0,1.0,sapbert_full_len3,7,7,0,6,False,3,1.3787834934861753,0.49113258984568253,C0015131,False,7.0,3.0,"{""C0015131"": 4, ""C0018966"": 1, ""C1839576"": 2}",1.3787834934861751,0.4911325898456825,0.0,C0015131,0.0
mm_0090647,BERT-base,0.0,1.0,sapbert_full_len3,7,7,0,6,False,1,-0.0,-0.0,C0358514,True,7.0,1.0,"{""UMLS:C0358514"": 7}",-0.0,-0.0,0.0,UMLS:C0358514,0.0
mm_0090647,BioBERT,0.0,1.0,sapbert_full_len3,7,7,0,6,False,1,-0.0,-0.0,C1370369,True,7.0,1.0,"{""C1370369"": 7}",-0.0,-0.0,0.0,C1370369,0.0
mm_0090647,BioMistral-7B,0.0,0.8068317174911499,sapbert_full_len3,7,7,0,6,False,1,-0.0,-0.0,C0025369,True,,,,,,,,
mm_0090647,FLAN-T5-base,0.0,0.8068317174911499,sapbert_full_len3,7,7,0,6,False,1,-0.0,-0.0,C0025369,True,,,,,,,,
mm_0090647,Llama3-OpenBioLLM-8B,0.0,0.7237864136695862,sapbert_full_len3,7,7,0,6,False,4,1.9502120649147465,0.6946795539074094,C4086761,False,,,,,,,,
mm_0090647,Meta-Llama-3-8B-Instruct,0.0,1.0,sapbert_full_len3,7,7,0,6,False,3,1.1488348542809166,0.4092232318950598,C2024467,False,,,,,,,,
mm_0090647,Mistral-7B-Instruct-v0.1,0.0,1.0,sapbert_full_len3,7,7,0,6,False,1,-0.0,-0.0,C0025369,True,,,,,,,,
mm_0090647,PubMedBERT,0.0,1.0,sapbert_full_len3,7,7,0,6,False,1,-0.0,-0.0,C0015131,True,7.0,1.0,"{""C0015131"": 7}",-0.0,-0.0,0.0,C0015131,0.0
mm_0091036,BERT-base,0.0,1.0,sapbert_full_len3,7,7,0,6,False,2,0.5916727785823275,0.21075809614719848,C1312419,False,7.0,2.0,"{""C1312419"": 6, ""UMLS:C1257990"": 1}",0.5916727785823275,0.2107580961471984,0.0,C1312419,0.0
mm_0091036,BioBERT,0.0,1.0,sapbert_full_len3,7,7,0,6,False,1,-0.0,-0.0,C0008396,True,7.0,1.0,"{""C0008396"": 7}",-0.0,-0.0,0.0,C0008396,0.0
mm_0091036,BioMistral-7B,0.0,0.9947352409362792,sapbert_full_len3,7,7,0,6,False,2,0.863120568566631,0.30744974986419643,C1528322,False,,,,,,,,
mm_0091036,FLAN-T5-base,1.0,1.0,sapbert_full_len3,7,7,0,6,False,1,-0.0,-0.0,C0026237,True,,,,,,,,
mm_0091036,Llama3-OpenBioLLM-8B,1.0,0.8107661008834839,sapbert_full_len3,7,7,0,6,False,1,-0.0,-0.0,C0026237,True,,,,,,,,
mm_0091036,Meta-Llama-3-8B-Instruct,1.0,0.8106867074966431,sapbert_full_len3,7,7,0,6,False,1,-0.0,-0.0,C0026237,True,,,,,,,,
mm_0091036,Mistral-7B-Instruct-v0.1,1.0,1.0,sapbert_full_len3,7,7,0,6,False,1,-0.0,-0.0,C0026237,True,,,,,,,,
mm_0091036,PubMedBERT,0.0,1.0,sapbert_full_len3,7,7,0,6,False,1,-0.0,-0.0,C1447749,True,7.0,1.0,"{""C1447749"": 7}",-0.0,-0.0,0.0,C1447749,0.0
mm_0092293,BERT-base,0.0,1.0,sapbert_full_len3,5,5,0,4,False,1,-0.0,-0.0,C0949359,True,5.0,1.0,"{""C0949359"": 5}",-0.0,-0.0,0.0,C0949359,0.0
mm_0092293,BioBERT,0.0,1.0,sapbert_full_len3,5,5,0,4,False,2,0.7219280948873623,0.31091750708257115,C0038467,False,5.0,2.0,"{""UMLS:C0038467"": 4, ""UMLS:C1707887"": 1}",0.7219280948873623,0.3109175070825711,0.0,UMLS:C0038467,0.0
mm_0092293,BioMistral-7B,1.0,0.9999997615814208,sapbert_full_len3,5,5,0,4,False,2,0.9709505944546686,0.4181656600790516,C4041873,False,,,,,,,,
mm_0092293,FLAN-T5-base,0.0,0.921567976474762,sapbert_full_len3,5,5,0,4,False,2,0.7219280948873623,0.31091750708257115,C0030011,False,,,,,,,,
mm_0092293,Llama3-OpenBioLLM-8B,1.0,0.9268252849578856,sapbert_full_len3,5,4,1,4,False,1,-0.0,-0.0,C4041873,True,,,,,,,,
mm_0092293,Meta-Llama-3-8B-Instruct,0.0,0.9999998807907104,sapbert_full_len3,5,5,0,4,False,1,-0.0,-0.0,C0030011,True,,,,,,,,
mm_0092293,Mistral-7B-Instruct-v0.1,0.0,0.9999998807907104,sapbert_full_len3,5,5,0,4,False,2,0.7219280948873623,0.31091750708257115,C0043506,False,,,,,,,,
mm_0092293,PubMedBERT,0.0,1.0,sapbert_full_len3,5,5,0,4,False,2,0.7219280948873623,0.31091750708257115,C1447749,False,5.0,2.0,"{""C1839576"": 1, ""C1447749"": 4}",0.7219280948873623,0.3109175070825711,0.0,C1447749,0.0
mm_0092345,BERT-base,1.0,1.0,sapbert_full_len3,6,6,0,5,False,3,1.4591479170272446,0.5644754678724235,C0051318,False,6.0,3.0,"{""C0051318"": 3, ""C1447749"": 1, ""C0025677"": 2}",1.4591479170272446,0.5644754678724235,0.0,C0051318,1.0
mm_0092345,BioBERT,1.0,1.0,sapbert_full_len3,6,6,0,5,False,2,0.6500224216483541,0.25146299858006066,C0051318,False,6.0,2.0,"{""C0051318"": 5, ""UMLS:C1257990"": 1}",0.6500224216483541,0.2514629985800606,0.0,C0051318,0.0
mm_0092345,BioMistral-7B,1.0,1.0,sapbert_full_len3,6,6,0,5,False,1,-0.0,-0.0,C0051318,True,,,,,,,,
mm_0092345,FLAN-T5-base,1.0,1.0,sapbert_full_len3,6,6,0,5,False,1,-0.0,-0.0,C0051318,True,,,,,,,,
mm_0092345,Llama3-OpenBioLLM-8B,1.0,1.0,sapbert_full_len3,6,6,0,5,False,1,-0.0,-0.0,C0051318,True,,,,,,,,
mm_0092345,Meta-Llama-3-8B-Instruct,1.0,1.0,sapbert_full_len3,6,6,0,5,False,2,1.0,0.38685280723454163,C0051318,False,,,,,,,,
mm_0092345,Mistral-7B-Instruct-v0.1,1.0,1.0,sapbert_full_len3,6,6,0,5,False,1,-0.0,-0.0,C0051318,True,,,,,,,,
mm_0092345,PubMedBERT,1.0,1.0,sapbert_full_len3,6,6,0,5,False,2,0.6500224216483541,0.25146299858006066,C0051318,False,6.0,2.0,"{""C0051318"": 5, ""C1447749"": 1}",0.6500224216483541,0.2514629985800606,0.0,C0051318,0.0
mm_0092701,BERT-base,0.0,1.0,sapbert_full_len3,6,6,0,5,False,1,-0.0,-0.0,C1447749,True,6.0,1.0,"{""C1447749"": 6}",-0.0,-0.0,0.0,C1447749,0.0
mm_0092701,BioBERT,0.0,1.0,sapbert_full_len3,6,6,0,5,False,2,0.9182958340544896,0.355245321275764,C1447749,False,6.0,2.0,"{""C5392105"": 2, ""C1447749"": 4}",0.9182958340544896,0.355245321275764,0.0,C1447749,0.0
mm_0092701,BioMistral-7B,0.0,0.9999995231628418,sapbert_full_len3,6,6,0,5,False,2,0.9182958340544896,0.355245321275764,C0138741,False,,,,,,,,
mm_0092701,FLAN-T5-base,0.0,0.838204562664032,sapbert_full_len3,6,6,0,5,False,2,0.9182958340544896,0.355245321275764,C1853292,False,,,,,,,,
mm_0092701,Llama3-OpenBioLLM-8B,0.0,0.7728452682495117,sapbert_full_len3,6,6,0,5,False,4,1.9182958340544896,0.7420981285103057,C1171307,False,,,,,,,,
mm_0092701,Meta-Llama-3-8B-Instruct,0.0,0.9999999403953552,sapbert_full_len3,6,6,0,5,False,2,0.6500224216483541,0.25146299858006066,C0199230,False,,,,,,,,
mm_0092701,Mistral-7B-Instruct-v0.1,0.0,0.9999999403953552,sapbert_full_len3,6,6,0,5,False,2,0.9182958340544896,0.355245321275764,C0006826,False,,,,,,,,
mm_0092701,PubMedBERT,0.0,1.0,sapbert_full_len3,6,6,0,5,False,2,0.9182958340544896,0.355245321275764,C1839576,False,6.0,2.0,"{""C1839576"": 4, ""C1447749"": 2}",0.9182958340544896,0.355245321275764,0.0,C1839576,0.0
mm_0093095,BERT-base,0.0,1.0,sapbert_full_len3,4,4,0,3,False,1,-0.0,-0.0,C1447749,True,4.0,1.0,"{""C1447749"": 4}",-0.0,-0.0,0.0,C1447749,0.0
mm_0093095,BioBERT,0.0,1.0,sapbert_full_len3,4,4,0,3,False,3,1.5,0.75,C1447749,False,4.0,3.0,"{""C0265267"": 1, ""C2935436"": 1, ""C1447749"": 2}",1.5,0.75,0.0,C1447749,1.0
mm_0093095,BioMistral-7B,0.0,0.9999997615814208,sapbert_full_len3,4,4,0,3,False,1,-0.0,-0.0,C4535718,True,,,,,,,,
mm_0093095,FLAN-T5-base,0.0,1.0,sapbert_full_len3,4,4,0,3,False,1,-0.0,-0.0,C0017601,True,,,,,,,,
mm_0093095,Llama3-OpenBioLLM-8B,0.0,0.9999997615814208,sapbert_full_len3,4,4,0,3,False,1,-0.0,-0.0,C4535718,True,,,,,,,,
mm_0093095,Meta-Llama-3-8B-Instruct,0.0,1.0,sapbert_full_len3,4,4,0,3,False,2,1.0,0.5,C4535718,False,,,,,,,,
mm_0093095,Mistral-7B-Instruct-v0.1,0.0,0.999999701976776,sapbert_full_len3,4,4,0,3,False,2,0.8112781244591328,0.4056390622295664,C0017601,False,,,,,,,,
mm_0093095,PubMedBERT,0.0,1.0,sapbert_full_len3,4,4,0,3,False,2,1.0,0.5,C1839576,False,4.0,2.0,"{""C1839576"": 2, ""C1447749"": 2}",1.0,0.5,0.0,C1839576,1.0
mm_0093251,BERT-base,0.0,1.0,sapbert_full_len3,6,6,0,5,False,3,1.584962500721156,0.6131471927654584,C0444254,False,6.0,3.0,"{""UMLS:C0444254"": 2, ""C0282597"": 2, ""UMLS:C1283169"": 2}",1.584962500721156,0.6131471927654584,0.0,UMLS:C0444254,1.0
mm_0093251,BioBERT,0.0,1.0,sapbert_full_len3,6,6,0,5,False,1,-0.0,-0.0,C1707887,True,6.0,1.0,"{""UMLS:C1707887"": 6}",-0.0,-0.0,0.0,UMLS:C1707887,0.0
mm_0093251,BioMistral-7B,0.0,0.9999998211860656,sapbert_full_len3,6,6,0,5,False,2,0.9182958340544896,0.355245321275764,C0042014,False,,,,,,,,
mm_0093251,FLAN-T5-base,0.0,1.0,sapbert_full_len3,6,6,0,5,False,2,0.9182958340544896,0.355245321275764,C1610733,False,,,,,,,,
mm_0093251,Llama3-OpenBioLLM-8B,0.0,0.999999701976776,sapbert_full_len3,6,6,0,5,False,3,1.4591479170272446,0.5644754678724235,C0430404,False,,,,,,,,
mm_0093251,Meta-Llama-3-8B-Instruct,0.0,1.0,sapbert_full_len3,6,6,0,5,False,1,-0.0,-0.0,C0042014,True,,,,,,,,
mm_0093251,Mistral-7B-Instruct-v0.1,0.0,0.9999998211860656,sapbert_full_len3,6,6,0,5,False,2,1.0,0.38685280723454163,C0042014,False,,,,,,,,
mm_0093251,PubMedBERT,0.0,1.0,sapbert_full_len3,6,6,0,5,False,2,0.9182958340544896,0.355245321275764,C1707887,False,6.0,2.0,"{""UMLS:C1707887"": 4, ""C1839576"": 2}",0.9182958340544896,0.355245321275764,0.0,UMLS:C1707887,0.0
mm_0093333,BERT-base,0.0,1.0,sapbert_full_len3,7,7,0,6,False,3,1.5566567074628228,0.5544923070581674,C0169661,False,7.0,3.0,"{""C0169661"": 3, ""C0055966"": 2, ""C1566790"": 2}",1.5566567074628228,0.5544923070581674,0.0,C0169661,1.0
mm_0093333,BioBERT,0.0,1.0,sapbert_full_len3,7,7,0,6,False,1,-0.0,-0.0,C1257990,True,7.0,1.0,"{""UMLS:C1257990"": 7}",-0.0,-0.0,0.0,UMLS:C1257990,0.0
mm_0093333,BioMistral-7B,0.0,0.7874996066093445,sapbert_full_len3,7,7,0,6,False,1,-0.0,-0.0,C0074299,True,,,,,,,,
mm_0093333,FLAN-T5-base,0.0,0.7874996066093445,sapbert_full_len3,7,7,0,6,False,1,-0.0,-0.0,C0074299,True,,,,,,,,
mm_0093333,Llama3-OpenBioLLM-8B,0.0,0.7874996066093445,sapbert_full_len3,7,7,0,6,False,3,1.3787834934861753,0.49113258984568253,C2350332,False,,,,,,,,
mm_0093333,Meta-Llama-3-8B-Instruct,0.0,0.7874996066093445,sapbert_full_len3,7,7,0,6,False,2,0.863120568566631,0.30744974986419643,C0074299,False,,,,,,,,
mm_0093333,Mistral-7B-Instruct-v0.1,0.0,0.9266209602355956,sapbert_full_len3,7,7,0,6,False,1,-0.0,-0.0,C0074299,True,,,,,,,,
mm_0093333,PubMedBERT,0.0,1.0,sapbert_full_len3,7,7,0,6,False,2,0.863120568566631,0.30744974986419643,C1257990,False,7.0,2.0,"{""UMLS:C1257990"": 5, ""C1447749"": 2}",0.863120568566631,0.3074497498641964,0.0,UMLS:C1257990,0.0
mm_0093493,BERT-base,0.0,1.0,sapbert_full_len3,9,9,0,8,False,2,0.7642045065086203,0.24107968048484052,C1257990,False,9.0,2.0,"{""UMLS:C1257990"": 7, ""C0752615"": 2}",0.7642045065086203,0.2410796804848405,0.0,UMLS:C1257990,0.0
mm_0093493,BioBERT,0.0,1.0,sapbert_full_len3,9,9,0,8,False,1,-0.0,-0.0,C1257990,True,9.0,1.0,"{""UMLS:C1257990"": 9}",-0.0,-0.0,0.0,UMLS:C1257990,0.0
mm_0093493,BioMistral-7B,1.0,1.0,sapbert_full_len3,9,9,0,8,False,1,-0.0,-0.0,C0007586,True,,,,,,,,
mm_0093493,FLAN-T5-base,1.0,1.0,sapbert_full_len3,9,9,0,8,False,1,-0.0,-0.0,C0007586,True,,,,,,,,
mm_0093493,Llama3-OpenBioLLM-8B,1.0,1.0,sapbert_full_len3,9,9,0,8,False,2,0.7642045065086203,0.24107968048484052,C0007586,False,,,,,,,,
mm_0093493,Meta-Llama-3-8B-Instruct,1.0,1.0,sapbert_full_len3,9,9,0,8,False,3,1.4355205042826666,0.4528562990069186,C0007586,False,,,,,,,,
mm_0093493,Mistral-7B-Instruct-v0.1,1.0,1.0,sapbert_full_len3,9,9,0,8,False,1,-0.0,-0.0,C0007586,True,,,,,,,,
mm_0093493,PubMedBERT,0.0,1.0,sapbert_full_len3,9,9,0,8,False,2,0.9910760598382222,0.3126496871021503,C1257990,False,9.0,2.0,"{""C1839576"": 4, ""UMLS:C1257990"": 5}",0.9910760598382222,0.3126496871021503,0.0,UMLS:C1257990,0.0
mm_0093512,BERT-base,0.0,1.0,sapbert_full_len3,9,9,0,8,False,1,-0.0,-0.0,C1257990,True,9.0,1.0,"{""UMLS:C1257990"": 9}",-0.0,-0.0,0.0,UMLS:C1257990,0.0
mm_0093512,BioBERT,0.0,1.0,sapbert_full_len3,9,9,0,8,False,1,-0.0,-0.0,C1257990,True,9.0,1.0,"{""UMLS:C1257990"": 9}",-0.0,-0.0,0.0,UMLS:C1257990,0.0
mm_0093512,BioMistral-7B,0.0,1.0,sapbert_full_len3,9,9,0,8,False,1,-0.0,-0.0,C0013216,True,,,,,,,,
mm_0093512,FLAN-T5-base,0.0,1.0,sapbert_full_len3,9,9,0,8,False,1,-0.0,-0.0,C0013216,True,,,,,,,,
mm_0093512,Llama3-OpenBioLLM-8B,0.0,1.0,sapbert_full_len3,9,9,0,8,False,1,-0.0,-0.0,C0013216,True,,,,,,,,
mm_0093512,Meta-Llama-3-8B-Instruct,0.0,0.9999999403953552,sapbert_full_len3,9,9,0,8,False,1,-0.0,-0.0,C0162638,True,,,,,,,,
mm_0093512,Mistral-7B-Instruct-v0.1,0.0,1.0,sapbert_full_len3,9,9,0,8,False,1,-0.0,-0.0,C0013216,True,,,,,,,,
mm_0093512,PubMedBERT,0.0,1.0,sapbert_full_len3,9,9,0,8,False,1,-0.0,-0.0,C1257990,True,9.0,1.0,"{""UMLS:C1257990"": 9}",-0.0,-0.0,0.0,UMLS:C1257990,0.0
mm_0093721,BERT-base,0.0,1.0,sapbert_full_len3,4,4,0,3,False,1,-0.0,-0.0,C1431519,True,4.0,1.0,"{""C1431519"": 4}",-0.0,-0.0,0.0,C1431519,0.0
mm_0093721,BioBERT,0.0,1.0,sapbert_full_len3,4,4,0,3,False,2,1.0,0.5,C0265267,False,4.0,2.0,"{""C0265267"": 2, ""C1312419"": 2}",1.0,0.5,0.0,C0265267,1.0
mm_0093721,BioMistral-7B,0.0,0.9999997615814208,sapbert_full_len3,4,4,0,3,False,1,-0.0,-0.0,C0027819,True,,,,,,,,
mm_0093721,FLAN-T5-base,0.0,0.9999998807907104,sapbert_full_len3,4,4,0,3,False,1,-0.0,-0.0,C0027819,True,,,,,,,,
mm_0093721,Llama3-OpenBioLLM-8B,0.0,0.9999997615814208,sapbert_full_len3,4,4,0,3,False,1,-0.0,-0.0,C0027819,True,,,,,,,,
mm_0093721,Meta-Llama-3-8B-Instruct,0.0,0.9999997615814208,sapbert_full_len3,4,4,0,3,False,1,-0.0,-0.0,C0027819,True,,,,,,,,
mm_0093721,Mistral-7B-Instruct-v0.1,0.0,0.9999997615814208,sapbert_full_len3,4,4,0,3,False,1,-0.0,-0.0,C0027819,True,,,,,,,,
mm_0093721,PubMedBERT,0.0,1.0,sapbert_full_len3,4,4,0,3,False,1,-0.0,-0.0,C1839576,True,4.0,1.0,"{""C1839576"": 4}",-0.0,-0.0,0.0,C1839576,0.0
mm_0093924,BERT-base,0.0,1.0,sapbert_full_len3,5,5,0,4,False,2,0.9709505944546686,0.4181656600790516,C1447749,False,5.0,2.0,"{""C1447749"": 3, ""UMLS:C1257990"": 2}",0.9709505944546686,0.4181656600790516,0.0,C1447749,0.0
mm_0093924,BioBERT,0.0,1.0,sapbert_full_len3,5,5,0,4,False,1,-0.0,-0.0,C1257990,True,5.0,1.0,"{""UMLS:C1257990"": 5}",-0.0,-0.0,0.0,UMLS:C1257990,0.0
mm_0093924,BioMistral-7B,0.0,0.9857383966445924,sapbert_full_len3,5,5,0,4,False,2,0.9709505944546686,0.4181656600790516,C0040690,False,,,,,,,,
mm_0093924,FLAN-T5-base,0.0,0.9999999403953552,sapbert_full_len3,5,5,0,4,False,2,0.9709505944546686,0.4181656600790516,C5401498,False,,,,,,,,
mm_0093924,Llama3-OpenBioLLM-8B,0.0,1.0,sapbert_full_len3,5,5,0,4,False,1,-0.0,-0.0,C1566790,True,,,,,,,,
mm_0093924,Meta-Llama-3-8B-Instruct,0.0,0.9999999403953552,sapbert_full_len3,5,5,0,4,False,1,-0.0,-0.0,C0598067,True,,,,,,,,
mm_0093924,Mistral-7B-Instruct-v0.1,0.0,0.9857383966445924,sapbert_full_len3,5,5,0,4,False,2,0.9709505944546686,0.4181656600790516,C0040690,False,,,,,,,,
mm_0093924,PubMedBERT,0.0,1.0,sapbert_full_len3,5,5,0,4,False,1,-0.0,-0.0,C1447749,True,5.0,1.0,"{""C1447749"": 5}",-0.0,-0.0,0.0,C1447749,0.0
mm_0094060,BERT-base,0.0,1.0,sapbert_full_len3,6,6,0,5,False,1,-0.0,-0.0,C1257990,True,6.0,1.0,"{""UMLS:C1257990"": 6}",-0.0,-0.0,0.0,UMLS:C1257990,0.0
mm_0094060,BioBERT,0.0,1.0,sapbert_full_len3,6,6,0,5,False,1,-0.0,-0.0,C1257990,True,6.0,1.0,"{""UMLS:C1257990"": 6}",-0.0,-0.0,0.0,UMLS:C1257990,0.0
mm_0094060,BioMistral-7B,0.0,1.0,sapbert_full_len3,6,6,0,5,False,2,0.9182958340544896,0.355245321275764,C2745888,False,,,,,,,,
mm_0094060,FLAN-T5-base,0.0,1.0,sapbert_full_len3,6,6,0,5,False,1,-0.0,-0.0,C2745888,True,,,,,,,,
mm_0094060,Llama3-OpenBioLLM-8B,0.0,0.9999998211860656,sapbert_full_len3,6,6,0,5,False,4,1.9182958340544896,0.7420981285103057,C1514964,False,,,,,,,,
mm_0094060,Meta-Llama-3-8B-Instruct,0.0,1.0000001192092896,sapbert_full_len3,6,6,0,5,False,2,0.9182958340544896,0.355245321275764,C0038250,False,,,,,,,,
mm_0094060,Mistral-7B-Instruct-v0.1,0.0,0.9999999403953552,sapbert_full_len3,6,6,0,5,False,1,-0.0,-0.0,C0038250,True,,,,,,,,
mm_0094060,PubMedBERT,0.0,1.0,sapbert_full_len3,6,6,0,5,False,1,-0.0,-0.0,C1257990,True,6.0,1.0,"{""UMLS:C1257990"": 6}",-0.0,-0.0,0.0,UMLS:C1257990,0.0
mm_0094434,BERT-base,0.0,1.0,sapbert_full_len3,7,7,0,6,False,2,0.9852281360342515,0.35094534299644053,C1257990,False,7.0,2.0,"{""UMLS:C1257990"": 4, ""C1447749"": 3}",0.9852281360342516,0.3509453429964405,0.0,UMLS:C1257990,0.0
mm_0094434,BioBERT,0.0,1.0,sapbert_full_len3,7,7,0,6,False,1,-0.0,-0.0,C1312419,True,7.0,1.0,"{""C1312419"": 7}",-0.0,-0.0,0.0,C1312419,0.0
mm_0094434,BioMistral-7B,0.0,0.968177080154419,sapbert_full_len3,7,7,0,6,False,2,0.863120568566631,0.30744974986419643,C3888511,False,,,,,,,,
mm_0094434,FLAN-T5-base,0.0,1.0,sapbert_full_len3,7,7,0,6,False,2,0.863120568566631,0.30744974986419643,C6022366,False,,,,,,,,
mm_0094434,Llama3-OpenBioLLM-8B,0.0,0.761547327041626,sapbert_full_len3,7,7,0,6,False,4,1.9502120649147465,0.6946795539074094,C1537066,False,,,,,,,,
mm_0094434,Meta-Llama-3-8B-Instruct,0.0,0.751147985458374,sapbert_full_len3,7,7,0,6,False,2,0.9852281360342515,0.35094534299644053,C3548446,False,,,,,,,,
mm_0094434,Mistral-7B-Instruct-v0.1,0.0,0.9999999403953552,sapbert_full_len3,7,7,0,6,False,3,1.4488156357251847,0.516078542239789,C0014139,False,,,,,,,,
mm_0094434,PubMedBERT,0.0,1.0,sapbert_full_len3,7,7,0,6,False,3,1.3787834934861753,0.49113258984568253,C1447749,False,7.0,3.0,"{""C1839576"": 1, ""C1447749"": 4, ""UMLS:C1257990"": 2}",1.3787834934861751,0.4911325898456825,0.0,C1447749,0.0
mm_0094491,BERT-base,0.0,1.0,sapbert_full_len3,5,5,0,4,False,2,0.7219280948873623,0.31091750708257115,C1447749,False,5.0,2.0,"{""C1447749"": 4, ""C0920317"": 1}",0.7219280948873623,0.3109175070825711,0.0,C1447749,0.0
mm_0094491,BioBERT,0.0,1.0,sapbert_full_len3,5,5,0,4,False,1,-0.0,-0.0,C0027609,True,5.0,1.0,"{""C0027609"": 5}",-0.0,-0.0,0.0,C0027609,0.0
mm_0094491,BioMistral-7B,0.0,0.8833258748054504,sapbert_full_len3,5,5,0,4,False,2,0.7219280948873623,0.31091750708257115,C4505128,False,,,,,,,,
mm_0094491,FLAN-T5-base,0.0,0.8860499858856201,sapbert_full_len3,5,5,0,4,False,1,-0.0,-0.0,C4505128,True,,,,,,,,
mm_0094491,Llama3-OpenBioLLM-8B,0.0,0.9999999403953552,sapbert_full_len3,5,5,0,4,False,4,1.9219280948873623,0.8277293767706428,C4505128,False,,,,,,,,
mm_0094491,Meta-Llama-3-8B-Instruct,0.0,0.8860499858856201,sapbert_full_len3,5,5,0,4,False,2,0.7219280948873623,0.31091750708257115,C1516636,False,,,,,,,,
mm_0094491,Mistral-7B-Instruct-v0.1,0.0,0.8860499858856201,sapbert_full_len3,5,5,0,4,False,1,-0.0,-0.0,C4505128,True,,,,,,,,
mm_0094491,PubMedBERT,0.0,1.0,sapbert_full_len3,5,5,0,4,False,1,-0.0,-0.0,C1839576,True,5.0,1.0,"{""C1839576"": 5}",-0.0,-0.0,0.0,C1839576,0.0
mm_0094778,BERT-base,0.0,1.0,sapbert_full_len3,9,9,0,8,False,1,-0.0,-0.0,C1257990,True,9.0,1.0,"{""UMLS:C1257990"": 9}",-0.0,-0.0,0.0,UMLS:C1257990,0.0
mm_0094778,BioBERT,0.0,1.0,sapbert_full_len3,9,9,0,8,False,1,-0.0,-0.0,C1257990,True,9.0,1.0,"{""UMLS:C1257990"": 9}",-0.0,-0.0,0.0,UMLS:C1257990,0.0
mm_0094778,BioMistral-7B,0.0,0.8416125774383545,sapbert_full_len3,9,9,0,8,False,3,1.224394445405986,0.3862534428571301,C5214464,False,,,,,,,,
mm_0094778,FLAN-T5-base,0.0,0.805594265460968,sapbert_full_len3,9,9,0,8,False,1,-0.0,-0.0,C1416509,True,,,,,,,,
mm_0094778,Llama3-OpenBioLLM-8B,0.0,1.0,sapbert_full_len3,9,9,0,8,False,3,1.3516441151533924,0.4263962442450203,C0599724,False,,,,,,,,
mm_0094778,Meta-Llama-3-8B-Instruct,0.0,1.0,sapbert_full_len3,9,9,0,8,False,4,1.836591668108979,0.579380164285695,C0599724,False,,,,,,,,
mm_0094778,Mistral-7B-Instruct-v0.1,1.0,0.9999998807907104,sapbert_full_len3,9,9,0,8,False,2,0.7642045065086203,0.24107968048484052,C0872279,False,,,,,,,,
mm_0094778,PubMedBERT,0.0,1.0,sapbert_full_len3,9,9,0,8,False,2,0.7642045065086203,0.24107968048484052,C1839576,False,9.0,2.0,"{""C1839576"": 7, ""UMLS:C1257990"": 2}",0.7642045065086203,0.2410796804848405,0.0,C1839576,0.0
mm_0095178,BERT-base,0.0,1.0,sapbert_full_len3,5,5,0,4,False,1,-0.0,-0.0,C1257990,True,5.0,1.0,"{""UMLS:C1257990"": 5}",-0.0,-0.0,0.0,UMLS:C1257990,0.0
mm_0095178,BioBERT,0.0,1.0,sapbert_full_len3,5,5,0,4,False,1,-0.0,-0.0,C1312419,True,5.0,1.0,"{""C1312419"": 5}",-0.0,-0.0,0.0,C1312419,0.0
mm_0095178,BioMistral-7B,0.0,0.9999999403953552,sapbert_full_len3,5,5,0,4,False,1,-0.0,-0.0,C1416584,True,,,,,,,,
mm_0095178,FLAN-T5-base,0.0,1.0000001192092896,sapbert_full_len3,5,5,0,4,False,1,-0.0,-0.0,C1272641,True,,,,,,,,
mm_0095178,Llama3-OpenBioLLM-8B,0.0,0.898779571056366,sapbert_full_len3,5,5,0,4,False,3,1.3709505944546687,0.5904362833084089,C1677801,False,,,,,,,,
mm_0095178,Meta-Llama-3-8B-Instruct,0.0,1.0,sapbert_full_len3,5,5,0,4,False,1,-0.0,-0.0,C0020538,True,,,,,,,,
mm_0095178,Mistral-7B-Instruct-v0.1,0.0,0.9999998807907104,sapbert_full_len3,5,5,0,4,False,2,0.9709505944546686,0.4181656600790516,C0020538,False,,,,,,,,
mm_0095178,PubMedBERT,0.0,1.0,sapbert_full_len3,5,5,0,4,False,1,-0.0,-0.0,C1423931,True,5.0,1.0,"{""UMLS:C1423931"": 5}",-0.0,-0.0,0.0,UMLS:C1423931,0.0
mm_0095310,BERT-base,0.0,1.0,sapbert_full_len3,7,7,0,6,False,1,-0.0,-0.0,C1447749,True,7.0,1.0,"{""C1447749"": 7}",-0.0,-0.0,0.0,C1447749,0.0
mm_0095310,BioBERT,1.0,1.0,sapbert_full_len3,7,7,0,6,False,2,0.5916727785823275,0.21075809614719848,C4019080,False,7.0,2.0,"{""UMLS:C4019080"": 6, ""UMLS:C1257990"": 1}",0.5916727785823275,0.2107580961471984,0.8571428571428571,UMLS:C4019080,0.0
mm_0095310,BioMistral-7B,0.0,0.8423378467559814,sapbert_full_len3,7,7,0,6,False,2,0.863120568566631,0.30744974986419643,C0039829,False,,,,,,,,
mm_0095310,FLAN-T5-base,0.0,1.0,sapbert_full_len3,7,7,0,6,False,2,0.5916727785823275,0.21075809614719848,C0001962,False,,,,,,,,
mm_0095310,Llama3-OpenBioLLM-8B,0.0,0.8405947089195251,sapbert_full_len3,7,7,0,6,False,2,0.9852281360342515,0.35094534299644053,C2951740,False,,,,,,,,
mm_0095310,Meta-Llama-3-8B-Instruct,0.0,0.8598986268043518,sapbert_full_len3,7,7,0,6,False,2,0.9852281360342515,0.35094534299644053,C0006122,False,,,,,,,,
mm_0095310,Mistral-7B-Instruct-v0.1,0.0,0.9999998211860656,sapbert_full_len3,7,7,0,6,False,3,1.5566567074628228,0.5544923070581674,C0021467,False,,,,,,,,
mm_0095310,PubMedBERT,0.0,1.0,sapbert_full_len3,7,7,0,6,False,1,-0.0,-0.0,C1447749,True,7.0,1.0,"{""C1447749"": 7}",-0.0,-0.0,0.0,C1447749,0.0
mm_0095368,BERT-base,0.0,1.0,sapbert_full_len3,4,4,0,3,False,2,0.8112781244591328,0.4056390622295664,C0242193,False,4.0,2.0,"{""UMLS:C2350390"": 1, ""UMLS:C0242193"": 3}",0.8112781244591328,0.4056390622295664,0.0,UMLS:C0242193,0.0
mm_0095368,BioBERT,0.0,1.0,sapbert_full_len3,4,4,0,3,False,1,-0.0,-0.0,C0681906,True,4.0,1.0,"{""UMLS:C0681906"": 4}",-0.0,-0.0,0.0,UMLS:C0681906,0.0
mm_0095368,BioMistral-7B,1.0,1.0,sapbert_full_len3,4,4,0,3,False,1,-0.0,-0.0,C1457887,True,,,,,,,,
mm_0095368,FLAN-T5-base,0.0,0.9999998807907104,sapbert_full_len3,4,4,0,3,False,1,-0.0,-0.0,C0033975,True,,,,,,,,
mm_0095368,Llama3-OpenBioLLM-8B,1.0,1.0,sapbert_full_len3,4,4,0,3,False,3,1.5,0.75,C1707520,False,,,,,,,,
mm_0095368,Meta-Llama-3-8B-Instruct,0.0,0.9999998211860656,sapbert_full_len3,4,4,0,3,False,2,0.8112781244591328,0.4056390622295664,C1457887,False,,,,,,,,
mm_0095368,Mistral-7B-Instruct-v0.1,1.0,1.0,sapbert_full_len3,4,4,0,3,False,1,-0.0,-0.0,C1457887,True,,,,,,,,
mm_0095368,PubMedBERT,0.0,1.0,sapbert_full_len3,4,4,0,3,False,2,1.0,0.5,C0681906,False,4.0,2.0,"{""UMLS:C0681906"": 2, ""C1839576"": 2}",1.0,0.5,0.0,UMLS:C0681906,1.0
mm_0095757,BERT-base,0.0,1.0,sapbert_full_len3,7,7,0,6,False,1,-0.0,-0.0,C0282597,True,7.0,1.0,"{""C0282597"": 7}",-0.0,-0.0,0.0,C0282597,0.0
mm_0095757,BioBERT,0.0,1.0,sapbert_full_len3,7,7,0,6,False,2,0.5916727785823275,0.21075809614719848,C0282597,False,7.0,2.0,"{""C0282597"": 6, ""UMLS:C0024868"": 1}",0.5916727785823275,0.2107580961471984,0.1428571428571428,C0282597,0.0
mm_0095757,BioMistral-7B,0.0,0.9999998211860656,sapbert_full_len3,7,7,0,6,False,2,0.863120568566631,0.30744974986419643,C1614561,False,,,,,,,,
mm_0095757,FLAN-T5-base,0.0,0.9999998211860656,sapbert_full_len3,7,7,0,6,False,1,-0.0,-0.0,C1614561,True,,,,,,,,
mm_0095757,Llama3-OpenBioLLM-8B,0.0,0.8813163042068481,sapbert_full_len3,7,7,0,6,False,4,1.6644977792004614,0.5929060718765461,C3274766,False,,,,,,,,
mm_0095757,Meta-Llama-3-8B-Instruct,0.0,0.8245135545730591,sapbert_full_len3,7,7,0,6,False,1,-0.0,-0.0,C0034606,True,,,,,,,,
mm_0095757,Mistral-7B-Instruct-v0.1,0.0,0.785297155380249,sapbert_full_len3,7,7,0,6,False,4,1.6644977792004614,0.5929060718765461,C0008555,False,,,,,,,,
mm_0095757,PubMedBERT,0.0,1.0,sapbert_full_len3,7,7,0,6,False,2,0.9852281360342515,0.35094534299644053,C0024868,False,7.0,2.0,"{""C0282597"": 3, ""UMLS:C0024868"": 4}",0.9852281360342516,0.3509453429964405,0.5714285714285714,UMLS:C0024868,0.0
mm_0095883,BERT-base,0.0,1.0,sapbert_full_len3,9,9,0,8,False,5,2.058813890331201,0.6494834702380792,C4277543,False,9.0,5.0,"{""C4277543"": 4, ""C0386482"": 1, ""C0075128"": 1, ""C1447749"": 2, ""C1739108"": 1}",2.058813890331201,0.6494834702380792,0.0,C4277543,1.0
mm_0095883,BioBERT,0.0,1.0,sapbert_full_len3,9,9,0,8,False,3,1.224394445405986,0.3862534428571301,C1257990,False,9.0,3.0,"{""UMLS:C1257990"": 6, ""C0075128"": 1, ""C1447749"": 2}",1.224394445405986,0.3862534428571301,0.0,UMLS:C1257990,0.0
mm_0095883,BioMistral-7B,1.0,1.0,sapbert_full_len3,9,9,0,8,False,3,1.4355205042826666,0.4528562990069186,C0242821,False,,,,,,,,
mm_0095883,FLAN-T5-base,0.0,0.9999998211860656,sapbert_full_len3,9,9,0,8,False,4,1.836591668108979,0.579380164285695,C0003209,False,,,,,,,,
mm_0095883,Llama3-OpenBioLLM-8B,0.0,0.9999999403953552,sapbert_full_len3,9,9,0,8,False,6,2.503258334775646,0.7896900821428477,C0400966,False,,,,,,,,
mm_0095883,Meta-Llama-3-8B-Instruct,0.0,1.0,sapbert_full_len3,9,9,0,8,False,4,1.8910611120726526,0.5965633607142825,C0013216,False,,,,,,,,
mm_0095883,Mistral-7B-Instruct-v0.1,1.0,1.0,sapbert_full_len3,9,9,0,8,False,3,1.224394445405986,0.3862534428571301,C0242821,False,,,,,,,,
mm_0095883,PubMedBERT,0.0,1.0,sapbert_full_len3,9,9,0,8,False,1,-0.0,-0.0,C1447749,True,9.0,1.0,"{""C1447749"": 9}",-0.0,-0.0,0.0,C1447749,0.0
mm_0095979,BERT-base,0.0,1.0,sapbert_full_len3,5,5,0,4,False,1,-0.0,-0.0,C1447749,True,5.0,1.0,"{""C1447749"": 5}",-0.0,-0.0,0.0,C1447749,0.0
mm_0095979,BioBERT,0.0,1.0,sapbert_full_len3,5,5,0,4,False,1,-0.0,-0.0,C1447749,True,5.0,1.0,"{""C1447749"": 5}",-0.0,-0.0,0.0,C1447749,0.0
mm_0095979,BioMistral-7B,0.0,0.9999998807907104,sapbert_full_len3,5,5,0,4,False,2,0.9709505944546686,0.4181656600790516,C0524343,False,,,,,,,,
mm_0095979,FLAN-T5-base,0.0,0.9999998807907104,sapbert_full_len3,5,5,0,4,False,2,0.9709505944546686,0.4181656600790516,C0524343,False,,,,,,,,
mm_0095979,Llama3-OpenBioLLM-8B,1.0,1.0,sapbert_full_len3,5,5,0,4,False,2,0.7219280948873623,0.31091750708257115,C1858460,False,,,,,,,,
mm_0095979,Meta-Llama-3-8B-Instruct,0.0,0.9999998807907104,sapbert_full_len3,5,5,0,4,False,3,1.5219280948873621,0.6554587535412855,C0524343,False,,,,,,,,
mm_0095979,Mistral-7B-Instruct-v0.1,0.0,0.9999996423721312,sapbert_full_len3,5,5,0,4,False,2,0.9709505944546686,0.4181656600790516,C0524343,False,,,,,,,,
mm_0095979,PubMedBERT,0.0,1.0,sapbert_full_len3,5,5,0,4,False,1,-0.0,-0.0,C1839576,True,5.0,1.0,"{""C1839576"": 5}",-0.0,-0.0,0.0,C1839576,0.0
mm_0097032,BERT-base,0.0,1.0,sapbert_full_len3,5,5,0,4,False,1,-0.0,-0.0,C0358514,True,5.0,1.0,"{""UMLS:C0358514"": 5}",-0.0,-0.0,0.0,UMLS:C0358514,0.0
mm_0097032,BioBERT,0.0,1.0,sapbert_full_len3,5,5,0,4,False,2,0.7219280948873623,0.31091750708257115,C1707887,False,5.0,2.0,"{""UMLS:C1707887"": 4, ""UMLS:C1257990"": 1}",0.7219280948873623,0.3109175070825711,0.0,UMLS:C1707887,0.0
mm_0097032,BioMistral-7B,0.0,0.9261033535003662,sapbert_full_len3,5,5,0,4,False,1,-0.0,-0.0,C5690797,True,,,,,,,,
mm_0097032,FLAN-T5-base,0.0,0.9999997615814208,sapbert_full_len3,5,5,0,4,False,1,-0.0,-0.0,C0003062,True,,,,,,,,
mm_0097032,Llama3-OpenBioLLM-8B,0.0,0.7158523201942444,sapbert_full_len3,5,5,0,4,False,3,1.3709505944546687,0.5904362833084089,C2196816,False,,,,,,,,
mm_0097032,Meta-Llama-3-8B-Instruct,0.0,0.930326521396637,sapbert_full_len3,5,5,0,4,False,1,-0.0,-0.0,C0037812,True,,,,,,,,
mm_0097032,Mistral-7B-Instruct-v0.1,0.0,0.77175372838974,sapbert_full_len3,5,5,0,4,False,2,0.9709505944546686,0.4181656600790516,C0037812,False,,,,,,,,
mm_0097032,PubMedBERT,0.0,1.0,sapbert_full_len3,5,5,0,4,False,2,0.7219280948873623,0.31091750708257115,C1839576,False,5.0,2.0,"{""C1839576"": 4, ""C1447749"": 1}",0.7219280948873623,0.3109175070825711,0.0,C1839576,0.0
mm_0098594,BERT-base,0.0,1.0,sapbert_full_len3,9,9,0,8,False,1,-0.0,-0.0,C0358514,True,9.0,1.0,"{""UMLS:C0358514"": 9}",-0.0,-0.0,0.0,UMLS:C0358514,0.0
mm_0098594,BioBERT,0.0,1.0,sapbert_full_len3,9,9,0,8,False,1,-0.0,-0.0,C1707887,True,9.0,1.0,"{""UMLS:C1707887"": 9}",-0.0,-0.0,0.0,UMLS:C1707887,0.0
mm_0098594,BioMistral-7B,0.0,0.9193494319915771,sapbert_full_len3,9,9,0,8,False,1,-0.0,-0.0,C0268238,True,,,,,,,,
mm_0098594,FLAN-T5-base,0.0,0.919356107711792,sapbert_full_len3,9,9,0,8,False,1,-0.0,-0.0,C0268238,True,,,,,,,,
mm_0098594,Llama3-OpenBioLLM-8B,0.0,0.9999996423721312,sapbert_full_len3,9,9,0,8,False,1,-0.0,-0.0,C0237881,True,,,,,,,,
mm_0098594,Meta-Llama-3-8B-Instruct,0.0,0.9999998807907104,sapbert_full_len3,9,9,0,8,False,1,-0.0,-0.0,C2024467,True,,,,,,,,
mm_0098594,Mistral-7B-Instruct-v0.1,0.0,0.9999998807907104,sapbert_full_len3,9,9,0,8,False,2,0.7642045065086203,0.24107968048484052,C2024467,False,,,,,,,,
mm_0098594,PubMedBERT,0.0,1.0,sapbert_full_len3,9,9,0,8,False,2,0.9182958340544896,0.2896900821428475,C0018966,False,9.0,2.0,"{""C0015131"": 3, ""C0018966"": 6}",0.9182958340544896,0.2896900821428475,0.0,C0018966,0.0
mm_0098597,BERT-base,0.0,1.0,sapbert_full_len3,8,8,0,7,False,1,-0.0,-0.0,C0358514,True,8.0,1.0,"{""UMLS:C0358514"": 8}",-0.0,-0.0,0.0,UMLS:C0358514,0.0
mm_0098597,BioBERT,0.0,1.0,sapbert_full_len3,8,8,0,7,False,1,-0.0,-0.0,C1707887,True,8.0,1.0,"{""UMLS:C1707887"": 8}",-0.0,-0.0,0.0,UMLS:C1707887,0.0
mm_0098597,BioMistral-7B,1.0,1.0,sapbert_full_len3,8,8,0,7,False,1,-0.0,-0.0,C0679646,True,,,,,,,,
mm_0098597,FLAN-T5-base,1.0,1.0,sapbert_full_len3,8,8,0,7,False,1,-0.0,-0.0,C0679646,True,,,,,,,,
mm_0098597,Llama3-OpenBioLLM-8B,0.0,0.9999996423721312,sapbert_full_len3,8,8,0,7,False,1,-0.0,-0.0,C0237881,True,,,,,,,,
mm_0098597,Meta-Llama-3-8B-Instruct,0.0,1.0,sapbert_full_len3,8,8,0,7,False,1,-0.0,-0.0,C2024467,True,,,,,,,,
mm_0098597,Mistral-7B-Instruct-v0.1,0.0,1.0,sapbert_full_len3,8,8,0,7,False,2,0.8112781244591328,0.2704260414863776,C2024467,False,,,,,,,,
mm_0098597,PubMedBERT,0.0,1.0,sapbert_full_len3,8,8,0,7,False,2,0.954434002924965,0.318144667641655,C0018966,False,8.0,2.0,"{""C0015131"": 3, ""C0018966"": 5}",0.954434002924965,0.318144667641655,0.0,C0018966,0.0
mm_0098599,BERT-base,0.0,1.0,sapbert_full_len3,8,8,0,7,False,1,-0.0,-0.0,C0358514,True,8.0,1.0,"{""UMLS:C0358514"": 8}",-0.0,-0.0,0.0,UMLS:C0358514,0.0
mm_0098599,BioBERT,0.0,1.0,sapbert_full_len3,8,8,0,7,False,1,-0.0,-0.0,C1707887,True,8.0,1.0,"{""UMLS:C1707887"": 8}",-0.0,-0.0,0.0,UMLS:C1707887,0.0
mm_0098599,BioMistral-7B,1.0,1.0,sapbert_full_len3,8,8,0,7,False,1,-0.0,-0.0,C1854293,True,,,,,,,,
mm_0098599,FLAN-T5-base,1.0,1.0,sapbert_full_len3,8,8,0,7,False,1,-0.0,-0.0,C1854293,True,,,,,,,,
mm_0098599,Llama3-OpenBioLLM-8B,0.0,0.9999999403953552,sapbert_full_len3,8,8,0,7,False,1,-0.0,-0.0,C0237881,True,,,,,,,,
mm_0098599,Meta-Llama-3-8B-Instruct,0.0,1.0,sapbert_full_len3,8,8,0,7,False,1,-0.0,-0.0,C2024467,True,,,,,,,,
mm_0098599,Mistral-7B-Instruct-v0.1,0.0,0.9999998807907104,sapbert_full_len3,8,8,0,7,False,2,0.5435644431995964,0.1811881477331988,C2024467,False,,,,,,,,
mm_0098599,PubMedBERT,0.0,1.0,sapbert_full_len3,8,8,0,7,False,2,0.8112781244591328,0.2704260414863776,C0018966,False,8.0,2.0,"{""C0015131"": 2, ""C0018966"": 6}",0.8112781244591328,0.2704260414863776,0.0,C0018966,0.0
mm_0098903,BERT-base,0.0,1.0,sapbert_full_len3,5,5,0,4,False,1,-0.0,-0.0,C0597336,True,5.0,1.0,"{""C0597336"": 5}",-0.0,-0.0,0.0,C0597336,0.0
mm_0098903,BioBERT,0.0,1.0,sapbert_full_len3,5,5,0,4,False,1,-0.0,-0.0,C1707887,True,5.0,1.0,"{""UMLS:C1707887"": 5}",-0.0,-0.0,0.0,UMLS:C1707887,0.0
mm_0098903,BioMistral-7B,1.0,1.0,sapbert_full_len3,5,5,0,4,False,1,-0.0,-0.0,C0087111,True,,,,,,,,
mm_0098903,FLAN-T5-base,1.0,1.0,sapbert_full_len3,5,5,0,4,False,1,-0.0,-0.0,C0087111,True,,,,,,,,
mm_0098903,Llama3-OpenBioLLM-8B,0.0,1.0,sapbert_full_len3,5,5,0,4,False,3,1.3709505944546687,0.5904362833084089,C0087111,False,,,,,,,,
mm_0098903,Meta-Llama-3-8B-Instruct,1.0,1.0,sapbert_full_len3,5,5,0,4,False,1,-0.0,-0.0,C0087111,True,,,,,,,,
mm_0098903,Mistral-7B-Instruct-v0.1,1.0,1.0,sapbert_full_len3,5,5,0,4,False,1,-0.0,-0.0,C0087111,True,,,,,,,,
mm_0098903,PubMedBERT,0.0,1.0,sapbert_full_len3,5,5,0,4,False,1,-0.0,-0.0,C1839576,True,5.0,1.0,"{""C1839576"": 5}",-0.0,-0.0,0.0,C1839576,0.0
mm_0099490,BERT-base,1.0,1.0,sapbert_full_len3,5,5,0,4,False,1,-0.0,-0.0,C0282597,True,5.0,1.0,"{""C0282597"": 5}",-0.0,-0.0,0.0,C0282597,0.0
mm_0099490,BioBERT,0.0,1.0,sapbert_full_len3,5,5,0,4,False,2,0.7219280948873623,0.31091750708257115,C1257990,False,5.0,2.0,"{""UMLS:C1707887"": 1, ""UMLS:C1257990"": 4}",0.7219280948873623,0.3109175070825711,0.0,UMLS:C1257990,0.0
mm_0099490,BioMistral-7B,1.0,1.0,sapbert_full_len3,5,5,0,4,False,1,-0.0,-0.0,C0282597,True,,,,,,,,
mm_0099490,FLAN-T5-base,1.0,0.9370684623718262,sapbert_full_len3,5,5,0,4,False,2,0.9709505944546686,0.4181656600790516,C0282597,False,,,,,,,,
mm_0099490,Llama3-OpenBioLLM-8B,0.0,0.9999998211860656,sapbert_full_len3,5,5,0,4,False,3,1.5219280948873621,0.6554587535412855,C5924027,False,,,,,,,,
mm_0099490,Meta-Llama-3-8B-Instruct,0.0,1.0,sapbert_full_len3,5,5,0,4,False,2,0.7219280948873623,0.31091750708257115,C0282597,False,,,,,,,,
mm_0099490,Mistral-7B-Instruct-v0.1,1.0,0.9370684623718262,sapbert_full_len3,5,5,0,4,False,1,-0.0,-0.0,C0282597,True,,,,,,,,
mm_0099490,PubMedBERT,0.0,1.0,sapbert_full_len3,5,5,0,4,False,1,-0.0,-0.0,C1447749,True,5.0,1.0,"{""C1447749"": 5}",-0.0,-0.0,0.0,C1447749,0.0
mm_0100360,BERT-base,0.0,1.0,sapbert_full_len3,7,7,0,6,False,3,1.5566567074628228,0.5544923070581674,C0040048,False,7.0,3.0,"{""C0040048"": 3, ""C1447749"": 2, ""C0280321"": 2}",1.5566567074628228,0.5544923070581674,0.0,C0040048,1.0
mm_0100360,BioBERT,0.0,1.0,sapbert_full_len3,7,7,0,6,False,1,-0.0,-0.0,C1447749,True,7.0,1.0,"{""C1447749"": 7}",-0.0,-0.0,0.0,C1447749,0.0
mm_0100360,BioMistral-7B,1.0,0.9999998807907104,sapbert_full_len3,7,7,0,6,False,1,-0.0,-0.0,C0018338,True,,,,,,,,
mm_0100360,FLAN-T5-base,1.0,1.0,sapbert_full_len3,7,7,0,6,False,1,-0.0,-0.0,C0018338,True,,,,,,,,
mm_0100360,Llama3-OpenBioLLM-8B,1.0,0.9999998807907104,sapbert_full_len3,7,7,0,6,False,2,0.863120568566631,0.30744974986419643,C0018338,False,,,,,,,,
mm_0100360,Meta-Llama-3-8B-Instruct,1.0,0.9999998807907104,sapbert_full_len3,7,7,0,6,False,1,-0.0,-0.0,C0018338,True,,,,,,,,
mm_0100360,Mistral-7B-Instruct-v0.1,1.0,0.9999998807907104,sapbert_full_len3,7,7,0,6,False,1,-0.0,-0.0,C0018338,True,,,,,,,,
mm_0100360,PubMedBERT,0.0,1.0,sapbert_full_len3,7,7,0,6,False,1,-0.0,-0.0,C1447749,True,7.0,1.0,"{""C1447749"": 7}",-0.0,-0.0,0.0,C1447749,0.0
mm_0101352,BERT-base,0.0,1.0,sapbert_full_len3,7,7,0,6,False,3,1.3787834934861753,0.49113258984568253,C0242193,False,7.0,3.0,"{""UMLS:C0242193"": 4, ""C0525041"": 1, ""UMLS:C1707887"": 2}",1.3787834934861751,0.4911325898456825,0.0,UMLS:C0242193,0.0
mm_0101352,BioBERT,0.0,1.0,sapbert_full_len3,7,7,0,6,False,2,0.863120568566631,0.30744974986419643,C1707887,False,7.0,2.0,"{""UMLS:C1257990"": 2, ""UMLS:C1707887"": 5}",0.863120568566631,0.3074497498641964,0.0,UMLS:C1707887,0.0
mm_0101352,BioMistral-7B,0.0,0.9999998211860656,sapbert_full_len3,7,7,0,6,False,2,0.863120568566631,0.30744974986419643,C1881197,False,,,,,,,,
mm_0101352,FLAN-T5-base,0.0,0.999999463558197,sapbert_full_len3,7,7,0,6,False,4,1.664497779200461,0.592906071876546,C2926606,False,,,,,,,,
mm_0101352,Llama3-OpenBioLLM-8B,0.0,1.0,sapbert_full_len3,7,7,0,6,False,2,0.863120568566631,0.30744974986419643,C2926606,False,,,,,,,,
mm_0101352,Meta-Llama-3-8B-Instruct,0.0,1.0,sapbert_full_len3,7,7,0,6,False,2,0.5916727785823275,0.21075809614719848,C1610129,False,,,,,,,,
mm_0101352,Mistral-7B-Instruct-v0.1,0.0,1.0,sapbert_full_len3,7,7,0,6,False,2,0.5916727785823275,0.21075809614719848,C2926606,False,,,,,,,,
mm_0101352,PubMedBERT,0.0,1.0,sapbert_full_len3,7,7,0,6,False,1,-0.0,-0.0,C1839576,True,7.0,1.0,"{""C1839576"": 7}",-0.0,-0.0,0.0,C1839576,0.0
mm_0101708,BERT-base,0.0,1.0,sapbert_full_len3,5,5,0,4,False,2,0.9709505944546686,0.4181656600790516,C0242193,False,5.0,2.0,"{""UMLS:C1283169"": 2, ""UMLS:C0242193"": 3}",0.9709505944546686,0.4181656600790516,0.0,UMLS:C0242193,0.0
mm_0101708,BioBERT,0.0,1.0,sapbert_full_len3,5,5,0,4,False,1,-0.0,-0.0,C3808257,True,5.0,1.0,"{""UMLS:C3808257"": 5}",-0.0,-0.0,0.0,UMLS:C3808257,0.0
mm_0101708,BioMistral-7B,1.0,1.0,sapbert_full_len3,5,5,0,4,False,1,-0.0,-0.0,C0041296,True,,,,,,,,
mm_0101708,FLAN-T5-base,1.0,0.9052218198776244,sapbert_full_len3,5,5,0,4,False,1,-0.0,-0.0,C0041296,True,,,,,,,,
mm_0101708,Llama3-OpenBioLLM-8B,0.0,0.955321967601776,sapbert_full_len3,5,5,0,4,False,1,-0.0,-0.0,C0749724,True,,,,,,,,
mm_0101708,Meta-Llama-3-8B-Instruct,0.0,0.955321967601776,sapbert_full_len3,5,5,0,4,False,2,0.9709505944546686,0.4181656600790516,C0749724,False,,,,,,,,
mm_0101708,Mistral-7B-Instruct-v0.1,1.0,0.9999998211860656,sapbert_full_len3,5,5,0,4,False,1,-0.0,-0.0,C0041296,True,,,,,,,,
mm_0101708,PubMedBERT,0.0,1.0,sapbert_full_len3,5,5,0,4,False,1,-0.0,-0.0,C1839576,True,5.0,1.0,"{""C1839576"": 5}",-0.0,-0.0,0.0,C1839576,0.0
mm_0101737,BERT-base,0.0,1.0,sapbert_full_len3,5,5,0,4,False,1,-0.0,-0.0,C1447749,True,5.0,1.0,"{""C1447749"": 5}",-0.0,-0.0,0.0,C1447749,0.0
mm_0101737,BioBERT,0.0,1.0,sapbert_full_len3,5,5,0,4,False,1,-0.0,-0.0,C1447749,True,5.0,1.0,"{""C1447749"": 5}",-0.0,-0.0,0.0,C1447749,0.0
mm_0101737,BioMistral-7B,0.0,1.0,sapbert_full_len3,5,5,0,4,False,2,0.9709505944546686,0.4181656600790516,C0175925,False,,,,,,,,
mm_0101737,FLAN-T5-base,0.0,1.0,sapbert_full_len3,5,5,0,4,False,1,-0.0,-0.0,C0200069,True,,,,,,,,
mm_0101737,Llama3-OpenBioLLM-8B,0.0,1.0,sapbert_full_len3,5,5,0,4,False,1,-0.0,-0.0,C0175925,True,,,,,,,,
mm_0101737,Meta-Llama-3-8B-Instruct,0.0,1.0,sapbert_full_len3,5,5,0,4,False,2,0.9709505944546686,0.4181656600790516,C0200069,False,,,,,,,,
mm_0101737,Mistral-7B-Instruct-v0.1,0.0,1.0,sapbert_full_len3,5,5,0,4,False,1,-0.0,-0.0,C0175925,True,,,,,,,,
mm_0101737,PubMedBERT,0.0,1.0,sapbert_full_len3,5,5,0,4,False,1,-0.0,-0.0,C1447749,True,5.0,1.0,"{""C1447749"": 5}",-0.0,-0.0,0.0,C1447749,0.0
mm_0102157,BERT-base,0.0,1.0,sapbert_full_len3,7,7,0,6,False,1,-0.0,-0.0,C0752046,True,7.0,1.0,"{""UMLS:C0752046"": 7}",-0.0,-0.0,0.0,UMLS:C0752046,0.0
mm_0102157,BioBERT,0.0,1.0,sapbert_full_len3,7,7,0,6,False,3,1.3787834934861753,0.49113258984568253,C1566790,False,7.0,3.0,"{""C0059563"": 1, ""C1566790"": 4, ""UMLS:C1707887"": 2}",1.3787834934861751,0.4911325898456825,0.0,C1566790,0.0
mm_0102157,BioMistral-7B,0.0,1.0,sapbert_full_len3,7,5,2,6,False,2,0.7219280948873623,0.25715597597408063,C0012854,False,,,,,,,,
mm_0102157,FLAN-T5-base,1.0,1.0,sapbert_full_len3,7,7,0,6,False,1,-0.0,-0.0,C0012854,True,,,,,,,,
mm_0102157,Llama3-OpenBioLLM-8B,0.0,0.6567648649215698,sapbert_full_len3,7,6,1,6,False,2,0.9182958340544896,0.3271035759815648,C0012854,False,,,,,,,,
mm_0102157,Meta-Llama-3-8B-Instruct,1.0,1.0,sapbert_full_len3,7,7,0,6,False,2,0.863120568566631,0.30744974986419643,C0012854,False,,,,,,,,
mm_0102157,Mistral-7B-Instruct-v0.1,1.0,0.9999998211860656,sapbert_full_len3,7,7,0,6,False,1,-0.0,-0.0,C0012854,True,,,,,,,,
mm_0102157,PubMedBERT,0.0,1.0,sapbert_full_len3,7,7,0,6,False,4,1.8423709931771084,0.6562657890890309,C0317526,False,7.0,4.0,"{""C0317526"": 3, ""UMLS:C1502411"": 1, ""UMLS:C0752046"": 1, ""C1839576"": 2}",1.8423709931771084,0.6562657890890309,0.0,C0317526,1.0
mm_0102242,BERT-base,0.0,1.0,sapbert_full_len3,7,7,0,6,False,1,-0.0,-0.0,C1447749,True,7.0,1.0,"{""C1447749"": 7}",-0.0,-0.0,0.0,C1447749,0.0
mm_0102242,BioBERT,0.0,1.0,sapbert_full_len3,7,7,0,6,False,1,-0.0,-0.0,C1447749,True,7.0,1.0,"{""C1447749"": 7}",-0.0,-0.0,0.0,C1447749,0.0
mm_0102242,BioMistral-7B,0.0,1.0,sapbert_full_len3,7,7,0,6,False,2,0.5916727785823275,0.21075809614719848,C0040160,False,,,,,,,,
mm_0102242,FLAN-T5-base,0.0,1.0000001192092896,sapbert_full_len3,7,7,0,6,False,2,0.5916727785823275,0.21075809614719848,C0175702,False,,,,,,,,
mm_0102242,Llama3-OpenBioLLM-8B,0.0,0.9999985694885254,sapbert_full_len3,7,7,0,6,False,3,1.5566567074628228,0.5544923070581674,C0175702,False,,,,,,,,
mm_0102242,Meta-Llama-3-8B-Instruct,0.0,0.9999999403953552,sapbert_full_len3,7,7,0,6,False,1,-0.0,-0.0,C0040130,True,,,,,,,,
mm_0102242,Mistral-7B-Instruct-v0.1,0.0,0.9999998211860656,sapbert_full_len3,7,7,0,6,False,2,0.863120568566631,0.30744974986419643,C2825032,False,,,,,,,,
mm_0102242,PubMedBERT,0.0,1.0,sapbert_full_len3,7,7,0,6,False,1,-0.0,-0.0,C1447749,True,7.0,1.0,"{""C1447749"": 7}",-0.0,-0.0,0.0,C1447749,0.0
mm_0102605,BERT-base,0.0,1.0,sapbert_full_len3,6,6,0,5,False,2,0.9182958340544896,0.355245321275764,C1739108,False,6.0,2.0,"{""C1447749"": 2, ""C1739108"": 4}",0.9182958340544896,0.355245321275764,0.0,C1739108,0.0
mm_0102605,BioBERT,0.0,1.0,sapbert_full_len3,6,6,0,5,False,1,-0.0,-0.0,C1257990,True,6.0,1.0,"{""UMLS:C1257990"": 6}",-0.0,-0.0,0.0,UMLS:C1257990,0.0
mm_0102605,BioMistral-7B,0.0,0.9999998807907104,sapbert_full_len3,6,6,0,5,False,2,0.9182958340544896,0.355245321275764,C0920563,False,,,,,,,,
mm_0102605,FLAN-T5-base,0.0,0.9999997615814208,sapbert_full_len3,6,6,0,5,False,3,1.584962500721156,0.6131471927654584,C1522704,False,,,,,,,,
mm_0102605,Llama3-OpenBioLLM-8B,0.0,0.9999997615814208,sapbert_full_len3,6,6,0,5,False,1,-0.0,-0.0,C1522704,True,,,,,,,,
mm_0102605,Meta-Llama-3-8B-Instruct,0.0,0.9999998807907104,sapbert_full_len3,6,6,0,5,False,3,1.4591479170272446,0.5644754678724235,C0920563,False,,,,,,,,
mm_0102605,Mistral-7B-Instruct-v0.1,0.0,1.0,sapbert_full_len3,6,6,0,5,False,2,0.6500224216483541,0.25146299858006066,C1522704,False,,,,,,,,
mm_0102605,PubMedBERT,0.0,1.0,sapbert_full_len3,6,6,0,5,False,1,-0.0,-0.0,C1839576,True,6.0,1.0,"{""C1839576"": 6}",-0.0,-0.0,0.0,C1839576,0.0
mm_0102700,BERT-base,0.0,1.0,sapbert_full_len3,5,5,0,4,False,2,0.9709505944546686,0.4181656600790516,C0040048,False,5.0,2.0,"{""C0040048"": 3, ""UMLS:C1257990"": 2}",0.9709505944546686,0.4181656600790516,0.0,C0040048,0.0
mm_0102700,BioBERT,0.0,1.0,sapbert_full_len3,5,5,0,4,False,1,-0.0,-0.0,C1257990,True,5.0,1.0,"{""UMLS:C1257990"": 5}",-0.0,-0.0,0.0,UMLS:C1257990,0.0
mm_0102700,BioMistral-7B,0.0,0.9999998807907104,sapbert_full_len3,5,5,0,4,False,1,-0.0,-0.0,C1417834,True,,,,,,,,
mm_0102700,FLAN-T5-base,1.0,1.0,sapbert_full_len3,5,5,0,4,False,1,-0.0,-0.0,C0007776,True,,,,,,,,
mm_0102700,Llama3-OpenBioLLM-8B,0.0,1.0,sapbert_full_len3,5,5,0,4,False,2,0.9709505944546686,0.4181656600790516,C0038250,False,,,,,,,,
mm_0102700,Meta-Llama-3-8B-Instruct,0.0,0.9999999403953552,sapbert_full_len3,5,5,0,4,False,1,-0.0,-0.0,C0814002,True,,,,,,,,
mm_0102700,Mistral-7B-Instruct-v0.1,0.0,0.9999998807907104,sapbert_full_len3,5,5,0,4,False,1,-0.0,-0.0,C1518294,True,,,,,,,,
mm_0102700,PubMedBERT,0.0,1.0,sapbert_full_len3,5,5,0,4,False,2,0.9709505944546686,0.4181656600790516,C1839576,False,5.0,2.0,"{""C1839576"": 3, ""UMLS:C1257990"": 2}",0.9709505944546686,0.4181656600790516,0.0,C1839576,0.0
mm_0103065,BERT-base,0.0,1.0,sapbert_full_len3,5,5,0,4,False,1,-0.0,-0.0,C1257990,True,5.0,1.0,"{""UMLS:C1257990"": 5}",-0.0,-0.0,0.0,UMLS:C1257990,0.0
mm_0103065,BioBERT,0.0,1.0,sapbert_full_len3,5,5,0,4,False,1,-0.0,-0.0,C1257990,True,5.0,1.0,"{""UMLS:C1257990"": 5}",-0.0,-0.0,0.0,UMLS:C1257990,0.0
mm_0103065,BioMistral-7B,0.0,1.0,sapbert_full_len3,5,5,0,4,False,1,-0.0,-0.0,C0994894,True,,,,,,,,
mm_0103065,FLAN-T5-base,0.0,1.0,sapbert_full_len3,5,5,0,4,False,1,-0.0,-0.0,C0994894,True,,,,,,,,
mm_0103065,Llama3-OpenBioLLM-8B,0.0,0.9999997615814208,sapbert_full_len3,5,5,0,4,False,2,0.9709505944546686,0.4181656600790516,C1820201,False,,,,,,,,
mm_0103065,Meta-Llama-3-8B-Instruct,0.0,0.9999998807907104,sapbert_full_len3,5,5,0,4,False,1,-0.0,-0.0,C0225828,True,,,,,,,,
mm_0103065,Mistral-7B-Instruct-v0.1,0.0,1.0,sapbert_full_len3,5,5,0,4,False,2,0.7219280948873623,0.31091750708257115,C0225828,False,,,,,,,,
mm_0103065,PubMedBERT,0.0,1.0,sapbert_full_len3,5,5,0,4,False,1,-0.0,-0.0,C1257990,True,5.0,1.0,"{""UMLS:C1257990"": 5}",-0.0,-0.0,0.0,UMLS:C1257990,0.0
mm_0103736,BERT-base,0.0,1.0,sapbert_full_len3,9,9,0,8,False,5,2.197159723424149,0.693126721428565,C0082529,False,9.0,5.0,"{""C4318429"": 1, ""C3888046"": 1, ""C0082529"": 3, ""C0061355"": 2, ""C0059563"": 2}",2.197159723424149,0.693126721428565,0.0,C0082529,1.0
mm_0103736,BioBERT,0.0,1.0,sapbert_full_len3,9,9,0,8,False,5,2.0588138903312014,0.6494834702380793,C1707887,False,9.0,5.0,"{""C1312419"": 1, ""UMLS:C1257990"": 1, ""C0013728"": 1, ""UMLS:C1707887"": 4, ""C0008396"": 2}",2.058813890331201,0.6494834702380793,0.0,UMLS:C1707887,1.0
mm_0103736,BioMistral-7B,0.0,1.000000238418579,sapbert_full_len3,9,9,0,8,False,1,-0.0,-0.0,C0041249,True,,,,,,,,
mm_0103736,FLAN-T5-base,0.0,1.000000238418579,sapbert_full_len3,9,9,0,8,False,3,0.9864267287308424,0.31118298643722464,C0041249,False,,,,,,,,
mm_0103736,Llama3-OpenBioLLM-8B,0.0,0.9999998211860656,sapbert_full_len3,9,9,0,8,False,3,1.4355205042826666,0.4528562990069186,C0242506,False,,,,,,,,
mm_0103736,Meta-Llama-3-8B-Instruct,0.0,1.000000238418579,sapbert_full_len3,9,9,0,8,False,2,0.7642045065086203,0.24107968048484052,C0041249,False,,,,,,,,
mm_0103736,Mistral-7B-Instruct-v0.1,0.0,0.9999998211860656,sapbert_full_len3,9,9,0,8,False,2,0.5032583347756457,0.1587603285713901,C0041249,False,,,,,,,,
mm_0103736,PubMedBERT,0.0,1.0,sapbert_full_len3,9,9,0,8,False,2,0.7642045065086203,0.24107968048484052,C1257990,False,9.0,2.0,"{""UMLS:C1257990"": 7, ""C1839576"": 2}",0.7642045065086203,0.2410796804848405,0.0,UMLS:C1257990,0.0
mm_0104451,BERT-base,0.0,1.0,sapbert_full_len3,7,7,0,6,False,1,-0.0,-0.0,C1447749,True,7.0,1.0,"{""C1447749"": 7}",-0.0,-0.0,0.0,C1447749,0.0
mm_0104451,BioBERT,0.0,1.0,sapbert_full_len3,7,7,0,6,False,2,0.863120568566631,0.30744974986419643,C1839576,False,7.0,2.0,"{""C1839576"": 5, ""C1447749"": 2}",0.863120568566631,0.3074497498641964,0.0,C1839576,0.0
mm_0104451,BioMistral-7B,1.0,1.0,sapbert_full_len3,7,7,0,6,False,2,0.5916727785823275,0.21075809614719848,C0333641,False,,,,,,,,
mm_0104451,FLAN-T5-base,1.0,1.0000001192092896,sapbert_full_len3,7,7,0,6,False,1,-0.0,-0.0,C0333641,True,,,,,,,,
mm_0104451,Llama3-OpenBioLLM-8B,1.0,1.0,sapbert_full_len3,7,7,0,6,False,1,-0.0,-0.0,C0333641,True,,,,,,,,
mm_0104451,Meta-Llama-3-8B-Instruct,1.0,1.0,sapbert_full_len3,7,7,0,6,False,1,-0.0,-0.0,C0333641,True,,,,,,,,
mm_0104451,Mistral-7B-Instruct-v0.1,0.0,0.9999997615814208,sapbert_full_len3,7,7,0,6,False,3,1.5566567074628228,0.5544923070581674,C0333641,False,,,,,,,,
mm_0104451,PubMedBERT,0.0,1.0,sapbert_full_len3,7,7,0,6,False,1,-0.0,-0.0,C1839576,True,7.0,1.0,"{""C1839576"": 7}",-0.0,-0.0,0.0,C1839576,0.0
mm_0104646,BERT-base,0.0,1.0,sapbert_full_len3,5,5,0,4,False,1,-0.0,-0.0,C1447749,True,5.0,1.0,"{""C1447749"": 5}",-0.0,-0.0,0.0,C1447749,0.0
mm_0104646,BioBERT,0.0,1.0,sapbert_full_len3,5,5,0,4,False,2,0.7219280948873623,0.31091750708257115,C1447749,False,5.0,2.0,"{""C1447749"": 4, ""UMLS:C1257990"": 1}",0.7219280948873623,0.3109175070825711,0.0,C1447749,0.0
mm_0104646,BioMistral-7B,0.0,1.0,sapbert_full_len3,5,5,0,4,False,2,0.9709505944546686,0.4181656600790516,C0002395,False,,,,,,,,
mm_0104646,FLAN-T5-base,0.0,1.0,sapbert_full_len3,5,5,0,4,False,2,0.9709505944546686,0.4181656600790516,C0233794,False,,,,,,,,
mm_0104646,Llama3-OpenBioLLM-8B,0.0,0.9999999403953552,sapbert_full_len3,5,5,0,4,False,3,1.5219280948873621,0.6554587535412855,C0002395,False,,,,,,,,
mm_0104646,Meta-Llama-3-8B-Instruct,1.0,1.0,sapbert_full_len3,5,5,0,4,False,1,-0.0,-0.0,C0233794,True,,,,,,,,
mm_0104646,Mistral-7B-Instruct-v0.1,0.0,0.9999999403953552,sapbert_full_len3,5,5,0,4,False,2,0.7219280948873623,0.31091750708257115,C0002395,False,,,,,,,,
mm_0104646,PubMedBERT,0.0,1.0,sapbert_full_len3,5,5,0,4,False,1,-0.0,-0.0,C1839576,True,5.0,1.0,"{""C1839576"": 5}",-0.0,-0.0,0.0,C1839576,0.0
mm_0105117,BERT-base,0.0,1.0,sapbert_full_len3,8,8,0,7,False,3,1.5,0.5,C0075128,False,8.0,3.0,"{""C0075128"": 4, ""UMLS:C1257990"": 2, ""C1312419"": 2}",1.5,0.5,0.0,C0075128,1.0
mm_0105117,BioBERT,0.0,1.0,sapbert_full_len3,8,8,0,7,False,1,-0.0,-0.0,C1707887,True,8.0,1.0,"{""UMLS:C1707887"": 8}",-0.0,-0.0,0.0,UMLS:C1707887,0.0
mm_0105117,BioMistral-7B,0.0,0.9999996423721312,sapbert_full_len3,8,8,0,7,False,3,1.5,0.5,C0031326,False,,,,,,,,
mm_0105117,FLAN-T5-base,0.0,0.9999998807907104,sapbert_full_len3,8,8,0,7,False,2,0.8112781244591328,0.2704260414863776,C0031326,False,,,,,,,,
mm_0105117,Llama3-OpenBioLLM-8B,0.0,0.9999998211860656,sapbert_full_len3,8,8,0,7,False,2,0.954434002924965,0.318144667641655,C0282515,False,,,,,,,,
mm_0105117,Meta-Llama-3-8B-Instruct,0.0,0.9999996423721312,sapbert_full_len3,8,8,0,7,False,3,1.5,0.5,C0031326,False,,,,,,,,
mm_0105117,Mistral-7B-Instruct-v0.1,0.0,0.9999996423721312,sapbert_full_len3,8,8,0,7,False,3,1.5,0.5,C0031326,False,,,,,,,,
mm_0105117,PubMedBERT,0.0,1.0,sapbert_full_len3,8,8,0,7,False,1,-0.0,-0.0,C1447749,True,8.0,1.0,"{""C1447749"": 8}",-0.0,-0.0,0.0,C1447749,0.0
mm_0106448,BERT-base,0.0,1.0,sapbert_full_len3,5,5,0,4,False,1,-0.0,-0.0,C1839576,True,5.0,1.0,"{""C1839576"": 5}",-0.0,-0.0,0.0,C1839576,0.0
mm_0106448,BioBERT,0.0,1.0,sapbert_full_len3,5,5,0,4,False,1,-0.0,-0.0,C1839576,True,5.0,1.0,"{""C1839576"": 5}",-0.0,-0.0,0.0,C1839576,0.0
mm_0106448,BioMistral-7B,0.0,1.0,sapbert_full_len3,5,5,0,4,False,1,-0.0,-0.0,C0205695,True,,,,,,,,
mm_0106448,FLAN-T5-base,0.0,1.0,sapbert_full_len3,5,5,0,4,False,3,1.3709505944546687,0.5904362833084089,C5890125,False,,,,,,,,
mm_0106448,Llama3-OpenBioLLM-8B,0.0,1.0,sapbert_full_len3,5,5,0,4,False,2,0.9709505944546686,0.4181656600790516,C0029134,False,,,,,,,,
mm_0106448,Meta-Llama-3-8B-Instruct,0.0,1.0,sapbert_full_len3,5,5,0,4,False,1,-0.0,-0.0,C3665347,True,,,,,,,,
mm_0106448,Mistral-7B-Instruct-v0.1,0.0,0.999999701976776,sapbert_full_len3,5,5,0,4,False,2,0.7219280948873623,0.31091750708257115,C3665347,False,,,,,,,,
mm_0106448,PubMedBERT,0.0,1.0,sapbert_full_len3,5,5,0,4,False,1,-0.0,-0.0,C1839576,True,5.0,1.0,"{""C1839576"": 5}",-0.0,-0.0,0.0,C1839576,0.0
mm_0108328,BERT-base,0.0,1.0,sapbert_full_len3,5,5,0,4,False,1,-0.0,-0.0,C1257990,True,5.0,1.0,"{""UMLS:C1257990"": 5}",-0.0,-0.0,0.0,UMLS:C1257990,0.0
mm_0108328,BioBERT,0.0,1.0,sapbert_full_len3,5,5,0,4,False,1,-0.0,-0.0,C1312419,True,5.0,1.0,"{""C1312419"": 5}",-0.0,-0.0,0.0,C1312419,0.0
mm_0108328,BioMistral-7B,0.0,0.9999998807907104,sapbert_full_len3,5,5,0,4,False,2,0.9709505944546686,0.4181656600790516,C2713509,False,,,,,,,,
mm_0108328,FLAN-T5-base,0.0,1.0,sapbert_full_len3,5,5,0,4,False,1,-0.0,-0.0,C0004057,True,,,,,,,,
mm_0108328,Llama3-OpenBioLLM-8B,0.0,0.9999998211860656,sapbert_full_len3,5,5,0,4,False,3,1.5219280948873621,0.6554587535412855,C1451005,False,,,,,,,,
mm_0108328,Meta-Llama-3-8B-Instruct,0.0,1.0,sapbert_full_len3,5,5,0,4,False,2,0.9709505944546686,0.4181656600790516,C0006142,False,,,,,,,,
mm_0108328,Mistral-7B-Instruct-v0.1,0.0,0.9999998807907104,sapbert_full_len3,5,5,0,4,False,2,0.9709505944546686,0.4181656600790516,C2713509,False,,,,,,,,
mm_0108328,PubMedBERT,0.0,1.0,sapbert_full_len3,5,5,0,4,False,2,0.9709505944546686,0.4181656600790516,C1447749,False,5.0,2.0,"{""C1447749"": 3, ""C1839576"": 2}",0.9709505944546686,0.4181656600790516,0.0,C1447749,0.0
mm_0108371,BERT-base,0.0,1.0,sapbert_full_len3,6,6,0,5,False,1,-0.0,-0.0,C1257990,True,6.0,1.0,"{""UMLS:C1257990"": 6}",-0.0,-0.0,0.0,UMLS:C1257990,0.0
mm_0108371,BioBERT,0.0,1.0,sapbert_full_len3,6,6,0,5,False,2,0.6500224216483541,0.25146299858006066,C1312419,False,6.0,2.0,"{""C1312419"": 5, ""UMLS:C1707887"": 1}",0.6500224216483541,0.2514629985800606,0.0,C1312419,0.0
mm_0108371,BioMistral-7B,0.0,1.0,sapbert_full_len3,6,6,0,5,False,2,0.9182958340544896,0.355245321275764,C2713509,False,,,,,,,,
mm_0108371,FLAN-T5-base,0.0,1.0,sapbert_full_len3,6,6,0,5,False,2,0.9182958340544896,0.355245321275764,C0004057,False,,,,,,,,
mm_0108371,Llama3-OpenBioLLM-8B,0.0,0.9999997615814208,sapbert_full_len3,6,6,0,5,False,3,1.4591479170272446,0.5644754678724235,C0009429,False,,,,,,,,
mm_0108371,Meta-Llama-3-8B-Instruct,0.0,1.0,sapbert_full_len3,6,6,0,5,False,2,1.0,0.38685280723454163,C0009429,False,,,,,,,,
mm_0108371,Mistral-7B-Instruct-v0.1,0.0,1.0,sapbert_full_len3,6,6,0,5,False,2,0.9182958340544896,0.355245321275764,C0006142,False,,,,,,,,
mm_0108371,PubMedBERT,0.0,1.0,sapbert_full_len3,6,6,0,5,False,1,-0.0,-0.0,C1447749,True,6.0,1.0,"{""C1447749"": 6}",-0.0,-0.0,0.0,C1447749,0.0
mm_0108777,BERT-base,0.0,1.0,sapbert_full_len3,7,7,0,6,False,1,-0.0,-0.0,C1257990,True,7.0,1.0,"{""UMLS:C1257990"": 7}",-0.0,-0.0,0.0,UMLS:C1257990,0.0
mm_0108777,BioBERT,0.0,1.0,sapbert_full_len3,7,7,0,6,False,2,0.5916727785823275,0.21075809614719848,C1839576,False,7.0,2.0,"{""C1839576"": 6, ""UMLS:C0232772"": 1}",0.5916727785823275,0.2107580961471984,0.0,C1839576,0.0
mm_0108777,BioMistral-7B,0.0,0.9999998211860656,sapbert_full_len3,7,7,0,6,False,1,-0.0,-0.0,C0149958,True,,,,,,,,
mm_0108777,FLAN-T5-base,0.0,1.0,sapbert_full_len3,7,7,0,6,False,1,-0.0,-0.0,C0149958,True,,,,,,,,
mm_0108777,Llama3-OpenBioLLM-8B,0.0,0.9999998211860656,sapbert_full_len3,7,7,0,6,False,5,2.235926350629032,0.7964530359382728,C0026046,False,,,,,,,,
mm_0108777,Meta-Llama-3-8B-Instruct,0.0,0.842930257320404,sapbert_full_len3,7,7,0,6,False,2,0.5916727785823275,0.21075809614719848,C0022663,False,,,,,,,,
mm_0108777,Mistral-7B-Instruct-v0.1,0.0,0.9999997615814208,sapbert_full_len3,7,7,0,6,False,1,-0.0,-0.0,C0022663,True,,,,,,,,
mm_0108777,PubMedBERT,0.0,1.0,sapbert_full_len3,7,7,0,6,False,1,-0.0,-0.0,C1839576,True,7.0,1.0,"{""C1839576"": 7}",-0.0,-0.0,0.0,C1839576,0.0
mm_0108849,BERT-base,0.0,1.0,sapbert_full_len3,7,7,0,6,False,1,-0.0,-0.0,C0169661,True,7.0,1.0,"{""C0169661"": 7}",-0.0,-0.0,0.0,C0169661,0.0
mm_0108849,BioBERT,0.0,1.0,sapbert_full_len3,7,7,0,6,False,1,-0.0,-0.0,C1312419,True,7.0,1.0,"{""C1312419"": 7}",-0.0,-0.0,0.0,C1312419,0.0
mm_0108849,BioMistral-7B,0.0,0.9999998807907104,sapbert_full_len3,7,7,0,6,False,1,-0.0,-0.0,C1538113,True,,,,,,,,
mm_0108849,FLAN-T5-base,0.0,1.0,sapbert_full_len3,7,7,0,6,False,3,1.5566567074628228,0.5544923070581674,C0033640,False,,,,,,,,
mm_0108849,Llama3-OpenBioLLM-8B,0.0,0.9999998807907104,sapbert_full_len3,7,7,0,6,False,2,0.863120568566631,0.30744974986419643,C0033634,False,,,,,,,,
mm_0108849,Meta-Llama-3-8B-Instruct,0.0,0.9999999403953552,sapbert_full_len3,7,7,0,6,False,1,-0.0,-0.0,C0033634,True,,,,,,,,
mm_0108849,Mistral-7B-Instruct-v0.1,0.0,0.9999998807907104,sapbert_full_len3,7,7,0,6,False,2,0.5916727785823275,0.21075809614719848,C0033634,False,,,,,,,,
mm_0108849,PubMedBERT,0.0,1.0,sapbert_full_len3,7,7,0,6,False,1,-0.0,-0.0,C1447749,True,7.0,1.0,"{""C1447749"": 7}",-0.0,-0.0,0.0,C1447749,0.0
mm_0110256,BERT-base,0.0,1.0,sapbert_full_len3,7,7,0,6,False,1,-0.0,-0.0,C2936621,True,7.0,1.0,"{""C2936621"": 7}",-0.0,-0.0,0.0,C2936621,0.0
mm_0110256,BioBERT,0.0,1.0,sapbert_full_len3,7,7,0,6,False,2,0.9852281360342515,0.35094534299644053,C2936621,False,7.0,2.0,"{""C2936621"": 4, ""UMLS:C3808257"": 3}",0.9852281360342516,0.3509453429964405,0.0,C2936621,0.0
mm_0110256,BioMistral-7B,0.0,1.0,sapbert_full_len3,7,7,0,6,False,1,-0.0,-0.0,C0019163,True,,,,,,,,
mm_0110256,FLAN-T5-base,1.0,1.0,sapbert_full_len3,7,7,0,6,False,2,0.863120568566631,0.30744974986419643,C0150312,False,,,,,,,,
mm_0110256,Llama3-OpenBioLLM-8B,0.0,1.0,sapbert_full_len3,7,7,0,6,False,2,0.5916727785823275,0.21075809614719848,C2936622,False,,,,,,,,
mm_0110256,Meta-Llama-3-8B-Instruct,1.0,1.0,sapbert_full_len3,7,7,0,6,False,2,0.9852281360342515,0.35094534299644053,C0019163,False,,,,,,,,
mm_0110256,Mistral-7B-Instruct-v0.1,0.0,0.9999998807907104,sapbert_full_len3,7,7,0,6,False,1,-0.0,-0.0,C0019163,True,,,,,,,,
mm_0110256,PubMedBERT,0.0,1.0,sapbert_full_len3,7,7,0,6,False,1,-0.0,-0.0,C1839576,True,7.0,1.0,"{""C1839576"": 7}",-0.0,-0.0,0.0,C1839576,0.0
mm_0110712,BERT-base,0.0,1.0,sapbert_full_len3,5,5,0,4,False,3,1.3709505944546687,0.5904362833084089,C3888046,False,5.0,3.0,"{""C3888046"": 3, ""C0069676"": 1, ""UMLS:C1257990"": 1}",1.3709505944546687,0.5904362833084089,0.0,C3888046,1.0
mm_0110712,BioBERT,0.0,1.0,sapbert_full_len3,5,5,0,4,False,2,0.7219280948873623,0.31091750708257115,C1257990,False,5.0,2.0,"{""C1312419"": 1, ""UMLS:C1257990"": 4}",0.7219280948873623,0.3109175070825711,0.0,UMLS:C1257990,0.0
mm_0110712,BioMistral-7B,1.0,1.0,sapbert_full_len3,5,5,0,4,False,1,-0.0,-0.0,C0005528,True,,,,,,,,
mm_0110712,FLAN-T5-base,1.0,1.0,sapbert_full_len3,5,5,0,4,False,2,0.9709505944546686,0.4181656600790516,C0005528,False,,,,,,,,
mm_0110712,Llama3-OpenBioLLM-8B,1.0,1.0,sapbert_full_len3,5,5,0,4,False,1,-0.0,-0.0,C0005528,True,,,,,,,,
mm_0110712,Meta-Llama-3-8B-Instruct,1.0,1.0,sapbert_full_len3,5,5,0,4,False,2,0.7219280948873623,0.31091750708257115,C0005528,False,,,,,,,,
mm_0110712,Mistral-7B-Instruct-v0.1,1.0,1.0,sapbert_full_len3,5,5,0,4,False,1,-0.0,-0.0,C0005528,True,,,,,,,,
mm_0110712,PubMedBERT,0.0,1.0,sapbert_full_len3,5,5,0,4,False,3,1.3709505944546687,0.5904362833084089,C1839576,False,5.0,3.0,"{""C1839576"": 3, ""C1447749"": 1, ""UMLS:C1257990"": 1}",1.3709505944546687,0.5904362833084089,0.0,C1839576,1.0
mm_0111188,BERT-base,0.0,1.0,sapbert_full_len3,5,5,0,4,False,1,-0.0,-0.0,C1447749,True,5.0,1.0,"{""C1447749"": 5}",-0.0,-0.0,0.0,C1447749,0.0
mm_0111188,BioBERT,0.0,1.0,sapbert_full_len3,5,5,0,4,False,1,-0.0,-0.0,C1257990,True,5.0,1.0,"{""UMLS:C1257990"": 5}",-0.0,-0.0,0.0,UMLS:C1257990,0.0
mm_0111188,BioMistral-7B,0.0,0.9999997615814208,sapbert_full_len3,5,5,0,4,False,2,0.9709505944546686,0.4181656600790516,C0074191,False,,,,,,,,
mm_0111188,FLAN-T5-base,0.0,0.9999998807907104,sapbert_full_len3,5,5,0,4,False,2,0.9709505944546686,0.4181656600790516,C0206116,False,,,,,,,,
mm_0111188,Llama3-OpenBioLLM-8B,0.0,0.9999997615814208,sapbert_full_len3,5,5,0,4,False,2,0.9709505944546686,0.4181656600790516,C1155266,False,,,,,,,,
mm_0111188,Meta-Llama-3-8B-Instruct,0.0,1.0,sapbert_full_len3,5,5,0,4,False,2,0.7219280948873623,0.31091750708257115,C0021368,False,,,,,,,,
mm_0111188,Mistral-7B-Instruct-v0.1,0.0,1.0,sapbert_full_len3,5,5,0,4,False,1,-0.0,-0.0,C0175697,True,,,,,,,,
mm_0111188,PubMedBERT,0.0,1.0,sapbert_full_len3,5,5,0,4,False,2,0.7219280948873623,0.31091750708257115,C1839576,False,5.0,2.0,"{""C1839576"": 4, ""C1447749"": 1}",0.7219280948873623,0.3109175070825711,0.0,C1839576,0.0
mm_0111723,BERT-base,0.0,1.0,sapbert_full_len3,5,5,0,4,False,1,-0.0,-0.0,C1257990,True,5.0,1.0,"{""UMLS:C1257990"": 5}",-0.0,-0.0,0.0,UMLS:C1257990,0.0
mm_0111723,BioBERT,0.0,1.0,sapbert_full_len3,5,5,0,4,False,2,0.9709505944546686,0.4181656600790516,C2919551,False,5.0,2.0,"{""UMLS:C2919551"": 3, ""C1312419"": 2}",0.9709505944546686,0.4181656600790516,0.0,UMLS:C2919551,0.0
mm_0111723,BioMistral-7B,0.0,1.0,sapbert_full_len3,5,5,0,4,False,2,0.7219280948873623,0.31091750708257115,C1418975,False,,,,,,,,
mm_0111723,FLAN-T5-base,0.0,1.0,sapbert_full_len3,5,5,0,4,False,1,-0.0,-0.0,C0011065,True,,,,,,,,
mm_0111723,Llama3-OpenBioLLM-8B,0.0,0.9999999403953552,sapbert_full_len3,5,5,0,4,False,2,0.7219280948873623,0.31091750708257115,C0038954,False,,,,,,,,
mm_0111723,Meta-Llama-3-8B-Instruct,0.0,0.9999999403953552,sapbert_full_len3,5,5,0,4,False,2,0.7219280948873623,0.31091750708257115,C0038954,False,,,,,,,,
mm_0111723,Mistral-7B-Instruct-v0.1,0.0,0.9999997615814208,sapbert_full_len3,5,5,0,4,False,2,0.9709505944546686,0.4181656600790516,C0026565,False,,,,,,,,
mm_0111723,PubMedBERT,0.0,1.0,sapbert_full_len3,5,5,0,4,False,1,-0.0,-0.0,C1839576,True,5.0,1.0,"{""C1839576"": 5}",-0.0,-0.0,0.0,C1839576,0.0
mm_0111876,BERT-base,0.0,1.0,sapbert_full_len3,5,5,0,4,False,1,-0.0,-0.0,C0059563,True,5.0,1.0,"{""C0059563"": 5}",-0.0,-0.0,0.0,C0059563,0.0
mm_0111876,BioBERT,0.0,1.0,sapbert_full_len3,5,5,0,4,False,2,0.9709505944546686,0.4181656600790516,C0265267,False,5.0,2.0,"{""C0265267"": 3, ""C1447749"": 2}",0.9709505944546686,0.4181656600790516,0.0,C0265267,0.0
mm_0111876,BioMistral-7B,0.0,0.9999997615814208,sapbert_full_len3,5,5,0,4,False,2,0.9709505944546686,0.4181656600790516,C0950511,False,,,,,,,,
mm_0111876,FLAN-T5-base,1.0,1.0,sapbert_full_len3,5,5,0,4,False,2,0.9709505944546686,0.4181656600790516,C1535926,False,,,,,,,,
mm_0111876,Llama3-OpenBioLLM-8B,1.0,1.0,sapbert_full_len3,5,5,0,4,False,2,0.9709505944546686,0.4181656600790516,C1535926,False,,,,,,,,
mm_0111876,Meta-Llama-3-8B-Instruct,0.0,0.9999999403953552,sapbert_full_len3,5,5,0,4,False,1,-0.0,-0.0,C0025519,True,,,,,,,,
mm_0111876,Mistral-7B-Instruct-v0.1,0.0,0.9999998807907104,sapbert_full_len3,5,5,0,4,False,1,-0.0,-0.0,C0032447,True,,,,,,,,
mm_0111876,PubMedBERT,0.0,1.0,sapbert_full_len3,5,5,0,4,False,1,-0.0,-0.0,C0015131,True,5.0,1.0,"{""C0015131"": 5}",-0.0,-0.0,0.0,C0015131,0.0
mm_0112227,BERT-base,0.0,1.0,sapbert_full_len3,7,7,0,6,False,4,1.8423709931771084,0.6562657890890309,C2936621,False,7.0,4.0,"{""C2936621"": 3, ""C0872187"": 1, ""C0386482"": 1, ""UMLS:C0358514"": 2}",1.8423709931771084,0.6562657890890309,0.0,C2936621,1.0
mm_0112227,BioBERT,0.0,1.0,sapbert_full_len3,7,7,0,6,False,1,-0.0,-0.0,C1707887,True,7.0,1.0,"{""UMLS:C1707887"": 7}",-0.0,-0.0,0.0,UMLS:C1707887,0.0
mm_0112227,BioMistral-7B,1.0,0.8370307087898254,sapbert_full_len3,7,3,4,6,False,1,-0.0,-0.0,C0030106,True,,,,,,,,
mm_0112227,FLAN-T5-base,1.0,0.8370438814163208,sapbert_full_len3,7,7,0,6,False,2,0.863120568566631,0.30744974986419643,C0030106,False,,,,,,,,
mm_0112227,Llama3-OpenBioLLM-8B,0.0,0.9999997615814208,sapbert_full_len3,7,2,5,6,False,1,-0.0,-0.0,C0005517,True,,,,,,,,
mm_0112227,Meta-Llama-3-8B-Instruct,0.0,0.7653355598449707,sapbert_full_len3,7,4,3,6,False,3,1.5,0.5343107806620333,C0523807,False,,,,,,,,
mm_0112227,Mistral-7B-Instruct-v0.1,0.0,0.9999997615814208,sapbert_full_len3,7,7,0,6,False,1,-0.0,-0.0,C0005517,True,,,,,,,,
mm_0112227,PubMedBERT,0.0,1.0,sapbert_full_len3,7,7,0,6,False,2,0.5916727785823275,0.21075809614719848,C1447749,False,7.0,2.0,"{""C1839576"": 1, ""C1447749"": 6}",0.5916727785823275,0.2107580961471984,0.0,C1447749,0.0
mm_0112233,BERT-base,0.0,1.0,sapbert_full_len3,7,7,0,6,False,1,-0.0,-0.0,C1257990,True,7.0,1.0,"{""UMLS:C1257990"": 7}",-0.0,-0.0,0.0,UMLS:C1257990,0.0
mm_0112233,BioBERT,0.0,1.0,sapbert_full_len3,7,7,0,6,False,1,-0.0,-0.0,C1707887,True,7.0,1.0,"{""UMLS:C1707887"": 7}",-0.0,-0.0,0.0,UMLS:C1707887,0.0
mm_0112233,BioMistral-7B,0.0,1.0,sapbert_full_len3,7,7,0,6,False,2,0.863120568566631,0.30744974986419643,C0030106,False,,,,,,,,
mm_0112233,FLAN-T5-base,0.0,1.0,sapbert_full_len3,7,7,0,6,False,1,-0.0,-0.0,C0008972,True,,,,,,,,
mm_0112233,Llama3-OpenBioLLM-8B,0.0,0.9999997615814208,sapbert_full_len3,7,7,0,6,False,2,0.863120568566631,0.30744974986419643,C0005517,False,,,,,,,,
mm_0112233,Meta-Llama-3-8B-Instruct,0.0,0.9999999403953552,sapbert_full_len3,7,7,0,6,False,1,-0.0,-0.0,C0005517,True,,,,,,,,
mm_0112233,Mistral-7B-Instruct-v0.1,0.0,1.0,sapbert_full_len3,7,7,0,6,False,1,-0.0,-0.0,C0008972,True,,,,,,,,
mm_0112233,PubMedBERT,0.0,1.0,sapbert_full_len3,7,7,0,6,False,2,0.5916727785823275,0.21075809614719848,C1447749,False,7.0,2.0,"{""C1839576"": 1, ""C1447749"": 6}",0.5916727785823275,0.2107580961471984,0.0,C1447749,0.0
mm_0112509,BERT-base,0.0,1.0,sapbert_full_len3,9,9,0,8,False,2,0.9910760598382222,0.3126496871021503,C2350390,False,9.0,2.0,"{""C1258127"": 4, ""UMLS:C2350390"": 5}",0.9910760598382222,0.3126496871021503,0.0,UMLS:C2350390,0.0
mm_0112509,BioBERT,0.0,1.0,sapbert_full_len3,9,9,0,8,False,2,0.5032583347756457,0.1587603285713901,C1707887,False,9.0,2.0,"{""C0008396"": 1, ""UMLS:C1707887"": 8}",0.5032583347756457,0.1587603285713901,0.0,UMLS:C1707887,0.0
mm_0112509,BioMistral-7B,0.0,1.0,sapbert_full_len3,9,9,0,8,False,1,-0.0,-0.0,C0054312,True,,,,,,,,
mm_0112509,FLAN-T5-base,0.0,1.0,sapbert_full_len3,9,9,0,8,False,2,0.5032583347756457,0.1587603285713901,C0054312,False,,,,,,,,
mm_0112509,Llama3-OpenBioLLM-8B,0.0,0.9999998211860656,sapbert_full_len3,9,6,3,8,False,4,1.9182958340544896,0.6051549589285763,C0011906,False,,,,,,,,
mm_0112509,Meta-Llama-3-8B-Instruct,1.0,1.0000001192092896,sapbert_full_len3,9,9,0,8,False,1,-0.0,-0.0,C1158849,True,,,,,,,,
mm_0112509,Mistral-7B-Instruct-v0.1,1.0,0.9506438374519348,sapbert_full_len3,9,9,0,8,False,1,-0.0,-0.0,C1158849,True,,,,,,,,
mm_0112509,PubMedBERT,0.0,1.0,sapbert_full_len3,9,9,0,8,False,1,-0.0,-0.0,C1447749,True,9.0,1.0,"{""C1447749"": 9}",-0.0,-0.0,0.0,C1447749,0.0
mm_0112789,BERT-base,0.0,1.0,sapbert_full_len3,7,7,0,6,False,2,0.863120568566631,0.30744974986419643,C1447749,False,7.0,2.0,"{""C1447749"": 5, ""C0265267"": 2}",0.863120568566631,0.3074497498641964,0.0,C1447749,0.0
mm_0112789,BioBERT,0.0,1.0,sapbert_full_len3,7,7,0,6,False,2,0.863120568566631,0.30744974986419643,C0032914,False,7.0,2.0,"{""C0032914"": 5, ""C1861172"": 2}",0.863120568566631,0.3074497498641964,0.0,C0032914,0.0
mm_0112789,BioMistral-7B,0.0,1.0000001192092896,sapbert_full_len3,7,7,0,6,False,2,0.9852281360342515,0.35094534299644053,C0006114,False,,,,,,,,
mm_0112789,FLAN-T5-base,0.0,1.0000001192092896,sapbert_full_len3,7,7,0,6,False,3,1.5566567074628228,0.5544923070581674,C5393845,False,,,,,,,,
mm_0112789,Llama3-OpenBioLLM-8B,0.0,1.0,sapbert_full_len3,7,7,0,6,False,3,1.5566567074628228,0.5544923070581674,C0265110,False,,,,,,,,
mm_0112789,Meta-Llama-3-8B-Instruct,0.0,1.0000001192092896,sapbert_full_len3,7,7,0,6,False,2,0.863120568566631,0.30744974986419643,C0006114,False,,,,,,,,
mm_0112789,Mistral-7B-Instruct-v0.1,0.0,0.9999998807907104,sapbert_full_len3,7,7,0,6,False,2,0.5916727785823275,0.21075809614719848,C0006114,False,,,,,,,,
mm_0112789,PubMedBERT,0.0,1.0,sapbert_full_len3,7,7,0,6,False,2,0.863120568566631,0.30744974986419643,C1447749,False,7.0,2.0,"{""C1447749"": 5, ""C1839576"": 2}",0.863120568566631,0.3074497498641964,0.0,C1447749,0.0
mm_0112894,BERT-base,0.0,1.0,sapbert_full_len3,6,6,0,5,False,2,0.9182958340544896,0.355245321275764,C1283169,False,6.0,2.0,"{""UMLS:C0242193"": 2, ""UMLS:C1283169"": 4}",0.9182958340544896,0.355245321275764,0.0,UMLS:C1283169,0.0
mm_0112894,BioBERT,0.0,1.0,sapbert_full_len3,6,6,0,5,False,1,-0.0,-0.0,C1707887,True,6.0,1.0,"{""UMLS:C1707887"": 6}",-0.0,-0.0,0.0,UMLS:C1707887,0.0
mm_0112894,BioMistral-7B,1.0,1.0,sapbert_full_len3,6,6,0,5,False,2,1.0,0.38685280723454163,C0678695,False,,,,,,,,
mm_0112894,FLAN-T5-base,1.0,1.0,sapbert_full_len3,6,6,0,5,False,1,-0.0,-0.0,C0678695,True,,,,,,,,
mm_0112894,Llama3-OpenBioLLM-8B,1.0,1.0,sapbert_full_len3,6,6,0,5,False,2,0.6500224216483541,0.25146299858006066,C0233929,False,,,,,,,,
mm_0112894,Meta-Llama-3-8B-Instruct,1.0,1.0,sapbert_full_len3,6,6,0,5,False,2,0.6500224216483541,0.25146299858006066,C0678695,False,,,,,,,,
mm_0112894,Mistral-7B-Instruct-v0.1,1.0,1.0,sapbert_full_len3,6,6,0,5,False,1,-0.0,-0.0,C0678695,True,,,,,,,,
mm_0112894,PubMedBERT,0.0,1.0,sapbert_full_len3,6,6,0,5,False,2,0.9182958340544896,0.355245321275764,C1447749,False,6.0,2.0,"{""C1447749"": 4, ""C1839576"": 2}",0.9182958340544896,0.355245321275764,0.0,C1447749,0.0
mm_0113609,BERT-base,0.0,1.0,sapbert_full_len3,6,6,0,5,False,2,0.9182958340544896,0.355245321275764,C1739108,False,6.0,2.0,"{""C1739108"": 4, ""C0019682"": 2}",0.9182958340544896,0.355245321275764,0.0,C1739108,0.0
mm_0113609,BioBERT,0.0,1.0,sapbert_full_len3,6,6,0,5,False,3,1.584962500721156,0.6131471927654584,C5392105,False,6.0,3.0,"{""C5392105"": 2, ""C1839576"": 2, ""C1447749"": 2}",1.584962500721156,0.6131471927654584,0.0,C5392105,1.0
mm_0113609,BioMistral-7B,0.0,0.9999998807907104,sapbert_full_len3,6,6,0,5,False,2,0.9182958340544896,0.355245321275764,C3263723,False,,,,,,,,
mm_0113609,FLAN-T5-base,0.0,1.0000001192092896,sapbert_full_len3,6,6,0,5,False,1,-0.0,-0.0,C3263723,True,,,,,,,,
mm_0113609,Llama3-OpenBioLLM-8B,1.0,1.0,sapbert_full_len3,6,6,0,5,False,1,-0.0,-0.0,C0027361,True,,,,,,,,
mm_0113609,Meta-Llama-3-8B-Instruct,0.0,1.0000001192092896,sapbert_full_len3,6,6,0,5,False,2,1.0,0.38685280723454163,C3263723,False,,,,,,,,
mm_0113609,Mistral-7B-Instruct-v0.1,0.0,0.9999998807907104,sapbert_full_len3,6,6,0,5,False,3,1.4591479170272446,0.5644754678724235,C3263723,False,,,,,,,,
mm_0113609,PubMedBERT,0.0,1.0,sapbert_full_len3,6,6,0,5,False,1,-0.0,-0.0,C1839576,True,6.0,1.0,"{""C1839576"": 6}",-0.0,-0.0,0.0,C1839576,0.0
mm_0114471,BERT-base,0.0,1.0,sapbert_full_len3,4,4,0,3,False,1,-0.0,-0.0,C0035321,True,4.0,1.0,"{""C0035321"": 4}",-0.0,-0.0,0.0,C0035321,0.0
mm_0114471,BioBERT,0.0,1.0,sapbert_full_len3,4,4,0,3,False,1,-0.0,-0.0,C1839576,True,4.0,1.0,"{""C1839576"": 4}",-0.0,-0.0,0.0,C1839576,0.0
mm_0114471,BioMistral-7B,0.0,0.9646814465522766,sapbert_full_len3,4,4,0,3,False,1,-0.0,-0.0,C0024760,True,,,,,,,,
mm_0114471,FLAN-T5-base,0.0,0.9646814465522766,sapbert_full_len3,4,4,0,3,False,1,-0.0,-0.0,C0024760,True,,,,,,,,
mm_0114471,Llama3-OpenBioLLM-8B,0.0,0.9999997615814208,sapbert_full_len3,4,4,0,3,False,1,-0.0,-0.0,C0009928,True,,,,,,,,
mm_0114471,Meta-Llama-3-8B-Instruct,0.0,0.9999998807907104,sapbert_full_len3,4,4,0,3,False,1,-0.0,-0.0,C0042789,True,,,,,,,,
mm_0114471,Mistral-7B-Instruct-v0.1,0.0,0.9999997615814208,sapbert_full_len3,4,4,0,3,False,2,1.0,0.5,C0042789,False,,,,,,,,
mm_0114471,PubMedBERT,0.0,1.0,sapbert_full_len3,4,4,0,3,False,1,-0.0,-0.0,C1839576,True,4.0,1.0,"{""C1839576"": 4}",-0.0,-0.0,0.0,C1839576,0.0
mm_0115142,BERT-base,0.0,1.0,sapbert_full_len3,5,5,0,4,False,1,-0.0,-0.0,C1257990,True,5.0,1.0,"{""UMLS:C1257990"": 5}",-0.0,-0.0,0.0,UMLS:C1257990,0.0
mm_0115142,BioBERT,0.0,1.0,sapbert_full_len3,5,5,0,4,False,1,-0.0,-0.0,C0265267,True,5.0,1.0,"{""C0265267"": 5}",-0.0,-0.0,0.0,C0265267,0.0
mm_0115142,BioMistral-7B,0.0,1.0,sapbert_full_len3,5,5,0,4,False,1,-0.0,-0.0,C0008972,True,,,,,,,,
mm_0115142,FLAN-T5-base,0.0,1.0,sapbert_full_len3,5,5,0,4,False,2,0.9709505944546686,0.4181656600790516,C0004096,False,,,,,,,,
mm_0115142,Llama3-OpenBioLLM-8B,0.0,0.9999998211860656,sapbert_full_len3,5,5,0,4,False,1,-0.0,-0.0,C0376452,True,,,,,,,,
mm_0115142,Meta-Llama-3-8B-Instruct,0.0,1.0,sapbert_full_len3,5,5,0,4,False,1,-0.0,-0.0,C0376452,True,,,,,,,,
mm_0115142,Mistral-7B-Instruct-v0.1,0.0,0.9999998211860656,sapbert_full_len3,5,5,0,4,False,1,-0.0,-0.0,C1159269,True,,,,,,,,
mm_0115142,PubMedBERT,0.0,1.0,sapbert_full_len3,5,5,0,4,False,1,-0.0,-0.0,C1839576,True,5.0,1.0,"{""C1839576"": 5}",-0.0,-0.0,0.0,C1839576,0.0
mm_0116349,BERT-base,0.0,1.0,sapbert_full_len3,5,5,0,4,False,2,0.9709505944546686,0.4181656600790516,C1283169,False,5.0,2.0,"{""UMLS:C1283169"": 3, ""C1431519"": 2}",0.9709505944546686,0.4181656600790516,0.0,UMLS:C1283169,0.0
mm_0116349,BioBERT,0.0,1.0,sapbert_full_len3,5,5,0,4,False,1,-0.0,-0.0,C1707887,True,5.0,1.0,"{""UMLS:C1707887"": 5}",-0.0,-0.0,0.0,UMLS:C1707887,0.0
mm_0116349,BioMistral-7B,0.0,0.9999998807907104,sapbert_full_len3,5,5,0,4,False,2,0.7219280948873623,0.31091750708257115,C1000792,False,,,,,,,,
mm_0116349,FLAN-T5-base,0.0,1.0,sapbert_full_len3,5,5,0,4,False,1,-0.0,-0.0,C1000792,True,,,,,,,,
mm_0116349,Llama3-OpenBioLLM-8B,0.0,0.9999999403953552,sapbert_full_len3,5,5,0,4,False,2,0.7219280948873623,0.31091750708257115,C4018878,False,,,,,,,,
mm_0116349,Meta-Llama-3-8B-Instruct,0.0,0.9999999403953552,sapbert_full_len3,5,5,0,4,False,3,1.3709505944546687,0.5904362833084089,C1000792,False,,,,,,,,
mm_0116349,Mistral-7B-Instruct-v0.1,0.0,1.0,sapbert_full_len3,5,5,0,4,False,1,-0.0,-0.0,C1000792,True,,,,,,,,
mm_0116349,PubMedBERT,0.0,1.0,sapbert_full_len3,5,5,0,4,False,2,0.9709505944546686,0.4181656600790516,C1839576,False,5.0,2.0,"{""C1839576"": 3, ""C1447749"": 2}",0.9709505944546686,0.4181656600790516,0.0,C1839576,0.0
mm_0116426,BERT-base,0.0,1.0,sapbert_full_len3,6,6,0,5,False,1,-0.0,-0.0,C1257990,True,6.0,1.0,"{""UMLS:C1257990"": 6}",-0.0,-0.0,0.0,UMLS:C1257990,0.0
mm_0116426,BioBERT,0.0,1.0,sapbert_full_len3,6,6,0,5,False,1,-0.0,-0.0,C0919821,True,6.0,1.0,"{""UMLS:C0919821"": 6}",-0.0,-0.0,0.0,UMLS:C0919821,0.0
mm_0116426,BioMistral-7B,1.0,1.0,sapbert_full_len3,6,6,0,5,False,2,0.9182958340544896,0.355245321275764,C0013516,False,,,,,,,,
mm_0116426,FLAN-T5-base,1.0,1.0,sapbert_full_len3,6,6,0,5,False,1,-0.0,-0.0,C0013516,True,,,,,,,,
mm_0116426,Llama3-OpenBioLLM-8B,0.0,0.9999998807907104,sapbert_full_len3,6,6,0,5,False,3,1.2516291673878228,0.4841962570206112,C0013516,False,,,,,,,,
mm_0116426,Meta-Llama-3-8B-Instruct,1.0,1.0,sapbert_full_len3,6,6,0,5,False,1,-0.0,-0.0,C0013516,True,,,,,,,,
mm_0116426,Mistral-7B-Instruct-v0.1,0.0,0.9999999403953552,sapbert_full_len3,6,6,0,5,False,1,-0.0,-0.0,C0018801,True,,,,,,,,
mm_0116426,PubMedBERT,0.0,1.0,sapbert_full_len3,6,6,0,5,False,1,-0.0,-0.0,C1839576,True,6.0,1.0,"{""C1839576"": 6}",-0.0,-0.0,0.0,C1839576,0.0
mm_0116620,BERT-base,0.0,1.0,sapbert_full_len3,5,5,0,4,False,1,-0.0,-0.0,C0358514,True,5.0,1.0,"{""UMLS:C0358514"": 5}",-0.0,-0.0,0.0,UMLS:C0358514,0.0
mm_0116620,BioBERT,0.0,1.0,sapbert_full_len3,5,5,0,4,False,1,-0.0,-0.0,C1707887,True,5.0,1.0,"{""UMLS:C1707887"": 5}",-0.0,-0.0,0.0,UMLS:C1707887,0.0
mm_0116620,BioMistral-7B,0.0,1.0000001192092896,sapbert_full_len3,5,5,0,4,False,1,-0.0,-0.0,C3540513,True,,,,,,,,
mm_0116620,FLAN-T5-base,0.0,1.0000001192092896,sapbert_full_len3,5,5,0,4,False,1,-0.0,-0.0,C3540513,True,,,,,,,,
mm_0116620,Llama3-OpenBioLLM-8B,0.0,0.9999998807907104,sapbert_full_len3,5,5,0,4,False,3,1.5219280948873621,0.6554587535412855,C0015333,False,,,,,,,,
mm_0116620,Meta-Llama-3-8B-Instruct,0.0,1.0,sapbert_full_len3,5,5,0,4,False,1,-0.0,-0.0,C0806487,True,,,,,,,,
mm_0116620,Mistral-7B-Instruct-v0.1,0.0,0.999999701976776,sapbert_full_len3,5,5,0,4,False,3,1.5219280948873621,0.6554587535412855,C0806487,False,,,,,,,,
mm_0116620,PubMedBERT,0.0,1.0,sapbert_full_len3,5,5,0,4,False,1,-0.0,-0.0,C1839576,True,5.0,1.0,"{""C1839576"": 5}",-0.0,-0.0,0.0,C1839576,0.0
mm_0117264,BERT-base,0.0,1.0,sapbert_full_len3,7,7,0,6,False,2,0.9852281360342515,0.35094534299644053,C1257990,False,7.0,2.0,"{""UMLS:C1257990"": 4, ""UMLS:C0752046"": 3}",0.9852281360342516,0.3509453429964405,0.4285714285714285,UMLS:C1257990,0.0
mm_0117264,BioBERT,1.0,1.0,sapbert_full_len3,7,7,0,6,False,1,-0.0,-0.0,C0752046,True,7.0,1.0,"{""UMLS:C0752046"": 7}",-0.0,-0.0,1.0,UMLS:C0752046,0.0
mm_0117264,BioMistral-7B,0.0,1.0,sapbert_full_len3,7,7,0,6,False,1,-0.0,-0.0,C1416519,True,,,,,,,,
mm_0117264,FLAN-T5-base,0.0,1.0,sapbert_full_len3,7,7,0,6,False,1,-0.0,-0.0,C0279671,True,,,,,,,,
mm_0117264,Llama3-OpenBioLLM-8B,0.0,0.9999997615814208,sapbert_full_len3,7,7,0,6,False,2,0.9852281360342515,0.35094534299644053,C0032529,False,,,,,,,,
mm_0117264,Meta-Llama-3-8B-Instruct,0.0,1.0,sapbert_full_len3,7,7,0,6,False,1,-0.0,-0.0,C1285573,True,,,,,,,,
mm_0117264,Mistral-7B-Instruct-v0.1,0.0,0.9999998211860656,sapbert_full_len3,7,7,0,6,False,3,1.3787834934861753,0.49113258984568253,C0006826,False,,,,,,,,
mm_0117264,PubMedBERT,1.0,1.0,sapbert_full_len3,7,7,0,6,False,1,-0.0,-0.0,C0752046,True,7.0,1.0,"{""UMLS:C0752046"": 7}",-0.0,-0.0,1.0,UMLS:C0752046,0.0
mm_0117559,BERT-base,0.0,1.0,sapbert_full_len3,9,9,0,8,False,3,1.5304930567574826,0.4828168035714126,C1868801,False,9.0,3.0,"{""C1868801"": 4, ""UMLS:C0242193"": 2, ""C1700928"": 3}",1.5304930567574826,0.4828168035714126,0.0,C1868801,0.0
mm_0117559,BioBERT,0.0,1.0,sapbert_full_len3,9,9,0,8,False,4,1.974937501201927,0.6230234154761809,C0030201,False,9.0,4.0,"{""C0920253"": 2, ""C0030201"": 3, ""UMLS:C1707887"": 2, ""C1700928"": 2}",1.974937501201927,0.6230234154761809,0.0,C0030201,1.0
mm_0117559,BioMistral-7B,0.0,0.9999998807907104,sapbert_full_len3,9,9,0,8,False,5,2.197159723424149,0.693126721428565,C0449445,False,,,,,,,,
mm_0117559,FLAN-T5-base,0.0,1.0,sapbert_full_len3,9,8,1,8,False,3,1.2987949406953985,0.40972418593640175,C1541282,False,,,,,,,,
mm_0117559,Llama3-OpenBioLLM-8B,0.0,0.9275686740875244,sapbert_full_len3,9,9,0,8,False,4,1.8910611120726528,0.5965633607142826,C0683469,False,,,,,,,,
mm_0117559,Meta-Llama-3-8B-Instruct,0.0,0.8867002725601196,sapbert_full_len3,9,9,0,8,False,3,1.5304930567574826,0.4828168035714126,C0683469,False,,,,,,,,
mm_0117559,Mistral-7B-Instruct-v0.1,0.0,0.852075457572937,sapbert_full_len3,9,9,0,8,False,3,1.4355205042826666,0.4528562990069186,C5419407,False,,,,,,,,
mm_0117559,PubMedBERT,0.0,1.0,sapbert_full_len3,9,9,0,8,False,2,0.7642045065086203,0.24107968048484052,C1839576,False,9.0,2.0,"{""C1839576"": 7, ""UMLS:C0241311"": 2}",0.7642045065086203,0.2410796804848405,0.2222222222222222,C1839576,0.0
mm_0119071,BERT-base,0.0,1.0,sapbert_full_len3,5,5,0,4,False,2,0.9709505944546686,0.4181656600790516,C1447749,False,5.0,2.0,"{""C1447749"": 3, ""UMLS:C1257990"": 2}",0.9709505944546686,0.4181656600790516,0.0,C1447749,0.0
mm_0119071,BioBERT,0.0,1.0,sapbert_full_len3,5,5,0,4,False,3,1.3709505944546687,0.5904362833084089,C0027609,False,5.0,3.0,"{""C5392105"": 1, ""C0265267"": 1, ""C0027609"": 3}",1.3709505944546687,0.5904362833084089,0.0,C0027609,1.0
mm_0119071,BioMistral-7B,0.0,1.0,sapbert_full_len3,5,5,0,4,False,2,0.9709505944546686,0.4181656600790516,C0199859,False,,,,,,,,
mm_0119071,FLAN-T5-base,0.0,1.0,sapbert_full_len3,5,5,0,4,False,3,1.5219280948873621,0.6554587535412855,C0086153,False,,,,,,,,
mm_0119071,Llama3-OpenBioLLM-8B,0.0,0.9999998807907104,sapbert_full_len3,5,5,0,4,False,2,0.7219280948873623,0.31091750708257115,C0282440,False,,,,,,,,
mm_0119071,Meta-Llama-3-8B-Instruct,0.0,1.0,sapbert_full_len3,5,5,0,4,False,1,-0.0,-0.0,C0282440,True,,,,,,,,
mm_0119071,Mistral-7B-Instruct-v0.1,0.0,0.8259673118591309,sapbert_full_len3,5,5,0,4,False,1,-0.0,-0.0,C0282440,True,,,,,,,,
mm_0119071,PubMedBERT,0.0,1.0,sapbert_full_len3,5,5,0,4,False,1,-0.0,-0.0,C1839576,True,5.0,1.0,"{""C1839576"": 5}",-0.0,-0.0,0.0,C1839576,0.0
mm_0119329,BERT-base,1.0,1.0,sapbert_full_len3,5,5,0,4,False,1,-0.0,-0.0,C2919551,True,5.0,1.0,"{""UMLS:C2919551"": 5}",-0.0,-0.0,1.0,UMLS:C2919551,0.0
mm_0119329,BioBERT,1.0,1.0,sapbert_full_len3,5,5,0,4,False,1,-0.0,-0.0,C2919551,True,5.0,1.0,"{""UMLS:C2919551"": 5}",-0.0,-0.0,1.0,UMLS:C2919551,0.0
mm_0119329,BioMistral-7B,0.0,0.9964151382446288,sapbert_full_len3,5,5,0,4,False,1,-0.0,-0.0,C2919733,True,,,,,,,,
mm_0119329,FLAN-T5-base,0.0,1.0000001192092896,sapbert_full_len3,5,5,0,4,False,1,-0.0,-0.0,C0038952,True,,,,,,,,
mm_0119329,Llama3-OpenBioLLM-8B,0.0,0.9964151382446288,sapbert_full_len3,5,5,0,4,False,1,-0.0,-0.0,C2919733,True,,,,,,,,
mm_0119329,Meta-Llama-3-8B-Instruct,0.0,0.9964151382446288,sapbert_full_len3,5,5,0,4,False,1,-0.0,-0.0,C2919733,True,,,,,,,,
mm_0119329,Mistral-7B-Instruct-v0.1,0.0,0.9964151382446288,sapbert_full_len3,5,5,0,4,False,1,-0.0,-0.0,C2919733,True,,,,,,,,
mm_0119329,PubMedBERT,1.0,1.0,sapbert_full_len3,5,5,0,4,False,1,-0.0,-0.0,C2919551,True,5.0,1.0,"{""UMLS:C2919551"": 5}",-0.0,-0.0,1.0,UMLS:C2919551,0.0
mm_0119410,BERT-base,0.0,1.0,sapbert_full_len3,5,5,0,4,False,1,-0.0,-0.0,C1447749,True,5.0,1.0,"{""C1447749"": 5}",-0.0,-0.0,0.0,C1447749,0.0
mm_0119410,BioBERT,0.0,1.0,sapbert_full_len3,5,5,0,4,False,2,0.7219280948873623,0.31091750708257115,C1868801,False,5.0,2.0,"{""C1868801"": 4, ""C1447749"": 1}",0.7219280948873623,0.3109175070825711,0.0,C1868801,0.0
mm_0119410,BioMistral-7B,0.0,0.9999998211860656,sapbert_full_len3,5,5,0,4,False,2,0.9709505944546686,0.4181656600790516,C0005854,False,,,,,,,,
mm_0119410,FLAN-T5-base,0.0,0.9999998211860656,sapbert_full_len3,5,5,0,4,False,1,-0.0,-0.0,C0005854,True,,,,,,,,
mm_0119410,Llama3-OpenBioLLM-8B,0.0,0.9999998211860656,sapbert_full_len3,5,5,0,4,False,1,-0.0,-0.0,C0005854,True,,,,,,,,
mm_0119410,Meta-Llama-3-8B-Instruct,0.0,1.0,sapbert_full_len3,5,5,0,4,False,1,-0.0,-0.0,C0005854,True,,,,,,,,
mm_0119410,Mistral-7B-Instruct-v0.1,0.0,1.0,sapbert_full_len3,5,5,0,4,False,1,-0.0,-0.0,C0005854,True,,,,,,,,
mm_0119410,PubMedBERT,0.0,1.0,sapbert_full_len3,5,5,0,4,False,1,-0.0,-0.0,C1447749,True,5.0,1.0,"{""C1447749"": 5}",-0.0,-0.0,0.0,C1447749,0.0
mm_0119805,BERT-base,0.0,1.0,sapbert_full_len3,5,5,0,4,False,1,-0.0,-0.0,C0282597,True,5.0,1.0,"{""C0282597"": 5}",-0.0,-0.0,0.0,C0282597,0.0
mm_0119805,BioBERT,0.0,1.0,sapbert_full_len3,5,5,0,4,False,2,0.7219280948873623,0.31091750708257115,C1707887,False,5.0,2.0,"{""UMLS:C1707887"": 4, ""C1447749"": 1}",0.7219280948873623,0.3109175070825711,0.0,UMLS:C1707887,0.0
mm_0119805,BioMistral-7B,1.0,0.9999998211860656,sapbert_full_len3,5,5,0,4,False,1,-0.0,-0.0,C2717891,True,,,,,,,,
mm_0119805,FLAN-T5-base,0.0,1.0,sapbert_full_len3,5,5,0,4,False,3,1.3709505944546687,0.5904362833084089,C4310056,False,,,,,,,,
mm_0119805,Llama3-OpenBioLLM-8B,1.0,1.0,sapbert_full_len3,5,5,0,4,False,1,-0.0,-0.0,C2717891,True,,,,,,,,
mm_0119805,Meta-Llama-3-8B-Instruct,1.0,1.0,sapbert_full_len3,5,5,0,4,False,1,-0.0,-0.0,C2717891,True,,,,,,,,
mm_0119805,Mistral-7B-Instruct-v0.1,1.0,0.9999998211860656,sapbert_full_len3,5,5,0,4,False,1,-0.0,-0.0,C2717891,True,,,,,,,,
mm_0119805,PubMedBERT,0.0,1.0,sapbert_full_len3,5,5,0,4,False,1,-0.0,-0.0,C1447749,True,5.0,1.0,"{""C1447749"": 5}",-0.0,-0.0,0.0,C1447749,0.0
mm_0120160,BERT-base,0.0,1.0,sapbert_full_len3,6,6,0,5,False,1,-0.0,-0.0,C0282597,True,6.0,1.0,"{""C0282597"": 6}",-0.0,-0.0,0.0,C0282597,0.0
mm_0120160,BioBERT,0.0,1.0,sapbert_full_len3,6,6,0,5,False,2,0.6500224216483541,0.25146299858006066,C1257990,False,6.0,2.0,"{""UMLS:C1257990"": 5, ""C0059563"": 1}",0.6500224216483541,0.2514629985800606,0.0,UMLS:C1257990,0.0
mm_0120160,BioMistral-7B,0.0,1.0,sapbert_full_len3,6,6,0,5,False,2,0.9182958340544896,0.355245321275764,C0259846,False,,,,,,,,
mm_0120160,FLAN-T5-base,0.0,0.799631655216217,sapbert_full_len3,6,6,0,5,False,4,1.9182958340544896,0.7420981285103057,C4264425,False,,,,,,,,
mm_0120160,Llama3-OpenBioLLM-8B,0.0,0.9353703260421752,sapbert_full_len3,6,6,0,5,False,2,0.9182958340544896,0.355245321275764,C0545239,False,,,,,,,,
mm_0120160,Meta-Llama-3-8B-Instruct,0.0,0.9349380731582642,sapbert_full_len3,6,6,0,5,False,2,0.6500224216483541,0.25146299858006066,C0201179,False,,,,,,,,
mm_0120160,Mistral-7B-Instruct-v0.1,0.0,0.9999998211860656,sapbert_full_len3,6,6,0,5,False,1,-0.0,-0.0,C0003232,True,,,,,,,,
mm_0120160,PubMedBERT,0.0,1.0,sapbert_full_len3,6,6,0,5,False,1,-0.0,-0.0,C0015131,True,6.0,1.0,"{""C0015131"": 6}",-0.0,-0.0,0.0,C0015131,0.0
mm_0120224,BERT-base,0.0,1.0,sapbert_full_len3,5,5,0,4,False,1,-0.0,-0.0,C1312419,True,5.0,1.0,"{""C1312419"": 5}",-0.0,-0.0,0.0,C1312419,0.0
mm_0120224,BioBERT,0.0,1.0,sapbert_full_len3,5,5,0,4,False,1,-0.0,-0.0,C0317597,True,5.0,1.0,"{""C0317597"": 5}",-0.0,-0.0,0.0,C0317597,0.0
mm_0120224,BioMistral-7B,0.0,0.9999998807907104,sapbert_full_len3,5,5,0,4,False,2,0.9709505944546686,0.4181656600790516,C0022938,False,,,,,,,,
mm_0120224,FLAN-T5-base,0.0,0.9999998211860656,sapbert_full_len3,5,5,0,4,False,1,-0.0,-0.0,C0006837,True,,,,,,,,
mm_0120224,Llama3-OpenBioLLM-8B,0.0,0.9999998211860656,sapbert_full_len3,5,5,0,4,False,1,-0.0,-0.0,C0525033,True,,,,,,,,
mm_0120224,Meta-Llama-3-8B-Instruct,1.0,1.0,sapbert_full_len3,5,5,0,4,False,2,0.9709505944546686,0.4181656600790516,C0022940,False,,,,,,,,
mm_0120224,Mistral-7B-Instruct-v0.1,0.0,1.0,sapbert_full_len3,5,5,0,4,False,1,-0.0,-0.0,C0081786,True,,,,,,,,
mm_0120224,PubMedBERT,0.0,1.0,sapbert_full_len3,5,5,0,4,False,2,0.9709505944546686,0.4181656600790516,C1447749,False,5.0,2.0,"{""C1447749"": 3, ""C1839576"": 2}",0.9709505944546686,0.4181656600790516,0.0,C1447749,0.0
mm_0120578,BERT-base,0.0,1.0,sapbert_full_len3,6,6,0,5,False,2,0.9182958340544896,0.355245321275764,C0242193,False,6.0,2.0,"{""UMLS:C0242193"": 4, ""C1447749"": 2}",0.9182958340544896,0.355245321275764,0.0,UMLS:C0242193,0.0
mm_0120578,BioBERT,0.0,1.0,sapbert_full_len3,6,6,0,5,False,1,-0.0,-0.0,C1257990,True,6.0,1.0,"{""UMLS:C1257990"": 6}",-0.0,-0.0,0.0,UMLS:C1257990,0.0
mm_0120578,BioMistral-7B,0.0,0.7285941243171692,sapbert_full_len3,6,6,0,5,False,2,0.9182958340544896,0.355245321275764,C0242970,False,,,,,,,,
mm_0120578,FLAN-T5-base,0.0,0.7285941243171692,sapbert_full_len3,6,6,0,5,False,1,-0.0,-0.0,C0242970,True,,,,,,,,
mm_0120578,Llama3-OpenBioLLM-8B,0.0,0.8085179924964905,sapbert_full_len3,6,6,0,5,False,2,0.9182958340544896,0.355245321275764,C0001527,False,,,,,,,,
mm_0120578,Meta-Llama-3-8B-Instruct,0.0,1.0,sapbert_full_len3,6,6,0,5,False,1,-0.0,-0.0,C0005891,True,,,,,,,,
mm_0120578,Mistral-7B-Instruct-v0.1,0.0,0.8170393705368042,sapbert_full_len3,6,6,0,5,False,2,0.6500224216483541,0.25146299858006066,C0342943,False,,,,,,,,
mm_0120578,PubMedBERT,0.0,1.0,sapbert_full_len3,6,6,0,5,False,1,-0.0,-0.0,C1447749,True,6.0,1.0,"{""C1447749"": 6}",-0.0,-0.0,0.0,C1447749,0.0
mm_0121914,BERT-base,0.0,1.0,sapbert_full_len3,6,6,0,5,False,1,-0.0,-0.0,C1257990,True,6.0,1.0,"{""UMLS:C1257990"": 6}",-0.0,-0.0,0.0,UMLS:C1257990,0.0
mm_0121914,BioBERT,0.0,1.0,sapbert_full_len3,6,6,0,5,False,1,-0.0,-0.0,C1257990,True,6.0,1.0,"{""UMLS:C1257990"": 6}",-0.0,-0.0,0.0,UMLS:C1257990,0.0
mm_0121914,BioMistral-7B,0.0,1.0,sapbert_full_len3,6,6,0,5,False,1,-0.0,-0.0,C0029974,True,,,,,,,,
mm_0121914,FLAN-T5-base,0.0,1.0,sapbert_full_len3,6,6,0,5,False,1,-0.0,-0.0,C0029974,True,,,,,,,,
mm_0121914,Llama3-OpenBioLLM-8B,1.0,1.0000001192092896,sapbert_full_len3,6,6,0,5,False,2,0.6500224216483541,0.25146299858006066,C0029045,False,,,,,,,,
mm_0121914,Meta-Llama-3-8B-Instruct,0.0,1.0,sapbert_full_len3,6,6,0,5,False,1,-0.0,-0.0,C0029974,True,,,,,,,,
mm_0121914,Mistral-7B-Instruct-v0.1,0.0,1.0,sapbert_full_len3,6,6,0,5,False,1,-0.0,-0.0,C0029974,True,,,,,,,,
mm_0121914,PubMedBERT,0.0,1.0,sapbert_full_len3,6,6,0,5,False,1,-0.0,-0.0,C1707887,True,6.0,1.0,"{""UMLS:C1707887"": 6}",-0.0,-0.0,0.0,UMLS:C1707887,0.0
mm_0123151,BERT-base,0.0,1.0,sapbert_full_len3,7,7,0,6,False,2,0.9852281360342515,0.35094534299644053,C0242193,False,7.0,2.0,"{""UMLS:C0242193"": 4, ""UMLS:C1257990"": 3}",0.9852281360342516,0.3509453429964405,0.0,UMLS:C0242193,0.0
mm_0123151,BioBERT,0.0,1.0,sapbert_full_len3,7,7,0,6,False,2,0.5916727785823275,0.21075809614719848,C1839576,False,7.0,2.0,"{""C1839576"": 6, ""UMLS:C1707887"": 1}",0.5916727785823275,0.2107580961471984,0.0,C1839576,0.0
mm_0123151,BioMistral-7B,0.0,0.9999998807907104,sapbert_full_len3,7,7,0,6,False,1,-0.0,-0.0,C0020538,True,,,,,,,,
mm_0123151,FLAN-T5-base,0.0,0.9999998807907104,sapbert_full_len3,7,7,0,6,False,1,-0.0,-0.0,C0020538,True,,,,,,,,
mm_0123151,Llama3-OpenBioLLM-8B,0.0,0.9999992847442628,sapbert_full_len3,7,7,0,6,False,2,0.863120568566631,0.30744974986419643,C0002783,False,,,,,,,,
mm_0123151,Meta-Llama-3-8B-Instruct,0.0,1.0,sapbert_full_len3,7,7,0,6,False,1,-0.0,-0.0,C0700287,True,,,,,,,,
mm_0123151,Mistral-7B-Instruct-v0.1,0.0,1.0,sapbert_full_len3,7,7,0,6,False,1,-0.0,-0.0,C0700287,True,,,,,,,,
mm_0123151,PubMedBERT,0.0,1.0,sapbert_full_len3,7,7,0,6,False,1,-0.0,-0.0,C1839576,True,7.0,1.0,"{""C1839576"": 7}",-0.0,-0.0,0.0,C1839576,0.0
mm_0123712,BERT-base,0.0,1.0,sapbert_full_len3,6,6,0,5,False,2,0.9182958340544896,0.355245321275764,C1257990,False,6.0,2.0,"{""UMLS:C1257990"": 4, ""C1312419"": 2}",0.9182958340544896,0.355245321275764,0.0,UMLS:C1257990,0.0
mm_0123712,BioBERT,0.0,1.0,sapbert_full_len3,6,6,0,5,False,2,0.9182958340544896,0.355245321275764,C1257990,False,6.0,2.0,"{""UMLS:C1257990"": 4, ""C1312419"": 2}",0.9182958340544896,0.355245321275764,0.0,UMLS:C1257990,0.0
mm_0123712,BioMistral-7B,0.0,1.0,sapbert_full_len3,6,6,0,5,False,1,-0.0,-0.0,C0042769,True,,,,,,,,
mm_0123712,FLAN-T5-base,0.0,0.9907368421554564,sapbert_full_len3,6,6,0,5,False,2,1.0,0.38685280723454163,C0042769,False,,,,,,,,
mm_0123712,Llama3-OpenBioLLM-8B,0.0,0.9999997615814208,sapbert_full_len3,6,6,0,5,False,2,0.6500224216483541,0.25146299858006066,C1752856,False,,,,,,,,
mm_0123712,Meta-Llama-3-8B-Instruct,0.0,1.0,sapbert_full_len3,6,6,0,5,False,3,1.4591479170272446,0.5644754678724235,C0021747,False,,,,,,,,
mm_0123712,Mistral-7B-Instruct-v0.1,0.0,1.0,sapbert_full_len3,6,6,0,5,False,2,0.6500224216483541,0.25146299858006066,C0042769,False,,,,,,,,
mm_0123712,PubMedBERT,0.0,1.0,sapbert_full_len3,6,6,0,5,False,1,-0.0,-0.0,C1447749,True,6.0,1.0,"{""C1447749"": 6}",-0.0,-0.0,0.0,C1447749,0.0
mm_0123740,BERT-base,0.0,1.0,sapbert_full_len3,5,5,0,4,False,1,-0.0,-0.0,C1312419,True,5.0,1.0,"{""C1312419"": 5}",-0.0,-0.0,0.0,C1312419,0.0
mm_0123740,BioBERT,0.0,1.0,sapbert_full_len3,5,5,0,4,False,1,-0.0,-0.0,C1312419,True,5.0,1.0,"{""C1312419"": 5}",-0.0,-0.0,0.0,C1312419,0.0
mm_0123740,BioMistral-7B,1.0,1.0,sapbert_full_len3,5,5,0,4,False,1,-0.0,-0.0,C3714514,True,,,,,,,,
mm_0123740,FLAN-T5-base,1.0,1.0,sapbert_full_len3,5,5,0,4,False,1,-0.0,-0.0,C3714514,True,,,,,,,,
mm_0123740,Llama3-OpenBioLLM-8B,0.0,1.0,sapbert_full_len3,5,5,0,4,False,2,0.9709505944546686,0.4181656600790516,C0870883,False,,,,,,,,
mm_0123740,Meta-Llama-3-8B-Instruct,0.0,1.0,sapbert_full_len3,5,5,0,4,False,2,0.9709505944546686,0.4181656600790516,C0870883,False,,,,,,,,
mm_0123740,Mistral-7B-Instruct-v0.1,0.0,0.9999998211860656,sapbert_full_len3,5,5,0,4,False,2,0.9709505944546686,0.4181656600790516,C0870883,False,,,,,,,,
mm_0123740,PubMedBERT,0.0,1.0,sapbert_full_len3,5,5,0,4,False,1,-0.0,-0.0,C1447749,True,5.0,1.0,"{""C1447749"": 5}",-0.0,-0.0,0.0,C1447749,0.0
mm_0123877,BERT-base,0.0,1.0,sapbert_full_len3,6,6,0,5,False,1,-0.0,-0.0,C1447749,True,6.0,1.0,"{""C1447749"": 6}",-0.0,-0.0,0.0,C1447749,0.0
mm_0123877,BioBERT,1.0,1.0,sapbert_full_len3,6,6,0,5,False,1,-0.0,-0.0,C0018081,True,6.0,1.0,"{""C0018081"": 6}",-0.0,-0.0,0.0,C0018081,0.0
mm_0123877,BioMistral-7B,0.0,0.9999999403953552,sapbert_full_len3,6,6,0,5,False,1,-0.0,-0.0,C0008149,True,,,,,,,,
mm_0123877,FLAN-T5-base,0.0,1.0,sapbert_full_len3,6,6,0,5,False,2,0.6500224216483541,0.25146299858006066,C0036658,False,,,,,,,,
mm_0123877,Llama3-OpenBioLLM-8B,1.0,1.0,sapbert_full_len3,6,6,0,5,False,1,-0.0,-0.0,C0018081,True,,,,,,,,
mm_0123877,Meta-Llama-3-8B-Instruct,1.0,1.0,sapbert_full_len3,6,6,0,5,False,1,-0.0,-0.0,C0018081,True,,,,,,,,
mm_0123877,Mistral-7B-Instruct-v0.1,0.0,0.9822572469711304,sapbert_full_len3,6,6,0,5,False,3,1.4591479170272448,0.5644754678724236,C0018081,False,,,,,,,,
mm_0123877,PubMedBERT,0.0,1.0,sapbert_full_len3,6,6,0,5,False,1,-0.0,-0.0,C1839576,True,6.0,1.0,"{""C1839576"": 6}",-0.0,-0.0,0.0,C1839576,0.0
mm_0124157,BERT-base,0.0,1.0,sapbert_full_len3,7,7,0,6,False,1,-0.0,-0.0,C1257990,True,7.0,1.0,"{""UMLS:C1257990"": 7}",-0.0,-0.0,0.0,UMLS:C1257990,0.0
mm_0124157,BioBERT,0.0,1.0,sapbert_full_len3,7,7,0,6,False,2,0.863120568566631,0.30744974986419643,C1447749,False,7.0,2.0,"{""C1447749"": 5, ""C1257738"": 2}",0.863120568566631,0.3074497498641964,0.0,C1447749,0.0
mm_0124157,BioMistral-7B,0.0,0.9999998807907104,sapbert_full_len3,7,7,0,6,False,1,-0.0,-0.0,C1034337,True,,,,,,,,
mm_0124157,FLAN-T5-base,0.0,1.0,sapbert_full_len3,7,7,0,6,False,2,0.863120568566631,0.30744974986419643,C1034337,False,,,,,,,,
mm_0124157,Llama3-OpenBioLLM-8B,1.0,1.0,sapbert_full_len3,7,7,0,6,False,4,1.6644977792004614,0.5929060718765461,C0439792,False,,,,,,,,
mm_0124157,Meta-Llama-3-8B-Instruct,1.0,1.0,sapbert_full_len3,7,7,0,6,False,2,0.863120568566631,0.30744974986419643,C0439792,False,,,,,,,,
mm_0124157,Mistral-7B-Instruct-v0.1,0.0,0.9999999403953552,sapbert_full_len3,7,7,0,6,False,2,0.863120568566631,0.30744974986419643,C0036576,False,,,,,,,,
mm_0124157,PubMedBERT,0.0,1.0,sapbert_full_len3,7,7,0,6,False,1,-0.0,-0.0,C1839576,True,7.0,1.0,"{""C1839576"": 7}",-0.0,-0.0,0.0,C1839576,0.0
mm_0124433,BERT-base,0.0,1.0,sapbert_full_len3,4,4,0,3,False,1,-0.0,-0.0,C1257990,True,4.0,1.0,"{""UMLS:C1257990"": 4}",-0.0,-0.0,0.0,UMLS:C1257990,0.0
mm_0124433,BioBERT,0.0,1.0,sapbert_full_len3,4,4,0,3,False,1,-0.0,-0.0,C1257990,True,4.0,1.0,"{""UMLS:C1257990"": 4}",-0.0,-0.0,0.0,UMLS:C1257990,0.0
mm_0124433,BioMistral-7B,0.0,1.0,sapbert_full_len3,4,4,0,3,False,1,-0.0,-0.0,C1262313,True,,,,,,,,
mm_0124433,FLAN-T5-base,0.0,1.0,sapbert_full_len3,4,4,0,3,False,2,0.8112781244591328,0.4056390622295664,C0009450,False,,,,,,,,
mm_0124433,Llama3-OpenBioLLM-8B,0.0,0.8493956923484802,sapbert_full_len3,4,4,0,3,False,1,-0.0,-0.0,C3646462,True,,,,,,,,
mm_0124433,Meta-Llama-3-8B-Instruct,0.0,1.0,sapbert_full_len3,4,4,0,3,False,1,-0.0,-0.0,C1262313,True,,,,,,,,
mm_0124433,Mistral-7B-Instruct-v0.1,0.0,0.9999998211860656,sapbert_full_len3,4,4,0,3,False,1,-0.0,-0.0,C1262313,True,,,,,,,,
mm_0124433,PubMedBERT,0.0,1.0,sapbert_full_len3,4,4,0,3,False,1,-0.0,-0.0,C1839576,True,4.0,1.0,"{""C1839576"": 4}",-0.0,-0.0,0.0,C1839576,0.0
mm_0124748,BERT-base,0.0,1.0,sapbert_full_len3,7,7,0,6,False,3,1.3787834934861753,0.49113258984568253,C1257990,False,7.0,3.0,"{""UMLS:C1257990"": 4, ""C1839576"": 1, ""UMLS:C0444254"": 2}",1.3787834934861751,0.4911325898456825,0.0,UMLS:C1257990,0.0
mm_0124748,BioBERT,0.0,1.0,sapbert_full_len3,7,7,0,6,False,1,-0.0,-0.0,C2919551,True,7.0,1.0,"{""UMLS:C2919551"": 7}",-0.0,-0.0,0.0,UMLS:C2919551,0.0
mm_0124748,BioMistral-7B,0.0,1.0,sapbert_full_len3,7,7,0,6,False,1,-0.0,-0.0,C0589120,True,,,,,,,,
mm_0124748,FLAN-T5-base,0.0,1.0,sapbert_full_len3,7,7,0,6,False,1,-0.0,-0.0,C0589120,True,,,,,,,,
mm_0124748,Llama3-OpenBioLLM-8B,0.0,0.9999997615814208,sapbert_full_len3,7,7,0,6,False,2,0.9852281360342515,0.35094534299644053,C0589120,False,,,,,,,,
mm_0124748,Meta-Llama-3-8B-Instruct,0.0,1.0,sapbert_full_len3,7,7,0,6,False,2,0.863120568566631,0.30744974986419643,C1458156,False,,,,,,,,
mm_0124748,Mistral-7B-Instruct-v0.1,0.0,0.9999997615814208,sapbert_full_len3,7,7,0,6,False,3,1.5566567074628228,0.5544923070581674,C1458156,False,,,,,,,,
mm_0124748,PubMedBERT,0.0,1.0,sapbert_full_len3,7,7,0,6,False,1,-0.0,-0.0,C1839576,True,7.0,1.0,"{""C1839576"": 7}",-0.0,-0.0,0.0,C1839576,0.0
mm_0124804,BERT-base,0.0,1.0,sapbert_full_len3,7,7,0,6,False,3,1.4488156357251847,0.516078542239789,C0203378,False,7.0,3.0,"{""C0203378"": 3, ""UMLS:C1707887"": 1, ""C0242913"": 3}",1.448815635725185,0.516078542239789,0.0,C0203378,1.0
mm_0124804,BioBERT,0.0,1.0,sapbert_full_len3,7,7,0,6,False,3,1.5566567074628228,0.5544923070581674,C0038441,False,7.0,3.0,"{""C0038441"": 3, ""UMLS:C1707887"": 2, ""UMLS:C1257990"": 2}",1.5566567074628228,0.5544923070581674,0.0,C0038441,1.0
mm_0124804,BioMistral-7B,0.0,0.9999998211860656,sapbert_full_len3,7,7,0,6,False,1,-0.0,-0.0,C3178745,True,,,,,,,,
mm_0124804,FLAN-T5-base,0.0,1.0,sapbert_full_len3,7,7,0,6,False,3,1.3787834934861753,0.49113258984568253,C0030193,False,,,,,,,,
mm_0124804,Llama3-OpenBioLLM-8B,0.0,0.9999998211860656,sapbert_full_len3,7,7,0,6,False,2,0.863120568566631,0.30744974986419643,C3178745,False,,,,,,,,
mm_0124804,Meta-Llama-3-8B-Instruct,0.0,0.9999998211860656,sapbert_full_len3,7,7,0,6,False,1,-0.0,-0.0,C3178745,True,,,,,,,,
mm_0124804,Mistral-7B-Instruct-v0.1,0.0,0.9999998211860656,sapbert_full_len3,7,7,0,6,False,1,-0.0,-0.0,C3178745,True,,,,,,,,
mm_0124804,PubMedBERT,0.0,1.0,sapbert_full_len3,7,7,0,6,False,1,-0.0,-0.0,C0681906,True,7.0,1.0,"{""UMLS:C0681906"": 7}",-0.0,-0.0,0.0,UMLS:C0681906,0.0
mm_0124847,BERT-base,0.0,1.0,sapbert_full_len3,5,5,0,4,False,1,-0.0,-0.0,C0027609,True,5.0,1.0,"{""C0027609"": 5}",-0.0,-0.0,0.0,C0027609,0.0
mm_0124847,BioBERT,0.0,1.0,sapbert_full_len3,5,5,0,4,False,2,0.7219280948873623,0.31091750708257115,C1447749,False,5.0,2.0,"{""C1447749"": 4, ""C0027609"": 1}",0.7219280948873623,0.3109175070825711,0.0,C1447749,0.0
mm_0124847,BioMistral-7B,0.0,0.9999991655349731,sapbert_full_len3,5,5,0,4,False,3,1.5219280948873621,0.6554587535412855,C0042024,False,,,,,,,,
mm_0124847,FLAN-T5-base,0.0,0.9999998807907104,sapbert_full_len3,5,5,0,4,False,1,-0.0,-0.0,C0231238,True,,,,,,,,
mm_0124847,Llama3-OpenBioLLM-8B,0.0,0.9999991655349731,sapbert_full_len3,5,5,0,4,False,1,-0.0,-0.0,C0549622,True,,,,,,,,
mm_0124847,Meta-Llama-3-8B-Instruct,0.0,1.0,sapbert_full_len3,5,5,0,4,False,1,-0.0,-0.0,C0549622,True,,,,,,,,
mm_0124847,Mistral-7B-Instruct-v0.1,0.0,1.0,sapbert_full_len3,5,5,0,4,False,1,-0.0,-0.0,C0021167,True,,,,,,,,
mm_0124847,PubMedBERT,0.0,1.0,sapbert_full_len3,5,5,0,4,False,2,0.7219280948873623,0.31091750708257115,C1447749,False,5.0,2.0,"{""C1447749"": 4, ""C1839576"": 1}",0.7219280948873623,0.3109175070825711,0.0,C1447749,0.0
mm_0124918,BERT-base,0.0,1.0,sapbert_full_len3,7,7,0,6,False,2,0.863120568566631,0.30744974986419643,C1447749,False,7.0,2.0,"{""C1447749"": 5, ""UMLS:C1257990"": 2}",0.863120568566631,0.3074497498641964,0.0,C1447749,0.0
mm_0124918,BioBERT,0.0,1.0,sapbert_full_len3,7,7,0,6,False,1,-0.0,-0.0,C1257990,True,7.0,1.0,"{""UMLS:C1257990"": 7}",-0.0,-0.0,0.0,UMLS:C1257990,0.0
mm_0124918,BioMistral-7B,1.0,1.0,sapbert_full_len3,7,7,0,6,False,1,-0.0,-0.0,C0006104,True,,,,,,,,
mm_0124918,FLAN-T5-base,0.0,1.0000001192092896,sapbert_full_len3,7,7,0,6,False,2,0.863120568566631,0.30744974986419643,C0022116,False,,,,,,,,
mm_0124918,Llama3-OpenBioLLM-8B,0.0,0.9999998807907104,sapbert_full_len3,7,7,0,6,False,1,-0.0,-0.0,C0598958,True,,,,,,,,
mm_0124918,Meta-Llama-3-8B-Instruct,1.0,1.0,sapbert_full_len3,7,7,0,6,False,1,-0.0,-0.0,C0006104,True,,,,,,,,
mm_0124918,Mistral-7B-Instruct-v0.1,0.0,0.9999998807907104,sapbert_full_len3,7,7,0,6,False,3,1.5566567074628228,0.5544923070581674,C0007785,False,,,,,,,,
mm_0124918,PubMedBERT,0.0,1.0,sapbert_full_len3,7,7,0,6,False,1,-0.0,-0.0,C1839576,True,7.0,1.0,"{""C1839576"": 7}",-0.0,-0.0,0.0,C1839576,0.0
mm_0125021,BERT-base,0.0,1.0,sapbert_full_len3,7,7,0,6,False,1,-0.0,-0.0,C1447749,True,7.0,1.0,"{""C1447749"": 7}",-0.0,-0.0,0.0,C1447749,0.0
mm_0125021,BioBERT,0.0,1.0,sapbert_full_len3,7,7,0,6,False,2,0.863120568566631,0.30744974986419643,C1370369,False,7.0,2.0,"{""C1370369"": 5, ""C1447749"": 2}",0.863120568566631,0.3074497498641964,0.0,C1370369,0.0
mm_0125021,BioMistral-7B,0.0,0.9999998807907104,sapbert_full_len3,7,7,0,6,False,2,0.5916727785823275,0.21075809614719848,C0011849,False,,,,,,,,
mm_0125021,FLAN-T5-base,0.0,1.0,sapbert_full_len3,7,7,0,6,False,2,0.9852281360342515,0.35094534299644053,C0011849,False,,,,,,,,
mm_0125021,Llama3-OpenBioLLM-8B,0.0,0.9999998211860656,sapbert_full_len3,7,7,0,6,False,3,1.4488156357251847,0.516078542239789,C0242492,False,,,,,,,,
mm_0125021,Meta-Llama-3-8B-Instruct,0.0,0.9999998807907104,sapbert_full_len3,7,7,0,6,False,2,0.5916727785823275,0.21075809614719848,C0011849,False,,,,,,,,
mm_0125021,Mistral-7B-Instruct-v0.1,0.0,0.9999998807907104,sapbert_full_len3,7,7,0,6,False,2,0.5916727785823275,0.21075809614719848,C0011849,False,,,,,,,,
mm_0125021,PubMedBERT,0.0,1.0,sapbert_full_len3,7,7,0,6,False,1,-0.0,-0.0,C1999375,True,7.0,1.0,"{""C1999375"": 7}",-0.0,-0.0,0.0,C1999375,0.0
mm_0125530,BERT-base,0.0,1.0,sapbert_full_len3,8,8,0,7,False,2,0.5435644431995964,0.1811881477331988,C1257990,False,8.0,2.0,"{""UMLS:C1257990"": 7, ""C0021665"": 1}",0.5435644431995964,0.1811881477331988,0.0,UMLS:C1257990,0.0
mm_0125530,BioBERT,0.0,1.0,sapbert_full_len3,8,8,0,7,False,1,-0.0,-0.0,C0358514,True,8.0,1.0,"{""UMLS:C0358514"": 8}",-0.0,-0.0,0.0,UMLS:C0358514,0.0
mm_0125530,BioMistral-7B,1.0,1.0,sapbert_full_len3,8,8,0,7,False,2,0.5435644431995964,0.1811881477331988,C0021670,False,,,,,,,,
mm_0125530,FLAN-T5-base,1.0,0.9999999403953552,sapbert_full_len3,8,8,0,7,False,1,-0.0,-0.0,C0021670,True,,,,,,,,
mm_0125530,Llama3-OpenBioLLM-8B,1.0,0.9999999403953552,sapbert_full_len3,8,8,0,7,False,1,-0.0,-0.0,C0021670,True,,,,,,,,
mm_0125530,Meta-Llama-3-8B-Instruct,1.0,1.0,sapbert_full_len3,8,8,0,7,False,1,-0.0,-0.0,C0021670,True,,,,,,,,
mm_0125530,Mistral-7B-Instruct-v0.1,1.0,0.9999999403953552,sapbert_full_len3,8,8,0,7,False,1,-0.0,-0.0,C0021670,True,,,,,,,,
mm_0125530,PubMedBERT,0.0,1.0,sapbert_full_len3,8,8,0,7,False,1,-0.0,-0.0,C0358514,True,8.0,1.0,"{""UMLS:C0358514"": 8}",-0.0,-0.0,0.0,UMLS:C0358514,0.0
mm_0125540,BERT-base,0.0,1.0,sapbert_full_len3,7,7,0,6,False,1,-0.0,-0.0,C0386482,True,7.0,1.0,"{""C0386482"": 7}",-0.0,-0.0,0.0,C0386482,0.0
mm_0125540,BioBERT,0.0,1.0,sapbert_full_len3,7,7,0,6,False,1,-0.0,-0.0,C0358514,True,7.0,1.0,"{""UMLS:C0358514"": 7}",-0.0,-0.0,0.0,UMLS:C0358514,0.0
mm_0125540,BioMistral-7B,0.0,0.9999998211860656,sapbert_full_len3,7,7,0,6,False,1,-0.0,-0.0,C3658192,True,,,,,,,,
mm_0125540,FLAN-T5-base,0.0,1.0,sapbert_full_len3,7,7,0,6,False,2,0.863120568566631,0.30744974986419643,C3658192,False,,,,,,,,
mm_0125540,Llama3-OpenBioLLM-8B,0.0,0.9999997615814208,sapbert_full_len3,7,7,0,6,False,3,1.3787834934861753,0.49113258984568253,C3658192,False,,,,,,,,
mm_0125540,Meta-Llama-3-8B-Instruct,0.0,0.9999998211860656,sapbert_full_len3,7,7,0,6,False,1,-0.0,-0.0,C3658192,True,,,,,,,,
mm_0125540,Mistral-7B-Instruct-v0.1,0.0,0.9999998211860656,sapbert_full_len3,7,7,0,6,False,1,-0.0,-0.0,C3658192,True,,,,,,,,
mm_0125540,PubMedBERT,0.0,1.0,sapbert_full_len3,7,7,0,6,False,1,-0.0,-0.0,C0358514,True,7.0,1.0,"{""UMLS:C0358514"": 7}",-0.0,-0.0,0.0,UMLS:C0358514,0.0
mm_0125575,BERT-base,0.0,1.0,sapbert_full_len3,7,7,0,6,False,2,0.5916727785823275,0.21075809614719848,C1257990,False,7.0,2.0,"{""UMLS:C1257990"": 6, ""C1447749"": 1}",0.5916727785823275,0.2107580961471984,0.0,UMLS:C1257990,0.0
mm_0125575,BioBERT,1.0,1.0,sapbert_full_len3,7,7,0,6,False,1,-0.0,-0.0,C0358514,True,7.0,1.0,"{""UMLS:C0358514"": 7}",-0.0,-0.0,1.0,UMLS:C0358514,0.0
mm_0125575,BioMistral-7B,0.0,0.9999998807907104,sapbert_full_len3,7,7,0,6,False,1,-0.0,-0.0,C3658192,True,,,,,,,,
mm_0125575,FLAN-T5-base,0.0,0.9999999403953552,sapbert_full_len3,7,7,0,6,False,3,1.5566567074628228,0.5544923070581674,C6008813,False,,,,,,,,
mm_0125575,Llama3-OpenBioLLM-8B,0.0,1.0,sapbert_full_len3,7,7,0,6,False,3,1.3787834934861753,0.49113258984568253,C0061355,False,,,,,,,,
mm_0125575,Meta-Llama-3-8B-Instruct,0.0,0.9999998807907104,sapbert_full_len3,7,7,0,6,False,1,-0.0,-0.0,C3658192,True,,,,,,,,
mm_0125575,Mistral-7B-Instruct-v0.1,0.0,0.9999998211860656,sapbert_full_len3,7,7,0,6,False,1,-0.0,-0.0,C3658192,True,,,,,,,,
mm_0125575,PubMedBERT,1.0,1.0,sapbert_full_len3,7,7,0,6,False,1,-0.0,-0.0,C0358514,True,7.0,1.0,"{""UMLS:C0358514"": 7}",-0.0,-0.0,1.0,UMLS:C0358514,0.0
mm_0125604,BERT-base,0.0,1.0,sapbert_full_len3,7,7,0,6,False,1,-0.0,-0.0,C1312419,True,7.0,1.0,"{""C1312419"": 7}",-0.0,-0.0,0.0,C1312419,0.0
mm_0125604,BioBERT,0.0,1.0,sapbert_full_len3,7,7,0,6,False,1,-0.0,-0.0,C1257990,True,7.0,1.0,"{""UMLS:C1257990"": 7}",-0.0,-0.0,0.0,UMLS:C1257990,0.0
mm_0125604,BioMistral-7B,0.0,0.9999998211860656,sapbert_full_len3,7,7,0,6,False,1,-0.0,-0.0,C0242606,True,,,,,,,,
mm_0125604,FLAN-T5-base,0.0,0.9999998211860656,sapbert_full_len3,7,7,0,6,False,3,1.3787834934861753,0.49113258984568253,C0016327,False,,,,,,,,
mm_0125604,Llama3-OpenBioLLM-8B,0.0,0.9999998211860656,sapbert_full_len3,7,7,0,6,False,2,0.5916727785823275,0.21075809614719848,C0242606,False,,,,,,,,
mm_0125604,Meta-Llama-3-8B-Instruct,0.0,0.9999998807907104,sapbert_full_len3,7,7,0,6,False,1,-0.0,-0.0,C0242606,True,,,,,,,,
mm_0125604,Mistral-7B-Instruct-v0.1,0.0,0.9999998807907104,sapbert_full_len3,7,7,0,6,False,1,-0.0,-0.0,C0242606,True,,,,,,,,
mm_0125604,PubMedBERT,0.0,1.0,sapbert_full_len3,7,7,0,6,False,1,-0.0,-0.0,C1447749,True,7.0,1.0,"{""C1447749"": 7}",-0.0,-0.0,0.0,C1447749,0.0
mm_0125831,BERT-base,0.0,1.0,sapbert_full_len3,7,7,0,6,False,1,-0.0,-0.0,C1447749,True,7.0,1.0,"{""C1447749"": 7}",-0.0,-0.0,0.0,C1447749,0.0
mm_0125831,BioBERT,0.0,1.0,sapbert_full_len3,7,7,0,6,False,1,-0.0,-0.0,C1447749,True,7.0,1.0,"{""C1447749"": 7}",-0.0,-0.0,0.0,C1447749,0.0
mm_0125831,BioMistral-7B,0.0,0.9999998211860656,sapbert_full_len3,7,7,0,6,False,1,-0.0,-0.0,C1412492,True,,,,,,,,
mm_0125831,FLAN-T5-base,0.0,1.0,sapbert_full_len3,7,7,0,6,False,3,1.5566567074628228,0.5544923070581674,C1412492,False,,,,,,,,
mm_0125831,Llama3-OpenBioLLM-8B,0.0,0.9999998211860656,sapbert_full_len3,7,7,0,6,False,1,-0.0,-0.0,C1412492,True,,,,,,,,
mm_0125831,Meta-Llama-3-8B-Instruct,0.0,0.9999998211860656,sapbert_full_len3,7,7,0,6,False,2,0.9852281360342515,0.35094534299644053,C0035078,False,,,,,,,,
mm_0125831,Mistral-7B-Instruct-v0.1,0.0,0.9999998211860656,sapbert_full_len3,7,7,0,6,False,3,1.5566567074628228,0.5544923070581674,C1412492,False,,,,,,,,
mm_0125831,PubMedBERT,0.0,1.0,sapbert_full_len3,7,7,0,6,False,2,0.5916727785823275,0.21075809614719848,C1839576,False,7.0,2.0,"{""C1839576"": 6, ""C1447749"": 1}",0.5916727785823275,0.2107580961471984,0.0,C1839576,0.0
mm_0126004,BERT-base,0.0,1.0,sapbert_full_len3,7,7,0,6,False,1,-0.0,-0.0,C4505290,True,7.0,1.0,"{""C4505290"": 7}",-0.0,-0.0,0.0,C4505290,0.0
mm_0126004,BioBERT,0.0,1.0,sapbert_full_len3,7,7,0,6,False,1,-0.0,-0.0,C4505290,True,7.0,1.0,"{""C4505290"": 7}",-0.0,-0.0,0.0,C4505290,0.0
mm_0126004,BioMistral-7B,0.0,1.0,sapbert_full_len3,7,7,0,6,False,2,0.863120568566631,0.30744974986419643,C0392535,False,,,,,,,,
mm_0126004,FLAN-T5-base,0.0,1.0,sapbert_full_len3,7,7,0,6,False,1,-0.0,-0.0,C0392535,True,,,,,,,,
mm_0126004,Llama3-OpenBioLLM-8B,0.0,1.0,sapbert_full_len3,7,7,0,6,False,2,0.863120568566631,0.30744974986419643,C0392535,False,,,,,,,,
mm_0126004,Meta-Llama-3-8B-Instruct,0.0,1.0,sapbert_full_len3,7,7,0,6,False,3,1.1488348542809166,0.4092232318950598,C0392535,False,,,,,,,,
mm_0126004,Mistral-7B-Instruct-v0.1,0.0,1.0,sapbert_full_len3,7,7,0,6,False,2,0.863120568566631,0.30744974986419643,C0392535,False,,,,,,,,
mm_0126004,PubMedBERT,0.0,1.0,sapbert_full_len3,7,7,0,6,False,1,-0.0,-0.0,C0018966,True,7.0,1.0,"{""C0018966"": 7}",-0.0,-0.0,0.0,C0018966,0.0
mm_0126513,BERT-base,0.0,1.0,sapbert_full_len3,5,5,0,4,False,1,-0.0,-0.0,C0358514,True,5.0,1.0,"{""UMLS:C0358514"": 5}",-0.0,-0.0,0.0,UMLS:C0358514,0.0
mm_0126513,BioBERT,0.0,1.0,sapbert_full_len3,5,5,0,4,False,1,-0.0,-0.0,C1999375,True,5.0,1.0,"{""C1999375"": 5}",-0.0,-0.0,0.0,C1999375,0.0
mm_0126513,BioMistral-7B,0.0,1.0,sapbert_full_len3,5,5,0,4,False,2,0.9709505944546686,0.4181656600790516,C0525678,False,,,,,,,,
mm_0126513,FLAN-T5-base,0.0,1.0,sapbert_full_len3,5,5,0,4,False,2,0.9709505944546686,0.4181656600790516,C1280500,False,,,,,,,,
mm_0126513,Llama3-OpenBioLLM-8B,0.0,1.0,sapbert_full_len3,5,5,0,4,False,2,0.9709505944546686,0.4181656600790516,C0525678,False,,,,,,,,
mm_0126513,Meta-Llama-3-8B-Instruct,0.0,1.0,sapbert_full_len3,5,5,0,4,False,1,-0.0,-0.0,C0525678,True,,,,,,,,
mm_0126513,Mistral-7B-Instruct-v0.1,0.0,0.9999999403953552,sapbert_full_len3,5,5,0,4,False,3,1.5219280948873621,0.6554587535412855,C2931826,False,,,,,,,,
mm_0126513,PubMedBERT,0.0,1.0,sapbert_full_len3,5,5,0,4,False,1,-0.0,-0.0,C0018966,True,5.0,1.0,"{""C0018966"": 5}",-0.0,-0.0,0.0,C0018966,0.0
mm_0127390,BERT-base,0.0,1.0,sapbert_full_len3,6,6,0,5,False,1,-0.0,-0.0,C1447749,True,6.0,1.0,"{""C1447749"": 6}",-0.0,-0.0,0.0,C1447749,0.0
mm_0127390,BioBERT,0.0,1.0,sapbert_full_len3,6,6,0,5,False,1,-0.0,-0.0,C1955876,True,6.0,1.0,"{""C1955876"": 6}",-0.0,-0.0,0.0,C1955876,0.0
mm_0127390,BioMistral-7B,0.0,0.9999998807907104,sapbert_full_len3,6,6,0,5,False,2,0.6500224216483541,0.25146299858006066,C0019693,False,,,,,,,,
mm_0127390,FLAN-T5-base,0.0,1.0,sapbert_full_len3,6,6,0,5,False,3,1.2516291673878228,0.4841962570206112,C0019693,False,,,,,,,,
mm_0127390,Llama3-OpenBioLLM-8B,0.0,0.9999997615814208,sapbert_full_len3,6,6,0,5,False,3,1.4591479170272446,0.5644754678724235,C0087111,False,,,,,,,,
mm_0127390,Meta-Llama-3-8B-Instruct,1.0,1.0,sapbert_full_len3,6,6,0,5,False,3,1.584962500721156,0.6131471927654584,C0087111,False,,,,,,,,
mm_0127390,Mistral-7B-Instruct-v0.1,0.0,0.9999998807907104,sapbert_full_len3,6,6,0,5,False,1,-0.0,-0.0,C0019693,True,,,,,,,,
mm_0127390,PubMedBERT,0.0,1.0,sapbert_full_len3,6,6,0,5,False,1,-0.0,-0.0,C1839576,True,6.0,1.0,"{""C1839576"": 6}",-0.0,-0.0,0.0,C1839576,0.0
mm_0127475,BERT-base,0.0,1.0,sapbert_full_len3,8,8,0,7,False,2,0.5435644431995964,0.1811881477331988,C4318429,False,8.0,2.0,"{""C4318429"": 7, ""UMLS:C0282498"": 1}",0.5435644431995964,0.1811881477331988,0.125,C4318429,0.0
mm_0127475,BioBERT,1.0,1.0,sapbert_full_len3,8,8,0,7,False,1,-0.0,-0.0,C0282498,True,8.0,1.0,"{""UMLS:C0282498"": 8}",-0.0,-0.0,1.0,UMLS:C0282498,0.0
mm_0127475,BioMistral-7B,0.0,0.9999998807907104,sapbert_full_len3,8,8,0,7,False,1,-0.0,-0.0,C0230704,True,,,,,,,,
mm_0127475,FLAN-T5-base,0.0,1.0,sapbert_full_len3,8,8,0,7,False,2,0.5435644431995964,0.1811881477331988,C0230704,False,,,,,,,,
mm_0127475,Llama3-OpenBioLLM-8B,0.0,0.9616718292236328,sapbert_full_len3,8,8,0,7,False,4,1.75,0.5833333333333334,C2265632,False,,,,,,,,
mm_0127475,Meta-Llama-3-8B-Instruct,0.0,0.9616718292236328,sapbert_full_len3,8,8,0,7,False,2,0.8112781244591328,0.2704260414863776,C2265632,False,,,,,,,,
mm_0127475,Mistral-7B-Instruct-v0.1,0.0,0.9616718292236328,sapbert_full_len3,8,8,0,7,False,4,1.75,0.5833333333333334,C0230704,False,,,,,,,,
mm_0127475,PubMedBERT,0.0,1.0,sapbert_full_len3,8,8,0,7,False,2,0.5435644431995964,0.1811881477331988,C1447749,False,8.0,2.0,"{""C1839576"": 1, ""C1447749"": 7}",0.5435644431995964,0.1811881477331988,0.0,C1447749,0.0
mm_0127798,BERT-base,0.0,1.0,sapbert_full_len3,5,5,0,4,False,1,-0.0,-0.0,C1257990,True,5.0,1.0,"{""UMLS:C1257990"": 5}",-0.0,-0.0,0.0,UMLS:C1257990,0.0
mm_0127798,BioBERT,0.0,1.0,sapbert_full_len3,5,5,0,4,False,1,-0.0,-0.0,C1257990,True,5.0,1.0,"{""UMLS:C1257990"": 5}",-0.0,-0.0,0.0,UMLS:C1257990,0.0
mm_0127798,BioMistral-7B,0.0,0.9999998807907104,sapbert_full_len3,5,5,0,4,False,2,0.9709505944546686,0.4181656600790516,C1269955,False,,,,,,,,
mm_0127798,FLAN-T5-base,1.0,1.0,sapbert_full_len3,5,5,0,4,False,1,-0.0,-0.0,C0034693,True,,,,,,,,
mm_0127798,Llama3-OpenBioLLM-8B,0.0,0.9999998807907104,sapbert_full_len3,5,5,0,4,False,3,1.3709505944546687,0.5904362833084089,C2699153,False,,,,,,,,
mm_0127798,Meta-Llama-3-8B-Instruct,0.0,1.0000001192092896,sapbert_full_len3,5,5,0,4,False,1,-0.0,-0.0,C2699153,True,,,,,,,,
mm_0127798,Mistral-7B-Instruct-v0.1,0.0,1.0,sapbert_full_len3,5,5,0,4,False,2,0.9709505944546686,0.4181656600790516,C1269955,False,,,,,,,,
mm_0127798,PubMedBERT,0.0,1.0,sapbert_full_len3,5,5,0,4,False,1,-0.0,-0.0,C1257990,True,5.0,1.0,"{""UMLS:C1257990"": 5}",-0.0,-0.0,0.0,UMLS:C1257990,0.0
mm_0128071,BERT-base,0.0,1.0,sapbert_full_len3,6,6,0,5,False,2,0.9182958340544896,0.355245321275764,C1447749,False,6.0,2.0,"{""UMLS:C0242193"": 2, ""C1447749"": 4}",0.9182958340544896,0.355245321275764,0.0,C1447749,0.0
mm_0128071,BioBERT,0.0,1.0,sapbert_full_len3,6,6,0,5,False,1,-0.0,-0.0,C0681906,True,6.0,1.0,"{""UMLS:C0681906"": 6}",-0.0,-0.0,0.0,UMLS:C0681906,0.0
mm_0128071,BioMistral-7B,0.0,1.0,sapbert_full_len3,6,6,0,5,False,2,0.9182958340544896,0.355245321275764,C0679646,False,,,,,,,,
mm_0128071,FLAN-T5-base,0.0,1.0,sapbert_full_len3,6,6,0,5,False,1,-0.0,-0.0,C0679646,True,,,,,,,,
mm_0128071,Llama3-OpenBioLLM-8B,0.0,1.0,sapbert_full_len3,6,6,0,5,False,3,1.4591479170272446,0.5644754678724235,C0679646,False,,,,,,,,
mm_0128071,Meta-Llama-3-8B-Instruct,0.0,1.0,sapbert_full_len3,6,6,0,5,False,3,1.4591479170272446,0.5644754678724235,C0004936,False,,,,,,,,
mm_0128071,Mistral-7B-Instruct-v0.1,0.0,0.9999997615814208,sapbert_full_len3,6,6,0,5,False,2,0.6500224216483541,0.25146299858006066,C0525045,False,,,,,,,,
mm_0128071,PubMedBERT,0.0,1.0,sapbert_full_len3,6,6,0,5,False,1,-0.0,-0.0,C1839576,True,6.0,1.0,"{""C1839576"": 6}",-0.0,-0.0,0.0,C1839576,0.0
mm_0128293,BERT-base,0.0,1.0,sapbert_full_len3,5,5,0,4,False,1,-0.0,-0.0,C1257990,True,5.0,1.0,"{""UMLS:C1257990"": 5}",-0.0,-0.0,0.0,UMLS:C1257990,0.0
mm_0128293,BioBERT,0.0,1.0,sapbert_full_len3,5,5,0,4,False,2,0.7219280948873623,0.31091750708257115,C0008396,False,5.0,2.0,"{""UMLS:C1257990"": 1, ""C0008396"": 4}",0.7219280948873623,0.3109175070825711,0.0,C0008396,0.0
mm_0128293,BioMistral-7B,1.0,1.0,sapbert_full_len3,5,5,0,4,False,1,-0.0,-0.0,C0021368,True,,,,,,,,
mm_0128293,FLAN-T5-base,1.0,1.0,sapbert_full_len3,5,5,0,4,False,1,-0.0,-0.0,C0021368,True,,,,,,,,
mm_0128293,Llama3-OpenBioLLM-8B,0.0,0.9999998807907104,sapbert_full_len3,5,5,0,4,False,1,-0.0,-0.0,C0035126,True,,,,,,,,
mm_0128293,Meta-Llama-3-8B-Instruct,0.0,0.9999998807907104,sapbert_full_len3,5,5,0,4,False,3,1.5219280948873621,0.6554587535412855,C0035126,False,,,,,,,,
mm_0128293,Mistral-7B-Instruct-v0.1,0.0,0.9999998807907104,sapbert_full_len3,5,5,0,4,False,2,0.9709505944546686,0.4181656600790516,C0242606,False,,,,,,,,
mm_0128293,PubMedBERT,0.0,1.0,sapbert_full_len3,5,5,0,4,False,1,-0.0,-0.0,C1839576,True,5.0,1.0,"{""C1839576"": 5}",-0.0,-0.0,0.0,C1839576,0.0
mm_0128830,BERT-base,0.0,1.0,sapbert_full_len3,5,5,0,4,False,2,0.7219280948873623,0.31091750708257115,C0169661,False,5.0,2.0,"{""C0169661"": 4, ""C0246486"": 1}",0.7219280948873623,0.3109175070825711,0.0,C0169661,0.0
mm_0128830,BioBERT,0.0,1.0,sapbert_full_len3,5,5,0,4,False,2,0.9709505944546686,0.4181656600790516,C0013728,False,5.0,2.0,"{""C0013728"": 3, ""C1431322"": 2}",0.9709505944546686,0.4181656600790516,0.0,C0013728,0.0
mm_0128830,BioMistral-7B,0.0,1.0,sapbert_full_len3,5,5,0,4,False,1,-0.0,-0.0,C1334333,True,,,,,,,,
mm_0128830,FLAN-T5-base,0.0,0.999999701976776,sapbert_full_len3,5,5,0,4,False,2,0.7219280948873623,0.31091750708257115,C1449886,False,,,,,,,,
mm_0128830,Llama3-OpenBioLLM-8B,1.0,0.9999998211860656,sapbert_full_len3,5,5,0,4,False,1,-0.0,-0.0,C1449886,True,,,,,,,,
mm_0128830,Meta-Llama-3-8B-Instruct,1.0,1.0,sapbert_full_len3,5,5,0,4,False,1,-0.0,-0.0,C1449886,True,,,,,,,,
mm_0128830,Mistral-7B-Instruct-v0.1,0.0,0.999999701976776,sapbert_full_len3,5,5,0,4,False,1,-0.0,-0.0,C1334333,True,,,,,,,,
mm_0128830,PubMedBERT,0.0,1.0,sapbert_full_len3,5,5,0,4,False,1,-0.0,-0.0,C1370369,True,5.0,1.0,"{""C1370369"": 5}",-0.0,-0.0,0.0,C1370369,0.0
mm_0128980,BERT-base,0.0,1.0,sapbert_full_len3,8,8,0,7,False,3,1.2987949406953985,0.43293164689846614,C0358514,False,8.0,3.0,"{""UMLS:C0358514"": 5, ""UMLS:C0038467"": 2, ""C0282597"": 1}",1.2987949406953985,0.4329316468984661,0.0,UMLS:C0358514,0.0
mm_0128980,BioBERT,0.0,1.0,sapbert_full_len3,8,8,0,7,False,2,0.5435644431995964,0.1811881477331988,C1257990,False,8.0,2.0,"{""UMLS:C1257990"": 7, ""UMLS:C4041873"": 1}",0.5435644431995964,0.1811881477331988,0.0,UMLS:C1257990,0.0
mm_0128980,BioMistral-7B,0.0,0.7719999551773071,sapbert_full_len3,8,8,0,7,False,6,2.5,0.8333333333333334,C0259580,False,,,,,,,,
mm_0128980,FLAN-T5-base,0.0,0.909693479537964,sapbert_full_len3,8,6,2,7,False,3,1.2516291673878228,0.4172097224626076,C2239268,False,,,,,,,,
mm_0128980,Llama3-OpenBioLLM-8B,0.0,0.9999998211860656,sapbert_full_len3,8,8,0,7,False,4,1.75,0.5833333333333334,C0039297,False,,,,,,,,
mm_0128980,Meta-Llama-3-8B-Instruct,0.0,1.0,sapbert_full_len3,8,8,0,7,False,5,2.25,0.75,C4505209,False,,,,,,,,
mm_0128980,Mistral-7B-Instruct-v0.1,0.0,0.6977033019065857,sapbert_full_len3,8,6,2,7,False,2,0.9182958340544896,0.3060986113514965,C0024485,False,,,,,,,,
mm_0128980,PubMedBERT,0.0,1.0,sapbert_full_len3,8,8,0,7,False,1,-0.0,-0.0,C0018966,True,8.0,1.0,"{""C0018966"": 8}",-0.0,-0.0,0.0,C0018966,0.0
mm_0129592,BERT-base,0.0,1.0,sapbert_full_len3,4,4,0,3,False,1,-0.0,-0.0,C0525041,True,4.0,1.0,"{""C0525041"": 4}",-0.0,-0.0,0.0,C0525041,0.0
mm_0129592,BioBERT,0.0,1.0,sapbert_full_len3,4,4,0,3,False,2,1.0,0.5,C1447749,False,4.0,2.0,"{""C1447749"": 2, ""UMLS:C4285807"": 2}",1.0,0.5,0.5,C1447749,1.0
mm_0129592,BioMistral-7B,0.0,0.999999701976776,sapbert_full_len3,4,4,0,3,False,1,-0.0,-0.0,C0040517,True,,,,,,,,
mm_0129592,FLAN-T5-base,0.0,0.999999701976776,sapbert_full_len3,4,4,0,3,False,1,-0.0,-0.0,C0040517,True,,,,,,,,
mm_0129592,Llama3-OpenBioLLM-8B,0.0,0.999999701976776,sapbert_full_len3,4,4,0,3,False,1,-0.0,-0.0,C0040517,True,,,,,,,,
mm_0129592,Meta-Llama-3-8B-Instruct,0.0,0.9999998807907104,sapbert_full_len3,4,4,0,3,False,1,-0.0,-0.0,C0040517,True,,,,,,,,
mm_0129592,Mistral-7B-Instruct-v0.1,0.0,0.9999998807907104,sapbert_full_len3,4,4,0,3,False,1,-0.0,-0.0,C0040517,True,,,,,,,,
mm_0129592,PubMedBERT,0.0,1.0,sapbert_full_len3,4,4,0,3,False,1,-0.0,-0.0,C1447749,True,4.0,1.0,"{""C1447749"": 4}",-0.0,-0.0,0.0,C1447749,0.0
mm_0130154,BERT-base,0.0,1.0,sapbert_full_len3,5,5,0,4,False,1,-0.0,-0.0,C1257990,True,5.0,1.0,"{""UMLS:C1257990"": 5}",-0.0,-0.0,0.0,UMLS:C1257990,0.0
mm_0130154,BioBERT,0.0,1.0,sapbert_full_len3,5,5,0,4,False,2,0.7219280948873623,0.31091750708257115,C1707887,False,5.0,2.0,"{""UMLS:C1707887"": 4, ""UMLS:C0282498"": 1}",0.7219280948873623,0.3109175070825711,0.0,UMLS:C1707887,0.0
mm_0130154,BioMistral-7B,1.0,0.9124904870986938,sapbert_full_len3,5,5,0,4,False,2,0.7219280948873623,0.31091750708257115,C0026882,False,,,,,,,,
mm_0130154,FLAN-T5-base,0.0,0.9999998211860656,sapbert_full_len3,5,5,0,4,False,1,-0.0,-0.0,C0026882,True,,,,,,,,
mm_0130154,Llama3-OpenBioLLM-8B,0.0,0.8063507080078125,sapbert_full_len3,5,5,0,4,False,2,0.7219280948873623,0.31091750708257115,C1705250,False,,,,,,,,
mm_0130154,Meta-Llama-3-8B-Instruct,0.0,0.8896130919456482,sapbert_full_len3,5,5,0,4,False,1,-0.0,-0.0,C4718639,True,,,,,,,,
mm_0130154,Mistral-7B-Instruct-v0.1,0.0,1.0,sapbert_full_len3,5,5,0,4,False,2,0.9709505944546686,0.4181656600790516,C0026882,False,,,,,,,,
mm_0130154,PubMedBERT,0.0,1.0,sapbert_full_len3,5,5,0,4,False,1,-0.0,-0.0,C1839576,True,5.0,1.0,"{""C1839576"": 5}",-0.0,-0.0,0.0,C1839576,0.0
mm_0130631,BERT-base,0.0,1.0,sapbert_full_len3,5,5,0,4,False,1,-0.0,-0.0,C1447749,True,5.0,1.0,"{""C1447749"": 5}",-0.0,-0.0,0.0,C1447749,0.0
mm_0130631,BioBERT,0.0,1.0,sapbert_full_len3,5,5,0,4,False,1,-0.0,-0.0,C0008396,True,5.0,1.0,"{""C0008396"": 5}",-0.0,-0.0,0.0,C0008396,0.0
mm_0130631,BioMistral-7B,0.0,1.0,sapbert_full_len3,5,5,0,4,False,3,1.5219280948873621,0.6554587535412855,C0010762,False,,,,,,,,
mm_0130631,FLAN-T5-base,0.0,1.0,sapbert_full_len3,5,5,0,4,False,2,0.9709505944546686,0.4181656600790516,C0025516,False,,,,,,,,
mm_0130631,Llama3-OpenBioLLM-8B,0.0,0.9999999403953552,sapbert_full_len3,5,5,0,4,False,2,0.9709505944546686,0.4181656600790516,C0025516,False,,,,,,,,
mm_0130631,Meta-Llama-3-8B-Instruct,0.0,1.0,sapbert_full_len3,5,5,0,4,False,1,-0.0,-0.0,C0025516,True,,,,,,,,
mm_0130631,Mistral-7B-Instruct-v0.1,0.0,0.9999999403953552,sapbert_full_len3,5,5,0,4,False,2,0.7219280948873623,0.31091750708257115,C0025516,False,,,,,,,,
mm_0130631,PubMedBERT,0.0,1.0,sapbert_full_len3,5,5,0,4,False,1,-0.0,-0.0,C1447749,True,5.0,1.0,"{""C1447749"": 5}",-0.0,-0.0,0.0,C1447749,0.0
mm_0132151,BERT-base,0.0,1.0,sapbert_full_len3,5,5,0,4,False,1,-0.0,-0.0,C0282597,True,5.0,1.0,"{""C0282597"": 5}",-0.0,-0.0,0.0,C0282597,0.0
mm_0132151,BioBERT,0.0,1.0,sapbert_full_len3,5,5,0,4,False,1,-0.0,-0.0,C1257990,True,5.0,1.0,"{""UMLS:C1257990"": 5}",-0.0,-0.0,0.0,UMLS:C1257990,0.0
mm_0132151,BioMistral-7B,1.0,1.0,sapbert_full_len3,5,5,0,4,False,1,-0.0,-0.0,C0007634,True,,,,,,,,
mm_0132151,FLAN-T5-base,1.0,1.0,sapbert_full_len3,5,5,0,4,False,1,-0.0,-0.0,C0007634,True,,,,,,,,
mm_0132151,Llama3-OpenBioLLM-8B,0.0,0.999999701976776,sapbert_full_len3,5,5,0,4,False,2,0.7219280948873623,0.31091750708257115,C1883249,False,,,,,,,,
mm_0132151,Meta-Llama-3-8B-Instruct,0.0,1.0,sapbert_full_len3,5,5,0,4,False,2,0.9709505944546686,0.4181656600790516,C1883249,False,,,,,,,,
mm_0132151,Mistral-7B-Instruct-v0.1,0.0,0.999999701976776,sapbert_full_len3,5,5,0,4,False,3,1.5219280948873621,0.6554587535412855,C0007634,False,,,,,,,,
mm_0132151,PubMedBERT,0.0,1.0,sapbert_full_len3,5,5,0,4,False,1,-0.0,-0.0,C1447749,True,5.0,1.0,"{""C1447749"": 5}",-0.0,-0.0,0.0,C1447749,0.0
mm_0132452,BERT-base,0.0,1.0,sapbert_full_len3,4,4,0,3,False,2,1.0,0.5,C0034394,False,4.0,3.0,"{""C0034394"": 1, ""UMLS:C0034394"": 1, ""C4042892"": 2}",1.5,0.75,0.0,C4042892,1.0
mm_0132452,BioBERT,0.0,1.0,sapbert_full_len3,4,4,0,3,False,2,0.8112781244591328,0.4056390622295664,C1257990,False,4.0,2.0,"{""UMLS:C1257990"": 3, ""UMLS:C0242193"": 1}",0.8112781244591328,0.4056390622295664,0.0,UMLS:C1257990,0.0
mm_0132452,BioMistral-7B,1.0,0.9999998807907104,sapbert_full_len3,4,4,0,3,False,1,-0.0,-0.0,C0242428,True,,,,,,,,
mm_0132452,FLAN-T5-base,0.0,0.9999997615814208,sapbert_full_len3,4,4,0,3,False,2,1.0,0.5,C1261322,False,,,,,,,,
mm_0132452,Llama3-OpenBioLLM-8B,1.0,0.9999998807907104,sapbert_full_len3,4,4,0,3,False,1,-0.0,-0.0,C0242428,True,,,,,,,,
mm_0132452,Meta-Llama-3-8B-Instruct,0.0,1.0,sapbert_full_len3,4,4,0,3,False,2,0.8112781244591328,0.4056390622295664,C1274040,False,,,,,,,,
mm_0132452,Mistral-7B-Instruct-v0.1,1.0,1.0,sapbert_full_len3,4,4,0,3,False,1,-0.0,-0.0,C0242428,True,,,,,,,,
mm_0132452,PubMedBERT,0.0,1.0,sapbert_full_len3,4,4,0,3,False,2,0.8112781244591328,0.4056390622295664,C1839576,False,4.0,2.0,"{""C1839576"": 3, ""UMLS:C1707887"": 1}",0.8112781244591328,0.4056390622295664,0.0,C1839576,0.0
mm_0132655,BERT-base,0.0,1.0,sapbert_full_len3,5,5,0,4,False,1,-0.0,-0.0,C1312419,True,5.0,1.0,"{""C1312419"": 5}",-0.0,-0.0,0.0,C1312419,0.0
mm_0132655,BioBERT,0.0,1.0,sapbert_full_len3,5,5,0,4,False,1,-0.0,-0.0,C0013728,True,5.0,1.0,"{""C0013728"": 5}",-0.0,-0.0,0.0,C0013728,0.0
mm_0132655,BioMistral-7B,0.0,0.8222373723983765,sapbert_full_len3,5,5,0,4,False,2,0.9709505944546686,0.4181656600790516,C5887230,False,,,,,,,,
mm_0132655,FLAN-T5-base,0.0,0.8689256906509399,sapbert_full_len3,5,5,0,4,False,2,0.9709505944546686,0.4181656600790516,C0040302,False,,,,,,,,
mm_0132655,Llama3-OpenBioLLM-8B,0.0,0.8222416043281555,sapbert_full_len3,5,5,0,4,False,2,0.9709505944546686,0.4181656600790516,C5887230,False,,,,,,,,
mm_0132655,Meta-Llama-3-8B-Instruct,0.0,0.8222373723983765,sapbert_full_len3,5,5,0,4,False,2,0.9709505944546686,0.4181656600790516,C5887230,False,,,,,,,,
mm_0132655,Mistral-7B-Instruct-v0.1,0.0,0.8222416043281555,sapbert_full_len3,5,5,0,4,False,2,0.9709505944546686,0.4181656600790516,C5887230,False,,,,,,,,
mm_0132655,PubMedBERT,0.0,1.0,sapbert_full_len3,5,5,0,4,False,1,-0.0,-0.0,C1447749,True,5.0,1.0,"{""C1447749"": 5}",-0.0,-0.0,0.0,C1447749,0.0
mm_0132764,BERT-base,0.0,1.0,sapbert_full_len3,9,9,0,8,False,2,0.7642045065086203,0.24107968048484052,C1257990,False,9.0,2.0,"{""UMLS:C1257990"": 7, ""C1431519"": 2}",0.7642045065086203,0.2410796804848405,0.0,UMLS:C1257990,0.0
mm_0132764,BioBERT,0.0,1.0,sapbert_full_len3,9,9,0,8,False,1,-0.0,-0.0,C1257990,True,9.0,1.0,"{""UMLS:C1257990"": 9}",-0.0,-0.0,0.0,UMLS:C1257990,0.0
mm_0132764,BioMistral-7B,0.0,1.0,sapbert_full_len3,9,9,0,8,False,2,0.9182958340544896,0.2896900821428475,C0022938,False,,,,,,,,
mm_0132764,FLAN-T5-base,0.0,0.9999999403953552,sapbert_full_len3,9,9,0,8,False,1,-0.0,-0.0,C0023899,True,,,,,,,,
mm_0132764,Llama3-OpenBioLLM-8B,1.0,0.8229168653488159,sapbert_full_len3,9,9,0,8,False,2,0.7642045065086203,0.24107968048484052,C0736268,False,,,,,,,,
mm_0132764,Meta-Llama-3-8B-Instruct,0.0,1.0,sapbert_full_len3,9,9,0,8,False,3,1.224394445405986,0.3862534428571301,C0023899,False,,,,,,,,
mm_0132764,Mistral-7B-Instruct-v0.1,0.0,0.9999999403953552,sapbert_full_len3,9,9,0,8,False,3,1.3921472236645345,0.4391735523809267,C0344441,False,,,,,,,,
mm_0132764,PubMedBERT,0.0,1.0,sapbert_full_len3,9,9,0,8,False,2,0.7642045065086203,0.24107968048484052,C1257990,False,9.0,2.0,"{""UMLS:C1257990"": 7, ""C1447749"": 2}",0.7642045065086203,0.2410796804848405,0.0,UMLS:C1257990,0.0
mm_0132893,BERT-base,0.0,1.0,sapbert_full_len3,7,7,0,6,False,1,-0.0,-0.0,C0444254,True,7.0,1.0,"{""UMLS:C0444254"": 7}",-0.0,-0.0,0.0,UMLS:C0444254,0.0
mm_0132893,BioBERT,0.0,1.0,sapbert_full_len3,7,7,0,6,False,3,1.3787834934861753,0.49113258984568253,C1257990,False,7.0,3.0,"{""UMLS:C1707887"": 1, ""C0016709"": 2, ""UMLS:C1257990"": 4}",1.3787834934861751,0.4911325898456825,0.0,UMLS:C1257990,0.0
mm_0132893,BioMistral-7B,0.0,0.9999998211860656,sapbert_full_len3,7,7,0,6,False,2,0.9852281360342515,0.35094534299644053,C1160858,False,,,,,,,,
mm_0132893,FLAN-T5-base,0.0,0.9999999403953552,sapbert_full_len3,7,7,0,6,False,4,1.9502120649147465,0.6946795539074094,C0004927,False,,,,,,,,
mm_0132893,Llama3-OpenBioLLM-8B,0.0,0.9999998211860656,sapbert_full_len3,7,7,0,6,False,2,0.9852281360342515,0.35094534299644053,C0011327,False,,,,,,,,
mm_0132893,Meta-Llama-3-8B-Instruct,0.0,1.0,sapbert_full_len3,7,7,0,6,False,2,0.5916727785823275,0.21075809614719848,C1160858,False,,,,,,,,
mm_0132893,Mistral-7B-Instruct-v0.1,0.0,1.0,sapbert_full_len3,7,7,0,6,False,3,1.1488348542809166,0.4092232318950598,C1160858,False,,,,,,,,
mm_0132893,PubMedBERT,0.0,1.0,sapbert_full_len3,7,7,0,6,False,2,0.9852281360342515,0.35094534299644053,C1423931,False,7.0,2.0,"{""UMLS:C1707887"": 3, ""UMLS:C1423931"": 4}",0.9852281360342516,0.3509453429964405,0.0,UMLS:C1423931,0.0
mm_0133360,BERT-base,0.0,1.0,sapbert_full_len3,7,7,0,6,False,4,1.6644977792004614,0.5929060718765461,C1257990,False,7.0,4.0,"{""UMLS:C1257990"": 4, ""C1447749"": 1, ""C1566790"": 1, ""C0055966"": 1}",1.6644977792004614,0.5929060718765461,0.0,UMLS:C1257990,1.0
mm_0133360,BioBERT,0.0,1.0,sapbert_full_len3,7,7,0,6,False,1,-0.0,-0.0,C0258846,True,7.0,1.0,"{""C0258846"": 7}",-0.0,-0.0,0.0,C0258846,0.0
mm_0133360,BioMistral-7B,1.0,0.9999995827674866,sapbert_full_len3,7,7,0,6,False,1,-0.0,-0.0,C0812230,True,,,,,,,,
mm_0133360,FLAN-T5-base,0.0,0.9999998211860656,sapbert_full_len3,7,7,0,6,False,2,0.863120568566631,0.30744974986419643,C0162429,False,,,,,,,,
mm_0133360,Llama3-OpenBioLLM-8B,1.0,1.0,sapbert_full_len3,7,7,0,6,False,1,-0.0,-0.0,C0812230,True,,,,,,,,
mm_0133360,Meta-Llama-3-8B-Instruct,0.0,0.9999998807907104,sapbert_full_len3,7,7,0,6,False,3,1.3787834934861753,0.49113258984568253,C2246747,False,,,,,,,,
mm_0133360,Mistral-7B-Instruct-v0.1,1.0,0.9999995827674866,sapbert_full_len3,7,7,0,6,False,1,-0.0,-0.0,C0812230,True,,,,,,,,
mm_0133360,PubMedBERT,0.0,1.0,sapbert_full_len3,7,7,0,6,False,2,0.863120568566631,0.30744974986419643,C1423931,False,7.0,2.0,"{""UMLS:C1423931"": 5, ""C1447749"": 2}",0.863120568566631,0.3074497498641964,0.0,UMLS:C1423931,0.0
mm_0133554,BERT-base,0.0,1.0,sapbert_full_len3,6,6,0,5,False,1,-0.0,-0.0,C0242193,True,6.0,1.0,"{""UMLS:C0242193"": 6}",-0.0,-0.0,0.0,UMLS:C0242193,0.0
mm_0133554,BioBERT,0.0,1.0,sapbert_full_len3,6,6,0,5,False,3,1.584962500721156,0.6131471927654584,C0242193,False,6.0,3.0,"{""UMLS:C0242193"": 2, ""C0027609"": 2, ""UMLS:C1707887"": 2}",1.584962500721156,0.6131471927654584,0.0,UMLS:C0242193,1.0
mm_0133554,BioMistral-7B,0.0,0.7139254808425903,sapbert_full_len3,6,6,0,5,False,2,0.9182958340544896,0.355245321275764,C0260962,False,,,,,,,,
mm_0133554,FLAN-T5-base,0.0,0.7139254808425903,sapbert_full_len3,6,6,0,5,False,1,-0.0,-0.0,C0260962,True,,,,,,,,
mm_0133554,Llama3-OpenBioLLM-8B,0.0,1.0,sapbert_full_len3,6,6,0,5,False,3,1.584962500721156,0.6131471927654584,C0035171,False,,,,,,,,
mm_0133554,Meta-Llama-3-8B-Instruct,0.0,0.9999998807907104,sapbert_full_len3,6,6,0,5,False,1,-0.0,-0.0,C0034379,True,,,,,,,,
mm_0133554,Mistral-7B-Instruct-v0.1,0.0,0.7139502763748169,sapbert_full_len3,6,6,0,5,False,2,0.6500224216483541,0.25146299858006066,C0260962,False,,,,,,,,
mm_0133554,PubMedBERT,0.0,1.0,sapbert_full_len3,6,6,0,5,False,1,-0.0,-0.0,C1447749,True,6.0,1.0,"{""C1447749"": 6}",-0.0,-0.0,0.0,C1447749,0.0
mm_0133581,BERT-base,1.0,1.0,sapbert_full_len3,8,8,0,7,False,1,-0.0,-0.0,C0032521,True,8.0,1.0,"{""UMLS:C0032521"": 8}",-0.0,-0.0,1.0,UMLS:C0032521,0.0
mm_0133581,BioBERT,1.0,1.0,sapbert_full_len3,8,8,0,7,False,1,-0.0,-0.0,C0032521,True,8.0,1.0,"{""UMLS:C0032521"": 8}",-0.0,-0.0,1.0,UMLS:C0032521,0.0
mm_0133581,BioMistral-7B,0.0,0.8370833396911621,sapbert_full_len3,8,8,0,7,False,4,2.0,0.6666666666666666,C0574031,False,,,,,,,,
mm_0133581,FLAN-T5-base,0.0,0.7546631097793579,sapbert_full_len3,8,8,0,7,False,3,1.061278124459133,0.353759374819711,C0005479,False,,,,,,,,
mm_0133581,Llama3-OpenBioLLM-8B,0.0,0.7546631097793579,sapbert_full_len3,8,8,0,7,False,2,0.8112781244591328,0.2704260414863776,C0005479,False,,,,,,,,
mm_0133581,Meta-Llama-3-8B-Instruct,0.0,0.9999999403953552,sapbert_full_len3,8,8,0,7,False,2,0.8112781244591328,0.2704260414863776,C1879843,False,,,,,,,,
mm_0133581,Mistral-7B-Instruct-v0.1,0.0,0.7546807527542114,sapbert_full_len3,8,8,0,7,False,2,0.8112781244591328,0.2704260414863776,C0005479,False,,,,,,,,
mm_0133581,PubMedBERT,0.0,1.0,sapbert_full_len3,8,8,0,7,False,2,0.8112781244591328,0.2704260414863776,C1447749,False,8.0,2.0,"{""C1447749"": 6, ""UMLS:C1257990"": 2}",0.8112781244591328,0.2704260414863776,0.0,C1447749,0.0
mm_0133687,BERT-base,0.0,1.0,sapbert_full_len3,4,4,0,3,False,1,-0.0,-0.0,C0282597,True,4.0,1.0,"{""C0282597"": 4}",-0.0,-0.0,0.0,C0282597,0.0
mm_0133687,BioBERT,0.0,1.0,sapbert_full_len3,4,4,0,3,False,1,-0.0,-0.0,C1257990,True,4.0,1.0,"{""UMLS:C1257990"": 4}",-0.0,-0.0,0.0,UMLS:C1257990,0.0
mm_0133687,BioMistral-7B,0.0,0.7976107597351074,sapbert_full_len3,4,4,0,3,False,1,-0.0,-0.0,C1656799,True,,,,,,,,
mm_0133687,FLAN-T5-base,0.0,0.8316299319267273,sapbert_full_len3,4,4,0,3,False,1,-0.0,-0.0,C0032483,True,,,,,,,,
mm_0133687,Llama3-OpenBioLLM-8B,0.0,0.79752516746521,sapbert_full_len3,4,4,0,3,False,2,0.8112781244591328,0.4056390622295664,C3897884,False,,,,,,,,
mm_0133687,Meta-Llama-3-8B-Instruct,0.0,0.8408628702163696,sapbert_full_len3,4,4,0,3,False,1,-0.0,-0.0,C5940816,True,,,,,,,,
mm_0133687,Mistral-7B-Instruct-v0.1,0.0,0.79752516746521,sapbert_full_len3,4,3,1,3,False,2,0.9182958340544896,0.4591479170272448,C5940816,False,,,,,,,,
mm_0133687,PubMedBERT,0.0,1.0,sapbert_full_len3,4,4,0,3,False,2,0.8112781244591328,0.4056390622295664,C1839576,False,4.0,2.0,"{""C1839576"": 3, ""UMLS:C1257990"": 1}",0.8112781244591328,0.4056390622295664,0.0,C1839576,0.0
mm_0134026,BERT-base,0.0,1.0,sapbert_full_len3,5,5,0,4,False,1,-0.0,-0.0,C1257990,True,5.0,1.0,"{""UMLS:C1257990"": 5}",-0.0,-0.0,0.0,UMLS:C1257990,0.0
mm_0134026,BioBERT,0.0,1.0,sapbert_full_len3,5,5,0,4,False,1,-0.0,-0.0,C1257990,True,5.0,1.0,"{""UMLS:C1257990"": 5}",-0.0,-0.0,0.0,UMLS:C1257990,0.0
mm_0134026,BioMistral-7B,1.0,1.0,sapbert_full_len3,5,5,0,4,False,1,-0.0,-0.0,C0022773,True,,,,,,,,
mm_0134026,FLAN-T5-base,1.0,1.0,sapbert_full_len3,5,5,0,4,False,1,-0.0,-0.0,C0022773,True,,,,,,,,
mm_0134026,Llama3-OpenBioLLM-8B,0.0,0.9999998211860656,sapbert_full_len3,5,5,0,4,False,2,0.7219280948873623,0.31091750708257115,C0022773,False,,,,,,,,
mm_0134026,Meta-Llama-3-8B-Instruct,0.0,0.9999998211860656,sapbert_full_len3,5,5,0,4,False,1,-0.0,-0.0,C1513384,True,,,,,,,,
mm_0134026,Mistral-7B-Instruct-v0.1,0.0,0.9999995231628418,sapbert_full_len3,5,5,0,4,False,1,-0.0,-0.0,C0080143,True,,,,,,,,
mm_0134026,PubMedBERT,0.0,1.0,sapbert_full_len3,5,5,0,4,False,1,-0.0,-0.0,C1839576,True,5.0,1.0,"{""C1839576"": 5}",-0.0,-0.0,0.0,C1839576,0.0
mm_0135029,BERT-base,0.0,1.0,sapbert_full_len3,7,7,0,6,False,1,-0.0,-0.0,C1447749,True,7.0,1.0,"{""C1447749"": 7}",-0.0,-0.0,0.0,C1447749,0.0
mm_0135029,BioBERT,0.0,1.0,sapbert_full_len3,7,7,0,6,False,3,1.3787834934861753,0.49113258984568253,C1370369,False,7.0,3.0,"{""C1370369"": 4, ""C1447749"": 1, ""C0025677"": 2}",1.3787834934861751,0.4911325898456825,0.0,C1370369,0.0
mm_0135029,BioMistral-7B,0.0,0.9999998807907104,sapbert_full_len3,7,7,0,6,False,2,0.863120568566631,0.30744974986419643,C1540290,False,,,,,,,,
mm_0135029,FLAN-T5-base,0.0,1.0,sapbert_full_len3,7,7,0,6,False,3,1.1488348542809166,0.4092232318950598,C0231491,False,,,,,,,,
mm_0135029,Llama3-OpenBioLLM-8B,0.0,1.0,sapbert_full_len3,7,7,0,6,False,1,-0.0,-0.0,C0231491,True,,,,,,,,
mm_0135029,Meta-Llama-3-8B-Instruct,0.0,1.0,sapbert_full_len3,7,7,0,6,False,1,-0.0,-0.0,C0231491,True,,,,,,,,
mm_0135029,Mistral-7B-Instruct-v0.1,0.0,1.0,sapbert_full_len3,7,7,0,6,False,2,0.9852281360342515,0.35094534299644053,C0231491,False,,,,,,,,
mm_0135029,PubMedBERT,0.0,1.0,sapbert_full_len3,7,7,0,6,False,2,0.863120568566631,0.30744974986419643,C0015131,False,7.0,2.0,"{""C0015131"": 5, ""C0018966"": 2}",0.863120568566631,0.3074497498641964,0.0,C0015131,0.0
mm_0135287,BERT-base,0.0,1.0,sapbert_full_len3,7,7,0,6,False,2,0.863120568566631,0.30744974986419643,C0242913,False,7.0,2.0,"{""C0242913"": 5, ""C0728747"": 2}",0.863120568566631,0.3074497498641964,0.0,C0242913,0.0
mm_0135287,BioBERT,0.0,1.0,sapbert_full_len3,7,7,0,6,False,1,-0.0,-0.0,C0949359,True,7.0,1.0,"{""C0949359"": 7}",-0.0,-0.0,0.0,C0949359,0.0
mm_0135287,BioMistral-7B,0.0,0.9999998211860656,sapbert_full_len3,7,7,0,6,False,1,-0.0,-0.0,C0030567,True,,,,,,,,
mm_0135287,FLAN-T5-base,1.0,0.9999997615814208,sapbert_full_len3,7,7,0,6,False,3,1.1488348542809166,0.4092232318950598,C1700683,False,,,,,,,,
mm_0135287,Llama3-OpenBioLLM-8B,0.0,0.9999998211860656,sapbert_full_len3,7,7,0,6,False,2,0.9852281360342515,0.35094534299644053,C1700683,False,,,,,,,,
mm_0135287,Meta-Llama-3-8B-Instruct,0.0,0.9999999403953552,sapbert_full_len3,7,7,0,6,False,1,-0.0,-0.0,C0030567,True,,,,,,,,
mm_0135287,Mistral-7B-Instruct-v0.1,0.0,0.9999999403953552,sapbert_full_len3,7,7,0,6,False,1,-0.0,-0.0,C0030567,True,,,,,,,,
mm_0135287,PubMedBERT,0.0,1.0,sapbert_full_len3,7,7,0,6,False,1,-0.0,-0.0,C1839576,True,7.0,1.0,"{""C1839576"": 7}",-0.0,-0.0,0.0,C1839576,0.0
mm_0135623,BERT-base,0.0,1.0,sapbert_full_len3,7,7,0,6,False,3,1.3787834934861753,0.49113258984568253,C0242193,False,7.0,3.0,"{""UMLS:C0242193"": 4, ""C3850091"": 1, ""UMLS:C0444254"": 2}",1.3787834934861751,0.4911325898456825,0.0,UMLS:C0242193,0.0
mm_0135623,BioBERT,0.0,1.0,sapbert_full_len3,7,7,0,6,False,2,0.863120568566631,0.30744974986419643,C1707887,False,7.0,2.0,"{""UMLS:C1707887"": 5, ""UMLS:C1257990"": 2}",0.863120568566631,0.3074497498641964,0.0,UMLS:C1707887,0.0
mm_0135623,BioMistral-7B,0.0,1.0,sapbert_full_len3,7,7,0,6,False,1,-0.0,-0.0,C0013989,True,,,,,,,,
mm_0135623,FLAN-T5-base,0.0,1.0,sapbert_full_len3,7,7,0,6,False,1,-0.0,-0.0,C0013989,True,,,,,,,,
mm_0135623,Llama3-OpenBioLLM-8B,0.0,1.0,sapbert_full_len3,7,7,0,6,False,1,-0.0,-0.0,C0013989,True,,,,,,,,
mm_0135623,Meta-Llama-3-8B-Instruct,0.0,1.0,sapbert_full_len3,7,7,0,6,False,1,-0.0,-0.0,C0013989,True,,,,,,,,
mm_0135623,Mistral-7B-Instruct-v0.1,0.0,0.9999998807907104,sapbert_full_len3,7,7,0,6,False,1,-0.0,-0.0,C0013989,True,,,,,,,,
mm_0135623,PubMedBERT,0.0,1.0,sapbert_full_len3,7,7,0,6,False,3,1.1488348542809166,0.4092232318950598,C0681906,False,7.0,3.0,"{""UMLS:C0681906"": 5, ""UMLS:C1707887"": 1, ""C0036669"": 1}",1.1488348542809166,0.4092232318950598,0.0,UMLS:C0681906,0.0
mm_0135626,BERT-base,0.0,1.0,sapbert_full_len3,4,4,0,3,False,2,1.0,0.5,C1447749,False,4.0,2.0,"{""C1447749"": 2, ""UMLS:C0242193"": 2}",1.0,0.5,0.0,C1447749,1.0
mm_0135626,BioBERT,0.0,1.0,sapbert_full_len3,4,4,0,3,False,1,-0.0,-0.0,C1257990,True,4.0,1.0,"{""UMLS:C1257990"": 4}",-0.0,-0.0,0.0,UMLS:C1257990,0.0
mm_0135626,BioMistral-7B,0.0,1.0,sapbert_full_len3,4,4,0,3,False,1,-0.0,-0.0,C0013989,True,,,,,,,,
mm_0135626,FLAN-T5-base,0.0,1.0,sapbert_full_len3,4,4,0,3,False,1,-0.0,-0.0,C0013989,True,,,,,,,,
mm_0135626,Llama3-OpenBioLLM-8B,0.0,1.0000001192092896,sapbert_full_len3,4,4,0,3,False,3,1.5,0.75,C0599755,False,,,,,,,,
mm_0135626,Meta-Llama-3-8B-Instruct,1.0,1.0,sapbert_full_len3,4,4,0,3,False,1,-0.0,-0.0,C0599755,True,,,,,,,,
mm_0135626,Mistral-7B-Instruct-v0.1,1.0,1.0,sapbert_full_len3,4,4,0,3,False,2,0.8112781244591328,0.4056390622295664,C0599755,False,,,,,,,,
mm_0135626,PubMedBERT,0.0,1.0,sapbert_full_len3,4,4,0,3,False,1,-0.0,-0.0,C1839576,True,4.0,1.0,"{""C1839576"": 4}",-0.0,-0.0,0.0,C1839576,0.0
mm_0137460,BERT-base,0.0,1.0,sapbert_full_len3,5,5,0,4,False,2,0.9709505944546686,0.4181656600790516,C1447749,False,5.0,2.0,"{""C1447749"": 3, ""UMLS:C0242193"": 2}",0.9709505944546686,0.4181656600790516,0.0,C1447749,0.0
mm_0137460,BioBERT,1.0,1.0,sapbert_full_len3,5,5,0,4,False,1,-0.0,-0.0,C0681906,True,5.0,1.0,"{""UMLS:C0681906"": 5}",-0.0,-0.0,1.0,UMLS:C0681906,0.0
mm_0137460,BioMistral-7B,0.0,0.9999997615814208,sapbert_full_len3,5,5,0,4,False,1,-0.0,-0.0,C0032405,True,,,,,,,,
mm_0137460,FLAN-T5-base,0.0,1.0,sapbert_full_len3,5,5,0,4,False,1,-0.0,-0.0,C0003467,True,,,,,,,,
mm_0137460,Llama3-OpenBioLLM-8B,0.0,0.9436053037643432,sapbert_full_len3,5,5,0,4,False,3,1.5219280948873621,0.6554587535412855,C4743557,False,,,,,,,,
mm_0137460,Meta-Llama-3-8B-Instruct,0.0,1.0,sapbert_full_len3,5,5,0,4,False,1,-0.0,-0.0,C0003467,True,,,,,,,,
mm_0137460,Mistral-7B-Instruct-v0.1,0.0,0.9999998211860656,sapbert_full_len3,5,5,0,4,False,2,0.9709505944546686,0.4181656600790516,C0003467,False,,,,,,,,
mm_0137460,PubMedBERT,1.0,1.0,sapbert_full_len3,5,5,0,4,False,1,-0.0,-0.0,C0681906,True,5.0,1.0,"{""UMLS:C0681906"": 5}",-0.0,-0.0,1.0,UMLS:C0681906,0.0
mm_0137726,BERT-base,0.0,1.0,sapbert_full_len3,9,9,0,8,False,2,0.7642045065086203,0.24107968048484052,C0034698,False,9.0,2.0,"{""C0034698"": 7, ""UMLS:C0242193"": 2}",0.7642045065086203,0.2410796804848405,0.0,C0034698,0.0
mm_0137726,BioBERT,0.0,1.0,sapbert_full_len3,9,9,0,8,False,3,1.4355205042826666,0.4528562990069186,C0265267,False,9.0,3.0,"{""C0265267"": 5, ""UMLS:C1707887"": 2, ""C2935436"": 2}",1.4355205042826666,0.4528562990069186,0.0,C0265267,0.0
mm_0137726,BioMistral-7B,0.0,1.0,sapbert_full_len3,9,9,0,8,False,2,0.7642045065086203,0.24107968048484052,C0041296,False,,,,,,,,
mm_0137726,FLAN-T5-base,1.0,1.0,sapbert_full_len3,9,9,0,8,False,1,-0.0,-0.0,C0039298,True,,,,,,,,
mm_0137726,Llama3-OpenBioLLM-8B,1.0,1.0,sapbert_full_len3,9,9,0,8,False,2,0.7642045065086203,0.24107968048484052,C0039298,False,,,,,,,,
mm_0137726,Meta-Llama-3-8B-Instruct,0.0,1.0,sapbert_full_len3,9,9,0,8,False,1,-0.0,-0.0,C0041296,True,,,,,,,,
mm_0137726,Mistral-7B-Instruct-v0.1,0.0,0.9999998807907104,sapbert_full_len3,9,9,0,8,False,1,-0.0,-0.0,C0041296,True,,,,,,,,
mm_0137726,PubMedBERT,0.0,1.0,sapbert_full_len3,9,9,0,8,False,2,0.9182958340544896,0.2896900821428475,C1839576,False,9.0,2.0,"{""C1839576"": 6, ""C1447749"": 3}",0.9182958340544896,0.2896900821428475,0.0,C1839576,0.0
mm_0138166,BERT-base,0.0,1.0,sapbert_full_len3,5,5,0,4,False,2,0.9709505944546686,0.4181656600790516,C0393786,False,5.0,2.0,"{""UMLS:C0393786"": 3, ""C1839576"": 2}",0.9709505944546686,0.4181656600790516,0.0,UMLS:C0393786,0.0
mm_0138166,BioBERT,0.0,1.0,sapbert_full_len3,5,5,0,4,False,1,-0.0,-0.0,C0265267,True,5.0,1.0,"{""C0265267"": 5}",-0.0,-0.0,0.0,C0265267,0.0
mm_0138166,BioMistral-7B,0.0,0.7070640325546265,sapbert_full_len3,5,5,0,4,False,2,0.9709505944546686,0.4181656600790516,C0222648,False,,,,,,,,
mm_0138166,FLAN-T5-base,0.0,0.9999998807907104,sapbert_full_len3,5,5,0,4,False,1,-0.0,-0.0,C0016658,True,,,,,,,,
mm_0138166,Llama3-OpenBioLLM-8B,0.0,0.932353675365448,sapbert_full_len3,5,5,0,4,False,3,1.5219280948873621,0.6554587535412855,C1397061,False,,,,,,,,
mm_0138166,Meta-Llama-3-8B-Instruct,0.0,0.7070640325546265,sapbert_full_len3,5,5,0,4,False,2,0.9709505944546686,0.4181656600790516,C0222648,False,,,,,,,,
mm_0138166,Mistral-7B-Instruct-v0.1,0.0,0.7071231603622437,sapbert_full_len3,5,5,0,4,False,2,0.9709505944546686,0.4181656600790516,C0222648,False,,,,,,,,
mm_0138166,PubMedBERT,0.0,1.0,sapbert_full_len3,5,5,0,4,False,2,0.9709505944546686,0.4181656600790516,C1839576,False,5.0,2.0,"{""C1839576"": 3, ""C0338508"": 2}",0.9709505944546686,0.4181656600790516,0.0,C1839576,0.0
mm_0138562,BERT-base,0.0,1.0,sapbert_full_len3,6,6,0,5,False,1,-0.0,-0.0,C1447749,True,6.0,1.0,"{""C1447749"": 6}",-0.0,-0.0,0.0,C1447749,0.0
mm_0138562,BioBERT,0.0,1.0,sapbert_full_len3,6,6,0,5,False,2,0.9182958340544896,0.355245321275764,C0027609,False,6.0,2.0,"{""C0027609"": 4, ""C1447749"": 2}",0.9182958340544896,0.355245321275764,0.0,C0027609,0.0
mm_0138562,BioMistral-7B,0.0,0.9999998807907104,sapbert_full_len3,6,6,0,5,False,1,-0.0,-0.0,C0020699,True,,,,,,,,
mm_0138562,FLAN-T5-base,1.0,1.0,sapbert_full_len3,6,6,0,5,False,2,0.9182958340544896,0.355245321275764,C0020699,False,,,,,,,,
mm_0138562,Llama3-OpenBioLLM-8B,0.0,0.9999998211860656,sapbert_full_len3,6,6,0,5,False,1,-0.0,-0.0,C3178892,True,,,,,,,,
mm_0138562,Meta-Llama-3-8B-Instruct,0.0,1.0,sapbert_full_len3,6,6,0,5,False,1,-0.0,-0.0,C3178892,True,,,,,,,,
mm_0138562,Mistral-7B-Instruct-v0.1,0.0,1.0,sapbert_full_len3,6,6,0,5,False,1,-0.0,-0.0,C0020699,True,,,,,,,,
mm_0138562,PubMedBERT,0.0,1.0,sapbert_full_len3,6,6,0,5,False,1,-0.0,-0.0,C1447749,True,6.0,1.0,"{""C1447749"": 6}",-0.0,-0.0,0.0,C1447749,0.0
mm_0138803,BERT-base,0.0,1.0,sapbert_full_len3,5,5,0,4,False,1,-0.0,-0.0,C1257990,True,5.0,1.0,"{""UMLS:C1257990"": 5}",-0.0,-0.0,0.0,UMLS:C1257990,0.0
mm_0138803,BioBERT,0.0,1.0,sapbert_full_len3,5,5,0,4,False,1,-0.0,-0.0,C1839576,True,5.0,1.0,"{""C1839576"": 5}",-0.0,-0.0,0.0,C1839576,0.0
mm_0138803,BioMistral-7B,0.0,0.9999998807907104,sapbert_full_len3,5,5,0,4,False,2,0.9709505944546686,0.4181656600790516,C3658208,False,,,,,,,,
mm_0138803,FLAN-T5-base,0.0,0.8524774312973022,sapbert_full_len3,5,5,0,4,False,1,-0.0,-0.0,C0006632,True,,,,,,,,
mm_0138803,Llama3-OpenBioLLM-8B,0.0,0.9999999403953552,sapbert_full_len3,5,5,0,4,False,2,0.9709505944546686,0.4181656600790516,C3658208,False,,,,,,,,
mm_0138803,Meta-Llama-3-8B-Instruct,0.0,0.9999999403953552,sapbert_full_len3,5,5,0,4,False,1,-0.0,-0.0,C3658208,True,,,,,,,,
mm_0138803,Mistral-7B-Instruct-v0.1,0.0,0.9999998807907104,sapbert_full_len3,5,5,0,4,False,2,0.9709505944546686,0.4181656600790516,C3658208,False,,,,,,,,
mm_0138803,PubMedBERT,0.0,1.0,sapbert_full_len3,5,5,0,4,False,1,-0.0,-0.0,C1839576,True,5.0,1.0,"{""C1839576"": 5}",-0.0,-0.0,0.0,C1839576,0.0
mm_0139717,BERT-base,0.0,1.0,sapbert_full_len3,5,5,0,4,False,2,0.9709505944546686,0.4181656600790516,C1705920,False,5.0,2.0,"{""UMLS:C1705920"": 3, ""C0317597"": 2}",0.9709505944546686,0.4181656600790516,0.0,UMLS:C1705920,0.0
mm_0139717,BioBERT,0.0,1.0,sapbert_full_len3,5,5,0,4,False,1,-0.0,-0.0,C1705920,True,5.0,1.0,"{""UMLS:C1705920"": 5}",-0.0,-0.0,0.0,UMLS:C1705920,0.0
mm_0139717,BioMistral-7B,0.0,1.0,sapbert_full_len3,5,5,0,4,False,3,1.3709505944546687,0.5904362833084089,C1708235,False,,,,,,,,
mm_0139717,FLAN-T5-base,1.0,1.0,sapbert_full_len3,5,5,0,4,False,2,0.7219280948873623,0.31091750708257115,C1708235,False,,,,,,,,
mm_0139717,Llama3-OpenBioLLM-8B,1.0,1.0,sapbert_full_len3,5,5,0,4,False,3,1.5219280948873621,0.6554587535412855,C1708235,False,,,,,,,,
mm_0139717,Meta-Llama-3-8B-Instruct,1.0,1.0,sapbert_full_len3,5,5,0,4,False,3,1.3709505944546687,0.5904362833084089,C1705920,False,,,,,,,,
mm_0139717,Mistral-7B-Instruct-v0.1,0.0,0.9999998211860656,sapbert_full_len3,5,5,0,4,False,3,1.5219280948873621,0.6554587535412855,C1705920,False,,,,,,,,
mm_0139717,PubMedBERT,0.0,1.0,sapbert_full_len3,5,5,0,4,False,2,0.9709505944546686,0.4181656600790516,C1839576,False,5.0,2.0,"{""C1839576"": 3, ""C1447749"": 2}",0.9709505944546686,0.4181656600790516,0.0,C1839576,0.0
mm_0139812,BERT-base,0.0,1.0,sapbert_full_len3,7,7,0,6,False,4,1.9502120649147465,0.6946795539074094,C0085104,False,7.0,4.0,"{""C0085104"": 2, ""UMLS:C0358514"": 1, ""UMLS:C1283169"": 2, ""C4042892"": 2}",1.9502120649147463,0.6946795539074094,0.0,C0085104,1.0
mm_0139812,BioBERT,0.0,1.0,sapbert_full_len3,7,7,0,6,False,1,-0.0,-0.0,C1707887,True,7.0,1.0,"{""UMLS:C1707887"": 7}",-0.0,-0.0,0.0,UMLS:C1707887,0.0
mm_0139812,BioMistral-7B,0.0,0.9999998807907104,sapbert_full_len3,7,7,0,6,False,5,2.235926350629032,0.7964530359382728,C1327622,False,,,,,,,,
mm_0139812,FLAN-T5-base,0.0,0.7921362519264221,sapbert_full_len3,7,7,0,6,False,2,0.863120568566631,0.30744974986419643,C1301773,False,,,,,,,,
mm_0139812,Llama3-OpenBioLLM-8B,0.0,0.7921687960624695,sapbert_full_len3,7,7,0,6,False,2,0.863120568566631,0.30744974986419643,C1301773,False,,,,,,,,
mm_0139812,Meta-Llama-3-8B-Instruct,0.0,0.9999996423721312,sapbert_full_len3,7,7,0,6,False,1,-0.0,-0.0,C0018735,True,,,,,,,,
mm_0139812,Mistral-7B-Instruct-v0.1,0.0,0.7809418439865112,sapbert_full_len3,7,7,0,6,False,3,1.4488156357251847,0.516078542239789,C0018735,False,,,,,,,,
mm_0139812,PubMedBERT,0.0,1.0,sapbert_full_len3,7,7,0,6,False,1,-0.0,-0.0,C1447749,True,7.0,1.0,"{""C1447749"": 7}",-0.0,-0.0,0.0,C1447749,0.0
mm_0140869,BERT-base,0.0,1.0,sapbert_full_len3,5,5,0,4,False,1,-0.0,-0.0,C1257990,True,5.0,1.0,"{""UMLS:C1257990"": 5}",-0.0,-0.0,0.0,UMLS:C1257990,0.0
mm_0140869,BioBERT,0.0,1.0,sapbert_full_len3,5,5,0,4,False,1,-0.0,-0.0,C1257990,True,5.0,1.0,"{""UMLS:C1257990"": 5}",-0.0,-0.0,0.0,UMLS:C1257990,0.0
mm_0140869,BioMistral-7B,0.0,0.9617756605148317,sapbert_full_len3,5,5,0,4,False,1,-0.0,-0.0,C0600472,True,,,,,,,,
mm_0140869,FLAN-T5-base,0.0,1.0,sapbert_full_len3,5,5,0,4,False,1,-0.0,-0.0,C0032043,True,,,,,,,,
mm_0140869,Llama3-OpenBioLLM-8B,0.0,0.9999998807907104,sapbert_full_len3,5,5,0,4,False,2,0.9709505944546686,0.4181656600790516,C1516924,False,,,,,,,,
mm_0140869,Meta-Llama-3-8B-Instruct,0.0,0.9999998807907104,sapbert_full_len3,5,5,0,4,False,2,0.7219280948873623,0.31091750708257115,C0600472,False,,,,,,,,
mm_0140869,Mistral-7B-Instruct-v0.1,0.0,0.7850353717803955,sapbert_full_len3,5,5,0,4,False,1,-0.0,-0.0,C0600472,True,,,,,,,,
mm_0140869,PubMedBERT,0.0,1.0,sapbert_full_len3,5,5,0,4,False,1,-0.0,-0.0,C1839576,True,5.0,1.0,"{""C1839576"": 5}",-0.0,-0.0,0.0,C1839576,0.0
mm_0141066,BERT-base,0.0,1.0,sapbert_full_len3,6,6,0,5,False,1,-0.0,-0.0,C1257990,True,6.0,1.0,"{""UMLS:C1257990"": 6}",-0.0,-0.0,0.0,UMLS:C1257990,0.0
mm_0141066,BioBERT,0.0,1.0,sapbert_full_len3,6,6,0,5,False,1,-0.0,-0.0,C1257990,True,6.0,1.0,"{""UMLS:C1257990"": 6}",-0.0,-0.0,0.0,UMLS:C1257990,0.0
mm_0141066,BioMistral-7B,1.0,0.9999998211860656,sapbert_full_len3,6,6,0,5,False,1,-0.0,-0.0,C0021665,True,,,,,,,,
mm_0141066,FLAN-T5-base,0.0,1.0,sapbert_full_len3,6,6,0,5,False,2,1.0,0.38685280723454163,C2936330,False,,,,,,,,
mm_0141066,Llama3-OpenBioLLM-8B,0.0,0.9999999403953552,sapbert_full_len3,6,6,0,5,False,2,0.6500224216483541,0.25146299858006066,C0017262,False,,,,,,,,
mm_0141066,Meta-Llama-3-8B-Instruct,0.0,0.9999999403953552,sapbert_full_len3,6,6,0,5,False,2,0.6500224216483541,0.25146299858006066,C0017262,False,,,,,,,,
mm_0141066,Mistral-7B-Instruct-v0.1,1.0,0.9999998211860656,sapbert_full_len3,6,6,0,5,False,2,0.9182958340544896,0.355245321275764,C0021665,False,,,,,,,,
mm_0141066,PubMedBERT,0.0,1.0,sapbert_full_len3,6,6,0,5,False,1,-0.0,-0.0,C1447749,True,6.0,1.0,"{""C1447749"": 6}",-0.0,-0.0,0.0,C1447749,0.0
mm_0141706,BERT-base,0.0,1.0,sapbert_full_len3,5,5,0,4,False,1,-0.0,-0.0,C0059563,True,5.0,1.0,"{""C0059563"": 5}",-0.0,-0.0,0.0,C0059563,0.0
mm_0141706,BioBERT,0.0,1.0,sapbert_full_len3,5,5,0,4,False,2,0.7219280948873623,0.31091750708257115,C1312419,False,5.0,2.0,"{""C1312419"": 4, ""C0059563"": 1}",0.7219280948873623,0.3109175070825711,0.0,C1312419,0.0
mm_0141706,BioMistral-7B,1.0,1.0,sapbert_full_len3,5,5,0,4,False,1,-0.0,-0.0,C0596402,True,,,,,,,,
mm_0141706,FLAN-T5-base,0.0,1.0,sapbert_full_len3,5,5,0,4,False,1,-0.0,-0.0,C0026912,True,,,,,,,,
mm_0141706,Llama3-OpenBioLLM-8B,0.0,1.0,sapbert_full_len3,5,4,1,4,False,3,1.5,0.6460148371100897,C0035608,False,,,,,,,,
mm_0141706,Meta-Llama-3-8B-Instruct,0.0,1.0,sapbert_full_len3,5,5,0,4,False,2,0.9709505944546686,0.4181656600790516,C0026912,False,,,,,,,,
mm_0141706,Mistral-7B-Instruct-v0.1,0.0,0.9999998807907104,sapbert_full_len3,5,5,0,4,False,2,0.9709505944546686,0.4181656600790516,C0026912,False,,,,,,,,
mm_0141706,PubMedBERT,0.0,1.0,sapbert_full_len3,5,5,0,4,False,1,-0.0,-0.0,C0015131,True,5.0,1.0,"{""C0015131"": 5}",-0.0,-0.0,0.0,C0015131,0.0
mm_0141847,BERT-base,0.0,1.0,sapbert_full_len3,7,7,0,6,False,1,-0.0,-0.0,C1447749,True,7.0,1.0,"{""C1447749"": 7}",-0.0,-0.0,0.0,C1447749,0.0
mm_0141847,BioBERT,0.0,1.0,sapbert_full_len3,7,7,0,6,False,1,-0.0,-0.0,C1257990,True,7.0,1.0,"{""UMLS:C1257990"": 7}",-0.0,-0.0,0.0,UMLS:C1257990,0.0
mm_0141847,BioMistral-7B,0.0,1.0,sapbert_full_len3,7,7,0,6,False,1,-0.0,-0.0,C5200819,True,,,,,,,,
mm_0141847,FLAN-T5-base,0.0,1.0000001192092896,sapbert_full_len3,7,7,0,6,False,3,1.1488348542809166,0.4092232318950598,C0394374,False,,,,,,,,
mm_0141847,Llama3-OpenBioLLM-8B,0.0,1.0,sapbert_full_len3,7,7,0,6,False,1,-0.0,-0.0,C5200819,True,,,,,,,,
mm_0141847,Meta-Llama-3-8B-Instruct,0.0,1.0,sapbert_full_len3,7,7,0,6,False,2,0.9852281360342515,0.35094534299644053,C0027059,False,,,,,,,,
mm_0141847,Mistral-7B-Instruct-v0.1,0.0,1.0,sapbert_full_len3,7,7,0,6,False,3,1.1488348542809166,0.4092232318950598,C0027059,False,,,,,,,,
mm_0141847,PubMedBERT,0.0,1.0,sapbert_full_len3,7,7,0,6,False,1,-0.0,-0.0,C1839576,True,7.0,1.0,"{""C1839576"": 7}",-0.0,-0.0,0.0,C1839576,0.0
mm_0142210,BERT-base,0.0,1.0,sapbert_full_len3,5,5,0,4,False,2,0.9709505944546686,0.4181656600790516,C1257990,False,5.0,2.0,"{""UMLS:C1257990"": 3, ""C0017263"": 2}",0.9709505944546686,0.4181656600790516,0.0,UMLS:C1257990,0.0
mm_0142210,BioBERT,0.0,1.0,sapbert_full_len3,5,5,0,4,False,1,-0.0,-0.0,C1257990,True,5.0,1.0,"{""UMLS:C1257990"": 5}",-0.0,-0.0,0.0,UMLS:C1257990,0.0
mm_0142210,BioMistral-7B,0.0,1.0000001192092896,sapbert_full_len3,5,5,0,4,False,3,1.5219280948873621,0.6554587535412855,C0007581,False,,,,,,,,
mm_0142210,FLAN-T5-base,0.0,0.8262165188789368,sapbert_full_len3,5,5,0,4,False,1,-0.0,-0.0,C0026820,True,,,,,,,,
mm_0142210,Llama3-OpenBioLLM-8B,0.0,0.9999998807907104,sapbert_full_len3,5,5,0,4,False,3,1.5219280948873621,0.6554587535412855,C1956422,False,,,,,,,,
mm_0142210,Meta-Llama-3-8B-Instruct,0.0,1.0000001192092896,sapbert_full_len3,5,5,0,4,False,2,0.9709505944546686,0.4181656600790516,C2699153,False,,,,,,,,
mm_0142210,Mistral-7B-Instruct-v0.1,0.0,0.8263002634048462,sapbert_full_len3,5,5,0,4,False,1,-0.0,-0.0,C0026820,True,,,,,,,,
mm_0142210,PubMedBERT,0.0,1.0,sapbert_full_len3,5,5,0,4,False,1,-0.0,-0.0,C1257990,True,5.0,1.0,"{""UMLS:C1257990"": 5}",-0.0,-0.0,0.0,UMLS:C1257990,0.0
mm_0142481,BERT-base,0.0,1.0,sapbert_full_len3,7,7,0,6,False,2,0.5916727785823275,0.21075809614719848,C1447749,False,7.0,2.0,"{""C1447749"": 6, ""UMLS:C0242193"": 1}",0.5916727785823275,0.2107580961471984,0.0,C1447749,0.0
mm_0142481,BioBERT,0.0,1.0,sapbert_full_len3,7,7,0,6,False,2,0.863120568566631,0.30744974986419643,C1257990,False,7.0,2.0,"{""UMLS:C1257990"": 5, ""UMLS:C1707887"": 2}",0.863120568566631,0.3074497498641964,0.0,UMLS:C1257990,0.0
mm_0142481,BioMistral-7B,0.0,0.815127968788147,sapbert_full_len3,7,7,0,6,False,1,-0.0,-0.0,C4043169,True,,,,,,,,
mm_0142481,FLAN-T5-base,0.0,0.7720286846160889,sapbert_full_len3,7,7,0,6,False,3,1.3787834934861753,0.49113258984568253,C4061206,False,,,,,,,,
mm_0142481,Llama3-OpenBioLLM-8B,0.0,0.9999999403953552,sapbert_full_len3,7,7,0,6,False,3,1.3787834934861753,0.49113258984568253,C0038435,False,,,,,,,,
mm_0142481,Meta-Llama-3-8B-Instruct,0.0,0.7292393445968628,sapbert_full_len3,7,7,0,6,False,2,0.863120568566631,0.30744974986419643,C0038435,False,,,,,,,,
mm_0142481,Mistral-7B-Instruct-v0.1,0.0,0.9999999403953552,sapbert_full_len3,7,7,0,6,False,2,0.5916727785823275,0.21075809614719848,C0038435,False,,,,,,,,
mm_0142481,PubMedBERT,0.0,1.0,sapbert_full_len3,7,7,0,6,False,3,1.3787834934861753,0.49113258984568253,C1447749,False,7.0,3.0,"{""C1839576"": 1, ""C1447749"": 4, ""C0018966"": 2}",1.3787834934861751,0.4911325898456825,0.0,C1447749,0.0
mm_0142698,BERT-base,0.0,1.0,sapbert_full_len3,7,7,0,6,False,1,-0.0,-0.0,C1257990,True,7.0,1.0,"{""UMLS:C1257990"": 7}",-0.0,-0.0,0.0,UMLS:C1257990,0.0
mm_0142698,BioBERT,0.0,1.0,sapbert_full_len3,7,7,0,6,False,1,-0.0,-0.0,C0018081,True,7.0,1.0,"{""C0018081"": 7}",-0.0,-0.0,0.0,C0018081,0.0
mm_0142698,BioMistral-7B,0.0,0.9999999403953552,sapbert_full_len3,7,7,0,6,False,1,-0.0,-0.0,C0456170,True,,,,,,,,
mm_0142698,FLAN-T5-base,1.0,1.0,sapbert_full_len3,7,7,0,6,False,1,-0.0,-0.0,C1764827,True,,,,,,,,
mm_0142698,Llama3-OpenBioLLM-8B,1.0,1.0,sapbert_full_len3,7,7,0,6,False,1,-0.0,-0.0,C1764827,True,,,,,,,,
mm_0142698,Meta-Llama-3-8B-Instruct,1.0,0.8168736696243286,sapbert_full_len3,7,7,0,6,False,3,1.5566567074628228,0.5544923070581674,C3494793,False,,,,,,,,
mm_0142698,Mistral-7B-Instruct-v0.1,0.0,0.9999998807907104,sapbert_full_len3,7,7,0,6,False,2,0.5916727785823275,0.21075809614719848,C0032285,False,,,,,,,,
mm_0142698,PubMedBERT,0.0,1.0,sapbert_full_len3,7,7,0,6,False,1,-0.0,-0.0,C1839576,True,7.0,1.0,"{""C1839576"": 7}",-0.0,-0.0,0.0,C1839576,0.0
mm_0143950,BERT-base,0.0,1.0,sapbert_full_len3,4,4,0,3,False,1,-0.0,-0.0,C0017973,True,4.0,1.0,"{""C0017973"": 4}",-0.0,-0.0,0.0,C0017973,0.0
mm_0143950,BioBERT,0.0,1.0,sapbert_full_len3,4,4,0,3,False,1,-0.0,-0.0,C1257880,True,4.0,1.0,"{""C1257880"": 4}",-0.0,-0.0,0.0,C1257880,0.0
mm_0143950,BioMistral-7B,1.0,0.9999999403953552,sapbert_full_len3,4,4,0,3,False,2,0.8112781244591328,0.4056390622295664,C0032594,False,,,,,,,,
mm_0143950,FLAN-T5-base,0.0,1.0000001192092896,sapbert_full_len3,4,4,0,3,False,2,1.0,0.5,C0001128,False,,,,,,,,
mm_0143950,Llama3-OpenBioLLM-8B,1.0,1.0,sapbert_full_len3,4,4,0,3,False,2,0.8112781244591328,0.4056390622295664,C0020291,False,,,,,,,,
mm_0143950,Meta-Llama-3-8B-Instruct,0.0,1.0,sapbert_full_len3,4,4,0,3,False,1,-0.0,-0.0,C0020291,True,,,,,,,,
mm_0143950,Mistral-7B-Instruct-v0.1,1.0,0.9999998807907104,sapbert_full_len3,4,4,0,3,False,1,-0.0,-0.0,C0032594,True,,,,,,,,
mm_0143950,PubMedBERT,0.0,1.0,sapbert_full_len3,4,4,0,3,False,1,-0.0,-0.0,C1447749,True,4.0,1.0,"{""C1447749"": 4}",-0.0,-0.0,0.0,C1447749,0.0
mm_0144339,BERT-base,0.0,1.0,sapbert_full_len3,7,7,0,6,False,1,-0.0,-0.0,C1257990,True,7.0,1.0,"{""UMLS:C1257990"": 7}",-0.0,-0.0,0.0,UMLS:C1257990,0.0
mm_0144339,BioBERT,0.0,1.0,sapbert_full_len3,7,7,0,6,False,1,-0.0,-0.0,C0061751,True,7.0,1.0,"{""C0061751"": 7}",-0.0,-0.0,0.0,C0061751,0.0
mm_0144339,BioMistral-7B,0.0,0.9999998807907104,sapbert_full_len3,7,7,0,6,False,2,0.5916727785823275,0.21075809614719848,C0330199,False,,,,,,,,
mm_0144339,FLAN-T5-base,0.0,1.0,sapbert_full_len3,7,7,0,6,False,2,0.5916727785823275,0.21075809614719848,C0008972,False,,,,,,,,
mm_0144339,Llama3-OpenBioLLM-8B,0.0,0.9999996423721312,sapbert_full_len3,7,7,0,6,False,2,0.863120568566631,0.30744974986419643,C1084254,False,,,,,,,,
mm_0144339,Meta-Llama-3-8B-Instruct,0.0,1.0,sapbert_full_len3,7,7,0,6,False,2,0.863120568566631,0.30744974986419643,C0008972,False,,,,,,,,
mm_0144339,Mistral-7B-Instruct-v0.1,0.0,0.9999998807907104,sapbert_full_len3,7,7,0,6,False,2,0.9852281360342515,0.35094534299644053,C1265415,False,,,,,,,,
mm_0144339,PubMedBERT,0.0,1.0,sapbert_full_len3,7,7,0,6,False,1,-0.0,-0.0,C1839576,True,7.0,1.0,"{""C1839576"": 7}",-0.0,-0.0,0.0,C1839576,0.0
mm_0144431,BERT-base,0.0,1.0,sapbert_full_len3,7,7,0,6,False,2,0.863120568566631,0.30744974986419643,C1447749,False,7.0,2.0,"{""C1447749"": 5, ""C1431519"": 2}",0.863120568566631,0.3074497498641964,0.0,C1447749,0.0
mm_0144431,BioBERT,0.0,1.0,sapbert_full_len3,7,7,0,6,False,2,0.5916727785823275,0.21075809614719848,C1312419,False,7.0,2.0,"{""C1312419"": 6, ""UMLS:C0280313"": 1}",0.5916727785823275,0.2107580961471984,0.0,C1312419,0.0
mm_0144431,BioMistral-7B,0.0,0.7393244504928589,sapbert_full_len3,7,7,0,6,False,2,0.863120568566631,0.30744974986419643,C0153574,False,,,,,,,,
mm_0144431,FLAN-T5-base,0.0,0.7393244504928589,sapbert_full_len3,7,7,0,6,False,2,0.863120568566631,0.30744974986419643,C0153574,False,,,,,,,,
mm_0144431,Llama3-OpenBioLLM-8B,0.0,0.7392690181732178,sapbert_full_len3,7,7,0,6,False,2,0.863120568566631,0.30744974986419643,C0153574,False,,,,,,,,
mm_0144431,Meta-Llama-3-8B-Instruct,0.0,0.7393244504928589,sapbert_full_len3,7,7,0,6,False,2,0.5916727785823275,0.21075809614719848,C0153574,False,,,,,,,,
mm_0144431,Mistral-7B-Instruct-v0.1,0.0,0.7392690181732178,sapbert_full_len3,7,7,0,6,False,1,-0.0,-0.0,C0153574,True,,,,,,,,
mm_0144431,PubMedBERT,0.0,1.0,sapbert_full_len3,7,7,0,6,False,2,0.863120568566631,0.30744974986419643,C1839576,False,7.0,2.0,"{""C0280321"": 2, ""C1839576"": 5}",0.863120568566631,0.3074497498641964,0.0,C1839576,0.0
mm_0144945,BERT-base,0.0,1.0,sapbert_full_len3,5,5,0,4,False,1,-0.0,-0.0,C1447749,True,5.0,1.0,"{""C1447749"": 5}",-0.0,-0.0,0.0,C1447749,0.0
mm_0144945,BioBERT,0.0,1.0,sapbert_full_len3,5,5,0,4,False,3,1.3709505944546687,0.5904362833084089,C1707887,False,5.0,3.0,"{""C1447749"": 1, ""UMLS:C1707887"": 3, ""C0075128"": 1}",1.3709505944546687,0.5904362833084089,0.0,UMLS:C1707887,1.0
mm_0144945,BioMistral-7B,0.0,0.9999998807907104,sapbert_full_len3,5,5,0,4,False,3,1.5219280948873621,0.6554587535412855,C0004358,False,,,,,,,,
mm_0144945,FLAN-T5-base,0.0,1.0,sapbert_full_len3,5,5,0,4,False,3,1.3709505944546687,0.5904362833084089,C1272321,False,,,,,,,,
mm_0144945,Llama3-OpenBioLLM-8B,0.0,0.9999997615814208,sapbert_full_len3,5,5,0,4,False,2,0.9709505944546686,0.4181656600790516,C1272321,False,,,,,,,,
mm_0144945,Meta-Llama-3-8B-Instruct,0.0,1.0,sapbert_full_len3,5,5,0,4,False,1,-0.0,-0.0,C0004358,True,,,,,,,,
mm_0144945,Mistral-7B-Instruct-v0.1,0.0,0.9858790040016174,sapbert_full_len3,5,5,0,4,False,2,0.9709505944546686,0.4181656600790516,C1272321,False,,,,,,,,
mm_0144945,PubMedBERT,0.0,1.0,sapbert_full_len3,5,5,0,4,False,2,0.7219280948873623,0.31091750708257115,C1447749,False,5.0,2.0,"{""C1839576"": 1, ""C1447749"": 4}",0.7219280948873623,0.3109175070825711,0.0,C1447749,0.0
mm_0146127,BERT-base,0.0,1.0,sapbert_full_len3,7,7,0,6,False,1,-0.0,-0.0,C0358514,True,7.0,1.0,"{""UMLS:C0358514"": 7}",-0.0,-0.0,0.0,UMLS:C0358514,0.0
mm_0146127,BioBERT,0.0,1.0,sapbert_full_len3,7,7,0,6,False,2,0.863120568566631,0.30744974986419643,C1707887,False,7.0,2.0,"{""UMLS:C1707887"": 5, ""UMLS:C1257990"": 2}",0.863120568566631,0.3074497498641964,0.0,UMLS:C1707887,0.0
mm_0146127,BioMistral-7B,0.0,0.9999999403953552,sapbert_full_len3,7,7,0,6,False,1,-0.0,-0.0,C0009452,True,,,,,,,,
mm_0146127,FLAN-T5-base,0.0,0.7939708232879639,sapbert_full_len3,7,7,0,6,False,1,-0.0,-0.0,C0009460,True,,,,,,,,
mm_0146127,Llama3-OpenBioLLM-8B,0.0,0.9999996423721312,sapbert_full_len3,7,7,0,6,False,3,1.3787834934861753,0.49113258984568253,C0184661,False,,,,,,,,
mm_0146127,Meta-Llama-3-8B-Instruct,0.0,0.9999999403953552,sapbert_full_len3,7,7,0,6,False,1,-0.0,-0.0,C0009452,True,,,,,,,,
mm_0146127,Mistral-7B-Instruct-v0.1,0.0,0.9999999403953552,sapbert_full_len3,7,7,0,6,False,1,-0.0,-0.0,C0009452,True,,,,,,,,
mm_0146127,PubMedBERT,0.0,1.0,sapbert_full_len3,7,7,0,6,False,1,-0.0,-0.0,C0018966,True,7.0,1.0,"{""C0018966"": 7}",-0.0,-0.0,0.0,C0018966,0.0
mm_0146149,BERT-base,0.0,1.0,sapbert_full_len3,5,5,0,4,False,1,-0.0,-0.0,C1312419,True,5.0,1.0,"{""C1312419"": 5}",-0.0,-0.0,0.0,C1312419,0.0
mm_0146149,BioBERT,0.0,1.0,sapbert_full_len3,5,5,0,4,False,1,-0.0,-0.0,C1707887,True,5.0,1.0,"{""UMLS:C1707887"": 5}",-0.0,-0.0,0.0,UMLS:C1707887,0.0
mm_0146149,BioMistral-7B,0.0,0.9999997615814208,sapbert_full_len3,5,5,0,4,False,1,-0.0,-0.0,C2934004,True,,,,,,,,
mm_0146149,FLAN-T5-base,0.0,0.8083714842796326,sapbert_full_len3,5,5,0,4,False,1,-0.0,-0.0,C1423498,True,,,,,,,,
mm_0146149,Llama3-OpenBioLLM-8B,0.0,0.7719107270240784,sapbert_full_len3,5,5,0,4,False,2,0.7219280948873623,0.31091750708257115,C1423498,False,,,,,,,,
mm_0146149,Meta-Llama-3-8B-Instruct,0.0,0.7264329195022583,sapbert_full_len3,5,5,0,4,False,1,-0.0,-0.0,C1423498,True,,,,,,,,
mm_0146149,Mistral-7B-Instruct-v0.1,0.0,0.7264329195022583,sapbert_full_len3,5,5,0,4,False,1,-0.0,-0.0,C1423498,True,,,,,,,,
mm_0146149,PubMedBERT,0.0,1.0,sapbert_full_len3,5,5,0,4,False,2,0.7219280948873623,0.31091750708257115,C1707887,False,5.0,2.0,"{""C1839576"": 1, ""UMLS:C1707887"": 4}",0.7219280948873623,0.3109175070825711,0.0,UMLS:C1707887,0.0
mm_0146435,BERT-base,0.0,1.0,sapbert_full_len3,9,9,0,8,False,1,-0.0,-0.0,C1447749,True,9.0,1.0,"{""C1447749"": 9}",-0.0,-0.0,0.0,C1447749,0.0
mm_0146435,BioBERT,0.0,1.0,sapbert_full_len3,9,9,0,8,False,2,0.7642045065086203,0.24107968048484052,C1257990,False,9.0,2.0,"{""UMLS:C1257990"": 7, ""UMLS:C1707887"": 2}",0.7642045065086203,0.2410796804848405,0.0,UMLS:C1257990,0.0
mm_0146435,BioMistral-7B,0.0,0.9999998807907104,sapbert_full_len3,9,9,0,8,False,3,1.584962500721156,0.5,C3274768,False,,,,,,,,
mm_0146435,FLAN-T5-base,0.0,1.0,sapbert_full_len3,9,9,0,8,False,2,0.9910760598382222,0.3126496871021503,C0026549,False,,,,,,,,
mm_0146435,Llama3-OpenBioLLM-8B,1.0,1.0,sapbert_full_len3,9,9,0,8,False,1,-0.0,-0.0,C0035397,True,,,,,,,,
mm_0146435,Meta-Llama-3-8B-Instruct,0.0,0.9999998807907104,sapbert_full_len3,9,9,0,8,False,2,0.7642045065086203,0.24107968048484052,C3274768,False,,,,,,,,
mm_0146435,Mistral-7B-Instruct-v0.1,0.0,0.9999998807907104,sapbert_full_len3,9,9,0,8,False,4,1.974937501201927,0.6230234154761809,C3274768,False,,,,,,,,
mm_0146435,PubMedBERT,0.0,1.0,sapbert_full_len3,9,9,0,8,False,1,-0.0,-0.0,C1447749,True,9.0,1.0,"{""C1447749"": 9}",-0.0,-0.0,0.0,C1447749,0.0
mm_0146865,BERT-base,0.0,1.0,sapbert_full_len3,5,5,0,4,False,1,-0.0,-0.0,C0085472,True,5.0,1.0,"{""C0085472"": 5}",-0.0,-0.0,0.0,C0085472,0.0
mm_0146865,BioBERT,0.0,1.0,sapbert_full_len3,5,5,0,4,False,2,0.9709505944546686,0.4181656600790516,C1447749,False,5.0,2.0,"{""C0265267"": 2, ""C1447749"": 3}",0.9709505944546686,0.4181656600790516,0.0,C1447749,0.0
mm_0146865,BioMistral-7B,0.0,0.9999999403953552,sapbert_full_len3,5,4,1,4,False,1,-0.0,-0.0,C0439751,True,,,,,,,,
mm_0146865,FLAN-T5-base,1.0,1.0,sapbert_full_len3,5,5,0,4,False,1,-0.0,-0.0,C0242724,True,,,,,,,,
mm_0146865,Llama3-OpenBioLLM-8B,1.0,0.7230697274208069,sapbert_full_len3,5,5,0,4,False,2,0.7219280948873623,0.31091750708257115,C0242724,False,,,,,,,,
mm_0146865,Meta-Llama-3-8B-Instruct,1.0,1.0,sapbert_full_len3,5,5,0,4,False,1,-0.0,-0.0,C0242724,True,,,,,,,,
mm_0146865,Mistral-7B-Instruct-v0.1,1.0,1.0,sapbert_full_len3,5,5,0,4,False,2,0.9709505944546686,0.4181656600790516,C0242724,False,,,,,,,,
mm_0146865,PubMedBERT,0.0,1.0,sapbert_full_len3,5,5,0,4,False,1,-0.0,-0.0,C1447749,True,5.0,1.0,"{""C1447749"": 5}",-0.0,-0.0,0.0,C1447749,0.0
mm_0146868,BERT-base,1.0,1.0,sapbert_full_len3,7,7,0,6,False,1,-0.0,-0.0,C0242724,True,7.0,1.0,"{""UMLS:C0242724"": 7}",-0.0,-0.0,1.0,UMLS:C0242724,0.0
mm_0146868,BioBERT,0.0,1.0,sapbert_full_len3,7,7,0,6,False,1,-0.0,-0.0,C0265267,True,7.0,1.0,"{""C0265267"": 7}",-0.0,-0.0,0.0,C0265267,0.0
mm_0146868,BioMistral-7B,0.0,0.7656632661819458,sapbert_full_len3,7,7,0,6,False,3,1.5566567074628228,0.5544923070581674,C3256389,False,,,,,,,,
mm_0146868,FLAN-T5-base,0.0,1.0,sapbert_full_len3,7,7,0,6,False,3,1.1488348542809166,0.4092232318950598,C0037949,False,,,,,,,,
mm_0146868,Llama3-OpenBioLLM-8B,0.0,0.7384806871414185,sapbert_full_len3,7,7,0,6,False,5,2.1280852788913944,0.7580392711198944,C3256389,False,,,,,,,,
mm_0146868,Meta-Llama-3-8B-Instruct,0.0,0.8669235706329346,sapbert_full_len3,7,7,0,6,False,3,1.5566567074628228,0.5544923070581674,C2265481,False,,,,,,,,
mm_0146868,Mistral-7B-Instruct-v0.1,0.0,0.7656632661819458,sapbert_full_len3,7,7,0,6,False,3,1.5566567074628228,0.5544923070581674,C3256389,False,,,,,,,,
mm_0146868,PubMedBERT,0.0,1.0,sapbert_full_len3,7,7,0,6,False,2,0.9852281360342515,0.35094534299644053,C0242724,False,7.0,2.0,"{""C1447749"": 3, ""UMLS:C0242724"": 4}",0.9852281360342516,0.3509453429964405,0.5714285714285714,UMLS:C0242724,0.0
mm_0147167,BERT-base,0.0,1.0,sapbert_full_len3,5,5,0,4,False,1,-0.0,-0.0,C1257990,True,5.0,1.0,"{""UMLS:C1257990"": 5}",-0.0,-0.0,0.0,UMLS:C1257990,0.0
mm_0147167,BioBERT,0.0,1.0,sapbert_full_len3,5,5,0,4,False,1,-0.0,-0.0,C2919551,True,5.0,1.0,"{""UMLS:C2919551"": 5}",-0.0,-0.0,0.0,UMLS:C2919551,0.0
mm_0147167,BioMistral-7B,1.0,1.0,sapbert_full_len3,5,5,0,4,False,1,-0.0,-0.0,C1513893,True,,,,,,,,
mm_0147167,FLAN-T5-base,1.0,1.0,sapbert_full_len3,5,5,0,4,False,1,-0.0,-0.0,C1513893,True,,,,,,,,
mm_0147167,Llama3-OpenBioLLM-8B,1.0,1.0,sapbert_full_len3,5,5,0,4,False,1,-0.0,-0.0,C1513893,True,,,,,,,,
mm_0147167,Meta-Llama-3-8B-Instruct,1.0,1.0,sapbert_full_len3,5,5,0,4,False,1,-0.0,-0.0,C1513893,True,,,,,,,,
mm_0147167,Mistral-7B-Instruct-v0.1,0.0,1.0000001192092896,sapbert_full_len3,5,5,0,4,False,2,0.9709505944546686,0.4181656600790516,C0038952,False,,,,,,,,
mm_0147167,PubMedBERT,0.0,1.0,sapbert_full_len3,5,5,0,4,False,1,-0.0,-0.0,C1839576,True,5.0,1.0,"{""C1839576"": 5}",-0.0,-0.0,0.0,C1839576,0.0
mm_0147345,BERT-base,0.0,1.0,sapbert_full_len3,5,5,0,4,False,1,-0.0,-0.0,C1447749,True,5.0,1.0,"{""C1447749"": 5}",-0.0,-0.0,0.0,C1447749,0.0
mm_0147345,BioBERT,0.0,1.0,sapbert_full_len3,5,5,0,4,False,1,-0.0,-0.0,C0008396,True,5.0,1.0,"{""C0008396"": 5}",-0.0,-0.0,0.0,C0008396,0.0
mm_0147345,BioMistral-7B,0.0,1.0,sapbert_full_len3,5,5,0,4,False,2,0.9709505944546686,0.4181656600790516,C1272641,False,,,,,,,,
mm_0147345,FLAN-T5-base,0.0,1.0,sapbert_full_len3,5,5,0,4,False,4,1.9219280948873623,0.8277293767706428,C1272641,False,,,,,,,,
mm_0147345,Llama3-OpenBioLLM-8B,0.0,0.9999998211860656,sapbert_full_len3,5,5,0,4,False,2,0.9709505944546686,0.4181656600790516,C0166418,False,,,,,,,,
mm_0147345,Meta-Llama-3-8B-Instruct,0.0,1.0,sapbert_full_len3,5,5,0,4,False,3,1.3709505944546687,0.5904362833084089,C1272641,False,,,,,,,,
mm_0147345,Mistral-7B-Instruct-v0.1,0.0,1.0,sapbert_full_len3,5,5,0,4,False,2,0.9709505944546686,0.4181656600790516,C1272641,False,,,,,,,,
mm_0147345,PubMedBERT,0.0,1.0,sapbert_full_len3,5,5,0,4,False,2,0.9709505944546686,0.4181656600790516,C1370369,False,5.0,2.0,"{""C1370369"": 3, ""C1447749"": 2}",0.9709505944546686,0.4181656600790516,0.0,C1370369,0.0
mm_0148129,BERT-base,0.0,1.0,sapbert_full_len3,7,7,0,6,False,1,-0.0,-0.0,C1447749,True,7.0,1.0,"{""C1447749"": 7}",-0.0,-0.0,0.0,C1447749,0.0
mm_0148129,BioBERT,0.0,1.0,sapbert_full_len3,7,7,0,6,False,1,-0.0,-0.0,C1257990,True,7.0,1.0,"{""UMLS:C1257990"": 7}",-0.0,-0.0,0.0,UMLS:C1257990,0.0
mm_0148129,BioMistral-7B,0.0,1.0000001192092896,sapbert_full_len3,7,7,0,6,False,2,0.9852281360342515,0.35094534299644053,C0251223,False,,,,,,,,
mm_0148129,FLAN-T5-base,0.0,1.0,sapbert_full_len3,7,7,0,6,False,1,-0.0,-0.0,C0007301,True,,,,,,,,
mm_0148129,Llama3-OpenBioLLM-8B,0.0,1.0,sapbert_full_len3,7,7,0,6,False,1,-0.0,-0.0,C0251223,True,,,,,,,,
mm_0148129,Meta-Llama-3-8B-Instruct,0.0,1.0,sapbert_full_len3,7,7,0,6,False,1,-0.0,-0.0,C0007301,True,,,,,,,,
mm_0148129,Mistral-7B-Instruct-v0.1,0.0,1.0,sapbert_full_len3,7,7,0,6,False,2,0.863120568566631,0.30744974986419643,C0007301,False,,,,,,,,
mm_0148129,PubMedBERT,0.0,1.0,sapbert_full_len3,7,7,0,6,False,1,-0.0,-0.0,C1839576,True,7.0,1.0,"{""C1839576"": 7}",-0.0,-0.0,0.0,C1839576,0.0
mm_0148711,BERT-base,0.0,1.0,sapbert_full_len3,7,7,0,6,False,4,1.9502120649147465,0.6946795539074094,C1136156,False,7.0,4.0,"{""UMLS:C0752046"": 1, ""C1136156"": 2, ""C2936621"": 2, ""C1308232"": 2}",1.9502120649147463,0.6946795539074094,0.0,C1136156,1.0
mm_0148711,BioBERT,0.0,1.0,sapbert_full_len3,7,7,0,6,False,2,0.863120568566631,0.30744974986419643,C1257990,False,7.0,2.0,"{""UMLS:C1257990"": 5, ""C1566790"": 2}",0.863120568566631,0.3074497498641964,0.0,UMLS:C1257990,0.0
mm_0148711,BioMistral-7B,1.0,1.0000001192092896,sapbert_full_len3,7,7,0,6,False,1,-0.0,-0.0,C1101610,True,,,,,,,,
mm_0148711,FLAN-T5-base,1.0,1.0000001192092896,sapbert_full_len3,7,7,0,6,False,1,-0.0,-0.0,C1101610,True,,,,,,,,
mm_0148711,Llama3-OpenBioLLM-8B,1.0,1.0,sapbert_full_len3,7,7,0,6,False,2,0.863120568566631,0.30744974986419643,C1101610,False,,,,,,,,
mm_0148711,Meta-Llama-3-8B-Instruct,1.0,1.0000001192092896,sapbert_full_len3,7,7,0,6,False,1,-0.0,-0.0,C1101610,True,,,,,,,,
mm_0148711,Mistral-7B-Instruct-v0.1,1.0,0.9999999403953552,sapbert_full_len3,7,7,0,6,False,1,-0.0,-0.0,C1101610,True,,,,,,,,
mm_0148711,PubMedBERT,0.0,1.0,sapbert_full_len3,7,7,0,6,False,3,1.3787834934861753,0.49113258984568253,C1257990,False,7.0,3.0,"{""C1447749"": 1, ""C0752170"": 2, ""UMLS:C1257990"": 4}",1.3787834934861751,0.4911325898456825,0.0,UMLS:C1257990,0.0
mm_0148991,BERT-base,0.0,1.0,sapbert_full_len3,7,7,0,6,False,2,0.863120568566631,0.30744974986419643,C0752046,False,7.0,2.0,"{""UMLS:C0752046"": 5, ""UMLS:C1257990"": 2}",0.863120568566631,0.3074497498641964,0.0,UMLS:C0752046,0.0
mm_0148991,BioBERT,0.0,1.0,sapbert_full_len3,7,7,0,6,False,2,0.9852281360342515,0.35094534299644053,C1707887,False,7.0,2.0,"{""UMLS:C1257990"": 3, ""UMLS:C1707887"": 4}",0.9852281360342516,0.3509453429964405,0.0,UMLS:C1707887,0.0
mm_0148991,BioMistral-7B,0.0,0.7749166488647461,sapbert_full_len3,7,7,0,6,False,2,0.863120568566631,0.30744974986419643,C1424525,False,,,,,,,,
mm_0148991,FLAN-T5-base,0.0,0.999999701976776,sapbert_full_len3,7,7,0,6,False,4,1.8423709931771084,0.6562657890890309,C1504315,False,,,,,,,,
mm_0148991,Llama3-OpenBioLLM-8B,0.0,0.9999998211860656,sapbert_full_len3,7,7,0,6,False,3,1.3787834934861753,0.49113258984568253,C1706245,False,,,,,,,,
mm_0148991,Meta-Llama-3-8B-Instruct,0.0,0.9999998807907104,sapbert_full_len3,7,7,0,6,False,2,0.863120568566631,0.30744974986419643,C0752046,False,,,,,,,,
mm_0148991,Mistral-7B-Instruct-v0.1,0.0,0.7750003337860107,sapbert_full_len3,7,7,0,6,False,1,-0.0,-0.0,C1424525,True,,,,,,,,
mm_0148991,PubMedBERT,0.0,1.0,sapbert_full_len3,7,7,0,6,False,1,-0.0,-0.0,C1839576,True,7.0,1.0,"{""C1839576"": 7}",-0.0,-0.0,0.0,C1839576,0.0
mm_0150343,BERT-base,0.0,1.0,sapbert_full_len3,7,7,0,6,False,1,-0.0,-0.0,C1257990,True,7.0,1.0,"{""UMLS:C1257990"": 7}",-0.0,-0.0,0.0,UMLS:C1257990,0.0
mm_0150343,BioBERT,0.0,1.0,sapbert_full_len3,7,7,0,6,False,2,0.863120568566631,0.30744974986419643,C1257990,False,7.0,2.0,"{""C1312419"": 2, ""UMLS:C1257990"": 5}",0.863120568566631,0.3074497498641964,0.0,UMLS:C1257990,0.0
mm_0150343,BioMistral-7B,0.0,0.9999999403953552,sapbert_full_len3,7,7,0,6,False,1,-0.0,-0.0,C2825796,True,,,,,,,,
mm_0150343,FLAN-T5-base,0.0,1.0,sapbert_full_len3,7,7,0,6,False,2,0.863120568566631,0.30744974986419643,C2825796,False,,,,,,,,
mm_0150343,Llama3-OpenBioLLM-8B,0.0,0.9649214744567872,sapbert_full_len3,7,7,0,6,False,2,0.5916727785823275,0.21075809614719848,C4330677,False,,,,,,,,
mm_0150343,Meta-Llama-3-8B-Instruct,0.0,0.9999997615814208,sapbert_full_len3,7,7,0,6,False,2,0.863120568566631,0.30744974986419643,C1101610,False,,,,,,,,
mm_0150343,Mistral-7B-Instruct-v0.1,0.0,0.9999998211860656,sapbert_full_len3,7,7,0,6,False,1,-0.0,-0.0,C1101610,True,,,,,,,,
mm_0150343,PubMedBERT,0.0,1.0,sapbert_full_len3,7,7,0,6,False,1,-0.0,-0.0,C1447749,True,7.0,1.0,"{""C1447749"": 7}",-0.0,-0.0,0.0,C1447749,0.0
mm_0150931,BERT-base,0.0,1.0,sapbert_full_len3,6,6,0,5,False,1,-0.0,-0.0,C1257990,True,6.0,1.0,"{""UMLS:C1257990"": 6}",-0.0,-0.0,0.0,UMLS:C1257990,0.0
mm_0150931,BioBERT,0.0,1.0,sapbert_full_len3,6,6,0,5,False,2,0.6500224216483541,0.25146299858006066,C1257990,False,6.0,2.0,"{""UMLS:C1257990"": 5, ""C1868801"": 1}",0.6500224216483541,0.2514629985800606,0.0,UMLS:C1257990,0.0
mm_0150931,BioMistral-7B,0.0,0.7709967494010925,sapbert_full_len3,6,6,0,5,False,2,0.9182958340544896,0.355245321275764,C0740392,False,,,,,,,,
mm_0150931,FLAN-T5-base,0.0,0.9999999403953552,sapbert_full_len3,6,6,0,5,False,2,0.9182958340544896,0.355245321275764,C0028778,False,,,,,,,,
mm_0150931,Llama3-OpenBioLLM-8B,0.0,0.9999998807907104,sapbert_full_len3,6,6,0,5,False,2,0.6500224216483541,0.25146299858006066,C0022116,False,,,,,,,,
mm_0150931,Meta-Llama-3-8B-Instruct,0.0,0.8977338671684265,sapbert_full_len3,6,6,0,5,False,3,1.4591479170272446,0.5644754678724235,C0740391,False,,,,,,,,
mm_0150931,Mistral-7B-Instruct-v0.1,0.0,0.7710367441177368,sapbert_full_len3,6,6,0,5,False,2,0.9182958340544896,0.355245321275764,C0740392,False,,,,,,,,
mm_0150931,PubMedBERT,0.0,1.0,sapbert_full_len3,6,6,0,5,False,1,-0.0,-0.0,C1839576,True,6.0,1.0,"{""C1839576"": 6}",-0.0,-0.0,0.0,C1839576,0.0
mm_0151404,BERT-base,0.0,1.0,sapbert_full_len3,7,7,0,6,False,4,1.6644977792004614,0.5929060718765461,C1447749,False,7.0,4.0,"{""C0080092"": 1, ""C1447749"": 4, ""C0055966"": 1, ""C0524984"": 1}",1.6644977792004614,0.5929060718765461,0.0,C1447749,1.0
mm_0151404,BioBERT,0.0,1.0,sapbert_full_len3,7,7,0,6,False,3,1.1488348542809166,0.4092232318950598,C1707887,False,7.0,3.0,"{""UMLS:C1707887"": 5, ""UMLS:C1257990"": 1, ""C1370369"": 1}",1.1488348542809166,0.4092232318950598,0.0,UMLS:C1707887,0.0
mm_0151404,BioMistral-7B,0.0,0.9999998807907104,sapbert_full_len3,7,7,0,6,False,1,-0.0,-0.0,C0025219,True,,,,,,,,
mm_0151404,FLAN-T5-base,1.0,1.0,sapbert_full_len3,7,7,0,6,False,1,-0.0,-0.0,C0242769,True,,,,,,,,
mm_0151404,Llama3-OpenBioLLM-8B,1.0,1.0,sapbert_full_len3,7,7,0,6,False,2,0.9852281360342515,0.35094534299644053,C0242769,False,,,,,,,,
mm_0151404,Meta-Llama-3-8B-Instruct,1.0,1.0,sapbert_full_len3,7,7,0,6,False,2,0.9852281360342515,0.35094534299644053,C0242769,False,,,,,,,,
mm_0151404,Mistral-7B-Instruct-v0.1,1.0,1.0,sapbert_full_len3,7,7,0,6,False,2,0.9852281360342515,0.35094534299644053,C0025219,False,,,,,,,,
mm_0151404,PubMedBERT,0.0,1.0,sapbert_full_len3,7,7,0,6,False,2,0.5916727785823275,0.21075809614719848,C1839576,False,7.0,2.0,"{""C1839576"": 6, ""C1447749"": 1}",0.5916727785823275,0.2107580961471984,0.0,C1839576,0.0
mm_0151426,BERT-base,0.0,1.0,sapbert_full_len3,5,5,0,4,False,2,0.9709505944546686,0.4181656600790516,C0242193,False,5.0,2.0,"{""UMLS:C0242193"": 3, ""UMLS:C0358514"": 2}",0.9709505944546686,0.4181656600790516,0.0,UMLS:C0242193,0.0
mm_0151426,BioBERT,0.0,1.0,sapbert_full_len3,5,5,0,4,False,1,-0.0,-0.0,C0265267,True,5.0,1.0,"{""C0265267"": 5}",-0.0,-0.0,0.0,C0265267,0.0
mm_0151426,BioMistral-7B,1.0,1.0,sapbert_full_len3,5,5,0,4,False,2,0.9709505944546686,0.4181656600790516,C1705920,False,,,,,,,,
mm_0151426,FLAN-T5-base,1.0,1.0,sapbert_full_len3,5,5,0,4,False,2,0.9709505944546686,0.4181656600790516,C1705920,False,,,,,,,,
mm_0151426,Llama3-OpenBioLLM-8B,0.0,0.9999999403953552,sapbert_full_len3,5,5,0,4,False,3,1.5219280948873621,0.6554587535412855,C0337198,False,,,,,,,,
mm_0151426,Meta-Llama-3-8B-Instruct,0.0,0.9999999403953552,sapbert_full_len3,5,5,0,4,False,2,0.9709505944546686,0.4181656600790516,C0013546,False,,,,,,,,
mm_0151426,Mistral-7B-Instruct-v0.1,1.0,1.0,sapbert_full_len3,5,5,0,4,False,2,0.9709505944546686,0.4181656600790516,C1705920,False,,,,,,,,
mm_0151426,PubMedBERT,0.0,1.0,sapbert_full_len3,5,5,0,4,False,1,-0.0,-0.0,C1839576,True,5.0,1.0,"{""C1839576"": 5}",-0.0,-0.0,0.0,C1839576,0.0
mm_0152117,BERT-base,0.0,1.0,sapbert_full_len3,9,9,0,8,False,3,1.3921472236645345,0.4391735523809267,C1739108,False,9.0,3.0,"{""C1739108"": 4, ""UMLS:C2350390"": 1, ""C3714500"": 4}",1.3921472236645345,0.4391735523809267,0.0,C1739108,0.0
mm_0152117,BioBERT,0.0,1.0,sapbert_full_len3,9,9,0,8,False,2,0.9910760598382222,0.3126496871021503,C0919821,False,9.0,2.0,"{""UMLS:C1707887"": 4, ""UMLS:C0919821"": 5}",0.9910760598382222,0.3126496871021503,0.0,UMLS:C0919821,0.0
mm_0152117,BioMistral-7B,0.0,1.0,sapbert_full_len3,9,9,0,8,False,2,0.7642045065086203,0.24107968048484052,C0003234,False,,,,,,,,
mm_0152117,FLAN-T5-base,0.0,1.0,sapbert_full_len3,9,9,0,8,False,2,0.7642045065086203,0.24107968048484052,C0003234,False,,,,,,,,
mm_0152117,Llama3-OpenBioLLM-8B,0.0,0.8650493621826172,sapbert_full_len3,9,9,0,8,False,3,1.3921472236645345,0.4391735523809267,C0241397,False,,,,,,,,
mm_0152117,Meta-Llama-3-8B-Instruct,0.0,1.0,sapbert_full_len3,9,9,0,8,False,1,-0.0,-0.0,C0876994,True,,,,,,,,
mm_0152117,Mistral-7B-Instruct-v0.1,0.0,0.9999998807907104,sapbert_full_len3,9,9,0,8,False,1,-0.0,-0.0,C0003234,True,,,,,,,,
mm_0152117,PubMedBERT,0.0,1.0,sapbert_full_len3,9,9,0,8,False,2,0.7642045065086203,0.24107968048484052,C1839576,False,9.0,2.0,"{""C1839576"": 7, ""C1447749"": 2}",0.7642045065086203,0.2410796804848405,0.0,C1839576,0.0
mm_0152683,BERT-base,0.0,1.0,sapbert_full_len3,5,5,0,4,False,1,-0.0,-0.0,C0919821,True,5.0,1.0,"{""UMLS:C0919821"": 5}",-0.0,-0.0,0.0,UMLS:C0919821,0.0
mm_0152683,BioBERT,0.0,1.0,sapbert_full_len3,5,5,0,4,False,1,-0.0,-0.0,C1447749,True,5.0,1.0,"{""C1447749"": 5}",-0.0,-0.0,0.0,C1447749,0.0
mm_0152683,BioMistral-7B,0.0,1.0,sapbert_full_len3,5,5,0,4,False,2,0.9709505944546686,0.4181656600790516,C0042387,False,,,,,,,,
mm_0152683,FLAN-T5-base,0.0,1.0,sapbert_full_len3,5,5,0,4,False,3,1.5219280948873621,0.6554587535412855,C0225226,False,,,,,,,,
mm_0152683,Llama3-OpenBioLLM-8B,0.0,0.9999998807907104,sapbert_full_len3,5,5,0,4,False,1,-0.0,-0.0,C0010417,True,,,,,,,,
mm_0152683,Meta-Llama-3-8B-Instruct,0.0,1.0,sapbert_full_len3,5,5,0,4,False,1,-0.0,-0.0,C0010417,True,,,,,,,,
mm_0152683,Mistral-7B-Instruct-v0.1,0.0,0.9999998211860656,sapbert_full_len3,5,5,0,4,False,2,0.9709505944546686,0.4181656600790516,C1280903,False,,,,,,,,
mm_0152683,PubMedBERT,0.0,1.0,sapbert_full_len3,5,5,0,4,False,1,-0.0,-0.0,C1447749,True,5.0,1.0,"{""C1447749"": 5}",-0.0,-0.0,0.0,C1447749,0.0
mm_0153470,BERT-base,0.0,1.0,sapbert_full_len3,5,5,0,4,False,2,0.7219280948873623,0.31091750708257115,C2350390,False,5.0,2.0,"{""C1447749"": 1, ""UMLS:C2350390"": 4}",0.7219280948873623,0.3109175070825711,0.0,UMLS:C2350390,0.0
mm_0153470,BioBERT,0.0,1.0,sapbert_full_len3,5,5,0,4,False,2,0.9709505944546686,0.4181656600790516,C1707887,False,5.0,2.0,"{""UMLS:C1707887"": 3, ""UMLS:C1257990"": 2}",0.9709505944546686,0.4181656600790516,0.0,UMLS:C1707887,0.0
mm_0153470,BioMistral-7B,0.0,1.0,sapbert_full_len3,5,5,0,4,False,2,0.7219280948873623,0.31091750708257115,C0036572,False,,,,,,,,
mm_0153470,FLAN-T5-base,0.0,1.0,sapbert_full_len3,5,5,0,4,False,2,0.9709505944546686,0.4181656600790516,C0886414,False,,,,,,,,
mm_0153470,Llama3-OpenBioLLM-8B,0.0,0.9999998807907104,sapbert_full_len3,5,5,0,4,False,2,0.9709505944546686,0.4181656600790516,C3161035,False,,,,,,,,
mm_0153470,Meta-Llama-3-8B-Instruct,0.0,1.0,sapbert_full_len3,5,5,0,4,False,2,0.9709505944546686,0.4181656600790516,C3161035,False,,,,,,,,
mm_0153470,Mistral-7B-Instruct-v0.1,0.0,1.0,sapbert_full_len3,5,5,0,4,False,2,0.7219280948873623,0.31091750708257115,C0036572,False,,,,,,,,
mm_0153470,PubMedBERT,0.0,1.0,sapbert_full_len3,5,5,0,4,False,2,0.9709505944546686,0.4181656600790516,C1447749,False,5.0,2.0,"{""C1447749"": 3, ""C1839576"": 2}",0.9709505944546686,0.4181656600790516,0.0,C1447749,0.0
mm_0153880,BERT-base,0.0,1.0,sapbert_full_len3,6,6,0,5,False,1,-0.0,-0.0,C1447749,True,6.0,1.0,"{""C1447749"": 6}",-0.0,-0.0,0.0,C1447749,0.0
mm_0153880,BioBERT,0.0,1.0,sapbert_full_len3,6,6,0,5,False,1,-0.0,-0.0,C0027609,True,6.0,1.0,"{""C0027609"": 6}",-0.0,-0.0,0.0,C0027609,0.0
mm_0153880,BioMistral-7B,0.0,0.9999999403953552,sapbert_full_len3,6,6,0,5,False,2,0.9182958340544896,0.355245321275764,C0003211,False,,,,,,,,
mm_0153880,FLAN-T5-base,0.0,0.8959579467773438,sapbert_full_len3,6,5,1,5,False,3,1.5219280948873621,0.5887621559162939,C0003211,False,,,,,,,,
mm_0153880,Llama3-OpenBioLLM-8B,0.0,0.9999999403953552,sapbert_full_len3,6,6,0,5,False,2,1.0,0.38685280723454163,C0003211,False,,,,,,,,
mm_0153880,Meta-Llama-3-8B-Instruct,0.0,0.8959579467773438,sapbert_full_len3,6,6,0,5,False,3,1.584962500721156,0.6131471927654584,C3649274,False,,,,,,,,
mm_0153880,Mistral-7B-Instruct-v0.1,0.0,0.9999997615814208,sapbert_full_len3,6,6,0,5,False,1,-0.0,-0.0,C0003211,True,,,,,,,,
mm_0153880,PubMedBERT,0.0,1.0,sapbert_full_len3,6,6,0,5,False,1,-0.0,-0.0,C1839576,True,6.0,1.0,"{""C1839576"": 6}",-0.0,-0.0,0.0,C1839576,0.0
mm_0155776,BERT-base,0.0,1.0,sapbert_full_len3,5,5,0,4,False,2,0.9709505944546686,0.4181656600790516,C1447749,False,5.0,2.0,"{""C1447749"": 3, ""C0246486"": 2}",0.9709505944546686,0.4181656600790516,0.0,C1447749,0.0
mm_0155776,BioBERT,0.0,1.0,sapbert_full_len3,5,5,0,4,False,1,-0.0,-0.0,C1312419,True,5.0,1.0,"{""C1312419"": 5}",-0.0,-0.0,0.0,C1312419,0.0
mm_0155776,BioMistral-7B,0.0,0.9999998211860656,sapbert_full_len3,5,5,0,4,False,1,-0.0,-0.0,C0218975,True,,,,,,,,
mm_0155776,FLAN-T5-base,0.0,1.0,sapbert_full_len3,5,5,0,4,False,2,0.7219280948873623,0.31091750708257115,C0218975,False,,,,,,,,
mm_0155776,Llama3-OpenBioLLM-8B,0.0,1.0,sapbert_full_len3,5,5,0,4,False,2,0.9709505944546686,0.4181656600790516,C3714500,False,,,,,,,,
mm_0155776,Meta-Llama-3-8B-Instruct,0.0,1.0,sapbert_full_len3,5,5,0,4,False,2,0.9709505944546686,0.4181656600790516,C3714500,False,,,,,,,,
mm_0155776,Mistral-7B-Instruct-v0.1,0.0,0.9999998211860656,sapbert_full_len3,5,5,0,4,False,1,-0.0,-0.0,C0218975,True,,,,,,,,
mm_0155776,PubMedBERT,0.0,1.0,sapbert_full_len3,5,5,0,4,False,1,-0.0,-0.0,C1447749,True,5.0,1.0,"{""C1447749"": 5}",-0.0,-0.0,0.0,C1447749,0.0
mm_0156493,BERT-base,0.0,1.0,sapbert_full_len3,7,7,0,6,False,2,0.863120568566631,0.30744974986419643,C1447749,False,7.0,2.0,"{""C1447749"": 5, ""C0525041"": 2}",0.863120568566631,0.3074497498641964,0.0,C1447749,0.0
mm_0156493,BioBERT,0.0,1.0,sapbert_full_len3,7,7,0,6,False,2,0.9852281360342515,0.35094534299644053,C1447749,False,7.0,2.0,"{""UMLS:C1257990"": 3, ""C1447749"": 4}",0.9852281360342516,0.3509453429964405,0.0,C1447749,0.0
mm_0156493,BioMistral-7B,0.0,0.8075866103172302,sapbert_full_len3,7,7,0,6,False,2,0.5916727785823275,0.21075809614719848,C2922506,False,,,,,,,,
mm_0156493,FLAN-T5-base,0.0,0.8336743116378784,sapbert_full_len3,7,7,0,6,False,1,-0.0,-0.0,C2922506,True,,,,,,,,
mm_0156493,Llama3-OpenBioLLM-8B,0.0,0.8558675050735474,sapbert_full_len3,7,7,0,6,False,4,1.9502120649147465,0.6946795539074094,C2922506,False,,,,,,,,
mm_0156493,Meta-Llama-3-8B-Instruct,0.0,0.8336743116378784,sapbert_full_len3,7,7,0,6,False,1,-0.0,-0.0,C2922506,True,,,,,,,,
mm_0156493,Mistral-7B-Instruct-v0.1,0.0,0.8337344527244568,sapbert_full_len3,7,7,0,6,False,1,-0.0,-0.0,C2922506,True,,,,,,,,
mm_0156493,PubMedBERT,0.0,1.0,sapbert_full_len3,7,7,0,6,False,1,-0.0,-0.0,C1839576,True,7.0,1.0,"{""C1839576"": 7}",-0.0,-0.0,0.0,C1839576,0.0
mm_0156624,BERT-base,0.0,1.0,sapbert_full_len3,7,7,0,6,False,1,-0.0,-0.0,C1257990,True,7.0,1.0,"{""UMLS:C1257990"": 7}",-0.0,-0.0,0.0,UMLS:C1257990,0.0
mm_0156624,BioBERT,0.0,1.0,sapbert_full_len3,7,7,0,6,False,2,0.5916727785823275,0.21075809614719848,C1257990,False,7.0,2.0,"{""UMLS:C1257990"": 6, ""C1312419"": 1}",0.5916727785823275,0.2107580961471984,0.0,UMLS:C1257990,0.0
mm_0156624,BioMistral-7B,0.0,1.0,sapbert_full_len3,7,7,0,6,False,1,-0.0,-0.0,C5401281,True,,,,,,,,
mm_0156624,FLAN-T5-base,0.0,1.0,sapbert_full_len3,7,7,0,6,False,1,-0.0,-0.0,C5401281,True,,,,,,,,
mm_0156624,Llama3-OpenBioLLM-8B,0.0,0.9999998807907104,sapbert_full_len3,7,7,0,6,False,1,-0.0,-0.0,C0162638,True,,,,,,,,
mm_0156624,Meta-Llama-3-8B-Instruct,0.0,0.9999998807907104,sapbert_full_len3,7,7,0,6,False,1,-0.0,-0.0,C0162638,True,,,,,,,,
mm_0156624,Mistral-7B-Instruct-v0.1,0.0,0.9999998807907104,sapbert_full_len3,7,7,0,6,False,2,0.863120568566631,0.30744974986419643,C0162638,False,,,,,,,,
mm_0156624,PubMedBERT,0.0,1.0,sapbert_full_len3,7,7,0,6,False,1,-0.0,-0.0,C1447749,True,7.0,1.0,"{""C1447749"": 7}",-0.0,-0.0,0.0,C1447749,0.0
mm_0156642,BERT-base,0.0,1.0,sapbert_full_len3,5,5,0,4,False,1,-0.0,-0.0,C1257990,True,5.0,1.0,"{""UMLS:C1257990"": 5}",-0.0,-0.0,0.0,UMLS:C1257990,0.0
mm_0156642,BioBERT,0.0,1.0,sapbert_full_len3,5,5,0,4,False,1,-0.0,-0.0,C1257990,True,5.0,1.0,"{""UMLS:C1257990"": 5}",-0.0,-0.0,0.0,UMLS:C1257990,0.0
mm_0156642,BioMistral-7B,0.0,0.8085894584655762,sapbert_full_len3,5,5,0,4,False,3,1.3709505944546687,0.5904362833084089,C0049370,False,,,,,,,,
mm_0156642,FLAN-T5-base,0.0,0.8085894584655762,sapbert_full_len3,5,5,0,4,False,1,-0.0,-0.0,C0049370,True,,,,,,,,
mm_0156642,Llama3-OpenBioLLM-8B,0.0,0.9999998807907104,sapbert_full_len3,5,5,0,4,False,2,0.9709505944546686,0.4181656600790516,C0162638,False,,,,,,,,
mm_0156642,Meta-Llama-3-8B-Instruct,0.0,0.9999999403953552,sapbert_full_len3,5,5,0,4,False,1,-0.0,-0.0,C0162638,True,,,,,,,,
mm_0156642,Mistral-7B-Instruct-v0.1,0.0,0.8085612058639526,sapbert_full_len3,5,5,0,4,False,2,0.9709505944546686,0.4181656600790516,C0049370,False,,,,,,,,
mm_0156642,PubMedBERT,0.0,1.0,sapbert_full_len3,5,5,0,4,False,3,1.3709505944546687,0.5904362833084089,C1447749,False,5.0,3.0,"{""C1447749"": 3, ""UMLS:C1257990"": 1, ""C1839576"": 1}",1.3709505944546687,0.5904362833084089,0.0,C1447749,1.0
mm_0158296,BERT-base,0.0,1.0,sapbert_full_len3,6,6,0,5,False,2,0.6500224216483541,0.25146299858006066,C4277543,False,6.0,2.0,"{""C4277543"": 5, ""C0040048"": 1}",0.6500224216483541,0.2514629985800606,0.0,C4277543,0.0
mm_0158296,BioBERT,0.0,1.0,sapbert_full_len3,6,6,0,5,False,1,-0.0,-0.0,C0040048,True,6.0,1.0,"{""C0040048"": 6}",-0.0,-0.0,0.0,C0040048,0.0
mm_0158296,BioMistral-7B,0.0,1.0,sapbert_full_len3,6,6,0,5,False,1,-0.0,-0.0,C0032202,True,,,,,,,,
mm_0158296,FLAN-T5-base,0.0,1.0,sapbert_full_len3,6,6,0,5,False,1,-0.0,-0.0,C0032202,True,,,,,,,,
mm_0158296,Llama3-OpenBioLLM-8B,0.0,0.8981462717056274,sapbert_full_len3,6,6,0,5,False,3,1.4591479170272446,0.5644754678724235,C2018123,False,,,,,,,,
mm_0158296,Meta-Llama-3-8B-Instruct,0.0,0.9999998807907104,sapbert_full_len3,6,6,0,5,False,3,1.4591479170272446,0.5644754678724235,C0019010,False,,,,,,,,
mm_0158296,Mistral-7B-Instruct-v0.1,0.0,0.9999998807907104,sapbert_full_len3,6,6,0,5,False,2,0.6500224216483541,0.25146299858006066,C0032202,False,,,,,,,,
mm_0158296,PubMedBERT,0.0,1.0,sapbert_full_len3,6,6,0,5,False,1,-0.0,-0.0,C1447749,True,6.0,1.0,"{""C1447749"": 6}",-0.0,-0.0,0.0,C1447749,0.0
mm_0158759,BERT-base,0.0,1.0,sapbert_full_len3,7,7,0,6,False,1,-0.0,-0.0,C0444254,True,7.0,1.0,"{""UMLS:C0444254"": 7}",-0.0,-0.0,0.0,UMLS:C0444254,0.0
mm_0158759,BioBERT,0.0,1.0,sapbert_full_len3,7,7,0,6,False,2,0.863120568566631,0.30744974986419643,C0027609,False,7.0,2.0,"{""C0027609"": 5, ""C1447749"": 2}",0.863120568566631,0.3074497498641964,0.0,C0027609,0.0
mm_0158759,BioMistral-7B,0.0,0.9999998807907104,sapbert_full_len3,7,7,0,6,False,2,0.863120568566631,0.30744974986419643,C0336789,False,,,,,,,,
mm_0158759,FLAN-T5-base,0.0,0.9999998211860656,sapbert_full_len3,7,7,0,6,False,2,0.9852281360342515,0.35094534299644053,C0087111,False,,,,,,,,
mm_0158759,Llama3-OpenBioLLM-8B,1.0,1.0,sapbert_full_len3,7,7,0,6,False,2,0.863120568566631,0.30744974986419643,C0087111,False,,,,,,,,
mm_0158759,Meta-Llama-3-8B-Instruct,0.0,0.9999999403953552,sapbert_full_len3,7,7,0,6,False,3,1.5566567074628228,0.5544923070581674,C0740858,False,,,,,,,,
mm_0158759,Mistral-7B-Instruct-v0.1,1.0,1.0,sapbert_full_len3,7,7,0,6,False,1,-0.0,-0.0,C0087111,True,,,,,,,,
mm_0158759,PubMedBERT,0.0,1.0,sapbert_full_len3,7,7,0,6,False,1,-0.0,-0.0,C0018966,True,7.0,1.0,"{""C0018966"": 7}",-0.0,-0.0,0.0,C0018966,0.0
mm_0159530,BERT-base,0.0,1.0,sapbert_full_len3,7,7,0,6,False,1,-0.0,-0.0,C1312419,True,7.0,1.0,"{""C1312419"": 7}",-0.0,-0.0,0.0,C1312419,0.0
mm_0159530,BioBERT,0.0,1.0,sapbert_full_len3,7,7,0,6,False,1,-0.0,-0.0,C1257990,True,7.0,1.0,"{""UMLS:C1257990"": 7}",-0.0,-0.0,0.0,UMLS:C1257990,0.0
mm_0159530,BioMistral-7B,0.0,1.0,sapbert_full_len3,7,7,0,6,False,1,-0.0,-0.0,C1139855,True,,,,,,,,
mm_0159530,FLAN-T5-base,0.0,1.0,sapbert_full_len3,7,7,0,6,False,1,-0.0,-0.0,C1139855,True,,,,,,,,
mm_0159530,Llama3-OpenBioLLM-8B,0.0,0.9999998211860656,sapbert_full_len3,7,7,0,6,False,2,0.863120568566631,0.30744974986419643,C1139855,False,,,,,,,,
mm_0159530,Meta-Llama-3-8B-Instruct,0.0,0.9999998211860656,sapbert_full_len3,7,7,0,6,False,2,0.5916727785823275,0.21075809614719848,C4277689,False,,,,,,,,
mm_0159530,Mistral-7B-Instruct-v0.1,0.0,1.0,sapbert_full_len3,7,7,0,6,False,1,-0.0,-0.0,C1139855,True,,,,,,,,
mm_0159530,PubMedBERT,0.0,1.0,sapbert_full_len3,7,7,0,6,False,1,-0.0,-0.0,C1447749,True,7.0,1.0,"{""C1447749"": 7}",-0.0,-0.0,0.0,C1447749,0.0
mm_0159654,BERT-base,0.0,1.0,sapbert_full_len3,8,8,0,7,False,2,0.8112781244591328,0.2704260414863776,C1447749,False,8.0,2.0,"{""C1447749"": 6, ""UMLS:C0358514"": 2}",0.8112781244591328,0.2704260414863776,0.0,C1447749,0.0
mm_0159654,BioBERT,0.0,1.0,sapbert_full_len3,8,8,0,7,False,1,-0.0,-0.0,C1257990,True,8.0,1.0,"{""UMLS:C1257990"": 8}",-0.0,-0.0,0.0,UMLS:C1257990,0.0
mm_0159654,BioMistral-7B,0.0,0.9999997615814208,sapbert_full_len3,8,8,0,7,False,1,-0.0,-0.0,C2985547,True,,,,,,,,
mm_0159654,FLAN-T5-base,0.0,1.0,sapbert_full_len3,8,8,0,7,False,1,-0.0,-0.0,C2985547,True,,,,,,,,
mm_0159654,Llama3-OpenBioLLM-8B,0.0,0.9999997615814208,sapbert_full_len3,8,8,0,7,False,5,2.1556390622295662,0.7185463540765221,C0544452,False,,,,,,,,
mm_0159654,Meta-Llama-3-8B-Instruct,0.0,0.9999997615814208,sapbert_full_len3,8,8,0,7,False,2,0.5435644431995964,0.1811881477331988,C2985547,False,,,,,,,,
mm_0159654,Mistral-7B-Instruct-v0.1,0.0,0.6938046216964722,sapbert_full_len3,8,4,4,7,False,1,-0.0,-0.0,C2985547,True,,,,,,,,
mm_0159654,PubMedBERT,0.0,1.0,sapbert_full_len3,8,8,0,7,False,2,0.5435644431995964,0.1811881477331988,C1839576,False,8.0,2.0,"{""C1839576"": 7, ""C0015131"": 1}",0.5435644431995964,0.1811881477331988,0.0,C1839576,0.0
mm_0159899,BERT-base,0.0,1.0,sapbert_full_len3,7,7,0,6,False,1,-0.0,-0.0,C1257990,True,7.0,1.0,"{""UMLS:C1257990"": 7}",-0.0,-0.0,0.0,UMLS:C1257990,0.0
mm_0159899,BioBERT,0.0,1.0,sapbert_full_len3,7,7,0,6,False,1,-0.0,-0.0,C1257990,True,7.0,1.0,"{""UMLS:C1257990"": 7}",-0.0,-0.0,0.0,UMLS:C1257990,0.0
mm_0159899,BioMistral-7B,1.0,1.0,sapbert_full_len3,7,7,0,6,False,2,0.863120568566631,0.30744974986419643,C0017262,False,,,,,,,,
mm_0159899,FLAN-T5-base,1.0,1.0,sapbert_full_len3,7,7,0,6,False,2,0.9852281360342515,0.35094534299644053,C0017262,False,,,,,,,,
mm_0159899,Llama3-OpenBioLLM-8B,1.0,1.0,sapbert_full_len3,7,7,0,6,False,2,0.9852281360342515,0.35094534299644053,C0017262,False,,,,,,,,
mm_0159899,Meta-Llama-3-8B-Instruct,1.0,1.0,sapbert_full_len3,7,7,0,6,False,1,-0.0,-0.0,C0017262,True,,,,,,,,
mm_0159899,Mistral-7B-Instruct-v0.1,1.0,1.0,sapbert_full_len3,7,7,0,6,False,2,0.9852281360342515,0.35094534299644053,C1609488,False,,,,,,,,
mm_0159899,PubMedBERT,0.0,1.0,sapbert_full_len3,7,7,0,6,False,2,0.5916727785823275,0.21075809614719848,C1447749,False,7.0,2.0,"{""C1839576"": 1, ""C1447749"": 6}",0.5916727785823275,0.2107580961471984,0.0,C1447749,0.0
mm_0160031,BERT-base,0.0,1.0,sapbert_full_len3,5,5,0,4,False,2,0.9709505944546686,0.4181656600790516,C0175173,False,5.0,2.0,"{""C0175173"": 3, ""UMLS:C1257990"": 2}",0.9709505944546686,0.4181656600790516,0.0,C0175173,0.0
mm_0160031,BioBERT,0.0,1.0,sapbert_full_len3,5,5,0,4,False,1,-0.0,-0.0,C0376671,True,5.0,1.0,"{""C0376671"": 5}",-0.0,-0.0,0.0,C0376671,0.0
mm_0160031,BioMistral-7B,0.0,0.8484697341918945,sapbert_full_len3,5,5,0,4,False,1,-0.0,-0.0,C0011334,True,,,,,,,,
mm_0160031,FLAN-T5-base,0.0,0.9999999403953552,sapbert_full_len3,5,5,0,4,False,2,0.7219280948873623,0.31091750708257115,C0011334,False,,,,,,,,
mm_0160031,Llama3-OpenBioLLM-8B,0.0,0.8763833045959473,sapbert_full_len3,5,5,0,4,False,2,0.7219280948873623,0.31091750708257115,C0011334,False,,,,,,,,
mm_0160031,Meta-Llama-3-8B-Instruct,0.0,1.0,sapbert_full_len3,5,5,0,4,False,1,-0.0,-0.0,C0011334,True,,,,,,,,
mm_0160031,Mistral-7B-Instruct-v0.1,0.0,1.0,sapbert_full_len3,5,5,0,4,False,1,-0.0,-0.0,C0011334,True,,,,,,,,
mm_0160031,PubMedBERT,0.0,1.0,sapbert_full_len3,5,5,0,4,False,2,0.9709505944546686,0.4181656600790516,C1839576,False,5.0,2.0,"{""C1839576"": 3, ""C1447749"": 2}",0.9709505944546686,0.4181656600790516,0.0,C1839576,0.0
mm_0160569,BERT-base,0.0,1.0,sapbert_full_len3,4,4,0,3,False,1,-0.0,-0.0,C1257990,True,4.0,1.0,"{""UMLS:C1257990"": 4}",-0.0,-0.0,0.0,UMLS:C1257990,0.0
mm_0160569,BioBERT,0.0,1.0,sapbert_full_len3,4,4,0,3,False,1,-0.0,-0.0,C1257990,True,4.0,1.0,"{""UMLS:C1257990"": 4}",-0.0,-0.0,0.0,UMLS:C1257990,0.0
mm_0160569,BioMistral-7B,0.0,1.0,sapbert_full_len3,4,4,0,3,False,2,1.0,0.5,C0812265,False,,,,,,,,
mm_0160569,FLAN-T5-base,0.0,1.0,sapbert_full_len3,4,4,0,3,False,2,1.0,0.5,C1864389,False,,,,,,,,
mm_0160569,Llama3-OpenBioLLM-8B,0.0,1.0,sapbert_full_len3,4,4,0,3,False,2,0.8112781244591328,0.4056390622295664,C1864389,False,,,,,,,,
mm_0160569,Meta-Llama-3-8B-Instruct,0.0,1.0,sapbert_full_len3,4,4,0,3,False,1,-0.0,-0.0,C0812265,True,,,,,,,,
mm_0160569,Mistral-7B-Instruct-v0.1,1.0,0.9999998211860656,sapbert_full_len3,4,4,0,3,False,3,1.5,0.75,C1864389,False,,,,,,,,
mm_0160569,PubMedBERT,0.0,1.0,sapbert_full_len3,4,4,0,3,False,2,0.8112781244591328,0.4056390622295664,C1839576,False,4.0,2.0,"{""C1839576"": 3, ""C1447749"": 1}",0.8112781244591328,0.4056390622295664,0.0,C1839576,0.0
mm_0161840,BERT-base,0.0,1.0,sapbert_full_len3,5,5,0,4,False,1,-0.0,-0.0,C0242193,True,5.0,1.0,"{""UMLS:C0242193"": 5}",-0.0,-0.0,0.0,UMLS:C0242193,0.0
mm_0161840,BioBERT,0.0,1.0,sapbert_full_len3,5,5,0,4,False,1,-0.0,-0.0,C1707887,True,5.0,1.0,"{""UMLS:C1707887"": 5}",-0.0,-0.0,0.0,UMLS:C1707887,0.0
mm_0161840,BioMistral-7B,1.0,1.0,sapbert_full_len3,5,5,0,4,False,1,-0.0,-0.0,C0700287,True,,,,,,,,
mm_0161840,FLAN-T5-base,1.0,1.0,sapbert_full_len3,5,5,0,4,False,1,-0.0,-0.0,C0700287,True,,,,,,,,
mm_0161840,Llama3-OpenBioLLM-8B,0.0,0.9999990463256836,sapbert_full_len3,5,5,0,4,False,4,1.9219280948873623,0.8277293767706428,C0700287,False,,,,,,,,
mm_0161840,Meta-Llama-3-8B-Instruct,1.0,1.0,sapbert_full_len3,5,5,0,4,False,1,-0.0,-0.0,C0700287,True,,,,,,,,
mm_0161840,Mistral-7B-Instruct-v0.1,1.0,1.0,sapbert_full_len3,5,5,0,4,False,1,-0.0,-0.0,C0700287,True,,,,,,,,
mm_0161840,PubMedBERT,0.0,1.0,sapbert_full_len3,5,5,0,4,False,2,0.7219280948873623,0.31091750708257115,C1447749,False,5.0,2.0,"{""C1447749"": 4, ""UMLS:C1707887"": 1}",0.7219280948873623,0.3109175070825711,0.0,C1447749,0.0
mm_0161896,BERT-base,0.0,1.0,sapbert_full_len3,5,5,0,4,False,1,-0.0,-0.0,C0242193,True,5.0,1.0,"{""UMLS:C0242193"": 5}",-0.0,-0.0,0.0,UMLS:C0242193,0.0
mm_0161896,BioBERT,0.0,1.0,sapbert_full_len3,5,5,0,4,False,1,-0.0,-0.0,C0027609,True,5.0,1.0,"{""C0027609"": 5}",-0.0,-0.0,0.0,C0027609,0.0
mm_0161896,BioMistral-7B,0.0,0.9999998211860656,sapbert_full_len3,5,5,0,4,False,2,0.9709505944546686,0.4181656600790516,C0162340,False,,,,,,,,
mm_0161896,FLAN-T5-base,1.0,1.0,sapbert_full_len3,5,5,0,4,False,1,-0.0,-0.0,C0162340,True,,,,,,,,
mm_0161896,Llama3-OpenBioLLM-8B,0.0,1.0,sapbert_full_len3,5,5,0,4,False,2,0.7219280948873623,0.31091750708257115,C0162340,False,,,,,,,,
mm_0161896,Meta-Llama-3-8B-Instruct,0.0,0.9999998807907104,sapbert_full_len3,5,5,0,4,False,2,0.7219280948873623,0.31091750708257115,C0034379,False,,,,,,,,
mm_0161896,Mistral-7B-Instruct-v0.1,1.0,1.0,sapbert_full_len3,5,5,0,4,False,1,-0.0,-0.0,C0162340,True,,,,,,,,
mm_0161896,PubMedBERT,0.0,1.0,sapbert_full_len3,5,5,0,4,False,2,0.7219280948873623,0.31091750708257115,C1447749,False,5.0,2.0,"{""C1839576"": 1, ""C1447749"": 4}",0.7219280948873623,0.3109175070825711,0.0,C1447749,0.0
mm_0162411,BERT-base,0.0,1.0,sapbert_full_len3,4,4,0,3,False,2,0.8112781244591328,0.4056390622295664,C1312419,False,4.0,2.0,"{""C1312419"": 3, ""UMLS:C1257990"": 1}",0.8112781244591328,0.4056390622295664,0.0,C1312419,0.0
mm_0162411,BioBERT,0.0,1.0,sapbert_full_len3,4,4,0,3,False,1,-0.0,-0.0,C0013728,True,4.0,1.0,"{""C0013728"": 4}",-0.0,-0.0,0.0,C0013728,0.0
mm_0162411,BioMistral-7B,0.0,0.9999998807907104,sapbert_full_len3,4,4,0,3,False,2,0.8112781244591328,0.4056390622295664,C1150999,False,,,,,,,,
mm_0162411,FLAN-T5-base,0.0,1.0,sapbert_full_len3,4,4,0,3,False,1,-0.0,-0.0,C1150999,True,,,,,,,,
mm_0162411,Llama3-OpenBioLLM-8B,0.0,0.9492889046669006,sapbert_full_len3,4,4,0,3,False,1,-0.0,-0.0,C1158193,True,,,,,,,,
mm_0162411,Meta-Llama-3-8B-Instruct,0.0,0.9492889046669006,sapbert_full_len3,4,4,0,3,False,1,-0.0,-0.0,C1158193,True,,,,,,,,
mm_0162411,Mistral-7B-Instruct-v0.1,0.0,0.9999998807907104,sapbert_full_len3,4,4,0,3,False,1,-0.0,-0.0,C1150999,True,,,,,,,,
mm_0162411,PubMedBERT,0.0,1.0,sapbert_full_len3,4,4,0,3,False,2,1.0,0.5,C1447749,False,4.0,2.0,"{""C1447749"": 2, ""C1839576"": 2}",1.0,0.5,0.0,C1447749,1.0
mm_0162448,BERT-base,0.0,1.0,sapbert_full_len3,5,5,0,4,False,2,0.7219280948873623,0.31091750708257115,C0059563,False,5.0,2.0,"{""C0059563"": 4, ""C4505290"": 1}",0.7219280948873623,0.3109175070825711,0.0,C0059563,0.0
mm_0162448,BioBERT,0.0,1.0,sapbert_full_len3,5,5,0,4,False,1,-0.0,-0.0,C0059563,True,5.0,1.0,"{""C0059563"": 5}",-0.0,-0.0,0.0,C0059563,0.0
mm_0162448,BioMistral-7B,0.0,0.9999998807907104,sapbert_full_len3,5,5,0,4,False,1,-0.0,-0.0,C1150999,True,,,,,,,,
mm_0162448,FLAN-T5-base,0.0,0.9999999403953552,sapbert_full_len3,5,5,0,4,False,3,1.5219280948873621,0.6554587535412855,C0039959,False,,,,,,,,
mm_0162448,Llama3-OpenBioLLM-8B,0.0,0.9077175855636596,sapbert_full_len3,5,5,0,4,False,1,-0.0,-0.0,C1150999,True,,,,,,,,
mm_0162448,Meta-Llama-3-8B-Instruct,0.0,0.855547308921814,sapbert_full_len3,5,5,0,4,False,3,1.5219280948873621,0.6554587535412855,C1156853,False,,,,,,,,
mm_0162448,Mistral-7B-Instruct-v0.1,0.0,0.855547308921814,sapbert_full_len3,5,5,0,4,False,1,-0.0,-0.0,C1156853,True,,,,,,,,
mm_0162448,PubMedBERT,0.0,1.0,sapbert_full_len3,5,5,0,4,False,1,-0.0,-0.0,C0018966,True,5.0,1.0,"{""C0018966"": 5}",-0.0,-0.0,0.0,C0018966,0.0
mm_0162509,BERT-base,0.0,1.0,sapbert_full_len3,5,5,0,4,False,1,-0.0,-0.0,C1257990,True,5.0,1.0,"{""UMLS:C1257990"": 5}",-0.0,-0.0,0.0,UMLS:C1257990,0.0
mm_0162509,BioBERT,0.0,1.0,sapbert_full_len3,5,5,0,4,False,1,-0.0,-0.0,C1257990,True,5.0,1.0,"{""UMLS:C1257990"": 5}",-0.0,-0.0,0.0,UMLS:C1257990,0.0
mm_0162509,BioMistral-7B,0.0,0.983035445213318,sapbert_full_len3,5,5,0,4,False,1,-0.0,-0.0,C1456820,True,,,,,,,,
mm_0162509,FLAN-T5-base,0.0,0.98698627948761,sapbert_full_len3,5,5,0,4,False,1,-0.0,-0.0,C1456820,True,,,,,,,,
mm_0162509,Llama3-OpenBioLLM-8B,0.0,0.9999999403953552,sapbert_full_len3,5,5,0,4,False,1,-0.0,-0.0,C0162638,True,,,,,,,,
mm_0162509,Meta-Llama-3-8B-Instruct,0.0,0.9999999403953552,sapbert_full_len3,5,5,0,4,False,1,-0.0,-0.0,C0162638,True,,,,,,,,
mm_0162509,Mistral-7B-Instruct-v0.1,0.0,0.9999998807907104,sapbert_full_len3,5,5,0,4,False,1,-0.0,-0.0,C0162638,True,,,,,,,,
mm_0162509,PubMedBERT,0.0,1.0,sapbert_full_len3,5,5,0,4,False,1,-0.0,-0.0,C1257990,True,5.0,1.0,"{""UMLS:C1257990"": 5}",-0.0,-0.0,0.0,UMLS:C1257990,0.0
mm_0162520,BERT-base,0.0,1.0,sapbert_full_len3,7,7,0,6,False,3,1.3787834934861753,0.49113258984568253,C1257990,False,7.0,3.0,"{""UMLS:C1257990"": 4, ""C1431322"": 1, ""C1312419"": 2}",1.3787834934861751,0.4911325898456825,0.0,UMLS:C1257990,0.0
mm_0162520,BioBERT,0.0,1.0,sapbert_full_len3,7,7,0,6,False,1,-0.0,-0.0,C1257990,True,7.0,1.0,"{""UMLS:C1257990"": 7}",-0.0,-0.0,0.0,UMLS:C1257990,0.0
mm_0162520,BioMistral-7B,0.0,0.9999999403953552,sapbert_full_len3,7,7,0,6,False,1,-0.0,-0.0,C3898411,True,,,,,,,,
mm_0162520,FLAN-T5-base,0.0,1.0,sapbert_full_len3,7,7,0,6,False,2,0.863120568566631,0.30744974986419643,C3898411,False,,,,,,,,
mm_0162520,Llama3-OpenBioLLM-8B,0.0,0.9999999403953552,sapbert_full_len3,7,7,0,6,False,2,0.863120568566631,0.30744974986419643,C3898411,False,,,,,,,,
mm_0162520,Meta-Llama-3-8B-Instruct,0.0,0.9999999403953552,sapbert_full_len3,7,7,0,6,False,3,1.5566567074628228,0.5544923070581674,C3898411,False,,,,,,,,
mm_0162520,Mistral-7B-Instruct-v0.1,0.0,1.0,sapbert_full_len3,7,7,0,6,False,2,0.863120568566631,0.30744974986419643,C3898411,False,,,,,,,,
mm_0162520,PubMedBERT,0.0,1.0,sapbert_full_len3,7,7,0,6,False,1,-0.0,-0.0,C1839576,True,7.0,1.0,"{""C1839576"": 7}",-0.0,-0.0,0.0,C1839576,0.0
mm_0162546,BERT-base,0.0,1.0,sapbert_full_len3,7,7,0,6,False,1,-0.0,-0.0,C1447749,True,7.0,1.0,"{""C1447749"": 7}",-0.0,-0.0,0.0,C1447749,0.0
mm_0162546,BioBERT,0.0,1.0,sapbert_full_len3,7,7,0,6,False,1,-0.0,-0.0,C1447749,True,7.0,1.0,"{""C1447749"": 7}",-0.0,-0.0,0.0,C1447749,0.0
mm_0162546,BioMistral-7B,1.0,0.9187334775924684,sapbert_full_len3,7,7,0,6,False,2,0.9852281360342515,0.35094534299644053,C0032460,False,,,,,,,,
mm_0162546,FLAN-T5-base,1.0,0.9186984300613404,sapbert_full_len3,7,7,0,6,False,2,0.863120568566631,0.30744974986419643,C0028949,False,,,,,,,,
mm_0162546,Llama3-OpenBioLLM-8B,0.0,0.9999997615814208,sapbert_full_len3,7,7,0,6,False,1,-0.0,-0.0,C0032460,True,,,,,,,,
mm_0162546,Meta-Llama-3-8B-Instruct,0.0,0.9999992847442628,sapbert_full_len3,7,7,0,6,False,1,-0.0,-0.0,C0032460,True,,,,,,,,
mm_0162546,Mistral-7B-Instruct-v0.1,0.0,0.9999992847442628,sapbert_full_len3,7,7,0,6,False,1,-0.0,-0.0,C0032460,True,,,,,,,,
mm_0162546,PubMedBERT,0.0,1.0,sapbert_full_len3,7,7,0,6,False,1,-0.0,-0.0,C1447749,True,7.0,1.0,"{""C1447749"": 7}",-0.0,-0.0,0.0,C1447749,0.0
mm_0164466,BERT-base,0.0,1.0,sapbert_full_len3,9,9,0,8,False,2,0.5032583347756457,0.1587603285713901,C1447749,False,9.0,2.0,"{""C1447749"": 8, ""UMLS:C1257990"": 1}",0.5032583347756457,0.1587603285713901,0.0,C1447749,0.0
mm_0164466,BioBERT,0.0,1.0,sapbert_full_len3,9,9,0,8,False,2,0.7642045065086203,0.24107968048484052,C1257990,False,9.0,2.0,"{""UMLS:C1257990"": 7, ""C1447749"": 2}",0.7642045065086203,0.2410796804848405,0.0,UMLS:C1257990,0.0
mm_0164466,BioMistral-7B,0.0,1.0,sapbert_full_len3,9,9,0,8,False,3,0.9864267287308424,0.31118298643722464,C0206686,False,,,,,,,,
mm_0164466,FLAN-T5-base,0.0,1.0,sapbert_full_len3,9,9,0,8,False,2,0.5032583347756457,0.1587603285713901,C0206686,False,,,,,,,,
mm_0164466,Llama3-OpenBioLLM-8B,0.0,1.0,sapbert_full_len3,9,9,0,8,False,2,0.9182958340544896,0.2896900821428475,C0206686,False,,,,,,,,
mm_0164466,Meta-Llama-3-8B-Instruct,0.0,1.0,sapbert_full_len3,9,9,0,8,False,2,0.9910760598382222,0.3126496871021503,C1274040,False,,,,,,,,
mm_0164466,Mistral-7B-Instruct-v0.1,0.0,0.9999998807907104,sapbert_full_len3,9,9,0,8,False,4,1.836591668108979,0.579380164285695,C0242428,False,,,,,,,,
mm_0164466,PubMedBERT,0.0,1.0,sapbert_full_len3,9,9,0,8,False,2,0.7642045065086203,0.24107968048484052,C0015131,False,9.0,2.0,"{""C0015131"": 7, ""C1839576"": 2}",0.7642045065086203,0.2410796804848405,0.0,C0015131,0.0
mm_0164998,BERT-base,0.0,1.0,sapbert_full_len3,7,7,0,6,False,1,-0.0,-0.0,C0282597,True,7.0,1.0,"{""C0282597"": 7}",-0.0,-0.0,0.0,C0282597,0.0
mm_0164998,BioBERT,0.0,1.0,sapbert_full_len3,7,7,0,6,False,2,0.5916727785823275,0.21075809614719848,C1707887,False,7.0,2.0,"{""UMLS:C1707887"": 6, ""C0203378"": 1}",0.5916727785823275,0.2107580961471984,0.0,UMLS:C1707887,0.0
mm_0164998,BioMistral-7B,1.0,1.0,sapbert_full_len3,7,7,0,6,False,1,-0.0,-0.0,C0037585,True,,,,,,,,
mm_0164998,FLAN-T5-base,1.0,1.0,sapbert_full_len3,7,7,0,6,False,1,-0.0,-0.0,C0037585,True,,,,,,,,
mm_0164998,Llama3-OpenBioLLM-8B,1.0,1.0,sapbert_full_len3,7,7,0,6,False,1,-0.0,-0.0,C0037585,True,,,,,,,,
mm_0164998,Meta-Llama-3-8B-Instruct,0.0,0.9999998807907104,sapbert_full_len3,7,7,0,6,False,3,1.3787834934861753,0.49113258984568253,C3826009,False,,,,,,,,
mm_0164998,Mistral-7B-Instruct-v0.1,1.0,1.0,sapbert_full_len3,7,7,0,6,False,1,-0.0,-0.0,C0037585,True,,,,,,,,
mm_0164998,PubMedBERT,0.0,1.0,sapbert_full_len3,7,7,0,6,False,2,0.5916727785823275,0.21075809614719848,C1447749,False,7.0,2.0,"{""C1447749"": 6, ""C1839576"": 1}",0.5916727785823275,0.2107580961471984,0.0,C1447749,0.0
mm_0165626,BERT-base,0.0,1.0,sapbert_full_len3,7,7,0,6,False,1,-0.0,-0.0,C1447749,True,7.0,1.0,"{""C1447749"": 7}",-0.0,-0.0,0.0,C1447749,0.0
mm_0165626,BioBERT,0.0,1.0,sapbert_full_len3,7,7,0,6,False,1,-0.0,-0.0,C1447749,True,7.0,1.0,"{""C1447749"": 7}",-0.0,-0.0,0.0,C1447749,0.0
mm_0165626,BioMistral-7B,0.0,1.0,sapbert_full_len3,7,7,0,6,False,2,0.9852281360342515,0.35094534299644053,C1416786,False,,,,,,,,
mm_0165626,FLAN-T5-base,0.0,1.0,sapbert_full_len3,7,7,0,6,False,2,0.9852281360342515,0.35094534299644053,C0007806,False,,,,,,,,
mm_0165626,Llama3-OpenBioLLM-8B,0.0,1.0,sapbert_full_len3,7,7,0,6,False,2,0.863120568566631,0.30744974986419643,C0011265,False,,,,,,,,
mm_0165626,Meta-Llama-3-8B-Instruct,0.0,1.0,sapbert_full_len3,7,7,0,6,False,1,-0.0,-0.0,C0011265,True,,,,,,,,
mm_0165626,Mistral-7B-Instruct-v0.1,0.0,0.9999998211860656,sapbert_full_len3,7,7,0,6,False,1,-0.0,-0.0,C0011265,True,,,,,,,,
mm_0165626,PubMedBERT,0.0,1.0,sapbert_full_len3,7,7,0,6,False,1,-0.0,-0.0,C1839576,True,7.0,1.0,"{""C1839576"": 7}",-0.0,-0.0,0.0,C1839576,0.0
mm_0166051,BERT-base,0.0,1.0,sapbert_full_len3,6,6,0,5,False,2,1.0,0.38685280723454163,C0597336,False,6.0,2.0,"{""C0597336"": 3, ""C1136156"": 3}",1.0,0.3868528072345416,0.0,C0597336,0.0
mm_0166051,BioBERT,0.0,1.0,sapbert_full_len3,6,6,0,5,False,1,-0.0,-0.0,C0027609,True,6.0,1.0,"{""C0027609"": 6}",-0.0,-0.0,0.0,C0027609,0.0
mm_0166051,BioMistral-7B,1.0,0.9999998211860656,sapbert_full_len3,6,6,0,5,False,2,0.6500224216483541,0.25146299858006066,C0449774,False,,,,,,,,
mm_0166051,FLAN-T5-base,0.0,0.6549481749534607,sapbert_full_len3,6,1,5,5,False,1,-0.0,-0.0,C0449774,True,,,,,,,,
mm_0166051,Llama3-OpenBioLLM-8B,0.0,0.6549205780029297,sapbert_full_len3,6,5,1,5,False,3,1.5219280948873621,0.5887621559162939,C5392149,False,,,,,,,,
mm_0166051,Meta-Llama-3-8B-Instruct,1.0,1.0,sapbert_full_len3,6,6,0,5,False,2,0.6500224216483541,0.25146299858006066,C0449774,False,,,,,,,,
mm_0166051,Mistral-7B-Instruct-v0.1,1.0,0.7895547747612,sapbert_full_len3,6,6,0,5,False,2,0.6500224216483541,0.25146299858006066,C0449774,False,,,,,,,,
mm_0166051,PubMedBERT,0.0,1.0,sapbert_full_len3,6,6,0,5,False,1,-0.0,-0.0,C1839576,True,6.0,1.0,"{""C1839576"": 6}",-0.0,-0.0,0.0,C1839576,0.0
mm_0166571,BERT-base,0.0,1.0,sapbert_full_len3,6,6,0,5,False,1,-0.0,-0.0,C1257990,True,6.0,1.0,"{""UMLS:C1257990"": 6}",-0.0,-0.0,0.0,UMLS:C1257990,0.0
mm_0166571,BioBERT,1.0,1.0,sapbert_full_len3,6,6,0,5,False,1,-0.0,-0.0,C0026473,True,6.0,1.0,"{""UMLS:C0026473"": 6}",-0.0,-0.0,1.0,UMLS:C0026473,0.0
mm_0166571,BioMistral-7B,1.0,1.0000001192092896,sapbert_full_len3,6,6,0,5,False,2,1.0,0.38685280723454163,C0026473,False,,,,,,,,
mm_0166571,FLAN-T5-base,0.0,0.943943202495575,sapbert_full_len3,6,6,0,5,False,1,-0.0,-0.0,C5776716,True,,,,,,,,
mm_0166571,Llama3-OpenBioLLM-8B,1.0,0.9999998807907104,sapbert_full_len3,6,6,0,5,False,1,-0.0,-0.0,C0026473,True,,,,,,,,
mm_0166571,Meta-Llama-3-8B-Instruct,0.0,1.0,sapbert_full_len3,6,6,0,5,False,1,-0.0,-0.0,C1336636,True,,,,,,,,
mm_0166571,Mistral-7B-Instruct-v0.1,1.0,0.9999999403953552,sapbert_full_len3,6,6,0,5,False,1,-0.0,-0.0,C0026473,True,,,,,,,,
mm_0166571,PubMedBERT,1.0,1.0,sapbert_full_len3,6,6,0,5,False,1,-0.0,-0.0,C0026473,True,6.0,1.0,"{""UMLS:C0026473"": 6}",-0.0,-0.0,1.0,UMLS:C0026473,0.0
mm_0166771,BERT-base,0.0,1.0,sapbert_full_len3,7,7,0,6,False,1,-0.0,-0.0,C1257990,True,7.0,1.0,"{""UMLS:C1257990"": 7}",-0.0,-0.0,0.0,UMLS:C1257990,0.0
mm_0166771,BioBERT,0.0,1.0,sapbert_full_len3,7,7,0,6,False,1,-0.0,-0.0,C1257990,True,7.0,1.0,"{""UMLS:C1257990"": 7}",-0.0,-0.0,0.0,UMLS:C1257990,0.0
mm_0166771,BioMistral-7B,1.0,1.0,sapbert_full_len3,7,7,0,6,False,1,-0.0,-0.0,C0242594,True,,,,,,,,
mm_0166771,FLAN-T5-base,1.0,1.0,sapbert_full_len3,7,7,0,6,False,2,0.5916727785823275,0.21075809614719848,C0242594,False,,,,,,,,
mm_0166771,Llama3-OpenBioLLM-8B,1.0,1.0,sapbert_full_len3,7,7,0,6,False,3,1.4488156357251847,0.516078542239789,C0242594,False,,,,,,,,
mm_0166771,Meta-Llama-3-8B-Instruct,1.0,1.0,sapbert_full_len3,7,7,0,6,False,2,0.863120568566631,0.30744974986419643,C0242594,False,,,,,,,,
mm_0166771,Mistral-7B-Instruct-v0.1,1.0,1.0,sapbert_full_len3,7,7,0,6,False,2,0.9852281360342515,0.35094534299644053,C0021083,False,,,,,,,,
mm_0166771,PubMedBERT,0.0,1.0,sapbert_full_len3,7,7,0,6,False,2,0.863120568566631,0.30744974986419643,C1257990,False,7.0,2.0,"{""C1447749"": 2, ""UMLS:C1257990"": 5}",0.863120568566631,0.3074497498641964,0.0,UMLS:C1257990,0.0
mm_0168172,BERT-base,0.0,1.0,sapbert_full_len3,7,7,0,6,False,2,0.863120568566631,0.30744974986419643,C1257990,False,7.0,2.0,"{""UMLS:C1257990"": 5, ""UMLS:C0752046"": 2}",0.863120568566631,0.3074497498641964,0.0,UMLS:C1257990,0.0
mm_0168172,BioBERT,0.0,1.0,sapbert_full_len3,7,7,0,6,False,2,0.5916727785823275,0.21075809614719848,C1257990,False,7.0,2.0,"{""UMLS:C1257990"": 6, ""C1447749"": 1}",0.5916727785823275,0.2107580961471984,0.0,UMLS:C1257990,0.0
mm_0168172,BioMistral-7B,0.0,0.9999998807907104,sapbert_full_len3,7,7,0,6,False,1,-0.0,-0.0,C1521898,True,,,,,,,,
mm_0168172,FLAN-T5-base,0.0,1.0,sapbert_full_len3,7,7,0,6,False,2,0.5916727785823275,0.21075809614719848,C1707513,False,,,,,,,,
mm_0168172,Llama3-OpenBioLLM-8B,0.0,0.9331247806549072,sapbert_full_len3,7,7,0,6,False,4,1.6644977792004614,0.5929060718765461,C0966831,False,,,,,,,,
mm_0168172,Meta-Llama-3-8B-Instruct,0.0,0.6376758813858032,sapbert_full_len3,7,1,6,6,False,1,-0.0,-0.0,C0966831,True,,,,,,,,
mm_0168172,Mistral-7B-Instruct-v0.1,0.0,0.6230131387710571,sapbert_full_len3,7,3,4,6,False,1,-0.0,-0.0,C0966831,True,,,,,,,,
mm_0168172,PubMedBERT,0.0,1.0,sapbert_full_len3,7,7,0,6,False,1,-0.0,-0.0,C1447749,True,7.0,1.0,"{""C1447749"": 7}",-0.0,-0.0,0.0,C1447749,0.0
mm_0168205,BERT-base,0.0,1.0,sapbert_full_len3,4,4,0,3,False,1,-0.0,-0.0,C1739108,True,4.0,1.0,"{""C1739108"": 4}",-0.0,-0.0,0.0,C1739108,0.0
mm_0168205,BioBERT,0.0,1.0,sapbert_full_len3,4,4,0,3,False,1,-0.0,-0.0,C1447749,True,4.0,1.0,"{""C1447749"": 4}",-0.0,-0.0,0.0,C1447749,0.0
mm_0168205,BioMistral-7B,0.0,1.0,sapbert_full_len3,4,4,0,3,False,1,-0.0,-0.0,C0524620,True,,,,,,,,
mm_0168205,FLAN-T5-base,0.0,1.0,sapbert_full_len3,4,4,0,3,False,2,0.8112781244591328,0.4056390622295664,C0011860,False,,,,,,,,
mm_0168205,Llama3-OpenBioLLM-8B,0.0,0.9999998211860656,sapbert_full_len3,4,4,0,3,False,3,1.5,0.75,C0524620,False,,,,,,,,
mm_0168205,Meta-Llama-3-8B-Instruct,0.0,1.0,sapbert_full_len3,4,4,0,3,False,1,-0.0,-0.0,C0524620,True,,,,,,,,
mm_0168205,Mistral-7B-Instruct-v0.1,0.0,0.9999998807907104,sapbert_full_len3,4,4,0,3,False,2,0.8112781244591328,0.4056390622295664,C0524620,False,,,,,,,,
mm_0168205,PubMedBERT,0.0,1.0,sapbert_full_len3,4,4,0,3,False,2,1.0,0.5,C1447749,False,4.0,2.0,"{""C1447749"": 2, ""C1839576"": 2}",1.0,0.5,0.0,C1447749,1.0
mm_0168214,BERT-base,0.0,1.0,sapbert_full_len3,5,5,0,4,False,1,-0.0,-0.0,C1739108,True,5.0,1.0,"{""C1739108"": 5}",-0.0,-0.0,0.0,C1739108,0.0
mm_0168214,BioBERT,0.0,1.0,sapbert_full_len3,5,5,0,4,False,1,-0.0,-0.0,C1447749,True,5.0,1.0,"{""C1447749"": 5}",-0.0,-0.0,0.0,C1447749,0.0
mm_0168214,BioMistral-7B,0.0,1.0,sapbert_full_len3,5,5,0,4,False,1,-0.0,-0.0,C0524620,True,,,,,,,,
mm_0168214,FLAN-T5-base,0.0,1.0,sapbert_full_len3,5,5,0,4,False,2,0.9709505944546686,0.4181656600790516,C0011860,False,,,,,,,,
mm_0168214,Llama3-OpenBioLLM-8B,0.0,0.9999998211860656,sapbert_full_len3,5,5,0,4,False,3,1.5219280948873621,0.6554587535412855,C0282440,False,,,,,,,,
mm_0168214,Meta-Llama-3-8B-Instruct,0.0,1.0,sapbert_full_len3,5,5,0,4,False,1,-0.0,-0.0,C0524620,True,,,,,,,,
mm_0168214,Mistral-7B-Instruct-v0.1,0.0,0.9999998807907104,sapbert_full_len3,5,5,0,4,False,2,0.9709505944546686,0.4181656600790516,C0524620,False,,,,,,,,
mm_0168214,PubMedBERT,0.0,1.0,sapbert_full_len3,5,5,0,4,False,2,0.9709505944546686,0.4181656600790516,C1447749,False,5.0,2.0,"{""C1447749"": 3, ""C1839576"": 2}",0.9709505944546686,0.4181656600790516,0.0,C1447749,0.0
mm_0169244,BERT-base,0.0,1.0,sapbert_full_len3,5,5,0,4,False,1,-0.0,-0.0,C2350390,True,5.0,1.0,"{""UMLS:C2350390"": 5}",-0.0,-0.0,0.0,UMLS:C2350390,0.0
mm_0169244,BioBERT,0.0,1.0,sapbert_full_len3,5,5,0,4,False,2,0.9709505944546686,0.4181656600790516,C0919821,False,5.0,2.0,"{""UMLS:C0919821"": 3, ""UMLS:C1707887"": 2}",0.9709505944546686,0.4181656600790516,0.0,UMLS:C0919821,0.0
mm_0169244,BioMistral-7B,1.0,1.0,sapbert_full_len3,5,5,0,4,False,1,-0.0,-0.0,C0277608,True,,,,,,,,
mm_0169244,FLAN-T5-base,1.0,1.0,sapbert_full_len3,5,5,0,4,False,1,-0.0,-0.0,C0277608,True,,,,,,,,
mm_0169244,Llama3-OpenBioLLM-8B,1.0,1.0,sapbert_full_len3,5,5,0,4,False,3,1.3709505944546687,0.5904362833084089,C0277608,False,,,,,,,,
mm_0169244,Meta-Llama-3-8B-Instruct,1.0,1.0,sapbert_full_len3,5,5,0,4,False,1,-0.0,-0.0,C0277608,True,,,,,,,,
mm_0169244,Mistral-7B-Instruct-v0.1,1.0,1.0,sapbert_full_len3,5,5,0,4,False,1,-0.0,-0.0,C0277608,True,,,,,,,,
mm_0169244,PubMedBERT,0.0,1.0,sapbert_full_len3,5,5,0,4,False,2,0.7219280948873623,0.31091750708257115,C1447749,False,5.0,2.0,"{""C1839576"": 1, ""C1447749"": 4}",0.7219280948873623,0.3109175070825711,0.0,C1447749,0.0
mm_0169777,BERT-base,0.0,1.0,sapbert_full_len3,7,7,0,6,False,1,-0.0,-0.0,C1257990,True,7.0,1.0,"{""UMLS:C1257990"": 7}",-0.0,-0.0,0.0,UMLS:C1257990,0.0
mm_0169777,BioBERT,0.0,1.0,sapbert_full_len3,7,7,0,6,False,1,-0.0,-0.0,C1257990,True,7.0,1.0,"{""UMLS:C1257990"": 7}",-0.0,-0.0,0.0,UMLS:C1257990,0.0
mm_0169777,BioMistral-7B,0.0,0.9999998807907104,sapbert_full_len3,7,7,0,6,False,1,-0.0,-0.0,C0812303,True,,,,,,,,
mm_0169777,FLAN-T5-base,1.0,1.0,sapbert_full_len3,7,7,0,6,False,2,0.5916727785823275,0.21075809614719848,C1522579,False,,,,,,,,
mm_0169777,Llama3-OpenBioLLM-8B,0.0,0.9999998807907104,sapbert_full_len3,7,7,0,6,False,1,-0.0,-0.0,C1427627,True,,,,,,,,
mm_0169777,Meta-Llama-3-8B-Instruct,1.0,1.0,sapbert_full_len3,7,7,0,6,False,1,-0.0,-0.0,C1522579,True,,,,,,,,
mm_0169777,Mistral-7B-Instruct-v0.1,0.0,0.9999998211860656,sapbert_full_len3,7,7,0,6,False,2,0.5916727785823275,0.21075809614719848,C1326504,False,,,,,,,,
mm_0169777,PubMedBERT,0.0,1.0,sapbert_full_len3,7,7,0,6,False,1,-0.0,-0.0,C1839576,True,7.0,1.0,"{""C1839576"": 7}",-0.0,-0.0,0.0,C1839576,0.0
mm_0169892,BERT-base,0.0,1.0,sapbert_full_len3,6,6,0,5,False,2,0.9182958340544896,0.355245321275764,C1739108,False,6.0,2.0,"{""C1739108"": 4, ""C1447749"": 2}",0.9182958340544896,0.355245321275764,0.0,C1739108,0.0
mm_0169892,BioBERT,0.0,1.0,sapbert_full_len3,6,6,0,5,False,1,-0.0,-0.0,C1707887,True,6.0,1.0,"{""UMLS:C1707887"": 6}",-0.0,-0.0,0.0,UMLS:C1707887,0.0
mm_0169892,BioMistral-7B,0.0,0.9999998807907104,sapbert_full_len3,6,6,0,5,False,1,-0.0,-0.0,C4316895,True,,,,,,,,
mm_0169892,FLAN-T5-base,0.0,1.0,sapbert_full_len3,6,6,0,5,False,1,-0.0,-0.0,C4316895,True,,,,,,,,
mm_0169892,Llama3-OpenBioLLM-8B,0.0,1.0000001192092896,sapbert_full_len3,6,6,0,5,False,3,1.4591479170272446,0.5644754678724235,C1514811,False,,,,,,,,
mm_0169892,Meta-Llama-3-8B-Instruct,0.0,1.0000001192092896,sapbert_full_len3,6,6,0,5,False,1,-0.0,-0.0,C4316895,True,,,,,,,,
mm_0169892,Mistral-7B-Instruct-v0.1,0.0,0.9999999403953552,sapbert_full_len3,6,6,0,5,False,1,-0.0,-0.0,C4316895,True,,,,,,,,
mm_0169892,PubMedBERT,0.0,1.0,sapbert_full_len3,6,6,0,5,False,2,0.6500224216483541,0.25146299858006066,C1447749,False,6.0,2.0,"{""C1839576"": 1, ""C1447749"": 5}",0.6500224216483541,0.2514629985800606,0.0,C1447749,0.0
mm_0170315,BERT-base,0.0,1.0,sapbert_full_len3,9,9,0,8,False,2,0.7642045065086203,0.24107968048484052,C1257880,False,9.0,2.0,"{""C1257880"": 7, ""C0949359"": 2}",0.7642045065086203,0.2410796804848405,0.0,C1257880,0.0
mm_0170315,BioBERT,0.0,1.0,sapbert_full_len3,9,9,0,8,False,1,-0.0,-0.0,C0061751,True,9.0,1.0,"{""C0061751"": 9}",-0.0,-0.0,0.0,C0061751,0.0
mm_0170315,BioMistral-7B,1.0,0.9999998807907104,sapbert_full_len3,9,9,0,8,False,1,-0.0,-0.0,C2934842,True,,,,,,,,
mm_0170315,FLAN-T5-base,1.0,0.9999998807907104,sapbert_full_len3,9,9,0,8,False,3,1.224394445405986,0.3862534428571301,C2934842,False,,,,,,,,
mm_0170315,Llama3-OpenBioLLM-8B,1.0,0.9999998807907104,sapbert_full_len3,9,9,0,8,False,1,-0.0,-0.0,C2934842,True,,,,,,,,
mm_0170315,Meta-Llama-3-8B-Instruct,1.0,1.0000001192092896,sapbert_full_len3,9,9,0,8,False,1,-0.0,-0.0,C2934842,True,,,,,,,,
mm_0170315,Mistral-7B-Instruct-v0.1,1.0,1.0000001192092896,sapbert_full_len3,9,9,0,8,False,1,-0.0,-0.0,C2934842,True,,,,,,,,
mm_0170315,PubMedBERT,0.0,1.0,sapbert_full_len3,9,9,0,8,False,3,1.224394445405986,0.3862534428571301,C0015131,False,9.0,3.0,"{""C0015131"": 6, ""C1431322"": 1, ""UMLS:C0048220"": 2}",1.224394445405986,0.3862534428571301,0.0,C0015131,0.0
mm_0170417,BERT-base,0.0,1.0,sapbert_full_len3,7,7,0,6,False,1,-0.0,-0.0,C1257990,True,7.0,1.0,"{""UMLS:C1257990"": 7}",-0.0,-0.0,0.0,UMLS:C1257990,0.0
mm_0170417,BioBERT,0.0,1.0,sapbert_full_len3,7,7,0,6,False,1,-0.0,-0.0,C1257990,True,7.0,1.0,"{""UMLS:C1257990"": 7}",-0.0,-0.0,0.0,UMLS:C1257990,0.0
mm_0170417,BioMistral-7B,1.0,1.0,sapbert_full_len3,7,7,0,6,False,2,0.863120568566631,0.30744974986419643,C0086661,False,,,,,,,,
mm_0170417,FLAN-T5-base,1.0,1.0,sapbert_full_len3,7,7,0,6,False,2,0.863120568566631,0.30744974986419643,C0702240,False,,,,,,,,
mm_0170417,Llama3-OpenBioLLM-8B,0.0,0.9999998807907104,sapbert_full_len3,7,7,0,6,False,3,1.1488348542809166,0.4092232318950598,C0007586,False,,,,,,,,
mm_0170417,Meta-Llama-3-8B-Instruct,0.0,0.9999998807907104,sapbert_full_len3,7,7,0,6,False,1,-0.0,-0.0,C1155872,True,,,,,,,,
mm_0170417,Mistral-7B-Instruct-v0.1,0.0,0.9999999403953552,sapbert_full_len3,7,7,0,6,False,1,-0.0,-0.0,C0007586,True,,,,,,,,
mm_0170417,PubMedBERT,0.0,1.0,sapbert_full_len3,7,7,0,6,False,2,0.863120568566631,0.30744974986419643,C1447749,False,7.0,2.0,"{""C1447749"": 5, ""C1839576"": 2}",0.863120568566631,0.3074497498641964,0.0,C1447749,0.0
mm_0170901,BERT-base,0.0,1.0,sapbert_full_len3,7,7,0,6,False,1,-0.0,-0.0,C1257990,True,7.0,1.0,"{""UMLS:C1257990"": 7}",-0.0,-0.0,0.0,UMLS:C1257990,0.0
mm_0170901,BioBERT,0.0,1.0,sapbert_full_len3,7,7,0,6,False,1,-0.0,-0.0,C1257990,True,7.0,1.0,"{""UMLS:C1257990"": 7}",-0.0,-0.0,0.0,UMLS:C1257990,0.0
mm_0170901,BioMistral-7B,0.0,0.9999998211860656,sapbert_full_len3,7,7,0,6,False,2,0.863120568566631,0.30744974986419643,C0051821,False,,,,,,,,
mm_0170901,FLAN-T5-base,0.0,0.9999999403953552,sapbert_full_len3,7,7,0,6,False,1,-0.0,-0.0,C0002395,True,,,,,,,,
mm_0170901,Llama3-OpenBioLLM-8B,0.0,0.9069792628288268,sapbert_full_len3,7,7,0,6,False,2,0.9852281360342515,0.35094534299644053,C1427969,False,,,,,,,,
mm_0170901,Meta-Llama-3-8B-Instruct,0.0,1.0,sapbert_full_len3,7,7,0,6,False,2,0.9852281360342515,0.35094534299644053,C3810577,False,,,,,,,,
mm_0170901,Mistral-7B-Instruct-v0.1,0.0,1.0,sapbert_full_len3,7,7,0,6,False,2,0.863120568566631,0.30744974986419643,C0051821,False,,,,,,,,
mm_0170901,PubMedBERT,0.0,1.0,sapbert_full_len3,7,7,0,6,False,1,-0.0,-0.0,C1447749,True,7.0,1.0,"{""C1447749"": 7}",-0.0,-0.0,0.0,C1447749,0.0
mm_0171131,BERT-base,0.0,1.0,sapbert_full_len3,5,5,0,4,False,1,-0.0,-0.0,C1447749,True,5.0,1.0,"{""C1447749"": 5}",-0.0,-0.0,0.0,C1447749,0.0
mm_0171131,BioBERT,0.0,1.0,sapbert_full_len3,5,5,0,4,False,1,-0.0,-0.0,C1257990,True,5.0,1.0,"{""UMLS:C1257990"": 5}",-0.0,-0.0,0.0,UMLS:C1257990,0.0
mm_0171131,BioMistral-7B,0.0,0.6940188407897949,sapbert_full_len3,5,2,3,4,False,1,-0.0,-0.0,C0702221,True,,,,,,,,
mm_0171131,FLAN-T5-base,1.0,1.0000001192092896,sapbert_full_len3,5,5,0,4,False,2,0.9709505944546686,0.4181656600790516,C0702221,False,,,,,,,,
mm_0171131,Llama3-OpenBioLLM-8B,0.0,0.9999997615814208,sapbert_full_len3,5,5,0,4,False,2,0.9709505944546686,0.4181656600790516,C0037658,False,,,,,,,,
mm_0171131,Meta-Llama-3-8B-Instruct,0.0,0.9999997615814208,sapbert_full_len3,5,5,0,4,False,3,1.5219280948873621,0.6554587535412855,C0027901,False,,,,,,,,
mm_0171131,Mistral-7B-Instruct-v0.1,0.0,0.9999997615814208,sapbert_full_len3,5,5,0,4,False,2,0.9709505944546686,0.4181656600790516,C2350522,False,,,,,,,,
mm_0171131,PubMedBERT,0.0,1.0,sapbert_full_len3,5,5,0,4,False,1,-0.0,-0.0,C1447749,True,5.0,1.0,"{""C1447749"": 5}",-0.0,-0.0,0.0,C1447749,0.0
mm_0171518,BERT-base,0.0,1.0,sapbert_full_len3,5,5,0,4,False,1,-0.0,-0.0,C0016474,True,5.0,1.0,"{""C0016474"": 5}",-0.0,-0.0,0.0,C0016474,0.0
mm_0171518,BioBERT,0.0,1.0,sapbert_full_len3,5,5,0,4,False,3,1.5219280948873621,0.6554587535412855,C1447749,False,5.0,3.0,"{""UMLS:C1707887"": 1, ""C1447749"": 2, ""UMLS:C1257990"": 2}",1.521928094887362,0.6554587535412855,0.0,C1447749,1.0
mm_0171518,BioMistral-7B,0.0,1.0,sapbert_full_len3,5,5,0,4,False,1,-0.0,-0.0,C0025424,True,,,,,,,,
mm_0171518,FLAN-T5-base,0.0,0.9999998807907104,sapbert_full_len3,5,5,0,4,False,1,-0.0,-0.0,C0025424,True,,,,,,,,
mm_0171518,Llama3-OpenBioLLM-8B,1.0,1.0,sapbert_full_len3,5,5,0,4,False,1,-0.0,-0.0,C0008115,True,,,,,,,,
mm_0171518,Meta-Llama-3-8B-Instruct,1.0,1.0,sapbert_full_len3,5,5,0,4,False,1,-0.0,-0.0,C0008115,True,,,,,,,,
mm_0171518,Mistral-7B-Instruct-v0.1,0.0,0.9999998807907104,sapbert_full_len3,5,5,0,4,False,1,-0.0,-0.0,C0025424,True,,,,,,,,
mm_0171518,PubMedBERT,0.0,1.0,sapbert_full_len3,5,5,0,4,False,2,0.9709505944546686,0.4181656600790516,C1447749,False,5.0,2.0,"{""C1447749"": 3, ""C1839576"": 2}",0.9709505944546686,0.4181656600790516,0.0,C1447749,0.0
mm_0171649,BERT-base,0.0,1.0,sapbert_full_len3,7,7,0,6,False,2,0.9852281360342515,0.35094534299644053,C2347609,False,7.0,2.0,"{""UMLS:C2347609"": 4, ""C0752170"": 3}",0.9852281360342516,0.3509453429964405,0.0,UMLS:C2347609,0.0
mm_0171649,BioBERT,0.0,1.0,sapbert_full_len3,7,7,0,6,False,2,0.9852281360342515,0.35094534299644053,C1257990,False,7.0,2.0,"{""UMLS:C1707887"": 3, ""UMLS:C1257990"": 4}",0.9852281360342516,0.3509453429964405,0.0,UMLS:C1257990,0.0
mm_0171649,BioMistral-7B,0.0,0.7735243439674377,sapbert_full_len3,7,7,0,6,False,2,0.5916727785823275,0.21075809614719848,C2717955,False,,,,,,,,
mm_0171649,FLAN-T5-base,0.0,0.899573564529419,sapbert_full_len3,7,7,0,6,False,1,-0.0,-0.0,C0450377,True,,,,,,,,
mm_0171649,Llama3-OpenBioLLM-8B,0.0,0.7735243439674377,sapbert_full_len3,7,7,0,6,False,3,1.3787834934861753,0.49113258984568253,C0080089,False,,,,,,,,
mm_0171649,Meta-Llama-3-8B-Instruct,0.0,0.9899885654449464,sapbert_full_len3,7,7,0,6,False,1,-0.0,-0.0,C6024506,True,,,,,,,,
mm_0171649,Mistral-7B-Instruct-v0.1,0.0,0.7734881639480591,sapbert_full_len3,7,7,0,6,False,2,0.5916727785823275,0.21075809614719848,C2717955,False,,,,,,,,
mm_0171649,PubMedBERT,0.0,1.0,sapbert_full_len3,7,7,0,6,False,1,-0.0,-0.0,C1447749,True,7.0,1.0,"{""C1447749"": 7}",-0.0,-0.0,0.0,C1447749,0.0
mm_0171666,BERT-base,0.0,1.0,sapbert_full_len3,8,8,0,7,False,2,1.0,0.3333333333333333,C1257990,False,8.0,2.0,"{""UMLS:C1257990"": 4, ""C1447749"": 4}",1.0,0.3333333333333333,0.0,UMLS:C1257990,0.0
mm_0171666,BioBERT,0.0,1.0,sapbert_full_len3,8,8,0,7,False,3,1.5,0.5,C0038436,False,8.0,3.0,"{""C1839576"": 2, ""C0038436"": 4, ""C0265267"": 2}",1.5,0.5,0.0,C0038436,1.0
mm_0171666,BioMistral-7B,0.0,0.9999998807907104,sapbert_full_len3,8,8,0,7,False,1,-0.0,-0.0,C0019693,True,,,,,,,,
mm_0171666,FLAN-T5-base,0.0,0.999999701976776,sapbert_full_len3,8,8,0,7,False,1,-0.0,-0.0,C0002940,True,,,,,,,,
mm_0171666,Llama3-OpenBioLLM-8B,0.0,0.9999997615814208,sapbert_full_len3,8,8,0,7,False,2,1.0,0.3333333333333333,C4476937,False,,,,,,,,
mm_0171666,Meta-Llama-3-8B-Instruct,0.0,1.0,sapbert_full_len3,8,8,0,7,False,1,-0.0,-0.0,C0019693,True,,,,,,,,
mm_0171666,Mistral-7B-Instruct-v0.1,0.0,0.9999998807907104,sapbert_full_len3,8,8,0,7,False,1,-0.0,-0.0,C0019693,True,,,,,,,,
mm_0171666,PubMedBERT,0.0,1.0,sapbert_full_len3,8,8,0,7,False,1,-0.0,-0.0,C1839576,True,8.0,1.0,"{""C1839576"": 8}",-0.0,-0.0,0.0,C1839576,0.0
mm_0171783,BERT-base,0.0,1.0,sapbert_full_len3,6,6,0,5,False,1,-0.0,-0.0,C1312419,True,6.0,1.0,"{""C1312419"": 6}",-0.0,-0.0,0.0,C1312419,0.0
mm_0171783,BioBERT,0.0,1.0,sapbert_full_len3,6,6,0,5,False,3,1.4591479170272446,0.5644754678724235,C0013728,False,6.0,3.0,"{""C0013728"": 3, ""C0050795"": 1, ""UMLS:C1257990"": 2}",1.4591479170272446,0.5644754678724235,0.0,C0013728,1.0
mm_0171783,BioMistral-7B,1.0,1.0,sapbert_full_len3,6,6,0,5,False,1,-0.0,-0.0,C0036485,True,,,,,,,,
mm_0171783,FLAN-T5-base,1.0,1.0,sapbert_full_len3,6,6,0,5,False,3,1.4591479170272446,0.5644754678724235,C0036485,False,,,,,,,,
mm_0171783,Llama3-OpenBioLLM-8B,1.0,1.0,sapbert_full_len3,6,6,0,5,False,2,0.9182958340544896,0.355245321275764,C0036485,False,,,,,,,,
mm_0171783,Meta-Llama-3-8B-Instruct,1.0,1.0,sapbert_full_len3,6,6,0,5,False,1,-0.0,-0.0,C0036485,True,,,,,,,,
mm_0171783,Mistral-7B-Instruct-v0.1,1.0,1.0,sapbert_full_len3,6,6,0,5,False,2,0.6500224216483541,0.25146299858006066,C0036485,False,,,,,,,,
mm_0171783,PubMedBERT,0.0,1.0,sapbert_full_len3,6,6,0,5,False,2,0.9182958340544896,0.355245321275764,C1839576,False,6.0,2.0,"{""C1839576"": 4, ""C1447749"": 2}",0.9182958340544896,0.355245321275764,0.0,C1839576,0.0
mm_0172661,BERT-base,0.0,1.0,sapbert_full_len3,7,7,0,6,False,1,-0.0,-0.0,C1257990,True,7.0,1.0,"{""UMLS:C1257990"": 7}",-0.0,-0.0,0.0,UMLS:C1257990,0.0
mm_0172661,BioBERT,0.0,1.0,sapbert_full_len3,7,7,0,6,False,1,-0.0,-0.0,C1431322,True,7.0,1.0,"{""C1431322"": 7}",-0.0,-0.0,0.0,C1431322,0.0
mm_0172661,BioMistral-7B,0.0,0.9999998807907104,sapbert_full_len3,7,7,0,6,False,1,-0.0,-0.0,C0858617,True,,,,,,,,
mm_0172661,FLAN-T5-base,0.0,0.9999998807907104,sapbert_full_len3,7,7,0,6,False,1,-0.0,-0.0,C0858617,True,,,,,,,,
mm_0172661,Llama3-OpenBioLLM-8B,0.0,0.8067418932914734,sapbert_full_len3,7,7,0,6,False,2,0.5916727785823275,0.21075809614719848,C0858617,False,,,,,,,,
mm_0172661,Meta-Llama-3-8B-Instruct,0.0,0.9783130884170532,sapbert_full_len3,7,7,0,6,False,1,-0.0,-0.0,C0566602,True,,,,,,,,
mm_0172661,Mistral-7B-Instruct-v0.1,0.0,0.8067859411239624,sapbert_full_len3,7,7,0,6,False,1,-0.0,-0.0,C0858617,True,,,,,,,,
mm_0172661,PubMedBERT,0.0,1.0,sapbert_full_len3,7,7,0,6,False,2,0.863120568566631,0.30744974986419643,C1839576,False,7.0,2.0,"{""C1839576"": 5, ""C1447749"": 2}",0.863120568566631,0.3074497498641964,0.0,C1839576,0.0
mm_0173765,BERT-base,0.0,1.0,sapbert_full_len3,5,5,0,4,False,2,0.7219280948873623,0.31091750708257115,C0032521,False,5.0,2.0,"{""UMLS:C0032521"": 4, ""C0016474"": 1}",0.7219280948873623,0.3109175070825711,0.0,UMLS:C0032521,0.0
mm_0173765,BioBERT,0.0,1.0,sapbert_full_len3,5,5,0,4,False,1,-0.0,-0.0,C0032521,True,5.0,1.0,"{""UMLS:C0032521"": 5}",-0.0,-0.0,0.0,UMLS:C0032521,0.0
mm_0173765,BioMistral-7B,0.0,0.9370394945144652,sapbert_full_len3,5,5,0,4,False,1,-0.0,-0.0,C0323309,True,,,,,,,,
mm_0173765,FLAN-T5-base,0.0,0.9999999403953552,sapbert_full_len3,5,5,0,4,False,3,1.5219280948873621,0.6554587535412855,C0323309,False,,,,,,,,
mm_0173765,Llama3-OpenBioLLM-8B,0.0,0.9999997615814208,sapbert_full_len3,5,5,0,4,False,1,-0.0,-0.0,C0981971,True,,,,,,,,
mm_0173765,Meta-Llama-3-8B-Instruct,0.0,1.0,sapbert_full_len3,5,5,0,4,False,1,-0.0,-0.0,C0005479,True,,,,,,,,
mm_0173765,Mistral-7B-Instruct-v0.1,0.0,0.9370406866073608,sapbert_full_len3,5,5,0,4,False,2,0.7219280948873623,0.31091750708257115,C0005479,False,,,,,,,,
mm_0173765,PubMedBERT,0.0,1.0,sapbert_full_len3,5,5,0,4,False,1,-0.0,-0.0,C1447749,True,5.0,1.0,"{""C1447749"": 5}",-0.0,-0.0,0.0,C1447749,0.0
mm_0174037,BERT-base,0.0,1.0,sapbert_full_len3,5,5,0,4,False,1,-0.0,-0.0,C1312419,True,5.0,1.0,"{""C1312419"": 5}",-0.0,-0.0,0.0,C1312419,0.0
mm_0174037,BioBERT,0.0,1.0,sapbert_full_len3,5,5,0,4,False,1,-0.0,-0.0,C0008354,True,5.0,1.0,"{""C0008354"": 5}",-0.0,-0.0,0.0,C0008354,0.0
mm_0174037,BioMistral-7B,1.0,1.0,sapbert_full_len3,5,5,0,4,False,2,0.9709505944546686,0.4181656600790516,C0042629,False,,,,,,,,
mm_0174037,FLAN-T5-base,0.0,1.0,sapbert_full_len3,5,5,0,4,False,3,1.5219280948873621,0.6554587535412855,C0008354,False,,,,,,,,
mm_0174037,Llama3-OpenBioLLM-8B,0.0,0.9999998807907104,sapbert_full_len3,5,5,0,4,False,2,0.9709505944546686,0.4181656600790516,C0008018,False,,,,,,,,
mm_0174037,Meta-Llama-3-8B-Instruct,0.0,1.0,sapbert_full_len3,5,5,0,4,False,2,0.9709505944546686,0.4181656600790516,C0085672,False,,,,,,,,
mm_0174037,Mistral-7B-Instruct-v0.1,0.0,0.9999998807907104,sapbert_full_len3,5,5,0,4,False,2,0.7219280948873623,0.31091750708257115,C0008354,False,,,,,,,,
mm_0174037,PubMedBERT,0.0,1.0,sapbert_full_len3,5,5,0,4,False,1,-0.0,-0.0,C1447749,True,5.0,1.0,"{""C1447749"": 5}",-0.0,-0.0,0.0,C1447749,0.0
mm_0174527,BERT-base,0.0,1.0,sapbert_full_len3,7,7,0,6,False,1,-0.0,-0.0,C1447749,True,7.0,1.0,"{""C1447749"": 7}",-0.0,-0.0,0.0,C1447749,0.0
mm_0174527,BioBERT,0.0,1.0,sapbert_full_len3,7,7,0,6,False,2,0.863120568566631,0.30744974986419643,C0021665,False,7.0,2.0,"{""C0021665"": 5, ""C1431322"": 2}",0.863120568566631,0.3074497498641964,0.0,C0021665,0.0
mm_0174527,BioMistral-7B,1.0,1.0,sapbert_full_len3,7,7,0,6,False,2,0.9852281360342515,0.35094534299644053,C0018284,False,,,,,,,,
mm_0174527,FLAN-T5-base,0.0,0.9999997615814208,sapbert_full_len3,7,7,0,6,False,1,-0.0,-0.0,C0525045,True,,,,,,,,
mm_0174527,Llama3-OpenBioLLM-8B,1.0,0.9999997615814208,sapbert_full_len3,7,7,0,6,False,1,-0.0,-0.0,C0018284,True,,,,,,,,
mm_0174527,Meta-Llama-3-8B-Instruct,1.0,1.0,sapbert_full_len3,7,7,0,6,False,1,-0.0,-0.0,C0018284,True,,,,,,,,
mm_0174527,Mistral-7B-Instruct-v0.1,1.0,1.0,sapbert_full_len3,7,7,0,6,False,1,-0.0,-0.0,C0018284,True,,,,,,,,
mm_0174527,PubMedBERT,0.0,1.0,sapbert_full_len3,7,7,0,6,False,1,-0.0,-0.0,C1431322,True,7.0,1.0,"{""C1431322"": 7}",-0.0,-0.0,0.0,C1431322,0.0
mm_0174783,BERT-base,0.0,1.0,sapbert_full_len3,7,7,0,6,False,1,-0.0,-0.0,C1257990,True,7.0,1.0,"{""UMLS:C1257990"": 7}",-0.0,-0.0,0.0,UMLS:C1257990,0.0
mm_0174783,BioBERT,0.0,1.0,sapbert_full_len3,7,7,0,6,False,1,-0.0,-0.0,C1257990,True,7.0,1.0,"{""UMLS:C1257990"": 7}",-0.0,-0.0,0.0,UMLS:C1257990,0.0
mm_0174783,BioMistral-7B,0.0,0.9999998211860656,sapbert_full_len3,7,7,0,6,False,1,-0.0,-0.0,C0085215,True,,,,,,,,
mm_0174783,FLAN-T5-base,0.0,0.9999998211860656,sapbert_full_len3,7,7,0,6,False,2,0.863120568566631,0.30744974986419643,C0085215,False,,,,,,,,
mm_0174783,Llama3-OpenBioLLM-8B,1.0,1.0,sapbert_full_len3,7,7,0,6,False,2,0.863120568566631,0.30744974986419643,C1420450,False,,,,,,,,
mm_0174783,Meta-Llama-3-8B-Instruct,0.0,1.0,sapbert_full_len3,7,7,0,6,False,3,1.3787834934861753,0.49113258984568253,C1420450,False,,,,,,,,
mm_0174783,Mistral-7B-Instruct-v0.1,1.0,1.0,sapbert_full_len3,7,7,0,6,False,1,-0.0,-0.0,C1420450,True,,,,,,,,
mm_0174783,PubMedBERT,0.0,1.0,sapbert_full_len3,7,7,0,6,False,1,-0.0,-0.0,C1839576,True,7.0,1.0,"{""C1839576"": 7}",-0.0,-0.0,0.0,C1839576,0.0
mm_0175215,BERT-base,0.0,1.0,sapbert_full_len3,7,7,0,6,False,1,-0.0,-0.0,C0242193,True,7.0,1.0,"{""UMLS:C0242193"": 7}",-0.0,-0.0,0.0,UMLS:C0242193,0.0
mm_0175215,BioBERT,0.0,1.0,sapbert_full_len3,7,7,0,6,False,1,-0.0,-0.0,C1707887,True,7.0,1.0,"{""UMLS:C1707887"": 7}",-0.0,-0.0,0.0,UMLS:C1707887,0.0
mm_0175215,BioMistral-7B,0.0,0.9999997615814208,sapbert_full_len3,7,7,0,6,False,2,0.863120568566631,0.30744974986419643,C0946267,False,,,,,,,,
mm_0175215,FLAN-T5-base,0.0,0.9999999403953552,sapbert_full_len3,7,7,0,6,False,2,0.863120568566631,0.30744974986419643,C0946267,False,,,,,,,,
mm_0175215,Llama3-OpenBioLLM-8B,0.0,0.8024208545684814,sapbert_full_len3,7,7,0,6,False,3,1.5566567074628228,0.5544923070581674,C1425385,False,,,,,,,,
mm_0175215,Meta-Llama-3-8B-Instruct,0.0,1.0,sapbert_full_len3,7,7,0,6,False,2,0.863120568566631,0.30744974986419643,C0030193,False,,,,,,,,
mm_0175215,Mistral-7B-Instruct-v0.1,0.0,0.9999999403953552,sapbert_full_len3,7,7,0,6,False,2,0.863120568566631,0.30744974986419643,C0946267,False,,,,,,,,
mm_0175215,PubMedBERT,0.0,1.0,sapbert_full_len3,7,7,0,6,False,3,1.5566567074628228,0.5544923070581674,C1447749,False,7.0,3.0,"{""C1447749"": 3, ""UMLS:C0681906"": 2, ""C1431322"": 2}",1.5566567074628228,0.5544923070581674,0.0,C1447749,1.0
mm_0175242,BERT-base,0.0,1.0,sapbert_full_len3,5,5,0,4,False,1,-0.0,-0.0,C1447749,True,5.0,1.0,"{""C1447749"": 5}",-0.0,-0.0,0.0,C1447749,0.0
mm_0175242,BioBERT,0.0,1.0,sapbert_full_len3,5,5,0,4,False,1,-0.0,-0.0,C0050795,True,5.0,1.0,"{""C0050795"": 5}",-0.0,-0.0,0.0,C0050795,0.0
mm_0175242,BioMistral-7B,1.0,0.9999998807907104,sapbert_full_len3,5,5,0,4,False,2,0.9709505944546686,0.4181656600790516,C0028128,False,,,,,,,,
mm_0175242,FLAN-T5-base,0.0,1.0,sapbert_full_len3,5,5,0,4,False,2,0.9709505944546686,0.4181656600790516,C0669365,False,,,,,,,,
mm_0175242,Llama3-OpenBioLLM-8B,0.0,0.9999999403953552,sapbert_full_len3,5,5,0,4,False,2,0.9709505944546686,0.4181656600790516,C0037083,False,,,,,,,,
mm_0175242,Meta-Llama-3-8B-Instruct,1.0,0.9772871136665344,sapbert_full_len3,5,5,0,4,False,3,1.5219280948873621,0.6554587535412855,C0028128,False,,,,,,,,
mm_0175242,Mistral-7B-Instruct-v0.1,1.0,0.9999997615814208,sapbert_full_len3,5,5,0,4,False,1,-0.0,-0.0,C0028128,True,,,,,,,,
mm_0175242,PubMedBERT,0.0,1.0,sapbert_full_len3,5,5,0,4,False,2,0.7219280948873623,0.31091750708257115,C1447749,False,5.0,2.0,"{""C1447749"": 4, ""C1370369"": 1}",0.7219280948873623,0.3109175070825711,0.0,C1447749,0.0
mm_0175769,BERT-base,0.0,1.0,sapbert_full_len3,6,6,0,5,False,2,0.9182958340544896,0.355245321275764,C0001623,False,6.0,2.0,"{""C4277667"": 2, ""C0001623"": 4}",0.9182958340544896,0.355245321275764,0.0,C0001623,0.0
mm_0175769,BioBERT,0.0,1.0,sapbert_full_len3,6,6,0,5,False,3,1.584962500721156,0.6131471927654584,C0027609,False,6.0,3.0,"{""C0027609"": 2, ""C0265267"": 2, ""UMLS:C1707887"": 2}",1.584962500721156,0.6131471927654584,0.0,C0027609,1.0
mm_0175769,BioMistral-7B,1.0,0.845782995223999,sapbert_full_len3,6,6,0,5,False,1,-0.0,-0.0,C0015264,True,,,,,,,,
mm_0175769,FLAN-T5-base,0.0,1.0,sapbert_full_len3,6,6,0,5,False,1,-0.0,-0.0,C4050363,True,,,,,,,,
mm_0175769,Llama3-OpenBioLLM-8B,1.0,1.0,sapbert_full_len3,6,6,0,5,False,1,-0.0,-0.0,C0015264,True,,,,,,,,
mm_0175769,Meta-Llama-3-8B-Instruct,1.0,0.845782995223999,sapbert_full_len3,6,6,0,5,False,1,-0.0,-0.0,C0015264,True,,,,,,,,
mm_0175769,Mistral-7B-Instruct-v0.1,1.0,0.8457520604133606,sapbert_full_len3,6,6,0,5,False,1,-0.0,-0.0,C0015264,True,,,,,,,,
mm_0175769,PubMedBERT,0.0,1.0,sapbert_full_len3,6,6,0,5,False,2,0.9182958340544896,0.355245321275764,C0681906,False,6.0,2.0,"{""UMLS:C0681906"": 4, ""C1839576"": 2}",0.9182958340544896,0.355245321275764,0.0,UMLS:C0681906,0.0
mm_0176132,BERT-base,0.0,1.0,sapbert_full_len3,7,7,0,6,False,1,-0.0,-0.0,C0242193,True,7.0,1.0,"{""UMLS:C0242193"": 7}",-0.0,-0.0,0.0,UMLS:C0242193,0.0
mm_0176132,BioBERT,0.0,1.0,sapbert_full_len3,7,7,0,6,False,3,1.5566567074628228,0.5544923070581674,C0008396,False,7.0,3.0,"{""UMLS:C1707887"": 2, ""C0008396"": 3, ""C0265267"": 2}",1.5566567074628228,0.5544923070581674,0.0,C0008396,1.0
mm_0176132,BioMistral-7B,1.0,1.0,sapbert_full_len3,7,7,0,6,False,2,0.5916727785823275,0.21075809614719848,C0008679,False,,,,,,,,
mm_0176132,FLAN-T5-base,0.0,0.9999997615814208,sapbert_full_len3,7,7,0,6,False,1,-0.0,-0.0,C0012634,True,,,,,,,,
mm_0176132,Llama3-OpenBioLLM-8B,1.0,1.0,sapbert_full_len3,7,7,0,6,False,2,0.863120568566631,0.30744974986419643,C0008679,False,,,,,,,,
mm_0176132,Meta-Llama-3-8B-Instruct,0.0,1.0,sapbert_full_len3,7,7,0,6,False,1,-0.0,-0.0,C4300518,True,,,,,,,,
mm_0176132,Mistral-7B-Instruct-v0.1,1.0,1.0,sapbert_full_len3,7,7,0,6,False,2,0.5916727785823275,0.21075809614719848,C0008679,False,,,,,,,,
mm_0176132,PubMedBERT,0.0,1.0,sapbert_full_len3,7,7,0,6,False,1,-0.0,-0.0,C1839576,True,7.0,1.0,"{""C1839576"": 7}",-0.0,-0.0,0.0,C1839576,0.0
mm_0176153,BERT-base,0.0,1.0,sapbert_full_len3,7,7,0,6,False,3,1.5566567074628228,0.5544923070581674,C0358514,False,7.0,3.0,"{""UMLS:C0242193"": 2, ""UMLS:C0358514"": 3, ""UMLS:C0444254"": 2}",1.5566567074628228,0.5544923070581674,0.0,UMLS:C0358514,1.0
mm_0176153,BioBERT,0.0,1.0,sapbert_full_len3,7,7,0,6,False,2,0.5916727785823275,0.21075809614719848,C1257990,False,7.0,2.0,"{""UMLS:C1257990"": 6, ""C1447749"": 1}",0.5916727785823275,0.2107580961471984,0.0,UMLS:C1257990,0.0
mm_0176153,BioMistral-7B,0.0,0.9999998807907104,sapbert_full_len3,7,7,0,6,False,2,0.9852281360342515,0.35094534299644053,C0038454,False,,,,,,,,
mm_0176153,FLAN-T5-base,0.0,0.9999998807907104,sapbert_full_len3,7,7,0,6,False,1,-0.0,-0.0,C1419916,True,,,,,,,,
mm_0176153,Llama3-OpenBioLLM-8B,0.0,0.794839084148407,sapbert_full_len3,7,7,0,6,False,3,1.3787834934861753,0.49113258984568253,C2348152,False,,,,,,,,
mm_0176153,Meta-Llama-3-8B-Instruct,0.0,1.0,sapbert_full_len3,7,7,0,6,False,1,-0.0,-0.0,C1419916,True,,,,,,,,
mm_0176153,Mistral-7B-Instruct-v0.1,0.0,1.0,sapbert_full_len3,7,7,0,6,False,2,0.5916727785823275,0.21075809614719848,C1419916,False,,,,,,,,
mm_0176153,PubMedBERT,0.0,1.0,sapbert_full_len3,7,7,0,6,False,1,-0.0,-0.0,C0018966,True,7.0,1.0,"{""C0018966"": 7}",-0.0,-0.0,0.0,C0018966,0.0
mm_0176433,BERT-base,0.0,1.0,sapbert_full_len3,5,5,0,4,False,1,-0.0,-0.0,C1447749,True,5.0,1.0,"{""C1447749"": 5}",-0.0,-0.0,0.0,C1447749,0.0
mm_0176433,BioBERT,0.0,1.0,sapbert_full_len3,5,5,0,4,False,1,-0.0,-0.0,C1312419,True,5.0,1.0,"{""C1312419"": 5}",-0.0,-0.0,0.0,C1312419,0.0
mm_0176433,BioMistral-7B,1.0,1.0,sapbert_full_len3,5,5,0,4,False,2,0.9709505944546686,0.4181656600790516,C0005516,False,,,,,,,,
mm_0176433,FLAN-T5-base,1.0,1.0,sapbert_full_len3,5,5,0,4,False,1,-0.0,-0.0,C0005516,True,,,,,,,,
mm_0176433,Llama3-OpenBioLLM-8B,1.0,1.0,sapbert_full_len3,5,5,0,4,False,1,-0.0,-0.0,C0005516,True,,,,,,,,
mm_0176433,Meta-Llama-3-8B-Instruct,0.0,0.9999998807907104,sapbert_full_len3,5,5,0,4,False,2,0.9709505944546686,0.4181656600790516,C0008312,False,,,,,,,,
mm_0176433,Mistral-7B-Instruct-v0.1,0.0,0.9999998807907104,sapbert_full_len3,5,5,0,4,False,2,0.9709505944546686,0.4181656600790516,C0008312,False,,,,,,,,
mm_0176433,PubMedBERT,0.0,1.0,sapbert_full_len3,5,5,0,4,False,1,-0.0,-0.0,C1447749,True,5.0,1.0,"{""C1447749"": 5}",-0.0,-0.0,0.0,C1447749,0.0
mm_0176562,BERT-base,0.0,1.0,sapbert_full_len3,6,6,0,5,False,3,1.4591479170272446,0.5644754678724235,C0681906,False,6.0,3.0,"{""UMLS:C0681906"": 3, ""C1447749"": 1, ""UMLS:C0242193"": 2}",1.4591479170272446,0.5644754678724235,0.0,UMLS:C0681906,1.0
mm_0176562,BioBERT,0.0,1.0,sapbert_full_len3,6,6,0,5,False,3,1.4591479170272446,0.5644754678724235,C1839576,False,6.0,3.0,"{""C1839576"": 3, ""C0027609"": 1, ""UMLS:C0681906"": 2}",1.4591479170272446,0.5644754678724235,0.0,C1839576,1.0
mm_0176562,BioMistral-7B,0.0,0.9999998211860656,sapbert_full_len3,6,6,0,5,False,1,-0.0,-0.0,C0025353,True,,,,,,,,
mm_0176562,FLAN-T5-base,0.0,0.9999999403953552,sapbert_full_len3,6,6,0,5,False,2,0.9182958340544896,0.355245321275764,C0004936,False,,,,,,,,
mm_0176562,Llama3-OpenBioLLM-8B,0.0,0.9999998211860656,sapbert_full_len3,6,6,0,5,False,2,0.9182958340544896,0.355245321275764,C0025353,False,,,,,,,,
mm_0176562,Meta-Llama-3-8B-Instruct,0.0,0.9999999403953552,sapbert_full_len3,6,6,0,5,False,1,-0.0,-0.0,C0025353,True,,,,,,,,
mm_0176562,Mistral-7B-Instruct-v0.1,0.0,0.9999999403953552,sapbert_full_len3,6,6,0,5,False,1,-0.0,-0.0,C0025353,True,,,,,,,,
mm_0176562,PubMedBERT,0.0,1.0,sapbert_full_len3,6,6,0,5,False,1,-0.0,-0.0,C1839576,True,6.0,1.0,"{""C1839576"": 6}",-0.0,-0.0,0.0,C1839576,0.0
mm_0177411,BERT-base,0.0,1.0,sapbert_full_len3,6,6,0,5,False,2,0.6500224216483541,0.25146299858006066,C1257990,False,6.0,2.0,"{""C0282597"": 1, ""UMLS:C1257990"": 5}",0.6500224216483541,0.2514629985800606,0.0,UMLS:C1257990,0.0
mm_0177411,BioBERT,0.0,1.0,sapbert_full_len3,6,6,0,5,False,2,0.6500224216483541,0.25146299858006066,C1707887,False,6.0,2.0,"{""UMLS:C1707887"": 5, ""C1312419"": 1}",0.6500224216483541,0.2514629985800606,0.0,UMLS:C1707887,0.0
mm_0177411,BioMistral-7B,1.0,1.0,sapbert_full_len3,6,6,0,5,False,1,-0.0,-0.0,C0026237,True,,,,,,,,
mm_0177411,FLAN-T5-base,0.0,1.0000001192092896,sapbert_full_len3,6,6,0,5,False,2,0.9182958340544896,0.355245321275764,C0026237,False,,,,,,,,
mm_0177411,Llama3-OpenBioLLM-8B,1.0,1.0,sapbert_full_len3,6,6,0,5,False,2,1.0,0.38685280723454163,C0026237,False,,,,,,,,
mm_0177411,Meta-Llama-3-8B-Instruct,1.0,1.0,sapbert_full_len3,6,6,0,5,False,1,-0.0,-0.0,C0026237,True,,,,,,,,
mm_0177411,Mistral-7B-Instruct-v0.1,1.0,1.0,sapbert_full_len3,6,6,0,5,False,1,-0.0,-0.0,C0026237,True,,,,,,,,
mm_0177411,PubMedBERT,0.0,1.0,sapbert_full_len3,6,6,0,5,False,1,-0.0,-0.0,C1447749,True,6.0,1.0,"{""C1447749"": 6}",-0.0,-0.0,0.0,C1447749,0.0
mm_0177471,BERT-base,0.0,1.0,sapbert_full_len3,7,7,0,6,False,3,1.4488156357251847,0.516078542239789,C1096777,False,7.0,3.0,"{""C1096777"": 3, ""C0282440"": 3, ""C3850091"": 1}",1.448815635725185,0.516078542239789,0.0,C1096777,1.0
mm_0177471,BioBERT,0.0,1.0,sapbert_full_len3,7,7,0,6,False,1,-0.0,-0.0,C3850091,True,7.0,1.0,"{""C3850091"": 7}",-0.0,-0.0,0.0,C3850091,0.0
mm_0177471,BioMistral-7B,0.0,0.9999999403953552,sapbert_full_len3,7,7,0,6,False,2,0.9852281360342515,0.35094534299644053,C0456909,False,,,,,,,,
mm_0177471,FLAN-T5-base,0.0,0.9999998807907104,sapbert_full_len3,7,7,0,6,False,2,0.9852281360342515,0.35094534299644053,C0456909,False,,,,,,,,
mm_0177471,Llama3-OpenBioLLM-8B,0.0,1.0,sapbert_full_len3,7,7,0,6,False,1,-0.0,-0.0,C0456909,True,,,,,,,,
mm_0177471,Meta-Llama-3-8B-Instruct,0.0,0.9999999403953552,sapbert_full_len3,7,7,0,6,False,5,2.235926350629032,0.7964530359382728,C0599724,False,,,,,,,,
mm_0177471,Mistral-7B-Instruct-v0.1,0.0,0.9999999403953552,sapbert_full_len3,7,7,0,6,False,1,-0.0,-0.0,C0008976,True,,,,,,,,
mm_0177471,PubMedBERT,0.0,1.0,sapbert_full_len3,7,7,0,6,False,1,-0.0,-0.0,C5197817,True,7.0,1.0,"{""C5197817"": 7}",-0.0,-0.0,0.0,C5197817,0.0
mm_0177777,BERT-base,0.0,1.0,sapbert_full_len3,7,7,0,6,False,1,-0.0,-0.0,C0242193,True,7.0,1.0,"{""UMLS:C0242193"": 7}",-0.0,-0.0,0.0,UMLS:C0242193,0.0
mm_0177777,BioBERT,0.0,1.0,sapbert_full_len3,7,7,0,6,False,2,0.9852281360342515,0.35094534299644053,C0027609,False,7.0,2.0,"{""C0027609"": 4, ""C1447749"": 3}",0.9852281360342516,0.3509453429964405,0.0,C0027609,0.0
mm_0177777,BioMistral-7B,0.0,1.0,sapbert_full_len3,7,7,0,6,False,3,1.5566567074628228,0.5544923070581674,C0036916,False,,,,,,,,
mm_0177777,FLAN-T5-base,0.0,0.9999998807907104,sapbert_full_len3,7,7,0,6,False,2,0.863120568566631,0.30744974986419643,C0036916,False,,,,,,,,
mm_0177777,Llama3-OpenBioLLM-8B,0.0,1.0,sapbert_full_len3,7,7,0,6,False,2,0.9852281360342515,0.35094534299644053,C0021682,False,,,,,,,,
mm_0177777,Meta-Llama-3-8B-Instruct,0.0,0.9999998807907104,sapbert_full_len3,7,7,0,6,False,3,1.3787834934861753,0.49113258984568253,C0021682,False,,,,,,,,
mm_0177777,Mistral-7B-Instruct-v0.1,0.0,0.9999998807907104,sapbert_full_len3,7,7,0,6,False,3,1.3787834934861753,0.49113258984568253,C0376629,False,,,,,,,,
mm_0177777,PubMedBERT,0.0,1.0,sapbert_full_len3,7,7,0,6,False,2,0.9852281360342515,0.35094534299644053,C1839576,False,7.0,2.0,"{""C1839576"": 4, ""C1447749"": 3}",0.9852281360342516,0.3509453429964405,0.0,C1839576,0.0
mm_0177855,BERT-base,0.0,1.0,sapbert_full_len3,9,9,0,8,False,1,-0.0,-0.0,C0358514,True,9.0,1.0,"{""UMLS:C0358514"": 9}",-0.0,-0.0,0.0,UMLS:C0358514,0.0
mm_0177855,BioBERT,0.0,1.0,sapbert_full_len3,9,9,0,8,False,2,0.7642045065086203,0.24107968048484052,C1257990,False,9.0,2.0,"{""UMLS:C1257990"": 7, ""UMLS:C1707887"": 2}",0.7642045065086203,0.2410796804848405,0.0,UMLS:C1257990,0.0
mm_0177855,BioMistral-7B,1.0,1.0,sapbert_full_len3,9,9,0,8,False,2,0.7642045065086203,0.24107968048484052,C0087130,False,,,,,,,,
mm_0177855,FLAN-T5-base,0.0,1.0,sapbert_full_len3,9,9,0,8,False,2,0.5032583347756457,0.1587603285713901,C0087130,False,,,,,,,,
mm_0177855,Llama3-OpenBioLLM-8B,1.0,1.0,sapbert_full_len3,9,9,0,8,False,2,0.7642045065086203,0.24107968048484052,C0087130,False,,,,,,,,
mm_0177855,Meta-Llama-3-8B-Instruct,1.0,1.0,sapbert_full_len3,9,9,0,8,False,1,-0.0,-0.0,C0087130,True,,,,,,,,
mm_0177855,Mistral-7B-Instruct-v0.1,1.0,1.0,sapbert_full_len3,9,9,0,8,False,2,0.7642045065086203,0.24107968048484052,C0087130,False,,,,,,,,
mm_0177855,PubMedBERT,0.0,1.0,sapbert_full_len3,9,9,0,8,False,2,0.7642045065086203,0.24107968048484052,C0018966,False,9.0,2.0,"{""C0018966"": 7, ""C1447749"": 2}",0.7642045065086203,0.2410796804848405,0.0,C0018966,0.0
mm_0178262,BERT-base,0.0,1.0,sapbert_full_len3,9,9,0,8,False,1,-0.0,-0.0,C1257990,True,9.0,1.0,"{""UMLS:C1257990"": 9}",-0.0,-0.0,0.0,UMLS:C1257990,0.0
mm_0178262,BioBERT,0.0,1.0,sapbert_full_len3,9,9,0,8,False,2,0.9182958340544896,0.2896900821428475,C1257990,False,9.0,2.0,"{""UMLS:C1257990"": 6, ""C1431322"": 3}",0.9182958340544896,0.2896900821428475,0.0,UMLS:C1257990,0.0
mm_0178262,BioMistral-7B,0.0,0.9999998211860656,sapbert_full_len3,9,9,0,8,False,4,1.8910611120726526,0.5965633607142825,C5235637,False,,,,,,,,
mm_0178262,FLAN-T5-base,0.0,1.0,sapbert_full_len3,9,9,0,8,False,2,0.7642045065086203,0.24107968048484052,C1313841,False,,,,,,,,
mm_0178262,Llama3-OpenBioLLM-8B,1.0,0.9999998807907104,sapbert_full_len3,9,9,0,8,False,7,2.6416041678685933,0.8333333333333333,C0079613,False,,,,,,,,
mm_0178262,Meta-Llama-3-8B-Instruct,1.0,0.9999999403953552,sapbert_full_len3,9,9,0,8,False,3,1.224394445405986,0.3862534428571301,C0022688,False,,,,,,,,
mm_0178262,Mistral-7B-Instruct-v0.1,0.0,0.9999998211860656,sapbert_full_len3,9,9,0,8,False,4,1.6577427265048887,0.5229596049593027,C5235637,False,,,,,,,,
mm_0178262,PubMedBERT,0.0,1.0,sapbert_full_len3,9,9,0,8,False,2,0.5032583347756457,0.1587603285713901,C1257990,False,9.0,2.0,"{""UMLS:C1257990"": 8, ""C1431322"": 1}",0.5032583347756457,0.1587603285713901,0.0,UMLS:C1257990,0.0
mm_0178424,BERT-base,0.0,1.0,sapbert_full_len3,7,7,0,6,False,1,-0.0,-0.0,C3714500,True,7.0,1.0,"{""C3714500"": 7}",-0.0,-0.0,0.0,C3714500,0.0
mm_0178424,BioBERT,0.0,1.0,sapbert_full_len3,7,7,0,6,False,1,-0.0,-0.0,C2935436,True,7.0,1.0,"{""C2935436"": 7}",-0.0,-0.0,0.0,C2935436,0.0
mm_0178424,BioMistral-7B,1.0,1.0,sapbert_full_len3,7,7,0,6,False,1,-0.0,-0.0,C1999375,True,,,,,,,,
mm_0178424,FLAN-T5-base,1.0,1.0,sapbert_full_len3,7,7,0,6,False,2,0.863120568566631,0.30744974986419643,C1999375,False,,,,,,,,
mm_0178424,Llama3-OpenBioLLM-8B,1.0,1.0,sapbert_full_len3,7,7,0,6,False,2,0.863120568566631,0.30744974986419643,C1999375,False,,,,,,,,
mm_0178424,Meta-Llama-3-8B-Instruct,1.0,1.0,sapbert_full_len3,7,7,0,6,False,3,1.3787834934861753,0.49113258984568253,C1999375,False,,,,,,,,
mm_0178424,Mistral-7B-Instruct-v0.1,1.0,0.9999998807907104,sapbert_full_len3,7,7,0,6,False,4,1.8423709931771084,0.6562657890890309,C0040053,False,,,,,,,,
mm_0178424,PubMedBERT,0.0,1.0,sapbert_full_len3,7,7,0,6,False,2,0.863120568566631,0.30744974986419643,C1839576,False,7.0,2.0,"{""C0015131"": 2, ""C1839576"": 5}",0.863120568566631,0.3074497498641964,0.0,C1839576,0.0
mm_0178996,BERT-base,0.0,1.0,sapbert_full_len3,7,7,0,6,False,1,-0.0,-0.0,C1257990,True,7.0,1.0,"{""UMLS:C1257990"": 7}",-0.0,-0.0,0.0,UMLS:C1257990,0.0
mm_0178996,BioBERT,0.0,1.0,sapbert_full_len3,7,7,0,6,False,2,0.863120568566631,0.30744974986419643,C1312419,False,7.0,2.0,"{""C1312419"": 5, ""UMLS:C1257990"": 2}",0.863120568566631,0.3074497498641964,0.0,C1312419,0.0
mm_0178996,BioMistral-7B,0.0,0.7373937368392944,sapbert_full_len3,7,7,0,6,False,1,-0.0,-0.0,C1881413,True,,,,,,,,
mm_0178996,FLAN-T5-base,0.0,0.9999999403953552,sapbert_full_len3,7,7,0,6,False,2,0.863120568566631,0.30744974986419643,C0344441,False,,,,,,,,
mm_0178996,Llama3-OpenBioLLM-8B,0.0,0.7373937368392944,sapbert_full_len3,7,7,0,6,False,1,-0.0,-0.0,C1881413,True,,,,,,,,
mm_0178996,Meta-Llama-3-8B-Instruct,0.0,0.7374755144119263,sapbert_full_len3,7,7,0,6,False,1,-0.0,-0.0,C1881413,True,,,,,,,,
mm_0178996,Mistral-7B-Instruct-v0.1,0.0,0.7374755144119263,sapbert_full_len3,7,7,0,6,False,1,-0.0,-0.0,C1881413,True,,,,,,,,
mm_0178996,PubMedBERT,0.0,1.0,sapbert_full_len3,7,7,0,6,False,1,-0.0,-0.0,C1839576,True,7.0,1.0,"{""C1839576"": 7}",-0.0,-0.0,0.0,C1839576,0.0
mm_0179114,BERT-base,0.0,1.0,sapbert_full_len3,5,5,0,4,False,1,-0.0,-0.0,C1447749,True,5.0,1.0,"{""C1447749"": 5}",-0.0,-0.0,0.0,C1447749,0.0
mm_0179114,BioBERT,0.0,1.0,sapbert_full_len3,5,5,0,4,False,1,-0.0,-0.0,C0681906,True,5.0,1.0,"{""UMLS:C0681906"": 5}",-0.0,-0.0,0.0,UMLS:C0681906,0.0
mm_0179114,BioMistral-7B,0.0,1.0,sapbert_full_len3,5,5,0,4,False,2,0.7219280948873623,0.31091750708257115,C0002020,False,,,,,,,,
mm_0179114,FLAN-T5-base,0.0,1.0,sapbert_full_len3,5,5,0,4,False,1,-0.0,-0.0,C0002020,True,,,,,,,,
mm_0179114,Llama3-OpenBioLLM-8B,0.0,1.0,sapbert_full_len3,5,5,0,4,False,2,0.9709505944546686,0.4181656600790516,C6022365,False,,,,,,,,
mm_0179114,Meta-Llama-3-8B-Instruct,0.0,1.0,sapbert_full_len3,5,5,0,4,False,1,-0.0,-0.0,C0002020,True,,,,,,,,
mm_0179114,Mistral-7B-Instruct-v0.1,0.0,0.9999998807907104,sapbert_full_len3,5,5,0,4,False,1,-0.0,-0.0,C0002020,True,,,,,,,,
mm_0179114,PubMedBERT,0.0,1.0,sapbert_full_len3,5,5,0,4,False,1,-0.0,-0.0,C0681906,True,5.0,1.0,"{""UMLS:C0681906"": 5}",-0.0,-0.0,0.0,UMLS:C0681906,0.0
mm_0180560,BERT-base,1.0,1.0,sapbert_full_len3,7,7,0,6,False,1,-0.0,-0.0,C0034394,True,7.0,2.0,"{""C0034394"": 5, ""UMLS:C0034394"": 2}",0.863120568566631,0.3074497498641964,0.2857142857142857,C0034394,0.0
mm_0180560,BioBERT,0.0,1.0,sapbert_full_len3,7,7,0,6,False,2,0.5916727785823275,0.21075809614719848,C4042892,False,7.0,2.0,"{""C4042892"": 6, ""UMLS:C0034394"": 1}",0.5916727785823275,0.2107580961471984,0.1428571428571428,C4042892,0.0
mm_0180560,BioMistral-7B,1.0,1.0,sapbert_full_len3,7,7,0,6,False,2,0.5916727785823275,0.21075809614719848,C0034394,False,,,,,,,,
mm_0180560,FLAN-T5-base,1.0,0.9999998807907104,sapbert_full_len3,7,7,0,6,False,1,-0.0,-0.0,C0034394,True,,,,,,,,
mm_0180560,Llama3-OpenBioLLM-8B,1.0,1.0,sapbert_full_len3,7,7,0,6,False,3,1.1488348542809166,0.4092232318950598,C0034394,False,,,,,,,,
mm_0180560,Meta-Llama-3-8B-Instruct,0.0,0.9999998211860656,sapbert_full_len3,7,7,0,6,False,3,1.5566567074628228,0.5544923070581674,C0242481,False,,,,,,,,
mm_0180560,Mistral-7B-Instruct-v0.1,1.0,0.9999998211860656,sapbert_full_len3,7,7,0,6,False,1,-0.0,-0.0,C0034394,True,,,,,,,,
mm_0180560,PubMedBERT,0.0,1.0,sapbert_full_len3,7,7,0,6,False,2,0.5916727785823275,0.21075809614719848,C0681906,False,7.0,2.0,"{""UMLS:C0681906"": 6, ""C0036669"": 1}",0.5916727785823275,0.2107580961471984,0.0,UMLS:C0681906,0.0
mm_0180790,BERT-base,1.0,1.0,sapbert_full_len3,7,7,0,6,False,1,-0.0,-0.0,C1257990,True,7.0,1.0,"{""UMLS:C1257990"": 7}",-0.0,-0.0,1.0,UMLS:C1257990,0.0
mm_0180790,BioBERT,1.0,1.0,sapbert_full_len3,7,7,0,6,False,1,-0.0,-0.0,C1257990,True,7.0,1.0,"{""UMLS:C1257990"": 7}",-0.0,-0.0,1.0,UMLS:C1257990,0.0
mm_0180790,BioMistral-7B,0.0,0.9947333335876464,sapbert_full_len3,7,7,0,6,False,2,0.863120568566631,0.30744974986419643,C1528322,False,,,,,,,,
mm_0180790,FLAN-T5-base,0.0,1.0,sapbert_full_len3,7,7,0,6,False,3,1.3787834934861753,0.49113258984568253,C0040732,False,,,,,,,,
mm_0180790,Llama3-OpenBioLLM-8B,0.0,1.0,sapbert_full_len3,7,7,0,6,False,1,-0.0,-0.0,C0017296,True,,,,,,,,
mm_0180790,Meta-Llama-3-8B-Instruct,0.0,1.0,sapbert_full_len3,7,7,0,6,False,2,0.9852281360342515,0.35094534299644053,C0038454,False,,,,,,,,
mm_0180790,Mistral-7B-Instruct-v0.1,0.0,0.9999998211860656,sapbert_full_len3,7,7,0,6,False,2,0.863120568566631,0.30744974986419643,C0040732,False,,,,,,,,
mm_0180790,PubMedBERT,1.0,1.0,sapbert_full_len3,7,7,0,6,False,1,-0.0,-0.0,C1257990,True,7.0,1.0,"{""UMLS:C1257990"": 7}",-0.0,-0.0,1.0,UMLS:C1257990,0.0
mm_0180796,BERT-base,0.0,1.0,sapbert_full_len3,7,7,0,6,False,1,-0.0,-0.0,C1257990,True,7.0,1.0,"{""UMLS:C1257990"": 7}",-0.0,-0.0,0.0,UMLS:C1257990,0.0
mm_0180796,BioBERT,0.0,1.0,sapbert_full_len3,7,7,0,6,False,1,-0.0,-0.0,C1257990,True,7.0,1.0,"{""UMLS:C1257990"": 7}",-0.0,-0.0,0.0,UMLS:C1257990,0.0
mm_0180796,BioMistral-7B,0.0,0.9947333335876464,sapbert_full_len3,7,7,0,6,False,2,0.863120568566631,0.30744974986419643,C1528322,False,,,,,,,,
mm_0180796,FLAN-T5-base,0.0,1.0,sapbert_full_len3,7,7,0,6,False,3,1.5566567074628228,0.5544923070581674,C0040732,False,,,,,,,,
mm_0180796,Llama3-OpenBioLLM-8B,0.0,0.9999995827674866,sapbert_full_len3,7,7,0,6,False,1,-0.0,-0.0,C0017296,True,,,,,,,,
mm_0180796,Meta-Llama-3-8B-Instruct,0.0,0.9999998807907104,sapbert_full_len3,7,7,0,6,False,2,0.9852281360342515,0.35094534299644053,C0036537,False,,,,,,,,
mm_0180796,Mistral-7B-Instruct-v0.1,0.0,0.9999998211860656,sapbert_full_len3,7,7,0,6,False,2,0.863120568566631,0.30744974986419643,C0040732,False,,,,,,,,
mm_0180796,PubMedBERT,0.0,1.0,sapbert_full_len3,7,7,0,6,False,1,-0.0,-0.0,C1257990,True,7.0,1.0,"{""UMLS:C1257990"": 7}",-0.0,-0.0,0.0,UMLS:C1257990,0.0
mm_0181168,BERT-base,0.0,1.0,sapbert_full_len3,7,7,0,6,False,1,-0.0,-0.0,C0444254,True,7.0,1.0,"{""UMLS:C0444254"": 7}",-0.0,-0.0,0.0,UMLS:C0444254,0.0
mm_0181168,BioBERT,1.0,1.0,sapbert_full_len3,7,7,0,6,False,1,-0.0,-0.0,C0010362,True,7.0,1.0,"{""UMLS:C0010362"": 7}",-0.0,-0.0,1.0,UMLS:C0010362,0.0
mm_0181168,BioMistral-7B,0.0,1.0,sapbert_full_len3,7,7,0,6,False,4,1.8423709931771084,0.6562657890890309,C0010362,False,,,,,,,,
mm_0181168,FLAN-T5-base,0.0,1.0,sapbert_full_len3,7,7,0,6,False,3,1.3787834934861753,0.49113258984568253,C0205653,False,,,,,,,,
mm_0181168,Llama3-OpenBioLLM-8B,1.0,1.0,sapbert_full_len3,7,7,0,6,False,2,0.9852281360342515,0.35094534299644053,C0033105,False,,,,,,,,
mm_0181168,Meta-Llama-3-8B-Instruct,0.0,1.0,sapbert_full_len3,7,7,0,6,False,2,0.9852281360342515,0.35094534299644053,C0014507,False,,,,,,,,
mm_0181168,Mistral-7B-Instruct-v0.1,0.0,0.9999998807907104,sapbert_full_len3,7,7,0,6,False,3,1.3787834934861753,0.49113258984568253,C0010362,False,,,,,,,,
mm_0181168,PubMedBERT,0.0,1.0,sapbert_full_len3,7,7,0,6,False,1,-0.0,-0.0,C1839576,True,7.0,1.0,"{""C1839576"": 7}",-0.0,-0.0,0.0,C1839576,0.0
mm_0181222,BERT-base,0.0,1.0,sapbert_full_len3,4,4,0,3,False,3,1.5,0.75,C1707887,False,4.0,3.0,"{""UMLS:C1283169"": 1, ""UMLS:C1257990"": 1, ""UMLS:C1707887"": 2}",1.5,0.75,0.0,UMLS:C1707887,1.0
mm_0181222,BioBERT,0.0,1.0,sapbert_full_len3,4,4,0,3,False,3,1.5,0.75,C1447749,False,4.0,3.0,"{""UMLS:C1707887"": 1, ""UMLS:C1257990"": 1, ""C1447749"": 2}",1.5,0.75,0.0,C1447749,1.0
mm_0181222,BioMistral-7B,1.0,1.0,sapbert_full_len3,4,4,0,3,False,2,1.0,0.5,C0442726,False,,,,,,,,
mm_0181222,FLAN-T5-base,0.0,1.0000001192092896,sapbert_full_len3,4,4,0,3,False,2,0.8112781244591328,0.4056390622295664,C0005516,False,,,,,,,,
mm_0181222,Llama3-OpenBioLLM-8B,0.0,1.0,sapbert_full_len3,4,4,0,3,False,2,0.8112781244591328,0.4056390622295664,C0005516,False,,,,,,,,
mm_0181222,Meta-Llama-3-8B-Instruct,0.0,1.0000001192092896,sapbert_full_len3,4,4,0,3,False,1,-0.0,-0.0,C0005516,True,,,,,,,,
mm_0181222,Mistral-7B-Instruct-v0.1,1.0,1.0,sapbert_full_len3,4,4,0,3,False,3,1.5,0.75,C0025517,False,,,,,,,,
mm_0181222,PubMedBERT,0.0,1.0,sapbert_full_len3,4,4,0,3,False,2,0.8112781244591328,0.4056390622295664,C1839576,False,4.0,2.0,"{""C1839576"": 3, ""C1447749"": 1}",0.8112781244591328,0.4056390622295664,0.0,C1839576,0.0
mm_0181309,BERT-base,0.0,1.0,sapbert_full_len3,7,7,0,6,False,3,1.3787834934861753,0.49113258984568253,C0282597,False,7.0,3.0,"{""C0282597"": 4, ""UMLS:C2350390"": 1, ""UMLS:C1257990"": 2}",1.3787834934861751,0.4911325898456825,0.0,C0282597,0.0
mm_0181309,BioBERT,0.0,1.0,sapbert_full_len3,7,7,0,6,False,1,-0.0,-0.0,C1707887,True,7.0,1.0,"{""UMLS:C1707887"": 7}",-0.0,-0.0,0.0,UMLS:C1707887,0.0
mm_0181309,BioMistral-7B,0.0,0.9999998807907104,sapbert_full_len3,7,7,0,6,False,1,-0.0,-0.0,C0600327,True,,,,,,,,
mm_0181309,FLAN-T5-base,0.0,1.0,sapbert_full_len3,7,7,0,6,False,1,-0.0,-0.0,C0600327,True,,,,,,,,
mm_0181309,Llama3-OpenBioLLM-8B,1.0,1.0,sapbert_full_len3,7,7,0,6,False,4,1.8423709931771084,0.6562657890890309,C0014442,False,,,,,,,,
mm_0181309,Meta-Llama-3-8B-Instruct,0.0,0.7106391191482544,sapbert_full_len3,7,7,0,6,False,2,0.5916727785823275,0.21075809614719848,C0600327,False,,,,,,,,
mm_0181309,Mistral-7B-Instruct-v0.1,0.0,1.0,sapbert_full_len3,7,7,0,6,False,2,0.5916727785823275,0.21075809614719848,C0600327,False,,,,,,,,
mm_0181309,PubMedBERT,0.0,1.0,sapbert_full_len3,7,7,0,6,False,3,1.1488348542809166,0.4092232318950598,C1257990,False,7.0,3.0,"{""UMLS:C1257990"": 5, ""C1447749"": 1, ""C1839576"": 1}",1.1488348542809166,0.4092232318950598,0.0,UMLS:C1257990,0.0
mm_0181675,BERT-base,0.0,1.0,sapbert_full_len3,7,7,0,6,False,2,0.9852281360342515,0.35094534299644053,C1257990,False,7.0,2.0,"{""UMLS:C1257990"": 4, ""C1447749"": 3}",0.9852281360342516,0.3509453429964405,0.0,UMLS:C1257990,0.0
mm_0181675,BioBERT,0.0,1.0,sapbert_full_len3,7,7,0,6,False,1,-0.0,-0.0,C1257990,True,7.0,1.0,"{""UMLS:C1257990"": 7}",-0.0,-0.0,0.0,UMLS:C1257990,0.0
mm_0181675,BioMistral-7B,0.0,0.9999997615814208,sapbert_full_len3,7,7,0,6,False,1,-0.0,-0.0,C1420369,True,,,,,,,,
mm_0181675,FLAN-T5-base,0.0,1.0,sapbert_full_len3,7,7,0,6,False,1,-0.0,-0.0,C1420369,True,,,,,,,,
mm_0181675,Llama3-OpenBioLLM-8B,0.0,0.9999998807907104,sapbert_full_len3,7,7,0,6,False,2,0.863120568566631,0.30744974986419643,C0029419,False,,,,,,,,
mm_0181675,Meta-Llama-3-8B-Instruct,0.0,0.9999998807907104,sapbert_full_len3,7,7,0,6,False,1,-0.0,-0.0,C0029433,True,,,,,,,,
mm_0181675,Mistral-7B-Instruct-v0.1,0.0,0.9999998807907104,sapbert_full_len3,7,7,0,6,False,1,-0.0,-0.0,C0029433,True,,,,,,,,
mm_0181675,PubMedBERT,0.0,1.0,sapbert_full_len3,7,7,0,6,False,1,-0.0,-0.0,C1447749,True,7.0,1.0,"{""C1447749"": 7}",-0.0,-0.0,0.0,C1447749,0.0
mm_0184130,BERT-base,0.0,1.0,sapbert_full_len3,6,6,0,5,False,3,1.4591479170272448,0.5644754678724236,C1257990,False,6.0,3.0,"{""UMLS:C1257990"": 3, ""UMLS:C0358514"": 2, ""UMLS:C0444254"": 1}",1.4591479170272448,0.5644754678724236,0.0,UMLS:C1257990,1.0
mm_0184130,BioBERT,0.0,1.0,sapbert_full_len3,6,6,0,5,False,1,-0.0,-0.0,C1707887,True,6.0,1.0,"{""UMLS:C1707887"": 6}",-0.0,-0.0,0.0,UMLS:C1707887,0.0
mm_0184130,BioMistral-7B,0.0,1.0,sapbert_full_len3,6,6,0,5,False,2,0.9182958340544896,0.355245321275764,C0037199,False,,,,,,,,
mm_0184130,FLAN-T5-base,0.0,1.0,sapbert_full_len3,6,6,0,5,False,2,0.6500224216483541,0.25146299858006066,C1446409,False,,,,,,,,
mm_0184130,Llama3-OpenBioLLM-8B,0.0,1.0,sapbert_full_len3,6,6,0,5,False,3,1.4591479170272448,0.5644754678724236,C0033105,False,,,,,,,,
mm_0184130,Meta-Llama-3-8B-Instruct,0.0,1.0,sapbert_full_len3,6,6,0,5,False,2,1.0,0.38685280723454163,C0033105,False,,,,,,,,
mm_0184130,Mistral-7B-Instruct-v0.1,0.0,0.9999998211860656,sapbert_full_len3,6,6,0,5,False,2,0.6500224216483541,0.25146299858006066,C0037199,False,,,,,,,,
mm_0184130,PubMedBERT,0.0,1.0,sapbert_full_len3,6,6,0,5,False,1,-0.0,-0.0,C1839576,True,6.0,1.0,"{""C1839576"": 6}",-0.0,-0.0,0.0,C1839576,0.0
mm_0184313,BERT-base,0.0,1.0,sapbert_full_len3,9,9,0,8,False,1,-0.0,-0.0,C0243095,True,9.0,1.0,"{""UMLS:C0243095"": 9}",-0.0,-0.0,0.0,UMLS:C0243095,0.0
mm_0184313,BioBERT,0.0,1.0,sapbert_full_len3,9,9,0,8,False,1,-0.0,-0.0,C1707887,True,9.0,1.0,"{""UMLS:C1707887"": 9}",-0.0,-0.0,0.0,UMLS:C1707887,0.0
mm_0184313,BioMistral-7B,0.0,1.0,sapbert_full_len3,9,9,0,8,False,4,1.974937501201927,0.6230234154761809,C4505224,False,,,,,,,,
mm_0184313,FLAN-T5-base,0.0,1.0,sapbert_full_len3,9,9,0,8,False,1,-0.0,-0.0,C0233929,True,,,,,,,,
mm_0184313,Llama3-OpenBioLLM-8B,0.0,0.9999999403953552,sapbert_full_len3,9,9,0,8,False,2,0.9910760598382222,0.3126496871021503,C2718051,False,,,,,,,,
mm_0184313,Meta-Llama-3-8B-Instruct,0.0,1.0,sapbert_full_len3,9,9,0,8,False,2,0.9910760598382222,0.3126496871021503,C0233929,False,,,,,,,,
mm_0184313,Mistral-7B-Instruct-v0.1,0.0,1.0,sapbert_full_len3,9,9,0,8,False,2,0.7642045065086203,0.24107968048484052,C0233929,False,,,,,,,,
mm_0184313,PubMedBERT,0.0,1.0,sapbert_full_len3,9,9,0,8,False,2,0.9182958340544896,0.2896900821428475,C1839576,False,9.0,2.0,"{""C1839576"": 6, ""C1447749"": 3}",0.9182958340544896,0.2896900821428475,0.0,C1839576,0.0
mm_0184320,BERT-base,0.0,1.0,sapbert_full_len3,6,6,0,5,False,1,-0.0,-0.0,C0242193,True,6.0,1.0,"{""UMLS:C0242193"": 6}",-0.0,-0.0,0.0,UMLS:C0242193,0.0
mm_0184320,BioBERT,0.0,1.0,sapbert_full_len3,6,6,0,5,False,3,1.584962500721156,0.6131471927654584,C1868801,False,6.0,3.0,"{""C1868801"": 2, ""C1312419"": 2, ""UMLS:C1707887"": 2}",1.584962500721156,0.6131471927654584,0.0,C1868801,1.0
mm_0184320,BioMistral-7B,0.0,1.0,sapbert_full_len3,6,6,0,5,False,1,-0.0,-0.0,C0008972,True,,,,,,,,
mm_0184320,FLAN-T5-base,0.0,1.0,sapbert_full_len3,6,6,0,5,False,1,-0.0,-0.0,C0008972,True,,,,,,,,
mm_0184320,Llama3-OpenBioLLM-8B,0.0,1.0,sapbert_full_len3,6,6,0,5,False,2,1.0,0.38685280723454163,C0008972,False,,,,,,,,
mm_0184320,Meta-Llama-3-8B-Instruct,0.0,1.0,sapbert_full_len3,6,6,0,5,False,2,0.9182958340544896,0.355245321275764,C0008972,False,,,,,,,,
mm_0184320,Mistral-7B-Instruct-v0.1,0.0,1.0,sapbert_full_len3,6,6,0,5,False,1,-0.0,-0.0,C0008972,True,,,,,,,,
mm_0184320,PubMedBERT,0.0,1.0,sapbert_full_len3,6,6,0,5,False,1,-0.0,-0.0,C1447749,True,6.0,1.0,"{""C1447749"": 6}",-0.0,-0.0,0.0,C1447749,0.0
mm_0184337,BERT-base,0.0,1.0,sapbert_full_len3,5,5,0,4,False,2,0.7219280948873623,0.31091750708257115,C1257990,False,5.0,2.0,"{""UMLS:C0242193"": 1, ""UMLS:C1257990"": 4}",0.7219280948873623,0.3109175070825711,0.0,UMLS:C1257990,0.0
mm_0184337,BioBERT,0.0,1.0,sapbert_full_len3,5,5,0,4,False,1,-0.0,-0.0,C1707887,True,5.0,1.0,"{""UMLS:C1707887"": 5}",-0.0,-0.0,0.0,UMLS:C1707887,0.0
mm_0184337,BioMistral-7B,1.0,1.0,sapbert_full_len3,5,5,0,4,False,1,-0.0,-0.0,C0005841,True,,,,,,,,
mm_0184337,FLAN-T5-base,1.0,1.0,sapbert_full_len3,5,5,0,4,False,1,-0.0,-0.0,C0005841,True,,,,,,,,
mm_0184337,Llama3-OpenBioLLM-8B,0.0,1.0,sapbert_full_len3,5,5,0,4,False,2,0.9709505944546686,0.4181656600790516,C0005841,False,,,,,,,,
mm_0184337,Meta-Llama-3-8B-Instruct,1.0,1.0,sapbert_full_len3,5,5,0,4,False,2,0.7219280948873623,0.31091750708257115,C0005841,False,,,,,,,,
mm_0184337,Mistral-7B-Instruct-v0.1,1.0,0.9999998807907104,sapbert_full_len3,5,5,0,4,False,1,-0.0,-0.0,C0005841,True,,,,,,,,
mm_0184337,PubMedBERT,0.0,1.0,sapbert_full_len3,5,5,0,4,False,2,0.9709505944546686,0.4181656600790516,C1839576,False,5.0,2.0,"{""C1839576"": 3, ""UMLS:C1707887"": 2}",0.9709505944546686,0.4181656600790516,0.0,C1839576,0.0
mm_0185245,BERT-base,0.0,1.0,sapbert_full_len3,8,8,0,7,False,2,1.0,0.3333333333333333,C0358514,False,8.0,2.0,"{""UMLS:C0358514"": 4, ""C1447749"": 4}",1.0,0.3333333333333333,0.0,UMLS:C0358514,0.0
mm_0185245,BioBERT,0.0,1.0,sapbert_full_len3,8,8,0,7,False,2,0.5435644431995964,0.1811881477331988,C0008396,False,8.0,2.0,"{""C0008396"": 7, ""UMLS:C1257990"": 1}",0.5435644431995964,0.1811881477331988,0.0,C0008396,0.0
mm_0185245,BioMistral-7B,0.0,0.9698238372802734,sapbert_full_len3,8,8,0,7,False,3,1.2987949406953985,0.43293164689846614,C0006657,False,,,,,,,,
mm_0185245,FLAN-T5-base,0.0,0.7224526405334473,sapbert_full_len3,8,8,0,7,False,3,1.5,0.5,C0010090,False,,,,,,,,
mm_0185245,Llama3-OpenBioLLM-8B,0.0,0.9999998807907104,sapbert_full_len3,8,8,0,7,False,1,-0.0,-0.0,C1285573,True,,,,,,,,
mm_0185245,Meta-Llama-3-8B-Instruct,0.0,0.9999996423721312,sapbert_full_len3,8,8,0,7,False,3,1.561278124459133,0.5204260414863776,C0042870,False,,,,,,,,
mm_0185245,Mistral-7B-Instruct-v0.1,0.0,0.9999998807907104,sapbert_full_len3,8,8,0,7,False,1,-0.0,-0.0,C1285573,True,,,,,,,,
mm_0185245,PubMedBERT,0.0,1.0,sapbert_full_len3,8,8,0,7,False,2,0.5435644431995964,0.1811881477331988,C1999375,False,8.0,2.0,"{""C1999375"": 7, ""C1839576"": 1}",0.5435644431995964,0.1811881477331988,0.0,C1999375,0.0
mm_0185936,BERT-base,0.0,1.0,sapbert_full_len3,5,5,0,4,False,2,0.9709505944546686,0.4181656600790516,C1447749,False,5.0,2.0,"{""C1447749"": 3, ""C2983775"": 2}",0.9709505944546686,0.4181656600790516,0.0,C1447749,0.0
mm_0185936,BioBERT,0.0,1.0,sapbert_full_len3,5,5,0,4,False,3,1.5219280948873621,0.6554587535412855,C1447749,False,5.0,3.0,"{""UMLS:C1257990"": 1, ""C1447749"": 2, ""C1257880"": 2}",1.521928094887362,0.6554587535412855,0.0,C1447749,1.0
mm_0185936,BioMistral-7B,0.0,1.0000001192092896,sapbert_full_len3,5,5,0,4,False,2,0.9709505944546686,0.4181656600790516,C1450054,False,,,,,,,,
mm_0185936,FLAN-T5-base,0.0,1.0000001192092896,sapbert_full_len3,5,5,0,4,False,3,1.5219280948873621,0.6554587535412855,C1450054,False,,,,,,,,
mm_0185936,Llama3-OpenBioLLM-8B,0.0,1.0,sapbert_full_len3,5,5,0,4,False,2,0.9709505944546686,0.4181656600790516,C1450054,False,,,,,,,,
mm_0185936,Meta-Llama-3-8B-Instruct,0.0,1.0000001192092896,sapbert_full_len3,5,5,0,4,False,1,-0.0,-0.0,C1450054,True,,,,,,,,
mm_0185936,Mistral-7B-Instruct-v0.1,0.0,0.9999997615814208,sapbert_full_len3,5,5,0,4,False,1,-0.0,-0.0,C1450054,True,,,,,,,,
mm_0185936,PubMedBERT,0.0,1.0,sapbert_full_len3,5,5,0,4,False,1,-0.0,-0.0,C1447749,True,5.0,1.0,"{""C1447749"": 5}",-0.0,-0.0,0.0,C1447749,0.0
mm_0186119,BERT-base,0.0,1.0,sapbert_full_len3,5,5,0,4,False,2,0.9709505944546686,0.4181656600790516,C1312419,False,5.0,2.0,"{""C1312419"": 3, ""C4505290"": 2}",0.9709505944546686,0.4181656600790516,0.0,C1312419,0.0
mm_0186119,BioBERT,0.0,1.0,sapbert_full_len3,5,5,0,4,False,3,1.5219280948873621,0.6554587535412855,C0013728,False,5.0,3.0,"{""C4042843"": 1, ""C0013728"": 2, ""C4505290"": 2}",1.521928094887362,0.6554587535412855,0.0,C0013728,1.0
mm_0186119,BioMistral-7B,1.0,1.0,sapbert_full_len3,5,5,0,4,False,1,-0.0,-0.0,C1271650,True,,,,,,,,
mm_0186119,FLAN-T5-base,0.0,0.9999999403953552,sapbert_full_len3,5,5,0,4,False,1,-0.0,-0.0,C1136254,True,,,,,,,,
mm_0186119,Llama3-OpenBioLLM-8B,0.0,0.9999995231628418,sapbert_full_len3,5,5,0,4,False,1,-0.0,-0.0,C0031327,True,,,,,,,,
mm_0186119,Meta-Llama-3-8B-Instruct,1.0,0.9999998211860656,sapbert_full_len3,5,5,0,4,False,1,-0.0,-0.0,C1271650,True,,,,,,,,
mm_0186119,Mistral-7B-Instruct-v0.1,1.0,1.0,sapbert_full_len3,5,5,0,4,False,1,-0.0,-0.0,C1271650,True,,,,,,,,
mm_0186119,PubMedBERT,0.0,1.0,sapbert_full_len3,5,5,0,4,False,1,-0.0,-0.0,C1839576,True,5.0,1.0,"{""C1839576"": 5}",-0.0,-0.0,0.0,C1839576,0.0
mm_0186465,BERT-base,0.0,1.0,sapbert_full_len3,8,8,0,7,False,1,-0.0,-0.0,C0242193,True,8.0,1.0,"{""UMLS:C0242193"": 8}",-0.0,-0.0,0.0,UMLS:C0242193,0.0
mm_0186465,BioBERT,0.0,1.0,sapbert_full_len3,8,8,0,7,False,1,-0.0,-0.0,C1707887,True,8.0,1.0,"{""UMLS:C1707887"": 8}",-0.0,-0.0,0.0,UMLS:C1707887,0.0
mm_0186465,BioMistral-7B,0.0,1.0,sapbert_full_len3,8,8,0,7,False,1,-0.0,-0.0,C5419195,True,,,,,,,,
mm_0186465,FLAN-T5-base,0.0,1.0,sapbert_full_len3,8,8,0,7,False,1,-0.0,-0.0,C5419195,True,,,,,,,,
mm_0186465,Llama3-OpenBioLLM-8B,0.0,1.0,sapbert_full_len3,8,8,0,7,False,1,-0.0,-0.0,C5419195,True,,,,,,,,
mm_0186465,Meta-Llama-3-8B-Instruct,0.0,0.9174859523773192,sapbert_full_len3,8,8,0,7,False,1,-0.0,-0.0,C5419195,True,,,,,,,,
mm_0186465,Mistral-7B-Instruct-v0.1,0.0,0.9174820780754088,sapbert_full_len3,8,8,0,7,False,1,-0.0,-0.0,C5419195,True,,,,,,,,
mm_0186465,PubMedBERT,0.0,1.0,sapbert_full_len3,8,8,0,7,False,2,0.8112781244591328,0.2704260414863776,C1839576,False,8.0,2.0,"{""C1839576"": 6, ""C1447749"": 2}",0.8112781244591328,0.2704260414863776,0.0,C1839576,0.0
mm_0187173,BERT-base,0.0,1.0,sapbert_full_len3,4,4,0,3,False,1,-0.0,-0.0,C1447749,True,4.0,1.0,"{""C1447749"": 4}",-0.0,-0.0,0.0,C1447749,0.0
mm_0187173,BioBERT,0.0,1.0,sapbert_full_len3,4,4,0,3,False,1,-0.0,-0.0,C1447749,True,4.0,1.0,"{""C1447749"": 4}",-0.0,-0.0,0.0,C1447749,0.0
mm_0187173,BioMistral-7B,0.0,0.9999998807907104,sapbert_full_len3,4,4,0,3,False,2,0.8112781244591328,0.4056390622295664,C0011860,False,,,,,,,,
mm_0187173,FLAN-T5-base,0.0,0.9999998807907104,sapbert_full_len3,4,4,0,3,False,1,-0.0,-0.0,C0011860,True,,,,,,,,
mm_0187173,Llama3-OpenBioLLM-8B,0.0,1.0,sapbert_full_len3,4,4,0,3,False,3,1.5,0.75,C0037903,False,,,,,,,,
mm_0187173,Meta-Llama-3-8B-Instruct,0.0,1.0,sapbert_full_len3,4,4,0,3,False,2,0.8112781244591328,0.4056390622295664,C5196589,False,,,,,,,,
mm_0187173,Mistral-7B-Instruct-v0.1,0.0,1.0,sapbert_full_len3,4,4,0,3,False,2,0.8112781244591328,0.4056390622295664,C0011860,False,,,,,,,,
mm_0187173,PubMedBERT,0.0,1.0,sapbert_full_len3,4,4,0,3,False,2,1.0,0.5,C1839576,False,4.0,2.0,"{""C1839576"": 2, ""C1447749"": 2}",1.0,0.5,0.0,C1839576,1.0
mm_0187489,BERT-base,0.0,1.0,sapbert_full_len3,7,7,0,6,False,1,-0.0,-0.0,C1447749,True,7.0,1.0,"{""C1447749"": 7}",-0.0,-0.0,0.0,C1447749,0.0
mm_0187489,BioBERT,0.0,1.0,sapbert_full_len3,7,7,0,6,False,1,-0.0,-0.0,C1257990,True,7.0,1.0,"{""UMLS:C1257990"": 7}",-0.0,-0.0,0.0,UMLS:C1257990,0.0
mm_0187489,BioMistral-7B,0.0,1.0,sapbert_full_len3,7,7,0,6,False,1,-0.0,-0.0,C1970415,True,,,,,,,,
mm_0187489,FLAN-T5-base,1.0,1.0,sapbert_full_len3,7,7,0,6,False,3,1.5566567074628228,0.5544923070581674,C1305855,False,,,,,,,,
mm_0187489,Llama3-OpenBioLLM-8B,0.0,0.9999997615814208,sapbert_full_len3,7,7,0,6,False,2,0.9852281360342515,0.35094534299644053,C1970415,False,,,,,,,,
mm_0187489,Meta-Llama-3-8B-Instruct,1.0,1.0,sapbert_full_len3,7,7,0,6,False,2,0.5916727785823275,0.21075809614719848,C1305855,False,,,,,,,,
mm_0187489,Mistral-7B-Instruct-v0.1,1.0,1.0,sapbert_full_len3,7,7,0,6,False,2,0.5916727785823275,0.21075809614719848,C1305855,False,,,,,,,,
mm_0187489,PubMedBERT,0.0,1.0,sapbert_full_len3,7,7,0,6,False,1,-0.0,-0.0,C1839576,True,7.0,1.0,"{""C1839576"": 7}",-0.0,-0.0,0.0,C1839576,0.0
mm_0187792,BERT-base,1.0,1.0,sapbert_full_len3,9,9,0,8,False,1,-0.0,-0.0,C0810516,True,9.0,1.0,"{""UMLS:C0810516"": 9}",-0.0,-0.0,1.0,UMLS:C0810516,0.0
mm_0187792,BioBERT,1.0,1.0,sapbert_full_len3,9,9,0,8,False,1,-0.0,-0.0,C0810516,True,9.0,1.0,"{""UMLS:C0810516"": 9}",-0.0,-0.0,1.0,UMLS:C0810516,0.0
mm_0187792,BioMistral-7B,0.0,1.0000001192092896,sapbert_full_len3,9,9,0,8,False,1,-0.0,-0.0,C0020725,True,,,,,,,,
mm_0187792,FLAN-T5-base,0.0,1.0,sapbert_full_len3,9,9,0,8,False,5,2.197159723424149,0.693126721428565,C0443315,False,,,,,,,,
mm_0187792,Llama3-OpenBioLLM-8B,0.0,0.9048362970352172,sapbert_full_len3,9,9,0,8,False,4,1.974937501201927,0.6230234154761809,C0162589,False,,,,,,,,
mm_0187792,Meta-Llama-3-8B-Instruct,1.0,1.0,sapbert_full_len3,9,9,0,8,False,2,0.9182958340544896,0.2896900821428475,C0162589,False,,,,,,,,
mm_0187792,Mistral-7B-Instruct-v0.1,0.0,0.9917336702346802,sapbert_full_len3,9,9,0,8,False,2,0.9182958340544896,0.2896900821428475,C5574644,False,,,,,,,,
mm_0187792,PubMedBERT,1.0,1.0,sapbert_full_len3,9,9,0,8,False,2,0.7642045065086203,0.24107968048484052,C0810516,False,9.0,2.0,"{""UMLS:C0810516"": 7, ""C1839576"": 2}",0.7642045065086203,0.2410796804848405,0.7777777777777778,UMLS:C0810516,0.0
mm_0187940,BERT-base,0.0,1.0,sapbert_full_len3,8,8,0,7,False,1,-0.0,-0.0,C1257990,True,8.0,1.0,"{""UMLS:C1257990"": 8}",-0.0,-0.0,0.0,UMLS:C1257990,0.0
mm_0187940,BioBERT,0.0,1.0,sapbert_full_len3,8,8,0,7,False,1,-0.0,-0.0,C0752046,True,8.0,1.0,"{""UMLS:C0752046"": 8}",-0.0,-0.0,0.0,UMLS:C0752046,0.0
mm_0187940,BioMistral-7B,0.0,1.0,sapbert_full_len3,8,8,0,7,False,2,0.954434002924965,0.318144667641655,C0027662,False,,,,,,,,
mm_0187940,FLAN-T5-base,0.0,1.0,sapbert_full_len3,8,8,0,7,False,2,0.8112781244591328,0.2704260414863776,C0027662,False,,,,,,,,
mm_0187940,Llama3-OpenBioLLM-8B,0.0,0.9999998807907104,sapbert_full_len3,8,8,0,7,False,1,-0.0,-0.0,C1285573,True,,,,,,,,
mm_0187940,Meta-Llama-3-8B-Instruct,0.0,1.0,sapbert_full_len3,8,8,0,7,False,2,0.8112781244591328,0.2704260414863776,C0027662,False,,,,,,,,
mm_0187940,Mistral-7B-Instruct-v0.1,0.0,1.0,sapbert_full_len3,8,8,0,7,False,2,0.5435644431995964,0.1811881477331988,C0740394,False,,,,,,,,
mm_0187940,PubMedBERT,0.0,1.0,sapbert_full_len3,8,8,0,7,False,2,1.0,0.3333333333333333,C1839576,False,8.0,2.0,"{""C1839576"": 4, ""UMLS:C0752046"": 4}",1.0,0.3333333333333333,0.0,C1839576,0.0
mm_0188057,BERT-base,0.0,1.0,sapbert_full_len3,7,7,0,6,False,2,0.863120568566631,0.30744974986419643,C1447749,False,7.0,2.0,"{""C1447749"": 5, ""C0265267"": 2}",0.863120568566631,0.3074497498641964,0.0,C1447749,0.0
mm_0188057,BioBERT,0.0,1.0,sapbert_full_len3,7,7,0,6,False,2,0.9852281360342515,0.35094534299644053,C0265267,False,7.0,2.0,"{""C0265267"": 4, ""C1447749"": 3}",0.9852281360342516,0.3509453429964405,0.0,C0265267,0.0
mm_0188057,BioMistral-7B,0.0,0.9999998807907104,sapbert_full_len3,7,7,0,6,False,3,1.5566567074628228,0.5544923070581674,C0282611,False,,,,,,,,
mm_0188057,FLAN-T5-base,0.0,0.9999998807907104,sapbert_full_len3,7,7,0,6,False,2,0.863120568566631,0.30744974986419643,C0282611,False,,,,,,,,
mm_0188057,Llama3-OpenBioLLM-8B,0.0,0.9999997615814208,sapbert_full_len3,7,7,0,6,False,1,-0.0,-0.0,C0282611,True,,,,,,,,
mm_0188057,Meta-Llama-3-8B-Instruct,0.0,0.8496185541152954,sapbert_full_len3,7,7,0,6,False,1,-0.0,-0.0,C0678910,True,,,,,,,,
mm_0188057,Mistral-7B-Instruct-v0.1,0.0,0.8496185541152954,sapbert_full_len3,7,7,0,6,False,1,-0.0,-0.0,C0678910,True,,,,,,,,
mm_0188057,PubMedBERT,0.0,1.0,sapbert_full_len3,7,7,0,6,False,1,-0.0,-0.0,C1447749,True,7.0,1.0,"{""C1447749"": 7}",-0.0,-0.0,0.0,C1447749,0.0
mm_0188249,BERT-base,0.0,1.0,sapbert_full_len3,6,6,0,5,False,1,-0.0,-0.0,C1447749,True,6.0,1.0,"{""C1447749"": 6}",-0.0,-0.0,0.0,C1447749,0.0
mm_0188249,BioBERT,0.0,1.0,sapbert_full_len3,6,6,0,5,False,1,-0.0,-0.0,C1257990,True,6.0,1.0,"{""UMLS:C1257990"": 6}",-0.0,-0.0,0.0,UMLS:C1257990,0.0
mm_0188249,BioMistral-7B,0.0,0.9999997615814208,sapbert_full_len3,6,6,0,5,False,1,-0.0,-0.0,C4042796,True,,,,,,,,
mm_0188249,FLAN-T5-base,0.0,1.0,sapbert_full_len3,6,6,0,5,False,3,1.4591479170272448,0.5644754678724236,C0679221,False,,,,,,,,
mm_0188249,Llama3-OpenBioLLM-8B,0.0,1.0,sapbert_full_len3,6,6,0,5,False,1,-0.0,-0.0,C0151514,True,,,,,,,,
mm_0188249,Meta-Llama-3-8B-Instruct,0.0,1.0,sapbert_full_len3,6,6,0,5,False,2,0.9182958340544896,0.355245321275764,C0151514,False,,,,,,,,
mm_0188249,Mistral-7B-Instruct-v0.1,0.0,0.9999997615814208,sapbert_full_len3,6,6,0,5,False,3,1.2516291673878228,0.4841962570206112,C4042796,False,,,,,,,,
mm_0188249,PubMedBERT,0.0,1.0,sapbert_full_len3,6,6,0,5,False,1,-0.0,-0.0,C1257990,True,6.0,1.0,"{""UMLS:C1257990"": 6}",-0.0,-0.0,0.0,UMLS:C1257990,0.0
mm_0189033,BERT-base,0.0,1.0,sapbert_full_len3,7,7,0,6,False,2,0.863120568566631,0.30744974986419643,C1257990,False,7.0,2.0,"{""UMLS:C1257990"": 5, ""C1447749"": 2}",0.863120568566631,0.3074497498641964,0.0,UMLS:C1257990,0.0
mm_0189033,BioBERT,0.0,1.0,sapbert_full_len3,7,7,0,6,False,2,0.9852281360342515,0.35094534299644053,C1257990,False,7.0,2.0,"{""C1839576"": 3, ""UMLS:C1257990"": 4}",0.9852281360342516,0.3509453429964405,0.0,UMLS:C1257990,0.0
mm_0189033,BioMistral-7B,0.0,0.9999998807907104,sapbert_full_len3,7,7,0,6,False,1,-0.0,-0.0,C0017125,True,,,,,,,,
mm_0189033,FLAN-T5-base,0.0,0.9999998807907104,sapbert_full_len3,7,7,0,6,False,2,0.863120568566631,0.30744974986419643,C0017125,False,,,,,,,,
mm_0189033,Llama3-OpenBioLLM-8B,0.0,0.7358394861221313,sapbert_full_len3,7,7,0,6,False,3,1.5566567074628228,0.5544923070581674,C4039248,False,,,,,,,,
mm_0189033,Meta-Llama-3-8B-Instruct,0.0,1.0,sapbert_full_len3,7,7,0,6,False,2,0.5916727785823275,0.21075809614719848,C1262477,False,,,,,,,,
mm_0189033,Mistral-7B-Instruct-v0.1,0.0,1.0,sapbert_full_len3,7,7,0,6,False,2,0.5916727785823275,0.21075809614719848,C0017125,False,,,,,,,,
mm_0189033,PubMedBERT,0.0,1.0,sapbert_full_len3,7,7,0,6,False,1,-0.0,-0.0,C1839576,True,7.0,1.0,"{""C1839576"": 7}",-0.0,-0.0,0.0,C1839576,0.0
mm_0189388,BERT-base,0.0,1.0,sapbert_full_len3,7,7,0,6,False,1,-0.0,-0.0,C0169661,True,7.0,1.0,"{""C0169661"": 7}",-0.0,-0.0,0.0,C0169661,0.0
mm_0189388,BioBERT,0.0,1.0,sapbert_full_len3,7,7,0,6,False,2,0.9852281360342515,0.35094534299644053,C1312419,False,7.0,2.0,"{""UMLS:C1257990"": 3, ""C1312419"": 4}",0.9852281360342516,0.3509453429964405,0.0,C1312419,0.0
mm_0189388,BioMistral-7B,0.0,0.9999998807907104,sapbert_full_len3,7,7,0,6,False,2,0.863120568566631,0.30744974986419643,C0653267,False,,,,,,,,
mm_0189388,FLAN-T5-base,0.0,0.9999998807907104,sapbert_full_len3,7,7,0,6,False,1,-0.0,-0.0,C0653267,True,,,,,,,,
mm_0189388,Llama3-OpenBioLLM-8B,0.0,0.9999998807907104,sapbert_full_len3,7,7,0,6,False,2,0.863120568566631,0.30744974986419643,C0653267,False,,,,,,,,
mm_0189388,Meta-Llama-3-8B-Instruct,1.0,1.0,sapbert_full_len3,7,7,0,6,False,1,-0.0,-0.0,C1158886,True,,,,,,,,
mm_0189388,Mistral-7B-Instruct-v0.1,1.0,1.0,sapbert_full_len3,7,7,0,6,False,2,0.9852281360342515,0.35094534299644053,C1158886,False,,,,,,,,
mm_0189388,PubMedBERT,0.0,1.0,sapbert_full_len3,7,7,0,6,False,2,0.863120568566631,0.30744974986419643,C1447749,False,7.0,2.0,"{""C1447749"": 5, ""C1431322"": 2}",0.863120568566631,0.3074497498641964,0.0,C1447749,0.0
mm_0189542,BERT-base,0.0,1.0,sapbert_full_len3,5,5,0,4,False,1,-0.0,-0.0,C1447749,True,5.0,1.0,"{""C1447749"": 5}",-0.0,-0.0,0.0,C1447749,0.0
mm_0189542,BioBERT,0.0,1.0,sapbert_full_len3,5,5,0,4,False,1,-0.0,-0.0,C1431322,True,5.0,1.0,"{""C1431322"": 5}",-0.0,-0.0,0.0,C1431322,0.0
mm_0189542,BioMistral-7B,1.0,1.0,sapbert_full_len3,5,5,0,4,False,1,-0.0,-0.0,C1824675,True,,,,,,,,
mm_0189542,FLAN-T5-base,0.0,1.0,sapbert_full_len3,5,5,0,4,False,1,-0.0,-0.0,C0027950,True,,,,,,,,
mm_0189542,Llama3-OpenBioLLM-8B,0.0,0.8442015647888184,sapbert_full_len3,5,5,0,4,False,2,0.7219280948873623,0.31091750708257115,C0027950,False,,,,,,,,
mm_0189542,Meta-Llama-3-8B-Instruct,0.0,1.0,sapbert_full_len3,5,5,0,4,False,1,-0.0,-0.0,C0027950,True,,,,,,,,
mm_0189542,Mistral-7B-Instruct-v0.1,0.0,1.0,sapbert_full_len3,5,5,0,4,False,1,-0.0,-0.0,C0027950,True,,,,,,,,
mm_0189542,PubMedBERT,0.0,1.0,sapbert_full_len3,5,5,0,4,False,1,-0.0,-0.0,C0018966,True,5.0,1.0,"{""C0018966"": 5}",-0.0,-0.0,0.0,C0018966,0.0
mm_0190644,BERT-base,1.0,1.0,sapbert_full_len3,4,4,0,3,False,1,-0.0,-0.0,C0235946,True,4.0,1.0,"{""UMLS:C0235946"": 4}",-0.0,-0.0,1.0,UMLS:C0235946,0.0
mm_0190644,BioBERT,1.0,1.0,sapbert_full_len3,4,4,0,3,False,1,-0.0,-0.0,C0235946,True,4.0,1.0,"{""UMLS:C0235946"": 4}",-0.0,-0.0,1.0,UMLS:C0235946,0.0
mm_0190644,BioMistral-7B,1.0,0.9999998807907104,sapbert_full_len3,4,4,0,3,False,1,-0.0,-0.0,C0235946,True,,,,,,,,
mm_0190644,FLAN-T5-base,1.0,0.9999998807907104,sapbert_full_len3,4,4,0,3,False,1,-0.0,-0.0,C0235946,True,,,,,,,,
mm_0190644,Llama3-OpenBioLLM-8B,0.0,0.9999997615814208,sapbert_full_len3,4,4,0,3,False,1,-0.0,-0.0,C0007820,True,,,,,,,,
mm_0190644,Meta-Llama-3-8B-Instruct,1.0,1.0,sapbert_full_len3,4,4,0,3,False,1,-0.0,-0.0,C0235946,True,,,,,,,,
mm_0190644,Mistral-7B-Instruct-v0.1,1.0,0.9999996423721312,sapbert_full_len3,4,4,0,3,False,1,-0.0,-0.0,C0235946,True,,,,,,,,
mm_0190644,PubMedBERT,0.0,1.0,sapbert_full_len3,4,4,0,3,False,1,-0.0,-0.0,C1839576,True,4.0,1.0,"{""C1839576"": 4}",-0.0,-0.0,0.0,C1839576,0.0
mm_0191008,BERT-base,0.0,1.0,sapbert_full_len3,7,7,0,6,False,2,0.5916727785823275,0.21075809614719848,C1257990,False,7.0,2.0,"{""UMLS:C1257990"": 6, ""C4277543"": 1}",0.5916727785823275,0.2107580961471984,0.0,UMLS:C1257990,0.0
mm_0191008,BioBERT,0.0,1.0,sapbert_full_len3,7,7,0,6,False,1,-0.0,-0.0,C0008396,True,7.0,1.0,"{""C0008396"": 7}",-0.0,-0.0,0.0,C0008396,0.0
mm_0191008,BioMistral-7B,0.0,0.9999999403953552,sapbert_full_len3,7,7,0,6,False,1,-0.0,-0.0,C0068355,True,,,,,,,,
mm_0191008,FLAN-T5-base,0.0,1.0,sapbert_full_len3,7,7,0,6,False,4,1.8423709931771084,0.6562657890890309,C0279017,False,,,,,,,,
mm_0191008,Llama3-OpenBioLLM-8B,0.0,0.832078218460083,sapbert_full_len3,7,7,0,6,False,2,0.9852281360342515,0.35094534299644053,C1152553,False,,,,,,,,
mm_0191008,Meta-Llama-3-8B-Instruct,0.0,0.832078218460083,sapbert_full_len3,7,7,0,6,False,3,1.3787834934861753,0.49113258984568253,C1152553,False,,,,,,,,
mm_0191008,Mistral-7B-Instruct-v0.1,0.0,0.8320696949958801,sapbert_full_len3,7,7,0,6,False,2,0.9852281360342515,0.35094534299644053,C1152553,False,,,,,,,,
mm_0191008,PubMedBERT,0.0,1.0,sapbert_full_len3,7,7,0,6,False,1,-0.0,-0.0,C1839576,True,7.0,1.0,"{""C1839576"": 7}",-0.0,-0.0,0.0,C1839576,0.0
mm_0191715,BERT-base,0.0,1.0,sapbert_full_len3,5,5,0,4,False,2,0.9709505944546686,0.4181656600790516,C0752046,False,5.0,2.0,"{""UMLS:C1257990"": 2, ""UMLS:C0752046"": 3}",0.9709505944546686,0.4181656600790516,0.0,UMLS:C0752046,0.0
mm_0191715,BioBERT,0.0,1.0,sapbert_full_len3,5,5,0,4,False,2,0.9709505944546686,0.4181656600790516,C0265267,False,5.0,2.0,"{""C0265267"": 3, ""C1447749"": 2}",0.9709505944546686,0.4181656600790516,0.0,C0265267,0.0
mm_0191715,BioMistral-7B,0.0,1.0,sapbert_full_len3,5,5,0,4,False,1,-0.0,-0.0,C4049925,True,,,,,,,,
mm_0191715,FLAN-T5-base,0.0,1.0000001192092896,sapbert_full_len3,5,5,0,4,False,2,0.9709505944546686,0.4181656600790516,C0042333,False,,,,,,,,
mm_0191715,Llama3-OpenBioLLM-8B,0.0,0.9999999403953552,sapbert_full_len3,5,5,0,4,False,1,-0.0,-0.0,C0042333,True,,,,,,,,
mm_0191715,Meta-Llama-3-8B-Instruct,0.0,0.9999999403953552,sapbert_full_len3,5,5,0,4,False,1,-0.0,-0.0,C0042333,True,,,,,,,,
mm_0191715,Mistral-7B-Instruct-v0.1,0.0,0.9999999403953552,sapbert_full_len3,5,5,0,4,False,1,-0.0,-0.0,C0042333,True,,,,,,,,
mm_0191715,PubMedBERT,0.0,1.0,sapbert_full_len3,5,5,0,4,False,1,-0.0,-0.0,C1447749,True,5.0,1.0,"{""C1447749"": 5}",-0.0,-0.0,0.0,C1447749,0.0
mm_0192165,BERT-base,0.0,1.0,sapbert_full_len3,5,5,0,4,False,2,0.7219280948873623,0.31091750708257115,C1257990,False,5.0,2.0,"{""UMLS:C1257990"": 4, ""UMLS:C0232772"": 1}",0.7219280948873623,0.3109175070825711,0.0,UMLS:C1257990,0.0
mm_0192165,BioBERT,0.0,1.0,sapbert_full_len3,5,5,0,4,False,2,0.7219280948873623,0.31091750708257115,C0032914,False,5.0,2.0,"{""C0032914"": 4, ""C1700928"": 1}",0.7219280948873623,0.3109175070825711,0.0,C0032914,0.0
mm_0192165,BioMistral-7B,0.0,1.0,sapbert_full_len3,5,5,0,4,False,3,1.5219280948873621,0.6554587535412855,C0175693,False,,,,,,,,
mm_0192165,FLAN-T5-base,0.0,0.9999998807907104,sapbert_full_len3,5,5,0,4,False,1,-0.0,-0.0,C0020541,True,,,,,,,,
mm_0192165,Llama3-OpenBioLLM-8B,0.0,0.9999996423721312,sapbert_full_len3,5,5,0,4,False,3,1.3709505944546687,0.5904362833084089,C0020541,False,,,,,,,,
mm_0192165,Meta-Llama-3-8B-Instruct,0.0,1.0,sapbert_full_len3,5,5,0,4,False,1,-0.0,-0.0,C0020541,True,,,,,,,,
mm_0192165,Mistral-7B-Instruct-v0.1,0.0,0.9999998807907104,sapbert_full_len3,5,5,0,4,False,1,-0.0,-0.0,C0020541,True,,,,,,,,
mm_0192165,PubMedBERT,0.0,1.0,sapbert_full_len3,5,5,0,4,False,2,0.7219280948873623,0.31091750708257115,C1839576,False,5.0,2.0,"{""C1839576"": 4, ""C1447749"": 1}",0.7219280948873623,0.3109175070825711,0.0,C1839576,0.0
mm_0193015,BERT-base,0.0,1.0,sapbert_full_len3,5,5,0,4,False,2,0.7219280948873623,0.31091750708257115,C0265267,False,5.0,2.0,"{""C0265267"": 4, ""UMLS:C1257990"": 1}",0.7219280948873623,0.3109175070825711,0.0,C0265267,0.0
mm_0193015,BioBERT,0.0,1.0,sapbert_full_len3,5,5,0,4,False,2,0.9709505944546686,0.4181656600790516,C1868801,False,5.0,2.0,"{""C1868801"": 3, ""C0265267"": 2}",0.9709505944546686,0.4181656600790516,0.0,C1868801,0.0
mm_0193015,BioMistral-7B,0.0,0.9999999403953552,sapbert_full_len3,5,5,0,4,False,1,-0.0,-0.0,C0019080,True,,,,,,,,
mm_0193015,FLAN-T5-base,0.0,0.9999999403953552,sapbert_full_len3,5,5,0,4,False,1,-0.0,-0.0,C0019080,True,,,,,,,,
mm_0193015,Llama3-OpenBioLLM-8B,0.0,0.7776634693145752,sapbert_full_len3,5,5,0,4,False,2,0.9709505944546686,0.4181656600790516,C0019080,False,,,,,,,,
mm_0193015,Meta-Llama-3-8B-Instruct,0.0,0.9999999403953552,sapbert_full_len3,5,5,0,4,False,1,-0.0,-0.0,C0019080,True,,,,,,,,
mm_0193015,Mistral-7B-Instruct-v0.1,0.0,1.0,sapbert_full_len3,5,5,0,4,False,1,-0.0,-0.0,C0019080,True,,,,,,,,
mm_0193015,PubMedBERT,0.0,1.0,sapbert_full_len3,5,5,0,4,False,1,-0.0,-0.0,C1839576,True,5.0,1.0,"{""C1839576"": 5}",-0.0,-0.0,0.0,C1839576,0.0
mm_0193331,BERT-base,0.0,1.0,sapbert_full_len3,5,5,0,4,False,3,1.3709505944546687,0.5904362833084089,C0242193,False,5.0,3.0,"{""C0030201"": 1, ""UMLS:C0242193"": 3, ""C0005976"": 1}",1.3709505944546687,0.5904362833084089,0.0,UMLS:C0242193,1.0
mm_0193331,BioBERT,0.0,1.0,sapbert_full_len3,5,5,0,4,False,1,-0.0,-0.0,C0376671,True,5.0,1.0,"{""C0376671"": 5}",-0.0,-0.0,0.0,C0376671,0.0
mm_0193331,BioMistral-7B,0.0,0.8435762524604797,sapbert_full_len3,5,5,0,4,False,3,1.5219280948873621,0.6554587535412855,C0376495,False,,,,,,,,
mm_0193331,FLAN-T5-base,0.0,1.0,sapbert_full_len3,5,5,0,4,False,2,0.9709505944546686,0.4181656600790516,C0376495,False,,,,,,,,
mm_0193331,Llama3-OpenBioLLM-8B,0.0,1.0,sapbert_full_len3,5,5,0,4,False,4,1.9219280948873623,0.8277293767706428,C0001758,False,,,,,,,,
mm_0193331,Meta-Llama-3-8B-Instruct,0.0,1.0,sapbert_full_len3,5,5,0,4,False,2,0.9709505944546686,0.4181656600790516,C0376495,False,,,,,,,,
mm_0193331,Mistral-7B-Instruct-v0.1,0.0,0.9999998807907104,sapbert_full_len3,5,5,0,4,False,2,0.9709505944546686,0.4181656600790516,C0376495,False,,,,,,,,
mm_0193331,PubMedBERT,0.0,1.0,sapbert_full_len3,5,5,0,4,False,2,0.7219280948873623,0.31091750708257115,C1839576,False,5.0,2.0,"{""C1839576"": 4, ""UMLS:C1707887"": 1}",0.7219280948873623,0.3109175070825711,0.0,C1839576,0.0
mm_0193351,BERT-base,0.0,1.0,sapbert_full_len3,6,6,0,5,False,3,1.584962500721156,0.6131471927654584,C2350390,False,6.0,3.0,"{""UMLS:C2350390"": 2, ""C0079172"": 2, ""C1447749"": 2}",1.584962500721156,0.6131471927654584,0.0,UMLS:C2350390,1.0
mm_0193351,BioBERT,0.0,1.0,sapbert_full_len3,6,6,0,5,False,1,-0.0,-0.0,C0376671,True,6.0,1.0,"{""C0376671"": 6}",-0.0,-0.0,0.0,C0376671,0.0
mm_0193351,BioMistral-7B,0.0,0.845721423625946,sapbert_full_len3,6,6,0,5,False,3,1.584962500721156,0.6131471927654584,C4299009,False,,,,,,,,
mm_0193351,FLAN-T5-base,0.0,0.9999999403953552,sapbert_full_len3,6,6,0,5,False,4,1.9182958340544896,0.7420981285103057,C0398939,False,,,,,,,,
mm_0193351,Llama3-OpenBioLLM-8B,0.0,0.7043830752372742,sapbert_full_len3,6,6,0,5,False,4,1.9182958340544896,0.7420981285103057,C0031740,False,,,,,,,,
mm_0193351,Meta-Llama-3-8B-Instruct,0.0,1.0,sapbert_full_len3,6,6,0,5,False,2,0.6500224216483541,0.25146299858006066,C0031740,False,,,,,,,,
mm_0193351,Mistral-7B-Instruct-v0.1,0.0,0.9999998211860656,sapbert_full_len3,6,6,0,5,False,1,-0.0,-0.0,C0031740,True,,,,,,,,
mm_0193351,PubMedBERT,0.0,1.0,sapbert_full_len3,6,6,0,5,False,3,1.4591479170272446,0.5644754678724235,C1839576,False,6.0,3.0,"{""C1839576"": 3, ""C1447749"": 1, ""UMLS:C1257990"": 2}",1.4591479170272446,0.5644754678724235,0.0,C1839576,1.0
mm_0193717,BERT-base,0.0,1.0,sapbert_full_len3,5,5,0,4,False,1,-0.0,-0.0,C0242193,True,5.0,1.0,"{""UMLS:C0242193"": 5}",-0.0,-0.0,0.0,UMLS:C0242193,0.0
mm_0193717,BioBERT,0.0,1.0,sapbert_full_len3,5,5,0,4,False,2,0.9709505944546686,0.4181656600790516,C0242193,False,5.0,2.0,"{""UMLS:C0242193"": 3, ""C1839576"": 2}",0.9709505944546686,0.4181656600790516,0.0,UMLS:C0242193,0.0
mm_0193717,BioMistral-7B,0.0,1.0000001192092896,sapbert_full_len3,5,5,0,4,False,2,0.9709505944546686,0.4181656600790516,C0007222,False,,,,,,,,
mm_0193717,FLAN-T5-base,0.0,1.0,sapbert_full_len3,5,5,0,4,False,1,-0.0,-0.0,C1623258,True,,,,,,,,
mm_0193717,Llama3-OpenBioLLM-8B,0.0,0.9999997615814208,sapbert_full_len3,5,5,0,4,False,2,0.9709505944546686,0.4181656600790516,C1623258,False,,,,,,,,
mm_0193717,Meta-Llama-3-8B-Instruct,0.0,1.0,sapbert_full_len3,5,5,0,4,False,1,-0.0,-0.0,C0007222,True,,,,,,,,
mm_0193717,Mistral-7B-Instruct-v0.1,0.0,0.9999996423721312,sapbert_full_len3,5,5,0,4,False,2,0.9709505944546686,0.4181656600790516,C0007222,False,,,,,,,,
mm_0193717,PubMedBERT,0.0,1.0,sapbert_full_len3,5,5,0,4,False,1,-0.0,-0.0,C1839576,True,5.0,1.0,"{""C1839576"": 5}",-0.0,-0.0,0.0,C1839576,0.0
mm_0194015,BERT-base,0.0,1.0,sapbert_full_len3,9,9,0,8,False,3,1.4355205042826666,0.4528562990069186,C1283169,False,9.0,3.0,"{""UMLS:C0242193"": 2, ""UMLS:C1283169"": 5, ""UMLS:C0358514"": 2}",1.4355205042826666,0.4528562990069186,0.0,UMLS:C1283169,0.0
mm_0194015,BioBERT,0.0,1.0,sapbert_full_len3,9,9,0,8,False,4,1.8910611120726526,0.5965633607142825,C0027609,False,9.0,4.0,"{""C0027609"": 3, ""C1447749"": 3, ""UMLS:C1707887"": 2, ""C1309905"": 1}",1.8910611120726528,0.5965633607142825,0.0,C0027609,1.0
mm_0194015,BioMistral-7B,0.0,0.9999998807907104,sapbert_full_len3,9,9,0,8,False,1,-0.0,-0.0,C0000545,True,,,,,,,,
mm_0194015,FLAN-T5-base,1.0,1.0,sapbert_full_len3,9,9,0,8,False,2,0.9910760598382222,0.3126496871021503,C0038435,False,,,,,,,,
mm_0194015,Llama3-OpenBioLLM-8B,1.0,0.9999999403953552,sapbert_full_len3,9,9,0,8,False,2,0.7642045065086203,0.24107968048484052,C0035648,False,,,,,,,,
mm_0194015,Meta-Llama-3-8B-Instruct,1.0,0.9999999403953552,sapbert_full_len3,9,9,0,8,False,1,-0.0,-0.0,C0038435,True,,,,,,,,
mm_0194015,Mistral-7B-Instruct-v0.1,1.0,1.0,sapbert_full_len3,9,9,0,8,False,1,-0.0,-0.0,C0038435,True,,,,,,,,
mm_0194015,PubMedBERT,0.0,1.0,sapbert_full_len3,9,9,0,8,False,2,0.7642045065086203,0.24107968048484052,C1447749,False,9.0,2.0,"{""C1447749"": 7, ""C1839576"": 2}",0.7642045065086203,0.2410796804848405,0.0,C1447749,0.0
mm_0194562,BERT-base,0.0,1.0,sapbert_full_len3,5,5,0,4,False,2,0.7219280948873623,0.31091750708257115,C1447749,False,5.0,2.0,"{""C1447749"": 4, ""UMLS:C1257990"": 1}",0.7219280948873623,0.3109175070825711,0.0,C1447749,0.0
mm_0194562,BioBERT,0.0,1.0,sapbert_full_len3,5,5,0,4,False,1,-0.0,-0.0,C1257990,True,5.0,1.0,"{""UMLS:C1257990"": 5}",-0.0,-0.0,0.0,UMLS:C1257990,0.0
mm_0194562,BioMistral-7B,0.0,0.9999996423721312,sapbert_full_len3,5,5,0,4,False,2,0.7219280948873623,0.31091750708257115,C1412149,False,,,,,,,,
mm_0194562,FLAN-T5-base,0.0,0.9999998211860656,sapbert_full_len3,5,5,0,4,False,3,1.5219280948873621,0.6554587535412855,C0001271,False,,,,,,,,
mm_0194562,Llama3-OpenBioLLM-8B,0.0,0.9999996423721312,sapbert_full_len3,5,5,0,4,False,3,1.5219280948873621,0.6554587535412855,C3158583,False,,,,,,,,
mm_0194562,Meta-Llama-3-8B-Instruct,0.0,0.9999997615814208,sapbert_full_len3,5,5,0,4,False,2,0.9709505944546686,0.4181656600790516,C3158583,False,,,,,,,,
mm_0194562,Mistral-7B-Instruct-v0.1,0.0,0.9999997615814208,sapbert_full_len3,5,5,0,4,False,2,0.9709505944546686,0.4181656600790516,C3158583,False,,,,,,,,
mm_0194562,PubMedBERT,0.0,1.0,sapbert_full_len3,5,5,0,4,False,2,0.7219280948873623,0.31091750708257115,C1447749,False,5.0,2.0,"{""C1370369"": 1, ""C1447749"": 4}",0.7219280948873623,0.3109175070825711,0.0,C1447749,0.0
mm_0195338,BERT-base,0.0,1.0,sapbert_full_len3,7,7,0,6,False,3,1.3787834934861753,0.49113258984568253,C0444254,False,7.0,3.0,"{""UMLS:C0444254"": 4, ""C1706962"": 1, ""C2985410"": 2}",1.3787834934861751,0.4911325898456825,0.0,UMLS:C0444254,0.0
mm_0195338,BioBERT,0.0,1.0,sapbert_full_len3,7,7,0,6,False,1,-0.0,-0.0,C1257990,True,7.0,1.0,"{""UMLS:C1257990"": 7}",-0.0,-0.0,0.0,UMLS:C1257990,0.0
mm_0195338,BioMistral-7B,0.0,0.9999991655349731,sapbert_full_len3,7,7,0,6,False,2,0.5916727785823275,0.21075809614719848,C0009932,False,,,,,,,,
mm_0195338,FLAN-T5-base,0.0,1.0,sapbert_full_len3,7,7,0,6,False,3,1.4488156357251847,0.516078542239789,C0162574,False,,,,,,,,
mm_0195338,Llama3-OpenBioLLM-8B,1.0,1.0,sapbert_full_len3,7,7,0,6,False,2,0.863120568566631,0.30744974986419643,C0027361,False,,,,,,,,
mm_0195338,Meta-Llama-3-8B-Instruct,0.0,1.0,sapbert_full_len3,7,7,0,6,False,1,-0.0,-0.0,C4264318,True,,,,,,,,
mm_0195338,Mistral-7B-Instruct-v0.1,0.0,1.0,sapbert_full_len3,7,7,0,6,False,1,-0.0,-0.0,C0162574,True,,,,,,,,
mm_0195338,PubMedBERT,0.0,1.0,sapbert_full_len3,7,7,0,6,False,1,-0.0,-0.0,C1839576,True,7.0,1.0,"{""C1839576"": 7}",-0.0,-0.0,0.0,C1839576,0.0
mm_0196116,BERT-base,0.0,1.0,sapbert_full_len3,4,4,0,3,False,1,-0.0,-0.0,C1312419,True,4.0,1.0,"{""C1312419"": 4}",-0.0,-0.0,0.0,C1312419,0.0
mm_0196116,BioBERT,0.0,1.0,sapbert_full_len3,4,4,0,3,False,1,-0.0,-0.0,C1312419,True,4.0,1.0,"{""C1312419"": 4}",-0.0,-0.0,0.0,C1312419,0.0
mm_0196116,BioMistral-7B,0.0,0.9999998807907104,sapbert_full_len3,4,4,0,3,False,1,-0.0,-0.0,C0005740,True,,,,,,,,
mm_0196116,FLAN-T5-base,0.0,0.9999998807907104,sapbert_full_len3,4,4,0,3,False,1,-0.0,-0.0,C0005740,True,,,,,,,,
mm_0196116,Llama3-OpenBioLLM-8B,0.0,0.9999998211860656,sapbert_full_len3,4,4,0,3,False,3,1.5,0.75,C0013216,False,,,,,,,,
mm_0196116,Meta-Llama-3-8B-Instruct,1.0,0.7446078062057495,sapbert_full_len3,4,4,0,3,False,2,1.0,0.5,C0162326,False,,,,,,,,
mm_0196116,Mistral-7B-Instruct-v0.1,0.0,1.0,sapbert_full_len3,4,4,0,3,False,1,-0.0,-0.0,C0005740,True,,,,,,,,
mm_0196116,PubMedBERT,0.0,1.0,sapbert_full_len3,4,4,0,3,False,1,-0.0,-0.0,C1447749,True,4.0,1.0,"{""C1447749"": 4}",-0.0,-0.0,0.0,C1447749,0.0
mm_0196264,BERT-base,0.0,1.0,sapbert_full_len3,6,6,0,5,False,2,0.9182958340544896,0.355245321275764,C1257990,False,6.0,2.0,"{""C1447749"": 2, ""UMLS:C1257990"": 4}",0.9182958340544896,0.355245321275764,0.0,UMLS:C1257990,0.0
mm_0196264,BioBERT,0.0,1.0,sapbert_full_len3,6,6,0,5,False,1,-0.0,-0.0,C1257990,True,6.0,1.0,"{""UMLS:C1257990"": 6}",-0.0,-0.0,0.0,UMLS:C1257990,0.0
mm_0196264,BioMistral-7B,0.0,1.0,sapbert_full_len3,6,6,0,5,False,1,-0.0,-0.0,C1415468,True,,,,,,,,
mm_0196264,FLAN-T5-base,0.0,1.0,sapbert_full_len3,6,6,0,5,False,2,0.6500224216483541,0.25146299858006066,C1415468,False,,,,,,,,
mm_0196264,Llama3-OpenBioLLM-8B,0.0,1.0,sapbert_full_len3,6,6,0,5,False,3,1.584962500721156,0.6131471927654584,C0041904,False,,,,,,,,
mm_0196264,Meta-Llama-3-8B-Instruct,0.0,0.8027536273002625,sapbert_full_len3,6,6,0,5,False,2,0.9182958340544896,0.355245321275764,C1415468,False,,,,,,,,
mm_0196264,Mistral-7B-Instruct-v0.1,0.0,0.9999998211860656,sapbert_full_len3,6,6,0,5,False,1,-0.0,-0.0,C1415468,True,,,,,,,,
mm_0196264,PubMedBERT,0.0,1.0,sapbert_full_len3,6,6,0,5,False,1,-0.0,-0.0,C1447749,True,6.0,1.0,"{""C1447749"": 6}",-0.0,-0.0,0.0,C1447749,0.0
mm_0196838,BERT-base,0.0,1.0,sapbert_full_len3,8,8,0,7,False,1,-0.0,-0.0,C1257990,True,8.0,1.0,"{""UMLS:C1257990"": 8}",-0.0,-0.0,0.0,UMLS:C1257990,0.0
mm_0196838,BioBERT,0.0,1.0,sapbert_full_len3,8,8,0,7,False,1,-0.0,-0.0,C1447749,True,8.0,1.0,"{""C1447749"": 8}",-0.0,-0.0,0.0,C1447749,0.0
mm_0196838,BioMistral-7B,0.0,0.8633868098258972,sapbert_full_len3,8,8,0,7,False,1,-0.0,-0.0,C0067320,True,,,,,,,,
mm_0196838,FLAN-T5-base,0.0,0.8633868098258972,sapbert_full_len3,8,8,0,7,False,1,-0.0,-0.0,C0067320,True,,,,,,,,
mm_0196838,Llama3-OpenBioLLM-8B,0.0,0.9999997615814208,sapbert_full_len3,8,8,0,7,False,2,0.954434002924965,0.318144667641655,C6016633,False,,,,,,,,
mm_0196838,Meta-Llama-3-8B-Instruct,0.0,0.7289314270019531,sapbert_full_len3,8,8,0,7,False,3,1.5,0.5,C0067320,False,,,,,,,,
mm_0196838,Mistral-7B-Instruct-v0.1,0.0,0.8634095788002014,sapbert_full_len3,8,8,0,7,False,2,0.8112781244591328,0.2704260414863776,C0067320,False,,,,,,,,
mm_0196838,PubMedBERT,0.0,1.0,sapbert_full_len3,8,8,0,7,False,1,-0.0,-0.0,C1447749,True,8.0,1.0,"{""C1447749"": 8}",-0.0,-0.0,0.0,C1447749,0.0
mm_0197067,BERT-base,0.0,1.0,sapbert_full_len3,8,8,0,7,False,3,1.2987949406953985,0.43293164689846614,C0444254,False,8.0,3.0,"{""UMLS:C0444254"": 5, ""UMLS:C0242193"": 1, ""UMLS:C0441633"": 2}",1.2987949406953985,0.4329316468984661,0.25,UMLS:C0444254,0.0
mm_0197067,BioBERT,1.0,1.0,sapbert_full_len3,8,8,0,7,False,1,-0.0,-0.0,C0441633,True,8.0,1.0,"{""UMLS:C0441633"": 8}",-0.0,-0.0,1.0,UMLS:C0441633,0.0
mm_0197067,BioMistral-7B,0.0,0.8264365196228027,sapbert_full_len3,8,8,0,7,False,1,-0.0,-0.0,C0597368,True,,,,,,,,
mm_0197067,FLAN-T5-base,0.0,0.8406962752342224,sapbert_full_len3,8,8,0,7,False,2,0.5435644431995964,0.1811881477331988,C0597368,False,,,,,,,,
mm_0197067,Llama3-OpenBioLLM-8B,0.0,0.8264365196228027,sapbert_full_len3,8,8,0,7,False,3,1.061278124459133,0.353759374819711,C0597368,False,,,,,,,,
mm_0197067,Meta-Llama-3-8B-Instruct,0.0,0.8406928777694702,sapbert_full_len3,8,8,0,7,False,1,-0.0,-0.0,C0597368,True,,,,,,,,
mm_0197067,Mistral-7B-Instruct-v0.1,0.0,0.8406928777694702,sapbert_full_len3,8,8,0,7,False,1,-0.0,-0.0,C0597368,True,,,,,,,,
mm_0197067,PubMedBERT,1.0,1.0,sapbert_full_len3,8,8,0,7,False,1,-0.0,-0.0,C0441633,True,8.0,1.0,"{""UMLS:C0441633"": 8}",-0.0,-0.0,1.0,UMLS:C0441633,0.0
mm_0197241,BERT-base,0.0,1.0,sapbert_full_len3,6,6,0,5,False,2,0.9182958340544896,0.355245321275764,C0358514,False,6.0,2.0,"{""UMLS:C1707887"": 2, ""UMLS:C0358514"": 4}",0.9182958340544896,0.355245321275764,0.0,UMLS:C0358514,0.0
mm_0197241,BioBERT,0.0,1.0,sapbert_full_len3,6,6,0,5,False,1,-0.0,-0.0,C1707887,True,6.0,1.0,"{""UMLS:C1707887"": 6}",-0.0,-0.0,0.0,UMLS:C1707887,0.0
mm_0197241,BioMistral-7B,0.0,0.7987178564071655,sapbert_full_len3,6,6,0,5,False,1,-0.0,-0.0,C3810549,True,,,,,,,,
mm_0197241,FLAN-T5-base,0.0,0.9999998807907104,sapbert_full_len3,6,6,0,5,False,1,-0.0,-0.0,C0600688,True,,,,,,,,
mm_0197241,Llama3-OpenBioLLM-8B,0.0,0.8101459741592407,sapbert_full_len3,6,6,0,5,False,2,0.6500224216483541,0.25146299858006066,C0274829,False,,,,,,,,
mm_0197241,Meta-Llama-3-8B-Instruct,0.0,0.9999998807907104,sapbert_full_len3,6,6,0,5,False,1,-0.0,-0.0,C0600688,True,,,,,,,,
mm_0197241,Mistral-7B-Instruct-v0.1,0.0,0.9999998211860656,sapbert_full_len3,6,6,0,5,False,2,0.9182958340544896,0.355245321275764,C0600688,False,,,,,,,,
mm_0197241,PubMedBERT,0.0,1.0,sapbert_full_len3,6,6,0,5,False,1,-0.0,-0.0,C1839576,True,6.0,1.0,"{""C1839576"": 6}",-0.0,-0.0,0.0,C1839576,0.0
mm_0197765,BERT-base,0.0,1.0,sapbert_full_len3,7,7,0,6,False,1,-0.0,-0.0,C1257990,True,7.0,1.0,"{""UMLS:C1257990"": 7}",-0.0,-0.0,0.0,UMLS:C1257990,0.0
mm_0197765,BioBERT,0.0,1.0,sapbert_full_len3,7,7,0,6,False,1,-0.0,-0.0,C1257990,True,7.0,1.0,"{""UMLS:C1257990"": 7}",-0.0,-0.0,0.0,UMLS:C1257990,0.0
mm_0197765,BioMistral-7B,0.0,1.0,sapbert_full_len3,7,7,0,6,False,1,-0.0,-0.0,C1312689,True,,,,,,,,
mm_0197765,FLAN-T5-base,0.0,1.0,sapbert_full_len3,7,6,1,6,False,2,0.9182958340544896,0.3271035759815648,C1312689,False,,,,,,,,
mm_0197765,Llama3-OpenBioLLM-8B,0.0,0.9999999403953552,sapbert_full_len3,7,7,0,6,False,2,0.5916727785823275,0.21075809614719848,C0017262,False,,,,,,,,
mm_0197765,Meta-Llama-3-8B-Instruct,0.0,0.9439362287521362,sapbert_full_len3,7,7,0,6,False,1,-0.0,-0.0,C1312689,True,,,,,,,,
mm_0197765,Mistral-7B-Instruct-v0.1,0.0,0.9999998807907104,sapbert_full_len3,7,7,0,6,False,1,-0.0,-0.0,C1312689,True,,,,,,,,
mm_0197765,PubMedBERT,0.0,1.0,sapbert_full_len3,7,7,0,6,False,1,-0.0,-0.0,C1257990,True,7.0,1.0,"{""UMLS:C1257990"": 7}",-0.0,-0.0,0.0,UMLS:C1257990,0.0
mm_0198299,BERT-base,0.0,1.0,sapbert_full_len3,7,7,0,6,False,1,-0.0,-0.0,C1257990,True,7.0,1.0,"{""UMLS:C1257990"": 7}",-0.0,-0.0,0.0,UMLS:C1257990,0.0
mm_0198299,BioBERT,1.0,1.0,sapbert_full_len3,7,7,0,6,False,2,0.863120568566631,0.30744974986419643,C1432679,False,7.0,2.0,"{""UMLS:C1432679"": 5, ""C0075128"": 2}",0.863120568566631,0.3074497498641964,0.7142857142857143,UMLS:C1432679,0.0
mm_0198299,BioMistral-7B,0.0,0.9387853741645812,sapbert_full_len3,7,7,0,6,False,1,-0.0,-0.0,C1883036,True,,,,,,,,
mm_0198299,FLAN-T5-base,0.0,0.9387853741645812,sapbert_full_len3,7,7,0,6,False,1,-0.0,-0.0,C1883036,True,,,,,,,,
mm_0198299,Llama3-OpenBioLLM-8B,0.0,1.0,sapbert_full_len3,7,7,0,6,False,1,-0.0,-0.0,C0003250,True,,,,,,,,
mm_0198299,Meta-Llama-3-8B-Instruct,0.0,1.0000001192092896,sapbert_full_len3,7,7,0,6,False,3,1.1488348542809166,0.4092232318950598,C0021083,False,,,,,,,,
mm_0198299,Mistral-7B-Instruct-v0.1,0.0,0.9999998807907104,sapbert_full_len3,7,7,0,6,False,2,0.9852281360342515,0.35094534299644053,C0003250,False,,,,,,,,
mm_0198299,PubMedBERT,0.0,1.0,sapbert_full_len3,7,7,0,6,False,2,0.863120568566631,0.30744974986419643,C1431322,False,7.0,2.0,"{""C1431322"": 5, ""C1447749"": 2}",0.863120568566631,0.3074497498641964,0.0,C1431322,0.0
mm_0198407,BERT-base,0.0,1.0,sapbert_full_len3,9,9,0,8,False,1,-0.0,-0.0,C0242193,True,9.0,1.0,"{""UMLS:C0242193"": 9}",-0.0,-0.0,0.0,UMLS:C0242193,0.0
mm_0198407,BioBERT,0.0,1.0,sapbert_full_len3,9,9,0,8,False,3,1.5304930567574826,0.4828168035714126,C1447749,False,9.0,3.0,"{""C0027609"": 2, ""UMLS:C1707887"": 3, ""C1447749"": 4}",1.5304930567574826,0.4828168035714126,0.0,C1447749,0.0
mm_0198407,BioMistral-7B,0.0,0.9999998807907104,sapbert_full_len3,9,9,0,8,False,4,1.6577427265048887,0.5229596049593027,C0005684,False,,,,,,,,
mm_0198407,FLAN-T5-base,0.0,0.9999998807907104,sapbert_full_len3,9,9,0,8,False,1,-0.0,-0.0,C0005684,True,,,,,,,,
mm_0198407,Llama3-OpenBioLLM-8B,0.0,1.0,sapbert_full_len3,9,9,0,8,False,5,2.197159723424149,0.693126721428565,C0010362,False,,,,,,,,
mm_0198407,Meta-Llama-3-8B-Instruct,0.0,0.9999998807907104,sapbert_full_len3,9,9,0,8,False,2,0.7642045065086203,0.24107968048484052,C0005684,False,,,,,,,,
mm_0198407,Mistral-7B-Instruct-v0.1,0.0,0.9999997615814208,sapbert_full_len3,9,9,0,8,False,2,0.9182958340544896,0.2896900821428475,C0005684,False,,,,,,,,
mm_0198407,PubMedBERT,0.0,1.0,sapbert_full_len3,9,9,0,8,False,3,1.3516441151533922,0.4263962442450202,C1431322,False,9.0,3.0,"{""C1431322"": 5, ""C1839576"": 3, ""C1447749"": 1}",1.3516441151533922,0.4263962442450202,0.0,C1431322,0.0
mm_0198476,BERT-base,0.0,1.0,sapbert_full_len3,5,5,0,4,False,1,-0.0,-0.0,C1447749,True,5.0,1.0,"{""C1447749"": 5}",-0.0,-0.0,0.0,C1447749,0.0
mm_0198476,BioBERT,0.0,1.0,sapbert_full_len3,5,5,0,4,False,1,-0.0,-0.0,C1257990,True,5.0,1.0,"{""UMLS:C1257990"": 5}",-0.0,-0.0,0.0,UMLS:C1257990,0.0
mm_0198476,BioMistral-7B,0.0,1.0,sapbert_full_len3,5,5,0,4,False,2,0.9709505944546686,0.4181656600790516,C0014912,False,,,,,,,,
mm_0198476,FLAN-T5-base,1.0,1.0,sapbert_full_len3,5,5,0,4,False,2,0.9709505944546686,0.4181656600790516,C0038435,False,,,,,,,,
mm_0198476,Llama3-OpenBioLLM-8B,0.0,0.9999998807907104,sapbert_full_len3,5,5,0,4,False,2,0.7219280948873623,0.31091750708257115,C0279494,False,,,,,,,,
mm_0198476,Meta-Llama-3-8B-Instruct,0.0,1.0,sapbert_full_len3,5,5,0,4,False,1,-0.0,-0.0,C0014912,True,,,,,,,,
mm_0198476,Mistral-7B-Instruct-v0.1,1.0,1.0,sapbert_full_len3,5,5,0,4,False,2,0.9709505944546686,0.4181656600790516,C0038435,False,,,,,,,,
mm_0198476,PubMedBERT,0.0,1.0,sapbert_full_len3,5,5,0,4,False,1,-0.0,-0.0,C1447749,True,5.0,1.0,"{""C1447749"": 5}",-0.0,-0.0,0.0,C1447749,0.0
mm_0198970,BERT-base,1.0,1.0,sapbert_full_len3,6,6,0,5,False,2,0.9182958340544896,0.355245321275764,C0393786,False,6.0,3.0,"{""C0393786"": 3, ""UMLS:C0393786"": 1, ""C1447749"": 2}",1.4591479170272446,0.5644754678724235,0.1666666666666666,C0393786,1.0
mm_0198970,BioBERT,1.0,1.0,sapbert_full_len3,6,6,0,5,False,3,1.4591479170272446,0.5644754678724235,C0393786,False,6.0,4.0,"{""UMLS:C0393786"": 2, ""C1447749"": 1, ""C0393786"": 1, ""C1839576"": 2}",1.9182958340544896,0.7420981285103057,0.3333333333333333,UMLS:C0393786,1.0
mm_0198970,BioMistral-7B,0.0,1.0000001192092896,sapbert_full_len3,6,6,0,5,False,1,-0.0,-0.0,C0040997,True,,,,,,,,
mm_0198970,FLAN-T5-base,0.0,0.9999998211860656,sapbert_full_len3,6,6,0,5,False,3,1.584962500721156,0.6131471927654584,C0332240,False,,,,,,,,
mm_0198970,Llama3-OpenBioLLM-8B,0.0,0.9999998807907104,sapbert_full_len3,6,6,0,5,False,3,1.4591479170272448,0.5644754678724236,C0086330,False,,,,,,,,
mm_0198970,Meta-Llama-3-8B-Instruct,0.0,1.0000001192092896,sapbert_full_len3,6,6,0,5,False,2,0.9182958340544896,0.355245321275764,C0040997,False,,,,,,,,
mm_0198970,Mistral-7B-Instruct-v0.1,0.0,0.9999998807907104,sapbert_full_len3,6,6,0,5,False,2,0.6500224216483541,0.25146299858006066,C0086330,False,,,,,,,,
mm_0198970,PubMedBERT,0.0,1.0,sapbert_full_len3,6,6,0,5,False,2,0.6500224216483541,0.25146299858006066,C1447749,False,6.0,2.0,"{""C1447749"": 5, ""C1839576"": 1}",0.6500224216483541,0.2514629985800606,0.0,C1447749,0.0
mm_0199321,BERT-base,0.0,1.0,sapbert_full_len3,7,7,0,6,False,2,0.863120568566631,0.30744974986419643,C0282597,False,7.0,2.0,"{""C0282597"": 5, ""UMLS:C0032521"": 2}",0.863120568566631,0.3074497498641964,0.0,C0282597,0.0
mm_0199321,BioBERT,0.0,1.0,sapbert_full_len3,7,7,0,6,False,1,-0.0,-0.0,C1707887,True,7.0,1.0,"{""UMLS:C1707887"": 7}",-0.0,-0.0,0.0,UMLS:C1707887,0.0
mm_0199321,BioMistral-7B,1.0,0.999999701976776,sapbert_full_len3,7,7,0,6,False,1,-0.0,-0.0,C0043491,True,,,,,,,,
mm_0199321,FLAN-T5-base,1.0,1.0,sapbert_full_len3,7,7,0,6,False,1,-0.0,-0.0,C0043491,True,,,,,,,,
mm_0199321,Llama3-OpenBioLLM-8B,1.0,0.7071652412414551,sapbert_full_len3,7,7,0,6,False,1,-0.0,-0.0,C0043491,True,,,,,,,,
mm_0199321,Meta-Llama-3-8B-Instruct,1.0,1.0,sapbert_full_len3,7,7,0,6,False,1,-0.0,-0.0,C0043491,True,,,,,,,,
mm_0199321,Mistral-7B-Instruct-v0.1,1.0,0.7071652412414551,sapbert_full_len3,7,7,0,6,False,1,-0.0,-0.0,C0043491,True,,,,,,,,
mm_0199321,PubMedBERT,0.0,1.0,sapbert_full_len3,7,7,0,6,False,3,1.1488348542809166,0.4092232318950598,C1257990,False,7.0,3.0,"{""UMLS:C1257990"": 5, ""C1839576"": 1, ""C1447749"": 1}",1.1488348542809166,0.4092232318950598,0.0,UMLS:C1257990,0.0
mm_0199585,BERT-base,0.0,1.0,sapbert_full_len3,8,8,0,7,False,3,1.2987949406953985,0.43293164689846614,C1257990,False,8.0,3.0,"{""C1312419"": 2, ""UMLS:C1257990"": 5, ""C1447749"": 1}",1.2987949406953985,0.4329316468984661,0.0,UMLS:C1257990,0.0
mm_0199585,BioBERT,0.0,1.0,sapbert_full_len3,8,8,0,7,False,1,-0.0,-0.0,C0008396,True,8.0,1.0,"{""C0008396"": 8}",-0.0,-0.0,0.0,C0008396,0.0
mm_0199585,BioMistral-7B,0.0,1.0,sapbert_full_len3,8,8,0,7,False,2,0.954434002924965,0.318144667641655,C0598754,False,,,,,,,,
mm_0199585,FLAN-T5-base,0.0,0.9999998211860656,sapbert_full_len3,8,8,0,7,False,2,0.8112781244591328,0.2704260414863776,C0598754,False,,,,,,,,
mm_0199585,Llama3-OpenBioLLM-8B,0.0,0.9999998211860656,sapbert_full_len3,8,8,0,7,False,3,1.2987949406953985,0.43293164689846614,C0598754,False,,,,,,,,
mm_0199585,Meta-Llama-3-8B-Instruct,0.0,1.0,sapbert_full_len3,8,8,0,7,False,1,-0.0,-0.0,C0598754,True,,,,,,,,
mm_0199585,Mistral-7B-Instruct-v0.1,0.0,1.0,sapbert_full_len3,8,8,0,7,False,1,-0.0,-0.0,C0598754,True,,,,,,,,
mm_0199585,PubMedBERT,0.0,1.0,sapbert_full_len3,8,8,0,7,False,3,1.5,0.5,C1447749,False,8.0,3.0,"{""C1370369"": 2, ""C1447749"": 4, ""C0008396"": 2}",1.5,0.5,0.0,C1447749,1.0
mm_0199599,BERT-base,0.0,1.0,sapbert_full_len3,7,7,0,6,False,1,-0.0,-0.0,C1257990,True,7.0,1.0,"{""UMLS:C1257990"": 7}",-0.0,-0.0,0.0,UMLS:C1257990,0.0
mm_0199599,BioBERT,0.0,1.0,sapbert_full_len3,7,7,0,6,False,1,-0.0,-0.0,C1839576,True,7.0,1.0,"{""C1839576"": 7}",-0.0,-0.0,0.0,C1839576,0.0
mm_0199599,BioMistral-7B,0.0,1.0,sapbert_full_len3,7,7,0,6,False,1,-0.0,-0.0,C1366674,True,,,,,,,,
mm_0199599,FLAN-T5-base,0.0,1.0,sapbert_full_len3,7,7,0,6,False,1,-0.0,-0.0,C0022658,True,,,,,,,,
mm_0199599,Llama3-OpenBioLLM-8B,1.0,1.0,sapbert_full_len3,7,7,0,6,False,2,0.863120568566631,0.30744974986419643,C0005558,False,,,,,,,,
mm_0199599,Meta-Llama-3-8B-Instruct,0.0,1.0,sapbert_full_len3,7,7,0,6,False,2,0.5916727785823275,0.21075809614719848,C0403592,False,,,,,,,,
mm_0199599,Mistral-7B-Instruct-v0.1,1.0,1.0,sapbert_full_len3,7,7,0,6,False,1,-0.0,-0.0,C0005558,True,,,,,,,,
mm_0199599,PubMedBERT,0.0,1.0,sapbert_full_len3,7,7,0,6,False,1,-0.0,-0.0,C1839576,True,7.0,1.0,"{""C1839576"": 7}",-0.0,-0.0,0.0,C1839576,0.0
mm_0199662,BERT-base,0.0,1.0,sapbert_full_len3,5,5,0,4,False,2,0.9709505944546686,0.4181656600790516,C1283169,False,5.0,2.0,"{""UMLS:C1158849"": 2, ""UMLS:C1283169"": 3}",0.9709505944546686,0.4181656600790516,0.0,UMLS:C1283169,0.0
mm_0199662,BioBERT,0.0,1.0,sapbert_full_len3,5,5,0,4,False,2,0.7219280948873623,0.31091750708257115,C1447749,False,5.0,2.0,"{""C1447749"": 4, ""UMLS:C1707887"": 1}",0.7219280948873623,0.3109175070825711,0.0,C1447749,0.0
mm_0199662,BioMistral-7B,0.0,1.0,sapbert_full_len3,5,5,0,4,False,4,1.9219280948873623,0.8277293767706428,C0598783,False,,,,,,,,
mm_0199662,FLAN-T5-base,0.0,1.0000001192092896,sapbert_full_len3,5,5,0,4,False,3,1.3709505944546687,0.5904362833084089,C1428607,False,,,,,,,,
mm_0199662,Llama3-OpenBioLLM-8B,0.0,0.8754222989082336,sapbert_full_len3,5,5,0,4,False,3,1.5219280948873621,0.6554587535412855,C4235808,False,,,,,,,,
mm_0199662,Meta-Llama-3-8B-Instruct,0.0,1.0,sapbert_full_len3,5,5,0,4,False,4,1.9219280948873623,0.8277293767706428,C0030274,False,,,,,,,,
mm_0199662,Mistral-7B-Instruct-v0.1,0.0,0.9999998211860656,sapbert_full_len3,5,5,0,4,False,1,-0.0,-0.0,C0598783,True,,,,,,,,
mm_0199662,PubMedBERT,0.0,1.0,sapbert_full_len3,5,5,0,4,False,1,-0.0,-0.0,C1447749,True,5.0,1.0,"{""C1447749"": 5}",-0.0,-0.0,0.0,C1447749,0.0
mm_0199885,BERT-base,0.0,1.0,sapbert_full_len3,5,5,0,4,False,1,-0.0,-0.0,C1257990,True,5.0,1.0,"{""UMLS:C1257990"": 5}",-0.0,-0.0,0.0,UMLS:C1257990,0.0
mm_0199885,BioBERT,0.0,1.0,sapbert_full_len3,5,5,0,4,False,1,-0.0,-0.0,C1257990,True,5.0,1.0,"{""UMLS:C1257990"": 5}",-0.0,-0.0,0.0,UMLS:C1257990,0.0
mm_0199885,BioMistral-7B,0.0,0.9999998807907104,sapbert_full_len3,5,5,0,4,False,2,0.7219280948873623,0.31091750708257115,C0005961,False,,,,,,,,
mm_0199885,FLAN-T5-base,0.0,1.0,sapbert_full_len3,5,5,0,4,False,1,-0.0,-0.0,C1415525,True,,,,,,,,
mm_0199885,Llama3-OpenBioLLM-8B,0.0,0.9999997615814208,sapbert_full_len3,5,5,0,4,False,2,0.9709505944546686,0.4181656600790516,C0040113,False,,,,,,,,
mm_0199885,Meta-Llama-3-8B-Instruct,0.0,1.0,sapbert_full_len3,5,5,0,4,False,2,0.9709505944546686,0.4181656600790516,C1415525,False,,,,,,,,
mm_0199885,Mistral-7B-Instruct-v0.1,0.0,1.0,sapbert_full_len3,5,5,0,4,False,1,-0.0,-0.0,C0018133,True,,,,,,,,
mm_0199885,PubMedBERT,0.0,1.0,sapbert_full_len3,5,5,0,4,False,3,1.5219280948873621,0.6554587535412855,C1447749,False,5.0,3.0,"{""UMLS:C1423931"": 1, ""C1447749"": 2, ""C1839576"": 2}",1.521928094887362,0.6554587535412855,0.0,C1447749,1.0
mm_0200523,BERT-base,0.0,1.0,sapbert_full_len3,7,7,0,6,False,1,-0.0,-0.0,C3714500,True,7.0,1.0,"{""C3714500"": 7}",-0.0,-0.0,0.0,C3714500,0.0
mm_0200523,BioBERT,0.0,1.0,sapbert_full_len3,7,7,0,6,False,2,0.863120568566631,0.30744974986419643,C1257990,False,7.0,2.0,"{""UMLS:C1257990"": 5, ""C1839576"": 2}",0.863120568566631,0.3074497498641964,0.0,UMLS:C1257990,0.0
mm_0200523,BioMistral-7B,0.0,0.9999997615814208,sapbert_full_len3,7,7,0,6,False,1,-0.0,-0.0,C0001617,True,,,,,,,,
mm_0200523,FLAN-T5-base,0.0,0.9999997615814208,sapbert_full_len3,7,7,0,6,False,3,1.3787834934861753,0.49113258984568253,C0025677,False,,,,,,,,
mm_0200523,Llama3-OpenBioLLM-8B,1.0,1.0,sapbert_full_len3,7,7,0,6,False,2,0.9852281360342515,0.35094534299644053,C0001617,False,,,,,,,,
mm_0200523,Meta-Llama-3-8B-Instruct,1.0,1.0,sapbert_full_len3,7,7,0,6,False,1,-0.0,-0.0,C0025677,True,,,,,,,,
mm_0200523,Mistral-7B-Instruct-v0.1,0.0,1.0,sapbert_full_len3,7,7,0,6,False,2,0.9852281360342515,0.35094534299644053,C0001617,False,,,,,,,,
mm_0200523,PubMedBERT,0.0,1.0,sapbert_full_len3,7,7,0,6,False,2,0.9852281360342515,0.35094534299644053,C0015131,False,7.0,2.0,"{""C1839576"": 3, ""C0015131"": 4}",0.9852281360342516,0.3509453429964405,0.0,C0015131,0.0
mm_0200689,BERT-base,0.0,1.0,sapbert_full_len3,5,5,0,4,False,2,0.9709505944546686,0.4181656600790516,C0040048,False,5.0,2.0,"{""C0040048"": 3, ""UMLS:C0919821"": 2}",0.9709505944546686,0.4181656600790516,0.4,C0040048,0.0
mm_0200689,BioBERT,1.0,1.0,sapbert_full_len3,5,5,0,4,False,1,-0.0,-0.0,C0919821,True,5.0,1.0,"{""UMLS:C0919821"": 5}",-0.0,-0.0,1.0,UMLS:C0919821,0.0
mm_0200689,BioMistral-7B,1.0,0.930716872215271,sapbert_full_len3,5,5,0,4,False,4,1.9219280948873623,0.8277293767706428,C0919821,False,,,,,,,,
mm_0200689,FLAN-T5-base,0.0,1.0,sapbert_full_len3,5,5,0,4,False,3,1.5219280948873621,0.6554587535412855,C0020564,False,,,,,,,,
mm_0200689,Llama3-OpenBioLLM-8B,0.0,0.7855940461158752,sapbert_full_len3,5,5,0,4,False,3,1.3709505944546687,0.5904362833084089,C0179406,False,,,,,,,,
mm_0200689,Meta-Llama-3-8B-Instruct,0.0,0.9072588682174684,sapbert_full_len3,5,5,0,4,False,2,0.7219280948873623,0.31091750708257115,C0149721,False,,,,,,,,
mm_0200689,Mistral-7B-Instruct-v0.1,0.0,0.7855940461158752,sapbert_full_len3,5,5,0,4,False,3,1.3709505944546687,0.5904362833084089,C0179406,False,,,,,,,,
mm_0200689,PubMedBERT,1.0,1.0,sapbert_full_len3,5,5,0,4,False,2,0.9709505944546686,0.4181656600790516,C1447749,False,5.0,2.0,"{""UMLS:C0919821"": 2, ""C1447749"": 3}",0.9709505944546686,0.4181656600790516,0.4,C1447749,0.0
mm_0200899,BERT-base,0.0,1.0,sapbert_full_len3,7,7,0,6,False,2,0.863120568566631,0.30744974986419643,C1447749,False,7.0,2.0,"{""C1447749"": 5, ""UMLS:C1257990"": 2}",0.863120568566631,0.3074497498641964,0.0,C1447749,0.0
mm_0200899,BioBERT,0.0,1.0,sapbert_full_len3,7,7,0,6,False,1,-0.0,-0.0,C0265267,True,7.0,1.0,"{""C0265267"": 7}",-0.0,-0.0,0.0,C0265267,0.0
mm_0200899,BioMistral-7B,0.0,0.9999997615814208,sapbert_full_len3,7,7,0,6,False,1,-0.0,-0.0,C1826310,True,,,,,,,,
mm_0200899,FLAN-T5-base,0.0,0.9999998807907104,sapbert_full_len3,7,7,0,6,False,2,0.9852281360342515,0.35094534299644053,C0026882,False,,,,,,,,
mm_0200899,Llama3-OpenBioLLM-8B,1.0,1.0,sapbert_full_len3,7,7,0,6,False,1,-0.0,-0.0,C0026882,True,,,,,,,,
mm_0200899,Meta-Llama-3-8B-Instruct,1.0,1.0,sapbert_full_len3,7,7,0,6,False,1,-0.0,-0.0,C0026882,True,,,,,,,,
mm_0200899,Mistral-7B-Instruct-v0.1,0.0,1.0,sapbert_full_len3,7,7,0,6,False,2,0.863120568566631,0.30744974986419643,C3494415,False,,,,,,,,
mm_0200899,PubMedBERT,0.0,1.0,sapbert_full_len3,7,7,0,6,False,1,-0.0,-0.0,C1839576,True,7.0,1.0,"{""C1839576"": 7}",-0.0,-0.0,0.0,C1839576,0.0
mm_0201109,BERT-base,0.0,1.0,sapbert_full_len3,4,4,0,3,False,2,1.0,0.5,C1447749,False,4.0,2.0,"{""C1447749"": 2, ""UMLS:C0242193"": 2}",1.0,0.5,0.0,C1447749,1.0
mm_0201109,BioBERT,0.0,1.0,sapbert_full_len3,4,4,0,3,False,1,-0.0,-0.0,C1707887,True,4.0,1.0,"{""UMLS:C1707887"": 4}",-0.0,-0.0,0.0,UMLS:C1707887,0.0
mm_0201109,BioMistral-7B,0.0,0.9999997615814208,sapbert_full_len3,4,4,0,3,False,1,-0.0,-0.0,C0033023,True,,,,,,,,
mm_0201109,FLAN-T5-base,0.0,1.0,sapbert_full_len3,4,4,0,3,False,2,1.0,0.5,C4551656,False,,,,,,,,
mm_0201109,Llama3-OpenBioLLM-8B,0.0,1.0,sapbert_full_len3,4,4,0,3,False,3,1.5,0.75,C0018684,False,,,,,,,,
mm_0201109,Meta-Llama-3-8B-Instruct,0.0,1.0,sapbert_full_len3,4,4,0,3,False,2,1.0,0.5,C4551656,False,,,,,,,,
mm_0201109,Mistral-7B-Instruct-v0.1,0.0,0.9999998807907104,sapbert_full_len3,4,4,0,3,False,3,1.5,0.75,C0033023,False,,,,,,,,
mm_0201109,PubMedBERT,0.0,1.0,sapbert_full_len3,4,4,0,3,False,1,-0.0,-0.0,C1447749,True,4.0,1.0,"{""C1447749"": 4}",-0.0,-0.0,0.0,C1447749,0.0
mm_0201459,BERT-base,0.0,1.0,sapbert_full_len3,7,7,0,6,False,1,-0.0,-0.0,C1309905,True,7.0,1.0,"{""C1309905"": 7}",-0.0,-0.0,0.0,C1309905,0.0
mm_0201459,BioBERT,0.0,1.0,sapbert_full_len3,7,7,0,6,False,1,-0.0,-0.0,C1707887,True,7.0,1.0,"{""UMLS:C1707887"": 7}",-0.0,-0.0,0.0,UMLS:C1707887,0.0
mm_0201459,BioMistral-7B,0.0,0.9351990222930908,sapbert_full_len3,7,7,0,6,False,1,-0.0,-0.0,C0024535,True,,,,,,,,
mm_0201459,FLAN-T5-base,0.0,0.9351990222930908,sapbert_full_len3,7,7,0,6,False,2,0.863120568566631,0.30744974986419643,C0024535,False,,,,,,,,
mm_0201459,Llama3-OpenBioLLM-8B,0.0,0.9999998211860656,sapbert_full_len3,7,7,0,6,False,3,1.3787834934861753,0.49113258984568253,C5554306,False,,,,,,,,
mm_0201459,Meta-Llama-3-8B-Instruct,0.0,0.9999999403953552,sapbert_full_len3,7,7,0,6,False,2,0.863120568566631,0.30744974986419643,C1705920,False,,,,,,,,
mm_0201459,Mistral-7B-Instruct-v0.1,0.0,1.0,sapbert_full_len3,7,7,0,6,False,1,-0.0,-0.0,C0024530,True,,,,,,,,
mm_0201459,PubMedBERT,0.0,1.0,sapbert_full_len3,7,7,0,6,False,2,0.9852281360342515,0.35094534299644053,C1447749,False,7.0,2.0,"{""C1839576"": 3, ""C1447749"": 4}",0.9852281360342516,0.3509453429964405,0.0,C1447749,0.0
