instance_id,model_name,mean_accuracy_full,mapping_confidence,pool_config,n_variants,n_assigned,n_unassigned,m_accepted,all_unassigned,n_clusters_full,semantic_entropy_full,normalised_semantic_entropy_full,dominant_cluster_full,is_zero_entropy,n_variants_mesh,n_clusters_mesh,cluster_distribution,semantic_entropy_mesh,normalised_semantic_entropy_mesh,mean_accuracy_mesh,dominant_cluster_mesh,instability_flag,n_retrieval_rows,margin_original,margin_mean,margin_min,s1_mean,s2_mean
mm_0001412,BERT-base,0.0,1.0,sapbert_full_len3,5,5,0,4,False,1,-0.0,-0.0,C1447749,True,5.0,1.0,"{""C1447749"": 5}",-0.0,-0.0,0.0,C1447749,0.0,5.0,-0.6245346069335938,-0.6245346069335938,-0.6245346069335938,0.3754647970199585,0.9999994039535522
mm_0001412,BioBERT,0.0,1.0,sapbert_full_len3,5,5,0,4,False,2,0.7219280948873623,0.3109175070825711,C1447749,False,5.0,2.0,"{""C1447749"": 4, ""C0265267"": 1}",0.7219280948873623,0.3109175070825711,0.0,C1447749,0.0,5.0,-0.6245346069335938,-0.6293412446975708,-0.648567795753479,0.37065815925598145,0.9999994039535522
mm_0001412,BioMistral-7B,0.0,1.0,sapbert_full_len3,5,5,0,4,False,2,0.9709505944546686,0.4181656600790516,C0027868,False,,,,,,,,,5.0,0.1285309791564941,0.1176797151565551,0.1014028191566467,1.0,0.8823202848434448
mm_0001412,FLAN-T5-base,0.0,1.0,sapbert_full_len3,5,5,0,4,False,1,-0.0,-0.0,C0027868,True,,,,,,,,,5.0,0.1285309791564941,0.1201766490936279,0.1076451539993286,1.0,0.8798233270645142
mm_0001412,Llama3-OpenBioLLM-8B,0.0,1.0,sapbert_full_len3,5,5,0,4,False,2,0.9709505944546686,0.4181656600790516,C0027868,False,,,,,,,,,5.0,0.1076451539993286,0.0729415893554687,4.172325134277344e-07,0.999999952316284,0.9270583987236024
mm_0001412,Meta-Llama-3-8B-Instruct,0.0,1.0,sapbert_full_len3,5,5,0,4,False,2,0.9709505944546686,0.4181656600790516,C0027868,False,,,,,,,,,5.0,0.1076451539993286,0.1347511529922485,0.1076451539993286,1.0,0.8652488589286804
mm_0001412,Mistral-7B-Instruct-v0.1,0.0,0.9999996423721312,sapbert_full_len3,5,5,0,4,False,1,-0.0,-0.0,C0027868,True,,,,,,,,,5.0,0.1285306215286253,0.1201763629913329,0.1076449751853941,0.9999997138977048,0.8798233270645142
mm_0001412,PubMedBERT,0.0,1.0,sapbert_full_len3,5,5,0,4,False,1,-0.0,-0.0,C1839576,True,5.0,1.0,"{""C1839576"": 5}",-0.0,-0.0,0.0,C1839576,0.0,5.0,-0.662432074546814,-0.662432074546814,-0.662432074546814,0.33756735920906067,0.9999994039535522
mm_0001903,BERT-base,0.0,1.0,sapbert_full_len3,6,6,0,5,False,2,0.9182958340544896,0.355245321275764,C0597336,False,6.0,2.0,"{""C0597336"": 4, ""UMLS:C0358514"": 2}",0.9182958340544896,0.355245321275764,0.0,C0597336,0.0,6.0,-0.43679067492485046,-0.4405916631221771,-0.44819360971450806,0.40676435828208923,0.8473560214042664
mm_0001903,BioBERT,0.0,1.0,sapbert_full_len3,6,6,0,5,False,3,1.2516291673878228,0.4841962570206112,C1257990,False,6.0,3.0,"{""C1312419"": 1, ""UMLS:C1257990"": 4, ""UMLS:C1707887"": 1}",1.2516291673878228,0.4841962570206112,0.0,UMLS:C1257990,0.0,6.0,-0.4814133644104004,-0.5051097273826599,-0.5619019269943237,0.34224629402160645,0.8473560214042664
mm_0001903,BioMistral-7B,0.0,0.9999998807907104,sapbert_full_len3,6,6,0,5,False,1,-0.0,-0.0,C0753802,True,,,,,,,,,6.0,6.556510925292969e-07,6.556510925292969e-07,6.556510925292969e-07,0.9999998807907104,0.999999225139618
mm_0001903,FLAN-T5-base,0.0,0.8898197412490845,sapbert_full_len3,6,6,0,5,False,1,-0.0,-0.0,C0022701,True,,,,,,,,,6.0,-0.026979923248291,-0.0242772698402404,-0.026979923248291,0.8830374479293823,0.9073147177696228
mm_0001903,Llama3-OpenBioLLM-8B,0.0,0.9999998211860656,sapbert_full_len3,6,6,0,5,False,1,-0.0,-0.0,C0871424,True,,,,,,,,,6.0,0.0608150959014891,0.0608150959014891,0.0608150959014891,0.9999998211860656,0.9391847252845764
mm_0001903,Meta-Llama-3-8B-Instruct,0.0,1.0,sapbert_full_len3,6,6,0,5,False,2,0.9182958340544896,0.355245321275764,C0871424,False,,,,,,,,,6.0,0.0608152747154235,0.040543774763743,7.748603820800781e-07,1.0,0.959456205368042
mm_0001903,Mistral-7B-Instruct-v0.1,0.0,1.0,sapbert_full_len3,6,6,0,5,False,2,0.9182958340544896,0.355245321275764,C0753802,False,,,,,,,,,6.0,7.748603820800781e-07,0.020261267820994,6.556510925292969e-07,0.9999998211860656,0.9797385334968568
mm_0001903,PubMedBERT,0.0,1.0,sapbert_full_len3,6,6,0,5,False,1,-0.0,-0.0,C1839576,True,6.0,1.0,"{""C1839576"": 6}",-0.0,-0.0,0.0,C1839576,0.0,6.0,-0.4767037332057953,-0.4767037332057953,-0.4767037332057953,0.37065228819847107,0.8473560214042664
mm_0001924,BERT-base,0.0,1.0,sapbert_full_len3,6,6,0,5,False,2,0.6500224216483541,0.2514629985800606,C3850091,False,6.0,2.0,"{""C3850091"": 5, ""UMLS:C0242193"": 1}",0.6500224216483541,0.2514629985800606,0.0,C3850091,0.0,6.0,-0.6461336016654968,-0.6477059125900269,-0.6555675268173218,0.35229364037513733,0.9999995827674866
mm_0001924,BioBERT,0.0,1.0,sapbert_full_len3,6,6,0,5,False,1,-0.0,-0.0,C1257990,True,6.0,1.0,"{""UMLS:C1257990"": 6}",-0.0,-0.0,0.0,UMLS:C1257990,0.0,6.0,-0.7337849140167236,-0.7337849140167236,-0.7337849140167236,0.26621463894844055,0.9999995827674866
mm_0001924,BioMistral-7B,1.0,1.0,sapbert_full_len3,6,6,0,5,False,3,1.2516291673878228,0.4841962570206112,C0043210,False,,,,,,,,,6.0,0.0916167497634887,0.0501188337802886,1.1920928943975897e-07,0.9999999205271404,0.949881076812744
mm_0001924,FLAN-T5-base,0.0,0.9999998807907104,sapbert_full_len3,6,6,0,5,False,3,1.2516291673878228,0.4841962570206112,C3872897,False,,,,,,,,,6.0,2.980232238769531e-07,3.278255462646485e-07,1.1920928955078125e-07,0.9999999701976776,0.9999995827674866
mm_0001924,Llama3-OpenBioLLM-8B,0.0,0.9999998807907104,sapbert_full_len3,6,6,0,5,False,3,1.584962500721156,0.6131471927654584,C0032042,False,,,,,,,,,6.0,7.152557373046875e-07,0.0454404950141906,4.172325134277344e-07,0.9999996423721312,0.9545591473579408
mm_0001924,Meta-Llama-3-8B-Instruct,0.0,1.0,sapbert_full_len3,6,6,0,5,False,3,1.4591479170272446,0.5644754678724235,C3259042,False,,,,,,,,,6.0,5.364418029785156e-07,0.0091921786467234,5.364418029785156e-07,1.0,0.990807831287384
mm_0001924,Mistral-7B-Instruct-v0.1,0.0,0.9999999403953552,sapbert_full_len3,6,6,0,5,False,2,0.9182958340544896,0.355245321275764,C0087111,False,,,,,,,,,6.0,1.1920928955078125e-07,0.0657499233881632,1.1920928943975897e-07,0.9999998410542806,0.9342498779296876
mm_0001924,PubMedBERT,0.0,1.0,sapbert_full_len3,6,6,0,5,False,1,-0.0,-0.0,C1839576,True,6.0,1.0,"{""C1839576"": 6}",-0.0,-0.0,0.0,C1839576,0.0,6.0,-0.6046314239501953,-0.6046314239501953,-0.6046314239501953,0.39536818861961365,0.9999995827674866
mm_0002001,BERT-base,0.0,1.0,sapbert_full_len3,7,7,0,6,False,1,-0.0,-0.0,C1839576,True,7.0,1.0,"{""C1839576"": 7}",-0.0,-0.0,0.0,C1839576,0.0,7.0,-0.7457009553909302,-0.7457009553909302,-0.7457009553909302,0.2542988359928131,0.9999997019767761
mm_0002001,BioBERT,0.0,1.0,sapbert_full_len3,7,7,0,6,False,1,-0.0,-0.0,C1707887,True,7.0,1.0,"{""UMLS:C1707887"": 7}",-0.0,-0.0,0.0,UMLS:C1707887,0.0,7.0,-0.7431169748306274,-0.7431169748306274,-0.7431169748306274,0.25688278675079346,0.9999997019767761
mm_0002001,BioMistral-7B,0.0,0.9999998211860656,sapbert_full_len3,7,7,0,6,False,1,-0.0,-0.0,C1424622,True,,,,,,,,,7.0,1.7881393421514957e-07,3.320830208756017e-07,1.7881393421514957e-07,0.9999999744551522,0.9999995827674866
mm_0002001,FLAN-T5-base,0.0,0.9999998807907104,sapbert_full_len3,7,7,0,6,False,1,-0.0,-0.0,C0444764,True,,,,,,,,,7.0,0.0389328598976135,0.0389328088079179,0.0389328002929686,0.999999829701015,0.9610670804977416
mm_0002001,Llama3-OpenBioLLM-8B,0.0,0.9999997615814208,sapbert_full_len3,7,7,0,6,False,2,0.863120568566631,0.3074497498641964,C0439669,False,,,,,,,,,7.0,0.0807224512100218,0.1189263888767787,0.0807224512100218,0.999999965940203,0.881073534488678
mm_0002001,Meta-Llama-3-8B-Instruct,0.0,1.0,sapbert_full_len3,7,7,0,6,False,1,-0.0,-0.0,C0000768,True,,,,,,,,,7.0,0.1981972455978393,0.1965219463620867,0.1488402485847473,1.0,0.8034780621528625
mm_0002001,Mistral-7B-Instruct-v0.1,0.0,0.9999998211860656,sapbert_full_len3,7,7,0,6,False,4,1.9502120649147463,0.6946795539074094,C0444764,False,,,,,,,,,7.0,0.0389328002929686,0.0402491859027316,1.7881393421514957e-07,0.999999863760812,0.9597506523132324
mm_0002001,PubMedBERT,0.0,1.0,sapbert_full_len3,7,7,0,6,False,1,-0.0,-0.0,C1839576,True,7.0,1.0,"{""C1839576"": 7}",-0.0,-0.0,0.0,C1839576,0.0,7.0,-0.7457009553909302,-0.7457009553909302,-0.7457009553909302,0.2542988359928131,0.9999997019767761
mm_0002381,BERT-base,0.0,1.0,sapbert_full_len3,5,5,0,4,False,2,0.9709505944546686,0.4181656600790516,C1739108,False,5.0,2.0,"{""UMLS:C1257990"": 2, ""C1739108"": 3}",0.9709505944546686,0.4181656600790516,0.0,C1739108,0.0,5.0,-0.747867226600647,-0.743209958076477,-0.747867226600647,0.25678956508636475,0.9999994039535522
mm_0002381,BioBERT,0.0,1.0,sapbert_full_len3,5,5,0,4,False,1,-0.0,-0.0,C5392105,True,5.0,1.0,"{""C5392105"": 5}",-0.0,-0.0,0.0,C5392105,0.0,5.0,-0.3736937642097473,-0.3736937642097473,-0.3736937642097473,0.6263056993484497,0.9999994039535522
mm_0002381,BioMistral-7B,1.0,0.9999999403953552,sapbert_full_len3,5,5,0,4,False,1,-0.0,-0.0,C0338656,True,,,,,,,,,5.0,0.0319454073905944,0.0319454073905944,0.0319454073905944,0.9999999403953552,0.9680545926094056
mm_0002381,FLAN-T5-base,1.0,0.9999999403953552,sapbert_full_len3,5,5,0,4,False,1,-0.0,-0.0,C0338656,True,,,,,,,,,5.0,0.0319454073905944,0.0319454073905944,0.0319454073905944,0.9999999403953552,0.9680545926094056
mm_0002381,Llama3-OpenBioLLM-8B,1.0,0.9999999403953552,sapbert_full_len3,5,5,0,4,False,2,0.7219280948873623,0.3109175070825711,C0338656,False,,,,,,,,,5.0,0.0319454073905944,0.0472946763038635,5.960464477539062e-07,0.9999999403953552,0.9527052044868468
mm_0002381,Meta-Llama-3-8B-Instruct,1.0,0.9999999403953552,sapbert_full_len3,5,5,0,4,False,1,-0.0,-0.0,C0338656,True,,,,,,,,,5.0,0.0319454073905944,0.0319454073905944,0.0319454073905944,0.9999999403953552,0.9680545926094056
mm_0002381,Mistral-7B-Instruct-v0.1,1.0,0.9999999403953552,sapbert_full_len3,5,5,0,4,False,2,0.7219280948873623,0.3109175070825711,C0338656,False,,,,,,,,,5.0,0.0319454073905944,0.0563089489936828,0.0319454073905944,0.9962278485298156,0.9399188756942748
mm_0002381,PubMedBERT,0.0,1.0,sapbert_full_len3,5,5,0,4,False,1,-0.0,-0.0,C1839576,True,5.0,1.0,"{""C1839576"": 5}",-0.0,-0.0,0.0,C1839576,0.0,5.0,-0.7774165868759155,-0.7774165868759155,-0.7774165868759155,0.2225828915834427,0.9999994039535522
mm_0003169,BERT-base,0.0,1.0,sapbert_full_len3,5,5,0,4,False,1,-0.0,-0.0,C1447749,True,5.0,1.0,"{""C1447749"": 5}",-0.0,-0.0,0.0,C1447749,0.0,5.0,-0.6659769415855408,-0.6659769415855408,-0.6659769415855408,0.334022581577301,0.9999995231628418
mm_0003169,BioBERT,0.0,1.0,sapbert_full_len3,5,5,0,4,False,1,-0.0,-0.0,C1447749,True,5.0,1.0,"{""C1447749"": 5}",-0.0,-0.0,0.0,C1447749,0.0,5.0,-0.6659769415855408,-0.6659769415855408,-0.6659769415855408,0.334022581577301,0.9999995231628418
mm_0003169,BioMistral-7B,0.0,0.9999998807907104,sapbert_full_len3,5,5,0,4,False,1,-0.0,-0.0,C1438411,True,,,,,,,,,5.0,3.5762786865234375e-07,4.529953002929688e-07,3.5762786865234375e-07,0.999999976158142,0.9999995231628418
mm_0003169,FLAN-T5-base,0.0,1.0,sapbert_full_len3,5,5,0,4,False,3,1.521928094887362,0.6554587535412855,C0025517,False,,,,,,,,,5.0,0.0665206313133239,0.1539477944374084,0.0574490427970886,0.9999999642372132,0.8460521697998047
mm_0003169,Llama3-OpenBioLLM-8B,0.0,0.9905428290367126,sapbert_full_len3,5,5,0,4,False,1,-0.0,-0.0,C1516924,True,,,,,,,,,5.0,0.118006944656372,0.0708043098449707,3.5762786865234375e-07,0.9943256497383116,0.9235213398933412
mm_0003169,Meta-Llama-3-8B-Instruct,0.0,0.9905428290367126,sapbert_full_len3,5,5,0,4,False,1,-0.0,-0.0,C1516924,True,,,,,,,,,5.0,0.118006944656372,0.1180070400238037,0.118006944656372,0.9905429244041444,0.8725358843803406
mm_0003169,Mistral-7B-Instruct-v0.1,0.0,0.9999998807907104,sapbert_full_len3,5,5,0,4,False,2,0.9709505944546686,0.4181656600790516,C1516924,False,,,,,,,,,5.0,3.5762786865234375e-07,0.094392967224121,3.5762786865234375e-07,0.999999976158142,0.905607044696808
mm_0003169,PubMedBERT,0.0,1.0,sapbert_full_len3,5,5,0,4,False,1,-0.0,-0.0,C1447749,True,5.0,1.0,"{""C1447749"": 5}",-0.0,-0.0,0.0,C1447749,0.0,5.0,-0.6659769415855408,-0.6659769415855408,-0.6659769415855408,0.334022581577301,0.9999995231628418
mm_0004408,BERT-base,0.0,1.0,sapbert_full_len3,5,5,0,4,False,1,-0.0,-0.0,C1257990,True,5.0,1.0,"{""UMLS:C1257990"": 5}",-0.0,-0.0,0.0,UMLS:C1257990,0.0,5.0,-0.4467780292034149,-0.44677799940109253,-0.4467780292034149,0.34918078780174255,0.7959588170051575
mm_0004408,BioBERT,0.0,1.0,sapbert_full_len3,5,5,0,4,False,1,-0.0,-0.0,C1257990,True,5.0,1.0,"{""UMLS:C1257990"": 5}",-0.0,-0.0,0.0,UMLS:C1257990,0.0,5.0,-0.4467780292034149,-0.44677799940109253,-0.4467780292034149,0.34918078780174255,0.7959588170051575
mm_0004408,BioMistral-7B,0.0,1.0,sapbert_full_len3,5,5,0,4,False,1,-0.0,-0.0,C0025424,True,,,,,,,,,5.0,0.0488278865814209,0.0488278865814209,0.0488278865814209,1.0,0.9511720538139344
mm_0004408,FLAN-T5-base,0.0,0.9049180746078492,sapbert_full_len3,5,5,0,4,False,2,0.7219280948873623,0.3109175070825711,C1720692,False,,,,,,,,,5.0,0.0243472456932068,0.0194778203964234,1.1920928943975897e-07,0.9239344239234925,0.904456615447998
mm_0004408,Llama3-OpenBioLLM-8B,0.0,0.9605551958084106,sapbert_full_len3,5,5,0,4,False,3,1.521928094887362,0.6554587535412855,C0025519,False,,,,,,,,,5.0,-0.014154314994812,-0.0116482496261596,-0.0220437049865722,0.9346903562545776,0.9463386535644532
mm_0004408,Meta-Llama-3-8B-Instruct,0.0,0.9999998807907104,sapbert_full_len3,5,5,0,4,False,1,-0.0,-0.0,C0600688,True,,,,,,,,,5.0,5.364418029785156e-07,4.887580870693853e-07,4.768371580921027e-07,0.9999998331069946,0.9999993443489076
mm_0004408,Mistral-7B-Instruct-v0.1,0.0,0.9999998807907104,sapbert_full_len3,5,5,0,4,False,2,0.9709505944546686,0.4181656600790516,C0025424,False,,,,,,,,,5.0,0.0488277673721313,0.0292967081069946,1.1920928955078125e-07,0.9999998807907104,0.970703125
mm_0004408,PubMedBERT,0.0,1.0,sapbert_full_len3,5,5,0,4,False,1,-0.0,-0.0,C1447749,True,5.0,1.0,"{""C1447749"": 5}",-0.0,-0.0,0.0,C1447749,0.0,5.0,-0.41180580854415894,-0.41180580854415894,-0.41180580854415894,0.38415300846099854,0.7959588170051575
mm_0004613,BERT-base,0.0,1.0,sapbert_full_len3,5,5,0,4,False,1,-0.0,-0.0,C3714500,True,5.0,1.0,"{""C3714500"": 5}",-0.0,-0.0,0.0,C3714500,0.0,5.0,-0.6544387340545654,-0.6544387340545654,-0.6544387340545654,0.3455609381198883,0.9999996423721313
mm_0004613,BioBERT,0.0,1.0,sapbert_full_len3,5,5,0,4,False,2,0.9709505944546686,0.4181656600790516,C1707887,False,5.0,2.0,"{""UMLS:C1257990"": 2, ""UMLS:C1707887"": 3}",0.9709505944546686,0.4181656600790516,0.0,UMLS:C1707887,0.0,5.0,-0.6507734060287476,-0.7093216776847839,-0.7483538389205933,0.2906779646873474,0.9999996423721313
mm_0004613,BioMistral-7B,0.0,1.0,sapbert_full_len3,5,5,0,4,False,2,0.7219280948873623,0.3109175070825711,C0163159,False,,,,,,,,,5.0,0.0260574221611022,0.0260974884033203,0.0260574221611022,0.999999976158142,0.9739025235176086
mm_0004613,FLAN-T5-base,0.0,0.9999998807907104,sapbert_full_len3,5,5,0,4,False,1,-0.0,-0.0,C0036442,True,,,,,,,,,5.0,0.0262577533721923,0.0262577533721923,0.0262577533721923,0.9999998807907104,0.973742127418518
mm_0004613,Llama3-OpenBioLLM-8B,0.0,1.0,sapbert_full_len3,5,5,0,4,False,3,1.3709505944546687,0.5904362833084089,C0871117,False,,,,,,,,,5.0,0.0260574221611022,0.1001338720321655,0.0260574221611022,1.0,0.8998661041259766
mm_0004613,Meta-Llama-3-8B-Instruct,0.0,1.0,sapbert_full_len3,5,5,0,4,False,1,-0.0,-0.0,C0700327,True,,,,,,,,,5.0,3.5762786865234375e-07,3.5762786865234375e-07,3.5762786865234375e-07,1.0,0.9999996423721312
mm_0004613,Mistral-7B-Instruct-v0.1,0.0,0.9999997615814208,sapbert_full_len3,5,5,0,4,False,1,-0.0,-0.0,C0700327,True,,,,,,,,,5.0,1.1920928943975897e-07,1.1920928943975897e-07,1.1920928943975897e-07,0.9999997615814208,0.9999996423721312
mm_0004613,PubMedBERT,0.0,1.0,sapbert_full_len3,5,5,0,4,False,2,0.7219280948873623,0.3109175070825711,C1839576,False,5.0,2.0,"{""C1839576"": 4, ""C1447749"": 1}",0.7219280948873623,0.3109175070825711,0.0,C1839576,0.0,5.0,-0.6722776889801025,-0.6644067168235779,-0.6722776889801025,0.33559292554855347,0.9999996423721313
mm_0007146,BERT-base,0.0,1.0,sapbert_full_len3,5,5,0,4,False,2,0.9709505944546686,0.4181656600790516,C1257990,False,5.0,2.0,"{""UMLS:C1257990"": 3, ""UMLS:C0242193"": 2}",0.9709505944546686,0.4181656600790516,0.0,UMLS:C1257990,0.0,5.0,-0.6206159591674805,-0.609070360660553,-0.6206159591674805,0.3425162732601166,0.9515866041183472
mm_0007146,BioBERT,0.0,1.0,sapbert_full_len3,5,5,0,4,False,1,-0.0,-0.0,C1257990,True,5.0,1.0,"{""UMLS:C1257990"": 5}",-0.0,-0.0,0.0,UMLS:C1257990,0.0,5.0,-0.6206159591674805,-0.6206159591674805,-0.6206159591674805,0.3309706747531891,0.9515866041183472
mm_0007146,BioMistral-7B,0.0,1.0,sapbert_full_len3,5,5,0,4,False,2,0.9709505944546686,0.4181656600790516,C0023928,False,,,,,,,,,5.0,0.0373140573501586,0.0428913354873657,0.0373140573501586,0.9842791080474852,0.9413877725601196
mm_0007146,FLAN-T5-base,0.0,0.9765360951423644,sapbert_full_len3,5,5,0,4,False,2,0.9709505944546686,0.4181656600790516,C4552474,False,,,,,,,,,5.0,0.0758164525032042,0.060415494441986,0.0373140573501586,0.9859216570854188,0.9255062341690063
mm_0007146,Llama3-OpenBioLLM-8B,0.0,1.0,sapbert_full_len3,5,5,0,4,False,1,-0.0,-0.0,C0023928,True,,,,,,,,,5.0,0.0372673273086547,0.0372859239578247,0.0372672080993652,0.9999999046325684,0.9627140164375304
mm_0007146,Meta-Llama-3-8B-Instruct,0.0,1.0,sapbert_full_len3,5,5,0,4,False,1,-0.0,-0.0,C0023928,True,,,,,,,,,5.0,0.0372673273086547,0.0372672319412231,0.0372672080993652,0.9999999046325684,0.9627326726913452
mm_0007146,Mistral-7B-Instruct-v0.1,0.0,0.9999998807907104,sapbert_full_len3,5,5,0,4,False,2,0.9709505944546686,0.4181656600790516,C0023928,False,,,,,,,,,5.0,0.0372672080993652,0.0617719411849975,0.0372672080993652,0.9999997854232788,0.9382278323173524
mm_0007146,PubMedBERT,0.0,1.0,sapbert_full_len3,5,5,0,4,False,2,0.9709505944546686,0.4181656600790516,C1447749,False,5.0,2.0,"{""C1447749"": 3, ""C1839576"": 2}",0.9709505944546686,0.4181656600790516,0.0,C1447749,0.0,5.0,-0.6029303669929504,-0.6178974509239197,-0.6403481364250183,0.3336891233921051,0.9515866041183472
mm_0007303,BERT-base,0.0,1.0,sapbert_full_len3,7,7,0,6,False,1,-0.0,-0.0,C1257990,True,7.0,1.0,"{""UMLS:C1257990"": 7}",-0.0,-0.0,0.0,UMLS:C1257990,0.0,7.0,-0.7579535841941833,-0.7579535841941833,-0.7579535841941833,0.2420460432767868,0.9999996423721313
mm_0007303,BioBERT,0.0,1.0,sapbert_full_len3,7,7,0,6,False,1,-0.0,-0.0,C2935436,True,7.0,1.0,"{""C2935436"": 7}",-0.0,-0.0,0.0,C2935436,0.0,7.0,-0.6067565679550171,-0.6067565679550171,-0.6067565679550171,0.39324307441711426,0.9999996423721313
mm_0007303,BioMistral-7B,0.0,1.0,sapbert_full_len3,7,7,0,6,False,2,0.9852281360342516,0.3509453429964405,C1700874,False,,,,,,,,,7.0,2.980232238769531e-07,0.0624709384781973,2.980232238769531e-07,0.9910698788506644,0.928598940372467
mm_0007303,FLAN-T5-base,0.0,0.8578688502311707,sapbert_full_len3,7,7,0,6,False,2,0.9852281360342516,0.3509453429964405,C1540289,False,,,,,,,,,7.0,-0.0002092719078063,0.0521253517695835,-0.0002092719078063,0.9187822001320975,0.8666568398475647
mm_0007303,Llama3-OpenBioLLM-8B,0.0,0.9999998807907104,sapbert_full_len3,7,7,0,6,False,1,-0.0,-0.0,C0282460,True,,,,,,,,,7.0,0.0227792263031005,0.0227792263031005,0.0227792263031005,0.9999998807907104,0.9772205948829652
mm_0007303,Meta-Llama-3-8B-Instruct,0.0,0.9613177180290222,sapbert_full_len3,7,7,0,6,False,1,-0.0,-0.0,C0007134,True,,,,,,,,,7.0,3.206729888916016e-05,-8.399145943784246e-05,-0.0003417134284973,0.9421469909804208,0.9422309994697572
mm_0007303,Mistral-7B-Instruct-v0.1,0.0,0.9999998211860656,sapbert_full_len3,7,7,0,6,False,1,-0.0,-0.0,C1700874,True,,,,,,,,,7.0,0.121904671192169,0.1219048244612557,0.121904671192169,0.9999999744551522,0.8780951499938965
mm_0007303,PubMedBERT,0.0,1.0,sapbert_full_len3,7,7,0,6,False,1,-0.0,-0.0,C1839576,True,7.0,1.0,"{""C1839576"": 7}",-0.0,-0.0,0.0,C1839576,0.0,7.0,-0.6445180177688599,-0.6445180177688599,-0.6445180177688599,0.3554816246032715,0.9999996423721313
mm_0007332,BERT-base,0.0,1.0,sapbert_full_len3,5,5,0,4,False,2,0.9709505944546686,0.4181656600790516,C1839576,False,5.0,2.0,"{""C1839576"": 3, ""C1739108"": 2}",0.9709505944546686,0.4181656600790516,0.0,C1839576,0.0,5.0,-0.6869110465049744,-0.6830289959907532,-0.6869110465049744,0.3169705271720886,0.9999995231628418
mm_0007332,BioBERT,0.0,1.0,sapbert_full_len3,5,5,0,4,False,1,-0.0,-0.0,C5392105,True,5.0,1.0,"{""C5392105"": 5}",-0.0,-0.0,0.0,C5392105,0.0,5.0,-0.6207307577133179,-0.6207307577133179,-0.6207307577133179,0.37926873564720154,0.9999995231628418
mm_0007332,BioMistral-7B,1.0,1.0,sapbert_full_len3,5,5,0,4,False,1,-0.0,-0.0,C0015672,True,,,,,,,,,5.0,0.0371155738830566,0.0371155738830566,0.0371155738830566,1.0,0.9628844261169434
mm_0007332,FLAN-T5-base,1.0,1.0,sapbert_full_len3,5,5,0,4,False,3,1.3709505944546687,0.5904362833084089,C0015672,False,,,,,,,,,5.0,0.1664215922355651,0.0481372117996215,3.5762786865234375e-07,1.0,0.9518628120422364
mm_0007332,Llama3-OpenBioLLM-8B,0.0,0.9999998807907104,sapbert_full_len3,5,5,0,4,False,2,0.7219280948873623,0.3109175070825711,C0041755,False,,,,,,,,,5.0,0.0653449296951294,0.0522758960723876,1.1920928943975897e-07,0.9999997854232788,0.9477238655090332
mm_0007332,Meta-Llama-3-8B-Instruct,0.0,0.9999999403953552,sapbert_full_len3,5,5,0,4,False,4,1.9219280948873625,0.8277293767706428,C0559546,False,,,,,,,,,5.0,0.0623180270195007,0.0412362456321715,1.1920928943975897e-07,0.9999997973442076,0.958763599395752
mm_0007332,Mistral-7B-Instruct-v0.1,1.0,0.9999998807907104,sapbert_full_len3,5,5,0,4,False,1,-0.0,-0.0,C0015672,True,,,,,,,,,5.0,0.037115454673767,0.037115454673767,0.037115454673767,0.9999998807907104,0.9628844261169434
mm_0007332,PubMedBERT,0.0,1.0,sapbert_full_len3,5,5,0,4,False,1,-0.0,-0.0,C1839576,True,5.0,1.0,"{""C1839576"": 5}",-0.0,-0.0,0.0,C1839576,0.0,5.0,-0.6869110465049744,-0.6869110465049744,-0.6869110465049744,0.31308847665786743,0.9999995231628418
mm_0007533,BERT-base,0.0,1.0,sapbert_full_len3,5,5,0,4,False,2,0.9709505944546686,0.4181656600790516,C1431519,False,5.0,2.0,"{""C1431519"": 3, ""UMLS:C1283169"": 2}",0.9709505944546686,0.4181656600790516,0.0,C1431519,0.0,5.0,-0.4258723855018616,-0.44750547409057617,-0.4799550473690033,0.4028905928134918,0.8503960371017456
mm_0007533,BioBERT,0.0,1.0,sapbert_full_len3,5,5,0,4,False,2,0.7219280948873623,0.3109175070825711,C1447749,False,5.0,2.0,"{""C0265267"": 1, ""C1447749"": 4}",0.7219280948873623,0.3109175070825711,0.0,C1447749,0.0,5.0,-0.4691694974899292,-0.4741761088371277,-0.4754277467727661,0.3762199282646179,0.8503960371017456
mm_0007533,BioMistral-7B,0.0,1.0,sapbert_full_len3,5,5,0,4,False,2,0.9709505944546686,0.4181656600790516,C0031865,False,,,,,,,,,5.0,0.1589183807373047,0.1184910774230957,0.0578501224517822,0.9242963552474976,0.8058053255081177
mm_0007533,FLAN-T5-base,0.0,1.0,sapbert_full_len3,5,5,0,4,False,1,-0.0,-0.0,C0031865,True,,,,,,,,,5.0,0.1588653326034546,0.1588652372360229,0.158865213394165,0.9999999046325684,0.8411346673965454
mm_0007533,Llama3-OpenBioLLM-8B,1.0,0.8500974774360657,sapbert_full_len3,5,5,0,4,False,1,-0.0,-0.0,C0010182,True,,,,,,,,,5.0,0.0199615359306335,0.0199615359306335,0.0199615359306335,0.8500974774360657,0.8301359415054321
mm_0007533,Meta-Llama-3-8B-Instruct,0.0,0.8730440735816956,sapbert_full_len3,5,5,0,4,False,1,-0.0,-0.0,C0031865,True,,,,,,,,,5.0,0.1014077067375183,0.1014077067375183,0.1014077067375183,0.8730440735816956,0.7716363668441772
mm_0007533,Mistral-7B-Instruct-v0.1,0.0,0.9999998807907104,sapbert_full_len3,5,5,0,4,False,1,-0.0,-0.0,C0031865,True,,,,,,,,,5.0,0.1589182615280151,0.1589182615280151,0.1589182615280151,0.9999998807907104,0.8410816192626953
mm_0007533,PubMedBERT,0.0,1.0,sapbert_full_len3,5,5,0,4,False,2,0.9709505944546686,0.4181656600790516,C1447749,False,5.0,2.0,"{""C1447749"": 3, ""C1839576"": 2}",0.9709505944546686,0.4181656600790516,0.0,C1447749,0.0,5.0,-0.4754277467727661,-0.49517107009887695,-0.524786114692688,0.35522493720054626,0.8503960371017456
mm_0007731,BERT-base,0.0,1.0,sapbert_full_len3,6,6,0,5,False,1,-0.0,-0.0,C1447749,True,6.0,1.0,"{""C1447749"": 6}",-0.0,-0.0,0.0,C1447749,0.0,6.0,-0.2908861041069031,-0.2908861041069031,-0.2908861041069031,0.42631995677948,0.7172060608863831
mm_0007731,BioBERT,0.0,1.0,sapbert_full_len3,6,6,0,5,False,1,-0.0,-0.0,C1868801,True,6.0,1.0,"{""C1868801"": 6}",-0.0,-0.0,0.0,C1868801,0.0,6.0,-0.3378664553165436,-0.3378664553165436,-0.3378664553165436,0.3793396055698395,0.7172060608863831
mm_0007731,BioMistral-7B,0.0,0.9999998807907104,sapbert_full_len3,6,6,0,5,False,1,-0.0,-0.0,C0007203,True,,,,,,,,,6.0,0.0728751420974731,0.0578092137972513,0.0276771783828735,0.9316592812538148,0.8738500475883484
mm_0007731,FLAN-T5-base,0.0,1.0,sapbert_full_len3,6,6,0,5,False,1,-0.0,-0.0,C0007203,True,,,,,,,,,6.0,0.0728752613067627,0.0578194657961527,0.0277080535888671,0.931669533252716,0.8738500475883484
mm_0007731,Llama3-OpenBioLLM-8B,0.0,0.9515214562416076,sapbert_full_len3,6,6,0,5,False,2,0.6500224216483541,0.2514629985800606,C0282440,False,,,,,,,,,6.0,8.7618827818714e-06,-8.046627044492697e-07,-7.271766662486634e-06,0.975755363702774,0.9757561683654784
mm_0007731,Meta-Llama-3-8B-Instruct,0.0,0.9999998807907104,sapbert_full_len3,6,6,0,5,False,1,-0.0,-0.0,C0007203,True,,,,,,,,,6.0,0.121373176574707,0.1213732759157816,0.121373176574707,0.999999980131785,0.8786267638206482
mm_0007731,Mistral-7B-Instruct-v0.1,0.0,0.9999998807907104,sapbert_full_len3,6,6,0,5,False,1,-0.0,-0.0,C0007203,True,,,,,,,,,6.0,0.121373176574707,0.0901514689127604,0.0277080535888671,0.9316695133845012,0.841517984867096
mm_0007731,PubMedBERT,0.0,1.0,sapbert_full_len3,6,6,0,5,False,1,-0.0,-0.0,C1839576,True,6.0,1.0,"{""C1839576"": 6}",-0.0,-0.0,0.0,C1839576,0.0,6.0,-0.3284928798675537,-0.3284928798675537,-0.3284928798675537,0.38871321082115173,0.7172060608863831
mm_0007841,BERT-base,0.0,1.0,sapbert_full_len3,7,7,0,6,False,1,-0.0,-0.0,C0027609,True,7.0,1.0,"{""C0027609"": 7}",-0.0,-0.0,0.0,C0027609,0.0,7.0,-0.5278900861740112,-0.5278900861740112,-0.5278900861740112,0.47210970520973206,0.9999997019767761
mm_0007841,BioBERT,0.0,1.0,sapbert_full_len3,7,7,0,6,False,2,0.5916727785823275,0.2107580961471984,C1257990,False,7.0,2.0,"{""UMLS:C1257990"": 6, ""C0027609"": 1}",0.5916727785823275,0.2107580961471984,0.0,UMLS:C1257990,0.0,7.0,-0.6258521676063538,-0.611857533454895,-0.6258521676063538,0.3881421685218811,0.9999997019767761
mm_0007841,BioMistral-7B,0.0,1.0,sapbert_full_len3,7,7,0,6,False,2,0.5916727785823275,0.2107580961471984,C0038661,False,,,,,,,,,7.0,4.76837158203125e-07,4.76837158203125e-07,4.76837158203125e-07,0.9999999914850508,0.9999995231628418
mm_0007841,FLAN-T5-base,0.0,1.0,sapbert_full_len3,7,7,0,6,False,2,0.5916727785823275,0.2107580961471984,C0038661,False,,,,,,,,,7.0,5.960464477539062e-07,4.427773611727558e-07,1.1920928943975897e-07,0.999999863760812,0.999999463558197
mm_0007841,Llama3-OpenBioLLM-8B,0.0,0.9999998807907104,sapbert_full_len3,7,7,0,6,False,3,1.5566567074628228,0.5544923070581674,C0035648,False,,,,,,,,,7.0,0.0102601647377014,0.0849279931613376,0.0102601647377014,0.9999998807907104,0.9150719046592712
mm_0007841,Meta-Llama-3-8B-Instruct,0.0,1.0,sapbert_full_len3,7,7,0,6,False,2,0.5916727785823275,0.2107580961471984,C0038661,False,,,,,,,,,7.0,4.76837158203125e-07,4.683222089494978e-07,4.172325134277344e-07,0.9999999914850508,0.9999995231628418
mm_0007841,Mistral-7B-Instruct-v0.1,0.0,0.9999998807907104,sapbert_full_len3,7,7,0,6,False,2,0.5916727785823275,0.2107580961471984,C0038661,False,,,,,,,,,7.0,3.5762786865234375e-07,3.491129193828562e-07,2.980232237659308e-07,0.9999998722757611,0.9999995231628418
mm_0007841,PubMedBERT,0.0,1.0,sapbert_full_len3,7,7,0,6,False,2,0.863120568566631,0.3074497498641964,C1839576,False,7.0,2.0,"{""C1839576"": 5, ""C1447749"": 2}",0.863120568566631,0.3074497498641964,0.0,C1839576,0.0,7.0,-0.6128584146499634,-0.6167963147163391,-0.626641035079956,0.3832034766674042,0.9999997019767761
mm_0008028,BERT-base,0.0,1.0,sapbert_full_len3,4,4,0,3,False,1,-0.0,-0.0,C0203379,True,4.0,1.0,"{""C0203379"": 4}",-0.0,-0.0,0.0,C0203379,0.0,4.0,-0.6183779239654541,-0.6183779239654541,-0.6183779239654541,0.38162168860435486,0.9999996423721313
mm_0008028,BioBERT,0.0,1.0,sapbert_full_len3,4,4,0,3,False,1,-0.0,-0.0,C1707887,True,4.0,1.0,"{""UMLS:C1707887"": 4}",-0.0,-0.0,0.0,UMLS:C1707887,0.0,4.0,-0.6646624207496643,-0.6646624207496643,-0.6646624207496643,0.33533722162246704,0.9999996423721313
mm_0008028,BioMistral-7B,0.0,1.0,sapbert_full_len3,4,4,0,3,False,1,-0.0,-0.0,C1504490,True,,,,,,,,,4.0,3.5762786865234375e-07,3.5762786865234375e-07,3.5762786865234375e-07,1.0,0.9999996423721312
mm_0008028,FLAN-T5-base,1.0,1.0,sapbert_full_len3,4,4,0,3,False,2,1.0,0.5,C0870071,False,,,,,,,,,4.0,0.0889292955398559,0.0588473975658416,2.384185791015625e-07,0.9999999701976776,0.941152572631836
mm_0008028,Llama3-OpenBioLLM-8B,1.0,0.7703964710235596,sapbert_full_len3,4,4,0,3,False,1,-0.0,-0.0,C0870071,True,,,,,,,,,4.0,-0.1050977110862732,0.0572799891233444,-0.1050977110862732,0.94259911775589,0.885319173336029
mm_0008028,Meta-Llama-3-8B-Instruct,1.0,0.8834714293479919,sapbert_full_len3,4,4,0,3,False,1,-0.0,-0.0,C0870071,True,,,,,,,,,4.0,-0.0545599460601806,-0.054562896490097,-0.0545638799667358,0.8834684789180756,0.9380313754081726
mm_0008028,Mistral-7B-Instruct-v0.1,1.0,0.7703964710235596,sapbert_full_len3,4,4,0,3,False,1,-0.0,-0.0,C0870071,True,,,,,,,,,4.0,-0.1050977110862732,-0.0924642533063888,-0.1050977110862732,0.7986642271280289,0.8911284804344177
mm_0008028,PubMedBERT,0.0,1.0,sapbert_full_len3,4,4,0,3,False,1,-0.0,-0.0,C1447749,True,4.0,1.0,"{""C1447749"": 4}",-0.0,-0.0,0.0,C1447749,0.0,4.0,-0.6553260684013367,-0.6553260684013367,-0.6553260684013367,0.3446735739707947,0.9999996423721313
mm_0008123,BERT-base,0.0,1.0,sapbert_full_len3,7,7,0,6,False,2,0.5916727785823275,0.2107580961471984,C0243095,False,7.0,2.0,"{""UMLS:C0444254"": 1, ""UMLS:C0243095"": 6}",0.5916727785823275,0.2107580961471984,0.0,UMLS:C0243095,0.0,7.0,-0.683314323425293,-0.6758365631103516,-0.683314323425293,0.32416293025016785,0.999999463558197
mm_0008123,BioBERT,0.0,1.0,sapbert_full_len3,7,7,0,6,False,2,0.5916727785823275,0.2107580961471984,C1257990,False,7.0,2.0,"{""UMLS:C1257990"": 6, ""UMLS:C1707887"": 1}",0.5916727785823275,0.2107580961471984,0.0,UMLS:C1257990,0.0,7.0,-0.6423337459564209,-0.6483215093612671,-0.6842478513717651,0.3516779839992523,0.999999463558197
mm_0008123,BioMistral-7B,0.0,0.8698300123214722,sapbert_full_len3,7,7,0,6,False,1,-0.0,-0.0,C1705846,True,,,,,,,,,7.0,0.0386464595794677,0.0386464595794677,0.0386464595794677,0.8698300123214722,0.8311834931373596
mm_0008123,FLAN-T5-base,0.0,0.8698133826255798,sapbert_full_len3,7,7,0,6,False,2,0.863120568566631,0.3074497498641964,C1705846,False,,,,,,,,,7.0,0.0386298298835754,0.0452635373388017,0.0386298298835754,0.8775276030812945,0.8322640061378479
mm_0008123,Llama3-OpenBioLLM-8B,0.0,0.9021433591842652,sapbert_full_len3,7,7,0,6,False,4,1.9502120649147463,0.6946795539074094,C2070230,False,,,,,,,,,7.0,-0.0105435848236082,0.0066952875682286,-0.0388767719268798,0.8507616009031024,0.8440662622451782
mm_0008123,Meta-Llama-3-8B-Instruct,0.0,1.0,sapbert_full_len3,7,7,0,6,False,3,1.5566567074628228,0.5544923070581674,C0563538,False,,,,,,,,,7.0,3.5762786865234375e-07,-0.0339552930423191,-0.1188445091247558,0.9418929644993372,0.9758481979370116
mm_0008123,Mistral-7B-Instruct-v0.1,0.0,1.0,sapbert_full_len3,7,7,0,6,False,5,2.235926350629032,0.7964530359382728,C0591531,False,,,,,,,,,7.0,0.0387948751449584,-0.026794535773141,-0.1189017295837402,0.9141155651637486,0.9409100413322448
mm_0008123,PubMedBERT,0.0,1.0,sapbert_full_len3,7,7,0,6,False,1,-0.0,-0.0,C1839576,True,7.0,1.0,"{""C1839576"": 7}",-0.0,-0.0,0.0,C1839576,0.0,7.0,-0.6094143986701965,-0.6094143986701965,-0.6094143986701965,0.3905850946903229,0.999999463558197
mm_0008874,BERT-base,0.0,1.0,sapbert_full_len3,7,7,0,6,False,1,-0.0,-0.0,C0282597,True,7.0,1.0,"{""C0282597"": 7}",-0.0,-0.0,0.0,C0282597,0.0,7.0,-0.6113303899765015,-0.6113303899765015,-0.6113303899765015,0.32601866126060486,0.9373490214347839
mm_0008874,BioBERT,0.0,1.0,sapbert_full_len3,7,7,0,6,False,2,0.5916727785823275,0.2107580961471984,C1257990,False,7.0,2.0,"{""UMLS:C1257990"": 6, ""C1447749"": 1}",0.5916727785823275,0.2107580961471984,0.0,UMLS:C1257990,0.0,7.0,-0.6004660129547119,-0.5936574935913086,-0.6004660129547119,0.34369149804115295,0.9373490214347839
mm_0008874,BioMistral-7B,0.0,0.9999998807907104,sapbert_full_len3,7,7,0,6,False,1,-0.0,-0.0,C0075338,True,,,,,,,,,7.0,0.1433619260787964,0.1433619260787964,0.1433619260787964,0.9999998807907104,0.8566379547119141
mm_0008874,FLAN-T5-base,0.0,0.9999999403953552,sapbert_full_len3,7,7,0,6,False,1,-0.0,-0.0,C0108136,True,,,,,,,,,7.0,5.364418029785156e-07,5.194119044712611e-07,4.76837158203125e-07,0.9999999233654568,0.999999463558197
mm_0008874,Llama3-OpenBioLLM-8B,0.0,0.9999999403953552,sapbert_full_len3,7,5,2,6,False,1,-0.0,-0.0,C0108136,True,,,,,,,,,5.0,5.364418029785156e-07,4.887580871582031e-07,4.76837158203125e-07,0.9999998927116394,0.9999994039535522
mm_0008874,Meta-Llama-3-8B-Instruct,0.0,1.0000001192092896,sapbert_full_len3,7,7,0,6,False,2,0.863120568566631,0.3074497498641964,C4553888,False,,,,,,,,,7.0,5.364418029785156e-07,0.1014242853437151,3.5762786865234375e-07,0.9999999233654568,0.8985756635665894
mm_0008874,Mistral-7B-Instruct-v0.1,0.0,0.7352558374404907,sapbert_full_len3,7,7,0,6,False,1,-0.0,-0.0,C1157879,True,,,,,,,,,7.0,-0.0021090507507324,-0.0021090507507324,-0.0021090507507324,0.7352558374404907,0.7373648285865784
mm_0008874,PubMedBERT,0.0,1.0,sapbert_full_len3,7,7,0,6,False,2,0.9852281360342516,0.3509453429964405,C1447749,False,7.0,2.0,"{""C1839576"": 3, ""C1447749"": 4}",0.9852281360342516,0.3509453429964405,0.0,C1447749,0.0,7.0,-0.622480034828186,-0.5826665759086609,-0.622480034828186,0.35468241572380066,0.9373490214347839
mm_0008935,BERT-base,0.0,1.0,sapbert_full_len3,7,7,0,6,False,1,-0.0,-0.0,C1257990,True,7.0,1.0,"{""UMLS:C1257990"": 7}",-0.0,-0.0,0.0,UMLS:C1257990,0.0,7.0,-0.6397313475608826,-0.6397313475608826,-0.6397313475608826,0.3602682650089264,0.9999995827674866
mm_0008935,BioBERT,0.0,1.0,sapbert_full_len3,7,7,0,6,False,1,-0.0,-0.0,C0752615,True,7.0,1.0,"{""C0752615"": 7}",-0.0,-0.0,0.0,C0752615,0.0,7.0,-0.7075873613357544,-0.7075873613357544,-0.7075873613357544,0.29241225123405457,0.9999995827674866
mm_0008935,BioMistral-7B,0.0,0.9999998807907104,sapbert_full_len3,7,7,0,6,False,2,0.863120568566631,0.3074497498641964,C5910003,False,,,,,,,,,7.0,0.2097796201705932,0.2023814235414777,0.1838858127593994,0.9999999489103044,0.7976185083389282
mm_0008935,FLAN-T5-base,1.0,1.0,sapbert_full_len3,7,7,0,6,False,2,0.9852281360342516,0.3509453429964405,C1519595,False,,,,,,,,,7.0,0.1392594575881958,0.1457995772361754,0.1392594575881958,0.9999998978206088,0.8542003631591797
mm_0008935,Llama3-OpenBioLLM-8B,1.0,1.0,sapbert_full_len3,7,7,0,6,False,3,1.3787834934861751,0.4911325898456825,C0040649,False,,,,,,,,,7.0,0.1838858127593994,0.0998797246388026,0.0239282250404357,0.9999999148505074,0.9001202583312988
mm_0008935,Meta-Llama-3-8B-Instruct,1.0,1.0,sapbert_full_len3,7,7,0,6,False,2,0.863120568566631,0.3074497498641964,C1519595,False,,,,,,,,,7.0,0.1838858127593994,0.1381820269993373,0.0239225625991821,0.999999965940203,0.8618178963661194
mm_0008935,Mistral-7B-Instruct-v0.1,1.0,1.0,sapbert_full_len3,7,7,0,6,False,2,0.863120568566631,0.3074497498641964,C1519595,False,,,,,,,,,7.0,0.1838858127593994,0.1659438439777919,0.0718449354171752,0.9999999829701016,0.8340561985969543
mm_0008935,PubMedBERT,0.0,1.0,sapbert_full_len3,7,7,0,6,False,2,0.5916727785823275,0.2107580961471984,C1839576,False,7.0,2.0,"{""C1839576"": 6, ""C1447749"": 1}",0.5916727785823275,0.2107580961471984,0.0,C1839576,0.0,7.0,-0.6868823766708374,-0.6799193620681763,-0.6868823766708374,0.3200802505016327,0.9999995827674866
mm_0009136,BERT-base,0.0,1.0,sapbert_full_len3,5,5,0,4,False,1,-0.0,-0.0,C1257990,True,5.0,1.0,"{""UMLS:C1257990"": 5}",-0.0,-0.0,0.0,UMLS:C1257990,0.0,5.0,-0.5728672742843628,-0.5728672742843628,-0.5728672742843628,0.33174920082092285,0.9046164751052856
mm_0009136,BioBERT,0.0,1.0,sapbert_full_len3,5,5,0,4,False,2,0.9709505944546686,0.4181656600790516,C1257990,False,5.0,2.0,"{""UMLS:C1257990"": 3, ""C0258846"": 2}",0.9709505944546686,0.4181656600790516,0.0,UMLS:C1257990,0.0,5.0,-0.5728672742843628,-0.5444270372390747,-0.5728672742843628,0.36018943786621094,0.9046164751052856
mm_0009136,BioMistral-7B,0.0,1.0,sapbert_full_len3,5,5,0,4,False,1,-0.0,-0.0,C2003595,True,,,,,,,,,5.0,5.960464477539062e-07,5.960464477539062e-07,5.960464477539062e-07,1.0,0.9999994039535522
mm_0009136,FLAN-T5-base,0.0,1.0000001192092896,sapbert_full_len3,5,5,0,4,False,2,0.9709505944546686,0.4181656600790516,C1185625,False,,,,,,,,,5.0,4.76837158203125e-07,5.245208740234375e-07,4.76837158203125e-07,1.0000000715255737,0.9999995231628418
mm_0009136,Llama3-OpenBioLLM-8B,0.0,1.0,sapbert_full_len3,5,5,0,4,False,3,1.521928094887362,0.6554587535412855,C0038250,False,,,,,,,,,5.0,0.0612316131591796,0.0625802516937255,0.0568113327026367,0.9400121092796324,0.8774318695068359
mm_0009136,Meta-Llama-3-8B-Instruct,0.0,0.7886782288551331,sapbert_full_len3,5,5,0,4,False,1,-0.0,-0.0,C2003595,True,,,,,,,,,5.0,0.0003987550735473,8.008480072012603e-05,4.172325133167121e-07,0.9577355027198792,0.957655429840088
mm_0009136,Mistral-7B-Instruct-v0.1,0.0,0.9999998211860656,sapbert_full_len3,5,5,0,4,False,1,-0.0,-0.0,C2003595,True,,,,,,,,,5.0,4.172325133167121e-07,4.172325133167121e-07,4.172325133167121e-07,0.9999998211860656,0.9999994039535522
mm_0009136,PubMedBERT,0.0,1.0,sapbert_full_len3,5,5,0,4,False,1,-0.0,-0.0,C1447749,True,5.0,1.0,"{""C1447749"": 5}",-0.0,-0.0,0.0,C1447749,0.0,5.0,-0.5060790777206421,-0.5060790777206421,-0.5060790777206421,0.39853739738464355,0.9046164751052856
mm_0009327,BERT-base,0.0,1.0,sapbert_full_len3,7,7,0,6,False,2,0.863120568566631,0.3074497498641964,C1447749,False,7.0,2.0,"{""C1447749"": 5, ""C4277543"": 2}",0.863120568566631,0.3074497498641964,0.0,C1447749,0.0,7.0,-0.5922539234161377,-0.580998420715332,-0.5922539234161377,0.36398234963417053,0.9449807405471802
mm_0009327,BioBERT,0.0,1.0,sapbert_full_len3,7,7,0,6,False,1,-0.0,-0.0,C1257990,True,7.0,1.0,"{""UMLS:C1257990"": 7}",-0.0,-0.0,0.0,UMLS:C1257990,0.0,7.0,-0.48447608947753906,-0.48447608947753906,-0.48447608947753906,0.4605046808719635,0.9449807405471802
mm_0009327,BioMistral-7B,0.0,0.9999999403953552,sapbert_full_len3,7,7,0,6,False,3,1.3787834934861751,0.4911325898456825,C1413850,False,,,,,,,,,7.0,5.364418029785156e-07,4.853521074567522e-07,4.172325134277344e-07,0.9999999829701016,0.9999995231628418
mm_0009327,FLAN-T5-base,0.0,1.0000001192092896,sapbert_full_len3,7,7,0,6,False,1,-0.0,-0.0,C0242184,True,,,,,,,,,7.0,4.172325134277344e-07,4.172325134277344e-07,4.172325134277344e-07,1.0000001192092896,0.9999996423721312
mm_0009327,Llama3-OpenBioLLM-8B,0.0,0.9219613075256348,sapbert_full_len3,7,7,0,6,False,3,1.5566567074628228,0.5544923070581674,C4289596,False,,,,,,,,,7.0,0.0927543044090271,0.0734366263662065,1.788139343261719e-07,0.9647494724818638,0.8913128972053528
mm_0009327,Meta-Llama-3-8B-Instruct,0.0,1.0000001192092896,sapbert_full_len3,7,7,0,6,False,1,-0.0,-0.0,C0242184,True,,,,,,,,,7.0,4.172325134277344e-07,2.1287373134068081e-07,1.788139343261719e-07,0.9999999148505074,0.9999996423721312
mm_0009327,Mistral-7B-Instruct-v0.1,0.0,0.9999998807907104,sapbert_full_len3,7,7,0,6,False,1,-0.0,-0.0,C0242184,True,,,,,,,,,7.0,1.788139343261719e-07,3.8317271641322557e-07,1.788139343261719e-07,1.0000000851494926,0.9999996423721312
mm_0009327,PubMedBERT,0.0,1.0,sapbert_full_len3,7,7,0,6,False,1,-0.0,-0.0,C1447749,True,7.0,1.0,"{""C1447749"": 7}",-0.0,-0.0,0.0,C1447749,0.0,7.0,-0.5922539234161377,-0.5922539830207825,-0.5922539234161377,0.35272684693336487,0.9449807405471802
mm_0009884,BERT-base,0.0,1.0,sapbert_full_len3,7,7,0,6,False,1,-0.0,-0.0,C0169661,True,7.0,1.0,"{""C0169661"": 7}",-0.0,-0.0,0.0,C0169661,0.0,7.0,-0.6292905211448669,-0.6292905211448669,-0.6292905211448669,0.37070900201797485,0.9999995231628418
mm_0009884,BioBERT,0.0,1.0,sapbert_full_len3,7,7,0,6,False,3,1.3787834934861751,0.4911325898456825,C0008396,False,7.0,3.0,"{""C0008396"": 4, ""C1447749"": 1, ""UMLS:C1257990"": 2}",1.3787834934861751,0.4911325898456825,0.0,C0008396,0.0,7.0,-0.6833829283714294,-0.6727514266967773,-0.6986754536628723,0.32724809646606445,0.9999995231628418
mm_0009884,BioMistral-7B,0.0,1.0000001192092896,sapbert_full_len3,7,7,0,6,False,1,-0.0,-0.0,C0919458,True,,,,,,,,,7.0,4.76837158203125e-07,2.213886804991461e-07,1.7881393421514957e-07,0.999999863760812,0.9999995827674866
mm_0009884,FLAN-T5-base,1.0,0.9999999403953552,sapbert_full_len3,7,7,0,6,False,3,1.5566567074628228,0.5544923070581674,C0031715,False,,,,,,,,,7.0,4.172325134277344e-07,3.2356807160611414e-07,1.7881393421514957e-07,0.9999999063355582,0.9999995231628418
mm_0009884,Llama3-OpenBioLLM-8B,0.0,0.788313090801239,sapbert_full_len3,7,7,0,6,False,2,0.5916727785823275,0.2107580961471984,C0373548,False,,,,,,,,,7.0,-0.1937896609306335,-0.1250677193914141,-0.1937896609306335,0.8185540778296334,0.943621814250946
mm_0009884,Meta-Llama-3-8B-Instruct,0.0,1.0000001192092896,sapbert_full_len3,7,7,0,6,False,2,0.863120568566631,0.3074497498641964,C0919458,False,,,,,,,,,7.0,4.76837158203125e-07,-0.0553681339536394,-0.1937896609306335,0.9395181110927036,0.99488627910614
mm_0009884,Mistral-7B-Instruct-v0.1,0.0,1.0000001192092896,sapbert_full_len3,7,7,0,6,False,1,-0.0,-0.0,C0919458,True,,,,,,,,,7.0,4.76837158203125e-07,2.213886804991461e-07,1.7881393421514957e-07,0.999999863760812,0.9999995827674866
mm_0009884,PubMedBERT,0.0,1.0,sapbert_full_len3,7,7,0,6,False,2,0.5916727785823275,0.2107580961471984,C1447749,False,7.0,2.0,"{""C1839576"": 1, ""C1447749"": 6}",0.5916727785823275,0.2107580961471984,0.0,C1447749,0.0,7.0,-0.6430090069770813,-0.5876103639602661,-0.6430090069770813,0.4123891294002533,0.9999995231628418
mm_0010371,BERT-base,0.0,1.0,sapbert_full_len3,5,5,0,4,False,2,0.9709505944546686,0.4181656600790516,C1312419,False,5.0,2.0,"{""C1312419"": 3, ""UMLS:C1257990"": 2}",0.9709505944546686,0.4181656600790516,0.0,C1312419,0.0,5.0,-0.6493818759918213,-0.6895266771316528,-0.7497438788414001,0.3104727566242218,0.9999994039535522
mm_0010371,BioBERT,0.0,1.0,sapbert_full_len3,5,5,0,4,False,3,1.3709505944546687,0.5904362833084089,C0008396,False,5.0,3.0,"{""C0008396"": 3, ""C0059563"": 1, ""UMLS:C1707887"": 1}",1.3709505944546687,0.5904362833084089,0.0,C0008396,1.0,5.0,-0.534794270992279,-0.5557013154029846,-0.6244702339172363,0.4442980885505676,0.9999994039535522
mm_0010371,BioMistral-7B,1.0,0.9999998807907104,sapbert_full_len3,5,5,0,4,False,1,-0.0,-0.0,C0018966,True,,,,,,,,,5.0,0.0603581666946411,0.0603582620620727,0.0603581666946411,0.999999976158142,0.939641773700714
mm_0010371,FLAN-T5-base,0.0,1.0,sapbert_full_len3,5,5,0,4,False,1,-0.0,-0.0,C0003374,True,,,,,,,,,5.0,0.023369014263153,0.0186952352523803,4.76837158203125e-07,0.9999999046325684,0.98130464553833
mm_0010371,Llama3-OpenBioLLM-8B,0.0,0.9999998211860656,sapbert_full_len3,5,5,0,4,False,3,1.521928094887362,0.6554587535412855,C1148616,False,,,,,,,,,5.0,2.980232237659308e-07,0.0544792294502258,2.980232237659308e-07,0.9999999165534972,0.9455206990242004
mm_0010371,Meta-Llama-3-8B-Instruct,0.0,0.9999998807907104,sapbert_full_len3,5,5,0,4,False,2,0.7219280948873623,0.3109175070825711,C0024530,False,,,,,,,,,5.0,1.1920928955078125e-07,0.0046739697456359,1.1920928955078125e-07,0.999999976158142,0.995326042175293
mm_0010371,Mistral-7B-Instruct-v0.1,0.0,0.9999998807907104,sapbert_full_len3,5,5,0,4,False,2,0.9709505944546686,0.4181656600790516,C0024530,False,,,,,,,,,5.0,1.1920928955078125e-07,0.0303359270095825,1.1920928955078125e-07,0.9999998807907104,0.9696639776229858
mm_0010371,PubMedBERT,0.0,1.0,sapbert_full_len3,5,5,0,4,False,1,-0.0,-0.0,C1447749,True,5.0,1.0,"{""C1447749"": 5}",-0.0,-0.0,0.0,C1447749,0.0,5.0,-0.5903497934341431,-0.5903497934341431,-0.5903497934341431,0.40964967012405396,0.9999994039535522
mm_0011144,BERT-base,0.0,1.0,sapbert_full_len3,7,7,0,6,False,2,0.863120568566631,0.3074497498641964,C0919821,False,7.0,2.0,"{""UMLS:C0919821"": 5, ""C1447749"": 2}",0.863120568566631,0.3074497498641964,0.0,UMLS:C0919821,0.0,7.0,-0.4549427032470703,-0.4165317416191101,-0.4549427032470703,0.33664947748184204,0.7531811594963074
mm_0011144,BioBERT,0.0,1.0,sapbert_full_len3,7,7,0,6,False,1,-0.0,-0.0,C0919821,True,7.0,1.0,"{""UMLS:C0919821"": 7}",-0.0,-0.0,0.0,UMLS:C0919821,0.0,7.0,-0.4549427032470703,-0.4549427032470703,-0.4549427032470703,0.29823851585388184,0.7531811594963074
mm_0011144,BioMistral-7B,0.0,0.9999999403953552,sapbert_full_len3,7,7,0,6,False,1,-0.0,-0.0,C0023211,True,,,,,,,,,7.0,4.172325134277344e-07,4.172325134277344e-07,4.172325134277344e-07,0.9999999403953552,0.9999995231628418
mm_0011144,FLAN-T5-base,0.0,1.0,sapbert_full_len3,7,7,0,6,False,1,-0.0,-0.0,C0023211,True,,,,,,,,,7.0,4.76837158203125e-07,4.2574746268136163e-07,4.172325134277344e-07,0.9999999489103044,0.9999995231628418
mm_0011144,Llama3-OpenBioLLM-8B,0.0,0.9999999403953552,sapbert_full_len3,7,7,0,6,False,3,1.3787834934861751,0.4911325898456825,C0149721,False,,,,,,,,,7.0,2.980232238769531e-07,0.0507655228887285,2.980232238769531e-07,0.9980465344020298,0.947281002998352
mm_0011144,Meta-Llama-3-8B-Instruct,0.0,0.9891313910484314,sapbert_full_len3,7,7,0,6,False,1,-0.0,-0.0,C0023211,True,,,,,,,,,7.0,0.0333258509635925,0.0333258509635925,0.0333258509635925,0.9891313910484314,0.9558056592941284
mm_0011144,Mistral-7B-Instruct-v0.1,0.0,1.0,sapbert_full_len3,7,7,0,6,False,1,-0.0,-0.0,C0023211,True,,,,,,,,,7.0,4.76837158203125e-07,4.76837158203125e-07,4.76837158203125e-07,1.0,0.9999995231628418
mm_0011144,PubMedBERT,0.0,1.0,sapbert_full_len3,7,7,0,6,False,1,-0.0,-0.0,C1447749,True,7.0,1.0,"{""C1447749"": 7}",-0.0,-0.0,0.0,C1447749,0.0,7.0,-0.3205043077468872,-0.3205043375492096,-0.3205043077468872,0.43267694115638733,0.7531811594963074
mm_0011490,BERT-base,0.0,1.0,sapbert_full_len3,5,5,0,4,False,1,-0.0,-0.0,C0018966,True,5.0,1.0,"{""C0018966"": 5}",-0.0,-0.0,0.0,C0018966,0.0,5.0,-0.317104697227478,-0.317104697227478,-0.317104697227478,0.5132061839103699,0.8303109407424927
mm_0011490,BioBERT,1.0,1.0,sapbert_full_len3,5,5,0,4,False,1,-0.0,-0.0,C1100347,True,5.0,1.0,"{""UMLS:C1100347"": 5}",-0.0,-0.0,1.0,UMLS:C1100347,0.0,5.0,-0.4969879984855652,-0.4969879984855652,-0.4969879984855652,0.3333228826522827,0.8303109407424927
mm_0011490,BioMistral-7B,0.0,0.8302657604217529,sapbert_full_len3,5,5,0,4,False,3,1.521928094887362,0.6554587535412855,C1175288,False,,,,,,,,,5.0,0.044751226902008,0.1016498327255249,0.0247665047645568,0.9338439345359802,0.8321940302848816
mm_0011490,FLAN-T5-base,0.0,0.9999995827674866,sapbert_full_len3,5,5,0,4,False,1,-0.0,-0.0,C0444626,True,,,,,,,,,5.0,0.1849634647369384,0.1849634647369384,0.1849634647369384,0.9999995827674866,0.8150361180305481
mm_0011490,Llama3-OpenBioLLM-8B,0.0,0.9999995827674866,sapbert_full_len3,5,5,0,4,False,3,1.521928094887362,0.6554587535412855,C0076331,False,,,,,,,,,5.0,0.1849634647369384,0.1009162425994872,0.0218594074249267,0.9214084267616272,0.820492148399353
mm_0011490,Meta-Llama-3-8B-Instruct,0.0,1.0,sapbert_full_len3,5,5,0,4,False,1,-0.0,-0.0,C0444626,True,,,,,,,,,5.0,0.1849638819694519,0.1849638819694519,0.1849638819694519,1.0,0.8150361180305481
mm_0011490,Mistral-7B-Instruct-v0.1,0.0,1.0,sapbert_full_len3,5,5,0,4,False,1,-0.0,-0.0,C0444626,True,,,,,,,,,5.0,0.1849638819694519,0.1849638819694519,0.1849638819694519,1.0,0.8150361180305481
mm_0011490,PubMedBERT,0.0,1.0,sapbert_full_len3,5,5,0,4,False,1,-0.0,-0.0,C0018966,True,5.0,1.0,"{""C0018966"": 5}",-0.0,-0.0,0.0,C0018966,0.0,5.0,-0.317104697227478,-0.317104697227478,-0.317104697227478,0.5132061839103699,0.8303109407424927
mm_0011728,BERT-base,0.0,1.0,sapbert_full_len3,7,7,0,6,False,1,-0.0,-0.0,C1257990,True,7.0,1.0,"{""UMLS:C1257990"": 7}",-0.0,-0.0,0.0,UMLS:C1257990,0.0,7.0,-0.7152695059776306,-0.7152695059776306,-0.7152695059776306,0.28473013639450073,0.9999996423721313
mm_0011728,BioBERT,0.0,1.0,sapbert_full_len3,7,7,0,6,False,1,-0.0,-0.0,C1257990,True,7.0,1.0,"{""UMLS:C1257990"": 7}",-0.0,-0.0,0.0,UMLS:C1257990,0.0,7.0,-0.7152695059776306,-0.7152695059776306,-0.7152695059776306,0.28473013639450073,0.9999996423721313
mm_0011728,BioMistral-7B,0.0,0.9999999403953552,sapbert_full_len3,7,7,0,6,False,2,0.863120568566631,0.3074497498641964,C1431109,False,,,,,,,,,7.0,4.172325134277344e-07,0.0594293986048017,4.172325134277344e-07,0.9999999574252536,0.9405705332756042
mm_0011728,FLAN-T5-base,0.0,1.0000001192092896,sapbert_full_len3,7,7,0,6,False,2,0.863120568566631,0.3074497498641964,C0753749,False,,,,,,,,,7.0,6.556510925292969e-07,0.0094291056905473,5.364418029785156e-07,1.0000000851494926,0.9905709624290466
mm_0011728,Llama3-OpenBioLLM-8B,1.0,1.0,sapbert_full_len3,7,7,0,6,False,2,0.863120568566631,0.3074497498641964,C1431109,False,,,,,,,,,7.0,0.1515339016914367,0.0314255101340157,0.0071072578430175,0.9999999574252536,0.9685744643211364
mm_0011728,Meta-Llama-3-8B-Instruct,0.0,1.0,sapbert_full_len3,7,7,0,6,False,3,1.3787834934861751,0.4911325898456825,C1431109,False,,,,,,,,,7.0,0.0071073174476623,0.0578400577817644,0.0071072578430175,0.9999999489103044,0.9421599507331848
mm_0011728,Mistral-7B-Instruct-v0.1,0.0,0.9999999403953552,sapbert_full_len3,7,7,0,6,False,2,0.9852281360342516,0.3509453429964405,C1431109,False,,,,,,,,,7.0,0.0071072578430175,0.0669630425316946,0.0071072578430175,0.999999965940203,0.9330369234085084
mm_0011728,PubMedBERT,0.0,1.0,sapbert_full_len3,7,7,0,6,False,1,-0.0,-0.0,C1431322,True,7.0,1.0,"{""C1431322"": 7}",-0.0,-0.0,0.0,C1431322,0.0,7.0,-0.6059505939483643,-0.605950653553009,-0.6059505939483643,0.3940490782260895,0.9999996423721313
mm_0013400,BERT-base,0.0,1.0,sapbert_full_len3,5,5,0,4,False,1,-0.0,-0.0,C1447749,True,5.0,1.0,"{""C1447749"": 5}",-0.0,-0.0,0.0,C1447749,0.0,5.0,-0.6949702501296997,-0.6949702501296997,-0.6949702501296997,0.3050292730331421,0.9999995231628418
mm_0013400,BioBERT,0.0,1.0,sapbert_full_len3,5,5,0,4,False,1,-0.0,-0.0,C1999375,True,5.0,1.0,"{""C1999375"": 5}",-0.0,-0.0,0.0,C1999375,0.0,5.0,-0.7127115726470947,-0.7127115726470947,-0.7127115726470947,0.28728795051574707,0.9999995231628418
mm_0013400,BioMistral-7B,0.0,0.9999998807907104,sapbert_full_len3,5,5,0,4,False,1,-0.0,-0.0,C0149531,True,,,,,,,,,5.0,2.980232238769531e-07,4.887580871582031e-07,2.980232238769531e-07,1.0000000715255737,0.9999996423721312
mm_0013400,FLAN-T5-base,0.0,1.0000001192092896,sapbert_full_len3,5,5,0,4,False,2,0.9709505944546686,0.4181656600790516,C0149531,False,,,,,,,,,5.0,5.364418029785156e-07,0.0191807389259338,5.364418029785156e-07,1.000000047683716,0.9808193445205688
mm_0013400,Llama3-OpenBioLLM-8B,0.0,1.0,sapbert_full_len3,5,5,0,4,False,3,1.521928094887362,0.6554587535412855,C0242492,False,,,,,,,,,5.0,5.960464477539062e-07,0.1715092420578003,5.960464477539062e-07,1.0,0.8284907341003418
mm_0013400,Meta-Llama-3-8B-Instruct,0.0,1.0000001192092896,sapbert_full_len3,5,5,0,4,False,1,-0.0,-0.0,C0149531,True,,,,,,,,,5.0,5.364418029785156e-07,5.364418029785156e-07,5.364418029785156e-07,1.0000001192092896,0.9999996423721312
mm_0013400,Mistral-7B-Instruct-v0.1,1.0,0.9999998211860656,sapbert_full_len3,5,5,0,4,False,1,-0.0,-0.0,C0040615,True,,,,,,,,,5.0,0.0479509234428404,0.0479509234428404,0.0479509234428404,0.9999998211860656,0.9520488977432252
mm_0013400,PubMedBERT,0.0,1.0,sapbert_full_len3,5,5,0,4,False,1,-0.0,-0.0,C1999375,True,5.0,1.0,"{""C1999375"": 5}",-0.0,-0.0,0.0,C1999375,0.0,5.0,-0.7127115726470947,-0.7127115726470947,-0.7127115726470947,0.28728795051574707,0.9999995231628418
mm_0013465,BERT-base,0.0,1.0,sapbert_full_len3,5,5,0,4,False,1,-0.0,-0.0,C1447749,True,5.0,1.0,"{""C1447749"": 5}",-0.0,-0.0,0.0,C1447749,0.0,5.0,-0.4427409768104553,-0.4427409768104553,-0.4427409768104553,0.42210903763771057,0.8648499250411987
mm_0013465,BioBERT,0.0,1.0,sapbert_full_len3,5,5,0,4,False,1,-0.0,-0.0,C1447749,True,5.0,1.0,"{""C1447749"": 5}",-0.0,-0.0,0.0,C1447749,0.0,5.0,-0.4427409768104553,-0.4427409768104553,-0.4427409768104553,0.42210903763771057,0.8648499250411987
mm_0013465,BioMistral-7B,0.0,0.859550952911377,sapbert_full_len3,5,5,0,4,False,1,-0.0,-0.0,C3541837,True,,,,,,,,,5.0,-0.0115792751312255,-0.0115792751312255,-0.0115792751312255,0.859550952911377,0.8711301684379578
mm_0013465,FLAN-T5-base,0.0,0.8486093282699585,sapbert_full_len3,5,5,0,4,False,1,-0.0,-0.0,C3541837,True,,,,,,,,,5.0,-0.0187017917633056,-0.0187398433685302,-0.0187493562698364,0.8485712766647339,0.8673111200332642
mm_0013465,Llama3-OpenBioLLM-8B,0.0,0.859550952911377,sapbert_full_len3,5,5,0,4,False,2,0.9709505944546686,0.4181656600790516,C3541837,False,,,,,,,,,5.0,-0.0115957260131835,0.0143300533294677,-0.0115957260131835,0.8750102996826172,0.8606802225112915
mm_0013465,Meta-Llama-3-8B-Instruct,0.0,1.0,sapbert_full_len3,5,5,0,4,False,2,0.9709505944546686,0.4181656600790516,C0027793,False,,,,,,,,,5.0,0.0885239243507385,0.1016097903251647,0.088523745536804,0.9999998569488524,0.8983901143074036
mm_0013465,Mistral-7B-Instruct-v0.1,0.0,0.8485617637634277,sapbert_full_len3,5,5,0,4,False,2,0.9709505944546686,0.4181656600790516,C3541837,False,,,,,,,,,5.0,-0.0187493562698364,0.0372924089431762,-0.0187493562698364,0.9091370105743408,0.8718445897102356
mm_0013465,PubMedBERT,0.0,1.0,sapbert_full_len3,5,5,0,4,False,2,0.9709505944546686,0.4181656600790516,C1447749,False,5.0,2.0,"{""C1839576"": 2, ""C1447749"": 3}",0.9709505944546686,0.4181656600790516,0.0,C1447749,0.0,5.0,-0.49834007024765015,-0.4649806022644043,-0.49834007024765015,0.3998693823814392,0.8648499250411987
mm_0014062,BERT-base,0.0,1.0,sapbert_full_len3,7,7,0,6,False,1,-0.0,-0.0,C1739108,True,7.0,1.0,"{""C1739108"": 7}",-0.0,-0.0,0.0,C1739108,0.0,7.0,-0.4256901443004608,-0.4256901443004608,-0.4256901443004608,0.3008304536342621,0.7265205979347229
mm_0014062,BioBERT,0.0,1.0,sapbert_full_len3,7,7,0,6,False,1,-0.0,-0.0,C1839576,True,7.0,1.0,"{""C1839576"": 7}",-0.0,-0.0,0.0,C1839576,0.0,7.0,-0.2945230007171631,-0.2945230007171631,-0.2945230007171631,0.4319975972175598,0.7265205979347229
mm_0014062,BioMistral-7B,0.0,1.0,sapbert_full_len3,7,7,0,6,False,1,-0.0,-0.0,C0042164,True,,,,,,,,,7.0,0.0703200697898864,0.0703200697898864,0.0703200697898864,1.0,0.9296799302101136
mm_0014062,FLAN-T5-base,0.0,1.0,sapbert_full_len3,7,7,0,6,False,1,-0.0,-0.0,C0042164,True,,,,,,,,,7.0,0.070284366607666,0.070284366607666,0.070284366607666,1.0,0.929715633392334
mm_0014062,Llama3-OpenBioLLM-8B,0.0,0.8339030742645264,sapbert_full_len3,7,7,0,6,False,3,1.448815635725185,0.516078542239789,C3177188,False,,,,,,,,,7.0,0.0136042833328247,0.0345435227666581,5.960464477539062e-07,0.9319558228765216,0.8974123001098633
mm_0014062,Meta-Llama-3-8B-Instruct,0.0,1.0,sapbert_full_len3,7,7,0,6,False,1,-0.0,-0.0,C0042164,True,,,,,,,,,7.0,0.0703200697898864,0.0703200697898864,0.0703200697898864,1.0,0.9296799302101136
mm_0014062,Mistral-7B-Instruct-v0.1,0.0,0.9999998211860656,sapbert_full_len3,7,7,0,6,False,1,-0.0,-0.0,C0042164,True,,,,,,,,,7.0,0.070319890975952,0.070319890975952,0.070319890975952,0.9999998211860656,0.9296799302101136
mm_0014062,PubMedBERT,0.0,1.0,sapbert_full_len3,7,7,0,6,False,1,-0.0,-0.0,C1839576,True,7.0,1.0,"{""C1839576"": 7}",-0.0,-0.0,0.0,C1839576,0.0,7.0,-0.2945230007171631,-0.2945230007171631,-0.2945230007171631,0.4319975972175598,0.7265205979347229
mm_0014155,BERT-base,0.0,1.0,sapbert_full_len3,7,7,0,6,False,1,-0.0,-0.0,C1257990,True,7.0,1.0,"{""UMLS:C1257990"": 7}",-0.0,-0.0,0.0,UMLS:C1257990,0.0,7.0,-0.5796986222267151,-0.5796986222267151,-0.5796986222267151,0.3490843176841736,0.9287829399108887
mm_0014155,BioBERT,0.0,1.0,sapbert_full_len3,7,7,0,6,False,1,-0.0,-0.0,C1257990,True,7.0,1.0,"{""UMLS:C1257990"": 7}",-0.0,-0.0,0.0,UMLS:C1257990,0.0,7.0,-0.5796986222267151,-0.5796986222267151,-0.5796986222267151,0.3490843176841736,0.9287829399108887
mm_0014155,BioMistral-7B,0.0,0.9999997615814208,sapbert_full_len3,7,7,0,6,False,1,-0.0,-0.0,C2681631,True,,,,,,,,,7.0,0.1489619016647337,0.1489620038441249,0.1489619016647337,0.999999863760812,0.8510379195213318
mm_0014155,FLAN-T5-base,0.0,0.9999998211860656,sapbert_full_len3,7,7,0,6,False,2,0.5916727785823275,0.2107580961471984,C1332838,False,,,,,,,,,7.0,0.0914497971534727,0.0996658120836529,0.0914497971534727,0.9999998126711164,0.9003340601921082
mm_0014155,Llama3-OpenBioLLM-8B,0.0,0.9642977714538574,sapbert_full_len3,7,7,0,6,False,2,0.863120568566631,0.3074497498641964,C3148147,False,,,,,,,,,7.0,0.0243294239044189,0.0435066734041486,0.0243294239044189,0.9744983570916312,0.9309917092323304
mm_0014155,Meta-Llama-3-8B-Instruct,0.0,0.9999998807907104,sapbert_full_len3,7,7,0,6,False,2,0.863120568566631,0.3074497498641964,C2681631,False,,,,,,,,,7.0,0.1489620208740234,0.1325300080435616,0.0914499759674072,0.9999999148505074,0.8674699068069458
mm_0014155,Mistral-7B-Instruct-v0.1,0.0,0.9999998807907104,sapbert_full_len3,7,7,0,6,False,1,-0.0,-0.0,C2681631,True,,,,,,,,,7.0,0.1489620208740234,0.1489620208740234,0.1489620208740234,0.9999998807907104,0.8510379195213318
mm_0014155,PubMedBERT,0.0,1.0,sapbert_full_len3,7,7,0,6,False,2,0.863120568566631,0.3074497498641964,C1423931,False,7.0,2.0,"{""UMLS:C1423931"": 5, ""UMLS:C1257990"": 2}",0.863120568566631,0.3074497498641964,0.0,UMLS:C1423931,0.0,7.0,-0.5300629138946533,-0.5442445874214172,-0.5796986222267151,0.3845383822917938,0.9287829399108887
mm_0014726,BERT-base,0.0,1.0,sapbert_full_len3,5,5,0,4,False,1,-0.0,-0.0,C1447749,True,5.0,1.0,"{""C1447749"": 5}",-0.0,-0.0,0.0,C1447749,0.0,5.0,-0.6633973121643066,-0.6633973121643066,-0.6633973121643066,0.33660197257995605,0.9999992251396179
mm_0014726,BioBERT,0.0,1.0,sapbert_full_len3,5,5,0,4,False,1,-0.0,-0.0,C1257990,True,5.0,1.0,"{""UMLS:C1257990"": 5}",-0.0,-0.0,0.0,UMLS:C1257990,0.0,5.0,-0.7403393983840942,-0.7403393983840942,-0.7403393983840942,0.25965991616249084,0.9999992251396179
mm_0014726,BioMistral-7B,1.0,0.9999998807907104,sapbert_full_len3,5,5,0,4,False,3,1.521928094887362,0.6554587535412855,C0027051,False,,,,,,,,,5.0,0.090352714061737,0.0924018740653991,3.5762786865234375e-07,0.999999952316284,0.9075981378555298
mm_0014726,FLAN-T5-base,1.0,1.0,sapbert_full_len3,5,5,0,4,False,1,-0.0,-0.0,C0362046,True,,,,,,,,,5.0,0.1619263887405395,0.1619263887405395,0.1619263887405395,1.0,0.8380736112594604
mm_0014726,Llama3-OpenBioLLM-8B,1.0,1.0,sapbert_full_len3,5,5,0,4,False,3,1.521928094887362,0.6554587535412855,C0362046,False,,,,,,,,,5.0,0.0882537364959716,0.1423961400985717,0.0311204195022583,0.999999976158142,0.8576038479804993
mm_0014726,Meta-Llama-3-8B-Instruct,0.0,0.9999998807907104,sapbert_full_len3,5,5,0,4,False,2,0.7219280948873623,0.3109175070825711,C0362046,False,,,,,,,,,5.0,0.035386323928833,0.0828319072723388,0.035386323928833,0.999999976158142,0.917168140411377
mm_0014726,Mistral-7B-Instruct-v0.1,0.0,0.9999998807907104,sapbert_full_len3,5,5,0,4,False,1,-0.0,-0.0,C0027051,True,,,,,,,,,5.0,0.035386323928833,0.035386323928833,0.035386323928833,0.9999998807907104,0.9646135568618774
mm_0014726,PubMedBERT,0.0,1.0,sapbert_full_len3,5,5,0,4,False,1,-0.0,-0.0,C1839576,True,5.0,1.0,"{""C1839576"": 5}",-0.0,-0.0,0.0,C1839576,0.0,5.0,-0.6937340497970581,-0.6937340497970581,-0.6937340497970581,0.306265264749527,0.9999992251396179
mm_0015627,BERT-base,0.0,1.0,sapbert_full_len3,7,7,0,6,False,3,1.5566567074628228,0.5544923070581674,C0242264,False,7.0,3.0,"{""C0242264"": 3, ""UMLS:C2347609"": 2, ""C3178916"": 2}",1.5566567074628228,0.5544923070581674,0.0,C0242264,1.0,7.0,-0.6038516759872437,-0.7098432183265686,-0.9999998211860657,0.29015660285949707,0.9999998211860657
mm_0015627,BioBERT,0.0,1.0,sapbert_full_len3,7,7,0,6,False,1,-0.0,-0.0,C1257990,True,7.0,1.0,"{""UMLS:C1257990"": 7}",-0.0,-0.0,0.0,UMLS:C1257990,0.0,7.0,-0.7329593300819397,-0.7329593300819397,-0.7329593300819397,0.267040491104126,0.9999998211860657
mm_0015627,BioMistral-7B,1.0,1.0,sapbert_full_len3,7,7,0,6,False,1,-0.0,-0.0,C0441987,True,,,,,,,,,7.0,0.0350752472877502,0.0350752472877502,0.0350752472877502,1.0,0.9649247527122498
mm_0015627,FLAN-T5-base,1.0,1.0,sapbert_full_len3,7,7,0,6,False,1,-0.0,-0.0,C0441987,True,,,,,,,,,7.0,0.0350752472877502,0.0285213419369288,0.0121365785598754,0.92830000604902,0.8997786641120911
mm_0015627,Llama3-OpenBioLLM-8B,1.0,1.0,sapbert_full_len3,7,7,0,6,False,1,-0.0,-0.0,C0441987,True,,,,,,,,,7.0,0.1861817240715026,0.1029625875609261,-0.0499625205993652,0.8903277431215558,0.7873650789260864
mm_0015627,Meta-Llama-3-8B-Instruct,0.0,1.0,sapbert_full_len3,7,7,0,6,False,2,0.863120568566631,0.3074497498641964,C0441987,False,,,,,,,,,7.0,4.172325134277344e-07,0.0736270717212132,4.172325134277344e-07,0.9282807622637068,0.8546537756919861
mm_0015627,Mistral-7B-Instruct-v0.1,1.0,0.7259145975112915,sapbert_full_len3,7,7,0,6,False,1,-0.0,-0.0,C0441987,True,,,,,,,,,7.0,-0.0171068906784057,0.0075052806309291,-0.0171629786491394,0.8108188084193638,0.8033135533332825
mm_0015627,PubMedBERT,0.0,1.0,sapbert_full_len3,7,7,0,6,False,2,0.9852281360342516,0.3509453429964405,C1839576,False,7.0,2.0,"{""C1839576"": 4, ""UMLS:C1257990"": 3}",0.9852281360342516,0.3509453429964405,0.0,C1839576,0.0,7.0,-0.602367639541626,-0.6583355069160461,-0.7329593300819397,0.34166431427001953,0.9999998211860657
mm_0015640,BERT-base,0.0,1.0,sapbert_full_len3,5,5,0,4,False,2,0.7219280948873623,0.3109175070825711,C1431519,False,5.0,2.0,"{""C1431519"": 4, ""UMLS:C1257990"": 1}",0.7219280948873623,0.3109175070825711,0.0,C1431519,0.0,5.0,-0.6098560094833374,-0.6177384853363037,-0.649268388748169,0.3822612166404724,0.9999997019767761
mm_0015640,BioBERT,0.0,1.0,sapbert_full_len3,5,5,0,4,False,1,-0.0,-0.0,C1257990,True,5.0,1.0,"{""UMLS:C1257990"": 5}",-0.0,-0.0,0.0,UMLS:C1257990,0.0,5.0,-0.649268388748169,-0.649268388748169,-0.649268388748169,0.3507313132286072,0.9999997019767761
mm_0015640,BioMistral-7B,0.0,1.0,sapbert_full_len3,5,5,0,4,False,1,-0.0,-0.0,C1623047,True,,,,,,,,,5.0,0.0580003857612609,0.0580001950263976,0.0580001473426817,0.9999998092651368,0.941999614238739
mm_0015640,FLAN-T5-base,0.0,1.0,sapbert_full_len3,5,5,0,4,False,2,0.7219280948873623,0.3109175070825711,C0584895,False,,,,,,,,,5.0,0.0372869968414306,0.0457674026489257,0.0372869968414306,1.0,0.9542325735092164
mm_0015640,Llama3-OpenBioLLM-8B,1.0,1.0,sapbert_full_len3,5,5,0,4,False,2,0.7219280948873623,0.3109175070825711,C0040300,False,,,,,,,,,5.0,0.1119210124015808,0.1069924116134643,0.0580001473426817,0.999999952316284,0.8930075764656067
mm_0015640,Meta-Llama-3-8B-Instruct,0.0,1.0,sapbert_full_len3,5,5,0,4,False,1,-0.0,-0.0,C1623047,True,,,,,,,,,5.0,0.0580003857612609,0.0580003857612609,0.0580003857612609,1.0,0.941999614238739
mm_0015640,Mistral-7B-Instruct-v0.1,0.0,0.9999997615814208,sapbert_full_len3,5,5,0,4,False,1,-0.0,-0.0,C1623047,True,,,,,,,,,5.0,0.0580001473426817,0.0580001473426817,0.0580001473426817,0.9999997615814208,0.941999614238739
mm_0015640,PubMedBERT,0.0,1.0,sapbert_full_len3,5,5,0,4,False,1,-0.0,-0.0,C1257990,True,5.0,1.0,"{""UMLS:C1257990"": 5}",-0.0,-0.0,0.0,UMLS:C1257990,0.0,5.0,-0.649268388748169,-0.649268388748169,-0.649268388748169,0.3507313132286072,0.9999997019767761
mm_0016164,BERT-base,0.0,1.0,sapbert_full_len3,8,8,0,7,False,2,0.5435644431995964,0.1811881477331988,C4042892,False,8.0,2.0,"{""C4042892"": 7, ""UMLS:C1283169"": 1}",0.5435644431995964,0.1811881477331988,0.0,C4042892,0.0,8.0,-0.5656358599662781,-0.5668141841888428,-0.5750623345375061,0.3558644652366638,0.9226786494255066
mm_0016164,BioBERT,0.0,1.0,sapbert_full_len3,8,8,0,7,False,1,-0.0,-0.0,C1707887,True,8.0,1.0,"{""UMLS:C1707887"": 8}",-0.0,-0.0,0.0,UMLS:C1707887,0.0,8.0,-0.6738916635513306,-0.6738916635513306,-0.6738916635513306,0.24878695607185364,0.9226786494255066
mm_0016164,BioMistral-7B,0.0,0.9999996423721312,sapbert_full_len3,8,8,0,7,False,3,1.061278124459133,0.353759374819711,C1328734,False,,,,,,,,,8.0,0.2015837430953978,0.1581346020102501,-0.0052424073219299,0.9828960672020912,0.8247614502906799
mm_0016164,FLAN-T5-base,0.0,0.9999996423721312,sapbert_full_len3,8,8,0,7,False,2,0.5435644431995964,0.1811881477331988,C1328734,False,,,,,,,,,8.0,0.2015837430953978,0.1763857826590537,5.960464466436832e-08,0.999999664723873,0.8236138820648193
mm_0016164,Llama3-OpenBioLLM-8B,0.0,0.9999996423721312,sapbert_full_len3,8,8,0,7,False,4,1.75,0.5833333333333334,C1328734,False,,,,,,,,,8.0,0.2015837430953978,0.0658911988139151,-0.2176076173782348,0.936945967376232,0.8710547685623169
mm_0016164,Meta-Llama-3-8B-Instruct,0.0,0.9999999403953552,sapbert_full_len3,8,8,0,7,False,2,0.5435644431995964,0.1811881477331988,C1328734,False,,,,,,,,,8.0,0.2015840411186218,0.1751823425292968,-0.0096295475959777,0.9726045429706572,0.7974221706390381
mm_0016164,Mistral-7B-Instruct-v0.1,0.0,0.9999999403953552,sapbert_full_len3,8,8,0,7,False,2,0.5435644431995964,0.1811881477331988,C1328734,False,,,,,,,,,8.0,0.2015840411186218,0.179733395576477,0.0266056060791015,0.9798205271363258,0.8000871539115906
mm_0016164,PubMedBERT,0.0,1.0,sapbert_full_len3,8,8,0,7,False,1,-0.0,-0.0,C1447749,True,8.0,1.0,"{""C1447749"": 8}",-0.0,-0.0,0.0,C1447749,0.0,8.0,-0.6076765060424805,-0.6076765060424805,-0.6076765060424805,0.3150021433830261,0.9226786494255066
mm_0017862,BERT-base,0.0,1.0,sapbert_full_len3,9,9,0,8,False,2,0.7642045065086203,0.2410796804848405,C1257990,False,9.0,2.0,"{""UMLS:C1257990"": 7, ""UMLS:C0358514"": 2}",0.7642045065086203,0.2410796804848405,0.0,UMLS:C1257990,0.0,9.0,-0.37552201747894287,-0.37050196528434753,-0.37552201747894287,0.3306023180484772,0.7011042833328247
mm_0017862,BioBERT,0.0,1.0,sapbert_full_len3,9,9,0,8,False,1,-0.0,-0.0,C1257990,True,9.0,1.0,"{""UMLS:C1257990"": 9}",-0.0,-0.0,0.0,UMLS:C1257990,0.0,9.0,-0.37552201747894287,-0.37552201747894287,-0.37552201747894287,0.32558226585388184,0.7011042833328247
mm_0017862,BioMistral-7B,0.0,0.9238212704658508,sapbert_full_len3,9,9,0,8,False,2,0.7642045065086203,0.2410796804848405,C0014834,False,,,,,,,,,9.0,0.0148208737373352,0.0117166770829094,0.0008519887924194,0.9148914217948914,0.9031746983528136
mm_0017862,FLAN-T5-base,0.0,0.8178113102912903,sapbert_full_len3,9,9,0,8,False,4,1.836591668108979,0.579380164285695,C4085054,False,,,,,,,,,9.0,-0.0195552110671997,0.0085289610756768,-0.0195552110671997,0.928171111477746,0.9196421504020692
mm_0017862,Llama3-OpenBioLLM-8B,0.0,1.0,sapbert_full_len3,9,9,0,8,False,5,2.281036112553424,0.7195867761904635,C0007585,False,,,,,,,,,9.0,4.172325134277344e-07,0.0510350465774536,2.384185791015625e-07,0.9696565204196506,0.9186214804649352
mm_0017862,Meta-Llama-3-8B-Instruct,0.0,1.0,sapbert_full_len3,9,9,0,8,False,4,1.836591668108979,0.579380164285695,C0024432,False,,,,,,,,,9.0,0.0255388021469116,0.0282017125023735,1.7881393421514957e-07,0.9999998609224956,0.9717981815338136
mm_0017862,Mistral-7B-Instruct-v0.1,0.0,0.8177731037139893,sapbert_full_len3,9,9,0,8,False,4,1.836591668108979,0.579380164285695,C0014834,False,,,,,,,,,9.0,-0.0195934176445007,0.0322280128796895,-0.0195934176445007,0.945875777138604,0.9136477708816528
mm_0017862,PubMedBERT,0.0,1.0,sapbert_full_len3,9,9,0,8,False,3,1.5304930567574824,0.4828168035714125,C1257990,False,9.0,3.0,"{""UMLS:C1824675"": 3, ""UMLS:C1257990"": 4, ""C1839576"": 2}",1.5304930567574824,0.4828168035714125,0.0,UMLS:C1257990,0.0,9.0,-0.029269695281982422,-0.24382898211479187,-0.37552201747894287,0.45727527141571045,0.7011042833328247
mm_0018144,BERT-base,0.0,1.0,sapbert_full_len3,7,7,0,6,False,1,-0.0,-0.0,C1447749,True,7.0,1.0,"{""C1447749"": 7}",-0.0,-0.0,0.0,C1447749,0.0,7.0,-0.595002293586731,-0.595002293586731,-0.595002293586731,0.4049975574016571,0.9999998211860657
mm_0018144,BioBERT,0.0,1.0,sapbert_full_len3,7,7,0,6,False,2,0.863120568566631,0.3074497498641964,C1447749,False,7.0,2.0,"{""C1447749"": 5, ""C0753253"": 2}",0.863120568566631,0.3074497498641964,0.0,C1447749,0.0,7.0,-0.595002293586731,-0.6158902049064636,-0.6681101322174072,0.38410958647727966,0.9999998211860657
mm_0018144,BioMistral-7B,1.0,1.0,sapbert_full_len3,7,7,0,6,False,2,0.863120568566631,0.3074497498641964,C0205102,False,,,,,,,,,7.0,0.1022142767906189,0.0822424292564391,-0.0339210033416748,0.9174501044409616,0.8352076411247253
mm_0018144,FLAN-T5-base,0.0,1.0000001192092896,sapbert_full_len3,7,3,4,6,False,1,-0.0,-0.0,C0870226,True,,,,,,,,,3.0,0.1182411313056945,0.1182411313056945,0.1182411313056945,1.0000001192092896,0.881758987903595
mm_0018144,Llama3-OpenBioLLM-8B,1.0,1.0,sapbert_full_len3,7,7,0,6,False,4,1.9502120649147463,0.6946795539074094,C0870226,False,,,,,,,,,7.0,0.0991633534431457,0.1066032052040099,0.0368406772613524,0.9999998126711164,0.8933965563774109
mm_0018144,Meta-Llama-3-8B-Instruct,1.0,1.0,sapbert_full_len3,7,7,0,6,False,3,1.5566567074628228,0.5544923070581674,C0205102,False,,,,,,,,,7.0,0.1636664867401123,0.1305439812796456,0.1022142767906189,0.999999931880406,0.869455873966217
mm_0018144,Mistral-7B-Instruct-v0.1,1.0,1.0,sapbert_full_len3,7,7,0,6,False,2,0.863120568566631,0.3074497498641964,C0205102,False,,,,,,,,,7.0,0.1022142767906189,0.1163035546030317,0.1022142767906189,1.0,0.883696436882019
mm_0018144,PubMedBERT,0.0,1.0,sapbert_full_len3,7,7,0,6,False,2,0.863120568566631,0.3074497498641964,C1839576,False,7.0,2.0,"{""C1839576"": 5, ""C1447749"": 2}",0.863120568566631,0.3074497498641964,0.0,C1839576,0.0,7.0,-0.6825088262557983,-0.6575069427490234,-0.6825088262557983,0.34249284863471985,0.9999998211860657
mm_0018948,BERT-base,0.0,1.0,sapbert_full_len3,5,5,0,4,False,1,-0.0,-0.0,C1312419,True,5.0,1.0,"{""C1312419"": 5}",-0.0,-0.0,0.0,C1312419,0.0,5.0,-0.6099691987037659,-0.6099691987037659,-0.6099691987037659,0.3900303840637207,0.9999996423721313
mm_0018948,BioBERT,0.0,1.0,sapbert_full_len3,5,5,0,4,False,2,0.9709505944546686,0.4181656600790516,C0265267,False,5.0,2.0,"{""C0265267"": 3, ""C1312419"": 2}",0.9709505944546686,0.4181656600790516,0.0,C0265267,0.0,5.0,-0.7154127359390259,-0.673235297203064,-0.7154127359390259,0.3267642855644226,0.9999996423721313
mm_0018948,BioMistral-7B,0.0,1.0,sapbert_full_len3,5,5,0,4,False,2,0.9709505944546686,0.4181656600790516,C0085455,False,,,,,,,,,5.0,0.1667994260787964,0.1000797033309936,1.1920928955078125e-07,0.999999952316284,0.8999201655387878
mm_0018948,FLAN-T5-base,0.0,0.9999999403953552,sapbert_full_len3,5,5,0,4,False,1,-0.0,-0.0,C0007608,True,,,,,,,,,5.0,4.76837158203125e-07,4.291534423828125e-07,4.172325134277344e-07,0.9999998927116394,0.9999994039535522
mm_0018948,Llama3-OpenBioLLM-8B,1.0,1.0,sapbert_full_len3,5,5,0,4,False,1,-0.0,-0.0,C0004611,True,,,,,,,,,5.0,0.2207335233688354,0.1753122568130493,0.1071803569793701,1.0,0.824687659740448
mm_0018948,Meta-Llama-3-8B-Instruct,1.0,1.0,sapbert_full_len3,5,5,0,4,False,1,-0.0,-0.0,C0004611,True,,,,,,,,,5.0,0.1788611412048339,0.1438845872879028,0.0913904905319213,1.0,0.856115460395813
mm_0018948,Mistral-7B-Instruct-v0.1,0.0,0.9999998211860656,sapbert_full_len3,5,5,0,4,False,2,0.9709505944546686,0.4181656600790516,C0085455,False,,,,,,,,,5.0,0.1667992472648619,0.1716357111930846,0.1667992472648619,0.9999998927116394,0.8283641934394836
mm_0018948,PubMedBERT,0.0,1.0,sapbert_full_len3,5,5,0,4,False,1,-0.0,-0.0,C1447749,True,5.0,1.0,"{""C1447749"": 5}",-0.0,-0.0,0.0,C1447749,0.0,5.0,-0.6995513439178467,-0.6995513439178467,-0.6995513439178467,0.3004482388496399,0.9999996423721313
mm_0019627,BERT-base,0.0,1.0,sapbert_full_len3,6,6,0,5,False,1,-0.0,-0.0,C1447749,True,6.0,1.0,"{""C1447749"": 6}",-0.0,-0.0,0.0,C1447749,0.0,6.0,-0.6428130865097046,-0.6428130865097046,-0.6428130865097046,0.3571861684322357,0.9999992847442627
mm_0019627,BioBERT,0.0,1.0,sapbert_full_len3,6,6,0,5,False,1,-0.0,-0.0,C1447749,True,6.0,1.0,"{""C1447749"": 6}",-0.0,-0.0,0.0,C1447749,0.0,6.0,-0.6428130865097046,-0.6428130865097046,-0.6428130865097046,0.3571861684322357,0.9999992847442627
mm_0019627,BioMistral-7B,0.0,0.999999701976776,sapbert_full_len3,6,6,0,5,False,3,1.4591479170272446,0.5644754678724235,C2346926,False,,,,,,,,,6.0,0.1071133613586424,0.0388266046841939,0.0140732526779174,0.9999999900658926,0.9611733555793762
mm_0019627,FLAN-T5-base,0.0,1.0,sapbert_full_len3,6,6,0,5,False,3,1.4591479170272446,0.5644754678724235,C2346926,False,,,,,,,,,6.0,0.0140732526779174,0.0485085546970367,6.556510925292969e-07,0.9999999701976776,0.9514914155006408
mm_0019627,Llama3-OpenBioLLM-8B,0.0,0.9999998807907104,sapbert_full_len3,6,6,0,5,False,2,1.0,0.3868528072345416,C2346926,False,,,,,,,,,6.0,0.0140731334686279,0.0070367753505706,4.172325134277344e-07,0.9999998807907104,0.9929630756378174
mm_0019627,Meta-Llama-3-8B-Instruct,0.0,0.999999701976776,sapbert_full_len3,6,6,0,5,False,2,0.9182958340544896,0.355245321275764,C0392209,False,,,,,,,,,6.0,0.037257134914398,0.0124192833900451,3.5762786865234375e-07,0.9999998211860656,0.9875805377960204
mm_0019627,Mistral-7B-Instruct-v0.1,0.0,1.0,sapbert_full_len3,6,6,0,5,False,1,-0.0,-0.0,C3251814,True,,,,,,,,,6.0,0.2321872115135193,0.2204317450523376,0.1969208121299743,1.0,0.7795682549476624
mm_0019627,PubMedBERT,0.0,1.0,sapbert_full_len3,6,6,0,5,False,2,0.6500224216483541,0.2514629985800606,C1447749,False,6.0,2.0,"{""C1447749"": 5, ""C1839576"": 1}",0.6500224216483541,0.2514629985800606,0.0,C1447749,0.0,6.0,-0.6428130865097046,-0.6480829119682312,-0.6744320392608643,0.3519163429737091,0.9999992847442627
mm_0020635,BERT-base,0.0,1.0,sapbert_full_len3,7,7,0,6,False,2,0.863120568566631,0.3074497498641964,C0059563,False,7.0,2.0,"{""C0069676"": 2, ""C0059563"": 5}",0.863120568566631,0.3074497498641964,0.0,C0059563,0.0,7.0,-0.5831927061080933,-0.5835530161857605,-0.5836971998214722,0.41644683480262756,0.9999998807907104
mm_0020635,BioBERT,0.0,1.0,sapbert_full_len3,7,7,0,6,False,1,-0.0,-0.0,C0061751,True,7.0,1.0,"{""C0061751"": 7}",-0.0,-0.0,0.0,C0061751,0.0,7.0,-0.40161585807800293,-0.40161585807800293,-0.40161585807800293,0.5983840227127075,0.9999998807907104
mm_0020635,BioMistral-7B,0.0,1.0,sapbert_full_len3,7,7,0,6,False,1,-0.0,-0.0,C0885750,True,,,,,,,,,7.0,0.0770855545997619,0.0770855545997619,0.0770855545997619,1.0,0.922914445400238
mm_0020635,FLAN-T5-base,0.0,1.0,sapbert_full_len3,7,7,0,6,False,1,-0.0,-0.0,C0885750,True,,,,,,,,,7.0,0.0770855545997619,0.0548834374972752,1.1920928955078125e-07,1.0,0.9451165795326232
mm_0020635,Llama3-OpenBioLLM-8B,0.0,1.0,sapbert_full_len3,7,7,0,6,False,2,0.5916727785823275,0.2107580961471984,C0520481,False,,,,,,,,,7.0,0.2377803325653076,0.0339692320142473,7.152557373046875e-07,0.9999998978206088,0.9660305976867676
mm_0020635,Meta-Llama-3-8B-Instruct,0.0,1.0,sapbert_full_len3,7,7,0,6,False,2,0.5916727785823275,0.2107580961471984,C0520481,False,,,,,,,,,7.0,0.2116554975509643,0.030237112726484,7.152557373046875e-07,0.9999998978206088,0.9697627425193788
mm_0020635,Mistral-7B-Instruct-v0.1,0.0,1.0,sapbert_full_len3,7,7,0,6,False,1,-0.0,-0.0,C0885750,True,,,,,,,,,7.0,1.1920928955078125e-07,1.1920928955078125e-07,1.1920928955078125e-07,1.0,0.9999999403953552
mm_0020635,PubMedBERT,0.0,1.0,sapbert_full_len3,7,7,0,6,False,1,-0.0,-0.0,C0018966,True,7.0,1.0,"{""C0018966"": 7}",-0.0,-0.0,0.0,C0018966,0.0,7.0,-0.5330425500869751,-0.5330425500869751,-0.5330425500869751,0.46695736050605774,0.9999998807907104
mm_0020797,BERT-base,0.0,1.0,sapbert_full_len3,7,7,0,6,False,1,-0.0,-0.0,C1257990,True,7.0,1.0,"{""UMLS:C1257990"": 7}",-0.0,-0.0,0.0,UMLS:C1257990,0.0,7.0,-0.23382550477981567,-0.23382551968097687,-0.23382550477981567,0.5139214992523193,0.747747004032135
mm_0020797,BioBERT,0.0,1.0,sapbert_full_len3,7,7,0,6,False,1,-0.0,-0.0,C1868801,True,7.0,1.0,"{""C1868801"": 7}",-0.0,-0.0,0.0,C1868801,0.0,7.0,-0.33168235421180725,-0.33168235421180725,-0.33168235421180725,0.41606464982032776,0.747747004032135
mm_0020797,BioMistral-7B,0.0,0.8359639644622803,sapbert_full_len3,7,7,0,6,False,2,0.863120568566631,0.3074497498641964,C1955905,False,,,,,,,,,7.0,4.619359970092773e-05,-0.0042785491262163,-0.0150904059410095,0.8047416721071515,0.8090202212333679
mm_0020797,FLAN-T5-base,0.0,0.836020827293396,sapbert_full_len3,7,7,0,6,False,1,-0.0,-0.0,C1955905,True,,,,,,,,,7.0,0.0001030564308166,5.431686128888812e-05,4.619359970092773e-05,0.8359720877238682,0.8359178304672241
mm_0020797,Llama3-OpenBioLLM-8B,0.0,0.9758689403533936,sapbert_full_len3,7,7,0,6,False,3,1.448815635725185,0.516078542239789,C0436307,False,,,,,,,,,7.0,0.0593191385269165,0.0228522930826459,-0.0115202069282531,0.89275575535638,0.8699034452438354
mm_0020797,Meta-Llama-3-8B-Instruct,0.0,0.9050313234329224,sapbert_full_len3,7,7,0,6,False,1,-0.0,-0.0,C0436307,True,,,,,,,,,7.0,-0.0200294256210327,-0.0200294256210327,-0.0200294256210327,0.9050313234329224,0.9250607490539552
mm_0020797,Mistral-7B-Instruct-v0.1,0.0,1.0,sapbert_full_len3,7,7,0,6,False,4,1.8423709931771084,0.6562657890890309,C0013216,False,,,,,,,,,7.0,4.172325134277344e-07,-0.0058956231389726,-0.0150794386863708,0.9003650460924421,0.9062607884407043
mm_0020797,PubMedBERT,0.0,1.0,sapbert_full_len3,7,7,0,6,False,1,-0.0,-0.0,C1839576,True,7.0,1.0,"{""C1839576"": 7}",-0.0,-0.0,0.0,C1839576,0.0,7.0,-0.38029980659484863,-0.38029980659484863,-0.38029980659484863,0.3674471974372864,0.747747004032135
mm_0021148,BERT-base,0.0,1.0,sapbert_full_len3,4,4,0,3,False,1,-0.0,-0.0,C1447749,True,4.0,1.0,"{""C1447749"": 4}",-0.0,-0.0,0.0,C1447749,0.0,4.0,-0.6168631315231323,-0.6168631315231323,-0.6168631315231323,0.38313648104667664,0.9999995827674866
mm_0021148,BioBERT,0.0,1.0,sapbert_full_len3,4,4,0,3,False,1,-0.0,-0.0,C1839576,True,4.0,1.0,"{""C1839576"": 4}",-0.0,-0.0,0.0,C1839576,0.0,4.0,-0.6562703847885132,-0.6562703847885132,-0.6562703847885132,0.3437291979789734,0.9999995827674866
mm_0021148,BioMistral-7B,0.0,1.0,sapbert_full_len3,4,4,0,3,False,2,0.8112781244591328,0.4056390622295664,C0947630,False,,,,,,,,,4.0,0.0772783756256103,0.0836510360240936,0.0772783756256103,1.0,0.9163489937782288
mm_0021148,FLAN-T5-base,0.0,1.0,sapbert_full_len3,4,4,0,3,False,1,-0.0,-0.0,C0035309,True,,,,,,,,,4.0,0.1027633547782898,0.1027632206678389,0.1027631759643553,0.9999998658895493,0.8972366452217102
mm_0021148,Llama3-OpenBioLLM-8B,0.0,1.0,sapbert_full_len3,4,4,0,3,False,2,0.8112781244591328,0.4056390622295664,C0947630,False,,,,,,,,,4.0,0.0772783756256103,0.0836510062217712,0.0772783756256103,0.9999999701976776,0.9163489937782288
mm_0021148,Meta-Llama-3-8B-Instruct,0.0,1.0,sapbert_full_len3,4,4,0,3,False,1,-0.0,-0.0,C0035309,True,,,,,,,,,4.0,0.1027690172195434,0.1027690172195434,0.1027690172195434,1.0,0.8972309827804565
mm_0021148,Mistral-7B-Instruct-v0.1,0.0,0.9999998807907104,sapbert_full_len3,4,4,0,3,False,1,-0.0,-0.0,C0035309,True,,,,,,,,,4.0,0.1027688980102539,0.1027688980102539,0.1027688980102539,0.9999998807907104,0.8972309827804565
mm_0021148,PubMedBERT,0.0,1.0,sapbert_full_len3,4,4,0,3,False,1,-0.0,-0.0,C1839576,True,4.0,1.0,"{""C1839576"": 4}",-0.0,-0.0,0.0,C1839576,0.0,4.0,-0.6562703847885132,-0.6562703847885132,-0.6562703847885132,0.3437291979789734,0.9999995827674866
mm_0021420,BERT-base,0.0,1.0,sapbert_full_len3,7,7,0,6,False,2,0.863120568566631,0.3074497498641964,C1447749,False,7.0,2.0,"{""C1447749"": 5, ""C1739108"": 2}",0.863120568566631,0.3074497498641964,0.0,C1447749,0.0,7.0,-0.719828724861145,-0.7335569262504578,-0.767877459526062,0.22815148532390594,0.9617084264755249
mm_0021420,BioBERT,1.0,1.0,sapbert_full_len3,7,7,0,6,False,1,-0.0,-0.0,C1861172,True,7.0,1.0,"{""C1861172"": 7}",-0.0,-0.0,0.0,C1861172,0.0,7.0,0.004981815814971924,0.004981815814971924,0.004981815814971924,0.9617084860801697,0.9567266702651978
mm_0021420,BioMistral-7B,0.0,0.9458507299423218,sapbert_full_len3,7,7,0,6,False,1,-0.0,-0.0,C2674164,True,,,,,,,,,7.0,0.0410791635513305,0.0410791635513305,0.0410791635513305,0.9458507299423218,0.9047716856002808
mm_0021420,FLAN-T5-base,0.0,0.9458507299423218,sapbert_full_len3,7,7,0,6,False,3,1.3787834934861751,0.4911325898456825,C2674164,False,,,,,,,,,7.0,0.0410141944885253,0.0298595428466796,0.0038975477218627,0.9166459696633475,0.8867863416671753
mm_0021420,Llama3-OpenBioLLM-8B,0.0,0.8545993566513062,sapbert_full_len3,7,7,0,6,False,3,1.5566567074628228,0.5544923070581674,C0683954,False,,,,,,,,,7.0,-0.0031945705413818,0.0090828112193516,-0.0198936462402343,0.9154466050011772,0.9063637852668762
mm_0021420,Meta-Llama-3-8B-Instruct,0.0,0.9999999403953552,sapbert_full_len3,7,7,0,6,False,1,-0.0,-0.0,C0877248,True,,,,,,,,,7.0,0.0623136162757873,0.0623160856110709,0.0623135566711425,0.9999998893056598,0.9376837611198424
mm_0021420,Mistral-7B-Instruct-v0.1,0.0,0.8463401794433594,sapbert_full_len3,7,7,0,6,False,4,1.8423709931771088,0.656265789089031,C0683954,False,,,,,,,,,7.0,-0.0189850330352783,0.0063720090048653,-0.0189850330352783,0.9243469153131756,0.917974889278412
mm_0021420,PubMedBERT,0.0,1.0,sapbert_full_len3,7,7,0,6,False,1,-0.0,-0.0,C0015131,True,7.0,1.0,"{""C0015131"": 7}",-0.0,-0.0,0.0,C0015131,0.0,7.0,-0.6769918203353882,-0.6769918203353882,-0.6769918203353882,0.2847166061401367,0.9617084264755249
mm_0021524,BERT-base,0.0,1.0,sapbert_full_len3,6,6,0,5,False,1,-0.0,-0.0,C1257990,True,6.0,1.0,"{""UMLS:C1257990"": 6}",-0.0,-0.0,0.0,UMLS:C1257990,0.0,6.0,-0.5843040943145752,-0.5843040943145752,-0.5843040943145752,0.4156954288482666,0.9999995231628418
mm_0021524,BioBERT,0.0,1.0,sapbert_full_len3,6,6,0,5,False,2,0.9182958340544896,0.355245321275764,C1257990,False,6.0,2.0,"{""UMLS:C1257990"": 4, ""UMLS:C1707887"": 2}",0.9182958340544896,0.355245321275764,0.0,UMLS:C1257990,0.0,6.0,-0.5843040943145752,-0.6182820796966553,-0.6862380504608154,0.3817174434661865,0.9999995231628418
mm_0021524,BioMistral-7B,0.0,0.9999999403953552,sapbert_full_len3,6,6,0,5,False,2,0.9182958340544896,0.355245321275764,C1416786,False,,,,,,,,,6.0,0.0103976130485534,0.0793208877245585,0.0103976130485534,0.999999980131785,0.9206791520118712
mm_0021524,FLAN-T5-base,0.0,1.0,sapbert_full_len3,6,6,0,5,False,1,-0.0,-0.0,C1416786,True,,,,,,,,,6.0,0.113782525062561,0.113782525062561,0.113782525062561,1.0,0.8862175345420837
mm_0021524,Llama3-OpenBioLLM-8B,0.0,0.9999997615814208,sapbert_full_len3,6,6,0,5,False,2,0.9182958340544896,0.355245321275764,C0078939,False,,,,,,,,,6.0,0.0033475756645201,0.0573010842005411,0.0033475756645201,0.9999998410542806,0.9426987767219543
mm_0021524,Meta-Llama-3-8B-Instruct,0.0,1.0,sapbert_full_len3,6,6,0,5,False,2,0.9182958340544896,0.355245321275764,C0002395,False,,,,,,,,,6.0,0.0103976726531982,0.0425434311230976,0.0103976726531982,0.9973510603109996,0.9548075795173644
mm_0021524,Mistral-7B-Instruct-v0.1,0.0,0.9947022795677184,sapbert_full_len3,6,6,0,5,False,1,-0.0,-0.0,C0002395,True,,,,,,,,,6.0,0.0348514318466185,0.0348514318466185,0.0348514318466185,0.9947022795677184,0.9598508477211
mm_0021524,PubMedBERT,0.0,1.0,sapbert_full_len3,6,6,0,5,False,2,0.9182958340544896,0.355245321275764,C1447749,False,6.0,2.0,"{""C1447749"": 4, ""C1839576"": 2}",0.9182958340544896,0.355245321275764,0.0,C1447749,0.0,6.0,-0.6451137065887451,-0.6449287533760071,-0.6451137065887451,0.35507073998451233,0.9999995231628418
mm_0022106,BERT-base,0.0,1.0,sapbert_full_len3,5,5,0,4,False,1,-0.0,-0.0,C1257990,True,5.0,1.0,"{""UMLS:C1257990"": 5}",-0.0,-0.0,0.0,UMLS:C1257990,0.0,5.0,-0.7095109820365906,-0.7095109820365906,-0.7095109820365906,0.29048842191696167,0.9999994039535522
mm_0022106,BioBERT,0.0,1.0,sapbert_full_len3,5,5,0,4,False,1,-0.0,-0.0,C0075128,True,5.0,1.0,"{""C0075128"": 5}",-0.0,-0.0,0.0,C0075128,0.0,5.0,-0.5907033085823059,-0.5907033085823059,-0.5907033085823059,0.40929609537124634,0.9999994039535522
mm_0022106,BioMistral-7B,0.0,0.9999999403953552,sapbert_full_len3,5,5,0,4,False,3,1.3709505944546687,0.5904362833084089,C1539082,False,,,,,,,,,5.0,1.788139343261719e-07,0.0944844722747802,1.788139343261719e-07,0.9999999642372132,0.9055154919624328
mm_0022106,FLAN-T5-base,0.0,1.0,sapbert_full_len3,5,5,0,4,False,2,0.9709505944546686,0.4181656600790516,C1539082,False,,,,,,,,,5.0,0.1465112566947937,0.0879068732261657,2.980232238769531e-07,1.0,0.9120931625366212
mm_0022106,Llama3-OpenBioLLM-8B,0.0,1.0,sapbert_full_len3,5,5,0,4,False,2,0.7219280948873623,0.3109175070825711,C1539082,False,,,,,,,,,5.0,0.0054956674575805,0.0568501114845275,2.980232238769531e-07,0.999999976158142,0.9431498646736144
mm_0022106,Meta-Llama-3-8B-Instruct,0.0,1.0,sapbert_full_len3,5,5,0,4,False,1,-0.0,-0.0,C1539082,True,,,,,,,,,5.0,0.0252238512039184,0.0252238512039184,0.0252238512039184,1.0,0.9747761487960817
mm_0022106,Mistral-7B-Instruct-v0.1,0.0,0.9999999403953552,sapbert_full_len3,5,5,0,4,False,1,-0.0,-0.0,C0021027,True,,,,,,,,,5.0,4.76837158203125e-07,3.337860106533697e-07,2.980232237659308e-07,0.9999997973442076,0.9999994039535522
mm_0022106,PubMedBERT,0.0,1.0,sapbert_full_len3,5,5,0,4,False,1,-0.0,-0.0,C1431322,True,5.0,1.0,"{""C1431322"": 5}",-0.0,-0.0,0.0,C1431322,0.0,5.0,-0.5298384428024292,-0.5298384428024292,-0.5298384428024292,0.47016096115112305,0.9999994039535522
mm_0023569,BERT-base,0.0,1.0,sapbert_full_len3,5,5,0,4,False,3,1.3709505944546687,0.5904362833084089,C0524984,False,5.0,3.0,"{""C0030013"": 1, ""C0524984"": 3, ""C1312419"": 1}",1.3709505944546687,0.5904362833084089,0.0,C0524984,1.0,5.0,-0.5638831257820129,-0.5857248902320862,-0.6845568418502808,0.41427507996559143,0.9999998807907104
mm_0023569,BioBERT,0.0,1.0,sapbert_full_len3,5,5,0,4,False,1,-0.0,-0.0,C1447749,True,5.0,1.0,"{""C1447749"": 5}",-0.0,-0.0,0.0,C1447749,0.0,5.0,-0.6357614398002625,-0.6357614398002625,-0.6357614398002625,0.3642385005950928,0.9999998807907104
mm_0023569,BioMistral-7B,0.0,0.9999999403953552,sapbert_full_len3,5,5,0,4,False,2,0.9709505944546686,0.4181656600790516,C0020196,False,,,,,,,,,5.0,0.0228118896484375,0.0397882938385009,0.0228118896484375,0.9999999642372132,0.9602116346359252
mm_0023569,FLAN-T5-base,0.0,1.0,sapbert_full_len3,5,5,0,4,False,2,0.9709505944546686,0.4181656600790516,C0020196,False,,,,,,,,,5.0,0.0227812528610229,0.0397699117660522,0.0227812528610229,1.0,0.9602301716804504
mm_0023569,Llama3-OpenBioLLM-8B,1.0,1.0,sapbert_full_len3,5,5,0,4,False,2,0.7219280948873623,0.3109175070825711,C0020196,False,,,,,,,,,5.0,0.0960382223129272,0.0374571561813354,0.0228118896484375,0.999999952316284,0.9625428318977356
mm_0023569,Meta-Llama-3-8B-Instruct,0.0,1.0000001192092896,sapbert_full_len3,5,5,0,4,False,2,0.9709505944546686,0.4181656600790516,C1156920,False,,,,,,,,,5.0,0.2081614732742309,0.1340215206146239,0.0228118896484375,0.9999999284744264,0.8659784197807312
mm_0023569,Mistral-7B-Instruct-v0.1,0.0,1.0,sapbert_full_len3,5,5,0,4,False,2,0.9709505944546686,0.4181656600790516,C0020196,False,,,,,,,,,5.0,0.0228119492530822,0.039788269996643,0.022811710834503,0.9999999403953552,0.9602116346359252
mm_0023569,PubMedBERT,0.0,1.0,sapbert_full_len3,5,5,0,4,False,1,-0.0,-0.0,C1447749,True,5.0,1.0,"{""C1447749"": 5}",-0.0,-0.0,0.0,C1447749,0.0,5.0,-0.6357614398002625,-0.6357614398002625,-0.6357614398002625,0.3642385005950928,0.9999998807907104
mm_0023586,BERT-base,0.0,1.0,sapbert_full_len3,5,5,0,4,False,1,-0.0,-0.0,C1257990,True,5.0,1.0,"{""UMLS:C1257990"": 5}",-0.0,-0.0,0.0,UMLS:C1257990,0.0,5.0,-0.6535557508468628,-0.6535557508468628,-0.6535557508468628,0.346443772315979,0.9999995231628418
mm_0023586,BioBERT,0.0,1.0,sapbert_full_len3,5,5,0,4,False,2,0.7219280948873623,0.3109175070825711,C0265267,False,5.0,2.0,"{""C0265267"": 4, ""C1312419"": 1}",0.7219280948873623,0.3109175070825711,0.0,C0265267,0.0,5.0,-0.6491247415542603,-0.6535233855247498,-0.6711180210113525,0.34647613763809204,0.9999995231628418
mm_0023586,BioMistral-7B,1.0,1.0,sapbert_full_len3,5,5,0,4,False,1,-0.0,-0.0,C1522225,True,,,,,,,,,5.0,0.1963529586791992,0.1987853050231933,0.1963529586791992,1.0,0.8012146949768066
mm_0023586,FLAN-T5-base,0.0,1.0000001192092896,sapbert_full_len3,5,5,0,4,False,1,-0.0,-0.0,C0205161,True,,,,,,,,,5.0,5.364418029785156e-07,3.933906555175781e-07,3.5762786865234375e-07,0.999999976158142,0.9999996423721312
mm_0023586,Llama3-OpenBioLLM-8B,0.0,0.9999997615814208,sapbert_full_len3,5,5,0,4,False,2,0.7219280948873623,0.3109175070825711,C0221145,False,,,,,,,,,5.0,0.054658532142639,0.0727437019348143,0.054658532142639,0.9999998092651368,0.9272561073303224
mm_0023586,Meta-Llama-3-8B-Instruct,1.0,1.0,sapbert_full_len3,5,5,0,4,False,2,0.9709505944546686,0.4181656600790516,C1522225,False,,,,,,,,,5.0,0.2351865768432617,0.2143932580947875,0.1832032799720763,0.9999998807907104,0.7856065630912781
mm_0023586,Mistral-7B-Instruct-v0.1,0.0,0.999999701976776,sapbert_full_len3,5,5,0,4,False,1,-0.0,-0.0,C0221145,True,,,,,,,,,5.0,0.1832032799720763,0.1832032799720763,0.1832032799720763,0.999999701976776,0.8167964220046997
mm_0023586,PubMedBERT,0.0,1.0,sapbert_full_len3,5,5,0,4,False,1,-0.0,-0.0,C1447749,True,5.0,1.0,"{""C1447749"": 5}",-0.0,-0.0,0.0,C1447749,0.0,5.0,-0.6691339015960693,-0.6691339015960693,-0.6691339015960693,0.3308655917644501,0.9999995231628418
mm_0024549,BERT-base,0.0,1.0,sapbert_full_len3,6,6,0,5,False,1,-0.0,-0.0,C1257990,True,6.0,1.0,"{""UMLS:C1257990"": 6}",-0.0,-0.0,0.0,UMLS:C1257990,0.0,6.0,-0.5927808284759521,-0.5927808284759521,-0.5927808284759521,0.40721869468688965,0.9999995231628418
mm_0024549,BioBERT,0.0,1.0,sapbert_full_len3,6,6,0,5,False,1,-0.0,-0.0,C1257990,True,6.0,1.0,"{""UMLS:C1257990"": 6}",-0.0,-0.0,0.0,UMLS:C1257990,0.0,6.0,-0.5927808284759521,-0.5927808284759521,-0.5927808284759521,0.40721869468688965,0.9999995231628418
mm_0024549,BioMistral-7B,0.0,0.9999995231628418,sapbert_full_len3,6,6,0,5,False,2,0.9182958340544896,0.355245321275764,C0376358,False,,,,,,,,,6.0,-1.1920928955078125e-07,2.682209014892578e-07,-1.1920928955078125e-07,0.9999999304612478,0.9999995827674866
mm_0024549,FLAN-T5-base,0.0,1.0,sapbert_full_len3,6,6,0,5,False,2,0.9182958340544896,0.355245321275764,C3898221,False,,,,,,,,,6.0,1.788139343261719e-07,0.1141388217608133,-1.1102230246251563e-16,0.9999999701976776,0.8858611583709717
mm_0024549,Llama3-OpenBioLLM-8B,0.0,0.9999998211860656,sapbert_full_len3,6,6,0,5,False,2,0.9182958340544896,0.355245321275764,C3898221,False,,,,,,,,,6.0,0.034421920776367,0.1442455152670542,0.034421920776367,0.9999999602635702,0.855754554271698
mm_0024549,Meta-Llama-3-8B-Instruct,0.0,0.9999999403953552,sapbert_full_len3,6,6,0,5,False,3,1.4591479170272446,0.5644754678724235,C3898221,False,,,,,,,,,6.0,2.384185791015625e-07,0.039433866739273,2.384185791015625e-07,0.9999999900658926,0.9605661034584044
mm_0024549,Mistral-7B-Instruct-v0.1,0.0,0.9999995231628418,sapbert_full_len3,6,6,0,5,False,2,0.9182958340544896,0.355245321275764,C0376358,False,,,,,,,,,6.0,-1.1920928955078125e-07,0.0226571957270304,-1.1920928955078125e-07,0.9999996821085612,0.977342426776886
mm_0024549,PubMedBERT,0.0,1.0,sapbert_full_len3,6,6,0,5,False,1,-0.0,-0.0,C1839576,True,6.0,1.0,"{""C1839576"": 6}",-0.0,-0.0,0.0,C1839576,0.0,6.0,-0.5688148736953735,-0.5688148736953735,-0.5688148736953735,0.43118464946746826,0.9999995231628418
mm_0024701,BERT-base,0.0,1.0,sapbert_full_len3,7,7,0,6,False,1,-0.0,-0.0,C1257990,True,7.0,1.0,"{""UMLS:C1257990"": 7}",-0.0,-0.0,0.0,UMLS:C1257990,0.0,7.0,-0.7808116674423218,-0.7808116674423218,-0.7808116674423218,0.21918785572052002,0.9999995231628418
mm_0024701,BioBERT,0.0,1.0,sapbert_full_len3,7,7,0,6,False,1,-0.0,-0.0,C1257990,True,7.0,1.0,"{""UMLS:C1257990"": 7}",-0.0,-0.0,0.0,UMLS:C1257990,0.0,7.0,-0.7808116674423218,-0.7808116674423218,-0.7808116674423218,0.21918785572052002,0.9999995231628418
mm_0024701,BioMistral-7B,0.0,1.0,sapbert_full_len3,7,7,0,6,False,2,0.863120568566631,0.3074497498641964,C0623362,False,,,,,,,,,7.0,3.5762786865234375e-07,2.384185791015625e-07,5.960464477539064e-08,0.999999965940203,0.999999701976776
mm_0024701,FLAN-T5-base,0.0,0.9999998807907104,sapbert_full_len3,7,7,0,6,False,2,0.5916727785823275,0.2107580961471984,C1514474,False,,,,,,,,,7.0,0.1486225128173828,0.0475975956235613,0.030760109424591,0.9999999829701016,0.9524022936820984
mm_0024701,Llama3-OpenBioLLM-8B,1.0,0.9999999403953552,sapbert_full_len3,7,7,0,6,False,1,-0.0,-0.0,C1514474,True,,,,,,,,,7.0,0.134010374546051,0.134010374546051,0.134010374546051,0.9999999403953552,0.865989625453949
mm_0024701,Meta-Llama-3-8B-Instruct,1.0,1.0,sapbert_full_len3,7,7,0,6,False,1,-0.0,-0.0,C1514474,True,,,,,,,,,7.0,0.13373464345932,0.1067726697240557,0.0393677353858947,1.0,0.8932272791862488
mm_0024701,Mistral-7B-Instruct-v0.1,0.0,0.9999999403953552,sapbert_full_len3,7,7,0,6,False,1,-0.0,-0.0,C0025202,True,,,,,,,,,7.0,2.980232238769531e-07,0.0021723764283316,2.980232238769531e-07,0.9999999233654568,0.9978275299072266
mm_0024701,PubMedBERT,0.0,1.0,sapbert_full_len3,7,7,0,6,False,2,0.9852281360342516,0.3509453429964405,C1257990,False,7.0,2.0,"{""C1839576"": 3, ""UMLS:C1257990"": 4}",0.9852281360342516,0.3509453429964405,0.0,UMLS:C1257990,0.0,7.0,-0.6676050424575806,-0.7322945594787598,-0.7808116674423218,0.2677049934864044,0.9999995231628418
mm_0024729,BERT-base,0.0,1.0,sapbert_full_len3,4,4,0,3,False,3,1.5,0.75,C0030201,False,4.0,3.0,"{""UMLS:C0444254"": 1, ""UMLS:C0242193"": 1, ""C0030201"": 2}",1.5,0.75,0.0,C0030201,1.0,4.0,-0.6862304210662842,-0.7141579389572144,-0.7811038494110107,0.2858411371707916,0.9999990463256836
mm_0024729,BioBERT,0.0,1.0,sapbert_full_len3,4,4,0,3,False,1,-0.0,-0.0,C1707887,True,4.0,1.0,"{""UMLS:C1707887"": 4}",-0.0,-0.0,0.0,UMLS:C1707887,0.0,4.0,-0.4113502502441406,-0.4113502502441406,-0.4113502502441406,0.588648796081543,0.9999990463256836
mm_0024729,BioMistral-7B,0.0,0.9999997615814208,sapbert_full_len3,4,4,0,3,False,1,-0.0,-0.0,C0030201,True,,,,,,,,,4.0,0.0889658331871031,0.0889660120010375,0.0889658331871031,0.9999999403953552,0.9110339283943176
mm_0024729,FLAN-T5-base,0.0,0.9999998807907104,sapbert_full_len3,4,4,0,3,False,1,-0.0,-0.0,C0030193,True,,,,,,,,,4.0,3.5762786865234375e-07,4.470348358154297e-07,3.5762786865234375e-07,0.9999999701976776,0.9999995231628418
mm_0024729,Llama3-OpenBioLLM-8B,0.0,0.9999997615814208,sapbert_full_len3,4,4,0,3,False,1,-0.0,-0.0,C0030198,True,,,,,,,,,4.0,-1.1102230246251563e-16,1.788139342984163e-07,-1.1102230246251563e-16,0.9999999403953552,0.9999997615814208
mm_0024729,Meta-Llama-3-8B-Instruct,0.0,1.0,sapbert_full_len3,4,4,0,3,False,2,1.0,0.5,C0030201,False,,,,,,,,,4.0,0.0889660716056823,0.0444831550121307,2.384185791015625e-07,1.0,0.9555168747901917
mm_0024729,Mistral-7B-Instruct-v0.1,0.0,1.0,sapbert_full_len3,4,4,0,3,False,2,1.0,0.5,C0002766,False,,,,,,,,,4.0,1.788139343261719e-07,2.0861625665835606e-07,5.960464477539064e-08,0.999999850988388,0.9999996423721312
mm_0024729,PubMedBERT,0.0,1.0,sapbert_full_len3,4,4,0,3,False,1,-0.0,-0.0,C1839576,True,4.0,1.0,"{""C1839576"": 4}",-0.0,-0.0,0.0,C1839576,0.0,4.0,-0.6659691333770752,-0.6659691333770752,-0.6659691333770752,0.3340299129486084,0.9999990463256836
mm_0024960,BERT-base,0.0,1.0,sapbert_full_len3,5,5,0,4,False,2,0.9709505944546686,0.4181656600790516,C0017263,False,5.0,2.0,"{""C0017263"": 3, ""C1512167"": 2}",0.9709505944546686,0.4181656600790516,0.0,C0017263,0.0,5.0,-0.6595218777656555,-0.7033960819244385,-0.7692073583602905,0.29660338163375854,0.9999994039535522
mm_0024960,BioBERT,0.0,1.0,sapbert_full_len3,5,5,0,4,False,1,-0.0,-0.0,C1447749,True,5.0,1.0,"{""C1447749"": 5}",-0.0,-0.0,0.0,C1447749,0.0,5.0,-0.7189077138900757,-0.7189077138900757,-0.7189077138900757,0.2810917794704437,0.9999994039535522
mm_0024960,BioMistral-7B,1.0,0.9999998211860656,sapbert_full_len3,5,5,0,4,False,1,-0.0,-0.0,C0598783,True,,,,,,,,,5.0,0.0456452965736388,0.0496773838996887,0.0456452965736388,0.9999999642372132,0.9503225088119508
mm_0024960,FLAN-T5-base,1.0,1.0,sapbert_full_len3,5,5,0,4,False,1,-0.0,-0.0,C0598783,True,,,,,,,,,5.0,0.1403645277023315,0.1372550964355468,0.1325909495353698,1.0,0.862744927406311
mm_0024960,Llama3-OpenBioLLM-8B,1.0,1.0,sapbert_full_len3,5,5,0,4,False,1,-0.0,-0.0,C0598783,True,,,,,,,,,5.0,0.0557253360748291,0.0557253360748291,0.0557253360748291,1.0,0.9442747235298156
mm_0024960,Meta-Llama-3-8B-Instruct,1.0,0.9999998211860656,sapbert_full_len3,5,5,0,4,False,1,-0.0,-0.0,C0598783,True,,,,,,,,,5.0,0.0456452965736388,0.0496773838996887,0.0456452965736388,0.9999999642372132,0.9503225088119508
mm_0024960,Mistral-7B-Instruct-v0.1,1.0,0.9999998211860656,sapbert_full_len3,5,5,0,4,False,2,0.9709505944546686,0.4181656600790516,C0598783,False,,,,,,,,,5.0,0.0456452965736388,0.0353686690330504,0.0199537277221678,0.9999998211860656,0.9646310806274414
mm_0024960,PubMedBERT,0.0,1.0,sapbert_full_len3,5,5,0,4,False,2,0.9709505944546686,0.4181656600790516,C1839576,False,5.0,2.0,"{""C1839576"": 3, ""C1447749"": 2}",0.9709505944546686,0.4181656600790516,0.0,C1839576,0.0,5.0,-0.7674144506454468,-0.7480117678642273,-0.7674144506454468,0.2519877254962921,0.9999994039535522
mm_0025176,BERT-base,0.0,1.0,sapbert_full_len3,9,9,0,8,False,2,0.9910760598382222,0.3126496871021503,C0242193,False,9.0,2.0,"{""UMLS:C1707887"": 4, ""UMLS:C0242193"": 5}",0.9910760598382222,0.3126496871021503,0.0,UMLS:C0242193,0.0,9.0,-0.608494758605957,-0.5247920155525208,-0.608494758605957,0.41296857595443726,0.937760591506958
mm_0025176,BioBERT,0.0,1.0,sapbert_full_len3,9,9,0,8,False,2,0.9910760598382222,0.3126496871021503,C1707887,False,9.0,2.0,"{""C1447749"": 4, ""UMLS:C1707887"": 5}",0.9910760598382222,0.3126496871021503,0.0,UMLS:C1707887,0.0,9.0,-0.48762840032577515,-0.5547764301300049,-0.608494758605957,0.3829842209815979,0.937760591506958
mm_0025176,BioMistral-7B,0.0,0.9174579977989196,sapbert_full_len3,9,9,0,8,False,4,1.836591668108979,0.579380164285695,C0183512,False,,,,,,,,,9.0,-0.01473867893219,0.0118494166268241,-0.0148219466209412,0.9632868700557284,0.9514374136924744
mm_0025176,FLAN-T5-base,0.0,0.9174579977989196,sapbert_full_len3,9,9,0,8,False,1,-0.0,-0.0,C0183512,True,,,,,,,,,9.0,-0.01473867893219,-0.0149778657489353,-0.0163084864616394,0.9068532453642952,0.9218311309814452
mm_0025176,Llama3-OpenBioLLM-8B,0.0,0.7726860642433167,sapbert_full_len3,9,9,0,8,False,2,0.7642045065086203,0.2410796804848405,C0488641,False,,,,,,,,,9.0,-0.006409466266632,-0.0050305194324917,-0.006409466266632,0.7984916302892897,0.8035221695899963
mm_0025176,Meta-Llama-3-8B-Instruct,0.0,0.956444501876831,sapbert_full_len3,9,9,0,8,False,3,1.224394445405986,0.3862534428571301,C0851194,False,,,,,,,,,9.0,-0.0002453327178955,0.0072146720356411,-0.0002453327178955,0.9806420140796236,0.9734273552894592
mm_0025176,Mistral-7B-Instruct-v0.1,0.0,0.9173747301101683,sapbert_full_len3,9,9,0,8,False,3,1.224394445405986,0.3862534428571301,C0183512,False,,,,,,,,,9.0,-0.0148219466209412,0.0234088169203863,-0.0163202285766601,0.9076582458284166,0.8842494487762451
mm_0025176,PubMedBERT,0.0,1.0,sapbert_full_len3,9,9,0,8,False,1,-0.0,-0.0,C1447749,True,9.0,1.0,"{""C1447749"": 9}",-0.0,-0.0,0.0,C1447749,0.0,9.0,-0.48762840032577515,-0.48762840032577515,-0.48762840032577515,0.45013222098350525,0.937760591506958
mm_0025371,BERT-base,0.0,1.0,sapbert_full_len3,7,7,0,6,False,1,-0.0,-0.0,C0034698,True,7.0,1.0,"{""C0034698"": 7}",-0.0,-0.0,0.0,C0034698,0.0,7.0,-0.726970911026001,-0.7269709706306458,-0.726970911026001,0.27302849292755127,0.9999994039535522
mm_0025371,BioBERT,0.0,1.0,sapbert_full_len3,7,7,0,6,False,2,0.863120568566631,0.3074497498641964,C1257990,False,7.0,2.0,"{""UMLS:C1257990"": 5, ""UMLS:C1707887"": 2}",0.863120568566631,0.3074497498641964,0.0,UMLS:C1257990,0.0,7.0,-0.7078841924667358,-0.6982892155647278,-0.7078841924667358,0.3017101585865021,0.9999994039535522
mm_0025371,BioMistral-7B,0.0,0.9999998211860656,sapbert_full_len3,7,7,0,6,False,3,1.5566567074628228,0.5544923070581674,C1260875,False,,,,,,,,,7.0,1.7881393421514957e-07,0.0366748826844351,1.7881393421514957e-07,0.9999999403953552,0.9633250832557678
mm_0025371,FLAN-T5-base,0.0,0.9999998807907104,sapbert_full_len3,7,7,0,6,False,2,0.5916727785823275,0.2107580961471984,C0086582,False,,,,,,,,,7.0,0.0280814170837402,0.0258418577057974,0.0124039053916931,0.9999999829701016,0.9741581678390504
mm_0025371,Llama3-OpenBioLLM-8B,0.0,0.999999701976776,sapbert_full_len3,7,7,0,6,False,3,1.3787834934861751,0.4911325898456825,C1565556,False,,,,,,,,,7.0,0.1721155643463133,0.1483587026596068,0.1108437776565551,0.9999997956412178,0.8516411185264587
mm_0025371,Meta-Llama-3-8B-Instruct,1.0,1.0,sapbert_full_len3,7,7,0,6,False,2,0.9852281360342516,0.3509453429964405,C1257890,False,,,,,,,,,7.0,0.0613823533058166,0.1344464676720755,2.384185791015625e-07,0.9999999489103044,0.8655534386634827
mm_0025371,Mistral-7B-Instruct-v0.1,1.0,1.0,sapbert_full_len3,7,7,0,6,False,4,1.8423709931771088,0.656265789089031,C1257890,False,,,,,,,,,7.0,0.0557748675346374,0.0354020254952566,2.384185791015625e-07,0.999999965940203,0.9645978808403016
mm_0025371,PubMedBERT,0.0,1.0,sapbert_full_len3,7,7,0,6,False,2,0.863120568566631,0.3074497498641964,C1447749,False,7.0,2.0,"{""C1839576"": 2, ""C1447749"": 5}",0.863120568566631,0.3074497498641964,0.0,C1447749,0.0,7.0,-0.662432074546814,-0.6353625059127808,-0.662432074546814,0.36463695764541626,0.9999994039535522
mm_0026424,BERT-base,0.0,1.0,sapbert_full_len3,7,7,0,6,False,1,-0.0,-0.0,C1257990,True,7.0,1.0,"{""UMLS:C1257990"": 7}",-0.0,-0.0,0.0,UMLS:C1257990,0.0,7.0,-0.5571680068969727,-0.5571680068969727,-0.5571680068969727,0.3505917489528656,0.9077597856521606
mm_0026424,BioBERT,0.0,1.0,sapbert_full_len3,7,7,0,6,False,1,-0.0,-0.0,C1257990,True,7.0,1.0,"{""UMLS:C1257990"": 7}",-0.0,-0.0,0.0,UMLS:C1257990,0.0,7.0,-0.5571680068969727,-0.5571680068969727,-0.5571680068969727,0.3505917489528656,0.9077597856521606
mm_0026424,BioMistral-7B,0.0,1.0,sapbert_full_len3,7,7,0,6,False,1,-0.0,-0.0,C0997448,True,,,,,,,,,7.0,0.1132518649101257,0.1132518649101257,0.1132518649101257,1.0,0.886748194694519
mm_0026424,FLAN-T5-base,0.0,0.8959258794784546,sapbert_full_len3,7,7,0,6,False,3,1.1488348542809166,0.4092232318950598,C1417685,False,,,,,,,,,7.0,5.662441253662109e-06,0.014396275792803,-0.0124460458755493,0.9074014510427204,0.8930051922798157
mm_0026424,Llama3-OpenBioLLM-8B,0.0,1.0,sapbert_full_len3,7,7,0,6,False,2,0.863120568566631,0.3074497498641964,C0997448,False,,,,,,,,,7.0,0.1132518649101257,0.0903115017073494,0.0329609513282775,0.9225342614310128,0.8322228193283081
mm_0026424,Meta-Llama-3-8B-Instruct,0.0,0.8676401376724243,sapbert_full_len3,7,7,0,6,False,2,0.863120568566631,0.3074497498641964,C2262744,False,,,,,,,,,7.0,0.0327224135398864,0.0191166145460946,-0.0148535966873168,0.8284399509429932,0.8093233704566956
mm_0026424,Mistral-7B-Instruct-v0.1,0.0,0.9999998211860656,sapbert_full_len3,7,7,0,6,False,1,-0.0,-0.0,C0997448,True,,,,,,,,,7.0,0.1132516860961913,0.1132516860961913,0.1132516860961913,0.9999998211860656,0.886748194694519
mm_0026424,PubMedBERT,0.0,1.0,sapbert_full_len3,7,7,0,6,False,1,-0.0,-0.0,C1447749,True,7.0,1.0,"{""C1447749"": 7}",-0.0,-0.0,0.0,C1447749,0.0,7.0,-0.5265480279922485,-0.5265480279922485,-0.5265480279922485,0.3812117278575897,0.9077597856521606
mm_0027509,BERT-base,0.0,1.0,sapbert_full_len3,6,6,0,5,False,1,-0.0,-0.0,C1257990,True,6.0,1.0,"{""UMLS:C1257990"": 6}",-0.0,-0.0,0.0,UMLS:C1257990,0.0,6.0,-0.6804249286651611,-0.6804249286651611,-0.6804249286651611,0.31957462430000305,0.9999995231628418
mm_0027509,BioBERT,0.0,1.0,sapbert_full_len3,6,6,0,5,False,2,0.9182958340544896,0.355245321275764,C1312419,False,6.0,2.0,"{""C1312419"": 4, ""C1447749"": 2}",0.9182958340544896,0.355245321275764,0.0,C1312419,0.0,6.0,-0.666405439376831,-0.6747891306877136,-0.6915563344955444,0.32521045207977295,0.9999995231628418
mm_0027509,BioMistral-7B,0.0,1.0,sapbert_full_len3,6,6,0,5,False,2,0.9182958340544896,0.355245321275764,C1335304,False,,,,,,,,,6.0,0.096520185470581,0.0803980429967244,0.0481537580490112,1.00000003973643,0.9196019172668456
mm_0027509,FLAN-T5-base,0.0,1.0,sapbert_full_len3,6,6,0,5,False,1,-0.0,-0.0,C0242656,True,,,,,,,,,6.0,0.0685485005378723,0.0685485005378723,0.0685485005378723,1.0,0.9314514994621276
mm_0027509,Llama3-OpenBioLLM-8B,0.0,1.0,sapbert_full_len3,6,6,0,5,False,3,1.584962500721156,0.6131471927654584,C0026882,False,,,,,,,,,6.0,0.0385925769805908,0.0145352880160013,6.556510925292969e-07,0.999999980131785,0.9854647517204284
mm_0027509,Meta-Llama-3-8B-Instruct,0.0,1.0,sapbert_full_len3,6,6,0,5,False,1,-0.0,-0.0,C0728940,True,,,,,,,,,6.0,0.0209816694259643,0.0207189122835795,0.0155453085899353,1.0,0.9792811274528505
mm_0027509,Mistral-7B-Instruct-v0.1,0.0,1.0,sapbert_full_len3,6,6,0,5,False,2,0.9182958340544896,0.355245321275764,C0728940,False,,,,,,,,,6.0,0.0155453085899353,0.0528259674708048,0.0155453085899353,0.9999999403953552,0.9471738934516908
mm_0027509,PubMedBERT,0.0,1.0,sapbert_full_len3,6,6,0,5,False,2,0.9182958340544896,0.355245321275764,C1839576,False,6.0,2.0,"{""C1839576"": 4, ""C1447749"": 2}",0.9182958340544896,0.355245321275764,0.0,C1839576,0.0,6.0,-0.7053827047348022,-0.7007738947868347,-0.7053827047348022,0.2992255985736847,0.9999995231628418
mm_0027520,BERT-base,0.0,1.0,sapbert_full_len3,9,9,0,8,False,1,-0.0,-0.0,C1257990,True,9.0,1.0,"{""UMLS:C1257990"": 9}",-0.0,-0.0,0.0,UMLS:C1257990,0.0,9.0,-0.7951501607894897,-0.7951501607894897,-0.7951501607894897,0.20484915375709534,0.9999992847442627
mm_0027520,BioBERT,0.0,1.0,sapbert_full_len3,9,9,0,8,False,2,0.9910760598382222,0.3126496871021503,C0034885,False,9.0,2.0,"{""C0034885"": 5, ""UMLS:C1257990"": 4}",0.9910760598382222,0.3126496871021503,0.0,C0034885,0.0,9.0,-0.6977800130844116,-0.7410556674003601,-0.7951501607894897,0.25894367694854736,0.9999992847442627
mm_0027520,BioMistral-7B,0.0,0.9999998211860656,sapbert_full_len3,9,9,0,8,False,1,-0.0,-0.0,C1335304,True,,,,,,,,,9.0,0.0965200066566466,0.0965200066566466,0.0965200066566466,0.9999998211860656,0.903479814529419
mm_0027520,FLAN-T5-base,0.0,1.0,sapbert_full_len3,9,9,0,8,False,1,-0.0,-0.0,C1335304,True,,,,,,,,,9.0,0.096520185470581,0.0965200265248615,0.0965200066566466,0.9999998410542806,0.903479814529419
mm_0027520,Llama3-OpenBioLLM-8B,1.0,1.0,sapbert_full_len3,9,9,0,8,False,2,0.5032583347756457,0.1587603285713901,C0205276,False,,,,,,,,,9.0,0.0219524502754211,0.1826569437980651,5.960464466436832e-08,0.999999980131785,0.81734299659729
mm_0027520,Meta-Llama-3-8B-Instruct,1.0,1.0,sapbert_full_len3,9,9,0,8,False,2,0.5032583347756457,0.1587603285713901,C0205276,False,,,,,,,,,9.0,0.0576275587081909,0.0105934474203321,-0.0642656683921814,0.9156273537211947,0.9050339460372924
mm_0027520,Mistral-7B-Instruct-v0.1,1.0,1.0,sapbert_full_len3,9,9,0,8,False,2,0.7642045065086203,0.2410796804848405,C0205276,False,,,,,,,,,9.0,0.0454264879226684,0.0567806031968858,0.0454264879226684,0.9999999602635702,0.9432194232940674
mm_0027520,PubMedBERT,0.0,1.0,sapbert_full_len3,9,9,0,8,False,1,-0.0,-0.0,C1839576,True,9.0,1.0,"{""C1839576"": 9}",-0.0,-0.0,0.0,C1839576,0.0,9.0,-0.6480808854103088,-0.6480808854103088,-0.6480808854103088,0.35191839933395386,0.9999992847442627
mm_0028097,BERT-base,0.0,1.0,sapbert_full_len3,5,5,0,4,False,1,-0.0,-0.0,C1134421,True,5.0,1.0,"{""C1134421"": 5}",-0.0,-0.0,0.0,C1134421,0.0,5.0,-0.6331348419189453,-0.6331348419189453,-0.6331348419189453,0.3668646514415741,0.9999995231628418
mm_0028097,BioBERT,0.0,1.0,sapbert_full_len3,5,5,0,4,False,3,1.521928094887362,0.6554587535412855,C1015514,False,5.0,3.0,"{""C0265267"": 1, ""UMLS:C1015514"": 2, ""C0006121"": 2}",1.521928094887362,0.6554587535412855,0.0,UMLS:C1015514,1.0,5.0,-0.5431053042411804,-0.5744146704673767,-0.6497246623039246,0.4255848526954651,0.9999995231628418
mm_0028097,BioMistral-7B,1.0,0.9999998807907104,sapbert_full_len3,5,5,0,4,False,2,0.9709505944546686,0.4181656600790516,C0034120,False,,,,,,,,,5.0,0.1416268944740295,0.0747516512870788,-5.960464488641294e-08,0.9999998450279236,0.9252482652664183
mm_0028097,FLAN-T5-base,0.0,1.0000001192092896,sapbert_full_len3,5,5,0,4,False,2,0.9709505944546686,0.4181656600790516,C0037949,False,,,,,,,,,5.0,4.76837158203125e-07,1.0728836052908974e-07,-5.960464488641294e-08,0.9999998927116394,0.9999998211860656
mm_0028097,Llama3-OpenBioLLM-8B,0.0,0.9999998807907104,sapbert_full_len3,5,5,0,4,False,2,0.9709505944546686,0.4181656600790516,C0019310,False,,,,,,,,,5.0,0.1055607199668884,0.0995382666587829,0.0905045866966246,0.9999998569488524,0.9004615545272827
mm_0028097,Meta-Llama-3-8B-Instruct,0.0,1.0,sapbert_full_len3,5,5,0,4,False,3,1.521928094887362,0.6554587535412855,C0036262,False,,,,,,,,,5.0,0.0864526629447937,0.0420289516448974,5.364418028674933e-07,0.9999999165534972,0.9579709768295288
mm_0028097,Mistral-7B-Instruct-v0.1,1.0,0.9999998807907104,sapbert_full_len3,5,5,0,4,False,2,0.9709505944546686,0.4181656600790516,C0034120,False,,,,,,,,,5.0,0.1416268944740295,0.0849763274192809,4.768371580921027e-07,0.9999998569488524,0.9150235056877136
mm_0028097,PubMedBERT,0.0,1.0,sapbert_full_len3,5,5,0,4,False,1,-0.0,-0.0,C0242724,True,5.0,1.0,"{""UMLS:C0242724"": 5}",-0.0,-0.0,0.0,UMLS:C0242724,0.0,5.0,-0.5712952613830566,-0.5712952613830566,-0.5712952613830566,0.42870432138442993,0.9999995231628418
mm_0028311,BERT-base,0.0,1.0,sapbert_full_len3,5,5,0,4,False,2,0.9709505944546686,0.4181656600790516,C1136156,False,5.0,2.0,"{""C1136156"": 3, ""UMLS:C1283169"": 2}",0.9709505944546686,0.4181656600790516,0.0,C1136156,0.0,5.0,-0.35867246985435486,-0.3999227285385132,-0.4617981016635895,0.4033076763153076,0.8032304048538208
mm_0028311,BioBERT,0.0,1.0,sapbert_full_len3,5,5,0,4,False,1,-0.0,-0.0,C1707887,True,5.0,1.0,"{""UMLS:C1707887"": 5}",-0.0,-0.0,0.0,UMLS:C1707887,0.0,5.0,-0.5299782752990723,-0.5299782752990723,-0.5299782752990723,0.2732521593570709,0.8032304048538208
mm_0028311,BioMistral-7B,0.0,0.882599949836731,sapbert_full_len3,5,5,0,4,False,1,-0.0,-0.0,C1428063,True,,,,,,,,,5.0,-1.919269561767578e-05,1.5020370483398435e-06,-1.919269561767578e-05,0.8826206445693969,0.8826190829277039
mm_0028311,FLAN-T5-base,0.0,0.8032905459403992,sapbert_full_len3,5,5,0,4,False,1,-0.0,-0.0,C5394137,True,,,,,,,,,5.0,0.0222359299659729,0.0222359299659729,0.0222359299659729,0.8032905459403992,0.7810546159744263
mm_0028311,Llama3-OpenBioLLM-8B,0.0,0.8634740710258484,sapbert_full_len3,5,5,0,4,False,2,0.9709505944546686,0.4181656600790516,C0599518,False,,,,,,,,,5.0,0.0761384963989257,0.0456778764724731,6.67572021484375e-06,0.8711268782615662,0.8254489898681641
mm_0028311,Meta-Llama-3-8B-Instruct,1.0,0.8803178071975708,sapbert_full_len3,5,5,0,4,False,2,0.7219280948873623,0.3109175070825711,C0018739,False,,,,,,,,,5.0,0.0604835748672485,0.0452596187591552,-0.0156362056732177,0.8676714897155762,0.8224118947982788
mm_0028311,Mistral-7B-Instruct-v0.1,1.0,0.8954521417617798,sapbert_full_len3,5,5,0,4,False,1,-0.0,-0.0,C0018739,True,,,,,,,,,5.0,0.0654021501541137,0.0644757032394409,0.0605424642562866,0.8924825429916382,0.8280068635940552
mm_0028311,PubMedBERT,0.0,1.0,sapbert_full_len3,5,5,0,4,False,2,0.7219280948873623,0.3109175070825711,C0035363,False,5.0,2.0,"{""UMLS:C0035363"": 4, ""UMLS:C1707887"": 1}",0.7219280948873623,0.3109175070825711,0.0,UMLS:C0035363,0.0,5.0,-0.4327067732810974,-0.4521610736846924,-0.5299782752990723,0.3510693311691284,0.8032304048538208
mm_0028386,BERT-base,0.0,1.0,sapbert_full_len3,7,7,0,6,False,1,-0.0,-0.0,C1257965,True,7.0,1.0,"{""C1257965"": 7}",-0.0,-0.0,0.0,C1257965,0.0,7.0,-0.12167584896087646,-0.12167584896087646,-0.12167584896087646,0.8783238530158997,0.9999996423721313
mm_0028386,BioBERT,0.0,1.0,sapbert_full_len3,7,7,0,6,False,2,0.9852281360342516,0.3509453429964405,C0032914,False,7.0,2.0,"{""C3888018"": 3, ""C0032914"": 4}",0.9852281360342516,0.3509453429964405,0.0,C0032914,0.0,7.0,-0.19037282466888428,-0.43274885416030884,-0.6145309209823608,0.5672507882118225,0.9999996423721313
mm_0028386,BioMistral-7B,1.0,0.9999998807907104,sapbert_full_len3,7,7,0,6,False,1,-0.0,-0.0,C0020459,True,,,,,,,,,7.0,2.384185791015625e-07,0.0061441149030412,2.384185791015625e-07,1.0000000170298986,0.993855893611908
mm_0028386,FLAN-T5-base,0.0,1.0,sapbert_full_len3,7,7,0,6,False,2,0.9852281360342516,0.3509453429964405,C0020459,False,,,,,,,,,7.0,0.1071254611015319,0.0301582898412431,2.384185791015625e-07,0.9999998978206088,0.9698415398597716
mm_0028386,Llama3-OpenBioLLM-8B,0.0,1.0,sapbert_full_len3,7,7,0,6,False,4,1.8423709931771084,0.6562657890890309,C0206064,False,,,,,,,,,7.0,0.1108434796333313,0.0517117977142334,2.980232238769531e-07,1.0000000170298986,0.9482881426811218
mm_0028386,Meta-Llama-3-8B-Instruct,0.0,1.0,sapbert_full_len3,7,7,0,6,False,2,0.863120568566631,0.3074497498641964,C0524620,False,,,,,,,,,7.0,0.1132955551147461,0.0851327180862426,0.0147256255149841,1.0,0.9148672819137572
mm_0028386,Mistral-7B-Instruct-v0.1,1.0,1.0,sapbert_full_len3,7,7,0,6,False,1,-0.0,-0.0,C0020459,True,,,,,,,,,7.0,3.5762786865234375e-07,0.0061439956937517,2.384185791015625e-07,0.9999998978206088,0.993855893611908
mm_0028386,PubMedBERT,0.0,1.0,sapbert_full_len3,7,7,0,6,False,2,0.863120568566631,0.3074497498641964,C1839576,False,7.0,2.0,"{""C1839576"": 5, ""C1447749"": 2}",0.863120568566631,0.3074497498641964,0.0,C1839576,0.0,7.0,-0.7380820512771606,-0.7236397862434387,-0.7380820512771606,0.2763598561286926,0.9999996423721313
mm_0028492,BERT-base,0.0,1.0,sapbert_full_len3,7,7,0,6,False,1,-0.0,-0.0,C1257990,True,7.0,1.0,"{""UMLS:C1257990"": 7}",-0.0,-0.0,0.0,UMLS:C1257990,0.0,7.0,-0.6842278242111206,-0.6842278242111206,-0.6842278242111206,0.2869536280632019,0.9711814522743225
mm_0028492,BioBERT,0.0,1.0,sapbert_full_len3,7,7,0,6,False,1,-0.0,-0.0,C1868801,True,7.0,1.0,"{""C1868801"": 7}",-0.0,-0.0,0.0,C1868801,0.0,7.0,-0.6254443526268005,-0.6254443526268005,-0.6254443526268005,0.34573712944984436,0.9711814522743225
mm_0028492,BioMistral-7B,0.0,0.8817764520645142,sapbert_full_len3,7,7,0,6,False,3,1.5566567074628228,0.5544923070581674,C0153382,False,,,,,,,,,7.0,0.0531267523765563,0.0122548171452113,-0.0102325677871704,0.9273058686937604,0.9150510430336
mm_0028492,FLAN-T5-base,0.0,0.9999998211860656,sapbert_full_len3,7,7,0,6,False,2,0.863120568566631,0.3074497498641964,C0153382,False,,,,,,,,,7.0,1.7881393421514957e-07,2.469335283393294e-07,5.960464477539064e-08,0.9999999574252536,0.999999701976776
mm_0028492,Llama3-OpenBioLLM-8B,0.0,0.9711794853210448,sapbert_full_len3,7,7,0,6,False,4,1.9502120649147463,0.6946795539074094,C2362743,False,,,,,,,,,7.0,0.072257876396179,0.0244485735893249,-0.0102558135986328,0.9324707474027362,0.9080221056938172
mm_0028492,Meta-Llama-3-8B-Instruct,0.0,0.9711528420448304,sapbert_full_len3,7,7,0,6,False,3,1.448815635725185,0.516078542239789,C2362743,False,,,,,,,,,7.0,0.0722312331199647,0.0604833619935172,0.0473299622535705,0.935312339237758,0.8748289346694946
mm_0028492,Mistral-7B-Instruct-v0.1,0.0,0.8817696571350098,sapbert_full_len3,7,7,0,6,False,3,1.5566567074628228,0.5544923070581674,C1512814,False,,,,,,,,,7.0,0.053119957447052,0.0434127790587288,1.1920928955078125e-07,0.9410973276410785,0.897684633731842
mm_0028492,PubMedBERT,0.0,1.0,sapbert_full_len3,7,7,0,6,False,1,-0.0,-0.0,C1839576,True,7.0,1.0,"{""C1839576"": 7}",-0.0,-0.0,0.0,C1839576,0.0,7.0,-0.6403020024299622,-0.6403020024299622,-0.6403020024299622,0.33087944984436035,0.9711814522743225
mm_0029538,BERT-base,0.0,1.0,sapbert_full_len3,6,6,0,5,False,1,-0.0,-0.0,C0242193,True,6.0,1.0,"{""UMLS:C0242193"": 6}",-0.0,-0.0,0.0,UMLS:C0242193,0.0,6.0,-0.6473684310913086,-0.6473684310913086,-0.6473684310913086,0.30179205536842346,0.9491605162620544
mm_0029538,BioBERT,0.0,1.0,sapbert_full_len3,6,6,0,5,False,2,0.9182958340544896,0.355245321275764,C0027609,False,6.0,2.0,"{""C0027609"": 4, ""C1447749"": 2}",0.9182958340544896,0.355245321275764,0.0,C0027609,0.0,6.0,-0.6528706550598145,-0.6473495960235596,-0.6528706550598145,0.3018108904361725,0.9491605162620544
mm_0029538,BioMistral-7B,0.0,0.9999999403953552,sapbert_full_len3,6,6,0,5,False,2,0.9182958340544896,0.355245321275764,C0600620,False,,,,,,,,,6.0,0.1575008034706115,0.1304020484288533,0.0762045383453369,0.9999999602635702,0.8695979118347168
mm_0029538,FLAN-T5-base,0.0,0.9999999403953552,sapbert_full_len3,6,6,0,5,False,2,0.9182958340544896,0.355245321275764,C0600620,False,,,,,,,,,6.0,0.1575008034706115,0.09113742907842,-0.0415893197059631,0.916563868522644,0.8254265189170837
mm_0029538,Llama3-OpenBioLLM-8B,0.0,0.742756724357605,sapbert_full_len3,6,6,0,5,False,1,-0.0,-0.0,C0019986,True,,,,,,,,,6.0,0.0032506585121154,0.0032506585121154,0.0032506585121154,0.742756724357605,0.7395060658454895
mm_0029538,Meta-Llama-3-8B-Instruct,0.0,0.742874801158905,sapbert_full_len3,6,6,0,5,False,2,0.9182958340544896,0.355245321275764,C0019986,False,,,,,,,,,6.0,0.0033687353134155,0.0021867851416269,0.0,0.8285240034262339,0.8263371586799622
mm_0029538,Mistral-7B-Instruct-v0.1,0.0,0.742756724357605,sapbert_full_len3,6,6,0,5,False,3,1.4591479170272446,0.5644754678724235,C0019986,False,,,,,,,,,6.0,0.0032506585121154,0.0026843051115671,-0.0415893197059631,0.7514898876349131,0.748805582523346
mm_0029538,PubMedBERT,0.0,1.0,sapbert_full_len3,6,6,0,5,False,2,0.9182958340544896,0.355245321275764,C1447749,False,6.0,2.0,"{""C1447749"": 4, ""C1839576"": 2}",0.9182958340544896,0.355245321275764,0.0,C1447749,0.0,6.0,-0.6363074779510498,-0.6254462599754333,-0.6363074779510498,0.3237142562866211,0.9491605162620544
mm_0030505,BERT-base,0.0,1.0,sapbert_full_len3,5,5,0,4,False,1,-0.0,-0.0,C1257990,True,5.0,1.0,"{""UMLS:C1257990"": 5}",-0.0,-0.0,0.0,UMLS:C1257990,0.0,5.0,-0.7363566160202026,-0.7363566160202026,-0.7363566160202026,0.2636429965496063,0.9999996423721313
mm_0030505,BioBERT,0.0,1.0,sapbert_full_len3,5,5,0,4,False,1,-0.0,-0.0,C0008396,True,5.0,1.0,"{""C0008396"": 5}",-0.0,-0.0,0.0,C0008396,0.0,5.0,-0.6586781740188599,-0.6586781740188599,-0.6586781740188599,0.3413214683532715,0.9999996423721313
mm_0030505,BioMistral-7B,0.0,0.999999701976776,sapbert_full_len3,5,5,0,4,False,1,-0.0,-0.0,C0903042,True,,,,,,,,,5.0,5.960464466436832e-08,2.0265579221412365e-07,5.960464466436832e-08,0.9999998450279236,0.9999996423721312
mm_0030505,FLAN-T5-base,0.0,1.0000001192092896,sapbert_full_len3,5,5,0,4,False,1,-0.0,-0.0,C0006142,True,,,,,,,,,5.0,4.76837158203125e-07,4.76837158203125e-07,4.76837158203125e-07,1.0000001192092896,0.9999996423721312
mm_0030505,Llama3-OpenBioLLM-8B,0.0,1.0,sapbert_full_len3,5,5,0,4,False,1,-0.0,-0.0,C0006142,True,,,,,,,,,5.0,0.0309945344924926,0.1333030939102172,0.0309945344924926,1.0,0.8666969537734985
mm_0030505,Meta-Llama-3-8B-Instruct,0.0,0.999999701976776,sapbert_full_len3,5,5,0,4,False,3,1.521928094887362,0.6554587535412855,C0006142,False,,,,,,,,,5.0,5.960464466436832e-08,-0.0419573187828064,-0.1048941016197204,0.8932124018669129,0.9351696968078612
mm_0030505,Mistral-7B-Instruct-v0.1,0.0,1.0,sapbert_full_len3,5,5,0,4,False,2,0.9709505944546686,0.4181656600790516,C0006142,False,,,,,,,,,5.0,3.5762786865234375e-07,-0.0419362545013427,-0.1048412919044494,0.8932336330413818,0.9351698756217957
mm_0030505,PubMedBERT,0.0,1.0,sapbert_full_len3,5,5,0,4,False,2,0.9709505944546686,0.4181656600790516,C1839576,False,5.0,2.0,"{""C1839576"": 3, ""C0015131"": 2}",0.9709505944546686,0.4181656600790516,0.0,C1839576,0.0,5.0,-0.7163404226303101,-0.7138983607292175,-0.7163404226303101,0.28610125184059143,0.9999996423721313
mm_0030723,BERT-base,0.0,1.0,sapbert_full_len3,5,5,0,4,False,2,0.9709505944546686,0.4181656600790516,C1431519,False,5.0,2.0,"{""C1431519"": 3, ""C1739108"": 2}",0.9709505944546686,0.4181656600790516,0.0,C1431519,0.0,5.0,-0.6443955898284912,-0.6744542121887207,-0.7195420861244202,0.3255452513694763,0.9999994039535522
mm_0030723,BioBERT,0.0,1.0,sapbert_full_len3,5,5,0,4,False,3,1.521928094887362,0.6554587535412855,C1447749,False,5.0,3.0,"{""C1447749"": 2, ""UMLS:C1707887"": 2, ""C0265267"": 1}",1.521928094887362,0.6554587535412855,0.0,C1447749,1.0,5.0,-0.6294567584991455,-0.6969491243362427,-0.7681522965431213,0.30305036902427673,0.9999994039535522
mm_0030723,BioMistral-7B,0.0,1.0,sapbert_full_len3,5,5,0,4,False,3,1.3709505944546687,0.5904362833084089,C0427691,False,,,,,,,,,5.0,4.172325134277344e-07,0.0125368118286132,4.172325134277344e-07,0.9999999284744264,0.987463116645813
mm_0030723,FLAN-T5-base,0.0,0.9999998807907104,sapbert_full_len3,5,5,0,4,False,2,0.9709505944546686,0.4181656600790516,C0333534,False,,,,,,,,,5.0,0.0670856833457946,0.0402516245841979,4.172325134277344e-07,0.999999976158142,0.959748387336731
mm_0030723,Llama3-OpenBioLLM-8B,0.0,1.0,sapbert_full_len3,5,5,0,4,False,3,1.3709505944546687,0.5904362833084089,C1608376,False,,,,,,,,,5.0,0.0626827478408813,0.0376055359840392,1.1920928943975897e-07,0.9999999284744264,0.9623944163322448
mm_0030723,Meta-Llama-3-8B-Instruct,0.0,1.0,sapbert_full_len3,5,5,0,4,False,1,-0.0,-0.0,C0206502,True,,,,,,,,,5.0,0.1823044419288635,0.1823044419288635,0.1823044419288635,1.0,0.8176954984664917
mm_0030723,Mistral-7B-Instruct-v0.1,0.0,1.0,sapbert_full_len3,5,5,0,4,False,2,0.9709505944546686,0.4181656600790516,C0036690,False,,,,,,,,,5.0,4.172325134277344e-07,2.74181365922388e-07,1.1920928943975897e-07,0.9999998569488524,0.9999996423721312
mm_0030723,PubMedBERT,0.0,1.0,sapbert_full_len3,5,5,0,4,False,1,-0.0,-0.0,C1839576,True,5.0,1.0,"{""C1839576"": 5}",-0.0,-0.0,0.0,C1839576,0.0,5.0,-0.7448389530181885,-0.7448389530181885,-0.7448389530181885,0.25516054034233093,0.9999994039535522
mm_0030830,BERT-base,0.0,1.0,sapbert_full_len3,7,7,0,6,False,2,0.9852281360342516,0.3509453429964405,C0282597,False,7.0,2.0,"{""C0282597"": 4, ""UMLS:C1257990"": 3}",0.9852281360342516,0.3509453429964405,0.0,C0282597,0.0,7.0,-0.4821634888648987,-0.5540319681167603,-0.6498565673828125,0.4021444320678711,0.9561764001846313
mm_0030830,BioBERT,0.0,1.0,sapbert_full_len3,7,7,0,6,False,1,-0.0,-0.0,C1707887,True,7.0,1.0,"{""UMLS:C1707887"": 7}",-0.0,-0.0,0.0,UMLS:C1707887,0.0,7.0,-0.6111855506896973,-0.6111855506896973,-0.6111855506896973,0.3449908196926117,0.9561764001846313
mm_0030830,BioMistral-7B,0.0,0.8566001653671265,sapbert_full_len3,7,7,0,6,False,2,0.863120568566631,0.3074497498641964,C1152262,False,,,,,,,,,7.0,-0.0139486193656921,-0.0099630951881408,-0.0139486193656921,0.8975715466908046,0.9075345993041992
mm_0030830,FLAN-T5-base,0.0,0.8224921822547913,sapbert_full_len3,7,7,0,6,False,1,-0.0,-0.0,C1513264,True,,,,,,,,,7.0,0.0295171737670898,0.0295182466506958,0.0295171737670898,0.8224932551383972,0.7929750084877014
mm_0030830,Llama3-OpenBioLLM-8B,0.0,0.999999701976776,sapbert_full_len3,7,5,2,6,False,2,0.9709505944546686,0.3458595800715595,C1513264,False,,,,,,,,,5.0,0.0830842852592467,0.0509447693824767,0.0295184254646301,0.8934959411621094,0.8425511121749878
mm_0030830,Meta-Llama-3-8B-Instruct,0.0,0.8224921822547913,sapbert_full_len3,7,7,0,6,False,2,0.863120568566631,0.3074497498641964,C1513264,False,,,,,,,,,7.0,0.0295171737670898,0.0210845640727451,5.364418028674933e-07,0.873209365776607,0.8521247506141663
mm_0030830,Mistral-7B-Instruct-v0.1,0.0,0.9999997615814208,sapbert_full_len3,7,5,2,6,False,3,1.3709505944546687,0.4883424549147684,C0200760,False,,,,,,,,,5.0,1.7881393421514957e-07,-0.0090350747108459,-0.0139954090118408,0.8184045433998108,0.8274396061897278
mm_0030830,PubMedBERT,0.0,1.0,sapbert_full_len3,7,7,0,6,False,1,-0.0,-0.0,C1839576,True,7.0,1.0,"{""C1839576"": 7}",-0.0,-0.0,0.0,C1839576,0.0,7.0,-0.5293040871620178,-0.5293040871620178,-0.5293040871620178,0.4268723130226135,0.9561764001846313
mm_0031336,BERT-base,0.0,1.0,sapbert_full_len3,7,7,0,6,False,2,0.863120568566631,0.3074497498641964,C1257990,False,7.0,2.0,"{""UMLS:C1257990"": 5, ""C0034698"": 2}",0.863120568566631,0.3074497498641964,0.0,UMLS:C1257990,0.0,7.0,-0.663489580154419,-0.6250775456428528,-0.663489580154419,0.3749218285083771,0.9999993443489075
mm_0031336,BioBERT,0.0,1.0,sapbert_full_len3,7,7,0,6,False,1,-0.0,-0.0,C0008354,True,7.0,1.0,"{""C0008354"": 7}",-0.0,-0.0,0.0,C0008354,0.0,7.0,-0.6222681999206543,-0.6222681999206543,-0.6222681999206543,0.3777311146259308,0.9999993443489075
mm_0031336,BioMistral-7B,0.0,1.0,sapbert_full_len3,7,7,0,6,False,1,-0.0,-0.0,C1764827,True,,,,,,,,,7.0,0.0987247824668884,0.0987247824668884,0.0987247824668884,1.0,0.9012752175331116
mm_0031336,FLAN-T5-base,0.0,0.9999998807907104,sapbert_full_len3,7,7,0,6,False,1,-0.0,-0.0,C5446371,True,,,,,,,,,7.0,0.0730526447296142,0.0730526447296142,0.0730526447296142,0.9999998807907104,0.9269471764564514
mm_0031336,Llama3-OpenBioLLM-8B,0.0,0.9999998807907104,sapbert_full_len3,7,7,0,6,False,4,1.9502120649147463,0.6946795539074094,C1764827,False,,,,,,,,,7.0,0.1012722849845886,0.0896321109363011,2.980232238769531e-07,1.0,0.9103678464889526
mm_0031336,Meta-Llama-3-8B-Instruct,0.0,0.8168736696243286,sapbert_full_len3,7,7,0,6,False,2,0.863120568566631,0.3074497498641964,C1764827,False,,,,,,,,,7.0,-0.1617887020111084,-0.1155632393700736,-0.1617887020111084,0.8691954783030919,0.984758734703064
mm_0031336,Mistral-7B-Instruct-v0.1,0.0,0.9999998807907104,sapbert_full_len3,7,7,0,6,False,3,1.5566567074628228,0.5544923070581674,C0036114,False,,,,,,,,,7.0,3.5762786865234375e-07,0.0085153068814958,2.980232238769531e-07,0.9999999148505074,0.9914845824241638
mm_0031336,PubMedBERT,0.0,1.0,sapbert_full_len3,7,7,0,6,False,1,-0.0,-0.0,C1839576,True,7.0,1.0,"{""C1839576"": 7}",-0.0,-0.0,0.0,C1839576,0.0,7.0,-0.6552963256835938,-0.6552963256835938,-0.6552963256835938,0.34470298886299133,0.9999993443489075
mm_0031384,BERT-base,0.0,1.0,sapbert_full_len3,7,7,0,6,False,2,0.5916727785823275,0.2107580961471984,C1312419,False,7.0,2.0,"{""C1312419"": 6, ""C1447749"": 1}",0.5916727785823275,0.2107580961471984,0.0,C1312419,0.0,7.0,-0.7170073986053467,-0.7040420770645142,-0.7170073986053467,0.2959575653076172,0.9999996423721313
mm_0031384,BioBERT,0.0,1.0,sapbert_full_len3,7,7,0,6,False,1,-0.0,-0.0,C1257990,True,7.0,1.0,"{""UMLS:C1257990"": 7}",-0.0,-0.0,0.0,UMLS:C1257990,0.0,7.0,-0.714313268661499,-0.7143132090568542,-0.714313268661499,0.2856863737106323,0.9999996423721313
mm_0031384,BioMistral-7B,0.0,0.9999999403953552,sapbert_full_len3,7,7,0,6,False,3,1.3787834934861751,0.4911325898456825,C0013963,False,,,,,,,,,7.0,0.0369790792465209,0.0105779000691005,8.344650268554688e-07,1.0000001277242387,0.98942232131958
mm_0031384,FLAN-T5-base,0.0,1.0,sapbert_full_len3,7,7,0,6,False,2,0.9852281360342516,0.3509453429964405,C0202153,False,,,,,,,,,7.0,7.152557373046875e-07,0.028779285294669,7.152557373046875e-07,1.0,0.9712206721305848
mm_0031384,Llama3-OpenBioLLM-8B,1.0,1.0,sapbert_full_len3,7,7,0,6,False,1,-0.0,-0.0,C0059438,True,,,,,,,,,7.0,0.0736815929412841,0.161703280040196,0.0736815929412841,1.0,0.8382967710494995
mm_0031384,Meta-Llama-3-8B-Instruct,1.0,1.0,sapbert_full_len3,7,7,0,6,False,1,-0.0,-0.0,C0059438,True,,,,,,,,,7.0,0.0547592043876647,0.0538064837455749,0.0525361895561218,1.0,0.9461935758590698
mm_0031384,Mistral-7B-Instruct-v0.1,1.0,1.0,sapbert_full_len3,7,7,0,6,False,2,0.863120568566631,0.3074497498641964,C0059438,False,,,,,,,,,7.0,0.0547592043876647,0.0362365160669599,5.364418029785156e-07,0.9999999829701016,0.9637635350227356
mm_0031384,PubMedBERT,1.0,1.0,sapbert_full_len3,7,7,0,6,False,3,1.1488348542809166,0.4092232318950598,C0059438,False,7.0,3.0,"{""C0059438"": 5, ""C1839576"": 1, ""UMLS:C1257990"": 1}",1.1488348542809166,0.4092232318950598,0.0,C0059438,0.0,7.0,0.06373792886734009,-0.14651800692081451,-0.714313268661499,0.8079544901847839,0.954472541809082
mm_0032024,BERT-base,1.0,1.0,sapbert_full_len3,6,6,0,5,False,1,-0.0,-0.0,C0242193,True,6.0,1.0,"{""UMLS:C0242193"": 6}",-0.0,-0.0,1.0,UMLS:C0242193,0.0,6.0,-0.19970989227294922,-0.19970989227294922,-0.19970989227294922,0.5632079839706421,0.7629178166389465
mm_0032024,BioBERT,1.0,1.0,sapbert_full_len3,6,6,0,5,False,1,-0.0,-0.0,C0242193,True,6.0,1.0,"{""UMLS:C0242193"": 6}",-0.0,-0.0,1.0,UMLS:C0242193,0.0,6.0,-0.19970989227294922,-0.19970989227294922,-0.19970989227294922,0.5632079839706421,0.7629178166389465
mm_0032024,BioMistral-7B,0.0,1.0,sapbert_full_len3,6,6,0,5,False,2,0.6500224216483541,0.2514629985800606,C0009274,False,,,,,,,,,6.0,0.0632165074348449,0.0526781280835469,-1.3768672943115234e-05,0.9851442178090414,0.9324660301208496
mm_0032024,FLAN-T5-base,0.0,1.0,sapbert_full_len3,6,6,0,5,False,1,-0.0,-0.0,C0009274,True,,,,,,,,,6.0,0.0632165074348449,0.0632162590821583,0.0632162094116209,0.9999997516473136,0.936783492565155
mm_0032024,Llama3-OpenBioLLM-8B,0.0,0.8266180753707886,sapbert_full_len3,6,6,0,5,False,5,2.2516291673878226,0.8710490642551527,C1532051,False,,,,,,,,,6.0,-0.013880968093872,0.003810554742813,-0.0212836265563964,0.8578380942344666,0.854027509689331
mm_0032024,Meta-Llama-3-8B-Instruct,0.0,0.73392254114151,sapbert_full_len3,6,6,0,5,False,1,-0.0,-0.0,C0677400,True,,,,,,,,,6.0,-0.1280714869499206,-0.1280714869499206,-0.1280714869499206,0.73392254114151,0.8619939684867859
mm_0032024,Mistral-7B-Instruct-v0.1,0.0,0.999999701976776,sapbert_full_len3,6,6,0,5,False,2,0.6500224216483541,0.2514629985800606,C0543467,False,,,,,,,,,6.0,0.0279878377914427,0.0120529532432555,-0.0676214694976806,0.9543146093686422,0.9422616958618164
mm_0032024,PubMedBERT,1.0,1.0,sapbert_full_len3,6,6,0,5,False,1,-0.0,-0.0,C0242193,True,6.0,1.0,"{""UMLS:C0242193"": 6}",-0.0,-0.0,1.0,UMLS:C0242193,0.0,6.0,-0.19970989227294922,-0.19970989227294922,-0.19970989227294922,0.5632079839706421,0.7629178166389465
mm_0033033,BERT-base,0.0,1.0,sapbert_full_len3,5,5,0,4,False,1,-0.0,-0.0,C1447749,True,5.0,1.0,"{""C1447749"": 5}",-0.0,-0.0,0.0,C1447749,0.0,5.0,-0.6544300317764282,-0.6544300317764282,-0.6544300317764282,0.34556955099105835,0.9999996423721313
mm_0033033,BioBERT,0.0,1.0,sapbert_full_len3,5,5,0,4,False,1,-0.0,-0.0,C0027609,True,5.0,1.0,"{""C0027609"": 5}",-0.0,-0.0,0.0,C0027609,0.0,5.0,-0.5536001920700073,-0.5536001920700073,-0.5536001920700073,0.44639939069747925,0.9999996423721313
mm_0033033,BioMistral-7B,0.0,1.0,sapbert_full_len3,5,5,0,4,False,1,-0.0,-0.0,C1413713,True,,,,,,,,,5.0,0.2459814548492431,0.1644313335418701,0.0421061515808105,1.0,0.8355686068534851
mm_0033033,FLAN-T5-base,0.0,1.0,sapbert_full_len3,5,5,0,4,False,2,0.9709505944546686,0.4181656600790516,C0443193,False,,,,,,,,,5.0,4.76837158203125e-07,0.0318323612213134,4.76837158203125e-07,1.0,0.9681676626205444
mm_0033033,Llama3-OpenBioLLM-8B,0.0,1.0,sapbert_full_len3,5,5,0,4,False,2,0.7219280948873623,0.3109175070825711,C0271379,False,,,,,,,,,5.0,0.0795801877975463,0.106367015838623,0.0795800685882568,0.999999976158142,0.8936328887939453
mm_0033033,Meta-Llama-3-8B-Instruct,0.0,1.0,sapbert_full_len3,5,5,0,4,False,1,-0.0,-0.0,C0271379,True,,,,,,,,,5.0,0.0795801877975463,0.0795800924301147,0.0795800685882568,0.9999999046325684,0.9204198122024536
mm_0033033,Mistral-7B-Instruct-v0.1,0.0,0.7883397936820984,sapbert_full_len3,5,4,1,4,False,1,-0.0,-0.0,C1413713,True,,,,,,,,,4.0,-0.0408225059509277,-0.0408225059509277,-0.0408225059509277,0.7883397936820984,0.8291622996330261
mm_0033033,PubMedBERT,0.0,1.0,sapbert_full_len3,5,5,0,4,False,2,0.9709505944546686,0.4181656600790516,C1839576,False,5.0,2.0,"{""C1839576"": 3, ""C1447749"": 2}",0.9709505944546686,0.4181656600790516,0.0,C1839576,0.0,5.0,-0.5840256810188293,-0.6121874451637268,-0.6544300317764282,0.38781216740608215,0.9999996423721313
mm_0033615,BERT-base,0.0,1.0,sapbert_full_len3,6,6,0,5,False,1,-0.0,-0.0,C1447749,True,6.0,1.0,"{""C1447749"": 6}",-0.0,-0.0,0.0,C1447749,0.0,6.0,-0.5919756889343262,-0.5919756889343262,-0.5919756889343262,0.408023864030838,0.9999995827674866
mm_0033615,BioBERT,0.0,1.0,sapbert_full_len3,6,6,0,5,False,4,1.9182958340544896,0.7420981285103057,C1312419,False,6.0,4.0,"{""C1370369"": 1, ""C0008396"": 1, ""C1312419"": 2, ""UMLS:C1257990"": 2}",1.9182958340544896,0.7420981285103057,0.0,C1312419,1.0,6.0,-0.595916211605072,-0.6511875987052917,-0.732833981513977,0.34881195425987244,0.9999995827674866
mm_0033615,BioMistral-7B,0.0,1.0,sapbert_full_len3,6,6,0,5,False,1,-0.0,-0.0,C1422070,True,,,,,,,,,6.0,4.76837158203125e-07,4.76837158203125e-07,4.76837158203125e-07,1.0,0.9999995231628418
mm_0033615,FLAN-T5-base,0.0,1.0,sapbert_full_len3,6,6,0,5,False,1,-0.0,-0.0,C1422070,True,,,,,,,,,6.0,4.76837158203125e-07,4.76837158203125e-07,4.76837158203125e-07,1.0,0.9999995231628418
mm_0033615,Llama3-OpenBioLLM-8B,1.0,1.0,sapbert_full_len3,6,6,0,5,False,3,1.4591479170272446,0.5644754678724235,C0205100,False,,,,,,,,,6.0,0.322579562664032,0.1833407382170359,2.980232238769531e-07,1.0,0.8166592717170715
mm_0033615,Meta-Llama-3-8B-Instruct,1.0,1.0,sapbert_full_len3,6,6,0,5,False,1,-0.0,-0.0,C0205100,True,,,,,,,,,6.0,0.0759888887405395,0.0759888887405395,0.0759888887405395,1.0,0.9240111708641052
mm_0033615,Mistral-7B-Instruct-v0.1,0.0,0.9999998807907104,sapbert_full_len3,6,6,0,5,False,3,1.2516291673878228,0.4841962570206112,C1422070,False,,,,,,,,,6.0,3.5762786865234375e-07,0.0183388292789459,3.5762786865234375e-07,0.9999999006589254,0.9816610813140868
mm_0033615,PubMedBERT,0.0,1.0,sapbert_full_len3,6,6,0,5,False,2,0.9182958340544896,0.355245321275764,C1447749,False,6.0,2.0,"{""C1447749"": 4, ""C1839576"": 2}",0.9182958340544896,0.355245321275764,0.0,C1447749,0.0,6.0,-0.5919756889343262,-0.6198790073394775,-0.6756856441497803,0.38012054562568665,0.9999995827674866
mm_0034135,BERT-base,0.0,1.0,sapbert_full_len3,5,5,0,4,False,2,0.7219280948873623,0.3109175070825711,C0040048,False,5.0,2.0,"{""C0040048"": 4, ""C1447749"": 1}",0.7219280948873623,0.3109175070825711,0.0,C0040048,0.0,5.0,-0.5375950932502747,-0.5383473634719849,-0.54135662317276,0.4616521894931793,0.9999996423721313
mm_0034135,BioBERT,0.0,1.0,sapbert_full_len3,5,5,0,4,False,2,0.7219280948873623,0.3109175070825711,C1447749,False,5.0,2.0,"{""C1839576"": 1, ""C1447749"": 4}",0.7219280948873623,0.3109175070825711,0.0,C1447749,0.0,5.0,-0.6353667378425598,-0.5601586103439331,-0.6353667378425598,0.4398409426212311,0.9999996423721313
mm_0034135,BioMistral-7B,0.0,1.0,sapbert_full_len3,5,5,0,4,False,2,0.9709505944546686,0.4181656600790516,C0014544,False,,,,,,,,,5.0,0.0820721387863159,0.1489631652832031,0.0820720195770263,0.999999952316284,0.8510368466377258
mm_0034135,FLAN-T5-base,1.0,1.0,sapbert_full_len3,5,5,0,4,False,1,-0.0,-0.0,C0149552,True,,,,,,,,,5.0,0.2491114139556884,0.2287003993988037,0.1980838775634765,1.0,0.7712996006011963
mm_0034135,Llama3-OpenBioLLM-8B,0.0,0.9999999403953552,sapbert_full_len3,5,5,0,4,False,2,0.7219280948873623,0.3109175070825711,C3887642,False,,,,,,,,,5.0,3.5762786865234375e-07,0.0498602151870727,2.980232238769531e-07,0.9999999165534972,0.9501397013664246
mm_0034135,Meta-Llama-3-8B-Instruct,1.0,1.0,sapbert_full_len3,5,5,0,4,False,1,-0.0,-0.0,C0149552,True,,,,,,,,,5.0,0.2492998242378235,0.2484246611595154,0.2471119165420532,1.0,0.7515753507614136
mm_0034135,Mistral-7B-Instruct-v0.1,0.0,0.9999998807907104,sapbert_full_len3,5,5,0,4,False,1,-0.0,-0.0,C0014544,True,,,,,,,,,5.0,0.0820720195770263,0.0820720195770263,0.0820720195770263,0.9999998807907104,0.917927861213684
mm_0034135,PubMedBERT,0.0,1.0,sapbert_full_len3,5,5,0,4,False,1,-0.0,-0.0,C1839576,True,5.0,1.0,"{""C1839576"": 5}",-0.0,-0.0,0.0,C1839576,0.0,5.0,-0.6353667378425598,-0.6353667378425598,-0.6353667378425598,0.36463284492492676,0.9999996423721313
mm_0035154,BERT-base,0.0,1.0,sapbert_full_len3,5,5,0,4,False,2,0.7219280948873623,0.3109175070825711,C1447749,False,5.0,2.0,"{""C1447749"": 4, ""UMLS:C1257990"": 1}",0.7219280948873623,0.3109175070825711,0.0,C1447749,0.0,5.0,-0.6157649755477905,-0.6199585795402527,-0.6367330551147461,0.3800412118434906,0.9999998211860657
mm_0035154,BioBERT,0.0,1.0,sapbert_full_len3,5,5,0,4,False,1,-0.0,-0.0,C1257990,True,5.0,1.0,"{""UMLS:C1257990"": 5}",-0.0,-0.0,0.0,UMLS:C1257990,0.0,5.0,-0.6367330551147461,-0.6367330551147461,-0.6367330551147461,0.3632667362689972,0.9999998211860657
mm_0035154,BioMistral-7B,0.0,0.9999998807907104,sapbert_full_len3,5,5,0,4,False,1,-0.0,-0.0,C0277556,True,,,,,,,,,5.0,4.172325134277344e-07,4.172325134277344e-07,4.172325134277344e-07,0.9999998807907104,0.9999994039535522
mm_0035154,FLAN-T5-base,0.0,1.0,sapbert_full_len3,5,5,0,4,False,1,-0.0,-0.0,C0057163,True,,,,,,,,,5.0,0.1574562788009643,0.1574562788009643,0.1574562788009643,1.0,0.8425437211990356
mm_0035154,Llama3-OpenBioLLM-8B,0.0,0.9999995231628418,sapbert_full_len3,5,5,0,4,False,3,1.3709505944546687,0.5904362833084089,C0013227,False,,,,,,,,,5.0,2.384185791015625e-07,0.0097505450248717,1.7881393421514957e-07,0.999999725818634,0.9902491569519044
mm_0035154,Meta-Llama-3-8B-Instruct,0.0,0.9999998807907104,sapbert_full_len3,5,5,0,4,False,1,-0.0,-0.0,C0277556,True,,,,,,,,,5.0,4.172325134277344e-07,4.172325134277344e-07,4.172325134277344e-07,0.9999998807907104,0.9999994039535522
mm_0035154,Mistral-7B-Instruct-v0.1,0.0,0.9999998807907104,sapbert_full_len3,5,5,0,4,False,1,-0.0,-0.0,C0277556,True,,,,,,,,,5.0,4.172325134277344e-07,4.172325134277344e-07,4.172325134277344e-07,0.9999998807907104,0.9999994039535522
mm_0035154,PubMedBERT,0.0,1.0,sapbert_full_len3,5,5,0,4,False,2,0.9709505944546686,0.4181656600790516,C1839576,False,5.0,2.0,"{""C1839576"": 3, ""C1447749"": 2}",0.9709505944546686,0.4181656600790516,0.0,C1839576,0.0,5.0,-0.6371502876281738,-0.6285961866378784,-0.6371502876281738,0.37140363454818726,0.9999998211860657
mm_0035353,BERT-base,0.0,1.0,sapbert_full_len3,8,8,0,7,False,2,0.5435644431995964,0.1811881477331988,C0075128,False,8.0,2.0,"{""C0075128"": 7, ""UMLS:C1257990"": 1}",0.5435644431995964,0.1811881477331988,0.0,C0075128,0.0,8.0,-0.6931726932525635,-0.702298104763031,-0.7661761045455933,0.29770177602767944,0.9999998807907104
mm_0035353,BioBERT,0.0,1.0,sapbert_full_len3,8,8,0,7,False,2,0.954434002924965,0.318144667641655,C1257990,False,8.0,2.0,"{""UMLS:C1257990"": 5, ""C0008396"": 3}",0.954434002924965,0.318144667641655,0.0,UMLS:C1257990,0.0,8.0,-0.7661761045455933,-0.7280311584472656,-0.7661761045455933,0.27196869254112244,0.9999998807907104
mm_0035353,BioMistral-7B,1.0,1.0,sapbert_full_len3,8,8,0,7,False,1,-0.0,-0.0,C0030664,True,,,,,,,,,8.0,0.0608621835708618,0.0608621835708618,0.0608621835708618,1.0,0.9391378164291382
mm_0035353,FLAN-T5-base,1.0,1.0,sapbert_full_len3,8,8,0,7,False,4,1.5487949406953985,0.5162649802317995,C0030664,False,,,,,,,,,8.0,0.157659649848938,0.0833686739206313,5.960464466436832e-08,0.9999999478459358,0.916631281375885
mm_0035353,Llama3-OpenBioLLM-8B,1.0,1.0,sapbert_full_len3,8,8,0,7,False,2,0.954434002924965,0.318144667641655,C0030664,False,,,,,,,,,8.0,0.194779098033905,0.1322278082370758,0.0080905556678771,1.0000000447034836,0.8677722215652466
mm_0035353,Meta-Llama-3-8B-Instruct,1.0,1.0,sapbert_full_len3,8,8,0,7,False,1,-0.0,-0.0,C0030664,True,,,,,,,,,8.0,0.0385130643844604,0.0385130643844604,0.0385130643844604,1.0,0.9614869356155396
mm_0035353,Mistral-7B-Instruct-v0.1,1.0,1.0,sapbert_full_len3,8,8,0,7,False,1,-0.0,-0.0,C0030664,True,,,,,,,,,8.0,0.0385130643844604,0.0385130643844604,0.0385130643844604,1.0,0.9614869356155396
mm_0035353,PubMedBERT,0.0,1.0,sapbert_full_len3,8,8,0,7,False,2,0.8112781244591328,0.2704260414863776,C1447749,False,8.0,2.0,"{""C1447749"": 6, ""C1839576"": 2}",0.8112781244591328,0.2704260414863776,0.0,C1447749,0.0,8.0,-0.6054773330688477,-0.6163395643234253,-0.6489263772964478,0.3836602568626404,0.9999998807907104
mm_0036097,BERT-base,0.0,1.0,sapbert_full_len3,7,7,0,6,False,1,-0.0,-0.0,C1257990,True,7.0,1.0,"{""UMLS:C1257990"": 7}",-0.0,-0.0,0.0,UMLS:C1257990,0.0,7.0,-0.6743137836456299,-0.6743138432502747,-0.6743137836456299,0.325685977935791,0.9999997019767761
mm_0036097,BioBERT,0.0,1.0,sapbert_full_len3,7,7,0,6,False,1,-0.0,-0.0,C1257990,True,7.0,1.0,"{""UMLS:C1257990"": 7}",-0.0,-0.0,0.0,UMLS:C1257990,0.0,7.0,-0.6743137836456299,-0.6743138432502747,-0.6743137836456299,0.325685977935791,0.9999997019767761
mm_0036097,BioMistral-7B,0.0,0.9999997615814208,sapbert_full_len3,7,7,0,6,False,1,-0.0,-0.0,C1336681,True,,,,,,,,,7.0,-1.1920928966180358e-07,-1.1920928966180358e-07,-1.1920928966180358e-07,0.9999997615814208,0.9999999403953552
mm_0036097,FLAN-T5-base,0.0,0.9999997615814208,sapbert_full_len3,7,7,0,6,False,1,-0.0,-0.0,C1336681,True,,,,,,,,,7.0,-1.1920928966180358e-07,-1.1920928966180358e-07,-1.1920928966180358e-07,0.9999997615814208,0.9999999403953552
mm_0036097,Llama3-OpenBioLLM-8B,0.0,0.9999998211860656,sapbert_full_len3,7,7,0,6,False,2,0.863120568566631,0.3074497498641964,C1336681,False,,,,,,,,,7.0,-5.960464488641294e-08,7.663454320334346e-08,-5.960464488641294e-08,0.9999998382159642,0.9999998211860656
mm_0036097,Meta-Llama-3-8B-Instruct,0.0,1.0,sapbert_full_len3,7,7,0,6,False,2,0.863120568566631,0.3074497498641964,C0017262,False,,,,,,,,,7.0,0.0277223587036132,0.0198016677583966,-5.960464488641294e-08,0.9999999489103044,0.980198323726654
mm_0036097,Mistral-7B-Instruct-v0.1,0.0,0.9999998211860656,sapbert_full_len3,7,7,0,6,False,1,-0.0,-0.0,C1336681,True,,,,,,,,,7.0,-5.960464488641294e-08,-5.960464488641294e-08,-5.960464488641294e-08,0.9999998211860656,0.9999999403953552
mm_0036097,PubMedBERT,0.0,1.0,sapbert_full_len3,7,7,0,6,False,1,-0.0,-0.0,C1447749,True,7.0,1.0,"{""C1447749"": 7}",-0.0,-0.0,0.0,C1447749,0.0,7.0,-0.644475519657135,-0.644475519657135,-0.644475519657135,0.3555242419242859,0.9999997019767761
mm_0036129,BERT-base,0.0,1.0,sapbert_full_len3,5,5,0,4,False,2,0.9709505944546686,0.4181656600790516,C2350390,False,5.0,2.0,"{""UMLS:C2350390"": 3, ""UMLS:C1257990"": 2}",0.9709505944546686,0.4181656600790516,0.0,UMLS:C2350390,0.0,5.0,-0.6681361198425293,-0.6339267492294312,-0.6681361198425293,0.24714326858520508,0.8810700178146362
mm_0036129,BioBERT,0.0,1.0,sapbert_full_len3,5,5,0,4,False,2,0.7219280948873623,0.3109175070825711,C1257990,False,5.0,2.0,"{""UMLS:C1257990"": 4, ""UMLS:C1707887"": 1}",0.7219280948873623,0.3109175070825711,0.0,UMLS:C1257990,0.0,5.0,-0.5826127529144287,-0.5520453453063965,-0.5826127529144287,0.32902470231056213,0.8810700178146362
mm_0036129,BioMistral-7B,0.0,0.9999998211860656,sapbert_full_len3,5,5,0,4,False,3,1.3709505944546687,0.5904362833084089,C0600564,False,,,,,,,,,5.0,0.0073155760765074,0.0146842837333678,2.980232238769531e-07,0.9805611968040466,0.9658769369125366
mm_0036129,FLAN-T5-base,0.0,0.9999998807907104,sapbert_full_len3,5,5,0,4,False,3,1.3709505944546687,0.5904362833084089,C0600564,False,,,,,,,,,5.0,0.0073156356811523,0.0063735127449035,1.1920928955078125e-06,0.9625845670700072,0.9562110900878906
mm_0036129,Llama3-OpenBioLLM-8B,0.0,0.9999998807907104,sapbert_full_len3,5,5,0,4,False,3,1.3709505944546687,0.5904362833084089,C0600564,False,,,,,,,,,5.0,0.0366829633712768,0.0117259383201598,-1.1102230246251563e-16,0.9999997973442076,0.9882739186286926
mm_0036129,Meta-Llama-3-8B-Instruct,0.0,0.9999998211860656,sapbert_full_len3,5,5,0,4,False,1,-0.0,-0.0,C0600564,True,,,,,,,,,5.0,0.0073155760765074,0.0073155760765074,0.0073155760765074,0.9999998211860656,0.992684245109558
mm_0036129,Mistral-7B-Instruct-v0.1,0.0,0.9999998211860656,sapbert_full_len3,5,5,0,4,False,1,-0.0,-0.0,C0600564,True,,,,,,,,,5.0,0.0073155760765074,0.0073156237602233,0.0073155760765074,0.9999998688697816,0.992684245109558
mm_0036129,PubMedBERT,0.0,1.0,sapbert_full_len3,5,5,0,4,False,1,-0.0,-0.0,C0015131,True,5.0,1.0,"{""C0015131"": 5}",-0.0,-0.0,0.0,C0015131,0.0,5.0,-0.46046048402786255,-0.46046048402786255,-0.46046048402786255,0.4206095337867737,0.8810700178146362
mm_0036226,BERT-base,0.0,1.0,sapbert_full_len3,7,7,0,6,False,2,0.9852281360342516,0.3509453429964405,C1158849,False,7.0,2.0,"{""C0949359"": 3, ""UMLS:C1158849"": 4}",0.9852281360342516,0.3509453429964405,0.0,UMLS:C1158849,0.0,7.0,-0.6733559966087341,-0.6935600638389587,-0.7087131142616272,0.30643945932388306,0.9999995231628418
mm_0036226,BioBERT,0.0,1.0,sapbert_full_len3,7,7,0,6,False,2,0.863120568566631,0.3074497498641964,C0061751,False,7.0,2.0,"{""C0061751"": 5, ""C1257880"": 2}",0.863120568566631,0.3074497498641964,0.0,C0061751,0.0,7.0,-0.6755268573760986,-0.67320317029953,-0.6755268573760986,0.3267963230609894,0.9999995231628418
mm_0036226,BioMistral-7B,0.0,1.0,sapbert_full_len3,7,7,0,6,False,2,0.5916727785823275,0.2107580961471984,C3536965,False,,,,,,,,,7.0,0.1893610954284668,0.1393794076783316,0.0116688609123229,1.0000000170298986,0.8606206178665161
mm_0036226,FLAN-T5-base,0.0,0.9999998211860656,sapbert_full_len3,7,7,0,6,False,3,1.1488348542809166,0.4092232318950598,C3536965,False,,,,,,,,,7.0,4.172325133167121e-07,0.0788843631744384,4.172325133167121e-07,0.999999931880406,0.9211155772209167
mm_0036226,Llama3-OpenBioLLM-8B,0.0,1.0,sapbert_full_len3,7,7,0,6,False,2,0.9852281360342516,0.3509453429964405,C3536965,False,,,,,,,,,7.0,0.2501430511474609,0.0907032574926103,0.0411279797554016,1.0,0.909296691417694
mm_0036226,Meta-Llama-3-8B-Instruct,0.0,1.0,sapbert_full_len3,7,7,0,6,False,4,1.9502120649147463,0.6946795539074094,C3536965,False,,,,,,,,,7.0,0.129880666732788,0.0606173191751752,1.788139343261719e-07,1.0,0.9393826723098756
mm_0036226,Mistral-7B-Instruct-v0.1,0.0,1.0,sapbert_full_len3,7,7,0,6,False,3,1.3787834934861751,0.4911325898456825,C3536965,False,,,,,,,,,7.0,0.0116688609123229,0.0232006907463073,1.1920928943975897e-07,0.9999999063355582,0.9767991900444032
mm_0036226,PubMedBERT,0.0,1.0,sapbert_full_len3,7,7,0,6,False,1,-0.0,-0.0,C1447749,True,7.0,1.0,"{""C1447749"": 7}",-0.0,-0.0,0.0,C1447749,0.0,7.0,-0.6639297008514404,-0.6639296412467957,-0.6639297008514404,0.336069792509079,0.9999995231628418
mm_0036569,BERT-base,0.0,1.0,sapbert_full_len3,7,7,0,6,False,1,-0.0,-0.0,C1257990,True,7.0,1.0,"{""UMLS:C1257990"": 7}",-0.0,-0.0,0.0,UMLS:C1257990,0.0,7.0,-0.5798614621162415,-0.5798614621162415,-0.5798614621162415,0.3963850140571594,0.9762464761734009
mm_0036569,BioBERT,0.0,1.0,sapbert_full_len3,7,7,0,6,False,2,0.9852281360342516,0.3509453429964405,C1447749,False,7.0,2.0,"{""UMLS:C1257990"": 3, ""C1447749"": 4}",0.9852281360342516,0.3509453429964405,0.0,C1447749,0.0,7.0,-0.5798614621162415,-0.5828566551208496,-0.5851030945777893,0.3933897912502289,0.9762464761734009
mm_0036569,BioMistral-7B,0.0,1.0,sapbert_full_len3,7,7,0,6,False,1,-0.0,-0.0,C0022671,True,,,,,,,,,7.0,0.0275517106056213,0.0275517106056213,0.0275517106056213,1.0,0.9724482893943788
mm_0036569,FLAN-T5-base,0.0,1.0,sapbert_full_len3,7,7,0,6,False,2,0.5916727785823275,0.2107580961471984,C0000768,False,,,,,,,,,7.0,5.960464477539062e-07,-3.0738966806387324e-06,-2.390146255493164e-05,0.9744652339390346,0.9744683504104614
mm_0036569,Llama3-OpenBioLLM-8B,0.0,0.9999998211860656,sapbert_full_len3,7,6,1,6,False,2,0.6500224216483541,0.2315426583725049,C0022671,False,,,,,,,,,6.0,0.0275515317916869,0.0415824751059213,0.0275515317916869,0.9999998311201732,0.9584173560142516
mm_0036569,Meta-Llama-3-8B-Instruct,0.0,1.0,sapbert_full_len3,7,7,0,6,False,1,-0.0,-0.0,C0022671,True,,,,,,,,,7.0,0.0275517106056213,0.0275517106056213,0.0275517106056213,1.0,0.9724482893943788
mm_0036569,Mistral-7B-Instruct-v0.1,0.0,0.9252282977104188,sapbert_full_len3,7,7,0,6,False,1,-0.0,-0.0,C0022671,True,,,,,,,,,7.0,0.0207616686820985,0.0217316491263254,0.0207616686820985,0.9359099439212254,0.9141783118247986
mm_0036569,PubMedBERT,0.0,1.0,sapbert_full_len3,7,7,0,6,False,2,0.863120568566631,0.3074497498641964,C1839576,False,7.0,2.0,"{""C1839576"": 5, ""C1447749"": 2}",0.863120568566631,0.3074497498641964,0.0,C1839576,0.0,7.0,-0.6390953660011292,-0.6236690282821655,-0.6390953660011292,0.35257747769355774,0.9762464761734009
mm_0037241,BERT-base,0.0,1.0,sapbert_full_len3,6,6,0,5,False,1,-0.0,-0.0,C1447749,True,6.0,1.0,"{""C1447749"": 6}",-0.0,-0.0,0.0,C1447749,0.0,6.0,-0.5964040160179138,-0.5964040160179138,-0.5964040160179138,0.40359535813331604,0.9999993443489075
mm_0037241,BioBERT,0.0,1.0,sapbert_full_len3,6,6,0,5,False,2,1.0,0.3868528072345416,C1257990,False,6.0,2.0,"{""UMLS:C1257990"": 3, ""C1447749"": 3}",1.0,0.3868528072345416,0.0,UMLS:C1257990,0.0,6.0,-0.6735250949859619,-0.6349645256996155,-0.6735250949859619,0.3650348484516144,0.9999993443489075
mm_0037241,BioMistral-7B,0.0,0.9999997615814208,sapbert_full_len3,6,6,0,5,False,1,-0.0,-0.0,C1412246,True,,,,,,,,,6.0,3.5762786854132145e-07,3.5762786854132145e-07,3.5762786854132145e-07,0.9999997615814208,0.999999463558197
mm_0037241,FLAN-T5-base,0.0,1.0,sapbert_full_len3,6,6,0,5,False,2,0.9182958340544896,0.355245321275764,C5940580,False,,,,,,,,,6.0,3.5762786865234375e-07,0.1112002631028492,1.7881393421514957e-07,0.9999997715155284,0.8887994885444641
mm_0037241,Llama3-OpenBioLLM-8B,1.0,0.9999999403953552,sapbert_full_len3,6,6,0,5,False,2,0.9182958340544896,0.355245321275764,C0011684,False,,,,,,,,,6.0,0.1022848486900329,0.0879458586374918,-0.0052475333213806,0.9240324298540752,0.8360865712165833
mm_0037241,Meta-Llama-3-8B-Instruct,0.0,0.9999999403953552,sapbert_full_len3,6,6,0,5,False,2,0.9182958340544896,0.355245321275764,C1412246,False,,,,,,,,,6.0,5.364418029785156e-07,2.6822090143374666e-07,0.0,0.9999998311201732,0.9999995827674866
mm_0037241,Mistral-7B-Instruct-v0.1,0.0,0.9999998807907104,sapbert_full_len3,6,6,0,5,False,1,-0.0,-0.0,C0037322,True,,,,,,,,,6.0,0.0421645641326904,0.0421645641326904,0.0421645641326904,0.9999998807907104,0.9578352570533752
mm_0037241,PubMedBERT,0.0,1.0,sapbert_full_len3,6,6,0,5,False,2,0.9182958340544896,0.355245321275764,C1257990,False,6.0,2.0,"{""UMLS:C1257990"": 4, ""C1839576"": 2}",0.9182958340544896,0.355245321275764,0.0,UMLS:C1257990,0.0,6.0,-0.6735250949859619,-0.6732306480407715,-0.6735250949859619,0.3267687261104584,0.9999993443489075
mm_0037245,BERT-base,0.0,1.0,sapbert_full_len3,6,6,0,5,False,2,0.6500224216483541,0.2514629985800606,C1447749,False,6.0,2.0,"{""C1447749"": 5, ""UMLS:C1257990"": 1}",0.6500224216483541,0.2514629985800606,0.0,C1447749,0.0,6.0,-0.6642740964889526,-0.6565513610839844,-0.6642740964889526,0.3434479236602783,0.9999992847442627
mm_0037245,BioBERT,0.0,1.0,sapbert_full_len3,6,6,0,5,False,2,1.0,0.3868528072345416,C1257990,False,6.0,2.0,"{""UMLS:C1257990"": 3, ""C1447749"": 3}",1.0,0.3868528072345416,0.0,UMLS:C1257990,0.0,6.0,-0.6179375648498535,-0.6411058306694031,-0.6642740964889526,0.358893483877182,0.9999992847442627
mm_0037245,BioMistral-7B,0.0,0.9999997615814208,sapbert_full_len3,6,6,0,5,False,1,-0.0,-0.0,C1412246,True,,,,,,,,,6.0,3.5762786854132145e-07,3.5762786854132145e-07,3.5762786854132145e-07,0.9999997615814208,0.999999463558197
mm_0037245,FLAN-T5-base,0.0,1.0,sapbert_full_len3,6,6,0,5,False,2,0.9182958340544896,0.355245321275764,C5940580,False,,,,,,,,,6.0,3.5762786865234375e-07,0.1112004915873209,3.5762786865234375e-07,1.0,0.8887994885444641
mm_0037245,Llama3-OpenBioLLM-8B,0.0,0.9999999403953552,sapbert_full_len3,6,6,0,5,False,3,1.4591479170272448,0.5644754678724236,C0037322,False,,,,,,,,,6.0,0.1022848486900329,0.1628957192103068,0.1022848486900329,0.9999999304612478,0.8371042609214783
mm_0037245,Meta-Llama-3-8B-Instruct,0.0,0.9999997615814208,sapbert_full_len3,6,6,0,5,False,2,0.6500224216483541,0.2514629985800606,C1412246,False,,,,,,,,,6.0,3.5762786854132145e-07,2.980232237844345e-07,0.0,0.999999781449636,0.9999995231628418
mm_0037245,Mistral-7B-Instruct-v0.1,1.0,1.0,sapbert_full_len3,6,6,0,5,False,1,-0.0,-0.0,C0037322,True,,,,,,,,,6.0,0.0421646833419799,0.0421645840009053,0.0421645641326904,0.9999999006589254,0.9578352570533752
mm_0037245,PubMedBERT,0.0,1.0,sapbert_full_len3,6,6,0,5,False,2,0.9182958340544896,0.355245321275764,C1257990,False,6.0,2.0,"{""UMLS:C1257990"": 4, ""C1839576"": 2}",0.9182958340544896,0.355245321275764,0.0,UMLS:C1257990,0.0,6.0,-0.6179375648498535,-0.6277444362640381,-0.6473581790924072,0.3722548484802246,0.9999992847442627
mm_0037301,BERT-base,0.0,1.0,sapbert_full_len3,5,5,0,4,False,1,-0.0,-0.0,C1257990,True,5.0,1.0,"{""UMLS:C1257990"": 5}",-0.0,-0.0,0.0,UMLS:C1257990,0.0,5.0,-0.5814415216445923,-0.5814415216445923,-0.5814415216445923,0.32619765400886536,0.9076391458511353
mm_0037301,BioBERT,0.0,1.0,sapbert_full_len3,5,5,0,4,False,1,-0.0,-0.0,C1257990,True,5.0,1.0,"{""UMLS:C1257990"": 5}",-0.0,-0.0,0.0,UMLS:C1257990,0.0,5.0,-0.5814415216445923,-0.5814415216445923,-0.5814415216445923,0.32619765400886536,0.9076391458511353
mm_0037301,BioMistral-7B,0.0,0.9999997615814208,sapbert_full_len3,5,5,0,4,False,1,-0.0,-0.0,C4042879,True,,,,,,,,,5.0,0.1267189979553221,0.1267189502716063,0.1267189383506773,0.9999997138977048,0.8732807040214539
mm_0037301,FLAN-T5-base,0.0,0.9999999403953552,sapbert_full_len3,5,5,0,4,False,2,0.9709505944546686,0.4181656600790516,C0678723,False,,,,,,,,,5.0,2.384185791015625e-07,0.0128783226013183,-1.1102230246251563e-16,0.9999998211860656,0.9871214628219604
mm_0037301,Llama3-OpenBioLLM-8B,0.0,0.9999998211860656,sapbert_full_len3,5,5,0,4,False,1,-0.0,-0.0,C5417695,True,,,,,,,,,5.0,0.1549561023712157,0.1549561023712157,0.1549561023712157,0.9999998211860656,0.8450437784194946
mm_0037301,Meta-Llama-3-8B-Instruct,0.0,1.0,sapbert_full_len3,5,5,0,4,False,1,-0.0,-0.0,C0011756,True,,,,,,,,,5.0,0.0869022011756897,0.0869021534919738,0.0869021415710449,0.999999952316284,0.9130977392196656
mm_0037301,Mistral-7B-Instruct-v0.1,0.0,0.9999999403953552,sapbert_full_len3,5,5,0,4,False,2,0.7219280948873623,0.3109175070825711,C0038250,False,,,,,,,,,5.0,0.0832522511482238,0.0719347238540649,0.026664614677429,0.9999999165534972,0.9280651807785034
mm_0037301,PubMedBERT,0.0,1.0,sapbert_full_len3,5,5,0,4,False,1,-0.0,-0.0,C1447749,True,5.0,1.0,"{""C1447749"": 5}",-0.0,-0.0,0.0,C1447749,0.0,5.0,-0.4584268629550934,-0.4584268629550934,-0.4584268629550934,0.4492122530937195,0.9076391458511353
mm_0037668,BERT-base,0.0,1.0,sapbert_full_len3,5,5,0,4,False,2,0.9709505944546686,0.4181656600790516,C0242193,False,5.0,2.0,"{""UMLS:C0242193"": 3, ""C0005976"": 2}",0.9709505944546686,0.4181656600790516,0.0,UMLS:C0242193,0.0,5.0,-0.6888233423233032,-0.615747332572937,-0.6888233423233032,0.3842522203922272,0.9999996423721313
mm_0037668,BioBERT,0.0,1.0,sapbert_full_len3,5,5,0,4,False,1,-0.0,-0.0,C1257990,True,5.0,1.0,"{""UMLS:C1257990"": 5}",-0.0,-0.0,0.0,UMLS:C1257990,0.0,5.0,-0.5581312775611877,-0.5581312775611877,-0.5581312775611877,0.44186830520629883,0.9999996423721313
mm_0037668,BioMistral-7B,1.0,0.7356868386268616,sapbert_full_len3,5,5,0,4,False,2,0.9709505944546686,0.4181656600790516,C0524865,False,,,,,,,,,5.0,-0.1188415884971618,-0.0285553812980651,-0.1188415884971618,0.8942747116088867,0.9228301048278807
mm_0037668,FLAN-T5-base,1.0,1.0,sapbert_full_len3,5,5,0,4,False,1,-0.0,-0.0,C0524865,True,,,,,,,,,5.0,0.1703217625617981,0.0340646386146545,3.5762786865234375e-07,0.999999952316284,0.9659353494644164
mm_0037668,Llama3-OpenBioLLM-8B,1.0,0.7356868386268616,sapbert_full_len3,5,5,0,4,False,2,0.7219280948873623,0.3109175070825711,C0524865,False,,,,,,,,,5.0,-0.1188415884971618,-0.0950732350349426,-0.1188415884971618,0.7885493993759155,0.8836226463317871
mm_0037668,Meta-Llama-3-8B-Instruct,0.0,0.9999997615814208,sapbert_full_len3,5,5,0,4,False,4,1.9219280948873625,0.8277293767706428,C0524865,False,,,,,,,,,5.0,4.172325133167121e-07,0.0593389749526976,3.5762786854132145e-07,0.9999998569488524,0.940660834312439
mm_0037668,Mistral-7B-Instruct-v0.1,1.0,0.735722005367279,sapbert_full_len3,5,5,0,4,False,2,0.9709505944546686,0.4181656600790516,C0524865,False,,,,,,,,,5.0,-0.1188064217567443,0.000754153728485,-0.1188415884971618,0.8942816495895386,0.8935275077819824
mm_0037668,PubMedBERT,0.0,1.0,sapbert_full_len3,5,5,0,4,False,2,0.7219280948873623,0.3109175070825711,C1447749,False,5.0,2.0,"{""C1447749"": 4, ""C1839576"": 1}",0.7219280948873623,0.3109175070825711,0.0,C1447749,0.0,5.0,-0.6504006385803223,-0.6604084968566895,-0.700439989566803,0.33959105610847473,0.9999996423721313
mm_0037976,BERT-base,1.0,1.0,sapbert_full_len3,9,9,0,8,False,2,0.7642045065086203,0.2410796804848405,C0010362,False,9.0,2.0,"{""UMLS:C0010362"": 7, ""UMLS:C0242193"": 2}",0.7642045065086203,0.2410796804848405,0.7777777777777778,UMLS:C0010362,0.0,9.0,0.19708353281021118,0.01696045510470867,-0.6134703159332275,0.8636729717254639,0.8467124700546265
mm_0037976,BioBERT,1.0,1.0,sapbert_full_len3,9,9,0,8,False,1,-0.0,-0.0,C0010362,True,9.0,1.0,"{""UMLS:C0010362"": 9}",-0.0,-0.0,1.0,UMLS:C0010362,0.0,9.0,0.19708353281021118,0.19708353281021118,0.19708353281021118,0.9999997019767761,0.8029161691665649
mm_0037976,BioMistral-7B,0.0,0.9999998807907104,sapbert_full_len3,9,9,0,8,False,2,0.7642045065086203,0.2410796804848405,C0038951,False,,,,,,,,,9.0,1.788139343261719e-07,0.043796612156762,1.788139343261719e-07,0.9999999735090468,0.9562033414840698
mm_0037976,FLAN-T5-base,0.0,0.9999999403953552,sapbert_full_len3,9,9,0,8,False,2,0.7642045065086203,0.2410796804848405,C0038951,False,,,,,,,,,9.0,2.384185791015625e-07,0.0104907221264309,1.788139343261719e-07,0.9999998609224956,0.9895091652870178
mm_0037976,Llama3-OpenBioLLM-8B,0.0,0.9999998807907104,sapbert_full_len3,9,9,0,8,False,2,0.9910760598382222,0.3126496871021503,C0010362,False,,,,,,,,,9.0,1.788139343261719e-07,0.1040856771998935,1.788139343261719e-07,0.9999999933772616,0.8959143757820129
mm_0037976,Meta-Llama-3-8B-Instruct,0.0,0.9999990463256836,sapbert_full_len3,9,9,0,8,False,3,1.224394445405986,0.3862534428571301,C0681814,False,,,,,,,,,9.0,0.0892500877380371,0.0699902110629611,3.5762786865234375e-07,0.9999998609224956,0.9300096035003662
mm_0037976,Mistral-7B-Instruct-v0.1,0.0,0.9999998807907104,sapbert_full_len3,9,9,0,8,False,3,1.5304930567574824,0.4828168035714125,C0038951,False,,,,,,,,,9.0,1.788139343261719e-07,0.0437965260611639,1.788139343261719e-07,0.9999998675452338,0.9562033414840698
mm_0037976,PubMedBERT,1.0,1.0,sapbert_full_len3,9,9,0,8,False,2,0.9910760598382222,0.3126496871021503,C0010362,False,9.0,2.0,"{""UMLS:C0010362"": 5, ""C1839576"": 4}",0.9910760598382222,0.3126496871021503,0.5555555555555556,UMLS:C0010362,0.0,9.0,0.19708353281021118,-0.19376513361930847,-0.6823259592056274,0.6967436671257019,0.890508770942688
mm_0038321,BERT-base,0.0,1.0,sapbert_full_len3,4,4,0,3,False,2,1.0,0.5,C1257990,False,4.0,2.0,"{""UMLS:C1257990"": 2, ""UMLS:C2350390"": 2}",1.0,0.5,0.0,UMLS:C1257990,1.0,4.0,-0.7286702990531921,-0.6793507933616638,-0.7286702990531921,0.3206482529640198,0.9999990463256836
mm_0038321,BioBERT,0.0,1.0,sapbert_full_len3,4,4,0,3,False,1,-0.0,-0.0,C1257990,True,4.0,1.0,"{""UMLS:C1257990"": 4}",-0.0,-0.0,0.0,UMLS:C1257990,0.0,4.0,-0.7286702990531921,-0.7286702990531921,-0.7286702990531921,0.27132874727249146,0.9999990463256836
mm_0038321,BioMistral-7B,0.0,1.0,sapbert_full_len3,4,4,0,3,False,1,-0.0,-0.0,C5554892,True,,,,,,,,,4.0,0.1528345942497253,0.1413809806108474,0.1070201396942137,0.9999999403953552,0.8586189150810242
mm_0038321,FLAN-T5-base,0.0,1.0,sapbert_full_len3,4,4,0,3,False,1,-0.0,-0.0,C5554892,True,,,,,,,,,4.0,0.1070203781127929,0.1070201992988585,0.1070201396942137,0.9999998211860656,0.892979621887207
mm_0038321,Llama3-OpenBioLLM-8B,0.0,0.9999997615814208,sapbert_full_len3,4,4,0,3,False,1,-0.0,-0.0,C5554892,True,,,,,,,,,4.0,0.1070201396942137,0.1070201396942137,0.1070201396942137,0.9999997615814208,0.892979621887207
mm_0038321,Meta-Llama-3-8B-Instruct,0.0,1.0,sapbert_full_len3,4,4,0,3,False,1,-0.0,-0.0,C5554892,True,,,,,,,,,4.0,0.1070203781127929,0.1070201992988585,0.1070201396942137,0.9999998211860656,0.892979621887207
mm_0038321,Mistral-7B-Instruct-v0.1,0.0,1.0,sapbert_full_len3,4,4,0,3,False,1,-0.0,-0.0,C5554892,True,,,,,,,,,4.0,0.1218693256378173,0.1144447326660155,0.1070201396942137,0.9999998807907104,0.8855551481246948
mm_0038321,PubMedBERT,0.0,1.0,sapbert_full_len3,4,4,0,3,False,1,-0.0,-0.0,C1447749,True,4.0,1.0,"{""C1447749"": 4}",-0.0,-0.0,0.0,C1447749,0.0,4.0,-0.66684490442276,-0.66684490442276,-0.66684490442276,0.3331541419029236,0.9999990463256836
mm_0038389,BERT-base,0.0,1.0,sapbert_full_len3,5,5,0,4,False,1,-0.0,-0.0,C0681906,True,5.0,1.0,"{""UMLS:C0681906"": 5}",-0.0,-0.0,0.0,UMLS:C0681906,0.0,5.0,-0.5833172798156738,-0.5833172798156738,-0.5833172798156738,0.4098392128944397,0.9931565523147583
mm_0038389,BioBERT,0.0,1.0,sapbert_full_len3,5,5,0,4,False,2,0.7219280948873623,0.3109175070825711,C0027609,False,5.0,2.0,"{""C5392105"": 1, ""C0027609"": 4}",0.7219280948873623,0.3109175070825711,0.0,C0027609,0.0,5.0,-0.684696614742279,-0.6246973872184753,-0.684696614742279,0.3684591054916382,0.9931565523147583
mm_0038389,BioMistral-7B,1.0,0.9931362867355348,sapbert_full_len3,5,5,0,4,False,2,0.7219280948873623,0.3109175070825711,C3263723,False,,,,,,,,,5.0,0.1239699125289918,0.0247942686080932,3.5762786865234375e-07,0.9986273527145386,0.9738330841064452
mm_0038389,FLAN-T5-base,1.0,0.9931650161743164,sapbert_full_len3,5,5,0,4,False,2,0.7219280948873623,0.3109175070825711,C3263723,False,,,,,,,,,5.0,0.1239986419677734,0.0247997283935546,-1.1102230246251563e-16,0.9986328125,0.9738330841064452
mm_0038389,Llama3-OpenBioLLM-8B,0.0,0.9999997615814208,sapbert_full_len3,5,5,0,4,False,1,-0.0,-0.0,C0035648,True,,,,,,,,,5.0,2.384185789905402e-07,4.29153442360608e-07,2.384185789905402e-07,0.999999952316284,0.9999995231628418
mm_0038389,Meta-Llama-3-8B-Instruct,1.0,0.9931362867355348,sapbert_full_len3,5,5,0,4,False,3,1.3709505944546687,0.5904362833084089,C0150638,False,,,,,,,,,5.0,0.1239699125289918,0.0377716541290283,0.0083059072494506,0.8393988609313965,0.8016271591186523
mm_0038389,Mistral-7B-Instruct-v0.1,1.0,0.9931362867355348,sapbert_full_len3,5,5,0,4,False,3,1.521928094887362,0.6554587535412855,C0035648,False,,,,,,,,,5.0,0.1239699125289918,0.0281237125396728,2.384185789905402e-07,0.931894326210022,0.903770625591278
mm_0038389,PubMedBERT,0.0,1.0,sapbert_full_len3,5,5,0,4,False,1,-0.0,-0.0,C1839576,True,5.0,1.0,"{""C1839576"": 5}",-0.0,-0.0,0.0,C1839576,0.0,5.0,-0.7484101057052612,-0.7484101057052612,-0.7484101057052612,0.2447464019060135,0.9931565523147583
mm_0038431,BERT-base,0.0,1.0,sapbert_full_len3,7,7,0,6,False,3,1.3787834934861751,0.4911325898456825,C1312419,False,7.0,3.0,"{""C1312419"": 4, ""UMLS:C3808257"": 1, ""UMLS:C1257990"": 2}",1.3787834934861751,0.4911325898456825,0.0,C1312419,0.0,7.0,-0.6516047120094299,-0.6681567430496216,-0.7248580455780029,0.3318428099155426,0.9999995231628418
mm_0038431,BioBERT,0.0,1.0,sapbert_full_len3,7,7,0,6,False,1,-0.0,-0.0,C0008354,True,7.0,1.0,"{""C0008354"": 7}",-0.0,-0.0,0.0,C0008354,0.0,7.0,-0.5828027129173279,-0.5828027129173279,-0.5828027129173279,0.4171968102455139,0.9999995231628418
mm_0038431,BioMistral-7B,0.0,1.0,sapbert_full_len3,7,7,0,6,False,1,-0.0,-0.0,C0036117,True,,,,,,,,,7.0,4.76837158203125e-07,4.76837158203125e-07,4.76837158203125e-07,1.0,0.9999995231628418
mm_0038431,FLAN-T5-base,1.0,1.0,sapbert_full_len3,7,7,0,6,False,1,-0.0,-0.0,C1421424,True,,,,,,,,,7.0,0.1412302255630493,0.1412302255630493,0.1412302255630493,1.0,0.8587698340415955
mm_0038431,Llama3-OpenBioLLM-8B,1.0,1.0,sapbert_full_len3,7,7,0,6,False,1,-0.0,-0.0,C1421424,True,,,,,,,,,7.0,0.0727982521057128,0.1320447070258004,0.0727982521057128,0.9999999489103044,0.8679552674293518
mm_0038431,Meta-Llama-3-8B-Instruct,0.0,0.9999998807907104,sapbert_full_len3,7,7,0,6,False,3,1.3787834934861751,0.4911325898456825,C1421424,False,,,,,,,,,7.0,3.5762786865234375e-07,0.0807031563350132,3.5762786865234375e-07,0.999999965940203,0.9192968606948853
mm_0038431,Mistral-7B-Instruct-v0.1,0.0,0.9999998807907104,sapbert_full_len3,7,7,0,6,False,2,0.5916727785823275,0.2107580961471984,C1421424,False,,,,,,,,,7.0,3.5762786865234375e-07,0.1210545301437377,3.5762786865234375e-07,0.9999999829701016,0.8789454698562622
mm_0038431,PubMedBERT,0.0,1.0,sapbert_full_len3,7,7,0,6,False,2,0.5916727785823275,0.2107580961471984,C1447749,False,7.0,2.0,"{""C1447749"": 6, ""UMLS:C1502411"": 1}",0.5916727785823275,0.2107580961471984,0.0,C1447749,0.0,7.0,-0.5627102851867676,-0.5850842595100403,-0.7193277478218079,0.4149153232574463,0.9999995231628418
mm_0038623,BERT-base,0.0,1.0,sapbert_full_len3,7,7,0,6,False,3,1.1488348542809166,0.4092232318950598,C1447749,False,7.0,3.0,"{""C1447749"": 5, ""C1312419"": 1, ""UMLS:C1257990"": 1}",1.1488348542809166,0.4092232318950598,0.0,C1447749,0.0,7.0,-0.6126059293746948,-0.6459441781044006,-0.7867832183837891,0.35405513644218445,0.9999993443489075
mm_0038623,BioBERT,0.0,1.0,sapbert_full_len3,7,7,0,6,False,2,0.5916727785823275,0.2107580961471984,C0265267,False,7.0,2.0,"{""C0265267"": 6, ""UMLS:C1257990"": 1}",0.5916727785823275,0.2107580961471984,0.0,C0265267,0.0,7.0,-0.5880026817321777,-0.616399884223938,-0.7867832183837891,0.3835994601249695,0.9999993443489075
mm_0038623,BioMistral-7B,0.0,0.9999998807907104,sapbert_full_len3,7,7,0,6,False,1,-0.0,-0.0,C0238288,True,,,,,,,,,7.0,5.364418029785156e-07,5.364418029785156e-07,5.364418029785156e-07,0.9999998807907104,0.9999994039535522
mm_0038623,FLAN-T5-base,0.0,1.0,sapbert_full_len3,7,7,0,6,False,2,0.863120568566631,0.3074497498641964,C0016514,False,,,,,,,,,7.0,0.0782637596130371,0.0559028387069702,5.364418029785156e-07,0.999999965940203,0.944097101688385
mm_0038623,Llama3-OpenBioLLM-8B,1.0,1.0,sapbert_full_len3,7,7,0,6,False,2,0.5916727785823275,0.2107580961471984,C0011900,False,,,,,,,,,7.0,0.3175649046897888,0.2365773405347551,0.0937690734863281,1.0000000170298986,0.7634226679801941
mm_0038623,Meta-Llama-3-8B-Instruct,0.0,1.0,sapbert_full_len3,7,7,0,6,False,2,0.9852281360342516,0.3509453429964405,C0016514,False,,,,,,,,,7.0,0.0782637596130371,0.0447221738951545,3.5762786854132145e-07,0.9999997445515224,0.9552775621414183
mm_0038623,Mistral-7B-Instruct-v0.1,0.0,0.999999701976776,sapbert_full_len3,7,7,0,6,False,2,0.863120568566631,0.3074497498641964,C0238288,False,,,,,,,,,7.0,3.5762786854132145e-07,0.0306193317685808,3.5762786854132145e-07,0.9999998893056598,0.9693806767463684
mm_0038623,PubMedBERT,0.0,1.0,sapbert_full_len3,7,7,0,6,False,1,-0.0,-0.0,C1447749,True,7.0,1.0,"{""C1447749"": 7}",-0.0,-0.0,0.0,C1447749,0.0,7.0,-0.6126059293746948,-0.6126059293746948,-0.6126059293746948,0.38739338517189026,0.9999993443489075
mm_0038625,BERT-base,0.0,1.0,sapbert_full_len3,7,7,0,6,False,2,0.863120568566631,0.3074497498641964,C1447749,False,7.0,2.0,"{""C1447749"": 5, ""UMLS:C1257990"": 2}",0.863120568566631,0.3074497498641964,0.0,C1447749,0.0,7.0,-0.6061673164367676,-0.6176862120628357,-0.6464833617210388,0.38231316208839417,0.9999993443489075
mm_0038625,BioBERT,0.0,1.0,sapbert_full_len3,7,7,0,6,False,2,0.863120568566631,0.3074497498641964,C0265267,False,7.0,2.0,"{""C0265267"": 5, ""UMLS:C1257990"": 2}",0.863120568566631,0.3074497498641964,0.0,C0265267,0.0,7.0,-0.6093324422836304,-0.6199470162391663,-0.6464833617210388,0.3800523281097412,0.9999993443489075
mm_0038625,BioMistral-7B,0.0,0.999999701976776,sapbert_full_len3,7,7,0,6,False,1,-0.0,-0.0,C0238288,True,,,,,,,,,7.0,3.5762786854132145e-07,5.108969552017736e-07,3.5762786854132145e-07,0.9999998552458628,0.9999994039535522
mm_0038625,FLAN-T5-base,1.0,1.0,sapbert_full_len3,7,7,0,6,False,2,0.9852281360342516,0.3509453429964405,C0016514,False,,,,,,,,,7.0,0.0782637596130371,0.066904706614358,5.364418029785156e-07,0.999999965940203,0.9330952763557434
mm_0038625,Llama3-OpenBioLLM-8B,0.0,1.0,sapbert_full_len3,7,7,0,6,False,1,-0.0,-0.0,C0238288,True,,,,,,,,,7.0,0.3175649046897888,0.2097314511026655,3.57627868653454e-05,0.9732190540858676,0.7634876370429993
mm_0038625,Meta-Llama-3-8B-Instruct,1.0,0.999999701976776,sapbert_full_len3,7,7,0,6,False,2,0.9852281360342516,0.3509453429964405,C0238288,False,,,,,,,,,7.0,0.0782634615898131,0.0335416878972733,3.5762786854132145e-07,0.999999701976776,0.9664579629898072
mm_0038625,Mistral-7B-Instruct-v0.1,0.0,0.999999701976776,sapbert_full_len3,7,7,0,6,False,1,-0.0,-0.0,C0238288,True,,,,,,,,,7.0,3.5762786854132145e-07,-0.0210190330232892,-0.0735678672790527,0.944533714226314,0.965552806854248
mm_0038625,PubMedBERT,0.0,1.0,sapbert_full_len3,7,7,0,6,False,1,-0.0,-0.0,C1447749,True,7.0,1.0,"{""C1447749"": 7}",-0.0,-0.0,0.0,C1447749,0.0,7.0,-0.6061673164367676,-0.6061673164367676,-0.6061673164367676,0.3938319981098175,0.9999993443489075
mm_0039859,BERT-base,0.0,1.0,sapbert_full_len3,9,9,0,8,False,1,-0.0,-0.0,C1257990,True,9.0,1.0,"{""UMLS:C1257990"": 9}",-0.0,-0.0,0.0,UMLS:C1257990,0.0,9.0,-0.6313533782958984,-0.6313533782958984,-0.6313533782958984,0.3686463534832001,0.9999997615814209
mm_0039859,BioBERT,0.0,1.0,sapbert_full_len3,9,9,0,8,False,1,-0.0,-0.0,C1257990,True,9.0,1.0,"{""UMLS:C1257990"": 9}",-0.0,-0.0,0.0,UMLS:C1257990,0.0,9.0,-0.6313533782958984,-0.6313533782958984,-0.6313533782958984,0.3686463534832001,0.9999997615814209
mm_0039859,BioMistral-7B,0.0,0.9999998807907104,sapbert_full_len3,9,9,0,8,False,2,0.9182958340544896,0.2896900821428475,C1421536,False,,,,,,,,,9.0,2.384185791015625e-07,4.900826348198784e-07,2.384185791015625e-07,1.0000000529819064,0.9999995827674866
mm_0039859,FLAN-T5-base,0.0,0.9999998807907104,sapbert_full_len3,9,9,0,8,False,3,1.4355205042826666,0.4528562990069186,C1421536,False,,,,,,,,,9.0,2.384185791015625e-07,0.0501760376824273,2.384185791015625e-07,0.9999999072816635,0.9498239159584044
mm_0039859,Llama3-OpenBioLLM-8B,1.0,1.0,sapbert_full_len3,9,9,0,8,False,2,0.7642045065086203,0.2410796804848405,C0035668,False,,,,,,,,,9.0,0.2442841529846191,0.1816828449567158,0.0933066606521605,0.9999999205271404,0.8183170557022095
mm_0039859,Meta-Llama-3-8B-Instruct,1.0,1.0,sapbert_full_len3,9,9,0,8,False,1,-0.0,-0.0,C0035668,True,,,,,,,,,9.0,0.0711658596992492,0.1341023378902011,0.0711658596992492,1.0,0.8658976554870605
mm_0039859,Mistral-7B-Instruct-v0.1,1.0,1.0,sapbert_full_len3,9,9,0,8,False,1,-0.0,-0.0,C0035668,True,,,,,,,,,9.0,0.2085669636726379,0.2194438113106621,0.1901101469993591,1.0,0.7805561423301697
mm_0039859,PubMedBERT,0.0,1.0,sapbert_full_len3,9,9,0,8,False,2,0.7642045065086203,0.2410796804848405,C1447749,False,9.0,2.0,"{""C1447749"": 7, ""UMLS:C1257990"": 2}",0.7642045065086203,0.2410796804848405,0.0,C1447749,0.0,9.0,-0.6033178567886353,-0.6095479726791382,-0.6313533782958984,0.3904517889022827,0.9999997615814209
mm_0040043,BERT-base,1.0,1.0,sapbert_full_len3,5,5,0,4,False,2,0.7219280948873623,0.3109175070825711,C2936621,False,5.0,2.0,"{""C2936621"": 4, ""UMLS:C1257990"": 1}",0.7219280948873623,0.3109175070825711,0.0,C2936621,0.0,5.0,-0.06228947639465332,-0.177887961268425,-0.6402819156646729,0.8221112489700317,0.9999991655349731
mm_0040043,BioBERT,0.0,1.0,sapbert_full_len3,5,5,0,4,False,2,0.9709505944546686,0.4181656600790516,C2936621,False,5.0,2.0,"{""UMLS:C1257990"": 2, ""UMLS:C2936621"": 3}",0.9709505944546686,0.4181656600790516,0.6,UMLS:C2936621,0.0,5.0,-0.6402819156646729,-0.29348644614219666,-0.6402819156646729,0.7065127491950989,0.9999991655349731
mm_0040043,BioMistral-7B,0.0,1.0,sapbert_full_len3,5,5,0,4,False,1,-0.0,-0.0,C5392992,True,,,,,,,,,5.0,0.1620146036148071,0.1620146036148071,0.1620146036148071,1.0,0.8379853963851929
mm_0040043,FLAN-T5-base,0.0,1.0,sapbert_full_len3,5,5,0,4,False,1,-0.0,-0.0,C5392992,True,,,,,,,,,5.0,0.1620146036148071,0.1620146036148071,0.1620146036148071,1.0,0.8379853963851929
mm_0040043,Llama3-OpenBioLLM-8B,0.0,1.0,sapbert_full_len3,5,5,0,4,False,2,0.9709505944546686,0.4181656600790516,C3831111,False,,,,,,,,,5.0,0.1620146036148071,0.1204569220542907,0.0927518010139465,0.9999999284744264,0.8795430064201355
mm_0040043,Meta-Llama-3-8B-Instruct,0.0,1.0000001192092896,sapbert_full_len3,5,5,0,4,False,1,-0.0,-0.0,C1328856,True,,,,,,,,,5.0,0.1053476333618164,0.1053476333618164,0.1053476333618164,1.0000001192092896,0.8946524858474731
mm_0040043,Mistral-7B-Instruct-v0.1,0.0,0.9999997615814208,sapbert_full_len3,5,5,0,4,False,2,0.7219280948873623,0.3109175070825711,C3831111,False,,,,,,,,,5.0,0.0927516818046568,0.0952708125114439,0.0927516818046568,0.9999997735023496,0.9047290086746216
mm_0040043,PubMedBERT,0.0,1.0,sapbert_full_len3,5,5,0,4,False,3,1.3709505944546687,0.5904362833084089,C1839576,False,5.0,3.0,"{""C1370369"": 1, ""C1839576"": 3, ""C1447749"": 1}",1.3709505944546687,0.5904362833084089,0.0,C1839576,1.0,5.0,-0.6848833560943604,-0.6149421334266663,-0.6848833560943604,0.3850570619106293,0.9999991655349731
mm_0041012,BERT-base,0.0,1.0,sapbert_full_len3,5,5,0,4,False,1,-0.0,-0.0,C0055966,True,5.0,1.0,"{""C0055966"": 5}",-0.0,-0.0,0.0,C0055966,0.0,5.0,-0.5810893177986145,-0.5810893177986145,-0.5810893177986145,0.41891008615493774,0.9999994039535522
mm_0041012,BioBERT,0.0,1.0,sapbert_full_len3,5,5,0,4,False,1,-0.0,-0.0,C1370369,True,5.0,1.0,"{""C1370369"": 5}",-0.0,-0.0,0.0,C1370369,0.0,5.0,-0.6408072113990784,-0.6408072113990784,-0.6408072113990784,0.3591921925544739,0.9999994039535522
mm_0041012,BioMistral-7B,0.0,0.9999996423721312,sapbert_full_len3,5,5,0,4,False,3,1.521928094887362,0.6554587535412855,C1336636,False,,,,,,,,,5.0,0.0116401314735411,0.1851992726325988,0.0116401314735411,0.9999999284744264,0.8148006200790405
mm_0041012,FLAN-T5-base,0.0,0.9999998807907104,sapbert_full_len3,5,5,0,4,False,1,-0.0,-0.0,C0000934,True,,,,,,,,,5.0,1.1920928955078125e-07,1.1920928955078125e-07,1.1920928955078125e-07,0.9999998807907104,0.9999998211860656
mm_0041012,Llama3-OpenBioLLM-8B,0.0,0.9999998807907104,sapbert_full_len3,5,5,0,4,False,3,1.521928094887362,0.6554587535412855,C0678209,False,,,,,,,,,5.0,5.960464477539064e-08,0.0939093947410583,5.960464477539064e-08,0.9999998569488524,0.9060904383659364
mm_0041012,Meta-Llama-3-8B-Instruct,0.0,1.0,sapbert_full_len3,5,5,0,4,False,2,0.9709505944546686,0.4181656600790516,C0000934,False,,,,,,,,,5.0,1.788139343261719e-07,0.045745050907135,1.788139343261719e-07,1.000000047683716,0.954254984855652
mm_0041012,Mistral-7B-Instruct-v0.1,0.0,1.0,sapbert_full_len3,5,5,0,4,False,2,0.7219280948873623,0.3109175070825711,C1336636,False,,,,,,,,,5.0,1.788139343261719e-07,0.2008837103843689,1.788139343261719e-07,1.0,0.7991162538528442
mm_0041012,PubMedBERT,0.0,1.0,sapbert_full_len3,5,5,0,4,False,1,-0.0,-0.0,C1447749,True,5.0,1.0,"{""C1447749"": 5}",-0.0,-0.0,0.0,C1447749,0.0,5.0,-0.5576711297035217,-0.5576711297035217,-0.5576711297035217,0.4423282742500305,0.9999994039535522
mm_0041160,BERT-base,0.0,1.0,sapbert_full_len3,7,7,0,6,False,1,-0.0,-0.0,C1839576,True,7.0,1.0,"{""C1839576"": 7}",-0.0,-0.0,0.0,C1839576,0.0,7.0,-0.7139761447906494,-0.7139762043952942,-0.7139761447906494,0.2860233187675476,0.999999463558197
mm_0041160,BioBERT,0.0,1.0,sapbert_full_len3,7,7,0,6,False,2,0.9852281360342516,0.3509453429964405,C1868801,False,7.0,2.0,"{""C1868801"": 4, ""C1839576"": 3}",0.9852281360342516,0.3509453429964405,0.0,C1868801,0.0,7.0,-0.4362106919288635,-0.5552530288696289,-0.7139761447906494,0.4447464346885681,0.999999463558197
mm_0041160,BioMistral-7B,1.0,1.0,sapbert_full_len3,7,7,0,6,False,2,0.863120568566631,0.3074497498641964,C0003964,False,,,,,,,,,7.0,0.1017670631408691,0.091795802116394,4.172325134277344e-07,0.9999999829701016,0.908204197883606
mm_0041160,FLAN-T5-base,1.0,1.0,sapbert_full_len3,7,7,0,6,False,1,-0.0,-0.0,C0003964,True,,,,,,,,,7.0,0.1017670631408691,0.1255707911082676,0.1017670631408691,1.0,0.8744292259216309
mm_0041160,Llama3-OpenBioLLM-8B,1.0,1.0,sapbert_full_len3,7,7,0,6,False,1,-0.0,-0.0,C0003964,True,,,,,,,,,7.0,0.1017670631408691,0.0747945819582257,0.0073633790016174,1.0,0.925205409526825
mm_0041160,Meta-Llama-3-8B-Instruct,1.0,1.0,sapbert_full_len3,7,7,0,6,False,1,-0.0,-0.0,C0003964,True,,,,,,,,,7.0,0.1017670631408691,0.0747945819582257,0.0073633790016174,1.0,0.925205409526825
mm_0041160,Mistral-7B-Instruct-v0.1,0.0,0.9999998211860656,sapbert_full_len3,7,7,0,6,False,2,0.9852281360342516,0.3509453429964405,C0009566,False,,,,,,,,,7.0,1.7881393421514957e-07,0.043614557811192,1.7881393421514957e-07,0.9999998978206088,0.9563853144645692
mm_0041160,PubMedBERT,0.0,1.0,sapbert_full_len3,7,7,0,6,False,1,-0.0,-0.0,C0015131,True,7.0,1.0,"{""C0015131"": 7}",-0.0,-0.0,0.0,C0015131,0.0,7.0,-0.6791003346443176,-0.6791003346443176,-0.6791003346443176,0.3208991587162018,0.999999463558197
mm_0041463,BERT-base,0.0,1.0,sapbert_full_len3,5,5,0,4,False,1,-0.0,-0.0,C1447749,True,5.0,1.0,"{""C1447749"": 5}",-0.0,-0.0,0.0,C1447749,0.0,5.0,-0.40439724922180176,-0.40439724922180176,-0.40439724922180176,0.37896019220352173,0.7833574414253235
mm_0041463,BioBERT,0.0,1.0,sapbert_full_len3,5,5,0,4,False,1,-0.0,-0.0,C1707887,True,5.0,1.0,"{""UMLS:C1707887"": 5}",-0.0,-0.0,0.0,UMLS:C1707887,0.0,5.0,-0.5412231087684631,-0.5412231087684631,-0.5412231087684631,0.24213430285453796,0.7833574414253235
mm_0041463,BioMistral-7B,1.0,0.9999998211860656,sapbert_full_len3,5,5,0,4,False,2,0.9709505944546686,0.4181656600790516,C5234991,False,,,,,,,,,5.0,2.980232237659308e-07,0.0156036019325256,2.980232237659308e-07,0.8700533032417297,0.8544496297836304
mm_0041463,FLAN-T5-base,0.0,0.8024196624755859,sapbert_full_len3,5,5,0,4,False,3,1.3709505944546687,0.5904362833084089,C1704492,False,,,,,,,,,5.0,0.0437674522399902,0.0382158875465393,0.0259830951690673,0.8006639599800109,0.7624480724334717
mm_0041463,Llama3-OpenBioLLM-8B,0.0,0.7833995819091797,sapbert_full_len3,5,5,0,4,False,1,-0.0,-0.0,C5234991,True,,,,,,,,,5.0,0.0259830951690673,0.0260012149810791,0.0259830951690673,0.7834177017211914,0.7574164867401123
mm_0041463,Meta-Llama-3-8B-Instruct,0.0,0.7834222316741943,sapbert_full_len3,5,5,0,4,False,1,-0.0,-0.0,C5234991,True,,,,,,,,,5.0,0.026005744934082,0.026005744934082,0.026005744934082,0.7834222316741943,0.7574164867401123
mm_0041463,Mistral-7B-Instruct-v0.1,0.0,0.7833995819091797,sapbert_full_len3,5,5,0,4,False,1,-0.0,-0.0,C5234991,True,,,,,,,,,5.0,0.0259830951690673,0.0259830951690673,0.0259830951690673,0.7833995819091797,0.7574164867401123
mm_0041463,PubMedBERT,0.0,1.0,sapbert_full_len3,5,5,0,4,False,1,-0.0,-0.0,C1839576,True,5.0,1.0,"{""C1839576"": 5}",-0.0,-0.0,0.0,C1839576,0.0,5.0,-0.4566245377063751,-0.4566245675086975,-0.4566245377063751,0.32673290371894836,0.7833574414253235
mm_0042594,BERT-base,0.0,1.0,sapbert_full_len3,5,5,0,4,False,2,0.7219280948873623,0.3109175070825711,C1312419,False,5.0,2.0,"{""C1312419"": 4, ""C0169661"": 1}",0.7219280948873623,0.3109175070825711,0.0,C1312419,0.0,5.0,-0.5113475322723389,-0.526949405670166,-0.5893568992614746,0.4142497479915619,0.9411991834640503
mm_0042594,BioBERT,0.0,1.0,sapbert_full_len3,5,5,0,4,False,2,0.7219280948873623,0.3109175070825711,C1431322,False,5.0,2.0,"{""C1431322"": 4, ""UMLS:C1257990"": 1}",0.7219280948873623,0.3109175070825711,0.0,C1431322,0.0,5.0,-0.5006617307662964,-0.5147251486778259,-0.5709788799285889,0.426474004983902,0.9411991834640503
mm_0042594,BioMistral-7B,0.0,0.7750252485275269,sapbert_full_len3,5,5,0,4,False,1,-0.0,-0.0,C0280091,True,,,,,,,,,5.0,0.0366081595420837,0.0330114006996154,0.0186243653297424,0.7645504117012024,0.7315390706062317
mm_0042594,FLAN-T5-base,0.0,0.778575599193573,sapbert_full_len3,5,5,0,4,False,1,-0.0,-0.0,C1422628,True,,,,,,,,,5.0,-0.0047569870948791,-0.0048295617103576,-0.0048477053642272,0.7785030245780945,0.7833325862884521
mm_0042594,Llama3-OpenBioLLM-8B,0.0,0.9999997615814208,sapbert_full_len3,5,5,0,4,False,3,1.3709505944546687,0.5904362833084089,C0079189,False,,,,,,,,,5.0,0.0170049667358397,0.0259585857391356,0.0170049667358397,0.9816341042518616,0.955675482749939
mm_0042594,Meta-Llama-3-8B-Instruct,0.0,1.0,sapbert_full_len3,5,5,0,4,False,1,-0.0,-0.0,C0021368,True,,,,,,,,,5.0,0.0267611145973205,0.0267610192298889,0.026760995388031,0.9999999046325684,0.9732388257980348
mm_0042594,Mistral-7B-Instruct-v0.1,0.0,0.9999997615814208,sapbert_full_len3,5,5,0,4,False,1,-0.0,-0.0,C0079189,True,,,,,,,,,5.0,2.980232237659308e-07,2.980232237659308e-07,2.980232237659308e-07,0.9999997615814208,0.9999994039535522
mm_0042594,PubMedBERT,0.0,1.0,sapbert_full_len3,5,5,0,4,False,1,-0.0,-0.0,C1431322,True,5.0,1.0,"{""C1431322"": 5}",-0.0,-0.0,0.0,C1431322,0.0,5.0,-0.5006617307662964,-0.5006617307662964,-0.5006617307662964,0.4405374526977539,0.9411991834640503
mm_0042711,BERT-base,0.0,1.0,sapbert_full_len3,7,7,0,6,False,2,0.5916727785823275,0.2107580961471984,C1505427,False,7.0,2.0,"{""C1505427"": 6, ""C1739108"": 1}",0.5916727785823275,0.2107580961471984,0.0,C1505427,0.0,7.0,-0.6604565382003784,-0.662774920463562,-0.6766849756240845,0.33722442388534546,0.9999993443489075
mm_0042711,BioBERT,1.0,1.0,sapbert_full_len3,7,7,0,6,False,2,0.863120568566631,0.3074497498641964,C0023896,False,7.0,2.0,"{""C0023896"": 5, ""UMLS:C1257990"": 2}",0.863120568566631,0.3074497498641964,0.0,C0023896,0.0,7.0,0.027368664741516113,-0.1883554309606552,-0.7276656627655029,0.792094886302948,0.9804503321647644
mm_0042711,BioMistral-7B,0.0,0.9999999403953552,sapbert_full_len3,7,7,0,6,False,3,1.5566567074628228,0.5544923070581674,C4018878,False,,,,,,,,,7.0,3.5762786865234375e-07,0.0640967573438372,3.5762786865234375e-07,0.9999999914850508,0.935903251171112
mm_0042711,FLAN-T5-base,0.0,0.9999999403953552,sapbert_full_len3,7,7,0,6,False,1,-0.0,-0.0,C0023895,True,,,,,,,,,7.0,4.76837158203125e-07,0.0017695086342946,2.980232237659308e-07,0.9999997530664716,0.998230278491974
mm_0042711,Llama3-OpenBioLLM-8B,0.0,0.9999999403953552,sapbert_full_len3,7,7,0,6,False,3,1.5566567074628228,0.5544923070581674,C4018878,False,,,,,,,,,7.0,3.5762786865234375e-07,0.0640966040747506,3.5762786865234375e-07,0.9999998382159642,0.935903251171112
mm_0042711,Meta-Llama-3-8B-Instruct,1.0,1.0,sapbert_full_len3,7,7,0,6,False,3,1.3787834934861751,0.4911325898456825,C0023896,False,,,,,,,,,7.0,0.1663907170295715,0.1116368515150887,4.172325134277344e-07,1.0,0.888363242149353
mm_0042711,Mistral-7B-Instruct-v0.1,0.0,0.9999999403953552,sapbert_full_len3,7,7,0,6,False,3,1.5566567074628228,0.5544923070581674,C4018878,False,,,,,,,,,7.0,3.5762786865234375e-07,0.0785657167434692,3.5762786865234375e-07,0.9999999914850508,0.9214343428611756
mm_0042711,PubMedBERT,0.0,1.0,sapbert_full_len3,7,7,0,6,False,1,-0.0,-0.0,C1447749,True,7.0,1.0,"{""C1447749"": 7}",-0.0,-0.0,0.0,C1447749,0.0,7.0,-0.6189931631088257,-0.6189931631088257,-0.6189931631088257,0.3810061514377594,0.9999993443489075
mm_0043168,BERT-base,0.0,1.0,sapbert_full_len3,5,5,0,4,False,1,-0.0,-0.0,C0024305,True,5.0,1.0,"{""C0024305"": 5}",-0.0,-0.0,0.0,C0024305,0.0,5.0,-0.5876747369766235,-0.5876747369766235,-0.5876747369766235,0.4123249650001526,0.9999997019767761
mm_0043168,BioBERT,0.0,1.0,sapbert_full_len3,5,5,0,4,False,2,0.9709505944546686,0.4181656600790516,C0024305,False,5.0,2.0,"{""UMLS:C0024305"": 3, ""C1312419"": 2}",0.9709505944546686,0.4181656600790516,0.0,UMLS:C0024305,0.0,5.0,-0.5876747369766235,-0.617038369178772,-0.6610836982727051,0.3829613924026489,0.9999997019767761
mm_0043168,BioMistral-7B,0.0,1.0,sapbert_full_len3,5,5,0,4,False,2,0.9709505944546686,0.4181656600790516,C0079744,False,,,,,,,,,5.0,0.0248141288757324,0.045839500427246,0.0248141288757324,1.0,0.9541605114936828
mm_0043168,FLAN-T5-base,0.0,1.0,sapbert_full_len3,5,5,0,4,False,1,-0.0,-0.0,C0079744,True,,,,,,,,,5.0,0.0248461961746215,0.0254371881484985,0.0248141288757324,0.999999952316284,0.9745628237724304
mm_0043168,Llama3-OpenBioLLM-8B,0.0,1.0,sapbert_full_len3,5,5,0,4,False,1,-0.0,-0.0,C0079744,True,,,,,,,,,5.0,0.0248141288757324,0.0254263401031494,0.0248141288757324,1.0,0.9745736122131348
mm_0043168,Meta-Llama-3-8B-Instruct,0.0,1.0,sapbert_full_len3,5,5,0,4,False,1,-0.0,-0.0,C0007320,True,,,,,,,,,5.0,0.0207771062850952,0.0215811729431152,0.0207771062850952,1.0,0.9784188270568848
mm_0043168,Mistral-7B-Instruct-v0.1,0.0,0.9999998807907104,sapbert_full_len3,5,5,0,4,False,1,-0.0,-0.0,C0079744,True,,,,,,,,,5.0,0.0419653058052063,0.0246287941932678,0.0142447948455811,0.99833562374115,0.973706841468811
mm_0043168,PubMedBERT,0.0,1.0,sapbert_full_len3,5,5,0,4,False,1,-0.0,-0.0,C1839576,True,5.0,1.0,"{""C1839576"": 5}",-0.0,-0.0,0.0,C1839576,0.0,5.0,-0.6029028296470642,-0.6029028296470642,-0.6029028296470642,0.3970968723297119,0.9999997019767761
mm_0043171,BERT-base,1.0,1.0,sapbert_full_len3,5,5,0,4,False,1,-0.0,-0.0,C0024305,True,5.0,1.0,"{""C0024305"": 5}",-0.0,-0.0,0.0,C0024305,0.0,5.0,0.0,0.0,0.0,0.9999994039535522,0.9999994039535522
mm_0043171,BioBERT,1.0,1.0,sapbert_full_len3,5,5,0,4,False,2,0.7219280948873623,0.3109175070825711,C1312419,False,5.0,2.0,"{""UMLS:C0024305"": 1, ""C1312419"": 4}",0.7219280948873623,0.3109175070825711,0.2,C1312419,0.0,5.0,0.0,-0.45325151085853577,-0.5665643811225891,0.5467478632926941,0.9999994039535522
mm_0043171,BioMistral-7B,0.0,1.0,sapbert_full_len3,5,5,0,4,False,2,0.9709505944546686,0.4181656600790516,C0079744,False,,,,,,,,,5.0,0.0248141288757324,0.045839500427246,0.0248141288757324,1.0,0.9541605114936828
mm_0043171,FLAN-T5-base,0.0,1.0,sapbert_full_len3,5,5,0,4,False,2,0.9709505944546686,0.4181656600790516,C0079744,False,,,,,,,,,5.0,0.0248461961746215,0.007901132106781,-0.0380527377128601,0.9675915122032166,0.9596903920173644
mm_0043171,Llama3-OpenBioLLM-8B,0.0,1.0,sapbert_full_len3,5,5,0,4,False,1,-0.0,-0.0,C0079744,True,,,,,,,,,5.0,0.0248141288757324,0.0254262924194335,0.0248141288757324,0.999999952316284,0.9745736122131348
mm_0043171,Meta-Llama-3-8B-Instruct,1.0,1.0,sapbert_full_len3,5,5,0,4,False,2,0.7219280948873623,0.3109175070825711,C0024305,False,,,,,,,,,5.0,0.0207771062850952,0.0329012393951416,0.0207771062850952,0.999999976158142,0.9670987129211426
mm_0043171,Mistral-7B-Instruct-v0.1,0.0,0.9999997615814208,sapbert_full_len3,5,5,0,4,False,2,0.9709505944546686,0.4181656600790516,C0079744,False,,,,,,,,,5.0,0.0419651865959166,0.0205919623374938,0.004152774810791,0.9999999046325684,0.9794079065322876
mm_0043171,PubMedBERT,0.0,1.0,sapbert_full_len3,5,5,0,4,False,1,-0.0,-0.0,C1839576,True,5.0,1.0,"{""C1839576"": 5}",-0.0,-0.0,0.0,C1839576,0.0,5.0,-0.6681517362594604,-0.6681517362594604,-0.6681517362594604,0.3318476676940918,0.9999994039535522
mm_0043706,BERT-base,0.0,1.0,sapbert_full_len3,5,5,0,4,False,1,-0.0,-0.0,C1447749,True,5.0,1.0,"{""C1447749"": 5}",-0.0,-0.0,0.0,C1447749,0.0,5.0,-0.584525465965271,-0.584525465965271,-0.584525465965271,0.32959675788879395,0.9141222238540649
mm_0043706,BioBERT,0.0,1.0,sapbert_full_len3,5,5,0,4,False,1,-0.0,-0.0,C1257990,True,5.0,1.0,"{""UMLS:C1257990"": 5}",-0.0,-0.0,0.0,UMLS:C1257990,0.0,5.0,-0.5659136772155762,-0.5659136772155762,-0.5659136772155762,0.34820854663848877,0.9141222238540649
mm_0043706,BioMistral-7B,0.0,1.0,sapbert_full_len3,5,5,0,4,False,1,-0.0,-0.0,C0016132,True,,,,,,,,,5.0,8.344650268554688e-07,8.344650268554688e-07,8.344650268554688e-07,1.0,0.9999991655349731
mm_0043706,FLAN-T5-base,1.0,0.8430220484733582,sapbert_full_len3,5,5,0,4,False,1,-0.0,-0.0,C0441273,True,,,,,,,,,5.0,0.0146568417549133,0.014625084400177,0.0146171450614929,0.8430189967155457,0.8283939361572266
mm_0043706,Llama3-OpenBioLLM-8B,0.0,0.8869836926460266,sapbert_full_len3,5,4,1,4,False,1,-0.0,-0.0,C0441226,True,,,,,,,,,4.0,0.0648091435432434,0.0648091435432434,0.0648091435432434,0.8869836926460266,0.8221745491027832
mm_0043706,Meta-Llama-3-8B-Instruct,0.0,0.9554750323295592,sapbert_full_len3,5,5,0,4,False,1,-0.0,-0.0,C0029353,True,,,,,,,,,5.0,0.0380726456642149,0.0385050535202026,0.0380700826644897,0.9643784761428832,0.9258733987808228
mm_0043706,Mistral-7B-Instruct-v0.1,0.0,0.8093781471252441,sapbert_full_len3,5,5,0,4,False,2,0.7219280948873623,0.3109175070825711,C1710009,False,,,,,,,,,5.0,-0.0195040106773376,0.0200219273567199,-0.0195040106773376,0.7760394096374512,0.7560175061225891
mm_0043706,PubMedBERT,0.0,1.0,sapbert_full_len3,5,5,0,4,False,1,-0.0,-0.0,C0018966,True,5.0,1.0,"{""C0018966"": 5}",-0.0,-0.0,0.0,C0018966,0.0,5.0,-0.5559443235397339,-0.5559443235397339,-0.5559443235397339,0.35817793011665344,0.9141222238540649
mm_0043796,BERT-base,0.0,1.0,sapbert_full_len3,6,6,0,5,False,2,0.9182958340544896,0.355245321275764,C1257990,False,6.0,2.0,"{""UMLS:C1257990"": 4, ""C1312419"": 2}",0.9182958340544896,0.355245321275764,0.0,UMLS:C1257990,0.0,6.0,-0.6902318000793457,-0.6843447685241699,-0.6902318000793457,0.31565478444099426,0.9999995231628418
mm_0043796,BioBERT,0.0,1.0,sapbert_full_len3,6,6,0,5,False,2,0.9182958340544896,0.355245321275764,C1257990,False,6.0,2.0,"{""C5392105"": 2, ""UMLS:C1257990"": 4}",0.9182958340544896,0.355245321275764,0.0,UMLS:C1257990,0.0,6.0,-0.6600232124328613,-0.680162250995636,-0.6902318000793457,0.3198372423648834,0.9999995231628418
mm_0043796,BioMistral-7B,1.0,1.0,sapbert_full_len3,6,6,0,5,False,2,0.9182958340544896,0.355245321275764,C0543467,False,,,,,,,,,6.0,0.1322007179260254,0.0123010675112406,-0.0952980518341064,0.9105574488639832,0.8982563614845276
mm_0043796,FLAN-T5-base,0.0,0.9999999403953552,sapbert_full_len3,6,6,0,5,False,2,0.6500224216483541,0.2514629985800606,C0006826,False,,,,,,,,,6.0,5.960464477539064e-08,9.934107460714733e-08,5.960464477539064e-08,0.9999999205271404,0.9999998211860656
mm_0043796,Llama3-OpenBioLLM-8B,0.0,0.9999999403953552,sapbert_full_len3,6,6,0,5,False,2,0.9182958340544896,0.355245321275764,C1537028,False,,,,,,,,,6.0,0.1034453511238098,0.0903811653455097,0.0642531514167785,0.9999998410542806,0.909618616104126
mm_0043796,Meta-Llama-3-8B-Instruct,0.0,0.9999999403953552,sapbert_full_len3,6,6,0,5,False,2,1.0,0.3868528072345416,C0006826,False,,,,,,,,,6.0,5.960464477539064e-08,0.0517227053642272,5.960464477539064e-08,0.9999999403953552,0.948277235031128
mm_0043796,Mistral-7B-Instruct-v0.1,1.0,1.0,sapbert_full_len3,6,6,0,5,False,3,1.584962500721156,0.6131471927654584,C0543467,False,,,,,,,,,6.0,0.2556478977203369,0.1547209024429321,0.1034451127052306,0.9999998609224956,0.8452789783477783
mm_0043796,PubMedBERT,0.0,1.0,sapbert_full_len3,6,6,0,5,False,2,0.9182958340544896,0.355245321275764,C1447749,False,6.0,2.0,"{""C1447749"": 4, ""UMLS:C1257990"": 2}",0.9182958340544896,0.355245321275764,0.0,C1447749,0.0,6.0,-0.6925896406173706,-0.6918036937713623,-0.6925896406173706,0.3081957995891571,0.9999995231628418
mm_0044023,BERT-base,0.0,1.0,sapbert_full_len3,5,5,0,4,False,1,-0.0,-0.0,C1447749,True,5.0,1.0,"{""C1447749"": 5}",-0.0,-0.0,0.0,C1447749,0.0,5.0,-0.6766485571861267,-0.6766485571861267,-0.6766485571861267,0.32335078716278076,0.9999993443489075
mm_0044023,BioBERT,0.0,1.0,sapbert_full_len3,5,5,0,4,False,2,0.9709505944546686,0.4181656600790516,C0038441,False,5.0,2.0,"{""C0038441"": 3, ""UMLS:C1257990"": 2}",0.9709505944546686,0.4181656600790516,0.0,C0038441,0.0,5.0,-0.10381972789764404,-0.334746778011322,-0.6811373233795166,0.6652525663375854,0.9999993443489075
mm_0044023,BioMistral-7B,1.0,0.9999998807907104,sapbert_full_len3,5,5,0,4,False,1,-0.0,-0.0,C0038436,True,,,,,,,,,5.0,4.172325134277344e-07,4.172325134277344e-07,4.172325134277344e-07,0.9999998807907104,0.9999994039535522
mm_0044023,FLAN-T5-base,1.0,0.9999998807907104,sapbert_full_len3,5,5,0,4,False,1,-0.0,-0.0,C0038436,True,,,,,,,,,5.0,0.0748234391212463,0.0800191760063171,0.0748234391212463,1.0000000238418578,0.9199808835983276
mm_0044023,Llama3-OpenBioLLM-8B,1.0,0.9964214563369752,sapbert_full_len3,5,5,0,4,False,2,0.7219280948873623,0.3109175070825711,C0038436,False,,,,,,,,,5.0,0.0796797275543214,0.089309811592102,0.0694140195846557,0.9937521100044252,0.904442310333252
mm_0044023,Meta-Llama-3-8B-Instruct,1.0,1.0,sapbert_full_len3,5,5,0,4,False,1,-0.0,-0.0,C0038436,True,,,,,,,,,5.0,0.0778150558471679,0.0818140983581543,0.0778150558471679,1.000000047683716,0.9181860089302064
mm_0044023,Mistral-7B-Instruct-v0.1,1.0,1.0,sapbert_full_len3,5,5,0,4,False,1,-0.0,-0.0,C0038436,True,,,,,,,,,5.0,5.364418029785156e-07,4.410743713378907e-07,4.172325134277344e-07,0.9999999046325684,0.9999994039535522
mm_0044023,PubMedBERT,0.0,1.0,sapbert_full_len3,5,5,0,4,False,1,-0.0,-0.0,C1839576,True,5.0,1.0,"{""C1839576"": 5}",-0.0,-0.0,0.0,C1839576,0.0,5.0,-0.6417804956436157,-0.6417804956436157,-0.6417804956436157,0.35821887850761414,0.9999993443489075
mm_0044396,BERT-base,0.0,1.0,sapbert_full_len3,9,9,0,8,False,1,-0.0,-0.0,C1257990,True,9.0,1.0,"{""UMLS:C1257990"": 9}",-0.0,-0.0,0.0,UMLS:C1257990,0.0,9.0,-0.7090511322021484,-0.7090511322021484,-0.7090511322021484,0.2909484803676605,0.9999997019767761
mm_0044396,BioBERT,0.0,1.0,sapbert_full_len3,9,9,0,8,False,1,-0.0,-0.0,C1257990,True,9.0,1.0,"{""UMLS:C1257990"": 9}",-0.0,-0.0,0.0,UMLS:C1257990,0.0,9.0,-0.7090511322021484,-0.7090511322021484,-0.7090511322021484,0.2909484803676605,0.9999997019767761
mm_0044396,BioMistral-7B,0.0,0.9999995827674866,sapbert_full_len3,9,9,0,8,False,1,-0.0,-0.0,C4084937,True,,,,,,,,,9.0,0.0145828127861022,0.0129625598589579,5.364418028674933e-07,0.9999996092584398,0.9870370030403136
mm_0044396,FLAN-T5-base,0.0,1.0,sapbert_full_len3,9,9,0,8,False,1,-0.0,-0.0,C0040643,True,,,,,,,,,9.0,3.5762786865234375e-07,2.51664055718316e-07,2.384185791015625e-07,0.999999894036187,0.999999701976776
mm_0044396,Llama3-OpenBioLLM-8B,0.0,0.9999999403953552,sapbert_full_len3,9,9,0,8,False,5,2.197159723424149,0.693126721428565,C0017262,False,,,,,,,,,9.0,0.0379531979560852,0.0445436702834234,0.0170049667358397,0.999999874167972,0.9554561972618104
mm_0044396,Meta-Llama-3-8B-Instruct,0.0,1.0,sapbert_full_len3,9,9,0,8,False,2,0.7642045065086203,0.2410796804848405,C4084937,False,,,,,,,,,9.0,0.0145832300186157,0.032756765683492,0.0145828127861022,0.9999997218449912,0.967242956161499
mm_0044396,Mistral-7B-Instruct-v0.1,0.0,0.9999995827674866,sapbert_full_len3,9,9,0,8,False,2,0.7642045065086203,0.2410796804848405,C4084937,False,,,,,,,,,9.0,0.0145872235298156,0.0305282870928446,0.0145828127861022,0.9999996754858228,0.9694713950157166
mm_0044396,PubMedBERT,0.0,1.0,sapbert_full_len3,9,9,0,8,False,1,-0.0,-0.0,C1431322,True,9.0,1.0,"{""C1431322"": 9}",-0.0,-0.0,0.0,C1431322,0.0,9.0,-0.5765218734741211,-0.5765218734741211,-0.5765218734741211,0.42347773909568787,0.9999997019767761
mm_0044768,BERT-base,1.0,1.0,sapbert_full_len3,9,9,0,8,False,2,0.7642045065086203,0.2410796804848405,C0085717,False,9.0,2.0,"{""UMLS:C0085717"": 7, ""UMLS:C1257990"": 2}",0.7642045065086203,0.2410796804848405,0.7777777777777778,UMLS:C0085717,0.0,9.0,0.06201523542404175,-0.100950688123703,-0.6713314056396484,0.847262978553772,0.9482136964797974
mm_0044768,BioBERT,0.0,1.0,sapbert_full_len3,9,9,0,8,False,5,2.197159723424149,0.693126721428565,C0013728,False,9.0,5.0,"{""C0013728"": 3, ""C1839576"": 1, ""C1176474"": 1, ""C0008396"": 2, ""C0752615"": 2}",2.197159723424149,0.693126721428565,0.0,C0013728,1.0,9.0,-0.6911404132843018,-0.6745178699493408,-0.6911404132843018,0.3219299614429474,0.9964478015899658
mm_0044768,BioMistral-7B,0.0,0.9999998807907104,sapbert_full_len3,9,9,0,8,False,2,0.5032583347756457,0.1587603285713901,C1422343,False,,,,,,,,,9.0,4.172325134277344e-07,0.0589988960160149,4.172325134277344e-07,0.9999999337726168,0.9410010576248168
mm_0044768,FLAN-T5-base,0.0,0.8838589787483215,sapbert_full_len3,9,9,0,8,False,3,1.4355205042826666,0.4528562990069186,C0381986,False,,,,,,,,,9.0,0.0634815096855163,0.0238679448763529,-0.0512983798980712,0.8921537730428908,0.8682858347892761
mm_0044768,Llama3-OpenBioLLM-8B,0.0,0.8050447702407837,sapbert_full_len3,9,9,0,8,False,4,1.6577427265048887,0.5229596049593027,C0035323,False,,,,,,,,,9.0,-0.0512254238128662,0.0309434334437051,-0.0512254238128662,0.953158438205719,0.922214925289154
mm_0044768,Meta-Llama-3-8B-Instruct,0.0,0.8050047159194946,sapbert_full_len3,9,9,0,8,False,1,-0.0,-0.0,C0086032,True,,,,,,,,,9.0,-0.0512654781341552,-0.0512654781341552,-0.0512654781341552,0.8050047159194946,0.8562701940536499
mm_0044768,Mistral-7B-Instruct-v0.1,0.0,0.9999998807907104,sapbert_full_len3,9,9,0,8,False,3,1.5304930567574824,0.4828168035714125,C0031760,False,,,,,,,,,9.0,0.0617820024490356,0.0251198874579535,-0.0512654781341552,0.9350015057457818,0.909881591796875
mm_0044768,PubMedBERT,0.0,1.0,sapbert_full_len3,9,9,0,8,False,1,-0.0,-0.0,C1839576,True,9.0,1.0,"{""C1839576"": 9}",-0.0,-0.0,0.0,C1839576,0.0,9.0,-0.6637827157974243,-0.6637827157974243,-0.6637827157974243,0.3326650857925415,0.9964478015899658
mm_0044841,BERT-base,0.0,1.0,sapbert_full_len3,5,5,0,4,False,1,-0.0,-0.0,C1257990,True,5.0,1.0,"{""UMLS:C1257990"": 5}",-0.0,-0.0,0.0,UMLS:C1257990,0.0,5.0,-0.6770781874656677,-0.6770781874656677,-0.6770781874656677,0.3092142939567566,0.9862924814224243
mm_0044841,BioBERT,0.0,1.0,sapbert_full_len3,5,5,0,4,False,1,-0.0,-0.0,C1312419,True,5.0,1.0,"{""C1312419"": 5}",-0.0,-0.0,0.0,C1312419,0.0,5.0,-0.606582760810852,-0.606582760810852,-0.606582760810852,0.37970975041389465,0.9862924814224243
mm_0044841,BioMistral-7B,0.0,1.0,sapbert_full_len3,5,5,0,4,False,2,0.9709505944546686,0.4181656600790516,C5781271,False,,,,,,,,,5.0,0.0506691336631774,0.0589966773986816,0.0506691336631774,0.8576613187789917,0.7986646294593811
mm_0044841,FLAN-T5-base,0.0,1.0,sapbert_full_len3,5,5,0,4,False,3,1.3709505944546687,0.5904362833084089,C2828387,False,,,,,,,,,5.0,5.960464477539062e-07,0.0033346891403198,4.76837158203125e-07,0.9999999880790712,0.9966652989387512
mm_0044841,Llama3-OpenBioLLM-8B,0.0,0.9999998807907104,sapbert_full_len3,5,5,0,4,False,2,0.7219280948873623,0.3109175070825711,C0069580,False,,,,,,,,,5.0,4.172325134277344e-07,0.0050380229949951,4.172325134277344e-07,0.9588204026222228,0.9537823796272278
mm_0044841,Meta-Llama-3-8B-Instruct,0.0,0.7627688646316528,sapbert_full_len3,5,5,0,4,False,1,-0.0,-0.0,C5781271,True,,,,,,,,,5.0,0.064548373222351,0.06459481716156,0.064548373222351,0.7628153085708618,0.6982204914093018
mm_0044841,Mistral-7B-Instruct-v0.1,0.0,0.8233555555343628,sapbert_full_len3,5,5,0,4,False,2,0.9709505944546686,0.4181656600790516,C5781271,False,,,,,,,,,5.0,0.0227788090705871,0.0136674523353576,4.172325134277344e-07,0.8940132856369019,0.8803458213806152
mm_0044841,PubMedBERT,0.0,1.0,sapbert_full_len3,5,5,0,4,False,2,0.9709505944546686,0.4181656600790516,C1447749,False,5.0,2.0,"{""C1447749"": 3, ""C1839576"": 2}",0.9709505944546686,0.4181656600790516,0.0,C1447749,0.0,5.0,-0.6604450941085815,-0.6717716455459595,-0.6887613534927368,0.3145208954811096,0.9862924814224243
mm_0045375,BERT-base,0.0,1.0,sapbert_full_len3,5,5,0,4,False,1,-0.0,-0.0,C1257880,True,5.0,1.0,"{""C1257880"": 5}",-0.0,-0.0,0.0,C1257880,0.0,5.0,-0.4908013641834259,-0.4908013939857483,-0.4908013641834259,0.3795892894268036,0.8703907132148743
mm_0045375,BioBERT,0.0,1.0,sapbert_full_len3,5,5,0,4,False,1,-0.0,-0.0,C1257880,True,5.0,1.0,"{""C1257880"": 5}",-0.0,-0.0,0.0,C1257880,0.0,5.0,-0.4908013641834259,-0.4908013939857483,-0.4908013641834259,0.3795892894268036,0.8703907132148743
mm_0045375,BioMistral-7B,0.0,0.8703904151916504,sapbert_full_len3,5,5,0,4,False,1,-0.0,-0.0,C1413745,True,,,,,,,,,5.0,0.064246654510498,0.064246654510498,0.064246654510498,0.8703904151916504,0.8061437606811523
mm_0045375,FLAN-T5-base,0.0,0.8703904151916504,sapbert_full_len3,5,5,0,4,False,2,0.9709505944546686,0.4181656600790516,C1413745,False,,,,,,,,,5.0,0.064246654510498,0.038556957244873,2.384185791015625e-07,0.922243070602417,0.8836860656738281
mm_0045375,Llama3-OpenBioLLM-8B,0.0,0.8043785691261292,sapbert_full_len3,5,5,0,4,False,1,-0.0,-0.0,C0185062,True,,,,,,,,,5.0,0.0043287277221679,0.0043287277221679,0.0043287277221679,0.8043785691261292,0.800049901008606
mm_0045375,Meta-Llama-3-8B-Instruct,0.0,1.0,sapbert_full_len3,5,5,0,4,False,2,0.9709505944546686,0.4181656600790516,C0032521,False,,,,,,,,,5.0,0.1178171634674072,0.0979219317436217,0.0846585035324095,0.9999998211860656,0.9020779728889464
mm_0045375,Mistral-7B-Instruct-v0.1,0.0,0.9999998807907104,sapbert_full_len3,5,5,0,4,False,1,-0.0,-0.0,C5197891,True,,,,,,,,,5.0,0.109220802783966,0.109220802783966,0.109220802783966,0.9999998807907104,0.8907791376113892
mm_0045375,PubMedBERT,0.0,1.0,sapbert_full_len3,5,5,0,4,False,1,-0.0,-0.0,C0015131,True,5.0,1.0,"{""C0015131"": 5}",-0.0,-0.0,0.0,C0015131,0.0,5.0,-0.535131573677063,-0.535131573677063,-0.535131573677063,0.3352591097354889,0.8703907132148743
mm_0045468,BERT-base,0.0,1.0,sapbert_full_len3,9,9,0,8,False,1,-0.0,-0.0,C1257990,True,9.0,1.0,"{""UMLS:C1257990"": 9}",-0.0,-0.0,0.0,UMLS:C1257990,0.0,9.0,-0.6188757419586182,-0.6188757419586182,-0.6188757419586182,0.38112401962280273,0.9999997615814209
mm_0045468,BioBERT,0.0,1.0,sapbert_full_len3,9,9,0,8,False,2,0.5032583347756457,0.1587603285713901,C1257990,False,9.0,2.0,"{""UMLS:C1257990"": 8, ""C1312419"": 1}",0.5032583347756457,0.1587603285713901,0.0,UMLS:C1257990,0.0,9.0,-0.6188757419586182,-0.6180835366249084,-0.6188757419586182,0.38191625475883484,0.9999997615814209
mm_0045468,BioMistral-7B,0.0,0.9999998807907104,sapbert_full_len3,9,9,0,8,False,2,0.7642045065086203,0.2410796804848405,C1419291,False,,,,,,,,,9.0,0.0599562525749206,0.0466328528192308,5.960464477539062e-07,0.9999999867545234,0.9533671140670776
mm_0045468,FLAN-T5-base,0.0,0.9999999403953552,sapbert_full_len3,9,9,0,8,False,3,1.3516441151533922,0.4263962442450202,C0006826,False,,,,,,,,,9.0,5.960464477539064e-08,0.0278609130117628,5.960464477539064e-08,0.9999999602635702,0.972139060497284
mm_0045468,Llama3-OpenBioLLM-8B,0.0,0.9999998807907104,sapbert_full_len3,9,9,0,8,False,4,1.836591668108979,0.579380164285695,C2985566,False,,,,,,,,,9.0,0.0599562525749206,0.1096545325385199,0.0375574827194213,0.9999999072816635,0.8903453350067139
mm_0045468,Meta-Llama-3-8B-Instruct,0.0,0.9999998807907104,sapbert_full_len3,9,9,0,8,False,1,-0.0,-0.0,C0162638,True,,,,,,,,,9.0,0.0375574827194213,0.0375574827194213,0.0375574827194213,0.9999998807907104,0.9624423980712892
mm_0045468,Mistral-7B-Instruct-v0.1,0.0,0.9999998807907104,sapbert_full_len3,9,9,0,8,False,2,0.7642045065086203,0.2410796804848405,C0162638,False,,,,,,,,,9.0,0.0375574827194213,0.0292115476396348,5.960464477539062e-07,0.9999999470180936,0.9707884192466736
mm_0045468,PubMedBERT,0.0,1.0,sapbert_full_len3,9,9,0,8,False,2,0.7642045065086203,0.2410796804848405,C1447749,False,9.0,2.0,"{""C1447749"": 7, ""C1839576"": 2}",0.7642045065086203,0.2410796804848405,0.0,C1447749,0.0,9.0,-0.6343681812286377,-0.6514480113983154,-0.7112273573875427,0.34855175018310547,0.9999997615814209
mm_0045985,BERT-base,0.0,1.0,sapbert_full_len3,7,7,0,6,False,1,-0.0,-0.0,C0282597,True,7.0,1.0,"{""C0282597"": 7}",-0.0,-0.0,0.0,C0282597,0.0,7.0,-0.669420063495636,-0.669420063495636,-0.669420063495636,0.33057910203933716,0.9999991655349731
mm_0045985,BioBERT,0.0,1.0,sapbert_full_len3,7,7,0,6,False,2,0.5916727785823275,0.2107580961471984,C1257990,False,7.0,2.0,"{""UMLS:C1257990"": 6, ""C0016709"": 1}",0.5916727785823275,0.2107580961471984,0.0,UMLS:C1257990,0.0,7.0,-0.6146774291992188,-0.6028485298156738,-0.6146774291992188,0.3971506655216217,0.9999991655349731
mm_0045985,BioMistral-7B,1.0,1.0,sapbert_full_len3,7,7,0,6,False,1,-0.0,-0.0,C0180875,True,,,,,,,,,7.0,0.1107397079467773,0.1107397079467773,0.1107397079467773,1.0,0.8892602920532227
mm_0045985,FLAN-T5-base,1.0,1.0,sapbert_full_len3,7,7,0,6,False,1,-0.0,-0.0,C0180875,True,,,,,,,,,7.0,0.1107397079467773,0.1107397079467773,0.1107397079467773,1.0,0.8892602920532227
mm_0045985,Llama3-OpenBioLLM-8B,1.0,1.0,sapbert_full_len3,7,7,0,6,False,1,-0.0,-0.0,C0180875,True,,,,,,,,,7.0,0.1110591888427734,0.1227475915636335,0.1107397079467773,1.0,0.877252459526062
mm_0045985,Meta-Llama-3-8B-Instruct,0.0,0.9999998211860656,sapbert_full_len3,7,7,0,6,False,3,1.1488348542809166,0.4092232318950598,C1550105,False,,,,,,,,,7.0,2.384185789905402e-07,0.0070108856473649,1.1920928955078125e-07,0.9999998297010148,0.99298894405365
mm_0045985,Mistral-7B-Instruct-v0.1,1.0,1.0,sapbert_full_len3,7,7,0,6,False,1,-0.0,-0.0,C0180875,True,,,,,,,,,7.0,0.1107397079467773,0.1107397079467773,0.1107397079467773,1.0,0.8892602920532227
mm_0045985,PubMedBERT,0.0,1.0,sapbert_full_len3,7,7,0,6,False,3,1.1488348542809166,0.4092232318950598,C1839576,False,7.0,3.0,"{""C1839576"": 5, ""UMLS:C1257990"": 1, ""C1447749"": 1}",1.1488348542809166,0.4092232318950598,0.0,C1839576,0.0,7.0,-0.6728469729423523,-0.6621012091636658,-0.6728469729423523,0.33789798617362976,0.9999991655349731
mm_0046898,BERT-base,0.0,1.0,sapbert_full_len3,7,7,0,6,False,1,-0.0,-0.0,C3850091,True,7.0,1.0,"{""C3850091"": 7}",-0.0,-0.0,0.0,C3850091,0.0,7.0,-0.5994424819946289,-0.5994424819946289,-0.5994424819946289,0.4005570113658905,0.9999995231628418
mm_0046898,BioBERT,0.0,1.0,sapbert_full_len3,7,7,0,6,False,2,0.9852281360342516,0.3509453429964405,C1257990,False,7.0,2.0,"{""UMLS:C0681906"": 3, ""UMLS:C1257990"": 4}",0.9852281360342516,0.3509453429964405,0.0,UMLS:C1257990,0.0,7.0,-0.5107390880584717,-0.6418059468269348,-0.7401061058044434,0.358193576335907,0.9999995231628418
mm_0046898,BioMistral-7B,0.0,0.9999999403953552,sapbert_full_len3,7,7,0,6,False,1,-0.0,-0.0,C0030567,True,,,,,,,,,7.0,0.0359169244766235,0.0359169244766235,0.0359169244766235,0.9999999403953552,0.9640830755233764
mm_0046898,FLAN-T5-base,1.0,1.0,sapbert_full_len3,7,7,0,6,False,1,-0.0,-0.0,C0679646,True,,,,,,,,,7.0,0.1347392797470092,0.1347392797470092,0.1347392797470092,1.0,0.865260660648346
mm_0046898,Llama3-OpenBioLLM-8B,0.0,0.999999701976776,sapbert_full_len3,7,7,0,6,False,3,1.3787834934861751,0.4911325898456825,C0814890,False,,,,,,,,,7.0,0.1285974383354186,0.1155762076377867,0.0372601151466368,0.999999736036573,0.884423553943634
mm_0046898,Meta-Llama-3-8B-Instruct,0.0,0.9999999403953552,sapbert_full_len3,7,7,0,6,False,2,0.9852281360342516,0.3509453429964405,C0037408,False,,,,,,,,,7.0,0.0372501015663147,0.0895026326179504,0.0372501015663147,0.9999999744551522,0.91049724817276
mm_0046898,Mistral-7B-Instruct-v0.1,0.0,0.9999998211860656,sapbert_full_len3,7,7,0,6,False,1,-0.0,-0.0,C0030567,True,,,,,,,,,7.0,0.0359168052673338,0.0359168052673338,0.0359168052673338,0.9999998211860656,0.9640830755233764
mm_0046898,PubMedBERT,0.0,1.0,sapbert_full_len3,7,7,0,6,False,2,0.863120568566631,0.3074497498641964,C1839576,False,7.0,2.0,"{""C1839576"": 5, ""UMLS:C0681906"": 2}",0.863120568566631,0.3074497498641964,0.0,C1839576,0.0,7.0,-0.6739951968193054,-0.6273506283760071,-0.6739951968193054,0.3726489245891571,0.9999995231628418
mm_0046915,BERT-base,0.0,1.0,sapbert_full_len3,9,9,0,8,False,3,1.5304930567574824,0.4828168035714125,C2350390,False,9.0,3.0,"{""C1447749"": 3, ""UMLS:C2350390"": 4, ""C0338508"": 2}",1.5304930567574824,0.4828168035714125,0.0,UMLS:C2350390,0.0,9.0,-0.5777649879455566,-0.672486424446106,-0.7951631546020508,0.3275130093097687,0.9999993443489075
mm_0046915,BioBERT,0.0,1.0,sapbert_full_len3,9,9,0,8,False,4,1.6577427265048887,0.5229596049593027,C0265267,False,9.0,4.0,"{""C0265267"": 5, ""C5392105"": 1, ""C0035541"": 1, ""C0027609"": 2}",1.6577427265048887,0.5229596049593027,0.0,C0265267,1.0,9.0,-0.6368546485900879,-0.6419320106506348,-0.6654899716377258,0.3580673933029175,0.9999993443489075
mm_0046915,BioMistral-7B,0.0,1.0,sapbert_full_len3,9,9,0,8,False,3,1.3516441151533924,0.4263962442450203,C0000934,False,,,,,,,,,9.0,1.788139343261719e-07,0.0986157523261176,5.960464477539064e-08,0.999999894036187,0.9013841152191162
mm_0046915,FLAN-T5-base,0.0,1.0,sapbert_full_len3,9,9,0,8,False,3,1.224394445405986,0.3862534428571301,C0000934,False,,,,,,,,,9.0,0.3555179834365845,0.1700963311725192,4.172325134277344e-07,1.0,0.8299036622047424
mm_0046915,Llama3-OpenBioLLM-8B,0.0,1.0,sapbert_full_len3,9,9,0,8,False,4,1.974937501201927,0.6230234154761809,C0000934,False,,,,,,,,,9.0,0.1866109371185302,0.0822733441988627,5.364418029785156e-07,0.9999999735090468,0.9177266359329224
mm_0046915,Meta-Llama-3-8B-Instruct,0.0,1.0,sapbert_full_len3,9,9,0,8,False,1,-0.0,-0.0,C0000934,True,,,,,,,,,9.0,0.2037049531936645,0.1193927062882317,0.0001441240310668,0.9423925677935282,0.8229998350143433
mm_0046915,Mistral-7B-Instruct-v0.1,0.0,1.0,sapbert_full_len3,9,9,0,8,False,1,-0.0,-0.0,C0000934,True,,,,,,,,,9.0,0.1866109371185302,0.2230026589499579,0.1381978988647461,1.0,0.7769973278045654
mm_0046915,PubMedBERT,0.0,1.0,sapbert_full_len3,9,9,0,8,False,3,1.4355205042826666,0.4528562990069186,C1447749,False,9.0,3.0,"{""C1447749"": 5, ""C0338508"": 2, ""C0030055"": 2}",1.4355205042826666,0.4528562990069186,0.0,C1447749,0.0,9.0,-0.5777649879455566,-0.595244288444519,-0.6649720072746277,0.4047550559043884,0.9999993443489075
mm_0047129,BERT-base,0.0,1.0,sapbert_full_len3,5,5,0,4,False,1,-0.0,-0.0,C1447749,True,5.0,1.0,"{""C1447749"": 5}",-0.0,-0.0,0.0,C1447749,0.0,5.0,-0.6151835322380066,-0.6151835322380066,-0.6151835322380066,0.38481611013412476,0.9999996423721313
mm_0047129,BioBERT,0.0,1.0,sapbert_full_len3,5,5,0,4,False,2,0.7219280948873623,0.3109175070825711,C1839576,False,5.0,2.0,"{""C0814154"": 1, ""C1839576"": 4}",0.7219280948873623,0.3109175070825711,0.0,C1839576,0.0,5.0,-0.5174058675765991,-0.5661646723747253,-0.5783543586730957,0.4338349401950836,0.9999996423721313
mm_0047129,BioMistral-7B,1.0,1.0,sapbert_full_len3,5,5,0,4,False,1,-0.0,-0.0,C0476254,True,,,,,,,,,5.0,0.0323477983474731,0.0323477983474731,0.0323477983474731,1.0,0.9676522016525269
mm_0047129,FLAN-T5-base,1.0,1.0,sapbert_full_len3,5,5,0,4,False,1,-0.0,-0.0,C0476254,True,,,,,,,,,5.0,0.0323477983474731,0.0323477983474731,0.0323477983474731,1.0,0.9676522016525269
mm_0047129,Llama3-OpenBioLLM-8B,1.0,0.8411533832550049,sapbert_full_len3,5,5,0,4,False,1,-0.0,-0.0,C0476254,True,,,,,,,,,5.0,-0.0090705752372741,-0.0045198798179626,-0.009317934513092,0.8481200814247132,0.8526399731636047
mm_0047129,Meta-Llama-3-8B-Instruct,1.0,1.0,sapbert_full_len3,5,5,0,4,False,1,-0.0,-0.0,C0476254,True,,,,,,,,,5.0,0.0323477983474731,0.0323477983474731,0.0323477983474731,1.0,0.9676522016525269
mm_0047129,Mistral-7B-Instruct-v0.1,1.0,1.0,sapbert_full_len3,5,5,0,4,False,1,-0.0,-0.0,C0476254,True,,,,,,,,,5.0,0.0323477983474731,0.0323477983474731,0.0323477983474731,1.0,0.9676522016525269
mm_0047129,PubMedBERT,0.0,1.0,sapbert_full_len3,5,5,0,4,False,1,-0.0,-0.0,C1839576,True,5.0,1.0,"{""C1839576"": 5}",-0.0,-0.0,0.0,C1839576,0.0,5.0,-0.5783543586730957,-0.5783543586730957,-0.5783543586730957,0.42164525389671326,0.9999996423721313
mm_0047994,BERT-base,0.0,1.0,sapbert_full_len3,7,7,0,6,False,3,1.3787834934861751,0.4911325898456825,C0358514,False,7.0,3.0,"{""UMLS:C1257990"": 1, ""UMLS:C0358514"": 4, ""C4277607"": 2}",1.3787834934861751,0.4911325898456825,0.0,UMLS:C0358514,0.0,7.0,-0.7524763345718384,-0.4538133144378662,-0.7524763345718384,0.5461859107017517,0.9999992251396179
mm_0047994,BioBERT,1.0,1.0,sapbert_full_len3,7,7,0,6,False,1,-0.0,-0.0,C4277607,True,7.0,1.0,"{""C4277607"": 7}",-0.0,-0.0,0.0,C4277607,0.0,7.0,-0.08829265832901001,-0.08829265832901001,-0.08829265832901001,0.9117065668106079,0.9999992251396179
mm_0047994,BioMistral-7B,0.0,1.0,sapbert_full_len3,7,7,0,6,False,2,0.5916727785823275,0.2107580961471984,C4554585,False,,,,,,,,,7.0,0.0136352181434631,0.1315620371273585,0.0136352181434631,1.0,0.8684378862380981
mm_0047994,FLAN-T5-base,0.0,1.0,sapbert_full_len3,7,7,0,6,False,1,-0.0,-0.0,C0042210,True,,,,,,,,,7.0,1.1920928955078125e-07,1.1920928955078125e-07,1.1920928955078125e-07,1.0,0.9999999403953552
mm_0047994,Llama3-OpenBioLLM-8B,0.0,1.0,sapbert_full_len3,7,7,0,6,False,2,0.863120568566631,0.3074497498641964,C4554585,False,,,,,,,,,7.0,0.3592090606689453,0.2099420002528599,1.1920928955078125e-07,1.0,0.7900580167770386
mm_0047994,Meta-Llama-3-8B-Instruct,0.0,1.0,sapbert_full_len3,7,7,0,6,False,1,-0.0,-0.0,C4554585,True,,,,,,,,,7.0,0.0690720677375793,0.0690720677375793,0.0690720677375793,1.0,0.930927872657776
mm_0047994,Mistral-7B-Instruct-v0.1,0.0,0.9999998211860656,sapbert_full_len3,7,7,0,6,False,2,0.5916727785823275,0.2107580961471984,C4554585,False,,,,,,,,,7.0,-5.960464488641294e-08,0.0592045187950134,-5.960464488641294e-08,0.9999998722757611,0.9407953023910522
mm_0047994,PubMedBERT,0.0,1.0,sapbert_full_len3,7,7,0,6,False,2,0.5916727785823275,0.2107580961471984,C1015514,False,7.0,2.0,"{""UMLS:C1015514"": 6, ""UMLS:C1707887"": 1}",0.5916727785823275,0.2107580961471984,0.0,UMLS:C1015514,0.0,7.0,-0.7312261462211609,-0.7140465974807739,-0.7312261462211609,0.2859525680541992,0.9999992251396179
mm_0048041,BERT-base,0.0,1.0,sapbert_full_len3,9,9,0,8,False,1,-0.0,-0.0,C1447749,True,9.0,1.0,"{""C1447749"": 9}",-0.0,-0.0,0.0,C1447749,0.0,9.0,-0.5861851572990417,-0.5861851572990417,-0.5861851572990417,0.41381436586380005,0.9999995827674866
mm_0048041,BioBERT,0.0,1.0,sapbert_full_len3,9,9,0,8,False,3,1.5304930567574824,0.4828168035714125,C1707887,False,9.0,3.0,"{""UMLS:C1257990"": 3, ""UMLS:C1707887"": 4, ""C1447749"": 2}",1.5304930567574824,0.4828168035714125,0.0,UMLS:C1707887,0.0,9.0,-0.5734763741493225,-0.6374310851097107,-0.7110201120376587,0.3625684380531311,0.9999995827674866
mm_0048041,BioMistral-7B,0.0,0.9999997615814208,sapbert_full_len3,9,9,0,8,False,2,0.9910760598382222,0.3126496871021503,C0039494,False,,,,,,,,,9.0,0.0426650047302245,0.0328194830152723,0.0205123424530029,0.9999999735090468,0.9671804904937744
mm_0048041,FLAN-T5-base,1.0,1.0,sapbert_full_len3,9,9,0,8,False,1,-0.0,-0.0,C0024485,True,,,,,,,,,9.0,0.1402714252471923,0.1402714252471923,0.1402714252471923,1.0,0.8597285747528076
mm_0048041,Llama3-OpenBioLLM-8B,1.0,1.0,sapbert_full_len3,9,9,0,8,False,2,0.5032583347756457,0.1587603285713901,C0024485,False,,,,,,,,,9.0,0.1402714252471923,0.1465772655275133,2.384185789905402e-07,0.9999999735090468,0.8534227013587952
mm_0048041,Meta-Llama-3-8B-Instruct,1.0,1.0,sapbert_full_len3,9,9,0,8,False,1,-0.0,-0.0,C0024485,True,,,,,,,,,9.0,0.1402714252471923,0.1191525326834784,0.0405079126358032,1.0,0.8808475136756897
mm_0048041,Mistral-7B-Instruct-v0.1,1.0,1.0,sapbert_full_len3,9,9,0,8,False,1,-0.0,-0.0,C0024485,True,,,,,,,,,9.0,0.0205123424530029,0.0249558024936252,0.0205123424530029,1.0,0.9750441312789916
mm_0048041,PubMedBERT,0.0,1.0,sapbert_full_len3,9,9,0,8,False,2,0.9910760598382222,0.3126496871021503,C1839576,False,9.0,2.0,"{""C1839576"": 5, ""C1447749"": 4}",0.9910760598382222,0.3126496871021503,0.0,C1839576,0.0,9.0,-0.5985584259033203,-0.593059241771698,-0.5985584259033203,0.4069403409957886,0.9999995827674866
mm_0048064,BERT-base,0.0,1.0,sapbert_full_len3,7,7,0,6,False,1,-0.0,-0.0,C0358514,True,7.0,1.0,"{""UMLS:C0358514"": 7}",-0.0,-0.0,0.0,UMLS:C0358514,0.0,7.0,-0.39598071575164795,-0.39598068594932556,-0.39598071575164795,0.5190423727035522,0.915023148059845
mm_0048064,BioBERT,0.0,1.0,sapbert_full_len3,7,7,0,6,False,2,0.863120568566631,0.3074497498641964,C1839576,False,7.0,2.0,"{""C1839576"": 5, ""C1447749"": 2}",0.863120568566631,0.3074497498641964,0.0,C1839576,0.0,7.0,-0.5350972414016724,-0.528677761554718,-0.5350972414016724,0.38634535670280457,0.915023148059845
mm_0048064,BioMistral-7B,0.0,0.8003414273262024,sapbert_full_len3,7,7,0,6,False,2,0.863120568566631,0.3074497498641964,C0235833,False,,,,,,,,,7.0,0.0120121836662292,0.0085802333695547,3.5762786865234375e-07,0.8573866997446332,0.8488064408302307
mm_0048064,FLAN-T5-base,0.0,0.9150243997573853,sapbert_full_len3,7,7,0,6,False,1,-0.0,-0.0,C1419382,True,,,,,,,,,7.0,0.0866661071777343,0.0866532836641584,0.0866511464118957,0.9150115762438092,0.8283582329750061
mm_0048064,Llama3-OpenBioLLM-8B,0.0,0.9037964940071106,sapbert_full_len3,7,7,0,6,False,3,1.1488348542809166,0.4092232318950598,C1419382,False,,,,,,,,,7.0,0.0835497379302978,0.0622523852757044,4.172325133167121e-07,0.9376905475343976,0.8754380941390991
mm_0048064,Meta-Llama-3-8B-Instruct,0.0,0.9999999403953552,sapbert_full_len3,7,7,0,6,False,1,-0.0,-0.0,C0011900,True,,,,,,,,,7.0,5.960464477539062e-07,4.427773610934541e-07,4.172325133167121e-07,0.9999997871262688,0.9999994039535522
mm_0048064,Mistral-7B-Instruct-v0.1,0.0,0.9999998807907104,sapbert_full_len3,7,7,0,6,False,2,0.9852281360342516,0.3509453429964405,C0011900,False,,,,,,,,,7.0,3.5762786865234375e-07,3.916876656034114e-07,3.5762786865234375e-07,0.9999998126711164,0.9999994039535522
mm_0048064,PubMedBERT,0.0,1.0,sapbert_full_len3,7,7,0,6,False,2,0.863120568566631,0.3074497498641964,C1839576,False,7.0,2.0,"{""C1839576"": 5, ""C0018966"": 2}",0.863120568566631,0.3074497498641964,0.0,C1839576,0.0,7.0,-0.5350972414016724,-0.5166977047920227,-0.5350972414016724,0.39832544326782227,0.915023148059845
mm_0048140,BERT-base,0.0,1.0,sapbert_full_len3,7,7,0,6,False,1,-0.0,-0.0,C0282597,True,7.0,1.0,"{""C0282597"": 7}",-0.0,-0.0,0.0,C0282597,0.0,7.0,-0.4914156496524811,-0.4914156496524811,-0.4914156496524811,0.40317896008491516,0.8945946097373962
mm_0048140,BioBERT,0.0,1.0,sapbert_full_len3,7,7,0,6,False,2,0.863120568566631,0.3074497498641964,C2347609,False,7.0,2.0,"{""UMLS:C2347609"": 5, ""UMLS:C1257990"": 2}",0.863120568566631,0.3074497498641964,0.0,UMLS:C2347609,0.0,7.0,-0.4936186671257019,-0.48104625940322876,-0.4936186671257019,0.4135483205318451,0.8945946097373962
mm_0048140,BioMistral-7B,0.0,0.7662796974182129,sapbert_full_len3,7,7,0,6,False,3,1.5566567074628228,0.5544923070581674,C0402659,False,,,,,,,,,7.0,0.0339148640632629,0.0218210816383361,-0.0355755686759948,0.8733821255820138,0.8515610098838806
mm_0048140,FLAN-T5-base,0.0,0.766288697719574,sapbert_full_len3,7,7,0,6,False,1,-0.0,-0.0,C0402659,True,,,,,,,,,7.0,0.0338863730430603,0.0317205446107046,0.0262864828109741,0.7650254368782043,0.7333048582077026
mm_0048140,Llama3-OpenBioLLM-8B,0.0,0.766288697719574,sapbert_full_len3,7,7,0,6,False,3,1.5566567074628228,0.5544923070581674,C0402659,False,,,,,,,,,7.0,0.033923864364624,0.0679434367588587,0.033923864364624,0.9034802658217294,0.835536777973175
mm_0048140,Meta-Llama-3-8B-Instruct,0.0,0.7000852823257446,sapbert_full_len3,7,7,0,6,False,3,1.3787834934861751,0.4911325898456825,C0872323,False,,,,,,,,,7.0,-0.0013794898986816,0.0287482227597917,-0.0013794898986816,0.887659992490496,0.8589118123054504
mm_0048140,Mistral-7B-Instruct-v0.1,0.0,0.766288697719574,sapbert_full_len3,7,7,0,6,False,3,1.5566567074628228,0.5544923070581674,C0402659,False,,,,,,,,,7.0,0.033923864364624,0.0329969440187726,-0.0014000535011291,0.8129399078232902,0.7799429297447205
mm_0048140,PubMedBERT,0.0,1.0,sapbert_full_len3,7,7,0,6,False,1,-0.0,-0.0,C1447749,True,7.0,1.0,"{""C1447749"": 7}",-0.0,-0.0,0.0,C1447749,0.0,7.0,-0.4502968192100525,-0.4502968192100525,-0.4502968192100525,0.44429779052734375,0.8945946097373962
mm_0048285,BERT-base,0.0,1.0,sapbert_full_len3,7,7,0,6,False,1,-0.0,-0.0,C1447749,True,7.0,1.0,"{""C1447749"": 7}",-0.0,-0.0,0.0,C1447749,0.0,7.0,-0.6645495295524597,-0.6645495295524597,-0.6645495295524597,0.33545002341270447,0.9999995827674866
mm_0048285,BioBERT,0.0,1.0,sapbert_full_len3,7,7,0,6,False,1,-0.0,-0.0,C1707887,True,7.0,1.0,"{""UMLS:C1707887"": 7}",-0.0,-0.0,0.0,UMLS:C1707887,0.0,7.0,-0.6183992624282837,-0.6183992624282837,-0.6183992624282837,0.3816003203392029,0.9999995827674866
mm_0048285,BioMistral-7B,0.0,1.0,sapbert_full_len3,7,7,0,6,False,2,0.863120568566631,0.3074497498641964,C0013819,False,,,,,,,,,7.0,5.960464477539064e-08,0.0494668398584638,5.960464477539064e-08,0.9999999829701016,0.9505332112312316
mm_0048285,FLAN-T5-base,0.0,0.9999997615814208,sapbert_full_len3,7,7,0,6,False,2,0.9852281360342516,0.3509453429964405,C0013819,False,,,,,,,,,7.0,0.1227265596389769,0.0525971821376255,5.960464477539064e-08,0.9999999489103044,0.9474027752876282
mm_0048285,Llama3-OpenBioLLM-8B,0.0,0.9999998807907104,sapbert_full_len3,7,7,0,6,False,2,0.863120568566631,0.3074497498641964,C0013819,False,,,,,,,,,7.0,0.0494606494903564,0.0652441978454589,0.0,0.9999998978206088,0.9347557425498962
mm_0048285,Meta-Llama-3-8B-Instruct,0.0,1.0000001192092896,sapbert_full_len3,7,7,0,6,False,1,-0.0,-0.0,C0027901,True,,,,,,,,,7.0,7.152557373046875e-07,7.152557373046875e-07,7.152557373046875e-07,1.0000001192092896,0.999999463558197
mm_0048285,Mistral-7B-Instruct-v0.1,0.0,1.0,sapbert_full_len3,7,7,0,6,False,1,-0.0,-0.0,C0013819,True,,,,,,,,,7.0,5.960464477539064e-08,5.960464477539064e-08,5.960464477539064e-08,1.0,0.9999999403953552
mm_0048285,PubMedBERT,0.0,1.0,sapbert_full_len3,7,7,0,6,False,1,-0.0,-0.0,C1839576,True,7.0,1.0,"{""C1839576"": 7}",-0.0,-0.0,0.0,C1839576,0.0,7.0,-0.7179566621780396,-0.7179566621780396,-0.7179566621780396,0.2820429503917694,0.9999995827674866
mm_0048307,BERT-base,0.0,1.0,sapbert_full_len3,5,5,0,4,False,1,-0.0,-0.0,C0344351,True,5.0,1.0,"{""C0344351"": 5}",-0.0,-0.0,0.0,C0344351,0.0,5.0,-0.5695291757583618,-0.5695291757583618,-0.5695291757583618,0.31567853689193726,0.8852077722549438
mm_0048307,BioBERT,0.0,1.0,sapbert_full_len3,5,5,0,4,False,2,0.9709505944546686,0.4181656600790516,C0027609,False,5.0,2.0,"{""C0027609"": 3, ""UMLS:C0243095"": 2}",0.9709505944546686,0.4181656600790516,0.0,C0027609,0.0,5.0,-0.41948872804641724,-0.46868810057640076,-0.5424871444702148,0.4165196418762207,0.8852077722549438
mm_0048307,BioMistral-7B,0.0,0.8851925134658813,sapbert_full_len3,5,5,0,4,False,1,-0.0,-0.0,C1690006,True,,,,,,,,,5.0,0.0151299834251403,0.0151299834251403,0.0151299834251403,0.8851925134658813,0.870062530040741
mm_0048307,FLAN-T5-base,1.0,0.9999999403953552,sapbert_full_len3,5,5,0,4,False,1,-0.0,-0.0,C0259836,True,,,,,,,,,5.0,0.0472190380096435,0.0521432876586913,0.0472187399864195,0.999999725818634,0.9478564262390136
mm_0048307,Llama3-OpenBioLLM-8B,0.0,0.9999998211860656,sapbert_full_len3,5,5,0,4,False,2,0.9709505944546686,0.4181656600790516,C1286104,False,,,,,,,,,5.0,0.0635487437248228,0.0619412064552306,0.0595299005508421,0.9999997496604918,0.9380584955215454
mm_0048307,Meta-Llama-3-8B-Instruct,0.0,1.0000001192092896,sapbert_full_len3,5,5,0,4,False,2,0.7219280948873623,0.3109175070825711,C0850624,False,,,,,,,,,5.0,0.0691421031951904,0.0680234670639038,0.0635489225387573,1.0000000953674315,0.9319766759872437
mm_0048307,Mistral-7B-Instruct-v0.1,1.0,0.8266940116882324,sapbert_full_len3,5,5,0,4,False,1,-0.0,-0.0,C0259836,True,,,,,,,,,5.0,0.0214827060699462,0.0151180028915405,0.0012208819389343,0.8452236413955688,0.8301056623458862
mm_0048307,PubMedBERT,0.0,1.0,sapbert_full_len3,5,5,0,4,False,1,-0.0,-0.0,C1839576,True,5.0,1.0,"{""C1839576"": 5}",-0.0,-0.0,0.0,C1839576,0.0,5.0,-0.4749627411365509,-0.4749627709388733,-0.4749627411365509,0.41024500131607056,0.8852077722549438
mm_0048417,BERT-base,0.0,1.0,sapbert_full_len3,7,7,0,6,False,1,-0.0,-0.0,C1447749,True,7.0,1.0,"{""C1447749"": 7}",-0.0,-0.0,0.0,C1447749,0.0,7.0,-0.6676507592201233,-0.6676507592201233,-0.6676507592201233,0.33234864473342896,0.9999994039535522
mm_0048417,BioBERT,0.0,1.0,sapbert_full_len3,7,7,0,6,False,2,0.863120568566631,0.3074497498641964,C1447749,False,7.0,2.0,"{""C1447749"": 5, ""UMLS:C1707887"": 2}",0.863120568566631,0.3074497498641964,0.0,C1447749,0.0,7.0,-0.6676507592201233,-0.6741144061088562,-0.6902737021446228,0.32588496804237366,0.9999994039535522
mm_0048417,BioMistral-7B,0.0,0.9999999403953552,sapbert_full_len3,7,7,0,6,False,2,0.5916727785823275,0.2107580961471984,C0218499,False,,,,,,,,,7.0,0.1683093905448913,0.1485669612884521,0.0301114916801452,1.000000068119594,0.8514332175254822
mm_0048417,FLAN-T5-base,0.0,0.9999998211860656,sapbert_full_len3,7,7,0,6,False,2,0.863120568566631,0.3074497498641964,C0879626,False,,,,,,,,,7.0,4.172325133167121e-07,0.0480888485908508,4.172325133167121e-07,1.0000000085149492,0.9519111514091492
mm_0048417,Llama3-OpenBioLLM-8B,1.0,1.0,sapbert_full_len3,7,7,0,6,False,1,-0.0,-0.0,C0032385,True,,,,,,,,,7.0,0.2041198015213012,0.2041198015213012,0.2041198015213012,1.0,0.7958802580833435
mm_0048417,Meta-Llama-3-8B-Instruct,0.0,1.0,sapbert_full_len3,7,7,0,6,False,1,-0.0,-0.0,C0275009,True,,,,,,,,,7.0,0.0960868000984191,0.0960868000984191,0.0960868000984191,1.0,0.903913140296936
mm_0048417,Mistral-7B-Instruct-v0.1,0.0,1.0,sapbert_full_len3,7,7,0,6,False,1,-0.0,-0.0,C0275009,True,,,,,,,,,7.0,0.0960868000984191,0.0960868000984191,0.0960868000984191,1.0,0.903913140296936
mm_0048417,PubMedBERT,0.0,1.0,sapbert_full_len3,7,7,0,6,False,1,-0.0,-0.0,C1447749,True,7.0,1.0,"{""C1447749"": 7}",-0.0,-0.0,0.0,C1447749,0.0,7.0,-0.6676507592201233,-0.6676507592201233,-0.6676507592201233,0.33234864473342896,0.9999994039535522
mm_0048521,BERT-base,0.0,1.0,sapbert_full_len3,7,7,0,6,False,1,-0.0,-0.0,C1257990,True,7.0,1.0,"{""UMLS:C1257990"": 7}",-0.0,-0.0,0.0,UMLS:C1257990,0.0,7.0,-0.6743137836456299,-0.6743138432502747,-0.6743137836456299,0.325685977935791,0.9999997019767761
mm_0048521,BioBERT,0.0,1.0,sapbert_full_len3,7,7,0,6,False,1,-0.0,-0.0,C1257990,True,7.0,1.0,"{""UMLS:C1257990"": 7}",-0.0,-0.0,0.0,UMLS:C1257990,0.0,7.0,-0.6743137836456299,-0.6743138432502747,-0.6743137836456299,0.325685977935791,0.9999997019767761
mm_0048521,BioMistral-7B,0.0,0.9999998807907104,sapbert_full_len3,7,7,0,6,False,1,-0.0,-0.0,C0017626,True,,,,,,,,,7.0,4.76837158203125e-07,4.76837158203125e-07,4.76837158203125e-07,0.9999998807907104,0.999999463558197
mm_0048521,FLAN-T5-base,0.0,0.9999999403953552,sapbert_full_len3,7,7,0,6,False,2,0.863120568566631,0.3074497498641964,C0004112,False,,,,,,,,,7.0,0.0553749203681945,0.0490229044641767,0.0180140137672424,0.9999999574252536,0.9509771466255188
mm_0048521,Llama3-OpenBioLLM-8B,0.0,1.0,sapbert_full_len3,7,7,0,6,False,3,1.3787834934861751,0.4911325898456825,C0004112,False,,,,,,,,,7.0,0.097675085067749,0.0748277562005179,0.0180140137672424,1.0,0.9251722693443298
mm_0048521,Meta-Llama-3-8B-Instruct,0.0,0.9999998211860656,sapbert_full_len3,7,7,0,6,False,2,0.863120568566631,0.3074497498641964,C1326121,False,,,,,,,,,7.0,0.0976749062538145,0.0727893199239457,0.0105749964714049,0.9999999233654568,0.9272105097770692
mm_0048521,Mistral-7B-Instruct-v0.1,0.0,1.0,sapbert_full_len3,7,7,0,6,False,1,-0.0,-0.0,C1326121,True,,,,,,,,,7.0,0.097675085067749,0.097675085067749,0.097675085067749,1.0,0.9023247957229614
mm_0048521,PubMedBERT,0.0,1.0,sapbert_full_len3,7,7,0,6,False,2,0.863120568566631,0.3074497498641964,C1839576,False,7.0,2.0,"{""C1839576"": 5, ""UMLS:C1257990"": 2}",0.863120568566631,0.3074497498641964,0.0,C1839576,0.0,7.0,-0.675780177116394,-0.6753612160682678,-0.675780177116394,0.32463857531547546,0.9999997019767761
mm_0048655,BERT-base,0.0,1.0,sapbert_full_len3,7,7,0,6,False,1,-0.0,-0.0,C1257990,True,7.0,1.0,"{""UMLS:C1257990"": 7}",-0.0,-0.0,0.0,UMLS:C1257990,0.0,7.0,-0.5472404360771179,-0.5472404360771179,-0.5472404360771179,0.28265929222106934,0.8298997282981873
mm_0048655,BioBERT,0.0,1.0,sapbert_full_len3,7,7,0,6,False,2,0.9852281360342516,0.3509453429964405,C1312419,False,7.0,2.0,"{""UMLS:C1257990"": 3, ""C1312419"": 4}",0.9852281360342516,0.3509453429964405,0.0,C1312419,0.0,7.0,-0.5472404360771179,-0.5140946507453918,-0.5472404360771179,0.315805047750473,0.8298997282981873
mm_0048655,BioMistral-7B,0.0,0.9999998807907104,sapbert_full_len3,7,7,0,6,False,1,-0.0,-0.0,C0060369,True,,,,,,,,,7.0,5.960464477539062e-07,5.960464477539062e-07,5.960464477539062e-07,0.9999998807907104,0.9999991655349731
mm_0048655,FLAN-T5-base,0.0,0.9999998807907104,sapbert_full_len3,7,7,0,6,False,2,0.863120568566631,0.3074497498641964,C0060369,False,,,,,,,,,7.0,5.960464477539062e-07,0.0114229917526244,5.364418028674933e-07,0.9999998467309136,0.9885767698287964
mm_0048655,Llama3-OpenBioLLM-8B,0.0,0.9999999403953552,sapbert_full_len3,7,7,0,6,False,3,1.5566567074628228,0.5544923070581674,C2985566,False,,,,,,,,,7.0,0.0732818841934204,0.076179734298161,0.0618823766708374,0.9999998126711164,0.9238200783729552
mm_0048655,Meta-Llama-3-8B-Instruct,0.0,0.9999998807907104,sapbert_full_len3,7,7,0,6,False,2,0.5916727785823275,0.2107580961471984,C0060369,False,,,,,,,,,7.0,5.960464477539062e-07,0.0088408078466142,5.364418028674933e-07,0.9999998382159642,0.9911590218544006
mm_0048655,Mistral-7B-Instruct-v0.1,0.0,0.9999998211860656,sapbert_full_len3,7,7,0,6,False,1,-0.0,-0.0,C0060369,True,,,,,,,,,7.0,5.364418028674933e-07,5.364418028674933e-07,5.364418028674933e-07,0.9999998211860656,0.9999991655349731
mm_0048655,PubMedBERT,0.0,1.0,sapbert_full_len3,7,7,0,6,False,2,0.863120568566631,0.3074497498641964,C1447749,False,7.0,2.0,"{""C0015131"": 2, ""C1447749"": 5}",0.863120568566631,0.3074497498641964,0.0,C1447749,0.0,7.0,-0.3603801131248474,-0.3801126182079315,-0.3880056142807007,0.44978711009025574,0.8298997282981873
mm_0049641,BERT-base,0.0,1.0,sapbert_full_len3,9,9,0,8,False,1,-0.0,-0.0,C1257990,True,9.0,1.0,"{""UMLS:C1257990"": 9}",-0.0,-0.0,0.0,UMLS:C1257990,0.0,9.0,-0.7732394933700562,-0.7732394933700562,-0.7732394933700562,0.22675994038581848,0.999999463558197
mm_0049641,BioBERT,0.0,1.0,sapbert_full_len3,9,9,0,8,False,2,0.5032583347756457,0.1587603285713901,C3808257,False,9.0,2.0,"{""UMLS:C3808257"": 8, ""C1312419"": 1}",0.5032583347756457,0.1587603285713901,0.0,UMLS:C3808257,0.0,9.0,-0.6888678073883057,-0.684927225112915,-0.6888678073883057,0.31507232785224915,0.999999463558197
mm_0049641,BioMistral-7B,0.0,1.0,sapbert_full_len3,9,9,0,8,False,1,-0.0,-0.0,C0021344,True,,,,,,,,,9.0,5.364418029785156e-07,5.364418029785156e-07,5.364418029785156e-07,1.0,0.999999463558197
mm_0049641,FLAN-T5-base,0.0,0.9999998807907104,sapbert_full_len3,9,9,0,8,False,3,1.4355205042826666,0.4528562990069186,C0021344,False,,,,,,,,,9.0,4.172325134277344e-07,0.0325612823168436,4.172325134277344e-07,0.9999999867545234,0.9674386978149414
mm_0049641,Llama3-OpenBioLLM-8B,0.0,0.9999998807907104,sapbert_full_len3,9,9,0,8,False,2,0.9182958340544896,0.2896900821428475,C0999806,False,,,,,,,,,9.0,0.069515585899353,0.0555185609393649,0.0052946805953979,0.9843734900156657,0.9288549423217772
mm_0049641,Meta-Llama-3-8B-Instruct,0.0,1.0,sapbert_full_len3,9,9,0,8,False,1,-0.0,-0.0,C0021344,True,,,,,,,,,9.0,5.364418029785156e-07,5.364418029785156e-07,5.364418029785156e-07,1.0,0.999999463558197
mm_0049641,Mistral-7B-Instruct-v0.1,0.0,1.0,sapbert_full_len3,9,9,0,8,False,1,-0.0,-0.0,C0021344,True,,,,,,,,,9.0,5.364418029785156e-07,4.3047799004448796e-07,4.172325134277344e-07,0.999999894036187,0.999999463558197
mm_0049641,PubMedBERT,0.0,1.0,sapbert_full_len3,9,9,0,8,False,1,-0.0,-0.0,C1839576,True,9.0,1.0,"{""C1839576"": 9}",-0.0,-0.0,0.0,C1839576,0.0,9.0,-0.5909922122955322,-0.5909922122955322,-0.5909922122955322,0.4090072512626648,0.999999463558197
mm_0049934,BERT-base,0.0,1.0,sapbert_full_len3,6,6,0,5,False,2,0.9182958340544896,0.355245321275764,C0203379,False,6.0,2.0,"{""C1447749"": 2, ""C0203379"": 4}",0.9182958340544896,0.355245321275764,0.0,C0203379,0.0,6.0,-0.548723578453064,-0.5616267919540405,-0.5680783987045288,0.43837273120880127,0.9999995231628418
mm_0049934,BioBERT,0.0,1.0,sapbert_full_len3,6,6,0,5,False,2,1.0,0.3868528072345416,C1839576,False,6.0,2.0,"{""C1839576"": 3, ""C1447749"": 3}",1.0,0.3868528072345416,0.0,C1839576,0.0,6.0,-0.6484646201133728,-0.5985941290855408,-0.6484646201133728,0.4014054238796234,0.9999995231628418
mm_0049934,BioMistral-7B,0.0,0.9999997615814208,sapbert_full_len3,6,6,0,5,False,2,1.0,0.3868528072345416,C5967834,False,,,,,,,,,6.0,0.2281749844551085,0.1709439456462859,0.0574092268943786,0.9999998807907104,0.8290559649467468
mm_0049934,FLAN-T5-base,0.0,0.9999999403953552,sapbert_full_len3,6,6,0,5,False,2,0.9182958340544896,0.355245321275764,C5967834,False,,,,,,,,,6.0,0.2281751632690429,0.1712531844774882,0.0574092268943786,0.9999999602635702,0.8287467956542969
mm_0049934,Llama3-OpenBioLLM-8B,1.0,0.9999997615814208,sapbert_full_len3,6,6,0,5,False,2,0.9182958340544896,0.355245321275764,C1537007,False,,,,,,,,,6.0,2.384185789905402e-07,0.0570069948832193,2.384185789905402e-07,0.9999998410542806,0.942992866039276
mm_0049934,Meta-Llama-3-8B-Instruct,1.0,1.0,sapbert_full_len3,6,6,0,5,False,1,-0.0,-0.0,C1136216,True,,,,,,,,,6.0,0.0574092268943786,0.047841062148412,2.384185789905402e-07,0.9999999602635702,0.9521588683128356
mm_0049934,Mistral-7B-Instruct-v0.1,1.0,1.0,sapbert_full_len3,6,6,0,5,False,1,-0.0,-0.0,C1136216,True,,,,,,,,,6.0,0.1128821372985839,0.1864487131436666,0.1128821372985839,1.0,0.8135513663291931
mm_0049934,PubMedBERT,0.0,1.0,sapbert_full_len3,6,6,0,5,False,1,-0.0,-0.0,C1839576,True,6.0,1.0,"{""C1839576"": 6}",-0.0,-0.0,0.0,C1839576,0.0,6.0,-0.6484646201133728,-0.6484646201133728,-0.6484646201133728,0.3515349328517914,0.9999995231628418
mm_0050267,BERT-base,0.0,1.0,sapbert_full_len3,5,5,0,4,False,2,0.9709505944546686,0.4181656600790516,C0242193,False,5.0,2.0,"{""UMLS:C0242193"": 3, ""UMLS:C1257990"": 2}",0.9709505944546686,0.4181656600790516,0.0,UMLS:C0242193,0.0,5.0,-0.4560585021972656,-0.48310455679893494,-0.5236736536026001,0.32879695296287537,0.8119014501571655
mm_0050267,BioBERT,0.0,1.0,sapbert_full_len3,5,5,0,4,False,1,-0.0,-0.0,C0075128,True,5.0,1.0,"{""C0075128"": 5}",-0.0,-0.0,0.0,C0075128,0.0,5.0,-0.5267874002456665,-0.5267874002456665,-0.5267874002456665,0.2851141393184662,0.8119014501571655
mm_0050267,BioMistral-7B,0.0,0.9208532571792604,sapbert_full_len3,5,5,0,4,False,1,-0.0,-0.0,C4389863,True,,,,,,,,,5.0,0.0713920593261719,0.0713716506958008,0.071366548538208,0.9208328485488892,0.8494611978530884
mm_0050267,FLAN-T5-base,0.0,1.0,sapbert_full_len3,5,5,0,4,False,2,0.9709505944546686,0.4181656600790516,C0004358,False,,,,,,,,,5.0,0.0160228013992309,0.0232345342636108,0.0160228013992309,0.9819608926773072,0.958726406097412
mm_0050267,Llama3-OpenBioLLM-8B,0.0,0.8137891292572021,sapbert_full_len3,5,5,0,4,False,3,1.521928094887362,0.6554587535412855,C0004358,False,,,,,,,,,5.0,-0.0179793834686279,0.0128758668899536,-0.0179793834686279,0.8985929250717163,0.8857170939445496
mm_0050267,Meta-Llama-3-8B-Instruct,0.0,0.9548758864402772,sapbert_full_len3,5,5,0,4,False,2,0.9709505944546686,0.4181656600790516,C1272321,False,,,,,,,,,5.0,0.03402578830719,0.0286791324615479,0.0206591486930847,0.8872825980186463,0.8586034774780273
mm_0050267,Mistral-7B-Instruct-v0.1,0.0,0.8137891292572021,sapbert_full_len3,5,5,0,4,False,2,0.7219280948873623,0.3109175070825711,C4389863,False,,,,,,,,,5.0,-0.0179793834686279,0.0149188518524169,-0.0179793834686279,0.8131389617919922,0.798220157623291
mm_0050267,PubMedBERT,0.0,1.0,sapbert_full_len3,5,5,0,4,False,1,-0.0,-0.0,C1839576,True,5.0,1.0,"{""C1839576"": 5}",-0.0,-0.0,0.0,C1839576,0.0,5.0,-0.5325019359588623,-0.5325019359588623,-0.5325019359588623,0.2793995440006256,0.8119014501571655
mm_0050288,BERT-base,0.0,1.0,sapbert_full_len3,5,5,0,4,False,3,1.3709505944546687,0.5904362833084089,C4042892,False,5.0,3.0,"{""C4042892"": 3, ""C0524868"": 1, ""C0597336"": 1}",1.3709505944546687,0.5904362833084089,0.0,C4042892,1.0,5.0,-0.5247478485107422,-0.5446898341178894,-0.5821298360824585,0.4553098678588867,0.9999997019767761
mm_0050288,BioBERT,0.0,1.0,sapbert_full_len3,5,5,0,4,False,2,0.9709505944546686,0.4181656600790516,C4042892,False,5.0,2.0,"{""C4042892"": 3, ""UMLS:C0678257"": 2}",0.9709505944546686,0.4181656600790516,0.4,C4042892,0.0,5.0,-0.5247478485107422,-0.23418354988098145,-0.5247478485107422,0.6851509809494019,0.9193345308303833
mm_0050288,BioMistral-7B,0.0,1.0,sapbert_full_len3,5,5,0,4,False,1,-0.0,-0.0,C0600673,True,,,,,,,,,5.0,4.76837158203125e-07,4.76837158203125e-07,4.76837158203125e-07,1.0,0.9999995231628418
mm_0050288,FLAN-T5-base,1.0,1.0,sapbert_full_len3,5,5,0,4,False,2,0.7219280948873623,0.3109175070825711,C0678257,False,,,,,,,,,5.0,0.2016633152961731,0.1613307476043701,4.76837158203125e-07,0.9999999880790712,0.8386691808700562
mm_0050288,Llama3-OpenBioLLM-8B,0.0,1.0,sapbert_full_len3,5,5,0,4,False,1,-0.0,-0.0,C0600673,True,,,,,,,,,5.0,3.5762786865234375e-07,3.099441528320313e-07,2.384185791015625e-07,0.9999999046325684,0.9999995231628418
mm_0050288,Meta-Llama-3-8B-Instruct,0.0,1.0,sapbert_full_len3,5,5,0,4,False,1,-0.0,-0.0,C0600673,True,,,,,,,,,5.0,4.76837158203125e-07,3.814697265625e-07,3.5762786865234375e-07,0.9999999046325684,0.9999995231628418
mm_0050288,Mistral-7B-Instruct-v0.1,0.0,0.9999998807907104,sapbert_full_len3,5,5,0,4,False,1,-0.0,-0.0,C0600673,True,,,,,,,,,5.0,3.5762786865234375e-07,3.5762786865234375e-07,3.5762786865234375e-07,0.9999998807907104,0.9999995231628418
mm_0050288,PubMedBERT,0.0,1.0,sapbert_full_len3,5,5,0,4,False,2,0.9709505944546686,0.4181656600790516,C0035363,False,5.0,2.0,"{""UMLS:C0035363"": 3, ""UMLS:C1707887"": 2}",0.9709505944546686,0.4181656600790516,0.0,UMLS:C0035363,0.0,5.0,-0.4290735125541687,-0.4965103268623352,-0.597665548324585,0.5034893751144409,0.9999997019767761
mm_0050295,BERT-base,1.0,1.0,sapbert_full_len3,7,7,0,6,False,1,-0.0,-0.0,C1821269,True,7.0,1.0,"{""UMLS:C1821269"": 7}",-0.0,-0.0,1.0,UMLS:C1821269,0.0,7.0,0.06746292114257812,0.06746292114257812,0.06746292114257812,0.9999984502792358,0.9325355291366577
mm_0050295,BioBERT,0.0,1.0,sapbert_full_len3,7,7,0,6,False,1,-0.0,-0.0,C1839576,True,7.0,1.0,"{""C1839576"": 7}",-0.0,-0.0,0.0,C1839576,0.0,7.0,-0.6867315769195557,-0.6867316365242004,-0.6867315769195557,0.3132668137550354,0.9999983906745911
mm_0050295,BioMistral-7B,0.0,1.0000001192092896,sapbert_full_len3,7,7,0,6,False,1,-0.0,-0.0,C0035787,True,,,,,,,,,7.0,0.1405806541442871,0.1405806541442871,0.1405806541442871,1.0000001192092896,0.8594194054603577
mm_0050295,FLAN-T5-base,0.0,0.7583214640617371,sapbert_full_len3,7,7,0,6,False,3,1.5566567074628228,0.5544923070581674,C0020696,False,,,,,,,,,7.0,0.0170795917510986,0.0425677810396466,-0.0171514749526977,0.8335065756525312,0.7909387946128845
mm_0050295,Llama3-OpenBioLLM-8B,0.0,0.7755521535873413,sapbert_full_len3,7,7,0,6,False,3,1.5566567074628228,0.5544923070581674,C0730893,False,,,,,,,,,7.0,-0.1318699121475219,-0.0890814576830182,-0.1407789587974548,0.7721319879804339,0.8612135052680969
mm_0050295,Meta-Llama-3-8B-Instruct,0.0,1.0,sapbert_full_len3,7,7,0,6,False,2,0.9852281360342516,0.3509453429964405,C0035787,False,,,,,,,,,7.0,0.0944124460220336,0.1207905326570783,0.0944124460220336,1.000000068119594,0.8792095184326172
mm_0050295,Mistral-7B-Instruct-v0.1,0.0,1.0,sapbert_full_len3,7,7,0,6,False,3,1.5566567074628228,0.5544923070581674,C0035787,False,,,,,,,,,7.0,0.1405805349349975,0.063396794455392,-0.0060616135597227,0.9140017884118216,0.8506049513816833
mm_0050295,PubMedBERT,0.0,1.0,sapbert_full_len3,7,7,0,6,False,2,0.863120568566631,0.3074497498641964,C0015131,False,7.0,2.0,"{""C0015131"": 5, ""C1839576"": 2}",0.863120568566631,0.3074497498641964,0.0,C0015131,0.0,7.0,-0.6752971410751343,-0.6785641312599182,-0.6867315769195557,0.32143428921699524,0.9999983906745911
mm_0050616,BERT-base,0.0,1.0,sapbert_full_len3,5,5,0,4,False,1,-0.0,-0.0,C0169661,True,5.0,1.0,"{""C0169661"": 5}",-0.0,-0.0,0.0,C0169661,0.0,5.0,1.1920928955078125e-07,1.1920928955078125e-07,1.1920928955078125e-07,0.9999994039535522,0.9999992251396179
mm_0050616,BioBERT,0.0,1.0,sapbert_full_len3,5,5,0,4,False,2,0.7219280948873623,0.3109175070825711,C1370369,False,5.0,2.0,"{""C1370369"": 4, ""C1312419"": 1}",0.7219280948873623,0.3109175070825711,0.0,C1370369,0.0,5.0,-0.6764112114906311,-0.6393643021583557,-0.6764112114906311,0.360634982585907,0.9999992251396179
mm_0050616,BioMistral-7B,0.0,1.0,sapbert_full_len3,5,5,0,4,False,2,0.7219280948873623,0.3109175070825711,C1423931,False,,,,,,,,,5.0,4.172325134277344e-07,0.0126763463020324,3.5762786865234375e-07,0.9999999403953552,0.9873235821723938
mm_0050616,FLAN-T5-base,0.0,1.0,sapbert_full_len3,5,5,0,4,False,1,-0.0,-0.0,C1423931,True,,,,,,,,,5.0,4.172325134277344e-07,4.172325134277344e-07,4.172325134277344e-07,1.0,0.9999996423721312
mm_0050616,Llama3-OpenBioLLM-8B,0.0,0.9999998211860656,sapbert_full_len3,5,5,0,4,False,2,0.9709505944546686,0.4181656600790516,C0021655,False,,,,,,,,,5.0,0.0147254467010496,0.034187364578247,0.0147254467010496,0.9999998450279236,0.9658125042915344
mm_0050616,Meta-Llama-3-8B-Instruct,0.0,1.0,sapbert_full_len3,5,5,0,4,False,2,0.9709505944546686,0.4181656600790516,C1512804,False,,,,,,,,,5.0,0.0633803606033325,0.0500985860824585,0.030176043510437,0.999999952316284,0.949901282787323
mm_0050616,Mistral-7B-Instruct-v0.1,0.0,0.9999998807907104,sapbert_full_len3,5,5,0,4,False,1,-0.0,-0.0,C1512804,True,,,,,,,,,5.0,0.0633802413940429,0.0633802413940429,0.0633802413940429,0.9999998807907104,0.9366196393966676
mm_0050616,PubMedBERT,0.0,1.0,sapbert_full_len3,5,5,0,4,False,2,0.7219280948873623,0.3109175070825711,C1447749,False,5.0,2.0,"{""C1370369"": 1, ""C1447749"": 4}",0.7219280948873623,0.3109175070825711,0.0,C1447749,0.0,5.0,-0.6764112114906311,-0.652340829372406,-0.6764112114906311,0.3476584553718567,0.9999992251396179
mm_0051003,BERT-base,0.0,1.0,sapbert_full_len3,4,4,0,3,False,1,-0.0,-0.0,C1257990,True,4.0,1.0,"{""UMLS:C1257990"": 4}",-0.0,-0.0,0.0,UMLS:C1257990,0.0,4.0,-0.7181305885314941,-0.7181305885314941,-0.7181305885314941,0.28186866641044617,0.9999992847442627
mm_0051003,BioBERT,0.0,1.0,sapbert_full_len3,4,4,0,3,False,1,-0.0,-0.0,C1312419,True,4.0,1.0,"{""C1312419"": 4}",-0.0,-0.0,0.0,C1312419,0.0,4.0,-0.608983039855957,-0.608983039855957,-0.608983039855957,0.39101624488830566,0.9999992847442627
mm_0051003,BioMistral-7B,0.0,0.9999998211860656,sapbert_full_len3,4,4,0,3,False,1,-0.0,-0.0,C0006826,True,,,,,,,,,4.0,-5.960464488641294e-08,2.9802322359939737e-08,-5.960464488641294e-08,0.9999999105930328,0.9999998807907104
mm_0051003,FLAN-T5-base,1.0,1.0,sapbert_full_len3,4,4,0,3,False,2,1.0,0.5,C3640076,False,,,,,,,,,4.0,0.2316601276397705,0.1158301830291748,2.384185791015625e-07,0.9999999403953552,0.8841696977615356
mm_0051003,Llama3-OpenBioLLM-8B,0.0,0.9999998211860656,sapbert_full_len3,4,4,0,3,False,1,-0.0,-0.0,C4277689,True,,,,,,,,,4.0,4.172325133167121e-07,4.172325133167121e-07,4.172325133167121e-07,0.9999998211860656,0.9999994039535522
mm_0051003,Meta-Llama-3-8B-Instruct,1.0,1.0,sapbert_full_len3,4,4,0,3,False,2,1.0,0.5,C3640076,False,,,,,,,,,4.0,0.0473902225494384,0.0236951410770416,5.960464477539064e-08,0.9999999701976776,0.9763048887252808
mm_0051003,Mistral-7B-Instruct-v0.1,1.0,1.0,sapbert_full_len3,4,4,0,3,False,1,-0.0,-0.0,C3640076,True,,,,,,,,,4.0,0.0632757544517517,0.1474679410457611,0.0632757544517517,1.0,0.8525320887565613
mm_0051003,PubMedBERT,0.0,1.0,sapbert_full_len3,4,4,0,3,False,1,-0.0,-0.0,C1447749,True,4.0,1.0,"{""C1447749"": 4}",-0.0,-0.0,0.0,C1447749,0.0,4.0,-0.6838240623474121,-0.6838240623474121,-0.6838240623474121,0.3161752223968506,0.9999992847442627
mm_0051285,BERT-base,0.0,1.0,sapbert_full_len3,5,5,0,4,False,2,0.9709505944546686,0.4181656600790516,C0265267,False,5.0,2.0,"{""C1868801"": 2, ""C0265267"": 3}",0.9709505944546686,0.4181656600790516,0.0,C0265267,0.0,5.0,-0.6779645681381226,-0.6744081974029541,-0.6779645681381226,0.3255908191204071,0.9999990463256836
mm_0051285,BioBERT,0.0,1.0,sapbert_full_len3,5,5,0,4,False,2,0.9709505944546686,0.4181656600790516,C0008325,False,5.0,2.0,"{""C0008325"": 3, ""C1447749"": 2}",0.9709505944546686,0.4181656600790516,0.0,C0008325,0.0,5.0,-0.7363864183425903,-0.6957478523254395,-0.7363864183425903,0.3042512536048889,0.9999990463256836
mm_0051285,BioMistral-7B,1.0,1.0,sapbert_full_len3,5,5,0,4,False,2,0.7219280948873623,0.3109175070825711,C0220825,False,,,,,,,,,5.0,0.0969089269638061,0.1148077249526977,0.0174459218978881,1.0,0.8851922154426575
mm_0051285,FLAN-T5-base,0.0,1.0,sapbert_full_len3,5,5,0,4,False,2,0.9709505944546686,0.4181656600790516,C0220825,False,,,,,,,,,5.0,0.0827739238739013,0.0600325107574462,0.0367143154144287,0.9999999880790712,0.9399675130844116
mm_0051285,Llama3-OpenBioLLM-8B,0.0,0.9999999403953552,sapbert_full_len3,5,5,0,4,False,3,1.521928094887362,0.6554587535412855,C0597736,False,,,,,,,,,5.0,0.0827738642692565,0.0527468800544738,0.0174459218978881,0.9999999880790712,0.9472530484199524
mm_0051285,Meta-Llama-3-8B-Instruct,0.0,1.0,sapbert_full_len3,5,5,0,4,False,3,1.521928094887362,0.6554587535412855,C0597736,False,,,,,,,,,5.0,0.0827739238739013,0.1161727428436279,0.0827739238739013,1.0,0.8838272094726562
mm_0051285,Mistral-7B-Instruct-v0.1,0.0,0.9999999403953552,sapbert_full_len3,5,5,0,4,False,2,0.9709505944546686,0.4181656600790516,C1561643,False,,,,,,,,,5.0,0.0827738642692565,0.0590944290161132,0.0433081388473509,0.9999998331069946,0.9409054517745972
mm_0051285,PubMedBERT,0.0,1.0,sapbert_full_len3,5,5,0,4,False,1,-0.0,-0.0,C1839576,True,5.0,1.0,"{""C1839576"": 5}",-0.0,-0.0,0.0,C1839576,0.0,5.0,-0.6659691333770752,-0.6659691333770752,-0.6659691333770752,0.3340299129486084,0.9999990463256836
mm_0051763,BERT-base,0.0,1.0,sapbert_full_len3,7,7,0,6,False,2,0.5916727785823275,0.2107580961471984,C4277543,False,7.0,2.0,"{""C4277543"": 6, ""C0040048"": 1}",0.5916727785823275,0.2107580961471984,0.0,C4277543,0.0,7.0,-0.6278507709503174,-0.6308525800704956,-0.6488630771636963,0.3691471517086029,0.9999997019767761
mm_0051763,BioBERT,0.0,1.0,sapbert_full_len3,7,7,0,6,False,3,1.3787834934861751,0.4911325898456825,C1839576,False,7.0,3.0,"{""C0265267"": 1, ""C1839576"": 4, ""C0032914"": 2}",1.3787834934861751,0.4911325898456825,0.0,C1839576,0.0,7.0,-0.7187724113464355,-0.6502348780632019,-0.7187724113464355,0.34976479411125183,0.9999997019767761
mm_0051763,BioMistral-7B,1.0,1.0,sapbert_full_len3,7,7,0,6,False,2,0.863120568566631,0.3074497498641964,C0334220,False,,,,,,,,,7.0,1.788139343261719e-07,2.299036298479353e-07,1.788139343261719e-07,1.0,0.9999998211860656
mm_0051763,FLAN-T5-base,0.0,1.0,sapbert_full_len3,7,7,0,6,False,3,1.3787834934861751,0.4911325898456825,C0009085,False,,,,,,,,,7.0,0.1048898696899414,0.08694360937391,2.980232238769531e-07,1.0,0.9130563735961914
mm_0051763,Llama3-OpenBioLLM-8B,1.0,1.0,sapbert_full_len3,7,7,0,6,False,1,-0.0,-0.0,C0334220,True,,,,,,,,,7.0,1.788139343261719e-07,1.788139343261719e-07,1.788139343261719e-07,1.0,0.9999998807907104
mm_0051763,Meta-Llama-3-8B-Instruct,1.0,1.0,sapbert_full_len3,7,7,0,6,False,2,0.863120568566631,0.3074497498641964,C0334220,False,,,,,,,,,7.0,1.788139343261719e-07,0.0081962432180132,5.960464477539064e-08,0.9999998978206088,0.9918037056922911
mm_0051763,Mistral-7B-Instruct-v0.1,0.0,0.9999998807907104,sapbert_full_len3,7,7,0,6,False,2,0.9852281360342516,0.3509453429964405,C0334220,False,,,,,,,,,7.0,2.384185791015625e-07,1.362391880580357e-07,5.960464477539064e-08,0.9999998807907104,0.9999998211860656
mm_0051763,PubMedBERT,0.0,1.0,sapbert_full_len3,7,7,0,6,False,1,-0.0,-0.0,C1839576,True,7.0,1.0,"{""C1839576"": 7}",-0.0,-0.0,0.0,C1839576,0.0,7.0,-0.632544755935669,-0.6325448155403137,-0.632544755935669,0.3674549460411072,0.9999997019767761
mm_0052038,BERT-base,0.0,1.0,sapbert_full_len3,4,4,0,3,False,1,-0.0,-0.0,C1447749,True,4.0,1.0,"{""C1447749"": 4}",-0.0,-0.0,0.0,C1447749,0.0,4.0,-0.39178192615509033,-0.39178192615509033,-0.39178192615509033,0.6082178354263306,0.9999997615814209
mm_0052038,BioBERT,0.0,1.0,sapbert_full_len3,4,4,0,3,False,2,0.8112781244591328,0.4056390622295664,C1447749,False,4.0,2.0,"{""UMLS:C1257990"": 1, ""C1447749"": 3}",0.8112781244591328,0.4056390622295664,0.0,C1447749,0.0,4.0,-0.6985026597976685,-0.46846210956573486,-0.6985026597976685,0.531537652015686,0.9999997615814209
mm_0052038,BioMistral-7B,0.0,0.9999997615814208,sapbert_full_len3,4,4,0,3,False,1,-0.0,-0.0,C0014939,True,,,,,,,,,4.0,3.5762786854132145e-07,4.917383193692171e-07,3.5762786854132145e-07,0.9999998956918716,0.9999994039535522
mm_0052038,FLAN-T5-base,0.0,0.9999999403953552,sapbert_full_len3,4,4,0,3,False,1,-0.0,-0.0,C0014939,True,,,,,,,,,4.0,5.364418029785156e-07,5.364418029785156e-07,5.364418029785156e-07,0.9999999403953552,0.9999994039535522
mm_0052038,Llama3-OpenBioLLM-8B,1.0,1.0,sapbert_full_len3,4,4,0,3,False,2,1.0,0.5,C0086418,False,,,,,,,,,4.0,0.0430578589439392,0.0215291082859039,3.5762786865234375e-07,0.9999999403953552,0.9784708023071288
mm_0052038,Meta-Llama-3-8B-Instruct,1.0,1.0,sapbert_full_len3,4,4,0,3,False,2,0.8112781244591328,0.4056390622295664,C0086418,False,,,,,,,,,4.0,0.0866525173187255,0.0731762051582336,0.0578714609146118,1.0,0.9268237948417664
mm_0052038,Mistral-7B-Instruct-v0.1,1.0,1.0,sapbert_full_len3,4,4,0,3,False,1,-0.0,-0.0,C0086418,True,,,,,,,,,4.0,0.0866525173187255,0.067297488451004,0.0479424595832824,1.0,0.9327025413513184
mm_0052038,PubMedBERT,0.0,1.0,sapbert_full_len3,4,4,0,3,False,1,-0.0,-0.0,C1447749,True,4.0,1.0,"{""C1447749"": 4}",-0.0,-0.0,0.0,C1447749,0.0,4.0,-0.39178192615509033,-0.39178192615509033,-0.39178192615509033,0.6082178354263306,0.9999997615814209
mm_0052329,BERT-base,0.0,1.0,sapbert_full_len3,5,5,0,4,False,1,-0.0,-0.0,C0203379,True,5.0,1.0,"{""C0203379"": 5}",-0.0,-0.0,0.0,C0203379,0.0,5.0,-0.4205077886581421,-0.4205078184604645,-0.4205077886581421,0.5185059309005737,0.939013659954071
mm_0052329,BioBERT,0.0,1.0,sapbert_full_len3,5,5,0,4,False,1,-0.0,-0.0,C1257990,True,5.0,1.0,"{""UMLS:C1257990"": 5}",-0.0,-0.0,0.0,UMLS:C1257990,0.0,5.0,-0.6271712779998779,-0.6271712779998779,-0.6271712779998779,0.3118424415588379,0.939013659954071
mm_0052329,BioMistral-7B,0.0,1.0,sapbert_full_len3,5,5,0,4,False,3,1.3709505944546687,0.5904362833084089,C5690756,False,,,,,,,,,5.0,0.1240164041519165,0.0731703639030456,-0.011188805103302,0.909004318714142,0.8358340263366699
mm_0052329,FLAN-T5-base,1.0,0.939012885093689,sapbert_full_len3,5,5,0,4,False,3,1.521928094887362,0.6554587535412855,C0450363,False,,,,,,,,,5.0,0.035111129283905,0.0689855217933655,0.0351017713546752,0.9649940252304076,0.8960084915161133
mm_0052329,Llama3-OpenBioLLM-8B,0.0,0.9999998807907104,sapbert_full_len3,5,5,0,4,False,2,0.9709505944546686,0.4181656600790516,C5690756,False,,,,,,,,,5.0,0.1240162849426269,0.1112187147140502,0.0920223593711853,0.9999998807907104,0.8887811899185181
mm_0052329,Meta-Llama-3-8B-Instruct,0.0,1.0,sapbert_full_len3,5,5,0,4,False,2,0.9709505944546686,0.4181656600790516,C5690756,False,,,,,,,,,5.0,0.1240164041519165,0.1532606363296508,0.1240162849426269,0.9999999046325684,0.8467391729354858
mm_0052329,Mistral-7B-Instruct-v0.1,0.0,0.9999998807907104,sapbert_full_len3,5,5,0,4,False,2,0.9709505944546686,0.4181656600790516,C5690756,False,,,,,,,,,5.0,0.1240162849426269,0.0975870847702026,0.0579432845115661,0.9464506387710572,0.8488634824752808
mm_0052329,PubMedBERT,0.0,1.0,sapbert_full_len3,5,5,0,4,False,2,0.9709505944546686,0.4181656600790516,C1839576,False,5.0,2.0,"{""C1839576"": 3, ""C1447749"": 2}",0.9709505944546686,0.4181656600790516,0.0,C1839576,0.0,5.0,-0.5638206005096436,-0.5330641865730286,-0.5638206005096436,0.40594953298568726,0.939013659954071
mm_0052571,BERT-base,0.0,1.0,sapbert_full_len3,5,5,0,4,False,1,-0.0,-0.0,C0085472,True,5.0,1.0,"{""C0085472"": 5}",-0.0,-0.0,0.0,C0085472,0.0,5.0,-0.33923959732055664,-0.33923959732055664,-0.33923959732055664,0.4933200776576996,0.8325597047805786
mm_0052571,BioBERT,0.0,1.0,sapbert_full_len3,5,5,0,4,False,2,0.9709505944546686,0.4181656600790516,C1447749,False,5.0,2.0,"{""C1447749"": 3, ""UMLS:C1257990"": 2}",0.9709505944546686,0.4181656600790516,0.0,C1447749,0.0,5.0,-0.4468625783920288,-0.44595208764076233,-0.4468625783920288,0.3866076171398163,0.8325597047805786
mm_0052571,BioMistral-7B,0.0,0.9999998211860656,sapbert_full_len3,5,5,0,4,False,1,-0.0,-0.0,C1000289,True,,,,,,,,,5.0,0.093011438846588,0.093011438846588,0.093011438846588,0.9999998211860656,0.9069883227348328
mm_0052571,FLAN-T5-base,0.0,0.9999998211860656,sapbert_full_len3,5,5,0,4,False,1,-0.0,-0.0,C1000289,True,,,,,,,,,5.0,0.093011438846588,0.093011438846588,0.093011438846588,0.9999998211860656,0.9069883227348328
mm_0052571,Llama3-OpenBioLLM-8B,0.0,1.0,sapbert_full_len3,5,5,0,4,False,4,1.9219280948873625,0.8277293767706428,C1136031,False,,,,,,,,,5.0,0.0567660927772522,0.0680457234382629,0.0243557691574096,0.925230884552002,0.8571851849555969
mm_0052571,Meta-Llama-3-8B-Instruct,0.0,0.9677668809890748,sapbert_full_len3,5,5,0,4,False,2,0.7219280948873623,0.3109175070825711,C1000289,False,,,,,,,,,5.0,0.0692375898361207,0.0882562875747681,0.0692375898361207,0.9935528516769412,0.905296504497528
mm_0052571,Mistral-7B-Instruct-v0.1,0.0,0.9999993443489076,sapbert_full_len3,5,5,0,4,False,1,-0.0,-0.0,C1000289,True,,,,,,,,,5.0,0.09301096200943,0.0891860127449036,0.0738862156867982,0.991649341583252,0.9024633169174194
mm_0052571,PubMedBERT,0.0,1.0,sapbert_full_len3,5,5,0,4,False,2,0.9709505944546686,0.4181656600790516,C1447749,False,5.0,2.0,"{""C1447749"": 3, ""C1839576"": 2}",0.9709505944546686,0.4181656600790516,0.0,C1447749,0.0,5.0,-0.4468625783920288,-0.4437233805656433,-0.4468625783920288,0.3888363242149353,0.8325597047805786
mm_0052800,BERT-base,0.0,1.0,sapbert_full_len3,8,8,0,7,False,2,0.8112781244591328,0.2704260414863776,C0169661,False,8.0,2.0,"{""C0169661"": 6, ""C0246486"": 2}",0.8112781244591328,0.2704260414863776,0.0,C0169661,0.0,8.0,-0.5848684906959534,-0.5083695650100708,-0.5848684906959534,0.4384024143218994,0.9467719793319702
mm_0052800,BioBERT,1.0,1.0,sapbert_full_len3,8,8,0,7,False,1,-0.0,-0.0,C1518102,True,8.0,1.0,"{""UMLS:C1518102"": 8}",-0.0,-0.0,1.0,UMLS:C1518102,0.0,8.0,0.024109601974487305,0.024109601974487305,0.024109601974487305,0.9467718601226807,0.9226622581481934
mm_0052800,BioMistral-7B,0.0,0.9999997615814208,sapbert_full_len3,8,8,0,7,False,1,-0.0,-0.0,C0073709,True,,,,,,,,,8.0,0.1412633061408995,0.1412634626030922,0.1412633061408995,0.9999999180436134,0.8587364554405212
mm_0052800,FLAN-T5-base,0.0,0.9999999403953552,sapbert_full_len3,8,8,0,7,False,1,-0.0,-0.0,C0073709,True,,,,,,,,,8.0,0.1412634849548339,0.1412633284926413,0.1412633061408995,0.9999997839331628,0.8587364554405212
mm_0052800,Llama3-OpenBioLLM-8B,0.0,0.894479513168335,sapbert_full_len3,8,8,0,7,False,3,1.4056390622295665,0.4685463540765222,C2248528,False,,,,,,,,,8.0,0.0040340423583984,0.011806160211563,-0.0187313556671143,0.9261722564697266,0.9143660664558412
mm_0052800,Meta-Llama-3-8B-Instruct,0.0,0.9999998807907104,sapbert_full_len3,8,8,0,7,False,3,1.5,0.5,C0242606,False,,,,,,,,,8.0,0.0705882906913757,0.0586600899696349,0.0242155790328978,0.9867193847894667,0.9280593395233154
mm_0052800,Mistral-7B-Instruct-v0.1,0.0,0.9999997615814208,sapbert_full_len3,8,8,0,7,False,2,0.8112781244591328,0.2704260414863776,C0073709,False,,,,,,,,,8.0,0.1412633061408995,0.1142345070838927,0.0331481099128724,0.996857762336731,0.8826232552528381
mm_0052800,PubMedBERT,0.0,1.0,sapbert_full_len3,8,8,0,7,False,2,0.954434002924965,0.318144667641655,C1839576,False,8.0,2.0,"{""C1839576"": 5, ""UMLS:C1257990"": 3}",0.954434002924965,0.318144667641655,0.0,C1839576,0.0,8.0,-0.6756464242935181,-0.667817234992981,-0.6756464242935181,0.27895477414131165,0.9467719793319702
mm_0053229,BERT-base,0.0,1.0,sapbert_full_len3,7,7,0,6,False,2,0.863120568566631,0.3074497498641964,C1257990,False,7.0,2.0,"{""UMLS:C1257990"": 5, ""UMLS:C0242193"": 2}",0.863120568566631,0.3074497498641964,0.0,UMLS:C1257990,0.0,7.0,-0.6881548166275024,-0.689001202583313,-0.6911172866821289,0.31099826097488403,0.9999995231628418
mm_0053229,BioBERT,0.0,1.0,sapbert_full_len3,7,7,0,6,False,1,-0.0,-0.0,C1257990,True,7.0,1.0,"{""UMLS:C1257990"": 7}",-0.0,-0.0,0.0,UMLS:C1257990,0.0,7.0,-0.6881548166275024,-0.6881548166275024,-0.6881548166275024,0.31184467673301697,0.9999995231628418
mm_0053229,BioMistral-7B,0.0,0.9999998807907104,sapbert_full_len3,7,7,0,6,False,3,1.1488348542809166,0.4092232318950598,C0039585,False,,,,,,,,,7.0,3.5762786865234375e-07,6.641660417829241e-07,3.5762786865234375e-07,0.9999999829701016,0.9999993443489076
mm_0053229,FLAN-T5-base,0.0,1.0,sapbert_full_len3,7,7,0,6,False,1,-0.0,-0.0,C0039585,True,,,,,,,,,7.0,4.76837158203125e-07,0.0344219207763671,4.76837158203125e-07,1.0,0.9655780792236328
mm_0053229,Llama3-OpenBioLLM-8B,0.0,1.0,sapbert_full_len3,7,7,0,6,False,3,1.3787834934861751,0.4911325898456825,C0039585,False,,,,,,,,,7.0,0.1312346458435058,0.0734544651848929,4.76837158203125e-07,1.0,0.9265455603599548
mm_0053229,Meta-Llama-3-8B-Instruct,0.0,0.9999998807907104,sapbert_full_len3,7,7,0,6,False,1,-0.0,-0.0,C0039585,True,,,,,,,,,7.0,3.5762786865234375e-07,0.0344219037464686,3.5762786865234375e-07,0.9999999829701016,0.9655780792236328
mm_0053229,Mistral-7B-Instruct-v0.1,0.0,0.9999998807907104,sapbert_full_len3,7,7,0,6,False,3,1.1488348542809166,0.4092232318950598,C0039585,False,,,,,,,,,7.0,3.5762786865234375e-07,0.0269379871232168,-5.960464488641294e-08,0.9999998978206088,0.9730619192123412
mm_0053229,PubMedBERT,0.0,1.0,sapbert_full_len3,7,7,0,6,False,1,-0.0,-0.0,C1839576,True,7.0,1.0,"{""C1839576"": 7}",-0.0,-0.0,0.0,C1839576,0.0,7.0,-0.5775574445724487,-0.5775574445724487,-0.5775574445724487,0.4224420487880707,0.9999995231628418
mm_0053650,BERT-base,0.0,1.0,sapbert_full_len3,7,7,0,6,False,4,1.6644977792004614,0.5929060718765461,C0358514,False,7.0,4.0,"{""C1566790"": 1, ""UMLS:C0358514"": 4, ""UMLS:C0752046"": 1, ""C2936621"": 1}",1.6644977792004614,0.5929060718765461,0.0,UMLS:C0358514,1.0,7.0,-0.46073636412620544,-0.4849303662776947,-0.516791582107544,0.40679726004600525,0.8917276263237
mm_0053650,BioBERT,0.0,1.0,sapbert_full_len3,7,7,0,6,False,1,-0.0,-0.0,C0258846,True,7.0,1.0,"{""C0258846"": 7}",-0.0,-0.0,0.0,C0258846,0.0,7.0,-0.4731906056404114,-0.4731906056404114,-0.4731906056404114,0.4185369908809662,0.8917276263237
mm_0053650,BioMistral-7B,0.0,0.9999998211860656,sapbert_full_len3,7,7,0,6,False,1,-0.0,-0.0,C0030481,True,,,,,,,,,7.0,5.96046447642884e-07,5.96046447642884e-07,5.96046447642884e-07,0.9999998211860656,0.9999991655349731
mm_0053650,FLAN-T5-base,0.0,0.8629500865936279,sapbert_full_len3,7,7,0,6,False,2,0.5916727785823275,0.2107580961471984,C0039871,False,,,,,,,,,7.0,0.073083221912384,0.0626428467886788,5.96046447642884e-07,0.8825286201068333,0.819885790348053
mm_0053650,Llama3-OpenBioLLM-8B,0.0,1.0,sapbert_full_len3,7,7,0,6,False,1,-0.0,-0.0,C0086149,True,,,,,,,,,7.0,0.1471898555755615,0.1471898555755615,0.1471898555755615,1.0,0.8528100252151489
mm_0053650,Meta-Llama-3-8B-Instruct,0.0,1.0,sapbert_full_len3,7,7,0,6,False,1,-0.0,-0.0,C0033684,True,,,,,,,,,7.0,4.172325134277344e-07,0.0028219904218401,4.172325134277344e-07,1.0,0.9971780180931092
mm_0053650,Mistral-7B-Instruct-v0.1,0.0,0.8628990054130554,sapbert_full_len3,7,7,0,6,False,3,1.3787834934861751,0.4911325898456825,C0039871,False,,,,,,,,,7.0,0.0730321407318115,0.083491393498012,0.0725607275962829,0.8602619000843593,0.7767705321311951
mm_0053650,PubMedBERT,0.0,1.0,sapbert_full_len3,7,7,0,6,False,1,-0.0,-0.0,C1447749,True,7.0,1.0,"{""C1447749"": 7}",-0.0,-0.0,0.0,C1447749,0.0,7.0,-0.48178863525390625,-0.48178863525390625,-0.48178863525390625,0.4099389910697937,0.8917276263237
mm_0054625,BERT-base,0.0,1.0,sapbert_full_len3,5,5,0,4,False,1,-0.0,-0.0,C1257990,True,5.0,1.0,"{""UMLS:C1257990"": 5}",-0.0,-0.0,0.0,UMLS:C1257990,0.0,5.0,-0.6406018733978271,-0.6406018733978271,-0.6406018733978271,0.35939714312553406,0.9999990463256836
mm_0054625,BioBERT,0.0,1.0,sapbert_full_len3,5,5,0,4,False,2,0.7219280948873623,0.3109175070825711,C0026473,False,5.0,2.0,"{""UMLS:C0026473"": 4, ""C1431322"": 1}",0.7219280948873623,0.3109175070825711,0.0,UMLS:C0026473,0.0,5.0,-0.6231707334518433,-0.6092942357063293,-0.6231707334518433,0.39070481061935425,0.9999990463256836
mm_0054625,BioMistral-7B,0.0,0.9999998211860656,sapbert_full_len3,5,5,0,4,False,2,0.7219280948873623,0.3109175070825711,C0032112,False,,,,,,,,,5.0,0.0629727840423582,0.0896971821784972,0.0629727840423582,0.9999999642372132,0.910302758216858
mm_0054625,FLAN-T5-base,0.0,0.9999999403953552,sapbert_full_len3,5,5,0,4,False,1,-0.0,-0.0,C0439662,True,,,,,,,,,5.0,0.0595825314521789,0.0595825314521789,0.0595825314521789,0.9999999403953552,0.9404174089431764
mm_0054625,Llama3-OpenBioLLM-8B,0.0,0.9999998807907104,sapbert_full_len3,5,3,2,4,False,2,0.9182958340544896,0.3954884891037233,C0032112,False,,,,,,,,,3.0,2.980232238769531e-07,0.0333141684532165,2.980232238769531e-07,0.9999996423721312,0.9666854739189148
mm_0054625,Meta-Llama-3-8B-Instruct,1.0,1.0,sapbert_full_len3,5,5,0,4,False,1,-0.0,-0.0,C1609943,True,,,,,,,,,5.0,0.1660834550857544,0.102285361289978,0.0065882205963134,1.0,0.8977146148681641
mm_0054625,Mistral-7B-Instruct-v0.1,0.0,1.0,sapbert_full_len3,5,5,0,4,False,1,-0.0,-0.0,C0152036,True,,,,,,,,,5.0,4.76837158203125e-07,4.76837158203125e-07,4.76837158203125e-07,1.0,0.9999995231628418
mm_0054625,PubMedBERT,0.0,1.0,sapbert_full_len3,5,5,0,4,False,2,0.9709505944546686,0.4181656600790516,C1839576,False,5.0,2.0,"{""C1839576"": 3, ""C1447749"": 2}",0.9709505944546686,0.4181656600790516,0.0,C1839576,0.0,5.0,-0.601959228515625,-0.6113988161087036,-0.625558078289032,0.38860028982162476,0.9999990463256836
mm_0054752,BERT-base,0.0,1.0,sapbert_full_len3,6,6,0,5,False,1,-0.0,-0.0,C1257990,True,6.0,1.0,"{""UMLS:C1257990"": 6}",-0.0,-0.0,0.0,UMLS:C1257990,0.0,6.0,-0.7187968492507935,-0.7187969088554382,-0.7187968492507935,0.28120288252830505,0.9999997615814209
mm_0054752,BioBERT,0.0,1.0,sapbert_full_len3,6,6,0,5,False,1,-0.0,-0.0,C1257990,True,6.0,1.0,"{""UMLS:C1257990"": 6}",-0.0,-0.0,0.0,UMLS:C1257990,0.0,6.0,-0.7187968492507935,-0.7187969088554382,-0.7187968492507935,0.28120288252830505,0.9999997615814209
mm_0054752,BioMistral-7B,0.0,1.0000001192092896,sapbert_full_len3,6,6,0,5,False,1,-0.0,-0.0,C0079419,True,,,,,,,,,6.0,7.152557373046875e-07,7.152557373046875e-07,7.152557373046875e-07,1.0000001192092896,0.999999463558197
mm_0054752,FLAN-T5-base,0.0,1.0000001192092896,sapbert_full_len3,6,6,0,5,False,2,0.9182958340544896,0.355245321275764,C0079419,False,,,,,,,,,6.0,7.152557373046875e-07,0.0305453340212503,4.76837158203125e-07,0.9999999006589254,0.9694545269012452
mm_0054752,Llama3-OpenBioLLM-8B,0.0,0.9999998807907104,sapbert_full_len3,6,6,0,5,False,2,0.9182958340544896,0.355245321275764,C0079419,False,,,,,,,,,6.0,0.09163498878479,0.0305453538894653,5.364418029785156e-07,0.9999999205271404,0.96945458650589
mm_0054752,Meta-Llama-3-8B-Instruct,0.0,1.0000001192092896,sapbert_full_len3,6,6,0,5,False,2,0.6500224216483541,0.2514629985800606,C0004391,False,,,,,,,,,6.0,7.152557373046875e-07,0.0763629078865051,7.152557373046875e-07,1.0000002185503645,0.9236372113227844
mm_0054752,Mistral-7B-Instruct-v0.1,0.0,0.9999998807907104,sapbert_full_len3,6,6,0,5,False,1,-0.0,-0.0,C0004391,True,,,,,,,,,6.0,0.09163498878479,0.09163498878479,0.09163498878479,0.9999998807907104,0.9083648324012756
mm_0054752,PubMedBERT,0.0,1.0,sapbert_full_len3,6,6,0,5,False,2,1.0,0.3868528072345416,C1839576,False,6.0,2.0,"{""C1839576"": 3, ""C1447749"": 3}",1.0,0.3868528072345416,0.0,C1839576,0.0,6.0,-0.5682360529899597,-0.5579307675361633,-0.5682360529899597,0.4420689344406128,0.9999997615814209
mm_0055204,BERT-base,0.0,1.0,sapbert_full_len3,4,4,0,3,False,3,1.5,0.75,C1431519,False,4.0,3.0,"{""C1431519"": 2, ""UMLS:C0358514"": 1, ""C0202533"": 1}",1.5,0.75,0.0,C1431519,1.0,4.0,-0.6109477877616882,-0.6382718682289124,-0.6782717108726501,0.35274478793144226,0.991016685962677
mm_0055204,BioBERT,0.0,1.0,sapbert_full_len3,4,4,0,3,False,1,-0.0,-0.0,C1707887,True,4.0,1.0,"{""UMLS:C1707887"": 4}",-0.0,-0.0,0.0,UMLS:C1707887,0.0,4.0,-0.7040430307388306,-0.7040430307388306,-0.7040430307388306,0.28697365522384644,0.991016685962677
mm_0055204,BioMistral-7B,0.0,1.0,sapbert_full_len3,4,4,0,3,False,1,-0.0,-0.0,C0038179,True,,,,,,,,,4.0,0.0522154569625854,0.0522154569625854,0.0522154569625854,1.0,0.9477845430374146
mm_0055204,FLAN-T5-base,1.0,0.9910364747047424,sapbert_full_len3,4,4,0,3,False,2,1.0,0.5,C0344351,False,,,,,,,,,4.0,0.0377084016799926,0.018854409456253,4.172325134277344e-07,0.9955182373523712,0.9766638278961182
mm_0055204,Llama3-OpenBioLLM-8B,1.0,1.0,sapbert_full_len3,4,4,0,3,False,1,-0.0,-0.0,C0344351,True,,,,,,,,,4.0,0.0497893095016479,0.0497893095016479,0.0497893095016479,1.0,0.950210690498352
mm_0055204,Meta-Llama-3-8B-Instruct,0.0,0.8333597183227539,sapbert_full_len3,4,4,0,3,False,2,0.8112781244591328,0.4056390622295664,C1157783,False,,,,,,,,,4.0,-0.0042818784713745,0.0098424553871154,-0.0042818784713745,0.8750197887420654,0.8651772737503052
mm_0055204,Mistral-7B-Instruct-v0.1,0.0,0.9999997615814208,sapbert_full_len3,4,4,0,3,False,1,-0.0,-0.0,C0038179,True,,,,,,,,,4.0,0.0522152185440062,0.0522152185440062,0.0522152185440062,0.9999997615814208,0.9477845430374146
mm_0055204,PubMedBERT,0.0,1.0,sapbert_full_len3,4,4,0,3,False,2,0.8112781244591328,0.4056390622295664,C1839576,False,4.0,2.0,"{""C1839576"": 3, ""C1447749"": 1}",0.8112781244591328,0.4056390622295664,0.0,C1839576,0.0,4.0,-0.5939157009124756,-0.6041172742843628,-0.6347218751907349,0.386899471282959,0.991016685962677
mm_0055255,BERT-base,0.0,1.0,sapbert_full_len3,5,5,0,4,False,2,0.9709505944546686,0.4181656600790516,C1312419,False,5.0,2.0,"{""C1312419"": 3, ""UMLS:C1257990"": 2}",0.9709505944546686,0.4181656600790516,0.0,C1312419,0.0,5.0,-0.6198368072509766,-0.6457644701004028,-0.6846559047698975,0.3542349636554718,0.9999994039535522
mm_0055255,BioBERT,0.0,1.0,sapbert_full_len3,5,5,0,4,False,1,-0.0,-0.0,C0018081,True,5.0,1.0,"{""C0018081"": 5}",-0.0,-0.0,0.0,C0018081,0.0,5.0,-0.49486392736434937,-0.49486392736434937,-0.49486392736434937,0.5051354765892029,0.9999994039535522
mm_0055255,BioMistral-7B,1.0,1.0,sapbert_full_len3,5,5,0,4,False,2,0.9709505944546686,0.4181656600790516,C0012984,False,,,,,,,,,5.0,0.1338714361190796,0.0803229570388793,2.384185789905402e-07,0.9999999046325684,0.9196768999099731
mm_0055255,FLAN-T5-base,0.0,0.9999998211860656,sapbert_full_len3,5,5,0,4,False,2,0.9709505944546686,0.4181656600790516,C0009450,False,,,,,,,,,5.0,4.172325133167121e-07,6.079673766867799e-07,4.172325133167121e-07,0.9999999403953552,0.9999993443489076
mm_0055255,Llama3-OpenBioLLM-8B,1.0,1.0,sapbert_full_len3,5,5,0,4,False,2,0.7219280948873623,0.3109175070825711,C0012984,False,,,,,,,,,5.0,0.0562679767608642,0.0426053166389465,2.384185789905402e-07,0.999999952316284,0.9573945999145508
mm_0055255,Meta-Llama-3-8B-Instruct,0.0,1.0,sapbert_full_len3,5,5,0,4,False,2,0.9709505944546686,0.4181656600790516,C1265292,False,,,,,,,,,5.0,0.0422853231430053,0.0946708440780639,0.0422853231430053,1.0,0.9053291082382202
mm_0055255,Mistral-7B-Instruct-v0.1,0.0,1.0,sapbert_full_len3,5,5,0,4,False,2,0.9709505944546686,0.4181656600790516,C0343401,False,,,,,,,,,5.0,4.76837158203125e-07,0.0535488128662109,3.5762786865234375e-07,0.999999952316284,0.9464510679244996
mm_0055255,PubMedBERT,0.0,1.0,sapbert_full_len3,5,5,0,4,False,1,-0.0,-0.0,C1839576,True,5.0,1.0,"{""C1839576"": 5}",-0.0,-0.0,0.0,C1839576,0.0,5.0,-0.5955566167831421,-0.5955566167831421,-0.5955566167831421,0.40444278717041016,0.9999994039535522
mm_0055392,BERT-base,0.0,1.0,sapbert_full_len3,7,7,0,6,False,1,-0.0,-0.0,C1447749,True,7.0,1.0,"{""C1447749"": 7}",-0.0,-0.0,0.0,C1447749,0.0,7.0,-0.605980634689331,-0.6059805750846863,-0.605980634689331,0.39401882886886597,0.999999463558197
mm_0055392,BioBERT,0.0,1.0,sapbert_full_len3,7,7,0,6,False,3,1.3787834934861751,0.4911325898456825,C1707887,False,7.0,3.0,"{""C1447749"": 2, ""UMLS:C1257990"": 1, ""UMLS:C1707887"": 4}",1.3787834934861751,0.4911325898456825,0.0,UMLS:C1707887,0.0,7.0,-0.605980634689331,-0.5883668065071106,-0.7164747714996338,0.4116326868534088,0.999999463558197
mm_0055392,BioMistral-7B,0.0,0.9999998807907104,sapbert_full_len3,7,7,0,6,False,2,0.863120568566631,0.3074497498641964,C5392082,False,,,,,,,,,7.0,0.2072280645370483,0.1480202845164707,8.344650268554688e-07,0.9999998978206088,0.8519796133041382
mm_0055392,FLAN-T5-base,0.0,1.0,sapbert_full_len3,7,7,0,6,False,1,-0.0,-0.0,C0003467,True,,,,,,,,,7.0,7.152557373046875e-07,5.619866506442353e-07,5.364418028674933e-07,0.9999998467309136,0.9999991655349731
mm_0055392,Llama3-OpenBioLLM-8B,0.0,0.9999998211860656,sapbert_full_len3,7,7,0,6,False,1,-0.0,-0.0,C0003467,True,,,,,,,,,7.0,5.364418028674933e-07,5.364418028674933e-07,5.364418028674933e-07,0.9999998211860656,0.9999991655349731
mm_0055392,Meta-Llama-3-8B-Instruct,0.0,1.0,sapbert_full_len3,7,7,0,6,False,1,-0.0,-0.0,C0003467,True,,,,,,,,,7.0,7.152557373046875e-07,5.619866506442353e-07,5.364418028674933e-07,0.9999998467309136,0.9999991655349731
mm_0055392,Mistral-7B-Instruct-v0.1,0.0,0.9999998211860656,sapbert_full_len3,7,4,3,6,False,1,-0.0,-0.0,C0003467,True,,,,,,,,,4.0,5.364418028674933e-07,5.364418028674933e-07,5.364418028674933e-07,0.9999998211860656,0.9999992847442628
mm_0055392,PubMedBERT,0.0,1.0,sapbert_full_len3,7,7,0,6,False,1,-0.0,-0.0,C1447749,True,7.0,1.0,"{""C1447749"": 7}",-0.0,-0.0,0.0,C1447749,0.0,7.0,-0.605980634689331,-0.6059805750846863,-0.605980634689331,0.39401882886886597,0.999999463558197
mm_0055918,BERT-base,0.0,1.0,sapbert_full_len3,8,8,0,7,False,1,-0.0,-0.0,C1707887,True,8.0,1.0,"{""UMLS:C1707887"": 8}",-0.0,-0.0,0.0,UMLS:C1707887,0.0,8.0,-0.6071944236755371,-0.6071944236755371,-0.6071944236755371,0.3928051292896271,0.9999995827674866
mm_0055918,BioBERT,0.0,1.0,sapbert_full_len3,8,8,0,7,False,1,-0.0,-0.0,C1707887,True,8.0,1.0,"{""UMLS:C1707887"": 8}",-0.0,-0.0,0.0,UMLS:C1707887,0.0,8.0,-0.6071944236755371,-0.6071944236755371,-0.6071944236755371,0.3928051292896271,0.9999995827674866
mm_0055918,BioMistral-7B,0.0,0.9999997615814208,sapbert_full_len3,8,8,0,7,False,4,1.9056390622295665,0.6352130207431889,C0452415,False,,,,,,,,,8.0,0.0486106872558592,0.0625009611248969,2.980232238769531e-07,1.0,0.9374990463256836
mm_0055918,FLAN-T5-base,0.0,0.9999998807907104,sapbert_full_len3,8,8,0,7,False,2,0.5435644431995964,0.1811881477331988,C0080045,False,,,,,,,,,8.0,0.1002934575080871,0.0877567753195761,3.5762786854132145e-07,0.9999998286366464,0.9122430086135864
mm_0055918,Llama3-OpenBioLLM-8B,0.0,1.0,sapbert_full_len3,8,8,0,7,False,3,1.4056390622295665,0.4685463540765222,C0162698,False,,,,,,,,,8.0,0.1149753332138061,0.1298705339431762,0.0470597147941588,0.9999999701976776,0.8701294660568237
mm_0055918,Meta-Llama-3-8B-Instruct,0.0,0.9999998807907104,sapbert_full_len3,8,8,0,7,False,3,1.4056390622295665,0.4685463540765222,C0392209,False,,,,,,,,,8.0,3.5762786865234375e-07,0.0057975873351097,3.5762786865234375e-07,0.9999999850988388,0.9942023754119872
mm_0055918,Mistral-7B-Instruct-v0.1,0.0,0.9999997615814208,sapbert_full_len3,8,8,0,7,False,3,1.4056390622295665,0.4685463540765222,C0028708,False,,,,,,,,,8.0,0.0470597147941588,0.0953114852309226,0.0470597147941588,0.9999999701976776,0.9046884775161744
mm_0055918,PubMedBERT,0.0,1.0,sapbert_full_len3,8,8,0,7,False,1,-0.0,-0.0,C1707887,True,8.0,1.0,"{""UMLS:C1707887"": 8}",-0.0,-0.0,0.0,UMLS:C1707887,0.0,8.0,-0.6071944236755371,-0.6071944236755371,-0.6071944236755371,0.3928051292896271,0.9999995827674866
mm_0056003,BERT-base,0.0,1.0,sapbert_full_len3,8,8,0,7,False,1,-0.0,-0.0,C1447749,True,8.0,1.0,"{""C1447749"": 8}",-0.0,-0.0,0.0,C1447749,0.0,8.0,-0.5638402700424194,-0.5638402700424194,-0.5638402700424194,0.43615952134132385,0.9999998211860657
mm_0056003,BioBERT,0.0,1.0,sapbert_full_len3,8,8,0,7,False,1,-0.0,-0.0,C1312419,True,8.0,1.0,"{""C1312419"": 8}",-0.0,-0.0,0.0,C1312419,0.0,8.0,-0.6695165634155273,-0.6695165634155273,-0.6695165634155273,0.33048322796821594,0.9999998211860657
mm_0056003,BioMistral-7B,0.0,1.0,sapbert_full_len3,8,8,0,7,False,1,-0.0,-0.0,C0039400,True,,,,,,,,,8.0,2.980232238769531e-07,1.4156103124440822e-07,1.1920928943975897e-07,0.9999998435378076,0.999999701976776
mm_0056003,FLAN-T5-base,0.0,1.0000001192092896,sapbert_full_len3,8,8,0,7,False,3,1.2987949406953985,0.4329316468984661,C3820816,False,,,,,,,,,8.0,0.1043133735656738,0.0883601605892181,0.0126888751983642,1.000000074505806,0.911639928817749
mm_0056003,Llama3-OpenBioLLM-8B,0.0,1.0,sapbert_full_len3,8,8,0,7,False,2,0.8112781244591328,0.2704260414863776,C0039400,False,,,,,,,,,8.0,0.1233090162277221,0.1307467073202133,0.0126888751983642,1.0,0.8692532777786255
mm_0056003,Meta-Llama-3-8B-Instruct,0.0,1.0,sapbert_full_len3,8,8,0,7,False,1,-0.0,-0.0,C0039400,True,,,,,,,,,8.0,0.1599366664886474,0.1680092513561248,0.1599366664886474,1.0,0.8319907188415527
mm_0056003,Mistral-7B-Instruct-v0.1,0.0,1.0,sapbert_full_len3,8,8,0,7,False,1,-0.0,-0.0,C0039400,True,,,,,,,,,8.0,0.1599366664886474,0.1599366664886474,0.1599366664886474,1.0,0.8400633335113525
mm_0056003,PubMedBERT,0.0,1.0,sapbert_full_len3,8,8,0,7,False,2,0.5435644431995964,0.1811881477331988,C1839576,False,8.0,2.0,"{""C1839576"": 7, ""C1447749"": 1}",0.5435644431995964,0.1811881477331988,0.0,C1839576,0.0,8.0,-0.5827121734619141,-0.5803532004356384,-0.5827121734619141,0.41964665055274963,0.9999998211860657
mm_0056292,BERT-base,0.0,1.0,sapbert_full_len3,5,5,0,4,False,2,0.9709505944546686,0.4181656600790516,C1257990,False,5.0,2.0,"{""UMLS:C1257990"": 3, ""C0282440"": 2}",0.9709505944546686,0.4181656600790516,0.0,UMLS:C1257990,0.0,5.0,-0.6871269345283508,-0.6434524059295654,-0.6871269345283508,0.3565467298030853,0.9999991655349731
mm_0056292,BioBERT,0.0,1.0,sapbert_full_len3,5,5,0,4,False,1,-0.0,-0.0,C0376671,True,5.0,1.0,"{""C0376671"": 5}",-0.0,-0.0,0.0,C0376671,0.0,5.0,-0.7746231555938721,-0.7746231555938721,-0.7746231555938721,0.2253759801387787,0.9999991655349731
mm_0056292,BioMistral-7B,0.0,1.0,sapbert_full_len3,5,5,0,4,False,2,0.7219280948873623,0.3109175070825711,C0021107,False,,,,,,,,,5.0,0.2079477310180664,0.0415897846221923,2.980232238769531e-07,1.0,0.9584102630615234
mm_0056292,FLAN-T5-base,0.0,0.9999999403953552,sapbert_full_len3,5,5,0,4,False,2,0.9709505944546686,0.4181656600790516,C0021102,False,,,,,,,,,5.0,5.364418029785156e-07,4.410743713378907e-07,2.980232238769531e-07,0.9999999642372132,0.9999995231628418
mm_0056292,Llama3-OpenBioLLM-8B,0.0,0.9290127754211426,sapbert_full_len3,5,5,0,4,False,2,0.9709505944546686,0.4181656600790516,C0589120,False,,,,,,,,,5.0,-0.0709865093231201,-0.0425918817520142,-0.0709865093231201,0.957407569885254,0.9999994039535522
mm_0056292,Meta-Llama-3-8B-Instruct,0.0,1.0,sapbert_full_len3,5,5,0,4,False,2,0.7219280948873623,0.3109175070825711,C0589120,False,,,,,,,,,5.0,3.5762786865234375e-07,0.1284311294555664,3.5762786865234375e-07,1.0,0.8715688586235046
mm_0056292,Mistral-7B-Instruct-v0.1,0.0,1.0,sapbert_full_len3,5,5,0,4,False,1,-0.0,-0.0,C0589120,True,,,,,,,,,5.0,0.2079477310180664,0.2079477310180664,0.2079477310180664,1.0,0.7920522689819336
mm_0056292,PubMedBERT,0.0,1.0,sapbert_full_len3,5,5,0,4,False,1,-0.0,-0.0,C1839576,True,5.0,1.0,"{""C1839576"": 5}",-0.0,-0.0,0.0,C1839576,0.0,5.0,-0.7169985175132751,-0.7169985175132751,-0.7169985175132751,0.283000648021698,0.9999991655349731
mm_0056538,BERT-base,0.0,1.0,sapbert_full_len3,5,5,0,4,False,1,-0.0,-0.0,C0282597,True,5.0,1.0,"{""C0282597"": 5}",-0.0,-0.0,0.0,C0282597,0.0,5.0,-0.6644848585128784,-0.6644848585128784,-0.6644848585128784,0.3355148136615753,0.9999997019767761
mm_0056538,BioBERT,0.0,1.0,sapbert_full_len3,5,5,0,4,False,2,0.9709505944546686,0.4181656600790516,C1707887,False,5.0,2.0,"{""UMLS:C1707887"": 3, ""UMLS:C1257990"": 2}",0.9709505944546686,0.4181656600790516,0.0,UMLS:C1707887,0.0,5.0,-0.5736610293388367,-0.6229438781738281,-0.6968681812286377,0.377055823802948,0.9999997019767761
mm_0056538,BioMistral-7B,0.0,0.9999998807907104,sapbert_full_len3,5,5,0,4,False,2,0.9709505944546686,0.4181656600790516,C1328814,False,,,,,,,,,5.0,0.1274342536926269,0.0845648288726806,0.0202606916427611,0.9999998331069946,0.9154350161552428
mm_0056538,FLAN-T5-base,0.0,1.0,sapbert_full_len3,5,5,0,4,False,1,-0.0,-0.0,C1328814,True,,,,,,,,,5.0,0.1274343729019165,0.1274343729019165,0.1274343729019165,1.0,0.8725656270980835
mm_0056538,Llama3-OpenBioLLM-8B,0.0,1.0,sapbert_full_len3,5,5,0,4,False,2,0.9709505944546686,0.4181656600790516,C0087111,False,,,,,,,,,5.0,0.0330966114997863,0.0708316683769226,0.0330966114997863,0.999999952316284,0.9291683435440063
mm_0056538,Meta-Llama-3-8B-Instruct,0.0,0.9999998807907104,sapbert_full_len3,5,5,0,4,False,1,-0.0,-0.0,C1328814,True,,,,,,,,,5.0,0.1274342536926269,0.1274342536926269,0.1274342536926269,0.9999998807907104,0.8725656270980835
mm_0056538,Mistral-7B-Instruct-v0.1,0.0,1.0,sapbert_full_len3,5,5,0,4,False,1,-0.0,-0.0,C1328814,True,,,,,,,,,5.0,0.1274343729019165,0.1274342775344848,0.1274342536926269,0.9999999046325684,0.8725656270980835
mm_0056538,PubMedBERT,0.0,1.0,sapbert_full_len3,5,5,0,4,False,1,-0.0,-0.0,C1447749,True,5.0,1.0,"{""C1447749"": 5}",-0.0,-0.0,0.0,C1447749,0.0,5.0,-0.6437109708786011,-0.6437109708786011,-0.6437109708786011,0.35628876090049744,0.9999997019767761
mm_0056765,BERT-base,0.0,1.0,sapbert_full_len3,4,4,0,3,False,2,0.8112781244591328,0.4056390622295664,C1257990,False,4.0,2.0,"{""UMLS:C1257990"": 3, ""C0040048"": 1}",0.8112781244591328,0.4056390622295664,0.0,UMLS:C1257990,0.0,4.0,-0.5247938632965088,-0.4884086847305298,-0.5247938632965088,0.34192997217178345,0.8303386569023132
mm_0056765,BioBERT,0.0,1.0,sapbert_full_len3,4,4,0,3,False,3,1.5,0.75,C0008396,False,4.0,3.0,"{""C0008396"": 2, ""C0050795"": 1, ""UMLS:C1707887"": 1}",1.5,0.75,0.0,C0008396,1.0,4.0,-0.42009809613227844,-0.4747776687145233,-0.6001613140106201,0.3555609881877899,0.8303386569023132
mm_0056765,BioMistral-7B,0.0,0.8306316137313843,sapbert_full_len3,4,4,0,3,False,1,-0.0,-0.0,C1412292,True,,,,,,,,,4.0,0.0452923774719238,0.0452923774719238,0.0452923774719238,0.8306316137313843,0.7853392362594604
mm_0056765,FLAN-T5-base,0.0,0.8305846452713013,sapbert_full_len3,4,4,0,3,False,3,1.5,0.75,C1412292,False,,,,,,,,,4.0,0.0452454090118408,0.0243303924798965,2.980232238769531e-07,0.9153040647506714,0.890973687171936
mm_0056765,Llama3-OpenBioLLM-8B,0.0,0.9999999403953552,sapbert_full_len3,4,4,0,3,False,3,1.5,0.75,C1516893,False,,,,,,,,,4.0,0.1314255595207214,0.0880505293607711,-0.0085063576698304,0.992045447230339,0.903994917869568
mm_0056765,Meta-Llama-3-8B-Instruct,0.0,0.7902160882949829,sapbert_full_len3,4,4,0,3,False,3,1.5,0.75,C3888511,False,,,,,,,,,4.0,0.0775541067123413,0.0109006315469741,-0.0169289708137512,0.8598392903804779,0.8489386439323425
mm_0056765,Mistral-7B-Instruct-v0.1,0.0,0.8305846452713013,sapbert_full_len3,4,4,0,3,False,2,1.0,0.5,C1412292,False,,,,,,,,,4.0,0.0452454090118408,0.0183695256710051,-0.0085063576698304,0.8993833363056183,0.881013810634613
mm_0056765,PubMedBERT,0.0,1.0,sapbert_full_len3,4,4,0,3,False,2,0.8112781244591328,0.4056390622295664,C0018966,False,4.0,2.0,"{""C0015131"": 1, ""C0018966"": 3}",0.8112781244591328,0.4056390622295664,0.0,C0018966,0.0,4.0,-0.5122843980789185,-0.45860981941223145,-0.5122843980789185,0.3717288374900818,0.8303386569023132
mm_0056831,BERT-base,0.0,1.0,sapbert_full_len3,7,7,0,6,False,3,1.5566567074628228,0.5544923070581674,C1257990,False,7.0,3.0,"{""UMLS:C1257990"": 3, ""C1447749"": 2, ""UMLS:C0242193"": 2}",1.5566567074628228,0.5544923070581674,0.0,UMLS:C1257990,1.0,7.0,-0.7624709010124207,-0.7108364105224609,-0.7624709010124207,0.28916314244270325,0.9999995827674866
mm_0056831,BioBERT,0.0,1.0,sapbert_full_len3,7,7,0,6,False,1,-0.0,-0.0,C1447749,True,7.0,1.0,"{""C1447749"": 7}",-0.0,-0.0,0.0,C1447749,0.0,7.0,-0.6743365526199341,-0.6743365526199341,-0.6743365526199341,0.3256630301475525,0.9999995827674866
mm_0056831,BioMistral-7B,1.0,1.0,sapbert_full_len3,7,7,0,6,False,2,0.9852281360342516,0.3509453429964405,C0868995,False,,,,,,,,,7.0,0.133208155632019,0.1162006173815046,4.172325134277344e-07,0.999999931880406,0.8837992548942566
mm_0056831,FLAN-T5-base,1.0,1.0,sapbert_full_len3,7,7,0,6,False,1,-0.0,-0.0,C0017337,True,,,,,,,,,7.0,4.172325134277344e-07,2.639634267672823e-07,2.384185789905402e-07,0.9999998467309136,0.9999995827674866
mm_0056831,Llama3-OpenBioLLM-8B,1.0,1.0,sapbert_full_len3,7,7,0,6,False,1,-0.0,-0.0,C0017337,True,,,,,,,,,7.0,0.2572288513183594,0.0748066902160644,4.172325134277344e-07,1.0,0.9251933097839355
mm_0056831,Meta-Llama-3-8B-Instruct,0.0,0.9999998211860656,sapbert_full_len3,7,7,0,6,False,3,1.5566567074628228,0.5544923070581674,C1328885,False,,,,,,,,,7.0,0.1117793321609496,0.0994054249354771,0.0514053106307983,1.0000000085149492,0.9005945920944214
mm_0056831,Mistral-7B-Instruct-v0.1,0.0,0.9999998807907104,sapbert_full_len3,7,7,0,6,False,2,0.863120568566631,0.3074497498641964,C0868995,False,,,,,,,,,7.0,0.1700488328933715,0.1259653057370867,0.0157564878463745,0.9999998807907104,0.874034583568573
mm_0056831,PubMedBERT,0.0,1.0,sapbert_full_len3,7,7,0,6,False,1,-0.0,-0.0,C1839576,True,7.0,1.0,"{""C1839576"": 7}",-0.0,-0.0,0.0,C1839576,0.0,7.0,-0.6483311057090759,-0.6483311057090759,-0.6483311057090759,0.35166850686073303,0.9999995827674866
mm_0057315,BERT-base,0.0,1.0,sapbert_full_len3,7,7,0,6,False,2,0.863120568566631,0.3074497498641964,C1257990,False,7.0,2.0,"{""UMLS:C1257990"": 5, ""C0030201"": 2}",0.863120568566631,0.3074497498641964,0.0,UMLS:C1257990,0.0,7.0,-0.6926261186599731,-0.6641422510147095,-0.6926261186599731,0.3358573913574219,0.9999996423721313
mm_0057315,BioBERT,0.0,1.0,sapbert_full_len3,7,7,0,6,False,2,0.863120568566631,0.3074497498641964,C1707887,False,7.0,2.0,"{""UMLS:C1707887"": 5, ""C1839576"": 2}",0.863120568566631,0.3074497498641964,0.0,UMLS:C1707887,0.0,7.0,-0.638978898525238,-0.6496690511703491,-0.6763943433761597,0.3503306210041046,0.9999996423721313
mm_0057315,BioMistral-7B,1.0,1.0,sapbert_full_len3,7,7,0,6,False,1,-0.0,-0.0,C0543467,True,,,,,,,,,7.0,0.1241724491119384,0.1095151730946132,0.0728719830513,1.0,0.8904848098754883
mm_0057315,FLAN-T5-base,1.0,1.0,sapbert_full_len3,7,7,0,6,False,1,-0.0,-0.0,C0543467,True,,,,,,,,,7.0,0.198512315750122,0.1666523729051862,0.1241724491119384,1.0,0.833347737789154
mm_0057315,Llama3-OpenBioLLM-8B,1.0,1.0,sapbert_full_len3,7,7,0,6,False,2,0.863120568566631,0.3074497498641964,C0543467,False,,,,,,,,,7.0,0.1946476697921753,0.1321197577885219,0.0268034934997558,0.9999999829701016,0.8678802847862244
mm_0057315,Meta-Llama-3-8B-Instruct,1.0,1.0,sapbert_full_len3,7,7,0,6,False,1,-0.0,-0.0,C0543467,True,,,,,,,,,7.0,0.0728719830513,0.0841906326157706,0.0728719830513,1.0,0.9158093333244324
mm_0057315,Mistral-7B-Instruct-v0.1,0.0,0.9999998211860656,sapbert_full_len3,7,7,0,6,False,2,0.5916727785823275,0.2107580961471984,C0020502,False,,,,,,,,,7.0,0.060004413127899,0.0579281279018946,0.0454704165458678,0.9999998041561672,0.9420716166496276
mm_0057315,PubMedBERT,0.0,1.0,sapbert_full_len3,7,7,0,6,False,1,-0.0,-0.0,C1839576,True,7.0,1.0,"{""C1839576"": 7}",-0.0,-0.0,0.0,C1839576,0.0,7.0,-0.6763943433761597,-0.6763943433761597,-0.6763943433761597,0.3236052989959717,0.9999996423721313
mm_0057579,BERT-base,0.0,1.0,sapbert_full_len3,5,5,0,4,False,1,-0.0,-0.0,C1312419,True,5.0,1.0,"{""C1312419"": 5}",-0.0,-0.0,0.0,C1312419,0.0,5.0,-0.5432956218719482,-0.5432956218719482,-0.5432956218719482,0.38870471715927124,0.9320003390312195
mm_0057579,BioBERT,0.0,1.0,sapbert_full_len3,5,5,0,4,False,2,0.9709505944546686,0.4181656600790516,C1312419,False,5.0,2.0,"{""C1312419"": 3, ""UMLS:C1257990"": 2}",0.9709505944546686,0.4181656600790516,0.0,C1312419,0.0,5.0,-0.5432956218719482,-0.5891607999801636,-0.6579586863517761,0.34283947944641113,0.9320003390312195
mm_0057579,BioMistral-7B,0.0,0.9999998807907104,sapbert_full_len3,5,5,0,4,False,2,0.7219280948873623,0.3109175070825711,C0406810,False,,,,,,,,,5.0,5.960464477539062e-07,6.198883056640625e-07,3.5762786865234375e-07,0.999999976158142,0.9999993443489076
mm_0057579,FLAN-T5-base,0.0,0.9999997615814208,sapbert_full_len3,5,5,0,4,False,1,-0.0,-0.0,C4039583,True,,,,,,,,,5.0,0.0914798378944395,0.0914798378944395,0.0914798378944395,0.9999997615814208,0.9085199236869812
mm_0057579,Llama3-OpenBioLLM-8B,0.0,0.9757548570632936,sapbert_full_len3,5,5,0,4,False,1,-0.0,-0.0,C4039583,True,,,,,,,,,5.0,0.1284964084625245,0.1284738063812256,0.128468155860901,0.9757322549819948,0.847258448600769
mm_0057579,Meta-Llama-3-8B-Instruct,0.0,0.9762490391731262,sapbert_full_len3,5,5,0,4,False,2,0.7219280948873623,0.3109175070825711,C4527316,False,,,,,,,,,5.0,-0.0135794878005981,-0.0144536137580871,-0.016420066356659,0.9657307744026185,0.9801843762397766
mm_0057579,Mistral-7B-Instruct-v0.1,0.0,0.9635483026504515,sapbert_full_len3,5,5,0,4,False,2,0.7219280948873623,0.3109175070825711,C4527316,False,,,,,,,,,5.0,0.0389229059219359,0.0204717993736266,-0.0164270401000977,0.9649579524993896,0.944486141204834
mm_0057579,PubMedBERT,0.0,1.0,sapbert_full_len3,5,5,0,4,False,1,-0.0,-0.0,C1447749,True,5.0,1.0,"{""C1447749"": 5}",-0.0,-0.0,0.0,C1447749,0.0,5.0,-0.5398824214935303,-0.5398824214935303,-0.5398824214935303,0.3921179175376892,0.9320003390312195
mm_0057675,BERT-base,0.0,1.0,sapbert_full_len3,6,6,0,5,False,2,0.9182958340544896,0.355245321275764,C1257990,False,6.0,2.0,"{""C1447749"": 2, ""UMLS:C1257990"": 4}",0.9182958340544896,0.355245321275764,0.0,UMLS:C1257990,0.0,6.0,-0.41980084776878357,-0.4653595983982086,-0.48813900351524353,0.334398478269577,0.7997581362724304
mm_0057675,BioBERT,0.0,1.0,sapbert_full_len3,6,6,0,5,False,2,0.6500224216483541,0.2514629985800606,C1868801,False,6.0,2.0,"{""C1868801"": 5, ""C0027609"": 1}",0.6500224216483541,0.2514629985800606,0.0,C1868801,0.0,6.0,-0.3853555917739868,-0.39508506655693054,-0.44373229146003723,0.4046730101108551,0.7997581362724304
mm_0057675,BioMistral-7B,0.0,0.9999998211860656,sapbert_full_len3,6,6,0,5,False,1,-0.0,-0.0,C0007818,True,,,,,,,,,6.0,1.0132789610706183e-06,1.0132789610706183e-06,1.0132789610706183e-06,0.9999998211860656,0.9999988675117492
mm_0057675,FLAN-T5-base,0.0,1.0,sapbert_full_len3,6,6,0,5,False,4,1.9182958340544896,0.7420981285103057,C0007818,False,,,,,,,,,6.0,1.1920928955078125e-06,0.0107826093832651,4.172325134277344e-07,0.9592741628487904,0.9484915733337402
mm_0057675,Llama3-OpenBioLLM-8B,0.0,0.8930320739746094,sapbert_full_len3,6,6,0,5,False,3,1.4591479170272448,0.5644754678724236,C0007818,False,,,,,,,,,6.0,0.0312893986701965,0.0129669408003488,1.0132789610706183e-06,0.9278588195641836,0.9148918986320496
mm_0057675,Meta-Llama-3-8B-Instruct,0.0,0.9999998211860656,sapbert_full_len3,6,6,0,5,False,1,-0.0,-0.0,C0007818,True,,,,,,,,,6.0,1.0132789610706183e-06,1.0132789610706183e-06,1.0132789610706183e-06,0.9999998211860656,0.9999988675117492
mm_0057675,Mistral-7B-Instruct-v0.1,0.0,1.0,sapbert_full_len3,6,6,0,5,False,2,0.6500224216483541,0.2514629985800606,C0007818,False,,,,,,,,,6.0,1.1920928955078125e-06,0.0082258582115172,1.0132789610706183e-06,0.9955832560857136,0.9873574376106262
mm_0057675,PubMedBERT,0.0,1.0,sapbert_full_len3,6,6,0,5,False,2,0.6500224216483541,0.2514629985800606,C1839576,False,6.0,2.0,"{""C1839576"": 5, ""C1447749"": 1}",0.6500224216483541,0.2514629985800606,0.0,C1839576,0.0,6.0,-0.39737120270729065,-0.4011094570159912,-0.41980084776878357,0.39864858984947205,0.7997581362724304
mm_0057822,BERT-base,0.0,1.0,sapbert_full_len3,6,6,0,5,False,1,-0.0,-0.0,C1257990,True,6.0,1.0,"{""UMLS:C1257990"": 6}",-0.0,-0.0,0.0,UMLS:C1257990,0.0,6.0,-0.4389960765838623,-0.4389960765838623,-0.4389960765838623,0.36594581604003906,0.8049418926239014
mm_0057822,BioBERT,0.0,1.0,sapbert_full_len3,6,6,0,5,False,2,0.9182958340544896,0.355245321275764,C1312419,False,6.0,2.0,"{""UMLS:C1257990"": 2, ""C1312419"": 4}",0.9182958340544896,0.355245321275764,0.0,C1312419,0.0,6.0,-0.4389960765838623,-0.4687561094760895,-0.48363614082336426,0.3361857831478119,0.8049418926239014
mm_0057822,BioMistral-7B,0.0,0.9999998807907104,sapbert_full_len3,6,6,0,5,False,1,-0.0,-0.0,C1533574,True,,,,,,,,,6.0,2.980232238769531e-07,2.980232238769531e-07,2.980232238769531e-07,0.9999998807907104,0.9999995827674866
mm_0057822,FLAN-T5-base,0.0,0.8827425241470337,sapbert_full_len3,6,6,0,5,False,2,0.9182958340544896,0.355245321275764,C1533574,False,,,,,,,,,6.0,2.396106719970703e-05,8.265177408854166e-06,4.172325134277344e-07,0.960914174715678,0.9609058499336244
mm_0057822,Llama3-OpenBioLLM-8B,0.0,0.9900383353233336,sapbert_full_len3,6,6,0,5,False,2,0.9182958340544896,0.355245321275764,C0037083,False,,,,,,,,,6.0,0.0167331099510191,0.0077351133028666,-1.4781951904185853e-05,0.9201018214225768,0.9123666882514954
mm_0057822,Meta-Llama-3-8B-Instruct,0.0,0.999999701976776,sapbert_full_len3,6,6,0,5,False,2,0.9182958340544896,0.355245321275764,C2753658,False,,,,,,,,,6.0,0.082572042942047,0.0820934772491454,0.0811363458633421,0.9999997417132058,0.9179062843322754
mm_0057822,Mistral-7B-Instruct-v0.1,0.0,0.8827425241470337,sapbert_full_len3,6,6,0,5,False,2,0.9182958340544896,0.355245321275764,C0225828,False,,,,,,,,,6.0,2.396106719970703e-05,9.357929229736328e-06,-2.1338462829589844e-05,0.9218295613924662,0.9218202233314514
mm_0057822,PubMedBERT,0.0,1.0,sapbert_full_len3,6,6,0,5,False,2,0.9182958340544896,0.355245321275764,C1423931,False,6.0,2.0,"{""UMLS:C1423931"": 4, ""C1447749"": 2}",0.9182958340544896,0.355245321275764,0.0,UMLS:C1423931,0.0,6.0,-0.40820035338401794,-0.4266860783100128,-0.46365752816200256,0.37825581431388855,0.8049418926239014
mm_0057864,BERT-base,0.0,1.0,sapbert_full_len3,7,7,0,6,False,1,-0.0,-0.0,C1447749,True,7.0,1.0,"{""C1447749"": 7}",-0.0,-0.0,0.0,C1447749,0.0,7.0,-0.6230208873748779,-0.6230208277702332,-0.6230208873748779,0.37697869539260864,0.9999995827674866
mm_0057864,BioBERT,0.0,1.0,sapbert_full_len3,7,7,0,6,False,2,0.863120568566631,0.3074497498641964,C0027609,False,7.0,2.0,"{""C0265267"": 2, ""C0027609"": 5}",0.863120568566631,0.3074497498641964,0.0,C0027609,0.0,7.0,-0.6874687671661377,-0.7123883962631226,-0.7223562002182007,0.2876112461090088,0.9999995827674866
mm_0057864,BioMistral-7B,1.0,1.0,sapbert_full_len3,7,7,0,6,False,1,-0.0,-0.0,C0184511,True,,,,,,,,,7.0,0.1097381711006164,0.1097381711006164,0.1097381711006164,1.0,0.8902617692947388
mm_0057864,FLAN-T5-base,1.0,1.0,sapbert_full_len3,7,7,0,6,False,1,-0.0,-0.0,C0184511,True,,,,,,,,,7.0,0.1097381711006164,0.1097381711006164,0.1097381711006164,1.0,0.8902617692947388
mm_0057864,Llama3-OpenBioLLM-8B,0.0,1.0,sapbert_full_len3,7,7,0,6,False,4,1.8423709931771084,0.6562657890890309,C0242618,False,,,,,,,,,7.0,0.0798091292381286,0.0764191491263252,0.0080960392951964,0.999999829701015,0.9235806465148926
mm_0057864,Meta-Llama-3-8B-Instruct,1.0,1.0,sapbert_full_len3,7,7,0,6,False,3,1.5566567074628228,0.5544923070581674,C0184511,False,,,,,,,,,7.0,0.1097381711006164,0.0684101155826023,5.364418029785156e-07,0.9999999829701016,0.931589901447296
mm_0057864,Mistral-7B-Instruct-v0.1,0.0,1.0,sapbert_full_len3,7,7,0,6,False,1,-0.0,-0.0,C0037315,True,,,,,,,,,7.0,5.364418029785156e-07,5.364418029785156e-07,5.364418029785156e-07,1.0,0.999999463558197
mm_0057864,PubMedBERT,0.0,1.0,sapbert_full_len3,7,7,0,6,False,1,-0.0,-0.0,C1839576,True,7.0,1.0,"{""C1839576"": 7}",-0.0,-0.0,0.0,C1839576,0.0,7.0,-0.6262236833572388,-0.6262236833572388,-0.6262236833572388,0.3737758994102478,0.9999995827674866
mm_0058271,BERT-base,0.0,1.0,sapbert_full_len3,7,7,0,6,False,1,-0.0,-0.0,C0242193,True,7.0,1.0,"{""UMLS:C0242193"": 7}",-0.0,-0.0,0.0,UMLS:C0242193,0.0,7.0,-0.5630847215652466,-0.5630847215652466,-0.5630847215652466,0.4369150698184967,0.9999997019767761
mm_0058271,BioBERT,0.0,1.0,sapbert_full_len3,7,7,0,6,False,2,0.9852281360342516,0.3509453429964405,C1447749,False,7.0,2.0,"{""C1839576"": 3, ""C1447749"": 4}",0.9852281360342516,0.3509453429964405,0.0,C1447749,0.0,7.0,-0.6239884495735168,-0.6544623970985413,-0.6773178577423096,0.34553736448287964,0.9999997019767761
mm_0058271,BioMistral-7B,1.0,1.0,sapbert_full_len3,7,7,0,6,False,2,0.863120568566631,0.3074497498641964,C0599755,False,,,,,,,,,7.0,0.1119481325149536,0.079963105065482,7.748603820800781e-07,0.999999965940203,0.9200369119644164
mm_0058271,FLAN-T5-base,0.0,1.0,sapbert_full_len3,7,7,0,6,False,2,0.9852281360342516,0.3509453429964405,C0032961,False,,,,,,,,,7.0,2.384185791015625e-07,2.384185790539815e-07,2.384185789905402e-07,0.9999999233654568,0.999999701976776
mm_0058271,Llama3-OpenBioLLM-8B,1.0,0.7530407309532166,sapbert_full_len3,7,7,0,6,False,3,1.5566567074628228,0.5544923070581674,C0599755,False,,,,,,,,,7.0,-0.213124930858612,-0.0473164064543587,-0.213124930858612,0.9287894027573722,0.9761058688163756
mm_0058271,Meta-Llama-3-8B-Instruct,0.0,1.0,sapbert_full_len3,7,7,0,6,False,3,1.3787834934861751,0.4911325898456825,C0032961,False,,,,,,,,,7.0,6.556510925292969e-07,0.0024339812142508,-0.213208794593811,0.9647081579480852,0.9622741937637328
mm_0058271,Mistral-7B-Instruct-v0.1,0.0,0.9999998807907104,sapbert_full_len3,7,7,0,6,False,2,0.9852281360342516,0.3509453429964405,C2985505,False,,,,,,,,,7.0,0.1151217818260192,0.0657841052327837,2.980232238769531e-07,0.9999999233654568,0.9342159032821656
mm_0058271,PubMedBERT,0.0,1.0,sapbert_full_len3,7,7,0,6,False,1,-0.0,-0.0,C1839576,True,7.0,1.0,"{""C1839576"": 7}",-0.0,-0.0,0.0,C1839576,0.0,7.0,-0.6239884495735168,-0.6239884495735168,-0.6239884495735168,0.37601131200790405,0.9999997019767761
mm_0058376,BERT-base,0.0,1.0,sapbert_full_len3,7,7,0,6,False,1,-0.0,-0.0,C1257990,True,7.0,1.0,"{""UMLS:C1257990"": 7}",-0.0,-0.0,0.0,UMLS:C1257990,0.0,7.0,-0.77118980884552,-0.77118980884552,-0.77118980884552,0.22880983352661133,0.9999996423721313
mm_0058376,BioBERT,0.0,1.0,sapbert_full_len3,7,7,0,6,False,1,-0.0,-0.0,C1312419,True,7.0,1.0,"{""C1312419"": 7}",-0.0,-0.0,0.0,C1312419,0.0,7.0,-0.6886695623397827,-0.6886695623397827,-0.6886695623397827,0.311330109834671,0.9999996423721313
mm_0058376,BioMistral-7B,0.0,0.9999998211860656,sapbert_full_len3,7,7,0,6,False,1,-0.0,-0.0,C1420266,True,,,,,,,,,7.0,5.364418028674933e-07,5.364418028674933e-07,5.364418028674933e-07,0.9999998211860656,0.9999991655349731
mm_0058376,FLAN-T5-base,0.0,0.9999998807907104,sapbert_full_len3,7,7,0,6,False,3,1.5566567074628228,0.5544923070581674,C0021083,False,,,,,,,,,7.0,4.76837158203125e-07,0.0196342638560703,4.76837158203125e-07,1.0000000170298986,0.980365753173828
mm_0058376,Llama3-OpenBioLLM-8B,0.0,0.9999998211860656,sapbert_full_len3,7,7,0,6,False,1,-0.0,-0.0,C0039194,True,,,,,,,,,7.0,0.0097784399986265,0.0097784399986265,0.0097784399986265,0.9999998211860656,0.9902214407920836
mm_0058376,Meta-Llama-3-8B-Instruct,0.0,0.9951834678649902,sapbert_full_len3,7,7,0,6,False,2,0.863120568566631,0.3074497498641964,C0242629,False,,,,,,,,,7.0,0.0526525378227233,0.0326104760169982,5.960464477539062e-07,0.9932022094726562,0.9605917930603028
mm_0058376,Mistral-7B-Instruct-v0.1,1.0,1.0,sapbert_full_len3,7,7,0,6,False,2,0.5916727785823275,0.2107580961471984,C1514474,False,,,,,,,,,7.0,0.2490266561508178,0.2137287173952375,4.768371580921027e-07,0.999999965940203,0.7862711548805237
mm_0058376,PubMedBERT,0.0,1.0,sapbert_full_len3,7,7,0,6,False,1,-0.0,-0.0,C1839576,True,7.0,1.0,"{""C1839576"": 7}",-0.0,-0.0,0.0,C1839576,0.0,7.0,-0.6399059891700745,-0.6399059891700745,-0.6399059891700745,0.3600936532020569,0.9999996423721313
mm_0059412,BERT-base,0.0,1.0,sapbert_full_len3,7,7,0,6,False,2,0.9852281360342516,0.3509453429964405,C0386482,False,7.0,2.0,"{""C4505290"": 3, ""C0386482"": 4}",0.9852281360342516,0.3509453429964405,0.0,C0386482,0.0,7.0,-0.2380431890487671,-0.4688177704811096,-0.6418987512588501,0.4658646583557129,0.9346824884414673
mm_0059412,BioBERT,0.0,1.0,sapbert_full_len3,7,7,0,6,False,2,0.863120568566631,0.3074497498641964,C1370369,False,7.0,2.0,"{""C1370369"": 5, ""C4505290"": 2}",0.863120568566631,0.3074497498641964,0.0,C1370369,0.0,7.0,-0.5626564025878906,-0.46990975737571716,-0.5626564025878906,0.46477270126342773,0.9346824884414673
mm_0059412,BioMistral-7B,0.0,0.9999997615814208,sapbert_full_len3,7,7,0,6,False,2,0.863120568566631,0.3074497498641964,C1415323,False,,,,,,,,,7.0,3.5762786854132145e-07,0.0150352035249982,3.5762786854132145e-07,1.0,0.9849647879600524
mm_0059412,FLAN-T5-base,0.0,1.0,sapbert_full_len3,7,7,0,6,False,2,0.9852281360342516,0.3509453429964405,C1415323,False,,,,,,,,,7.0,4.76837158203125e-07,-0.004158650125776,-0.0145565867424011,0.917871219771249,0.9220299124717712
mm_0059412,Llama3-OpenBioLLM-8B,0.0,0.8321312069892883,sapbert_full_len3,7,7,0,6,False,4,1.664497779200461,0.592906071876546,C1415323,False,,,,,,,,,7.0,0.0165889263153076,0.0174112149647303,5.960464477539062e-07,0.9512885894094196,0.933877408504486
mm_0059412,Meta-Llama-3-8B-Instruct,0.0,0.9999997615814208,sapbert_full_len3,7,7,0,6,False,1,-0.0,-0.0,C1415323,True,,,,,,,,,7.0,3.5762786854132145e-07,5.61986650723537e-07,3.5762786854132145e-07,0.999999965940203,0.999999463558197
mm_0059412,Mistral-7B-Instruct-v0.1,0.0,0.9999998211860656,sapbert_full_len3,7,7,0,6,False,2,0.863120568566631,0.3074497498641964,C0001271,False,,,,,,,,,7.0,0.0512294769287108,0.0365925856998987,3.5762786854132145e-07,0.9999998041561672,0.963407337665558
mm_0059412,PubMedBERT,0.0,1.0,sapbert_full_len3,7,7,0,6,False,1,-0.0,-0.0,C0018966,True,7.0,1.0,"{""C0018966"": 7}",-0.0,-0.0,0.0,C0018966,0.0,7.0,-0.5459480285644531,-0.5459480285644531,-0.5459480285644531,0.38873448967933655,0.9346824884414673
mm_0060247,BERT-base,0.0,1.0,sapbert_full_len3,6,6,0,5,False,1,-0.0,-0.0,C1447749,True,6.0,1.0,"{""C1447749"": 6}",-0.0,-0.0,0.0,C1447749,0.0,6.0,-0.505833625793457,-0.505833625793457,-0.505833625793457,0.3983687460422516,0.904202401638031
mm_0060247,BioBERT,0.0,1.0,sapbert_full_len3,6,6,0,5,False,1,-0.0,-0.0,C1839576,True,6.0,1.0,"{""C1839576"": 6}",-0.0,-0.0,0.0,C1839576,0.0,6.0,-0.5817278623580933,-0.5817278623580933,-0.5817278623580933,0.32247453927993774,0.904202401638031
mm_0060247,BioMistral-7B,0.0,0.7959376573562622,sapbert_full_len3,6,6,0,5,False,1,-0.0,-0.0,C4034558,True,,,,,,,,,6.0,0.0504069924354553,0.0504078368345896,0.0504069924354553,0.7959385017553965,0.7455306649208069
mm_0060247,FLAN-T5-base,0.0,0.7959386706352234,sapbert_full_len3,6,6,0,5,False,1,-0.0,-0.0,C4034558,True,,,,,,,,,6.0,0.0504080057144165,0.0504080057144165,0.0504080057144165,0.7959386706352234,0.7455306649208069
mm_0060247,Llama3-OpenBioLLM-8B,0.0,0.7959376573562622,sapbert_full_len3,6,6,0,5,False,1,-0.0,-0.0,C4034558,True,,,,,,,,,6.0,0.0504069924354553,0.0504078368345896,0.0504069924354553,0.7959385017553965,0.7455306649208069
mm_0060247,Meta-Llama-3-8B-Instruct,0.0,0.7959376573562622,sapbert_full_len3,6,6,0,5,False,1,-0.0,-0.0,C4034558,True,,,,,,,,,6.0,0.0504069924354553,0.0504078368345896,0.0504069924354553,0.7959385017553965,0.7455306649208069
mm_0060247,Mistral-7B-Instruct-v0.1,0.0,0.7959376573562622,sapbert_full_len3,6,6,0,5,False,1,-0.0,-0.0,C4034558,True,,,,,,,,,6.0,0.0504069924354553,0.0504069924354553,0.0504069924354553,0.7959376573562622,0.7455306649208069
mm_0060247,PubMedBERT,0.0,1.0,sapbert_full_len3,6,6,0,5,False,1,-0.0,-0.0,C1839576,True,6.0,1.0,"{""C1839576"": 6}",-0.0,-0.0,0.0,C1839576,0.0,6.0,-0.5817278623580933,-0.5817278623580933,-0.5817278623580933,0.32247453927993774,0.904202401638031
mm_0061241,BERT-base,0.0,1.0,sapbert_full_len3,4,4,0,3,False,2,1.0,0.5,C0524869,False,4.0,2.0,"{""C0524869"": 2, ""C1512167"": 2}",1.0,0.5,0.0,C0524869,1.0,4.0,-0.41273006796836853,-0.35357415676116943,-0.41273006796836853,0.4200880527496338,0.7736622095108032
mm_0061241,BioBERT,0.0,1.0,sapbert_full_len3,4,4,0,3,False,1,-0.0,-0.0,C1257738,True,4.0,1.0,"{""C1257738"": 4}",-0.0,-0.0,0.0,C1257738,0.0,4.0,-0.003563821315765381,-0.003563821315765381,-0.003563821315765381,0.7700983881950378,0.7736622095108032
mm_0061241,BioMistral-7B,0.0,0.9999998807907104,sapbert_full_len3,4,4,0,3,False,1,-0.0,-0.0,C0015350,True,,,,,,,,,4.0,5.960464477539062e-07,5.960464477539062e-07,5.960464477539062e-07,0.9999998807907104,0.9999992847442628
mm_0061241,FLAN-T5-base,0.0,1.0000001192092896,sapbert_full_len3,4,4,0,3,False,2,1.0,0.5,C0016832,False,,,,,,,,,4.0,5.364418029785156e-07,5.662441253662109e-07,5.364418029785156e-07,1.0,0.999999463558197
mm_0061241,Llama3-OpenBioLLM-8B,0.0,0.6707795858383179,sapbert_full_len3,4,2,2,3,False,1,-0.0,-0.0,C1275421,True,,,,,,,,,2.0,,-0.0001656413078308,-0.0001656413078308,0.7144217491149902,0.714587390422821
mm_0061241,Meta-Llama-3-8B-Instruct,0.0,0.6707795858383179,sapbert_full_len3,4,2,2,3,False,1,-0.0,-0.0,C0015350,True,,,,,,,,,2.0,,5.960464477539062e-07,5.960464477539062e-07,0.9999998807907104,0.9999992847442628
mm_0061241,Mistral-7B-Instruct-v0.1,0.0,0.7482686042785645,sapbert_full_len3,4,4,0,3,False,1,-0.0,-0.0,C4690200,True,,,,,,,,,4.0,0.007276177406311,0.007276177406311,0.007276177406311,0.7482686042785645,0.7409924268722534
mm_0061241,PubMedBERT,0.0,1.0,sapbert_full_len3,4,4,0,3,False,1,-0.0,-0.0,C1447749,True,4.0,1.0,"{""C1447749"": 4}",-0.0,-0.0,0.0,C1447749,0.0,4.0,-0.3989274799823761,-0.3989274799823761,-0.3989274799823761,0.3747347295284271,0.7736622095108032
mm_0061747,BERT-base,0.0,1.0,sapbert_full_len3,8,8,0,7,False,1,-0.0,-0.0,C1257990,True,8.0,1.0,"{""UMLS:C1257990"": 8}",-0.0,-0.0,0.0,UMLS:C1257990,0.0,8.0,-0.6843411922454834,-0.6843411922454834,-0.6843411922454834,0.315658301115036,0.9999995231628418
mm_0061747,BioBERT,0.0,1.0,sapbert_full_len3,8,8,0,7,False,2,0.5435644431995964,0.1811881477331988,C1257990,False,8.0,2.0,"{""UMLS:C1257990"": 7, ""C1312419"": 1}",0.5435644431995964,0.1811881477331988,0.0,UMLS:C1257990,0.0,8.0,-0.6843411922454834,-0.6556035876274109,-0.6843411922454834,0.3443959057331085,0.9999995231628418
mm_0061747,BioMistral-7B,0.0,1.0,sapbert_full_len3,8,8,0,7,False,1,-0.0,-0.0,C0242957,True,,,,,,,,,8.0,0.0386024713516235,0.0386024713516235,0.0386024713516235,1.0,0.9613975286483764
mm_0061747,FLAN-T5-base,0.0,1.0,sapbert_full_len3,8,8,0,7,False,2,1.0,0.3333333333333333,C0242957,False,,,,,,,,,8.0,0.1983484029769897,0.1062777712941169,0.0386024713516235,0.9999999031424522,0.8937221765518188
mm_0061747,Llama3-OpenBioLLM-8B,0.0,1.0,sapbert_full_len3,8,8,0,7,False,1,-0.0,-0.0,C0242957,True,,,,,,,,,8.0,0.1983484029769897,0.1384436786174774,0.0386024713516235,1.0,0.8615562915802002
mm_0061747,Meta-Llama-3-8B-Instruct,0.0,1.0,sapbert_full_len3,8,8,0,7,False,4,1.5487949406953985,0.5162649802317995,C0242957,False,,,,,,,,,8.0,0.0386024713516235,0.044743999838829,8.940696716308594e-07,1.0000000149011612,0.9552559852600098
mm_0061747,Mistral-7B-Instruct-v0.1,0.0,1.0,sapbert_full_len3,8,8,0,7,False,2,0.5435644431995964,0.1811881477331988,C0242957,False,,,,,,,,,8.0,0.0386024713516235,0.0337772071361541,3.5762786865234375e-07,1.0,0.9662227630615234
mm_0061747,PubMedBERT,0.0,1.0,sapbert_full_len3,8,8,0,7,False,2,0.954434002924965,0.318144667641655,C1839576,False,8.0,2.0,"{""C1839576"": 5, ""UMLS:C1257990"": 3}",0.954434002924965,0.318144667641655,0.0,C1839576,0.0,8.0,-0.6075006723403931,-0.6363158822059631,-0.6843411922454834,0.36368367075920105,0.9999995231628418
mm_0061750,BERT-base,0.0,1.0,sapbert_full_len3,7,7,0,6,False,1,-0.0,-0.0,C1447749,True,7.0,1.0,"{""C1447749"": 7}",-0.0,-0.0,0.0,C1447749,0.0,7.0,-0.6425556540489197,-0.6425556540489197,-0.6425556540489197,0.35744398832321167,0.9999996423721313
mm_0061750,BioBERT,0.0,1.0,sapbert_full_len3,7,7,0,6,False,1,-0.0,-0.0,C1257990,True,7.0,1.0,"{""UMLS:C1257990"": 7}",-0.0,-0.0,0.0,UMLS:C1257990,0.0,7.0,-0.7231000661849976,-0.7231000661849976,-0.7231000661849976,0.2768995761871338,0.9999996423721313
mm_0061750,BioMistral-7B,0.0,0.9999999403953552,sapbert_full_len3,7,7,0,6,False,2,0.9852281360342516,0.3509453429964405,C0028754,False,,,,,,,,,7.0,5.960464477539062e-07,7.493155343191964e-07,5.960464477539062e-07,0.999999965940203,0.999999225139618
mm_0061750,FLAN-T5-base,0.0,0.9999999403953552,sapbert_full_len3,7,7,0,6,False,2,0.9852281360342516,0.3509453429964405,C0030956,False,,,,,,,,,7.0,3.5762786865234375e-07,0.0568995986665998,3.5762786865234375e-07,0.9999999744551522,0.9431003928184508
mm_0061750,Llama3-OpenBioLLM-8B,0.0,0.9999998211860656,sapbert_full_len3,7,7,0,6,False,2,0.863120568566631,0.3074497498641964,C0021655,False,,,,,,,,,7.0,0.0147254467010496,0.01816417489733,0.0147254467010496,0.9999998382159642,0.981835663318634
mm_0061750,Meta-Llama-3-8B-Instruct,0.0,1.0,sapbert_full_len3,7,7,0,6,False,2,0.5916727785823275,0.2107580961471984,C0021655,False,,,,,,,,,7.0,0.0147256255149841,0.0329096146992273,0.0147254467010496,0.9999998722757611,0.9670902490615844
mm_0061750,Mistral-7B-Instruct-v0.1,1.0,1.0,sapbert_full_len3,7,7,0,6,False,3,1.5566567074628228,0.5544923070581674,C0030956,False,,,,,,,,,7.0,0.1012916564941406,0.0912611143929617,5.960464477539062e-07,0.9999999829701016,0.908738911151886
mm_0061750,PubMedBERT,0.0,1.0,sapbert_full_len3,7,7,0,6,False,1,-0.0,-0.0,C1447749,True,7.0,1.0,"{""C1447749"": 7}",-0.0,-0.0,0.0,C1447749,0.0,7.0,-0.6425556540489197,-0.6425556540489197,-0.6425556540489197,0.35744398832321167,0.9999996423721313
mm_0062167,BERT-base,0.0,1.0,sapbert_full_len3,7,7,0,6,False,1,-0.0,-0.0,C1447749,True,7.0,1.0,"{""C1447749"": 7}",-0.0,-0.0,0.0,C1447749,0.0,7.0,-0.5998173952102661,-0.5998173952102661,-0.5998173952102661,0.4001820981502533,0.9999995231628418
mm_0062167,BioBERT,0.0,1.0,sapbert_full_len3,7,7,0,6,False,2,0.863120568566631,0.3074497498641964,C1447749,False,7.0,2.0,"{""C1447749"": 5, ""UMLS:C1707887"": 2}",0.863120568566631,0.3074497498641964,0.0,C1447749,0.0,7.0,-0.5998173952102661,-0.5446819067001343,-0.5998173952102661,0.45531758666038513,0.9999995231628418
mm_0062167,BioMistral-7B,0.0,0.9999998211860656,sapbert_full_len3,7,7,0,6,False,2,0.863120568566631,0.3074497498641964,C5883510,False,,,,,,,,,7.0,0.0208807587623595,0.0301015291895184,0.0208807587623595,0.9999998552458624,0.9698983430862428
mm_0062167,FLAN-T5-base,0.0,1.0,sapbert_full_len3,7,7,0,6,False,3,1.5566567074628228,0.5544923070581674,C0008972,False,,,,,,,,,7.0,0.0084101557731628,0.0148091997419084,0.0084100365638732,0.999999931880406,0.9851906895637512
mm_0062167,Llama3-OpenBioLLM-8B,0.0,0.9999998211860656,sapbert_full_len3,7,7,0,6,False,2,0.863120568566631,0.3074497498641964,C5883510,False,,,,,,,,,7.0,0.0208807587623595,0.0181053110531397,0.0111666917800903,0.999999872275761,0.9818946123123168
mm_0062167,Meta-Llama-3-8B-Instruct,0.0,1.0,sapbert_full_len3,7,7,0,6,False,2,0.863120568566631,0.3074497498641964,C5883510,False,,,,,,,,,7.0,0.0208809375762939,0.0179118258612495,0.0104894042015075,0.9999998978206088,0.9820880889892578
mm_0062167,Mistral-7B-Instruct-v0.1,0.0,0.9999998211860656,sapbert_full_len3,7,7,0,6,False,2,0.9852281360342516,0.3509453429964405,C0008972,False,,,,,,,,,7.0,0.020941913127899,0.0537056326866149,0.0111666917800903,0.9999999233654568,0.9462943077087402
mm_0062167,PubMedBERT,0.0,1.0,sapbert_full_len3,7,7,0,6,False,1,-0.0,-0.0,C1839576,True,7.0,1.0,"{""C1839576"": 7}",-0.0,-0.0,0.0,C1839576,0.0,7.0,-0.6493866443634033,-0.6493867039680481,-0.6493866443634033,0.35061290860176086,0.9999995231628418
mm_0062391,BERT-base,0.0,1.0,sapbert_full_len3,7,7,0,6,False,1,-0.0,-0.0,C1431519,True,7.0,1.0,"{""C1431519"": 7}",-0.0,-0.0,0.0,C1431519,0.0,7.0,-0.6397457122802734,-0.6397457122802734,-0.6397457122802734,0.3602539002895355,0.9999996423721313
mm_0062391,BioBERT,0.0,1.0,sapbert_full_len3,7,7,0,6,False,1,-0.0,-0.0,C1312419,True,7.0,1.0,"{""C1312419"": 7}",-0.0,-0.0,0.0,C1312419,0.0,7.0,-0.5860605239868164,-0.5860605239868164,-0.5860605239868164,0.41393914818763733,0.9999996423721313
mm_0062391,BioMistral-7B,1.0,1.0,sapbert_full_len3,7,7,0,6,False,3,1.448815635725185,0.516078542239789,C0006142,False,,,,,,,,,7.0,3.5762786865234375e-07,0.0419116020202636,3.5762786865234375e-07,0.9999999829701016,0.9580883979797364
mm_0062391,FLAN-T5-base,1.0,1.0000001192092896,sapbert_full_len3,7,7,0,6,False,1,-0.0,-0.0,C0006142,True,,,,,,,,,7.0,4.76837158203125e-07,3.746577671595982e-07,3.5762786865234375e-07,1.0000000170298986,0.9999995827674866
mm_0062391,Llama3-OpenBioLLM-8B,1.0,1.0,sapbert_full_len3,7,7,0,6,False,2,0.5916727785823275,0.2107580961471984,C0006142,False,,,,,,,,,7.0,3.5762786865234375e-07,0.0075295056615556,3.5762786865234375e-07,1.0000000766345434,0.9924705624580384
mm_0062391,Meta-Llama-3-8B-Instruct,1.0,1.0,sapbert_full_len3,7,7,0,6,False,2,0.863120568566631,0.3074497498641964,C0006142,False,,,,,,,,,7.0,7.748603820800781e-07,0.0150588495390755,7.748603820800781e-07,1.0000000510896956,0.9849411249160768
mm_0062391,Mistral-7B-Instruct-v0.1,0.0,0.9999999403953552,sapbert_full_len3,7,7,0,6,False,1,-0.0,-0.0,C0024671,True,,,,,,,,,7.0,5.364418029785156e-07,5.364418029785156e-07,5.364418029785156e-07,0.9999999403953552,0.999999463558197
mm_0062391,PubMedBERT,0.0,1.0,sapbert_full_len3,7,7,0,6,False,1,-0.0,-0.0,C1839576,True,7.0,1.0,"{""C1839576"": 7}",-0.0,-0.0,0.0,C1839576,0.0,7.0,-0.7163404226303101,-0.7163404226303101,-0.7163404226303101,0.2836592197418213,0.9999996423721313
mm_0062397,BERT-base,0.0,1.0,sapbert_full_len3,5,5,0,4,False,2,0.9709505944546686,0.4181656600790516,C1447749,False,5.0,2.0,"{""C1447749"": 3, ""UMLS:C1257990"": 2}",0.9709505944546686,0.4181656600790516,0.0,C1447749,0.0,5.0,-0.6452651619911194,-0.6816438436508179,-0.7362117767333984,0.28463688492774963,0.9662807583808899
mm_0062397,BioBERT,0.0,1.0,sapbert_full_len3,5,5,0,4,False,2,0.7219280948873623,0.3109175070825711,C1312419,False,5.0,2.0,"{""C0265267"": 1, ""C1312419"": 4}",0.7219280948873623,0.3109175070825711,0.0,C1312419,0.0,5.0,-0.6713427901268005,-0.6932660341262817,-0.6987468600273132,0.273014634847641,0.9662807583808899
mm_0062397,BioMistral-7B,0.0,0.9932278394699096,sapbert_full_len3,5,5,0,4,False,1,-0.0,-0.0,C4521453,True,,,,,,,,,5.0,0.0415433645248412,0.040332007408142,0.0385149717330932,0.9959367036819458,0.9556047320365906
mm_0062397,FLAN-T5-base,0.0,0.6443732976913452,sapbert_full_len3,5,4,1,4,False,2,1.0,0.430676558073393,C0009378,False,,,,,,,,,4.0,,5.960464477539062e-07,5.364418029785156e-07,1.0000000596046448,0.999999463558197
mm_0062397,Llama3-OpenBioLLM-8B,0.0,0.9932278394699096,sapbert_full_len3,5,5,0,4,False,1,-0.0,-0.0,C4521453,True,,,,,,,,,5.0,0.0415433645248412,0.040332007408142,0.0385149717330932,0.9959367036819458,0.9556047320365906
mm_0062397,Meta-Llama-3-8B-Instruct,0.0,0.9932278394699096,sapbert_full_len3,5,5,0,4,False,1,-0.0,-0.0,C4521453,True,,,,,,,,,5.0,0.0415433645248412,0.040326690673828,0.0385144352912902,0.9959313869476318,0.9556047320365906
mm_0062397,Mistral-7B-Instruct-v0.1,0.0,0.9932150840759276,sapbert_full_len3,5,5,0,4,False,1,-0.0,-0.0,C4521453,True,,,,,,,,,5.0,0.0415306091308592,0.0403241395950316,0.0385144352912902,0.9959288358688354,0.9556047320365906
mm_0062397,PubMedBERT,0.0,1.0,sapbert_full_len3,5,5,0,4,False,1,-0.0,-0.0,C1839576,True,5.0,1.0,"{""C1839576"": 5}",-0.0,-0.0,0.0,C1839576,0.0,5.0,-0.6775224804878235,-0.6775224804878235,-0.6775224804878235,0.28875821828842163,0.9662807583808899
mm_0062407,BERT-base,0.0,1.0,sapbert_full_len3,9,9,0,8,False,2,0.7642045065086203,0.2410796804848405,C1257990,False,9.0,2.0,"{""UMLS:C1257990"": 7, ""UMLS:C0242193"": 2}",0.7642045065086203,0.2410796804848405,0.0,UMLS:C1257990,0.0,9.0,-0.4978958070278168,-0.4774501621723175,-0.4978958070278168,0.34335535764694214,0.820805549621582
mm_0062407,BioBERT,0.0,1.0,sapbert_full_len3,9,9,0,8,False,1,-0.0,-0.0,C0358514,True,9.0,1.0,"{""UMLS:C0358514"": 9}",-0.0,-0.0,0.0,UMLS:C0358514,0.0,9.0,-0.44135528802871704,-0.44135528802871704,-0.44135528802871704,0.379450261592865,0.820805549621582
mm_0062407,BioMistral-7B,0.0,0.985352635383606,sapbert_full_len3,9,9,0,8,False,3,1.4355205042826666,0.4528562990069186,C4527276,False,,,,,,,,,9.0,0.0626488924026489,0.0585537751515706,0.0385144352912902,0.9918624030219184,0.9333086013793944
mm_0062407,FLAN-T5-base,0.0,0.943441927433014,sapbert_full_len3,9,9,0,8,False,2,0.7642045065086203,0.2410796804848405,C0302995,False,,,,,,,,,9.0,0.0773297548294068,0.0601520935694376,2.384185791015625e-07,0.9560170372327168,0.8958649039268494
mm_0062407,Llama3-OpenBioLLM-8B,0.0,0.999999463558197,sapbert_full_len3,9,9,0,8,False,1,-0.0,-0.0,C4521453,True,,,,,,,,,9.0,0.0385144352912902,0.0385144352912902,0.0385144352912902,0.999999463558197,0.9614850282669068
mm_0062407,Meta-Llama-3-8B-Instruct,0.0,1.0000001192092896,sapbert_full_len3,9,9,0,8,False,4,1.974937501201927,0.6230234154761809,C0043299,False,,,,,,,,,9.0,6.556510925292969e-07,0.0303200946913824,4.172325134277344e-07,0.999999788072374,0.9696797132492064
mm_0062407,Mistral-7B-Instruct-v0.1,0.0,0.9577259421348572,sapbert_full_len3,9,9,0,8,False,1,-0.0,-0.0,C4527276,True,,,,,,,,,9.0,0.0527764558792114,0.0547596282429165,0.0508801341056824,0.9650198287434048,0.9102602005004884
mm_0062407,PubMedBERT,0.0,1.0,sapbert_full_len3,9,9,0,8,False,1,-0.0,-0.0,C1839576,True,9.0,1.0,"{""C1839576"": 9}",-0.0,-0.0,0.0,C1839576,0.0,9.0,-0.42692574858665466,-0.42692574858665466,-0.42692574858665466,0.39387980103492737,0.820805549621582
mm_0062793,BERT-base,0.0,1.0,sapbert_full_len3,6,6,0,5,False,1,-0.0,-0.0,C1257990,True,6.0,1.0,"{""UMLS:C1257990"": 6}",-0.0,-0.0,0.0,UMLS:C1257990,0.0,6.0,-0.7898223996162415,-0.7898223996162415,-0.7898223996162415,0.21017718315124512,0.9999995827674866
mm_0062793,BioBERT,0.0,1.0,sapbert_full_len3,6,6,0,5,False,2,0.6500224216483541,0.2514629985800606,C1257990,False,6.0,2.0,"{""UMLS:C1257990"": 5, ""UMLS:C1707887"": 1}",0.6500224216483541,0.2514629985800606,0.0,UMLS:C1257990,0.0,6.0,-0.7898223996162415,-0.7715864777565002,-0.7898223996162415,0.22841310501098633,0.9999995827674866
mm_0062793,BioMistral-7B,0.0,0.9999998807907104,sapbert_full_len3,6,6,0,5,False,1,-0.0,-0.0,C1418624,True,,,,,,,,,6.0,5.960464477539064e-08,1.5894571940104168e-07,5.960464477539064e-08,0.999999980131785,0.9999998211860656
mm_0062793,FLAN-T5-base,0.0,0.9999998807907104,sapbert_full_len3,6,6,0,5,False,1,-0.0,-0.0,C1001509,True,,,,,,,,,6.0,0.0373169183731079,0.0373169183731079,0.0373169183731079,0.9999998807907104,0.9626829028129578
mm_0062793,Llama3-OpenBioLLM-8B,0.0,0.9999999403953552,sapbert_full_len3,6,6,0,5,False,3,1.4591479170272446,0.5644754678724235,C0011756,False,,,,,,,,,6.0,0.0868220925331115,0.0770331621170044,4.172325134277344e-07,0.9999999900658926,0.9229668974876404
mm_0062793,Meta-Llama-3-8B-Instruct,1.0,1.0,sapbert_full_len3,6,6,0,5,False,2,0.6500224216483541,0.2514629985800606,C0039597,False,,,,,,,,,6.0,0.0498560070991516,0.0415467023849487,1.788139343261719e-07,1.0,0.9584532380104064
mm_0062793,Mistral-7B-Instruct-v0.1,0.0,1.0,sapbert_full_len3,6,6,0,5,False,1,-0.0,-0.0,C1418624,True,,,,,,,,,6.0,1.788139343261719e-07,7.947285970052084e-08,5.960464477539064e-08,0.9999999006589254,0.9999998211860656
mm_0062793,PubMedBERT,0.0,1.0,sapbert_full_len3,6,6,0,5,False,2,0.9182958340544896,0.355245321275764,C1447749,False,6.0,2.0,"{""C1839576"": 2, ""C1447749"": 4}",0.9182958340544896,0.355245321275764,0.0,C1447749,0.0,6.0,-0.7097675800323486,-0.5260539054870605,-0.7097675800323486,0.47394564747810364,0.9999995827674866
mm_0063726,BERT-base,0.0,1.0,sapbert_full_len3,9,9,0,8,False,1,-0.0,-0.0,C1447749,True,9.0,1.0,"{""C1447749"": 9}",-0.0,-0.0,0.0,C1447749,0.0,9.0,-0.35156792402267456,-0.35156792402267456,-0.35156792402267456,0.5036745667457581,0.8552424907684326
mm_0063726,BioBERT,0.0,1.0,sapbert_full_len3,9,9,0,8,False,2,0.9910760598382222,0.3126496871021503,C1447749,False,9.0,2.0,"{""UMLS:C1257990"": 4, ""C1447749"": 5}",0.9910760598382222,0.3126496871021503,0.0,C1447749,0.0,9.0,-0.6611188650131226,-0.4891461133956909,-0.6611188650131226,0.3660963773727417,0.8552424907684326
mm_0063726,BioMistral-7B,0.0,1.0,sapbert_full_len3,9,9,0,8,False,4,1.6577427265048887,0.5229596049593027,C0013030,False,,,,,,,,,9.0,0.0152336359024047,0.0072640246815151,-0.0370311141014099,0.9062960412767198,0.899031937122345
mm_0063726,FLAN-T5-base,0.0,0.8551522493362427,sapbert_full_len3,9,9,0,8,False,2,0.9910760598382222,0.3126496871021503,C0611769,False,,,,,,,,,9.0,0.0540024042129516,0.013543062739902,-0.0370311141014099,0.8252899249394735,0.8117468357086182
mm_0063726,Llama3-OpenBioLLM-8B,0.0,1.0,sapbert_full_len3,9,9,0,8,False,2,0.5032583347756457,0.1587603285713901,C0013030,False,,,,,,,,,9.0,0.0152396559715271,0.0135464138454861,4.76837158203125e-07,1.0,0.9864535927772522
mm_0063726,Meta-Llama-3-8B-Instruct,0.0,1.0,sapbert_full_len3,9,9,0,8,False,1,-0.0,-0.0,C0013030,True,,,,,,,,,9.0,0.0152396559715271,0.0152396559715271,0.0152396559715271,1.0,0.9847604036331176
mm_0063726,Mistral-7B-Instruct-v0.1,0.0,0.8178166747093201,sapbert_full_len3,9,9,0,8,False,2,0.7642045065086203,0.2410796804848405,C0162512,False,,,,,,,,,9.0,0.0001665949821472,0.0001078248023986,-9.78708267211914e-05,0.8085285888777839,0.808420717716217
mm_0063726,PubMedBERT,0.0,1.0,sapbert_full_len3,9,9,0,8,False,1,-0.0,-0.0,C1839576,True,9.0,1.0,"{""C1839576"": 9}",-0.0,-0.0,0.0,C1839576,0.0,9.0,-0.4848368167877197,-0.48483678698539734,-0.4848368167877197,0.3704056739807129,0.8552424907684326
mm_0064130,BERT-base,0.0,1.0,sapbert_full_len3,5,5,0,4,False,2,0.9709505944546686,0.4181656600790516,C0810516,False,5.0,2.0,"{""UMLS:C0810516"": 3, ""UMLS:C0242193"": 2}",0.9709505944546686,0.4181656600790516,0.0,UMLS:C0810516,0.0,5.0,-0.7438725829124451,-0.6866154670715332,-0.7438725829124451,0.3133842945098877,0.9999998211860657
mm_0064130,BioBERT,0.0,1.0,sapbert_full_len3,5,5,0,4,False,2,0.9709505944546686,0.4181656600790516,C0810516,False,5.0,2.0,"{""UMLS:C0810516"": 3, ""UMLS:C1257990"": 2}",0.9709505944546686,0.4181656600790516,0.0,UMLS:C0810516,0.0,5.0,-0.7438725829124451,-0.7418745160102844,-0.7438725829124451,0.2581252455711365,0.9999998211860657
mm_0064130,BioMistral-7B,0.0,0.9999998807907104,sapbert_full_len3,5,5,0,4,False,1,-0.0,-0.0,C1532338,True,,,,,,,,,5.0,1.1920928955078125e-07,2.1457672119140626e-07,1.1920928955078125e-07,0.999999976158142,0.9999998211860656
mm_0064130,FLAN-T5-base,0.0,1.0,sapbert_full_len3,5,5,0,4,False,2,0.7219280948873623,0.3109175070825711,C1532338,False,,,,,,,,,5.0,2.384185791015625e-07,1.9073486328125e-07,1.1920928955078125e-07,0.9999999046325684,0.999999701976776
mm_0064130,Llama3-OpenBioLLM-8B,0.0,0.6916160583496094,sapbert_full_len3,5,4,1,4,False,1,-0.0,-0.0,C0023185,True,,,,,,,,,4.0,,-0.0150346308946609,-0.193604290485382,0.870011180639267,0.8850458264350891
mm_0064130,Meta-Llama-3-8B-Instruct,1.0,0.7622028589248657,sapbert_full_len3,5,5,0,4,False,3,1.521928094887362,0.6554587535412855,C0023185,False,,,,,,,,,5.0,-0.1115614175796508,0.0062502861022949,-0.1115614175796508,0.9048990726470948,0.898648738861084
mm_0064130,Mistral-7B-Instruct-v0.1,0.0,0.9999998807907104,sapbert_full_len3,5,5,0,4,False,1,-0.0,-0.0,C1532338,True,,,,,,,,,5.0,1.1920928955078125e-07,1.1920928955078125e-07,1.1920928955078125e-07,0.9999998807907104,0.9999998211860656
mm_0064130,PubMedBERT,0.0,1.0,sapbert_full_len3,5,5,0,4,False,1,-0.0,-0.0,C1839576,True,5.0,1.0,"{""C1839576"": 5}",-0.0,-0.0,0.0,C1839576,0.0,5.0,-0.6931811571121216,-0.6931811571121216,-0.6931811571121216,0.3068186342716217,0.9999998211860657
mm_0064287,BERT-base,0.0,1.0,sapbert_full_len3,4,4,0,3,False,2,0.8112781244591328,0.4056390622295664,C0810516,False,4.0,2.0,"{""UMLS:C0810516"": 3, ""UMLS:C0919821"": 1}",0.8112781244591328,0.4056390622295664,0.0,UMLS:C0810516,0.0,4.0,-0.44664958119392395,-0.45958441495895386,-0.4983888864517212,0.4051693081855774,0.8647537231445312
mm_0064287,BioBERT,1.0,1.0,sapbert_full_len3,4,4,0,3,False,1,-0.0,-0.0,C0282551,True,4.0,1.0,"{""C0282551"": 4}",-0.0,-0.0,0.0,C0282551,0.0,4.0,-0.052371859550476074,-0.052371859550476074,-0.052371859550476074,0.8123818635940552,0.8647537231445312
mm_0064287,BioMistral-7B,0.0,0.8927374482154846,sapbert_full_len3,4,4,0,3,False,3,1.5,0.75,C0185112,False,,,,,,,,,4.0,0.0001274943351745,0.001943752169609,5.364418029785156e-07,0.9037640243768692,0.9018202424049376
mm_0064287,FLAN-T5-base,0.0,1.0,sapbert_full_len3,4,4,0,3,False,3,1.5,0.75,C0185112,False,,,,,,,,,4.0,2.384185791015625e-07,0.049319639801979,1.788139343261719e-07,0.999999925494194,0.9506803154945374
mm_0064287,Llama3-OpenBioLLM-8B,0.0,0.8098303079605103,sapbert_full_len3,4,4,0,3,False,1,-0.0,-0.0,C0042484,True,,,,,,,,,4.0,-0.0032799839973449,-0.0032799839973449,-0.0032799839973449,0.8098303079605103,0.8131102919578552
mm_0064287,Meta-Llama-3-8B-Instruct,1.0,0.8125874400138855,sapbert_full_len3,4,4,0,3,False,2,0.8112781244591328,0.4056390622295664,C0282551,False,,,,,,,,,4.0,-0.0523967146873474,-0.0130169838666915,-0.0523967146873474,0.8594405800104141,0.8724575042724609
mm_0064287,Mistral-7B-Instruct-v0.1,0.0,0.8927374482154846,sapbert_full_len3,4,4,0,3,False,2,1.0,0.5,C0185112,False,,,,,,,,,4.0,0.0001274943351745,0.0140538215637207,0.0001274943351745,0.8513876497745514,0.8373338580131531
mm_0064287,PubMedBERT,0.0,1.0,sapbert_full_len3,4,4,0,3,False,1,-0.0,-0.0,C1447749,True,4.0,1.0,"{""C1447749"": 4}",-0.0,-0.0,0.0,C1447749,0.0,4.0,-0.5363046526908875,-0.5363046526908875,-0.5363046526908875,0.3284490704536438,0.8647537231445312
mm_0064516,BERT-base,0.0,1.0,sapbert_full_len3,5,5,0,4,False,1,-0.0,-0.0,C1257990,True,5.0,1.0,"{""UMLS:C1257990"": 5}",-0.0,-0.0,0.0,UMLS:C1257990,0.0,5.0,-0.5491466522216797,-0.5491466522216797,-0.5491466522216797,0.450852632522583,0.9999992251396179
mm_0064516,BioBERT,0.0,1.0,sapbert_full_len3,5,5,0,4,False,1,-0.0,-0.0,C1257990,True,5.0,1.0,"{""UMLS:C1257990"": 5}",-0.0,-0.0,0.0,UMLS:C1257990,0.0,5.0,-0.5491466522216797,-0.5491466522216797,-0.5491466522216797,0.450852632522583,0.9999992251396179
mm_0064516,BioMistral-7B,1.0,0.9999998807907104,sapbert_full_len3,5,5,0,4,False,2,0.7219280948873623,0.3109175070825711,C4277543,False,,,,,,,,,5.0,0.0898272395133972,0.1160004496574401,0.0898272395133972,0.9999998688697816,0.8839994668960571
mm_0064516,FLAN-T5-base,1.0,1.0,sapbert_full_len3,5,5,0,4,False,1,-0.0,-0.0,C4277543,True,,,,,,,,,5.0,0.3195648193359375,0.320599627494812,0.3195648193359375,1.0,0.6794003248214722
mm_0064516,Llama3-OpenBioLLM-8B,1.0,1.0,sapbert_full_len3,5,5,0,4,False,2,0.9709505944546686,0.4181656600790516,C0021079,False,,,,,,,,,5.0,0.1982254981994629,0.0792905569076538,5.960464477539062e-07,1.0,0.920709490776062
mm_0064516,Meta-Llama-3-8B-Instruct,0.0,1.0,sapbert_full_len3,5,5,0,4,False,1,-0.0,-0.0,C0021079,True,,,,,,,,,5.0,5.960464477539062e-07,5.960464477539062e-07,5.960464477539062e-07,1.0,0.9999994039535522
mm_0064516,Mistral-7B-Instruct-v0.1,1.0,0.9999998807907104,sapbert_full_len3,5,5,0,4,False,1,-0.0,-0.0,C4277543,True,,,,,,,,,5.0,0.0898272395133972,0.082944905757904,0.0554155707359312,0.9889387488365172,0.9059938192367554
mm_0064516,PubMedBERT,0.0,1.0,sapbert_full_len3,5,5,0,4,False,1,-0.0,-0.0,C1257990,True,5.0,1.0,"{""UMLS:C1257990"": 5}",-0.0,-0.0,0.0,UMLS:C1257990,0.0,5.0,-0.5491466522216797,-0.5491466522216797,-0.5491466522216797,0.450852632522583,0.9999992251396179
mm_0064558,BERT-base,0.0,1.0,sapbert_full_len3,5,5,0,4,False,1,-0.0,-0.0,C1257990,True,5.0,1.0,"{""UMLS:C1257990"": 5}",-0.0,-0.0,0.0,UMLS:C1257990,0.0,5.0,-0.6265496611595154,-0.6265496611595154,-0.6265496611595154,0.373449444770813,0.9999991655349731
mm_0064558,BioBERT,0.0,1.0,sapbert_full_len3,5,5,0,4,False,2,0.7219280948873623,0.3109175070825711,C1839576,False,5.0,2.0,"{""C1839576"": 4, ""UMLS:C1707887"": 1}",0.7219280948873623,0.3109175070825711,0.0,C1839576,0.0,5.0,-0.5905872583389282,-0.6117538809776306,-0.6964203715324402,0.38824522495269775,0.9999991655349731
mm_0064558,BioMistral-7B,0.0,1.0,sapbert_full_len3,5,5,0,4,False,1,-0.0,-0.0,C0009555,True,,,,,,,,,5.0,0.1516860723495483,0.1516860723495483,0.1516860723495483,1.0,0.8483139276504517
mm_0064558,FLAN-T5-base,0.0,1.0,sapbert_full_len3,5,5,0,4,False,1,-0.0,-0.0,C0009555,True,,,,,,,,,5.0,0.1516860723495483,0.1645532369613647,0.1516860723495483,1.0,0.8354467153549194
mm_0064558,Llama3-OpenBioLLM-8B,0.0,1.0,sapbert_full_len3,5,5,0,4,False,2,0.9709505944546686,0.4181656600790516,C0009555,False,,,,,,,,,5.0,0.0120545625686645,0.0580712795257567,0.0120545625686645,0.9999999284744264,0.9419286847114564
mm_0064558,Meta-Llama-3-8B-Instruct,0.0,1.0000001192092896,sapbert_full_len3,5,5,0,4,False,2,0.7219280948873623,0.3109175070825711,C0006142,False,,,,,,,,,5.0,8.940696716308594e-07,0.0346376419067382,8.940696716308594e-07,1.0000000953674315,0.9653624296188354
mm_0064558,Mistral-7B-Instruct-v0.1,0.0,1.0000001192092896,sapbert_full_len3,5,5,0,4,False,1,-0.0,-0.0,C0006142,True,,,,,,,,,5.0,4.76837158203125e-07,5.483627319335937e-07,3.5762786865234375e-07,1.0000000238418578,0.9999994039535522
mm_0064558,PubMedBERT,0.0,1.0,sapbert_full_len3,5,5,0,4,False,1,-0.0,-0.0,C1839576,True,5.0,1.0,"{""C1839576"": 5}",-0.0,-0.0,0.0,C1839576,0.0,5.0,-0.5905872583389282,-0.5905872583389282,-0.5905872583389282,0.40941184759140015,0.9999991655349731
mm_0064655,BERT-base,0.0,1.0,sapbert_full_len3,5,5,0,4,False,1,-0.0,-0.0,C1447749,True,5.0,1.0,"{""C1447749"": 5}",-0.0,-0.0,0.0,C1447749,0.0,5.0,-0.5406525135040283,-0.5406525135040283,-0.5406525135040283,0.4593467116355896,0.9999992251396179
mm_0064655,BioBERT,0.0,1.0,sapbert_full_len3,5,5,0,4,False,1,-0.0,-0.0,C1447749,True,5.0,1.0,"{""C1447749"": 5}",-0.0,-0.0,0.0,C1447749,0.0,5.0,-0.5406525135040283,-0.5406525135040283,-0.5406525135040283,0.4593467116355896,0.9999992251396179
mm_0064655,BioMistral-7B,0.0,1.0,sapbert_full_len3,5,5,0,4,False,1,-0.0,-0.0,C0020538,True,,,,,,,,,5.0,0.0221322774887084,0.0221321821212768,0.0221321582794189,0.9999999046325684,0.9778677225112916
mm_0064655,FLAN-T5-base,0.0,1.0000001192092896,sapbert_full_len3,5,5,0,4,False,2,0.9709505944546686,0.4181656600790516,C1336938,False,,,,,,,,,5.0,5.960464477539062e-07,0.0598755598068237,5.960464477539062e-07,1.000000047683716,0.94012451171875
mm_0064655,Llama3-OpenBioLLM-8B,0.0,1.0,sapbert_full_len3,5,5,0,4,False,1,-0.0,-0.0,C0028873,True,,,,,,,,,5.0,0.2508387565612793,0.2508386611938477,0.2508386373519897,0.9999999046325684,0.7491612434387207
mm_0064655,Meta-Llama-3-8B-Instruct,0.0,0.9852080345153807,sapbert_full_len3,5,5,0,4,False,1,-0.0,-0.0,C0020538,True,,,,,,,,,5.0,0.0584529042243956,0.0584529042243956,0.0584529042243956,0.9852080345153806,0.9267551302909852
mm_0064655,Mistral-7B-Instruct-v0.1,0.0,0.9999998807907104,sapbert_full_len3,5,5,0,4,False,1,-0.0,-0.0,C0020538,True,,,,,,,,,5.0,0.0221321582794189,0.0511890411376954,0.0221321582794189,0.9881666898727416,0.9369776844978333
mm_0064655,PubMedBERT,0.0,1.0,sapbert_full_len3,5,5,0,4,False,2,0.7219280948873623,0.3109175070825711,C1447749,False,5.0,2.0,"{""C1839576"": 1, ""C1447749"": 4}",0.7219280948873623,0.3109175070825711,0.0,C1447749,0.0,5.0,-0.6176748871803284,-0.5560569763183594,-0.6176748871803284,0.44394224882125854,0.9999992251396179
mm_0065160,BERT-base,1.0,1.0,sapbert_full_len3,8,8,0,7,False,1,-0.0,-0.0,C2350390,True,8.0,1.0,"{""UMLS:C2350390"": 8}",-0.0,-0.0,1.0,UMLS:C2350390,0.0,8.0,-0.10042190551757812,-0.10042190551757812,-0.10042190551757812,0.7518802881240845,0.8523021936416626
mm_0065160,BioBERT,0.0,1.0,sapbert_full_len3,8,8,0,7,False,3,1.2987949406953985,0.4329316468984661,C2350390,False,8.0,3.0,"{""UMLS:C0919821"": 1, ""UMLS:C2350390"": 5, ""C0920208"": 2}",1.2987949406953985,0.4329316468984661,0.625,UMLS:C2350390,0.0,8.0,-0.47405093908309937,-0.17439740896224976,-0.47405093908309937,0.6779047846794128,0.8523021936416626
mm_0065160,BioMistral-7B,1.0,0.9999999403953552,sapbert_full_len3,8,8,0,7,False,3,1.2987949406953985,0.4329316468984661,C1271104,False,,,,,,,,,8.0,0.0299685001373291,0.0006310641765594,-0.0118550062179565,0.8984719887375832,0.8978409171104431
mm_0065160,FLAN-T5-base,0.0,0.7464210987091064,sapbert_full_len3,8,8,0,7,False,2,0.8112781244591328,0.2704260414863776,C1827946,False,,,,,,,,,8.0,-0.001386284828186,0.0032416358590126,-0.0014180541038513,0.7723514214158058,0.7691097855567932
mm_0065160,Llama3-OpenBioLLM-8B,0.0,0.9999999403953552,sapbert_full_len3,8,8,0,7,False,5,2.25,0.75,C0451319,False,,,,,,,,,8.0,2.980232238769531e-07,-0.0107092708349227,-0.0154873728752136,0.8244365975260735,0.8351458311080933
mm_0065160,Meta-Llama-3-8B-Instruct,0.0,0.9999997615814208,sapbert_full_len3,8,8,0,7,False,2,0.8112781244591328,0.2704260414863776,C0026565,False,,,,,,,,,8.0,4.768371580921027e-07,0.0042948499321937,4.768371580921027e-07,0.9625485613942146,0.9582537412643432
mm_0065160,Mistral-7B-Instruct-v0.1,0.0,0.9999997615814208,sapbert_full_len3,8,8,0,7,False,2,0.8112781244591328,0.2704260414863776,C0026565,False,,,,,,,,,8.0,4.768371580921027e-07,0.0042948499321937,4.768371580921027e-07,0.9625485613942146,0.9582537412643432
mm_0065160,PubMedBERT,0.0,1.0,sapbert_full_len3,8,8,0,7,False,1,-0.0,-0.0,C1839576,True,8.0,1.0,"{""C1839576"": 8}",-0.0,-0.0,0.0,C1839576,0.0,8.0,-0.5754975080490112,-0.5754975080490112,-0.5754975080490112,0.27680471539497375,0.8523021936416626
mm_0065470,BERT-base,0.0,1.0,sapbert_full_len3,7,7,0,6,False,1,-0.0,-0.0,C0752046,True,7.0,1.0,"{""UMLS:C0752046"": 7}",-0.0,-0.0,0.0,UMLS:C0752046,0.0,7.0,-0.5144520998001099,-0.5144520998001099,-0.5144520998001099,0.48554736375808716,0.999999463558197
mm_0065470,BioBERT,1.0,1.0,sapbert_full_len3,7,7,0,6,False,1,-0.0,-0.0,C0597336,True,7.0,1.0,"{""C0597336"": 7}",-0.0,-0.0,0.0,C0597336,0.0,7.0,0.06463056802749634,0.06463056802749634,0.06463056802749634,0.9999994039535522,0.9353688359260559
mm_0065470,BioMistral-7B,1.0,0.999999701976776,sapbert_full_len3,7,7,0,6,False,1,-0.0,-0.0,C0597336,True,,,,,,,,,7.0,0.0646308660507201,0.11160751751491,0.0646308660507201,0.9999999574252536,0.888392448425293
mm_0065470,FLAN-T5-base,1.0,0.999999701976776,sapbert_full_len3,7,7,0,6,False,1,-0.0,-0.0,C0597336,True,,,,,,,,,7.0,0.0645888447761534,0.0833292092595781,0.0645888447761534,0.9999998722757611,0.9166706204414368
mm_0065470,Llama3-OpenBioLLM-8B,1.0,0.999999701976776,sapbert_full_len3,7,7,0,6,False,1,-0.0,-0.0,C0597336,True,,,,,,,,,7.0,0.0646308660507201,0.0595479181834628,0.0425853729248045,0.9866052525384086,0.9270573854446412
mm_0065470,Meta-Llama-3-8B-Instruct,1.0,0.9062422513961792,sapbert_full_len3,7,7,0,6,False,2,0.5916727785823275,0.2107580961471984,C0017398,False,,,,,,,,,7.0,0.1172361373901367,0.0167481728962489,1.788139343261719e-07,0.9866059337343488,0.969857692718506
mm_0065470,Mistral-7B-Instruct-v0.1,1.0,0.990250051021576,sapbert_full_len3,7,7,0,6,False,1,-0.0,-0.0,C0597336,True,,,,,,,,,7.0,0.1091337203979493,0.0997378144945417,0.0762480497360229,0.979232404913221,0.8794946074485779
mm_0065470,PubMedBERT,0.0,1.0,sapbert_full_len3,7,7,0,6,False,1,-0.0,-0.0,C1839576,True,7.0,1.0,"{""C1839576"": 7}",-0.0,-0.0,0.0,C1839576,0.0,7.0,-0.5609630346298218,-0.5609630346298218,-0.5609630346298218,0.43903639912605286,0.999999463558197
mm_0065651,BERT-base,0.0,1.0,sapbert_full_len3,5,5,0,4,False,1,-0.0,-0.0,C1447749,True,5.0,1.0,"{""C1447749"": 5}",-0.0,-0.0,0.0,C1447749,0.0,5.0,-0.6029384136199951,-0.6029384136199951,-0.6029384136199951,0.39706119894981384,0.9999996423721313
mm_0065651,BioBERT,0.0,1.0,sapbert_full_len3,5,5,0,4,False,1,-0.0,-0.0,C1447749,True,5.0,1.0,"{""C1447749"": 5}",-0.0,-0.0,0.0,C1447749,0.0,5.0,-0.6029384136199951,-0.6029384136199951,-0.6029384136199951,0.39706119894981384,0.9999996423721313
mm_0065651,BioMistral-7B,0.0,0.9999996423721312,sapbert_full_len3,5,5,0,4,False,1,-0.0,-0.0,C2964659,True,,,,,,,,,5.0,0.0688806176185606,0.0688809037208556,0.0688806176185606,0.9999999284744264,0.9311190843582152
mm_0065651,FLAN-T5-base,0.0,0.9999996423721312,sapbert_full_len3,5,5,0,4,False,1,-0.0,-0.0,C2964659,True,,,,,,,,,5.0,0.0688806176185606,0.0688806176185606,0.0688806176185606,0.9999996423721312,0.9311190843582152
mm_0065651,Llama3-OpenBioLLM-8B,0.0,0.9999989867210388,sapbert_full_len3,5,5,0,4,False,3,1.521928094887362,0.6554587535412855,C4277735,False,,,,,,,,,5.0,0.0453983545303344,0.0562037944793701,0.0453983545303344,0.9999997735023498,0.9437959790229796
mm_0065651,Meta-Llama-3-8B-Instruct,0.0,1.0,sapbert_full_len3,5,5,0,4,False,1,-0.0,-0.0,C2964659,True,,,,,,,,,5.0,0.0688809752464294,0.0688809752464294,0.0688809752464294,1.0,0.9311190843582152
mm_0065651,Mistral-7B-Instruct-v0.1,0.0,1.0,sapbert_full_len3,5,5,0,4,False,1,-0.0,-0.0,C2964659,True,,,,,,,,,5.0,0.0688809752464294,0.0688806891441344,0.0688806176185606,0.999999713897705,0.9311190843582152
mm_0065651,PubMedBERT,0.0,1.0,sapbert_full_len3,5,5,0,4,False,2,0.9709505944546686,0.4181656600790516,C1447749,False,5.0,2.0,"{""C1447749"": 3, ""C1839576"": 2}",0.9709505944546686,0.4181656600790516,0.0,C1447749,0.0,5.0,-0.6029384136199951,-0.6583130955696106,-0.7413750886917114,0.34168651700019836,0.9999996423721313
mm_0065820,BERT-base,0.0,1.0,sapbert_full_len3,7,7,0,6,False,2,0.863120568566631,0.3074497498641964,C3850091,False,7.0,2.0,"{""C3850091"": 5, ""C1447749"": 2}",0.863120568566631,0.3074497498641964,0.0,C3850091,0.0,7.0,-0.512381374835968,-0.5233147740364075,-0.5506481528282166,0.45790332555770874,0.9812180399894714
mm_0065820,BioBERT,0.0,1.0,sapbert_full_len3,7,7,0,6,False,2,0.863120568566631,0.3074497498641964,C1257990,False,7.0,2.0,"{""UMLS:C1257990"": 5, ""UMLS:C1707887"": 2}",0.863120568566631,0.3074497498641964,0.0,UMLS:C1257990,0.0,7.0,-0.7901408076286316,-0.7282322645187378,-0.7901408076286316,0.2529858350753784,0.9812180399894714
mm_0065820,BioMistral-7B,0.0,0.7732625007629395,sapbert_full_len3,7,7,0,6,False,3,1.3787834934861751,0.4911325898456825,C0010362,False,,,,,,,,,7.0,-0.0353568792343139,0.0551270246505737,-0.0353568792343139,0.9128392083304268,0.8577122092247009
mm_0065820,FLAN-T5-base,0.0,0.7732625007629395,sapbert_full_len3,7,7,0,6,False,2,0.5916727785823275,0.2107580961471984,C1826808,False,,,,,,,,,7.0,-0.0353568792343139,-0.0302884919302804,-0.0353568792343139,0.805653589112418,0.8359421491622925
mm_0065820,Llama3-OpenBioLLM-8B,0.0,1.0000001192092896,sapbert_full_len3,7,7,0,6,False,1,-0.0,-0.0,C0274281,True,,,,,,,,,7.0,3.5762786865234375e-07,2.043587820870536e-07,1.788139343261719e-07,0.999999965940203,0.9999998807907104
mm_0065820,Meta-Llama-3-8B-Instruct,0.0,0.857712984085083,sapbert_full_len3,7,7,0,6,False,4,1.9502120649147463,0.6946795539074094,C0261746,False,,,,,,,,,7.0,0.0065149068832397,-0.0038231611251831,-0.0208005905151367,0.8586210863930839,0.8624443411827087
mm_0065820,Mistral-7B-Instruct-v0.1,0.0,0.9999999403953552,sapbert_full_len3,7,7,0,6,False,5,2.235926350629032,0.7964530359382728,C0261746,False,,,,,,,,,7.0,1.788139343261719e-07,0.0250332355499267,-0.0009767413139343,0.8944930008479527,0.8694596886634827
mm_0065820,PubMedBERT,0.0,1.0,sapbert_full_len3,7,7,0,6,False,1,-0.0,-0.0,C1839576,True,7.0,1.0,"{""C1839576"": 7}",-0.0,-0.0,0.0,C1839576,0.0,7.0,-0.5856292843818665,-0.5856292843818665,-0.5856292843818665,0.3955887258052826,0.9812180399894714
mm_0067336,BERT-base,0.0,1.0,sapbert_full_len3,7,7,0,6,False,2,0.863120568566631,0.3074497498641964,C0358514,False,7.0,2.0,"{""UMLS:C0358514"": 5, ""UMLS:C1257990"": 2}",0.863120568566631,0.3074497498641964,0.0,UMLS:C0358514,0.0,7.0,-0.4071369171142578,-0.5191937685012817,-0.7993359565734863,0.4808056652545929,0.999999463558197
mm_0067336,BioBERT,0.0,1.0,sapbert_full_len3,7,7,0,6,False,3,1.1488348542809166,0.4092232318950598,C1370369,False,7.0,3.0,"{""C1370369"": 5, ""UMLS:C1257990"": 1, ""C1312419"": 1}",1.1488348542809166,0.4092232318950598,0.0,C1370369,0.0,7.0,-0.6517828702926636,-0.6800762414932251,-0.7993359565734863,0.3199232220649719,0.999999463558197
mm_0067336,BioMistral-7B,0.0,1.0000001192092896,sapbert_full_len3,7,7,0,6,False,1,-0.0,-0.0,C0085207,True,,,,,,,,,7.0,0.1560239195823669,0.1365461604935782,0.0196796059608459,1.0000001192092896,0.8634538650512695
mm_0067336,FLAN-T5-base,0.0,1.0000001192092896,sapbert_full_len3,7,7,0,6,False,1,-0.0,-0.0,C0085207,True,,,,,,,,,7.0,0.1560239195823669,0.1560239195823669,0.1560239195823669,1.0000001192092896,0.8439761400222778
mm_0067336,Llama3-OpenBioLLM-8B,0.0,1.0,sapbert_full_len3,7,7,0,6,False,1,-0.0,-0.0,C0028873,True,,,,,,,,,7.0,0.1247028112411499,0.1247028112411499,0.1247028112411499,1.0,0.8752971291542053
mm_0067336,Meta-Llama-3-8B-Instruct,0.0,1.0000001192092896,sapbert_full_len3,7,7,0,6,False,2,0.863120568566631,0.3074497498641964,C0085207,False,,,,,,,,,7.0,0.1560239195823669,0.1214738232748849,0.0222492814064025,0.999999965940203,0.8785260915756226
mm_0067336,Mistral-7B-Instruct-v0.1,0.0,0.9999998211860656,sapbert_full_len3,7,7,0,6,False,1,-0.0,-0.0,C0011849,True,,,,,,,,,7.0,0.0702368021011351,0.0532921382359095,0.0306992530822753,0.9999998467309136,0.9467076659202576
mm_0067336,PubMedBERT,0.0,1.0,sapbert_full_len3,7,7,0,6,False,1,-0.0,-0.0,C1839576,True,7.0,1.0,"{""C1839576"": 7}",-0.0,-0.0,0.0,C1839576,0.0,7.0,-0.7192589640617371,-0.7192589640617371,-0.7192589640617371,0.28074049949645996,0.999999463558197
mm_0067846,BERT-base,0.0,1.0,sapbert_full_len3,4,4,0,3,False,1,-0.0,-0.0,C1447749,True,4.0,1.0,"{""C1447749"": 4}",-0.0,-0.0,0.0,C1447749,0.0,4.0,-0.6326002478599548,-0.6326002478599548,-0.6326002478599548,0.3673993945121765,0.9999996423721313
mm_0067846,BioBERT,0.0,1.0,sapbert_full_len3,4,4,0,3,False,1,-0.0,-0.0,C1257990,True,4.0,1.0,"{""UMLS:C1257990"": 4}",-0.0,-0.0,0.0,UMLS:C1257990,0.0,4.0,-0.7638809680938721,-0.7638809680938721,-0.7638809680938721,0.23611868917942047,0.9999996423721313
mm_0067846,BioMistral-7B,0.0,0.9999997615814208,sapbert_full_len3,4,4,0,3,False,2,0.8112781244591328,0.4056390622295664,C0034069,False,,,,,,,,,4.0,0.0543846487998961,0.0567598193883894,0.0543846487998961,0.9999997615814208,0.94323992729187
mm_0067846,FLAN-T5-base,1.0,0.9999998807907104,sapbert_full_len3,4,4,0,3,False,2,0.8112781244591328,0.4056390622295664,C0061751,False,,,,,,,,,4.0,0.0639353394508361,0.0580319464206694,0.0403220057487486,0.9999997913837432,0.9419678449630736
mm_0067846,Llama3-OpenBioLLM-8B,1.0,0.9391137361526488,sapbert_full_len3,4,4,0,3,False,2,0.8112781244591328,0.4056390622295664,C0061751,False,,,,,,,,,4.0,-0.0476975440979005,0.0324832797050475,-0.0476975440979005,0.9686044603586196,0.9361211657524108
mm_0067846,Meta-Llama-3-8B-Instruct,0.0,1.0,sapbert_full_len3,4,4,0,3,False,1,-0.0,-0.0,C0034069,True,,,,,,,,,4.0,0.0543848872184753,0.0543865859508513,0.0543846487998961,0.9999998211860656,0.9456132650375366
mm_0067846,Mistral-7B-Instruct-v0.1,0.0,0.9999997615814208,sapbert_full_len3,4,4,0,3,False,1,-0.0,-0.0,C0034069,True,,,,,,,,,4.0,0.0543884038925169,0.0543874651193617,0.0543846487998961,0.9999997615814208,0.9456123113632202
mm_0067846,PubMedBERT,0.0,1.0,sapbert_full_len3,4,4,0,3,False,1,-0.0,-0.0,C1839576,True,4.0,1.0,"{""C1839576"": 4}",-0.0,-0.0,0.0,C1839576,0.0,4.0,-0.589851438999176,-0.589851438999176,-0.589851438999176,0.4101482033729553,0.9999996423721313
mm_0067855,BERT-base,0.0,1.0,sapbert_full_len3,5,5,0,4,False,3,1.3709505944546687,0.5904362833084089,C0034698,False,5.0,3.0,"{""UMLS:C1257990"": 1, ""C0034698"": 3, ""C3850091"": 1}",1.3709505944546687,0.5904362833084089,0.0,C0034698,1.0,5.0,-0.6880305409431458,-0.668390154838562,-0.6880305409431458,0.331609308719635,0.9999994039535522
mm_0067855,BioBERT,0.0,1.0,sapbert_full_len3,5,5,0,4,False,1,-0.0,-0.0,C1257990,True,5.0,1.0,"{""UMLS:C1257990"": 5}",-0.0,-0.0,0.0,UMLS:C1257990,0.0,5.0,-0.6880305409431458,-0.6880305409431458,-0.6880305409431458,0.31196892261505127,0.9999994039535522
mm_0067855,BioMistral-7B,0.0,1.0,sapbert_full_len3,5,5,0,4,False,1,-0.0,-0.0,C0002268,True,,,,,,,,,5.0,2.384185791015625e-07,3.337860107421875e-07,2.384185791015625e-07,1.0000000953674315,0.9999998211860656
mm_0067855,FLAN-T5-base,0.0,1.0000001192092896,sapbert_full_len3,5,5,0,4,False,2,0.7219280948873623,0.3109175070825711,C0002268,False,,,,,,,,,5.0,3.5762786865234375e-07,3.218650817871094e-07,1.788139343261719e-07,1.0000000834465026,0.9999998211860656
mm_0067855,Llama3-OpenBioLLM-8B,0.0,0.9999998211860656,sapbert_full_len3,5,5,0,4,False,4,1.9219280948873625,0.8277293767706428,C1522449,False,,,,,,,,,5.0,-1.1102230246251563e-16,0.0931458711624145,-1.1102230246251563e-16,0.9999999165534972,0.9068540334701538
mm_0067855,Meta-Llama-3-8B-Instruct,1.0,0.9999998807907104,sapbert_full_len3,5,5,0,4,False,1,-0.0,-0.0,C1522449,True,,,,,,,,,5.0,4.172325134277344e-07,0.0051830291748046,4.172325134277344e-07,0.9999999046325684,0.9948168992996216
mm_0067855,Mistral-7B-Instruct-v0.1,1.0,0.7218905687332153,sapbert_full_len3,5,5,0,4,False,1,-0.0,-0.0,C1522449,True,,,,,,,,,5.0,-0.0269125699996948,0.039580488204956,-0.0269125699996948,0.944378113746643,0.9047976732254028
mm_0067855,PubMedBERT,0.0,1.0,sapbert_full_len3,5,5,0,4,False,1,-0.0,-0.0,C0332293,True,5.0,1.0,"{""UMLS:C0332293"": 5}",-0.0,-0.0,0.0,UMLS:C0332293,0.0,5.0,-0.512391984462738,-0.512391984462738,-0.512391984462738,0.487607479095459,0.9999994039535522
mm_0067918,BERT-base,0.0,1.0,sapbert_full_len3,5,5,0,4,False,1,-0.0,-0.0,C1447749,True,5.0,1.0,"{""C1447749"": 5}",-0.0,-0.0,0.0,C1447749,0.0,5.0,-0.6380336284637451,-0.6380336284637451,-0.6380336284637451,0.36196592450141907,0.9999995231628418
mm_0067918,BioBERT,0.0,1.0,sapbert_full_len3,5,5,0,4,False,1,-0.0,-0.0,C1447749,True,5.0,1.0,"{""C1447749"": 5}",-0.0,-0.0,0.0,C1447749,0.0,5.0,-0.6380336284637451,-0.6380336284637451,-0.6380336284637451,0.36196592450141907,0.9999995231628418
mm_0067918,BioMistral-7B,1.0,0.8196030855178833,sapbert_full_len3,5,5,0,4,False,3,1.3709505944546687,0.5904362833084089,C0151763,False,,,,,,,,,5.0,-0.1280070543289184,-0.0522427082061767,-0.128028929233551,0.891753077507019,0.9439957737922668
mm_0067918,FLAN-T5-base,0.0,0.9999997615814208,sapbert_full_len3,5,5,0,4,False,1,-0.0,-0.0,C1142891,True,,,,,,,,,5.0,0.1227872371673582,0.1227872371673582,0.1227872371673582,0.9999997615814208,0.8772125244140625
mm_0067918,Llama3-OpenBioLLM-8B,1.0,0.8196030855178833,sapbert_full_len3,5,5,0,4,False,2,0.9709505944546686,0.4181656600790516,C0151763,False,,,,,,,,,5.0,-0.1280070543289184,-0.0421693205833435,-0.1280070543289184,0.8917618513107299,0.9339311718940736
mm_0067918,Meta-Llama-3-8B-Instruct,1.0,0.8195812106132507,sapbert_full_len3,5,5,0,4,False,2,0.7219280948873623,0.3109175070825711,C0151763,False,,,,,,,,,5.0,-0.128028929233551,-0.0851035475730896,-0.128028929233551,0.8556649684906006,0.940768539905548
mm_0067918,Mistral-7B-Instruct-v0.1,0.0,1.0,sapbert_full_len3,5,5,0,4,False,1,-0.0,-0.0,C0235378,True,,,,,,,,,5.0,0.0865979790687561,0.0865979790687561,0.0865979790687561,1.0,0.9134019613265992
mm_0067918,PubMedBERT,0.0,1.0,sapbert_full_len3,5,5,0,4,False,1,-0.0,-0.0,C1447749,True,5.0,1.0,"{""C1447749"": 5}",-0.0,-0.0,0.0,C1447749,0.0,5.0,-0.6380336284637451,-0.6380336284637451,-0.6380336284637451,0.36196592450141907,0.9999995231628418
mm_0068072,BERT-base,0.0,1.0,sapbert_full_len3,7,7,0,6,False,1,-0.0,-0.0,C1257990,True,7.0,1.0,"{""UMLS:C1257990"": 7}",-0.0,-0.0,0.0,UMLS:C1257990,0.0,7.0,-0.6995832920074463,-0.6995833516120911,-0.6995832920074463,0.3004160523414612,0.9999993443489075
mm_0068072,BioBERT,0.0,1.0,sapbert_full_len3,7,7,0,6,False,1,-0.0,-0.0,C1309905,True,7.0,1.0,"{""C1309905"": 7}",-0.0,-0.0,0.0,C1309905,0.0,7.0,-0.6070894598960876,-0.6070894598960876,-0.6070894598960876,0.39290985465049744,0.9999993443489075
mm_0068072,BioMistral-7B,1.0,1.0,sapbert_full_len3,7,7,0,6,False,1,-0.0,-0.0,C0012655,True,,,,,,,,,7.0,0.1684557795524597,0.1684557795524597,0.1684557795524597,1.0,0.8315442800521851
mm_0068072,FLAN-T5-base,1.0,1.0,sapbert_full_len3,7,7,0,6,False,1,-0.0,-0.0,C0012655,True,,,,,,,,,7.0,0.1684557795524597,0.1681558915546962,0.1663565635681152,1.0,0.8318442106246948
mm_0068072,Llama3-OpenBioLLM-8B,1.0,1.0,sapbert_full_len3,7,7,0,6,False,2,0.5916727785823275,0.2107580961471984,C0012655,False,,,,,,,,,7.0,0.0182127952575683,0.0648189442498343,0.0182127952575683,0.999999965940203,0.9351810812950134
mm_0068072,Meta-Llama-3-8B-Instruct,1.0,0.999999701976776,sapbert_full_len3,7,7,0,6,False,2,0.5916727785823275,0.2107580961471984,C0012655,False,,,,,,,,,7.0,3.5762786854132145e-07,0.0295736534254891,3.5762786854132145e-07,0.9999999233654568,0.970426380634308
mm_0068072,Mistral-7B-Instruct-v0.1,1.0,1.0,sapbert_full_len3,7,7,0,6,False,1,-0.0,-0.0,C0012655,True,,,,,,,,,7.0,0.1109665632247924,0.1130403620856148,0.1109665632247924,1.0,0.8869595527648926
mm_0068072,PubMedBERT,0.0,1.0,sapbert_full_len3,7,7,0,6,False,1,-0.0,-0.0,C1839576,True,7.0,1.0,"{""C1839576"": 7}",-0.0,-0.0,0.0,C1839576,0.0,7.0,-0.6875767707824707,-0.6875767707824707,-0.6875767707824707,0.31242260336875916,0.9999993443489075
mm_0068158,BERT-base,0.0,1.0,sapbert_full_len3,5,5,0,4,False,2,0.7219280948873623,0.3109175070825711,C0524869,False,5.0,2.0,"{""C0524869"": 4, ""C0265267"": 1}",0.7219280948873623,0.3109175070825711,0.0,C0524869,0.0,5.0,-0.5384072065353394,-0.5471063852310181,-0.5819032192230225,0.36463767290115356,0.9117439985275269
mm_0068158,BioBERT,0.0,1.0,sapbert_full_len3,5,5,0,4,False,1,-0.0,-0.0,C1257738,True,5.0,1.0,"{""C1257738"": 5}",-0.0,-0.0,0.0,C1257738,0.0,5.0,-0.6351290941238403,-0.6351290941238403,-0.6351290941238403,0.2766149938106537,0.9117439985275269
mm_0068158,BioMistral-7B,0.0,0.9999998807907104,sapbert_full_len3,5,5,0,4,False,2,0.9709505944546686,0.4181656600790516,C0026918,False,,,,,,,,,5.0,2.384185791015625e-07,0.001623511314392,2.384185791015625e-07,0.9764761924743652,0.974852740764618
mm_0068158,FLAN-T5-base,0.0,0.8666114807128906,sapbert_full_len3,5,5,0,4,False,2,0.7219280948873623,0.3109175070825711,C0456644,False,,,,,,,,,5.0,0.0467219948768615,0.0135380864143371,0.0040584802627563,0.9017146825790404,0.8881765604019165
mm_0068158,Llama3-OpenBioLLM-8B,0.0,0.7533403635025024,sapbert_full_len3,5,5,0,4,False,2,0.7219280948873623,0.3109175070825711,C1519068,False,,,,,,,,,5.0,-0.1755561828613281,-0.1620927929878234,-0.1755561828613281,0.7588498950004577,0.9209426641464232
mm_0068158,Meta-Llama-3-8B-Instruct,0.0,1.0,sapbert_full_len3,5,5,0,4,False,1,-0.0,-0.0,C2936603,True,,,,,,,,,5.0,0.1727532148361206,0.1727532148361206,0.1727532148361206,1.0,0.8272467851638794
mm_0068158,Mistral-7B-Instruct-v0.1,0.0,0.9999998807907104,sapbert_full_len3,5,5,0,4,False,1,-0.0,-0.0,C2936603,True,,,,,,,,,5.0,0.172753095626831,0.172753095626831,0.172753095626831,0.9999998807907104,0.8272467851638794
mm_0068158,PubMedBERT,0.0,1.0,sapbert_full_len3,5,5,0,4,False,1,-0.0,-0.0,C1839576,True,5.0,1.0,"{""C1839576"": 5}",-0.0,-0.0,0.0,C1839576,0.0,5.0,-0.5673528909683228,-0.5673528909683228,-0.5673528909683228,0.3443911671638489,0.9117439985275269
mm_0068247,BERT-base,0.0,1.0,sapbert_full_len3,9,9,0,8,False,1,-0.0,-0.0,C1447749,True,9.0,1.0,"{""C1447749"": 9}",-0.0,-0.0,0.0,C1447749,0.0,9.0,-0.6600319147109985,-0.6600319147109985,-0.6600319147109985,0.33996719121932983,0.9999991655349731
mm_0068247,BioBERT,0.0,1.0,sapbert_full_len3,9,9,0,8,False,2,0.9182958340544896,0.2896900821428475,C1257990,False,9.0,2.0,"{""C1447749"": 3, ""UMLS:C1257990"": 6}",0.9182958340544896,0.2896900821428475,0.0,UMLS:C1257990,0.0,9.0,-0.6600319147109985,-0.6678881645202637,-0.6718162894248962,0.3321109414100647,0.9999991655349731
mm_0068247,BioMistral-7B,0.0,1.0,sapbert_full_len3,9,9,0,8,False,1,-0.0,-0.0,C0020196,True,,,,,,,,,9.0,4.76837158203125e-07,4.76837158203125e-07,4.76837158203125e-07,1.0,0.9999995827674866
mm_0068247,FLAN-T5-base,0.0,1.0,sapbert_full_len3,9,9,0,8,False,1,-0.0,-0.0,C0020196,True,,,,,,,,,9.0,5.960464477539062e-07,5.960464477539062e-07,5.960464477539062e-07,1.0,0.9999993443489076
mm_0068247,Llama3-OpenBioLLM-8B,0.0,0.9999999403953552,sapbert_full_len3,9,9,0,8,False,2,0.7642045065086203,0.2410796804848405,C0020196,False,,,,,,,,,9.0,4.172325134277344e-07,0.0073768628968132,4.172325134277344e-07,0.999999913904402,0.9926230311393738
mm_0068247,Meta-Llama-3-8B-Instruct,0.0,1.0000001192092896,sapbert_full_len3,9,9,0,8,False,2,0.7642045065086203,0.2410796804848405,C0029408,False,,,,,,,,,9.0,0.0563296675682067,0.0438118974367777,4.172325134277344e-07,0.9999999205271404,0.9561879634857178
mm_0068247,Mistral-7B-Instruct-v0.1,0.0,0.9999999403953552,sapbert_full_len3,9,9,0,8,False,2,0.9910760598382222,0.3126496871021503,C0020196,False,,,,,,,,,9.0,4.172325134277344e-07,0.0250355336401197,4.172325134277344e-07,0.999999913904402,0.9749643802642822
mm_0068247,PubMedBERT,0.0,1.0,sapbert_full_len3,9,9,0,8,False,2,0.7642045065086203,0.2410796804848405,C0015131,False,9.0,2.0,"{""C0015131"": 7, ""C1839576"": 2}",0.7642045065086203,0.2410796804848405,0.0,C0015131,0.0,9.0,-0.6389001607894897,-0.645447313785553,-0.6683622598648071,0.3545517921447754,0.9999991655349731
mm_0068940,BERT-base,0.0,1.0,sapbert_full_len3,5,5,0,4,False,2,0.7219280948873623,0.3109175070825711,C1447749,False,5.0,2.0,"{""C1447749"": 4, ""UMLS:C1257990"": 1}",0.7219280948873623,0.3109175070825711,0.0,C1447749,0.0,5.0,-0.4672529101371765,-0.4663841128349304,-0.4672529101371765,0.3817949891090393,0.848179042339325
mm_0068940,BioBERT,0.0,1.0,sapbert_full_len3,5,5,0,4,False,1,-0.0,-0.0,C1136216,True,5.0,1.0,"{""C1136216"": 5}",-0.0,-0.0,0.0,C1136216,0.0,5.0,-0.2828454375267029,-0.2828454375267029,-0.2828454375267029,0.5653336644172668,0.848179042339325
mm_0068940,BioMistral-7B,0.0,0.8498752117156982,sapbert_full_len3,5,5,0,4,False,1,-0.0,-0.0,C0026769,True,,,,,,,,,5.0,0.0061234831809997,0.0061028361320495,0.006097674369812,0.849854564666748,0.8437517285346985
mm_0068940,FLAN-T5-base,0.0,0.8498494029045105,sapbert_full_len3,5,5,0,4,False,2,0.7219280948873623,0.3109175070825711,C0026769,False,,,,,,,,,5.0,0.006097674369812,0.0048782110214233,3.5762786865234375e-07,0.8798794984817505,0.8750012516975403
mm_0068940,Llama3-OpenBioLLM-8B,0.0,0.9999999403953552,sapbert_full_len3,5,5,0,4,False,2,0.9709505944546686,0.4181656600790516,C0024485,False,,,,,,,,,5.0,4.172325134277344e-07,0.003008210659027,2.980232237659308e-07,0.9999999165534972,0.996991753578186
mm_0068940,Meta-Llama-3-8B-Instruct,0.0,0.9999998211860656,sapbert_full_len3,5,5,0,4,False,1,-0.0,-0.0,C0024485,True,,,,,,,,,5.0,0.0398480296134947,0.0398481249809264,0.0398480296134947,0.9999999165534972,0.9601517915725708
mm_0068940,Mistral-7B-Instruct-v0.1,0.0,0.9999998211860656,sapbert_full_len3,5,5,0,4,False,2,0.9709505944546686,0.4181656600790516,C0026769,False,,,,,,,,,5.0,0.0398480296134947,0.0246679186820983,4.172325134277344e-07,0.9999999284744264,0.975331962108612
mm_0068940,PubMedBERT,0.0,1.0,sapbert_full_len3,5,5,0,4,False,1,-0.0,-0.0,C1839576,True,5.0,1.0,"{""C1839576"": 5}",-0.0,-0.0,0.0,C1839576,0.0,5.0,-0.4597044289112091,-0.4597044587135315,-0.4597044289112091,0.3884746730327606,0.848179042339325
mm_0069162,BERT-base,0.0,1.0,sapbert_full_len3,5,5,0,4,False,2,0.9709505944546686,0.4181656600790516,C0280321,False,5.0,2.0,"{""C0280321"": 3, ""UMLS:C1257990"": 2}",0.9709505944546686,0.4181656600790516,0.0,C0280321,0.0,5.0,-0.2463759183883667,-0.4511323571205139,-0.7582669854164124,0.5488665103912354,0.9999988675117493
mm_0069162,BioBERT,1.0,1.0,sapbert_full_len3,5,5,0,4,False,1,-0.0,-0.0,C0280313,True,5.0,1.0,"{""UMLS:C0280313"": 5}",-0.0,-0.0,1.0,UMLS:C0280313,0.0,5.0,0.1074560284614563,0.1074560284614563,0.1074560284614563,0.9999991655349731,0.8925431370735168
mm_0069162,BioMistral-7B,1.0,0.9999996423721312,sapbert_full_len3,5,5,0,4,False,3,1.521928094887362,0.6554587535412855,C0007137,False,,,,,,,,,5.0,0.1074565052986143,0.0686233401298522,0.0208691358566284,0.9999998807907104,0.931376576423645
mm_0069162,FLAN-T5-base,1.0,0.9999998807907104,sapbert_full_len3,5,5,0,4,False,1,-0.0,-0.0,C0280313,True,,,,,,,,,5.0,0.1074567437171936,0.1074567437171936,0.1074567437171936,0.9999998807907104,0.8925431370735168
mm_0069162,Llama3-OpenBioLLM-8B,1.0,1.0,sapbert_full_len3,5,5,0,4,False,2,0.9709505944546686,0.4181656600790516,C0280313,False,,,,,,,,,5.0,0.0486516952514648,0.0715331554412841,0.0486516952514648,0.999999976158142,0.928466796875
mm_0069162,Meta-Llama-3-8B-Instruct,1.0,0.9999996423721312,sapbert_full_len3,5,5,0,4,False,2,0.9709505944546686,0.4181656600790516,C0280313,False,,,,,,,,,5.0,0.1074565052986143,0.0644742131233215,5.364418029785156e-07,0.9999998569488524,0.9355255961418152
mm_0069162,Mistral-7B-Instruct-v0.1,1.0,1.0,sapbert_full_len3,5,5,0,4,False,1,-0.0,-0.0,C0280313,True,,,,,,,,,5.0,0.1034319400787353,0.1050417661666869,0.1034319400787353,0.9999998569488524,0.8949581384658813
mm_0069162,PubMedBERT,0.0,1.0,sapbert_full_len3,5,5,0,4,False,1,-0.0,-0.0,C1839576,True,5.0,1.0,"{""C1839576"": 5}",-0.0,-0.0,0.0,C1839576,0.0,5.0,-0.6384649276733398,-0.6384649276733398,-0.6384649276733398,0.3615339398384094,0.9999988675117493
mm_0069838,BERT-base,0.0,1.0,sapbert_full_len3,5,5,0,4,False,2,0.9709505944546686,0.4181656600790516,C1447749,False,5.0,2.0,"{""C1447749"": 3, ""C0265267"": 2}",0.9709505944546686,0.4181656600790516,0.0,C1447749,0.0,5.0,-0.7879685163497925,-0.7545133829116821,-0.7879685163497925,0.24548551440238953,0.9999988675117493
mm_0069838,BioBERT,1.0,1.0,sapbert_full_len3,5,5,0,4,False,1,-0.0,-0.0,C0376671,True,5.0,2.0,"{""C0376671"": 3, ""UMLS:C0376671"": 2}",0.9709505944546686,0.4181656600790516,0.4,C0376671,0.0,5.0,0.1395372748374939,0.1395372748374939,0.1395372748374939,0.999998927116394,0.8604615926742554
mm_0069838,BioMistral-7B,0.0,1.0,sapbert_full_len3,5,5,0,4,False,1,-0.0,-0.0,C0020608,True,,,,,,,,,5.0,0.0172330737113952,0.0172330737113952,0.0172330737113952,1.0,0.9827669262886048
mm_0069838,FLAN-T5-base,0.0,1.0,sapbert_full_len3,5,5,0,4,False,2,0.9709505944546686,0.4181656600790516,C0020608,False,,,,,,,,,5.0,0.0172461867332458,0.0103477835655211,4.172325133167121e-07,0.9999998331069946,0.9896520376205444
mm_0069838,Llama3-OpenBioLLM-8B,0.0,0.9999999403953552,sapbert_full_len3,5,5,0,4,False,4,1.9219280948873625,0.8277293767706428,C0011370,False,,,,,,,,,5.0,0.0203022360801696,0.0375421404838561,5.364418029785156e-07,0.9999998927116394,0.9624577760696412
mm_0069838,Meta-Llama-3-8B-Instruct,0.0,1.0,sapbert_full_len3,5,5,0,4,False,2,0.9709505944546686,0.4181656600790516,C0020608,False,,,,,,,,,5.0,0.0172330737113952,0.0208117604255676,0.0172330737113952,1.0,0.9791882634162904
mm_0069838,Mistral-7B-Instruct-v0.1,0.0,0.9999997615814208,sapbert_full_len3,5,5,0,4,False,1,-0.0,-0.0,C0020608,True,,,,,,,,,5.0,0.017232835292816,0.016309106349945,0.0149235129356384,0.9922247409820556,0.9759156107902528
mm_0069838,PubMedBERT,0.0,1.0,sapbert_full_len3,5,5,0,4,False,1,-0.0,-0.0,C1447749,True,5.0,1.0,"{""C1447749"": 5}",-0.0,-0.0,0.0,C1447749,0.0,5.0,-0.7879685163497925,-0.7879685163497925,-0.7879685163497925,0.21203038096427917,0.9999988675117493
mm_0070124,BERT-base,0.0,1.0,sapbert_full_len3,7,7,0,6,False,1,-0.0,-0.0,C1257990,True,7.0,1.0,"{""UMLS:C1257990"": 7}",-0.0,-0.0,0.0,UMLS:C1257990,0.0,7.0,-0.40352386236190796,-0.40352386236190796,-0.40352386236190796,0.3693491518497467,0.7728729844093323
mm_0070124,BioBERT,0.0,1.0,sapbert_full_len3,7,7,0,6,False,3,1.3787834934861751,0.4911325898456825,C1257990,False,7.0,3.0,"{""C5392105"": 2, ""C0265267"": 1, ""UMLS:C1257990"": 4}",1.3787834934861751,0.4911325898456825,0.0,UMLS:C1257990,0.0,7.0,-0.4337676763534546,-0.416369765996933,-0.4337676763534546,0.3565031886100769,0.7728729844093323
mm_0070124,BioMistral-7B,0.0,1.0,sapbert_full_len3,7,7,0,6,False,2,0.863120568566631,0.3074497498641964,C2827666,False,,,,,,,,,7.0,0.0770847797393798,0.0550606931958879,4.76837158203125e-07,1.000000034059797,0.9449393153190612
mm_0070124,FLAN-T5-base,0.0,1.0,sapbert_full_len3,7,7,0,6,False,2,0.863120568566631,0.3074497498641964,C2827666,False,,,,,,,,,7.0,0.0770847797393798,0.0550605569566999,2.384185791015625e-07,0.9999998978206088,0.9449393153190612
mm_0070124,Llama3-OpenBioLLM-8B,0.0,0.970048189163208,sapbert_full_len3,7,7,0,6,False,2,0.9852281360342516,0.3509453429964405,C0871565,False,,,,,,,,,7.0,0.0843234062194824,0.031184434890747,-0.0086697936058044,0.8751775196620396,0.8439931869506836
mm_0070124,Meta-Llama-3-8B-Instruct,0.0,0.7904173731803894,sapbert_full_len3,7,7,0,6,False,3,1.5566567074628228,0.5544923070581674,C0042866,False,,,,,,,,,7.0,-0.0032520294189453,0.0220757552555629,-0.0032942295074462,0.8355313965252468,0.8134556412696838
mm_0070124,Mistral-7B-Instruct-v0.1,0.0,0.9999998807907104,sapbert_full_len3,7,7,0,6,False,1,-0.0,-0.0,C2827666,True,,,,,,,,,7.0,0.0770846605300903,0.0770846605300903,0.0770846605300903,0.9999998807907104,0.9229153394699096
mm_0070124,PubMedBERT,0.0,1.0,sapbert_full_len3,7,7,0,6,False,2,0.863120568566631,0.3074497498641964,C1839576,False,7.0,2.0,"{""C1839576"": 5, ""C1447749"": 2}",0.863120568566631,0.3074497498641964,0.0,C1839576,0.0,7.0,-0.4490734934806824,-0.4347950518131256,-0.4490734934806824,0.33807796239852905,0.7728729844093323
mm_0071254,BERT-base,0.0,1.0,sapbert_full_len3,7,7,0,6,False,1,-0.0,-0.0,C1257990,True,7.0,1.0,"{""UMLS:C1257990"": 7}",-0.0,-0.0,0.0,UMLS:C1257990,0.0,7.0,-0.7047487497329712,-0.7047487497329712,-0.7047487497329712,0.2952510416507721,0.9999998211860657
mm_0071254,BioBERT,0.0,1.0,sapbert_full_len3,7,7,0,6,False,1,-0.0,-0.0,C0358514,True,7.0,1.0,"{""UMLS:C0358514"": 7}",-0.0,-0.0,0.0,UMLS:C0358514,0.0,7.0,-0.48743683099746704,-0.48743683099746704,-0.48743683099746704,0.5125629901885986,0.9999998211860657
mm_0071254,BioMistral-7B,0.0,1.0000001192092896,sapbert_full_len3,7,7,0,6,False,2,0.863120568566631,0.3074497498641964,C0242184,False,,,,,,,,,7.0,4.172325134277344e-07,0.0732032145772661,1.788139343261719e-07,0.9999999489103044,0.9267966151237488
mm_0071254,FLAN-T5-base,0.0,0.9999998807907104,sapbert_full_len3,7,7,0,6,False,2,0.863120568566631,0.3074497498641964,C1176020,False,,,,,,,,,7.0,0.0349428057670593,0.024959317275456,5.960464477539062e-07,0.9999999148505074,0.9750405550003052
mm_0071254,Llama3-OpenBioLLM-8B,0.0,1.0,sapbert_full_len3,7,7,0,6,False,2,0.5916727785823275,0.2107580961471984,C0087111,False,,,,,,,,,7.0,0.2526403665542602,0.1011514493397304,0.0222987532615661,0.9999999829701016,0.8988485932350159
mm_0071254,Meta-Llama-3-8B-Instruct,0.0,1.0,sapbert_full_len3,7,7,0,6,False,3,1.3787834934861751,0.4911325898456825,C0242184,False,,,,,,,,,7.0,0.0357804298400878,0.0158424547740391,4.172325134277344e-07,1.0000000510896956,0.9841575622558594
mm_0071254,Mistral-7B-Instruct-v0.1,0.0,0.9999998211860656,sapbert_full_len3,7,7,0,6,False,2,0.5916727785823275,0.2107580961471984,C1176020,False,,,,,,,,,7.0,0.0349575877189635,0.0721110531261988,0.0349575877189635,0.9999998467309136,0.9278887510299684
mm_0071254,PubMedBERT,0.0,1.0,sapbert_full_len3,7,7,0,6,False,1,-0.0,-0.0,C0358514,True,7.0,1.0,"{""UMLS:C0358514"": 7}",-0.0,-0.0,0.0,UMLS:C0358514,0.0,7.0,-0.48743683099746704,-0.48743683099746704,-0.48743683099746704,0.5125629901885986,0.9999998211860657
mm_0071441,BERT-base,0.0,1.0,sapbert_full_len3,5,5,0,4,False,1,-0.0,-0.0,C1257990,True,5.0,1.0,"{""UMLS:C1257990"": 5}",-0.0,-0.0,0.0,UMLS:C1257990,0.0,5.0,-0.648732602596283,-0.648732602596283,-0.648732602596283,0.3512672185897827,0.9999998211860657
mm_0071441,BioBERT,0.0,1.0,sapbert_full_len3,5,5,0,4,False,1,-0.0,-0.0,C1257990,True,5.0,1.0,"{""UMLS:C1257990"": 5}",-0.0,-0.0,0.0,UMLS:C1257990,0.0,5.0,-0.648732602596283,-0.648732602596283,-0.648732602596283,0.3512672185897827,0.9999998211860657
mm_0071441,BioMistral-7B,0.0,1.0,sapbert_full_len3,5,5,0,4,False,1,-0.0,-0.0,C3178870,True,,,,,,,,,5.0,0.1058628559112548,0.1058628559112548,0.1058628559112548,1.0,0.8941372036933899
mm_0071441,FLAN-T5-base,0.0,0.9999999403953552,sapbert_full_len3,5,5,0,4,False,1,-0.0,-0.0,C0162638,True,,,,,,,,,5.0,0.0375575423240661,0.0375574946403503,0.0375574827194213,0.9999998927116394,0.9624423980712892
mm_0071441,Llama3-OpenBioLLM-8B,0.0,1.0,sapbert_full_len3,5,5,0,4,False,2,0.7219280948873623,0.3109175070825711,C0021655,False,,,,,,,,,5.0,0.1058628559112548,0.0329529285430907,0.0147254467010496,0.9999998569488524,0.9670469164848328
mm_0071441,Meta-Llama-3-8B-Instruct,0.0,1.0,sapbert_full_len3,5,5,0,4,False,1,-0.0,-0.0,C3178870,True,,,,,,,,,5.0,0.1058628559112548,0.1058628559112548,0.1058628559112548,1.0,0.8941372036933899
mm_0071441,Mistral-7B-Instruct-v0.1,0.0,0.9999997615814208,sapbert_full_len3,5,5,0,4,False,1,-0.0,-0.0,C3178870,True,,,,,,,,,5.0,0.1058626174926756,0.1058626174926756,0.1058626174926756,0.9999997615814208,0.8941372036933899
mm_0071441,PubMedBERT,0.0,1.0,sapbert_full_len3,5,5,0,4,False,1,-0.0,-0.0,C1447749,True,5.0,1.0,"{""C1447749"": 5}",-0.0,-0.0,0.0,C1447749,0.0,5.0,-0.5807316303253174,-0.5807316303253174,-0.5807316303253174,0.4192681908607483,0.9999998211860657
mm_0071546,BERT-base,0.0,1.0,sapbert_full_len3,5,5,0,4,False,2,0.9709505944546686,0.4181656600790516,C1431519,False,5.0,2.0,"{""C1431519"": 3, ""UMLS:C1283169"": 2}",0.9709505944546686,0.4181656600790516,0.0,C1431519,0.0,5.0,-0.548173725605011,-0.5719263553619385,-0.6075553297996521,0.4280732572078705,0.9999996423721313
mm_0071546,BioBERT,0.0,1.0,sapbert_full_len3,5,5,0,4,False,2,0.9709505944546686,0.4181656600790516,C1447749,False,5.0,2.0,"{""C1447749"": 3, ""UMLS:C1257990"": 2}",0.9709505944546686,0.4181656600790516,0.0,C1447749,0.0,5.0,-0.6337528824806213,-0.6487472653388977,-0.6712387800216675,0.35125240683555603,0.9999996423721313
mm_0071546,BioMistral-7B,0.0,0.9999998211860656,sapbert_full_len3,5,5,0,4,False,1,-0.0,-0.0,C0282507,True,,,,,,,,,5.0,5.364418028674933e-07,5.364418028674933e-07,5.364418028674933e-07,0.9999998211860656,0.999999225139618
mm_0071546,FLAN-T5-base,1.0,1.0,sapbert_full_len3,5,5,0,4,False,2,0.7219280948873623,0.3109175070825711,C0282507,False,,,,,,,,,5.0,0.1969820261001587,0.0393967866897582,4.768371580921027e-07,0.9999998092651368,0.9606030583381652
mm_0071546,Llama3-OpenBioLLM-8B,1.0,1.0,sapbert_full_len3,5,5,0,4,False,2,0.7219280948873623,0.3109175070825711,C0282507,False,,,,,,,,,5.0,0.3156764507293701,0.0631357192993163,5.364418028674933e-07,0.9999998569488524,0.9368640780448914
mm_0071546,Meta-Llama-3-8B-Instruct,1.0,1.0,sapbert_full_len3,5,5,0,4,False,2,0.7219280948873623,0.3109175070825711,C0282507,False,,,,,,,,,5.0,0.146884799003601,0.0293773412704466,4.768371580921027e-07,0.9999998092651368,0.970622420310974
mm_0071546,Mistral-7B-Instruct-v0.1,0.0,0.9999997615814208,sapbert_full_len3,5,5,0,4,False,1,-0.0,-0.0,C0282507,True,,,,,,,,,5.0,4.768371580921027e-07,5.245208739124152e-07,4.768371580921027e-07,0.9999998092651364,0.999999225139618
mm_0071546,PubMedBERT,0.0,1.0,sapbert_full_len3,5,5,0,4,False,2,0.9709505944546686,0.4181656600790516,C1839576,False,5.0,2.0,"{""C1839576"": 3, ""C1447749"": 2}",0.9709505944546686,0.4181656600790516,0.0,C1839576,0.0,5.0,-0.6907954216003418,-0.6679784059524536,-0.6907954216003418,0.3320212662220001,0.9999996423721313
mm_0072049,BERT-base,0.0,1.0,sapbert_full_len3,7,7,0,6,False,1,-0.0,-0.0,C1257990,True,7.0,1.0,"{""UMLS:C1257990"": 7}",-0.0,-0.0,0.0,UMLS:C1257990,0.0,7.0,-0.6722452640533447,-0.6722453236579895,-0.6722452640533447,0.32775434851646423,0.9999996423721313
mm_0072049,BioBERT,0.0,1.0,sapbert_full_len3,7,7,0,6,False,1,-0.0,-0.0,C1447749,True,7.0,1.0,"{""C1447749"": 7}",-0.0,-0.0,0.0,C1447749,0.0,7.0,-0.6617638468742371,-0.6617638468742371,-0.6617638468742371,0.3382357954978943,0.9999996423721313
mm_0072049,BioMistral-7B,0.0,1.0,sapbert_full_len3,7,7,0,6,False,3,1.3787834934861751,0.4911325898456825,C0026882,False,,,,,,,,,7.0,0.1296755671501159,0.080851171697889,5.364418029785156e-07,1.0,0.919148862361908
mm_0072049,FLAN-T5-base,0.0,1.0,sapbert_full_len3,7,7,0,6,False,1,-0.0,-0.0,C0242640,True,,,,,,,,,7.0,0.0840281248092651,0.0840282269886561,0.0840281248092651,1.000000102179391,0.91597181558609
mm_0072049,Llama3-OpenBioLLM-8B,0.0,1.0,sapbert_full_len3,7,7,0,6,False,1,-0.0,-0.0,C0242640,True,,,,,,,,,7.0,0.0840281248092651,0.0840281248092651,0.0840281248092651,1.0,0.91597181558609
mm_0072049,Meta-Llama-3-8B-Instruct,0.0,1.0000001192092896,sapbert_full_len3,7,7,0,6,False,1,-0.0,-0.0,C0242640,True,,,,,,,,,7.0,0.0839880108833313,0.0839880108833313,0.0839880108833313,1.0000001192092896,0.916012167930603
mm_0072049,Mistral-7B-Instruct-v0.1,0.0,0.9999998807907104,sapbert_full_len3,7,7,0,6,False,2,0.5916727785823275,0.2107580961471984,C0242640,False,,,,,,,,,7.0,0.0766534805297851,0.0829402208328247,0.0766534805297851,1.0000000851494926,0.9170598983764648
mm_0072049,PubMedBERT,0.0,1.0,sapbert_full_len3,7,7,0,6,False,2,0.9852281360342516,0.3509453429964405,C0018966,False,7.0,2.0,"{""UMLS:C0752046"": 3, ""C0018966"": 4}",0.9852281360342516,0.3509453429964405,0.0,C0018966,0.0,7.0,-0.3782421350479126,-0.5457995533943176,-0.6714675426483154,0.4542001187801361,0.9999996423721313
mm_0074294,BERT-base,0.0,1.0,sapbert_full_len3,5,5,0,4,False,1,-0.0,-0.0,C1257990,True,5.0,1.0,"{""UMLS:C1257990"": 5}",-0.0,-0.0,0.0,UMLS:C1257990,0.0,5.0,-0.5555524826049805,-0.5555524826049805,-0.5555524826049805,0.4196915626525879,0.9752440452575684
mm_0074294,BioBERT,0.0,1.0,sapbert_full_len3,5,5,0,4,False,1,-0.0,-0.0,C1257990,True,5.0,1.0,"{""UMLS:C1257990"": 5}",-0.0,-0.0,0.0,UMLS:C1257990,0.0,5.0,-0.5555524826049805,-0.5555524826049805,-0.5555524826049805,0.4196915626525879,0.9752440452575684
mm_0074294,BioMistral-7B,0.0,0.939871311187744,sapbert_full_len3,5,5,0,4,False,1,-0.0,-0.0,C0672708,True,,,,,,,,,5.0,-0.0024315118789673,-0.000485873222351,-0.0024315118789673,0.9879742622375488,0.9884601831436156
mm_0074294,FLAN-T5-base,0.0,1.0,sapbert_full_len3,5,5,0,4,False,1,-0.0,-0.0,C0672708,True,,,,,,,,,5.0,5.364418029785156e-07,5.364418029785156e-07,5.364418029785156e-07,1.0,0.9999994039535522
mm_0074294,Llama3-OpenBioLLM-8B,0.0,0.9075776934623718,sapbert_full_len3,5,5,0,4,False,2,0.9709505944546686,0.4181656600790516,C3158055,False,,,,,,,,,5.0,0.0597574114799499,0.0788332462310791,0.0597574114799499,0.9481671333312988,0.8693338632583618
mm_0074294,Meta-Llama-3-8B-Instruct,1.0,0.9752485752105712,sapbert_full_len3,5,5,0,4,False,1,-0.0,-0.0,C3158055,True,,,,,,,,,5.0,0.0915722846984862,0.0915548324584961,0.0915504693984986,0.975231122970581,0.8836763501167297
mm_0074294,Mistral-7B-Instruct-v0.1,0.0,0.9999998211860656,sapbert_full_len3,5,5,0,4,False,3,1.521928094887362,0.6554587535412855,C0585362,False,,,,,,,,,5.0,3.5762786854132145e-07,0.0334865808486938,3.5762786854132145e-07,0.9313797116279602,0.8978931307792664
mm_0074294,PubMedBERT,0.0,1.0,sapbert_full_len3,5,5,0,4,False,1,-0.0,-0.0,C1257990,True,5.0,1.0,"{""UMLS:C1257990"": 5}",-0.0,-0.0,0.0,UMLS:C1257990,0.0,5.0,-0.5555524826049805,-0.5555524826049805,-0.5555524826049805,0.4196915626525879,0.9752440452575684
mm_0074383,BERT-base,0.0,1.0,sapbert_full_len3,8,8,0,7,False,2,0.8112781244591328,0.2704260414863776,C0280324,False,8.0,2.0,"{""C0280324"": 6, ""UMLS:C0393786"": 2}",0.8112781244591328,0.2704260414863776,0.0,C0280324,0.0,8.0,-0.8848358392715454,-0.8383137583732605,-0.8848358392715454,0.16168604791164398,0.9999998211860657
mm_0074383,BioBERT,0.0,1.0,sapbert_full_len3,8,8,0,7,False,2,0.8112781244591328,0.2704260414863776,C0232772,False,8.0,2.0,"{""UMLS:C0232772"": 6, ""C0016978"": 2}",0.8112781244591328,0.2704260414863776,0.0,UMLS:C0232772,0.0,8.0,-0.7489181756973267,-0.7296942472457886,-0.7489181756973267,0.2703055739402771,0.9999998211860657
mm_0074383,BioMistral-7B,0.0,1.0,sapbert_full_len3,8,8,0,7,False,2,0.8112781244591328,0.2704260414863776,C0149955,False,,,,,,,,,8.0,0.1916393041610717,0.143729567527771,3.5762786865234375e-07,1.0,0.856270432472229
mm_0074383,FLAN-T5-base,0.0,0.9999998807907104,sapbert_full_len3,8,8,0,7,False,3,1.561278124459133,0.5204260414863776,C0221198,False,,,,,,,,,8.0,0.0193252563476562,0.0212204903364181,3.5762786865234375e-07,0.9999999552965164,0.978779435157776
mm_0074383,Llama3-OpenBioLLM-8B,0.0,1.0,sapbert_full_len3,8,8,0,7,False,2,0.8112781244591328,0.2704260414863776,C0149955,False,,,,,,,,,8.0,0.1916393041610717,0.1437257826328277,3.5762786865234375e-07,1.0,0.8562742471694946
mm_0074383,Meta-Llama-3-8B-Instruct,0.0,1.0,sapbert_full_len3,8,8,0,7,False,2,0.8112781244591328,0.2704260414863776,C0149955,False,,,,,,,,,8.0,0.1916241645812988,0.1437181681394576,1.7881393421514957e-07,0.9999999552965164,0.8562817573547363
mm_0074383,Mistral-7B-Instruct-v0.1,0.0,1.0,sapbert_full_len3,8,8,0,7,False,3,1.5,0.5,C0030274,False,,,,,,,,,8.0,0.1916241645812988,0.0527374446392058,1.7881393421514957e-07,0.9999998807907104,0.947262406349182
mm_0074383,PubMedBERT,0.0,1.0,sapbert_full_len3,8,8,0,7,False,2,0.954434002924965,0.318144667641655,C1839576,False,8.0,2.0,"{""C1839576"": 5, ""C1447749"": 3}",0.954434002924965,0.318144667641655,0.0,C1839576,0.0,8.0,-0.6644365191459656,-0.6502366662025452,-0.6644365191459656,0.3497631549835205,0.9999998211860657
mm_0074570,BERT-base,0.0,1.0,sapbert_full_len3,7,7,0,6,False,1,-0.0,-0.0,C1447749,True,7.0,1.0,"{""C1447749"": 7}",-0.0,-0.0,0.0,C1447749,0.0,7.0,-0.6769136190414429,-0.6769136190414429,-0.6769136190414429,0.32308563590049744,0.9999993443489075
mm_0074570,BioBERT,0.0,1.0,sapbert_full_len3,7,7,0,6,False,1,-0.0,-0.0,C0038441,True,7.0,1.0,"{""C0038441"": 7}",-0.0,-0.0,0.0,C0038441,0.0,7.0,-0.46124696731567383,-0.46124696731567383,-0.46124696731567383,0.5387523174285889,0.9999993443489075
mm_0074570,BioMistral-7B,0.0,0.9999998807907104,sapbert_full_len3,7,7,0,6,False,3,1.5566567074628228,0.5544923070581674,C3263723,False,,,,,,,,,7.0,1.1920928955078125e-07,0.0866058894566127,1.1920928955078125e-07,0.9999998807907104,0.9133939743041992
mm_0074570,FLAN-T5-base,0.0,0.9999998807907104,sapbert_full_len3,7,7,0,6,False,1,-0.0,-0.0,C3263723,True,,,,,,,,,7.0,1.1920928955078125e-07,1.1920928955078125e-07,1.1920928955078125e-07,0.9999998807907104,0.9999998807907104
mm_0074570,Llama3-OpenBioLLM-8B,1.0,1.0,sapbert_full_len3,7,7,0,6,False,1,-0.0,-0.0,C0003467,True,,,,,,,,,7.0,0.2364696264266967,0.1934930852481297,0.1207802295684814,1.0,0.8065069317817688
mm_0074570,Meta-Llama-3-8B-Instruct,0.0,0.9999997615814208,sapbert_full_len3,7,7,0,6,False,2,0.863120568566631,0.3074497498641964,C4696948,False,,,,,,,,,7.0,0.1387983560562132,0.0991417510168892,2.384185791015625e-07,0.999999795641218,0.9008579850196838
mm_0074570,Mistral-7B-Instruct-v0.1,1.0,1.0,sapbert_full_len3,7,7,0,6,False,3,1.3787834934861751,0.4911325898456825,C0003467,False,,,,,,,,,7.0,0.0312579870223999,0.0395341770989554,4.76837158203125e-07,1.0000000170298986,0.9604658484458924
mm_0074570,PubMedBERT,0.0,1.0,sapbert_full_len3,7,7,0,6,False,3,1.3787834934861751,0.4911325898456825,C0681906,False,7.0,3.0,"{""C1839576"": 2, ""C1447749"": 1, ""UMLS:C0681906"": 4}",1.3787834934861751,0.4911325898456825,0.0,UMLS:C0681906,0.0,7.0,-0.7266539931297302,-0.7036027312278748,-0.7266539931297302,0.29639655351638794,0.9999993443489075
mm_0075901,BERT-base,0.0,1.0,sapbert_full_len3,5,5,0,4,False,2,0.7219280948873623,0.3109175070825711,C0059563,False,5.0,2.0,"{""C0015131"": 1, ""C0059563"": 4}",0.7219280948873623,0.3109175070825711,0.0,C0059563,0.0,5.0,-0.36155807971954346,-0.35915401577949524,-0.36155807971954346,0.3851378858089447,0.7442919015884399
mm_0075901,BioBERT,0.0,1.0,sapbert_full_len3,5,5,0,4,False,1,-0.0,-0.0,C0050795,True,5.0,1.0,"{""C0050795"": 5}",-0.0,-0.0,0.0,C0050795,0.0,5.0,-0.3750826120376587,-0.3750826120376587,-0.3750826120376587,0.36920928955078125,0.7442919015884399
mm_0075901,BioMistral-7B,0.0,0.9999998807907104,sapbert_full_len3,5,5,0,4,False,2,0.7219280948873623,0.3109175070825711,C1425218,False,,,,,,,,,5.0,0.0329420566558837,-0.009111213684082,-0.0196245312690734,0.7797338724136352,0.7888450622558594
mm_0075901,FLAN-T5-base,0.0,0.9999998807907104,sapbert_full_len3,5,5,0,4,False,2,0.9709505944546686,0.4181656600790516,C0025611,False,,,,,,,,,5.0,5.960464477539062e-07,-0.0078437089920043,-0.0196101665496826,0.8898726224899292,0.8977163434028625
mm_0075901,Llama3-OpenBioLLM-8B,0.0,0.9999998211860656,sapbert_full_len3,5,5,0,4,False,1,-0.0,-0.0,C1511997,True,,,,,,,,,5.0,0.0581400394439696,0.0581400394439696,0.0581400394439696,0.9999998211860656,0.9418598413467408
mm_0075901,Meta-Llama-3-8B-Instruct,0.0,1.0,sapbert_full_len3,5,5,0,4,False,1,-0.0,-0.0,C1511997,True,,,,,,,,,5.0,0.058140218257904,0.0581400752067565,0.0581400394439696,0.9999998569488524,0.9418598413467408
mm_0075901,Mistral-7B-Instruct-v0.1,0.0,0.919139564037323,sapbert_full_len3,5,5,0,4,False,2,0.9709505944546686,0.4181656600790516,C0475338,False,,,,,,,,,5.0,0.0233129262924194,0.0139878034591674,1.1920928943975897e-07,0.95148366689682,0.9374958872795104
mm_0075901,PubMedBERT,0.0,1.0,sapbert_full_len3,5,5,0,4,False,3,1.521928094887362,0.6554587535412855,C0008396,False,5.0,3.0,"{""C1447749"": 1, ""C0008396"": 2, ""C0018966"": 2}",1.521928094887362,0.6554587535412855,0.0,C0008396,1.0,5.0,-0.3274347186088562,-0.3445529043674469,-0.3680870532989502,0.39973899722099304,0.7442919015884399
mm_0076241,BERT-base,0.0,1.0,sapbert_full_len3,5,5,0,4,False,2,0.9709505944546686,0.4181656600790516,C0005825,False,5.0,2.0,"{""C0005825"": 3, ""UMLS:C0444254"": 2}",0.9709505944546686,0.4181656600790516,0.0,C0005825,0.0,5.0,-0.6737922430038452,-0.6475846171379089,-0.6737922430038452,0.3524150252342224,0.9999996423721313
mm_0076241,BioBERT,0.0,1.0,sapbert_full_len3,5,5,0,4,False,2,0.9709505944546686,0.4181656600790516,C1707887,False,5.0,2.0,"{""UMLS:C0919821"": 2, ""UMLS:C1707887"": 3}",0.9709505944546686,0.4181656600790516,0.0,UMLS:C1707887,0.0,5.0,-0.7474473714828491,-0.7141615152359009,-0.7474473714828491,0.28583815693855286,0.9999996423721313
mm_0076241,BioMistral-7B,1.0,1.0,sapbert_full_len3,5,5,0,4,False,2,0.7219280948873623,0.3109175070825711,C1514583,False,,,,,,,,,5.0,0.0666041374206543,0.0532834291458129,5.960464477539062e-07,1.0,0.946716606616974
mm_0076241,FLAN-T5-base,0.0,0.9999999403953552,sapbert_full_len3,5,5,0,4,False,1,-0.0,-0.0,C0204727,True,,,,,,,,,5.0,1.788139343261719e-07,1.788139343261719e-07,1.788139343261719e-07,0.9999999403953552,0.9999998211860656
mm_0076241,Llama3-OpenBioLLM-8B,0.0,0.9999998211860656,sapbert_full_len3,5,5,0,4,False,2,0.7219280948873623,0.3109175070825711,C0010408,False,,,,,,,,,5.0,0.0580109357833861,0.0779209852218627,0.0580109357833861,0.9999998569488524,0.9220789074897766
mm_0076241,Meta-Llama-3-8B-Instruct,1.0,1.0,sapbert_full_len3,5,5,0,4,False,1,-0.0,-0.0,C1514583,True,,,,,,,,,5.0,0.0666041374206543,0.0666041374206543,0.0666041374206543,1.0,0.9333958625793456
mm_0076241,Mistral-7B-Instruct-v0.1,1.0,1.0,sapbert_full_len3,5,5,0,4,False,1,-0.0,-0.0,C1514583,True,,,,,,,,,5.0,0.0666041374206543,0.0666041374206543,0.0666041374206543,1.0,0.9333958625793456
mm_0076241,PubMedBERT,0.0,1.0,sapbert_full_len3,5,5,0,4,False,1,-0.0,-0.0,C1447749,True,5.0,1.0,"{""C1447749"": 5}",-0.0,-0.0,0.0,C1447749,0.0,5.0,-0.609950065612793,-0.609950065612793,-0.609950065612793,0.3900495767593384,0.9999996423721313
mm_0076632,BERT-base,0.0,1.0,sapbert_full_len3,5,5,0,4,False,1,-0.0,-0.0,C1257990,True,5.0,1.0,"{""UMLS:C1257990"": 5}",-0.0,-0.0,0.0,UMLS:C1257990,0.0,5.0,-0.6159074902534485,-0.6159074902534485,-0.6159074902534485,0.3840917944908142,0.9999992251396179
mm_0076632,BioBERT,0.0,1.0,sapbert_full_len3,5,5,0,4,False,1,-0.0,-0.0,C1257990,True,5.0,1.0,"{""UMLS:C1257990"": 5}",-0.0,-0.0,0.0,UMLS:C1257990,0.0,5.0,-0.6159074902534485,-0.6159074902534485,-0.6159074902534485,0.3840917944908142,0.9999992251396179
mm_0076632,BioMistral-7B,0.0,0.9999999403953552,sapbert_full_len3,5,5,0,4,False,1,-0.0,-0.0,C1825840,True,,,,,,,,,5.0,2.980232238769531e-07,2.980232238769531e-07,2.980232238769531e-07,0.9999999403953552,0.9999996423721312
mm_0076632,FLAN-T5-base,0.0,1.0,sapbert_full_len3,5,5,0,4,False,1,-0.0,-0.0,C1825840,True,,,,,,,,,5.0,0.173628032207489,0.1041768908500671,1.7881393421514957e-07,0.9999999284744264,0.8958230018615723
mm_0076632,Llama3-OpenBioLLM-8B,0.0,1.0,sapbert_full_len3,5,4,1,4,False,2,1.0,0.430676558073393,C1825840,False,,,,,,,,,4.0,0.1489510536193847,0.0806448012590407,5.960464466436832e-08,0.9999998211860656,0.9193549752235411
mm_0076632,Meta-Llama-3-8B-Instruct,0.0,1.0,sapbert_full_len3,5,5,0,4,False,1,-0.0,-0.0,C0085616,True,,,,,,,,,5.0,0.0309607982635498,0.0309607982635498,0.0309607982635498,1.0,0.9690391421318054
mm_0076632,Mistral-7B-Instruct-v0.1,0.0,0.9999998807907104,sapbert_full_len3,5,5,0,4,False,1,-0.0,-0.0,C0038454,True,,,,,,,,,5.0,5.364418029785156e-07,5.364418029785156e-07,5.364418029785156e-07,0.9999998807907104,0.9999993443489076
mm_0076632,PubMedBERT,0.0,1.0,sapbert_full_len3,5,5,0,4,False,1,-0.0,-0.0,C1839576,True,5.0,1.0,"{""C1839576"": 5}",-0.0,-0.0,0.0,C1839576,0.0,5.0,-0.5704407691955566,-0.5704407691955566,-0.5704407691955566,0.42955851554870605,0.9999992251396179
mm_0076906,BERT-base,0.0,1.0,sapbert_full_len3,5,5,0,4,False,2,0.7219280948873623,0.3109175070825711,C1447749,False,5.0,2.0,"{""C1447749"": 4, ""C0393786"": 1}",0.7219280948873623,0.3109175070825711,0.0,C1447749,0.0,5.0,-0.6073896288871765,-0.6260301470756531,-0.7005921602249146,0.3739696145057678,0.9999998211860657
mm_0076906,BioBERT,0.0,1.0,sapbert_full_len3,5,5,0,4,False,2,0.9709505944546686,0.4181656600790516,C1447749,False,5.0,2.0,"{""C1312419"": 2, ""C1447749"": 3}",0.9709505944546686,0.4181656600790516,0.0,C1447749,0.0,5.0,-0.6427321434020996,-0.6215265989303589,-0.6427321434020996,0.3784731328487396,0.9999998211860657
mm_0076906,BioMistral-7B,1.0,1.0,sapbert_full_len3,5,5,0,4,False,2,0.7219280948873623,0.3109175070825711,C0027361,False,,,,,,,,,5.0,0.221443772315979,0.1805004477500915,0.0167271494865417,1.0000000238418578,0.8194996118545532
mm_0076906,FLAN-T5-base,0.0,0.999999701976776,sapbert_full_len3,5,5,0,4,False,1,-0.0,-0.0,C0024031,True,,,,,,,,,5.0,0.0167127847671507,0.0167131185531616,0.0167127847671507,1.000000035762787,0.98328697681427
mm_0076906,Llama3-OpenBioLLM-8B,1.0,1.0,sapbert_full_len3,5,5,0,4,False,1,-0.0,-0.0,C0027361,True,,,,,,,,,5.0,0.1352958679199218,0.1462700963020324,0.1246687173843383,1.0,0.8537299036979675
mm_0076906,Meta-Llama-3-8B-Instruct,0.0,1.0000001192092896,sapbert_full_len3,5,5,0,4,False,2,0.7219280948873623,0.3109175070825711,C0024031,False,,,,,,,,,5.0,0.0167271494865417,0.0576648950576782,0.0167132019996643,1.0000000953674315,0.9423352479934692
mm_0076906,Mistral-7B-Instruct-v0.1,0.0,0.9999998807907104,sapbert_full_len3,5,5,0,4,False,2,0.7219280948873623,0.3109175070825711,C0035648,False,,,,,,,,,5.0,0.0102601647377014,0.0524968862533569,0.0102601647377014,0.9999999046325684,0.9475029706954956
mm_0076906,PubMedBERT,0.0,1.0,sapbert_full_len3,5,5,0,4,False,1,-0.0,-0.0,C1839576,True,5.0,1.0,"{""C1839576"": 5}",-0.0,-0.0,0.0,C1839576,0.0,5.0,-0.6588796377182007,-0.6588796377182007,-0.6588796377182007,0.3411200940608978,0.9999998211860657
mm_0076909,BERT-base,0.0,1.0,sapbert_full_len3,5,5,0,4,False,1,-0.0,-0.0,C1447749,True,5.0,1.0,"{""C1447749"": 5}",-0.0,-0.0,0.0,C1447749,0.0,5.0,-0.692202627658844,-0.692202627658844,-0.692202627658844,0.30779701471328735,0.9999996423721313
mm_0076909,BioBERT,0.0,1.0,sapbert_full_len3,5,5,0,4,False,2,0.9709505944546686,0.4181656600790516,C1312419,False,5.0,2.0,"{""C1312419"": 3, ""C1447749"": 2}",0.9709505944546686,0.4181656600790516,0.0,C1312419,0.0,5.0,-0.6524090766906738,-0.6683264970779419,-0.692202627658844,0.33167314529418945,0.9999996423721313
mm_0076909,BioMistral-7B,1.0,1.0,sapbert_full_len3,5,5,0,4,False,1,-0.0,-0.0,C0024031,True,,,,,,,,,5.0,0.221443772315979,0.1395571231842041,0.0167271494865417,1.000000047683716,0.8604429364204407
mm_0076909,FLAN-T5-base,1.0,1.0000001192092896,sapbert_full_len3,5,5,0,4,False,1,-0.0,-0.0,C0024031,True,,,,,,,,,5.0,0.0167132019996643,0.0167128682136534,0.0167127847671507,0.9999997854232788,0.98328697681427
mm_0076909,Llama3-OpenBioLLM-8B,0.0,0.6828922629356384,sapbert_full_len3,5,4,1,4,False,1,-0.0,-0.0,C0024031,True,,,,,,,,,4.0,,-0.1043324470520019,-0.1719417572021484,0.7276225388050079,0.8319549560546875
mm_0076909,Meta-Llama-3-8B-Instruct,1.0,0.999999701976776,sapbert_full_len3,5,5,0,4,False,1,-0.0,-0.0,C0024031,True,,,,,,,,,5.0,0.0167267322540282,0.016721487045288,0.0167132019996643,1.000000035762787,0.9832785725593568
mm_0076909,Mistral-7B-Instruct-v0.1,0.0,0.9999998807907104,sapbert_full_len3,5,5,0,4,False,1,-0.0,-0.0,C0035648,True,,,,,,,,,5.0,0.0102601647377014,0.0102601647377014,0.0102601647377014,0.9999998807907104,0.989739716053009
mm_0076909,PubMedBERT,0.0,1.0,sapbert_full_len3,5,5,0,4,False,1,-0.0,-0.0,C1839576,True,5.0,1.0,"{""C1839576"": 5}",-0.0,-0.0,0.0,C1839576,0.0,5.0,-0.6868201494216919,-0.6868201494216919,-0.6868201494216919,0.31317952275276184,0.9999996423721313
mm_0077174,BERT-base,0.0,1.0,sapbert_full_len3,5,5,0,4,False,1,-0.0,-0.0,C1707887,True,5.0,1.0,"{""UMLS:C1707887"": 5}",-0.0,-0.0,0.0,UMLS:C1707887,0.0,5.0,-0.5799366235733032,-0.5799366235733032,-0.5799366235733032,0.3815016448497772,0.9614382982254028
mm_0077174,BioBERT,0.0,1.0,sapbert_full_len3,5,5,0,4,False,1,-0.0,-0.0,C1707887,True,5.0,1.0,"{""UMLS:C1707887"": 5}",-0.0,-0.0,0.0,UMLS:C1707887,0.0,5.0,-0.5799366235733032,-0.5799366235733032,-0.5799366235733032,0.3815016448497772,0.9614382982254028
mm_0077174,BioMistral-7B,0.0,0.9999997615814208,sapbert_full_len3,5,5,0,4,False,1,-0.0,-0.0,C2936352,True,,,,,,,,,5.0,0.2187083959579466,0.2187083959579467,0.2187083959579466,0.9999997615814208,0.7812913656234741
mm_0077174,FLAN-T5-base,0.0,0.9999997615814208,sapbert_full_len3,5,5,0,4,False,1,-0.0,-0.0,C2936352,True,,,,,,,,,5.0,0.2187083959579466,0.2059515476226806,0.1549234390258789,0.9787470459938048,0.7727954983711243
mm_0077174,Llama3-OpenBioLLM-8B,0.0,0.9999997615814208,sapbert_full_len3,5,5,0,4,False,1,-0.0,-0.0,C2936352,True,,,,,,,,,5.0,0.2187083959579466,0.2187083959579467,0.2187083959579466,0.9999997615814208,0.7812913656234741
mm_0077174,Meta-Llama-3-8B-Instruct,0.0,1.0,sapbert_full_len3,5,5,0,4,False,1,-0.0,-0.0,C2936352,True,,,,,,,,,5.0,0.2187086343765258,0.2187086343765258,0.2187086343765258,1.0,0.7812913656234741
mm_0077174,Mistral-7B-Instruct-v0.1,0.0,1.0,sapbert_full_len3,5,5,0,4,False,1,-0.0,-0.0,C2936352,True,,,,,,,,,5.0,0.2187086343765258,0.2187084436416625,0.2187083959579466,0.9999998092651368,0.7812913656234741
mm_0077174,PubMedBERT,0.0,1.0,sapbert_full_len3,5,5,0,4,False,1,-0.0,-0.0,C1839576,True,5.0,1.0,"{""C1839576"": 5}",-0.0,-0.0,0.0,C1839576,0.0,5.0,-0.6360313892364502,-0.6360313892364502,-0.6360313892364502,0.32540690898895264,0.9614382982254028
mm_0077299,BERT-base,0.0,1.0,sapbert_full_len3,9,9,0,8,False,2,0.9910760598382222,0.3126496871021503,C0001623,False,9.0,2.0,"{""C0001623"": 5, ""UMLS:C0681906"": 4}",0.9910760598382222,0.3126496871021503,0.0,C0001623,0.0,9.0,-0.6371293663978577,-0.6166801452636719,-0.6371293663978577,0.3833194673061371,0.9999995827674866
mm_0077299,BioBERT,1.0,1.0,sapbert_full_len3,9,9,0,8,False,2,0.9182958340544896,0.2896900821428475,C0033927,False,9.0,2.0,"{""UMLS:C0033927"": 6, ""UMLS:C4285807"": 3}",0.9182958340544896,0.2896900821428475,0.6666666666666666,UMLS:C0033927,0.0,9.0,0.13755953311920166,0.013367056846618652,-0.23501789569854736,0.9216601848602295,0.9082931876182556
mm_0077299,BioMistral-7B,0.0,0.9999999403953552,sapbert_full_len3,9,9,0,8,False,3,1.4355205042826666,0.4528562990069186,C0040615,False,,,,,,,,,9.0,0.0479510426521301,0.0666432976722717,0.0424571633338928,0.9999999668863084,0.9333567023277284
mm_0077299,FLAN-T5-base,0.0,0.9999999403953552,sapbert_full_len3,9,9,0,8,False,2,0.7642045065086203,0.2410796804848405,C0040615,False,,,,,,,,,9.0,0.0479510426521301,0.0497197641266716,0.0479510426521301,0.9999999536408318,0.9502801895141602
mm_0077299,Llama3-OpenBioLLM-8B,0.0,0.9999998211860656,sapbert_full_len3,9,9,0,8,False,2,0.7642045065086203,0.2410796804848405,C1707520,False,,,,,,,,,9.0,0.036859095096588,0.0380989511807758,0.0368406772613524,0.9999997946951122,0.96190083026886
mm_0077299,Meta-Llama-3-8B-Instruct,1.0,1.0,sapbert_full_len3,9,9,0,8,False,2,0.9182958340544896,0.2896900821428475,C0033927,False,,,,,,,,,9.0,0.1375600695610046,0.1058589352501762,0.0424568653106688,0.9999998344315424,0.894140899181366
mm_0077299,Mistral-7B-Instruct-v0.1,1.0,0.9999998807907104,sapbert_full_len3,9,9,0,8,False,3,1.4355205042826666,0.4528562990069186,C0033927,False,,,,,,,,,9.0,0.1375599503517151,0.0965128143628437,0.0424568653106688,0.999999827808804,0.903486967086792
mm_0077299,PubMedBERT,0.0,1.0,sapbert_full_len3,9,9,0,8,False,1,-0.0,-0.0,C1839576,True,9.0,1.0,"{""C1839576"": 9}",-0.0,-0.0,0.0,C1839576,0.0,9.0,-0.73960942029953,-0.73960942029953,-0.73960942029953,0.26039016246795654,0.9999995827674866
mm_0077820,BERT-base,0.0,1.0,sapbert_full_len3,7,7,0,6,False,1,-0.0,-0.0,C1257990,True,7.0,1.0,"{""UMLS:C1257990"": 7}",-0.0,-0.0,0.0,UMLS:C1257990,0.0,7.0,-0.6905792951583862,-0.6905792951583862,-0.6905792951583862,0.30942001938819885,0.9999993443489075
mm_0077820,BioBERT,0.0,1.0,sapbert_full_len3,7,7,0,6,False,2,0.863120568566631,0.3074497498641964,C1257990,False,7.0,2.0,"{""UMLS:C1257990"": 5, ""UMLS:C1707887"": 2}",0.863120568566631,0.3074497498641964,0.0,UMLS:C1257990,0.0,7.0,-0.6905792951583862,-0.6602758765220642,-0.6905792951583862,0.33972349762916565,0.9999993443489075
mm_0077820,BioMistral-7B,0.0,1.0000001192092896,sapbert_full_len3,7,7,0,6,False,1,-0.0,-0.0,C0024480,True,,,,,,,,,7.0,0.0868266820907592,0.0875101940972463,0.0868263244628905,0.9999998467309136,0.9124895930290222
mm_0077820,FLAN-T5-base,0.0,1.0000001192092896,sapbert_full_len3,7,7,0,6,False,2,0.863120568566631,0.3074497498641964,C0024480,False,,,,,,,,,7.0,0.0868266820907592,0.0861634697232927,0.0845054388046264,1.0000000851494926,0.9138365983963012
mm_0077820,Llama3-OpenBioLLM-8B,0.0,0.9999997615814208,sapbert_full_len3,7,7,0,6,False,2,0.863120568566631,0.3074497498641964,C0024480,False,,,,,,,,,7.0,0.0868263244628905,0.0954397746494837,0.0868263244628905,0.999999863760812,0.904560089111328
mm_0077820,Meta-Llama-3-8B-Instruct,0.0,1.0,sapbert_full_len3,7,7,0,6,False,2,0.863120568566631,0.3074497498641964,C0920317,False,,,,,,,,,7.0,0.1234364509582519,0.0856752906526838,1.1920928955078125e-07,0.9999999829701016,0.9143246412277222
mm_0077820,Mistral-7B-Instruct-v0.1,0.0,0.9999997615814208,sapbert_full_len3,7,7,0,6,False,2,0.9852281360342516,0.3509453429964405,C0920317,False,,,,,,,,,7.0,0.0868263244628905,0.1545299972806658,0.0868263244628905,0.999999931880406,0.8454698920249939
mm_0077820,PubMedBERT,0.0,1.0,sapbert_full_len3,7,7,0,6,False,1,-0.0,-0.0,C1839576,True,7.0,1.0,"{""C1839576"": 7}",-0.0,-0.0,0.0,C1839576,0.0,7.0,-0.5470095872879028,-0.5470095872879028,-0.5470095872879028,0.45298972725868225,0.9999993443489075
mm_0078429,BERT-base,0.0,1.0,sapbert_full_len3,7,7,0,6,False,1,-0.0,-0.0,C0169661,True,7.0,1.0,"{""C0169661"": 7}",-0.0,-0.0,0.0,C0169661,0.0,7.0,-0.50005042552948,-0.50005042552948,-0.50005042552948,0.31230077147483826,0.8123511672019958
mm_0078429,BioBERT,0.0,1.0,sapbert_full_len3,7,7,0,6,False,2,0.5916727785823275,0.2107580961471984,C1257990,False,7.0,2.0,"{""UMLS:C1257990"": 6, ""C1433433"": 1}",0.5916727785823275,0.2107580961471984,0.0,UMLS:C1257990,0.0,7.0,-0.48960164189338684,-0.48207584023475647,-0.48960164189338684,0.33027535676956177,0.8123511672019958
mm_0078429,BioMistral-7B,0.0,0.9999998807907104,sapbert_full_len3,7,7,0,6,False,1,-0.0,-0.0,C0140145,True,,,,,,,,,7.0,2.384185791015625e-07,2.384185791015625e-07,2.384185791015625e-07,0.9999998807907104,0.9999995827674866
mm_0078429,FLAN-T5-base,0.0,0.9999998807907104,sapbert_full_len3,7,7,0,6,False,1,-0.0,-0.0,C0140145,True,,,,,,,,,7.0,2.384185791015625e-07,0.00010347366333,2.384185791015625e-07,0.9540199041366576,0.9539164304733276
mm_0078429,Llama3-OpenBioLLM-8B,0.0,0.9999997615814208,sapbert_full_len3,7,7,0,6,False,3,1.3787834934861751,0.4911325898456825,C1660642,False,,,,,,,,,7.0,0.0767219066619872,0.0383683102471488,1.7881393421514957e-07,0.9629887001855032,0.9246203303337096
mm_0078429,Meta-Llama-3-8B-Instruct,0.0,0.9352000951766968,sapbert_full_len3,7,7,0,6,False,2,0.9852281360342516,0.3509453429964405,C0140145,False,,,,,,,,,7.0,0.0479336977005004,0.0206463507243565,3.5762786865234375e-07,0.9262485333851406,0.9056021571159364
mm_0078429,Mistral-7B-Instruct-v0.1,0.0,0.8390697240829468,sapbert_full_len3,7,7,0,6,False,1,-0.0,-0.0,C0140145,True,,,,,,,,,7.0,0.0003613233566284,0.0002245051520211,2.384185791015625e-07,0.8850161177771432,0.8847916722297668
mm_0078429,PubMedBERT,0.0,1.0,sapbert_full_len3,7,7,0,6,False,3,1.3787834934861751,0.4911325898456825,C1370369,False,7.0,3.0,"{""C1370369"": 4, ""C1447749"": 1, ""C1839576"": 2}",1.3787834934861751,0.4911325898456825,0.0,C1370369,0.0,7.0,-0.453916996717453,-0.4400143027305603,-0.45863214135169983,0.37233686447143555,0.8123511672019958
mm_0079961,BERT-base,1.0,1.0,sapbert_full_len3,5,5,0,4,False,2,0.7219280948873623,0.3109175070825711,C1707887,False,5.0,2.0,"{""UMLS:C1707887"": 4, ""UMLS:C1257990"": 1}",0.7219280948873623,0.3109175070825711,0.8,UMLS:C1707887,0.0,5.0,-0.15995466709136963,-0.18618908524513245,-0.2911267876625061,0.5447055101394653,0.7308945655822754
mm_0079961,BioBERT,1.0,1.0,sapbert_full_len3,5,5,0,4,False,1,-0.0,-0.0,C1707887,True,5.0,1.0,"{""UMLS:C1707887"": 5}",-0.0,-0.0,1.0,UMLS:C1707887,0.0,5.0,-0.15995466709136963,-0.15995466709136963,-0.15995466709136963,0.5709398984909058,0.7308945655822754
mm_0079961,BioMistral-7B,0.0,0.9999998807907104,sapbert_full_len3,5,5,0,4,False,1,-0.0,-0.0,C0003402,True,,,,,,,,,5.0,0.0927680134773254,0.092768108844757,0.0927680134773254,0.999999976158142,0.9072319269180298
mm_0079961,FLAN-T5-base,0.0,1.0,sapbert_full_len3,5,5,0,4,False,2,0.9709505944546686,0.4181656600790516,C0003402,False,,,,,,,,,5.0,0.0927681326866149,0.0556420445442199,-4.7087669372558594e-05,0.9871943950653076,0.9315522909164428
mm_0079961,Llama3-OpenBioLLM-8B,0.0,0.9999998807907104,sapbert_full_len3,5,5,0,4,False,4,1.9219280948873625,0.8277293767706428,C5909503,False,,,,,,,,,5.0,0.0572748780250549,0.0414554119110107,-6.133317947387695e-05,0.9510851740837096,0.9096297025680542
mm_0079961,Meta-Llama-3-8B-Instruct,0.0,1.0,sapbert_full_len3,5,5,0,4,False,2,0.9709505944546686,0.4181656600790516,C0003402,False,,,,,,,,,5.0,0.0927681326866149,0.0582568526268005,0.0064899325370788,0.936297345161438,0.8780404925346375
mm_0079961,Mistral-7B-Instruct-v0.1,0.0,0.930284857749939,sapbert_full_len3,5,5,0,4,False,3,1.3709505944546687,0.5904362833084089,C0599739,False,,,,,,,,,5.0,-0.0159559249877929,0.0089880466461181,-0.0159559249877929,0.9071290016174316,0.8981409072875977
mm_0079961,PubMedBERT,1.0,1.0,sapbert_full_len3,5,5,0,4,False,1,-0.0,-0.0,C1707887,True,5.0,1.0,"{""UMLS:C1707887"": 5}",-0.0,-0.0,1.0,UMLS:C1707887,0.0,5.0,-0.15995466709136963,-0.15995466709136963,-0.15995466709136963,0.5709398984909058,0.7308945655822754
mm_0080286,BERT-base,0.0,1.0,sapbert_full_len3,7,7,0,6,False,1,-0.0,-0.0,C1257990,True,7.0,1.0,"{""UMLS:C1257990"": 7}",-0.0,-0.0,0.0,UMLS:C1257990,0.0,7.0,-0.6775624752044678,-0.677562415599823,-0.6775624752044678,0.32243701815605164,0.999999463558197
mm_0080286,BioBERT,0.0,1.0,sapbert_full_len3,7,7,0,6,False,1,-0.0,-0.0,C1257990,True,7.0,1.0,"{""UMLS:C1257990"": 7}",-0.0,-0.0,0.0,UMLS:C1257990,0.0,7.0,-0.6775624752044678,-0.677562415599823,-0.6775624752044678,0.32243701815605164,0.999999463558197
mm_0080286,BioMistral-7B,1.0,1.0,sapbert_full_len3,7,7,0,6,False,2,0.9852281360342516,0.3509453429964405,C1817756,False,,,,,,,,,7.0,0.1207984685897827,0.0728533778871808,0.0368945598602294,0.999999965940203,0.9271465539932252
mm_0080286,FLAN-T5-base,1.0,1.0,sapbert_full_len3,7,7,0,6,False,2,0.863120568566631,0.3074497498641964,C0683312,False,,,,,,,,,7.0,0.105228304862976,0.0827005079814365,4.172325134277344e-07,0.9999999829701016,0.9172994494438172
mm_0080286,Llama3-OpenBioLLM-8B,0.0,1.0,sapbert_full_len3,7,7,0,6,False,1,-0.0,-0.0,C0020962,True,,,,,,,,,7.0,1.788139343261719e-07,1.788139343261719e-07,1.788139343261719e-07,1.0,0.9999998807907104
mm_0080286,Meta-Llama-3-8B-Instruct,0.0,0.9999998807907104,sapbert_full_len3,7,7,0,6,False,2,0.863120568566631,0.3074497498641964,C0020962,False,,,,,,,,,7.0,1.788139343261719e-07,1.788139343261719e-07,1.788139343261719e-07,0.999999965940203,0.9999998807907104
mm_0080286,Mistral-7B-Instruct-v0.1,0.0,0.9999998807907104,sapbert_full_len3,7,7,0,6,False,1,-0.0,-0.0,C0020964,True,,,,,,,,,7.0,1.788139343261719e-07,1.788139343261719e-07,1.788139343261719e-07,0.9999998807907104,0.9999996423721312
mm_0080286,PubMedBERT,0.0,1.0,sapbert_full_len3,7,7,0,6,False,1,-0.0,-0.0,C1447749,True,7.0,1.0,"{""C1447749"": 7}",-0.0,-0.0,0.0,C1447749,0.0,7.0,-0.5949009656906128,-0.5949009656906128,-0.5949009656906128,0.4050985276699066,0.999999463558197
mm_0080797,BERT-base,1.0,1.0,sapbert_full_len3,7,7,0,6,False,1,-0.0,-0.0,C0752046,True,7.0,1.0,"{""UMLS:C0752046"": 7}",-0.0,-0.0,1.0,UMLS:C0752046,0.0,7.0,-0.4159214496612549,-0.4159214496612549,-0.4159214496612549,0.35190242528915405,0.7678238749504089
mm_0080797,BioBERT,1.0,1.0,sapbert_full_len3,7,7,0,6,False,1,-0.0,-0.0,C0752046,True,7.0,1.0,"{""UMLS:C0752046"": 7}",-0.0,-0.0,1.0,UMLS:C0752046,0.0,7.0,-0.4159214496612549,-0.4159214496612549,-0.4159214496612549,0.35190242528915405,0.7678238749504089
mm_0080797,BioMistral-7B,0.0,0.9999998807907104,sapbert_full_len3,7,7,0,6,False,2,0.863120568566631,0.3074497498641964,C0948008,False,,,,,,,,,7.0,0.1090881824493408,0.0853293623243059,0.0259323120117187,0.9715530020850044,0.8862236738204956
mm_0080797,FLAN-T5-base,0.0,0.9004358053207397,sapbert_full_len3,7,7,0,6,False,2,0.5916727785823275,0.2107580961471984,C0205742,False,,,,,,,,,7.0,0.0259323120117187,0.0287608759743826,0.0259323120117187,0.9146592446735928,0.8858984112739563
mm_0080797,Llama3-OpenBioLLM-8B,0.0,0.9999999403953552,sapbert_full_len3,7,7,0,6,False,3,1.1488348542809166,0.4092232318950598,C0032529,False,,,,,,,,,7.0,0.0439700484275817,0.0383418798446655,2.384185791015625e-07,0.9999999489103044,0.9616580605506896
mm_0080797,Meta-Llama-3-8B-Instruct,0.0,0.782744824886322,sapbert_full_len3,7,7,0,6,False,4,1.8423709931771084,0.6562657890890309,C0948008,False,,,,,,,,,7.0,0.0221972465515136,0.0377273218972342,7.152557373046875e-07,0.9350580062185015,0.8973307013511658
mm_0080797,Mistral-7B-Instruct-v0.1,0.0,0.9999997615814208,sapbert_full_len3,7,7,0,6,False,2,0.863120568566631,0.3074497498641964,C0032529,False,,,,,,,,,7.0,1.1920928943975897e-07,0.0311905315944125,1.1920928943975897e-07,0.9999997786113192,0.968809187412262
mm_0080797,PubMedBERT,1.0,1.0,sapbert_full_len3,7,7,0,6,False,1,-0.0,-0.0,C0752046,True,7.0,1.0,"{""UMLS:C0752046"": 7}",-0.0,-0.0,1.0,UMLS:C0752046,0.0,7.0,-0.4159214496612549,-0.4159214496612549,-0.4159214496612549,0.35190242528915405,0.7678238749504089
mm_0080962,BERT-base,0.0,1.0,sapbert_full_len3,5,5,0,4,False,2,0.9709505944546686,0.4181656600790516,C0085472,False,5.0,2.0,"{""C0085472"": 3, ""C1312419"": 2}",0.9709505944546686,0.4181656600790516,0.0,C0085472,0.0,5.0,-0.46521711349487305,-0.5167327523231506,-0.5940061807632446,0.48326653242111206,0.9999992251396179
mm_0080962,BioBERT,0.0,1.0,sapbert_full_len3,5,5,0,4,False,1,-0.0,-0.0,C0061751,True,5.0,1.0,"{""C0061751"": 5}",-0.0,-0.0,0.0,C0061751,0.0,5.0,-0.7181463241577148,-0.7181463241577148,-0.7181463241577148,0.28185293078422546,0.9999992251396179
mm_0080962,BioMistral-7B,1.0,0.9999999403953552,sapbert_full_len3,5,5,0,4,False,1,-0.0,-0.0,C0004611,True,,,,,,,,,5.0,0.0924864411354065,0.0554920315742492,4.172325134277344e-07,0.9999999642372132,0.9445079565048218
mm_0080962,FLAN-T5-base,1.0,0.9999999403953552,sapbert_full_len3,5,5,0,4,False,2,0.9709505944546686,0.4181656600790516,C0004611,False,,,,,,,,,5.0,0.0924477577209472,0.0554687738418578,4.172325134277344e-07,0.9999999165534972,0.9445311427116394
mm_0080962,Llama3-OpenBioLLM-8B,1.0,1.0,sapbert_full_len3,5,5,0,4,False,1,-0.0,-0.0,C0004611,True,,,,,,,,,5.0,0.1307733058929443,0.0903918981552124,0.0793042778968811,1.0,0.9096080660820008
mm_0080962,Meta-Llama-3-8B-Instruct,0.0,0.9999999403953552,sapbert_full_len3,5,5,0,4,False,1,-0.0,-0.0,C1271650,True,,,,,,,,,5.0,0.0224395394325256,0.0224394440650939,0.0224394202232359,0.9999998450279236,0.9775604009628296
mm_0080962,Mistral-7B-Instruct-v0.1,1.0,0.9999998211860656,sapbert_full_len3,5,5,0,4,False,1,-0.0,-0.0,C0004611,True,,,,,,,,,5.0,0.0924863219261168,0.0554919123649596,2.980232238769531e-07,0.9999998450279236,0.9445079565048218
mm_0080962,PubMedBERT,0.0,1.0,sapbert_full_len3,5,5,0,4,False,2,0.9709505944546686,0.4181656600790516,C1839576,False,5.0,2.0,"{""C1839576"": 3, ""UMLS:C1502411"": 2}",0.9709505944546686,0.4181656600790516,0.0,C1839576,0.0,5.0,-0.6702935099601746,-0.6245864629745483,-0.6702935099601746,0.37541279196739197,0.9999992251396179
mm_0081397,BERT-base,0.0,1.0,sapbert_full_len3,5,5,0,4,False,1,-0.0,-0.0,C1257990,True,5.0,1.0,"{""UMLS:C1257990"": 5}",-0.0,-0.0,0.0,UMLS:C1257990,0.0,5.0,-0.7509610056877136,-0.7509610056877136,-0.7509610056877136,0.24903810024261475,0.9999991655349731
mm_0081397,BioBERT,0.0,1.0,sapbert_full_len3,5,5,0,4,False,1,-0.0,-0.0,C1257990,True,5.0,1.0,"{""UMLS:C1257990"": 5}",-0.0,-0.0,0.0,UMLS:C1257990,0.0,5.0,-0.7509610056877136,-0.7509610056877136,-0.7509610056877136,0.24903810024261475,0.9999991655349731
mm_0081397,BioMistral-7B,1.0,1.0,sapbert_full_len3,5,5,0,4,False,1,-0.0,-0.0,C0042216,True,,,,,,,,,5.0,0.1539297699928283,0.1079902291297912,0.0390809178352355,1.0,0.8920097351074219
mm_0081397,FLAN-T5-base,1.0,1.0,sapbert_full_len3,5,5,0,4,False,1,-0.0,-0.0,C0042216,True,,,,,,,,,5.0,0.0376718044281005,0.0382354497909545,0.0376718044281005,1.0,0.9617645144462584
mm_0081397,Llama3-OpenBioLLM-8B,1.0,1.0,sapbert_full_len3,5,5,0,4,False,2,0.9709505944546686,0.4181656600790516,C0042216,False,,,,,,,,,5.0,0.1156466007232666,0.1007999897003173,0.0785300731658935,1.0,0.8992000818252563
mm_0081397,Meta-Llama-3-8B-Instruct,1.0,1.0,sapbert_full_len3,5,5,0,4,False,2,0.9709505944546686,0.4181656600790516,C0042216,False,,,,,,,,,5.0,0.1156466007232666,0.084556245803833,0.0379207134246826,0.999999976158142,0.9154437780380248
mm_0081397,Mistral-7B-Instruct-v0.1,1.0,1.0,sapbert_full_len3,5,5,0,4,False,1,-0.0,-0.0,C0042216,True,,,,,,,,,5.0,0.3321588635444641,0.3260640025138855,0.3169217109680176,1.0,0.6739360094070435
mm_0081397,PubMedBERT,0.0,1.0,sapbert_full_len3,5,5,0,4,False,2,0.7219280948873623,0.3109175070825711,C1447749,False,5.0,2.0,"{""C1431322"": 1, ""C1447749"": 4}",0.7219280948873623,0.3109175070825711,0.0,C1447749,0.0,5.0,-0.7221434116363525,-0.6964357495307922,-0.7221434116363525,0.30356335639953613,0.9999991655349731
mm_0081697,BERT-base,0.0,1.0,sapbert_full_len3,7,7,0,6,False,1,-0.0,-0.0,C0242193,True,7.0,1.0,"{""UMLS:C0242193"": 7}",-0.0,-0.0,0.0,UMLS:C0242193,0.0,7.0,-0.6560331583023071,-0.6560331583023071,-0.6560331583023071,0.3439664840698242,0.9999996423721313
mm_0081697,BioBERT,0.0,1.0,sapbert_full_len3,7,7,0,6,False,2,0.9852281360342516,0.3509453429964405,C1839576,False,7.0,2.0,"{""UMLS:C1707887"": 3, ""C1839576"": 4}",0.9852281360342516,0.3509453429964405,0.0,C1839576,0.0,7.0,-0.7292621731758118,-0.6208528876304626,-0.7292621731758118,0.3791467547416687,0.9999996423721313
mm_0081697,BioMistral-7B,1.0,0.9999998807907104,sapbert_full_len3,7,7,0,6,False,1,-0.0,-0.0,C2239176,True,,,,,,,,,7.0,2.384185791015625e-07,2.384185791015625e-07,2.384185791015625e-07,0.9999998807907104,0.9999995827674866
mm_0081697,FLAN-T5-base,1.0,1.0,sapbert_full_len3,7,7,0,6,False,1,-0.0,-0.0,C2239176,True,,,,,,,,,7.0,3.5762786865234375e-07,3.065381731305804e-07,2.980232238769531e-07,0.9999999489103044,0.9999995827674866
mm_0081697,Llama3-OpenBioLLM-8B,0.0,0.6277862787246704,sapbert_full_len3,7,6,1,6,False,1,-0.0,-0.0,C2239176,True,,,,,,,,,6.0,,0.264255940914154,0.2596184015274048,1.0,0.735744059085846
mm_0081697,Meta-Llama-3-8B-Instruct,1.0,0.9687747955322266,sapbert_full_len3,7,7,0,6,False,1,-0.0,-0.0,C2239176,True,,,,,,,,,7.0,0.0297739505767822,0.0297739505767822,0.0297739505767822,0.9687747955322266,0.939000964164734
mm_0081697,Mistral-7B-Instruct-v0.1,1.0,0.9783781170845032,sapbert_full_len3,7,7,0,6,False,1,-0.0,-0.0,C2239176,True,,,,,,,,,7.0,0.0355377197265625,0.0355377197265625,0.0355377197265625,0.9783781170845032,0.9428404569625854
mm_0081697,PubMedBERT,0.0,1.0,sapbert_full_len3,7,7,0,6,False,1,-0.0,-0.0,C1839576,True,7.0,1.0,"{""C1839576"": 7}",-0.0,-0.0,0.0,C1839576,0.0,7.0,-0.5395458936691284,-0.5395458936691284,-0.5395458936691284,0.46045371890068054,0.9999996423721313
mm_0081867,BERT-base,0.0,1.0,sapbert_full_len3,5,5,0,4,False,1,-0.0,-0.0,C1257990,True,5.0,1.0,"{""UMLS:C1257990"": 5}",-0.0,-0.0,0.0,UMLS:C1257990,0.0,5.0,-0.6743137836456299,-0.6743137836456299,-0.6743137836456299,0.325685977935791,0.9999998211860657
mm_0081867,BioBERT,0.0,1.0,sapbert_full_len3,5,5,0,4,False,1,-0.0,-0.0,C1257990,True,5.0,1.0,"{""UMLS:C1257990"": 5}",-0.0,-0.0,0.0,UMLS:C1257990,0.0,5.0,-0.6743137836456299,-0.6743137836456299,-0.6743137836456299,0.325685977935791,0.9999998211860657
mm_0081867,BioMistral-7B,0.0,0.9999998211860656,sapbert_full_len3,5,5,0,4,False,2,0.9709505944546686,0.4181656600790516,C0694888,False,,,,,,,,,5.0,2.980232237659308e-07,3.457069396750612e-07,2.384185791015625e-07,0.9999999642372132,0.9999996423721312
mm_0081867,FLAN-T5-base,0.0,0.9999998807907104,sapbert_full_len3,5,5,0,4,False,1,-0.0,-0.0,C1879547,True,,,,,,,,,5.0,0.0705037117004394,0.0680383205413818,0.0643402338027954,0.9999999284744264,0.9319616556167604
mm_0081867,Llama3-OpenBioLLM-8B,0.0,1.0,sapbert_full_len3,5,5,0,4,False,3,1.521928094887362,0.6554587535412855,C4277689,False,,,,,,,,,5.0,0.0984178781509399,0.0196839570999145,3.5762786865234375e-07,1.0,0.9803160429000854
mm_0081867,Meta-Llama-3-8B-Instruct,0.0,0.9999999403953552,sapbert_full_len3,5,5,0,4,False,1,-0.0,-0.0,C0598958,True,,,,,,,,,5.0,0.0692481994628906,0.0692481994628906,0.0692481994628906,0.9999999403953552,0.9307516813278198
mm_0081867,Mistral-7B-Instruct-v0.1,0.0,1.0,sapbert_full_len3,5,5,0,4,False,2,0.9709505944546686,0.4181656600790516,C0694888,False,,,,,,,,,5.0,4.76837158203125e-07,0.0635287284851073,2.980232237659308e-07,0.9999999284744264,0.936471164226532
mm_0081867,PubMedBERT,0.0,1.0,sapbert_full_len3,5,5,0,4,False,2,0.7219280948873623,0.3109175070825711,C1447749,False,5.0,2.0,"{""C1839576"": 1, ""C1447749"": 4}",0.7219280948873623,0.3109175070825711,0.0,C1447749,0.0,5.0,-0.675780177116394,-0.6507364511489868,-0.675780177116394,0.3492633104324341,0.9999998211860657
mm_0082339,BERT-base,0.0,1.0,sapbert_full_len3,4,4,0,3,False,1,-0.0,-0.0,C1257990,True,4.0,1.0,"{""UMLS:C1257990"": 4}",-0.0,-0.0,0.0,UMLS:C1257990,0.0,4.0,-0.7637059092521667,-0.7637059092521667,-0.7637059092521667,0.23629312217235565,0.9999990463256836
mm_0082339,BioBERT,0.0,1.0,sapbert_full_len3,4,4,0,3,False,1,-0.0,-0.0,C1257990,True,4.0,1.0,"{""UMLS:C1257990"": 4}",-0.0,-0.0,0.0,UMLS:C1257990,0.0,4.0,-0.7637059092521667,-0.7637059092521667,-0.7637059092521667,0.23629312217235565,0.9999990463256836
mm_0082339,BioMistral-7B,1.0,1.0,sapbert_full_len3,4,4,0,3,False,2,0.8112781244591328,0.4056390622295664,C1273723,False,,,,,,,,,4.0,0.1086776852607727,0.1060627102851867,0.0982177853584289,0.9999999701976776,0.8939372897148132
mm_0082339,FLAN-T5-base,0.0,1.0,sapbert_full_len3,4,4,0,3,False,1,-0.0,-0.0,C0162512,True,,,,,,,,,4.0,4.76837158203125e-07,4.76837158203125e-07,4.76837158203125e-07,1.0,0.9999995231628418
mm_0082339,Llama3-OpenBioLLM-8B,1.0,1.0,sapbert_full_len3,4,4,0,3,False,1,-0.0,-0.0,C1273723,True,,,,,,,,,4.0,0.1952229142189026,0.1574550122022628,0.0441513061523437,1.0,0.8425450325012207
mm_0082339,Meta-Llama-3-8B-Instruct,0.0,1.0,sapbert_full_len3,4,4,0,3,False,2,0.8112781244591328,0.4056390622295664,C1143767,False,,,,,,,,,4.0,1.1920928955078125e-06,0.0424194335937499,1.0728836059570312e-06,0.9999998956918716,0.9575804471969604
mm_0082339,Mistral-7B-Instruct-v0.1,0.0,0.9999998807907104,sapbert_full_len3,4,4,0,3,False,2,1.0,0.5,C1143767,False,,,,,,,,,4.0,1.0728836059570312e-06,0.0137352645397186,1.0728836059570312e-06,0.9999999403953552,0.986264705657959
mm_0082339,PubMedBERT,0.0,1.0,sapbert_full_len3,4,4,0,3,False,1,-0.0,-0.0,C1839576,True,4.0,1.0,"{""C1839576"": 4}",-0.0,-0.0,0.0,C1839576,0.0,4.0,-0.731096625328064,-0.731096625328064,-0.731096625328064,0.26890242099761963,0.9999990463256836
mm_0082433,BERT-base,0.0,1.0,sapbert_full_len3,6,6,0,5,False,1,-0.0,-0.0,C1447749,True,6.0,1.0,"{""C1447749"": 6}",-0.0,-0.0,0.0,C1447749,0.0,6.0,-0.6511682271957397,-0.6511682271957397,-0.6511682271957397,0.34883108735084534,0.9999993443489075
mm_0082433,BioBERT,0.0,1.0,sapbert_full_len3,6,6,0,5,False,1,-0.0,-0.0,C1447749,True,6.0,1.0,"{""C1447749"": 6}",-0.0,-0.0,0.0,C1447749,0.0,6.0,-0.6511682271957397,-0.6511682271957397,-0.6511682271957397,0.34883108735084534,0.9999993443489075
mm_0082433,BioMistral-7B,0.0,0.9999997615814208,sapbert_full_len3,6,6,0,5,False,2,0.6500224216483541,0.2514629985800606,C0022709,False,,,,,,,,,6.0,-1.1102230246251563e-16,2.3841857904605135e-07,-1.1102230246251563e-16,0.9999998211860656,0.9999995231628418
mm_0082433,FLAN-T5-base,1.0,0.9999999403953552,sapbert_full_len3,6,6,0,5,False,2,0.6500224216483541,0.2514629985800606,C0028754,False,,,,,,,,,6.0,3.5762786865234375e-07,3.476937611897787e-07,2.980232238769531e-07,0.9999999403953552,0.9999995827674866
mm_0082433,Llama3-OpenBioLLM-8B,0.0,0.9999997615814208,sapbert_full_len3,6,6,0,5,False,2,1.0,0.3868528072345416,C0022709,False,,,,,,,,,6.0,-1.1102230246251563e-16,0.0276603698730467,-1.1102230246251563e-16,0.9999998211860656,0.9723394513130188
mm_0082433,Meta-Llama-3-8B-Instruct,1.0,1.0,sapbert_full_len3,6,6,0,5,False,1,-0.0,-0.0,C0028754,True,,,,,,,,,6.0,0.1031488180160522,0.1045472025871276,0.1031488180160522,1.0,0.8954527378082275
mm_0082433,Mistral-7B-Instruct-v0.1,1.0,0.9999998211860656,sapbert_full_len3,6,6,0,5,False,2,0.9182958340544896,0.355245321275764,C0028754,False,,,,,,,,,6.0,4.768371580921027e-07,0.0276605685551961,2.384185791015625e-07,0.9999999105930328,0.972339391708374
mm_0082433,PubMedBERT,0.0,1.0,sapbert_full_len3,6,6,0,5,False,1,-0.0,-0.0,C1839576,True,6.0,1.0,"{""C1839576"": 6}",-0.0,-0.0,0.0,C1839576,0.0,6.0,-0.6609339714050293,-0.6609339714050293,-0.6609339714050293,0.33906540274620056,0.9999993443489075
mm_0082670,BERT-base,0.0,1.0,sapbert_full_len3,9,9,0,8,False,3,1.3921472236645345,0.4391735523809267,C3888046,False,9.0,3.0,"{""C3888046"": 4, ""C0055966"": 1, ""C0169661"": 4}",1.3921472236645345,0.4391735523809267,0.0,C3888046,0.0,9.0,-0.49425727128982544,-0.5465644598007202,-0.5937067270278931,0.45343494415283203,0.9999993443489075
mm_0082670,BioBERT,0.0,1.0,sapbert_full_len3,9,9,0,8,False,2,0.7642045065086203,0.2410796804848405,C1257990,False,9.0,2.0,"{""UMLS:C1257990"": 7, ""C1370369"": 2}",0.7642045065086203,0.2410796804848405,0.0,UMLS:C1257990,0.0,9.0,-0.7125990986824036,-0.5542437434196472,-0.7125990986824036,0.4457556903362274,0.9999993443489075
mm_0082670,BioMistral-7B,0.0,0.9999998807907104,sapbert_full_len3,9,9,0,8,False,1,-0.0,-0.0,C1334899,True,,,,,,,,,9.0,4.76837158203125e-07,5.298190646701389e-07,4.76837158203125e-07,0.9999999337726168,0.9999993443489076
mm_0082670,FLAN-T5-base,0.0,0.9999997615814208,sapbert_full_len3,9,9,0,8,False,1,-0.0,-0.0,C0011777,True,,,,,,,,,9.0,0.1433547735214232,0.1433547735214232,0.1433547735214232,0.9999997615814208,0.8566449880599976
mm_0082670,Llama3-OpenBioLLM-8B,0.0,0.9999998807907104,sapbert_full_len3,9,9,0,8,False,1,-0.0,-0.0,C1334899,True,,,,,,,,,9.0,4.76837158203125e-07,0.0148922668562995,4.76837158203125e-07,0.999999894036187,0.9851076602935792
mm_0082670,Meta-Llama-3-8B-Instruct,0.0,0.9999999403953552,sapbert_full_len3,9,9,0,8,False,3,1.5304930567574824,0.4828168035714125,C1334899,False,,,,,,,,,9.0,5.364418029785156e-07,0.0677402416865031,5.364418029785156e-07,0.9999999536408318,0.9322597980499268
mm_0082670,Mistral-7B-Instruct-v0.1,0.0,0.9999999403953552,sapbert_full_len3,9,9,0,8,False,2,0.5032583347756457,0.1587603285713901,C0872079,False,,,,,,,,,9.0,0.1688016653060913,0.1500522361861335,5.364418029785156e-07,0.9999999403953552,0.8499476909637451
mm_0082670,PubMedBERT,0.0,1.0,sapbert_full_len3,9,9,0,8,False,2,0.5032583347756457,0.1587603285713901,C1447749,False,9.0,2.0,"{""C1447749"": 8, ""C1370369"": 1}",0.5032583347756457,0.1587603285713901,0.0,C1447749,0.0,9.0,-0.2935755252838135,-0.2609560191631317,-0.2935755252838135,0.7390434145927429,0.9999993443489075
mm_0082839,BERT-base,0.0,1.0,sapbert_full_len3,5,5,0,4,False,2,0.7219280948873623,0.3109175070825711,C1257990,False,5.0,2.0,"{""UMLS:C1257990"": 4, ""C1955926"": 1}",0.7219280948873623,0.3109175070825711,0.0,UMLS:C1257990,0.0,5.0,-0.8285308480262756,-0.6885613203048706,-0.8285308480262756,0.31143826246261597,0.9999996423721313
mm_0082839,BioBERT,0.0,1.0,sapbert_full_len3,5,5,0,4,False,2,0.9709505944546686,0.4181656600790516,C0949610,False,5.0,2.0,"{""C0949610"": 3, ""C1431322"": 2}",0.9709505944546686,0.4181656600790516,0.0,C0949610,0.0,5.0,-0.7753534913063049,-0.7052015066146851,-0.7753534913063049,0.2947981059551239,0.9999996423721313
mm_0082839,BioMistral-7B,0.0,1.0,sapbert_full_len3,5,5,0,4,False,1,-0.0,-0.0,C0026237,True,,,,,,,,,5.0,0.068554937839508,0.068554937839508,0.068554937839508,1.0,0.9314450025558472
mm_0082839,FLAN-T5-base,1.0,0.9999999403953552,sapbert_full_len3,5,5,0,4,False,2,0.7219280948873623,0.3109175070825711,C0026237,False,,,,,,,,,5.0,0.0173489451408386,0.0583136439323425,0.0173489451408386,0.9999998927116394,0.9416862726211548
mm_0082839,Llama3-OpenBioLLM-8B,0.0,0.9999998807907104,sapbert_full_len3,5,5,0,4,False,2,0.9709505944546686,0.4181656600790516,C0026237,False,,,,,,,,,5.0,0.0685548186302185,0.1349783062934875,0.0685548186302185,0.9999999284744264,0.8650215864181519
mm_0082839,Meta-Llama-3-8B-Instruct,0.0,1.0,sapbert_full_len3,5,5,0,4,False,2,0.9709505944546686,0.4181656600790516,C0026237,False,,,,,,,,,5.0,0.068554937839508,0.1291687607765198,0.0685548186302185,0.999999952316284,0.8708311915397644
mm_0082839,Mistral-7B-Instruct-v0.1,0.0,0.9999998807907104,sapbert_full_len3,5,5,0,4,False,1,-0.0,-0.0,C0026237,True,,,,,,,,,5.0,0.0685548186302185,0.0685548186302185,0.0685548186302185,0.9999998807907104,0.9314450025558472
mm_0082839,PubMedBERT,0.0,1.0,sapbert_full_len3,5,5,0,4,False,4,1.9219280948873625,0.8277293767706428,C1839576,False,5.0,4.0,"{""UMLS:C1423931"": 1, ""C1431322"": 1, ""C0338508"": 1, ""C1839576"": 2}",1.9219280948873625,0.8277293767706428,0.0,C1839576,1.0,5.0,-0.6410849094390869,-0.7029322385787964,-0.7600895166397095,0.29706743359565735,0.9999996423721313
mm_0083256,BERT-base,0.0,1.0,sapbert_full_len3,5,5,0,4,False,2,0.7219280948873623,0.3109175070825711,C0018081,False,5.0,2.0,"{""C0018081"": 4, ""C0085472"": 1}",0.7219280948873623,0.3109175070825711,0.0,C0018081,0.0,5.0,-0.4902951121330261,-0.5113860368728638,-0.5957497954368591,0.4886135160923004,0.9999996423721313
mm_0083256,BioBERT,0.0,1.0,sapbert_full_len3,5,5,0,4,False,2,0.7219280948873623,0.3109175070825711,C0018081,False,5.0,2.0,"{""C0018081"": 4, ""C0265267"": 1}",0.7219280948873623,0.3109175070825711,0.0,C0018081,0.0,5.0,-0.4902951121330261,-0.5114203095436096,-0.5959210991859436,0.48857927322387695,0.9999996423721313
mm_0083256,BioMistral-7B,1.0,1.0,sapbert_full_len3,5,5,0,4,False,2,0.9709505944546686,0.4181656600790516,C0008115,False,,,,,,,,,5.0,0.1311805844306945,0.0946791052818298,0.0399268865585327,1.0,0.9053208231925964
mm_0083256,FLAN-T5-base,1.0,1.0,sapbert_full_len3,5,5,0,4,False,1,-0.0,-0.0,C0008115,True,,,,,,,,,5.0,0.1311805844306945,0.088031780719757,0.0233085751533508,1.0,0.911968231201172
mm_0083256,Llama3-OpenBioLLM-8B,0.0,0.9999998807907104,sapbert_full_len3,5,5,0,4,False,2,0.9709505944546686,0.4181656600790516,C0949852,False,,,,,,,,,5.0,2.384185791015625e-07,0.0159709453582763,2.384185791015625e-07,0.999999976158142,0.9840289950370787
mm_0083256,Meta-Llama-3-8B-Instruct,1.0,1.0,sapbert_full_len3,5,5,0,4,False,2,0.7219280948873623,0.3109175070825711,C0008115,False,,,,,,,,,5.0,0.1311805844306945,0.0705166697502136,0.0232564210891723,1.0,0.9294832944869996
mm_0083256,Mistral-7B-Instruct-v0.1,1.0,1.0,sapbert_full_len3,5,5,0,4,False,1,-0.0,-0.0,C0008115,True,,,,,,,,,5.0,0.1311805844306945,0.0880109190940856,0.0232564210891723,1.0,0.9119890928268432
mm_0083256,PubMedBERT,0.0,1.0,sapbert_full_len3,5,5,0,4,False,2,0.9709505944546686,0.4181656600790516,C1839576,False,5.0,2.0,"{""C1839576"": 3, ""UMLS:C1502411"": 2}",0.9709505944546686,0.4181656600790516,0.0,C1839576,0.0,5.0,-0.5750566720962524,-0.6012064218521118,-0.6404309272766113,0.39879319071769714,0.9999996423721313
mm_0083513,BERT-base,0.0,1.0,sapbert_full_len3,7,7,0,6,False,1,-0.0,-0.0,C1257990,True,7.0,1.0,"{""UMLS:C1257990"": 7}",-0.0,-0.0,0.0,UMLS:C1257990,0.0,7.0,-0.6340324282646179,-0.6340324282646179,-0.6340324282646179,0.3659672141075134,0.9999996423721313
mm_0083513,BioBERT,0.0,1.0,sapbert_full_len3,7,7,0,6,False,1,-0.0,-0.0,C1447749,True,7.0,1.0,"{""C1447749"": 7}",-0.0,-0.0,0.0,C1447749,0.0,7.0,-0.5798826813697815,-0.5798826813697815,-0.5798826813697815,0.42011696100234985,0.9999996423721313
mm_0083513,BioMistral-7B,0.0,1.0,sapbert_full_len3,7,7,0,6,False,1,-0.0,-0.0,C0022745,True,,,,,,,,,7.0,0.0599658489227294,0.0613091673169817,0.0599658489227294,1.0,0.938690721988678
mm_0083513,FLAN-T5-base,0.0,0.9999998807907104,sapbert_full_len3,7,7,0,6,False,2,0.9852281360342516,0.3509453429964405,C1548793,False,,,,,,,,,7.0,0.0646560788154602,0.0277099183627537,2.384185791015625e-07,0.9999999148505074,0.9722899794578552
mm_0083513,Llama3-OpenBioLLM-8B,1.0,1.0,sapbert_full_len3,7,7,0,6,False,2,0.863120568566631,0.3074497498641964,C0013018,False,,,,,,,,,7.0,0.1804313659667968,0.1746668475014823,0.0599658489227294,1.0,0.8253331184387207
mm_0083513,Meta-Llama-3-8B-Instruct,0.0,1.0,sapbert_full_len3,7,7,0,6,False,2,0.5916727785823275,0.2107580961471984,C0022745,False,,,,,,,,,7.0,0.0599658489227294,0.0768981490816388,0.0599658489227294,1.0,0.923101842403412
mm_0083513,Mistral-7B-Instruct-v0.1,0.0,1.0,sapbert_full_len3,7,7,0,6,False,2,0.9852281360342516,0.3509453429964405,C0005537,False,,,,,,,,,7.0,0.0599658489227294,0.0256999901362827,5.960464477539062e-07,0.999999965940203,0.9743000268936156
mm_0083513,PubMedBERT,0.0,1.0,sapbert_full_len3,7,7,0,6,False,1,-0.0,-0.0,C1839576,True,7.0,1.0,"{""C1839576"": 7}",-0.0,-0.0,0.0,C1839576,0.0,7.0,-0.7101274728775024,-0.7101274728775024,-0.7101274728775024,0.2898721992969513,0.9999996423721313
mm_0084175,BERT-base,0.0,1.0,sapbert_full_len3,5,5,0,4,False,1,-0.0,-0.0,C1447749,True,5.0,1.0,"{""C1447749"": 5}",-0.0,-0.0,0.0,C1447749,0.0,5.0,-0.6811443567276001,-0.6811443567276001,-0.6811443567276001,0.31885531544685364,0.9999996423721313
mm_0084175,BioBERT,0.0,1.0,sapbert_full_len3,5,5,0,4,False,2,0.9709505944546686,0.4181656600790516,C0681906,False,5.0,2.0,"{""UMLS:C0681906"": 3, ""UMLS:C1257990"": 2}",0.9709505944546686,0.4181656600790516,0.0,UMLS:C0681906,0.0,5.0,-0.5241715312004089,-0.5944281816482544,-0.6998132467269897,0.4055714011192322,0.9999996423721313
mm_0084175,BioMistral-7B,0.0,0.9999998807907104,sapbert_full_len3,5,5,0,4,False,4,1.9219280948873625,0.8277293767706428,C0018817,False,,,,,,,,,5.0,0.1981394290924072,0.0497328877449035,4.172325134277344e-07,1.000000011920929,0.9502671360969543
mm_0084175,FLAN-T5-base,0.0,1.0000001192092896,sapbert_full_len3,5,5,0,4,False,1,-0.0,-0.0,C0018817,True,,,,,,,,,5.0,4.172325134277344e-07,4.172325134277344e-07,4.172325134277344e-07,1.0000001192092896,0.999999701976776
mm_0084175,Llama3-OpenBioLLM-8B,0.0,0.9999998807907104,sapbert_full_len3,5,5,0,4,False,1,-0.0,-0.0,C6025067,True,,,,,,,,,5.0,0.0858672857284545,0.0515204429626464,1.7881393421514957e-07,0.9999998569488524,0.9484793543815612
mm_0084175,Meta-Llama-3-8B-Instruct,1.0,1.0,sapbert_full_len3,5,5,0,4,False,1,-0.0,-0.0,C1457887,True,,,,,,,,,5.0,0.0505235195159912,0.0543109655380249,0.0505235195159912,1.0,0.945689022541046
mm_0084175,Mistral-7B-Instruct-v0.1,1.0,1.0,sapbert_full_len3,5,5,0,4,False,1,-0.0,-0.0,C1457887,True,,,,,,,,,5.0,0.0905696153640747,0.0585327386856079,0.0505235195159912,1.0,0.94146728515625
mm_0084175,PubMedBERT,0.0,1.0,sapbert_full_len3,5,5,0,4,False,1,-0.0,-0.0,C0681906,True,5.0,1.0,"{""UMLS:C0681906"": 5}",-0.0,-0.0,0.0,UMLS:C0681906,0.0,5.0,-0.5241715312004089,-0.5241715312004089,-0.5241715312004089,0.4758281111717224,0.9999996423721313
mm_0085078,BERT-base,0.0,1.0,sapbert_full_len3,5,5,0,4,False,1,-0.0,-0.0,C1447749,True,5.0,1.0,"{""C1447749"": 5}",-0.0,-0.0,0.0,C1447749,0.0,5.0,-0.6416057348251343,-0.6416057348251343,-0.6416057348251343,0.3583938181400299,0.9999995231628418
mm_0085078,BioBERT,0.0,1.0,sapbert_full_len3,5,5,0,4,False,3,1.521928094887362,0.6554587535412855,C1447749,False,5.0,3.0,"{""C1447749"": 2, ""C0008396"": 1, ""UMLS:C1707887"": 2}",1.521928094887362,0.6554587535412855,0.0,C1447749,1.0,5.0,-0.6416057348251343,-0.6466620564460754,-0.6626191735267639,0.35333746671676636,0.9999995231628418
mm_0085078,BioMistral-7B,0.0,1.0,sapbert_full_len3,5,5,0,4,False,1,-0.0,-0.0,C0024117,True,,,,,,,,,5.0,5.364418029785156e-07,5.364418029785156e-07,5.364418029785156e-07,1.0,0.9999994039535522
mm_0085078,FLAN-T5-base,0.0,0.9999997615814208,sapbert_full_len3,5,5,0,4,False,1,-0.0,-0.0,C0024117,True,,,,,,,,,5.0,2.980232237659308e-07,4.887580871359986e-07,2.980232237659308e-07,0.999999952316284,0.9999994039535522
mm_0085078,Llama3-OpenBioLLM-8B,0.0,0.9999997615814208,sapbert_full_len3,5,5,0,4,False,2,0.9709505944546686,0.4181656600790516,C0024117,False,,,,,,,,,5.0,2.980232237659308e-07,0.0523850083351134,2.980232237659308e-07,0.9999998569488524,0.947614848613739
mm_0085078,Meta-Llama-3-8B-Instruct,0.0,1.0,sapbert_full_len3,5,5,0,4,False,1,-0.0,-0.0,C0024117,True,,,,,,,,,5.0,5.364418029785156e-07,5.364418029785156e-07,5.364418029785156e-07,1.0,0.9999994039535522
mm_0085078,Mistral-7B-Instruct-v0.1,0.0,0.9999996423721312,sapbert_full_len3,5,5,0,4,False,1,-0.0,-0.0,C0024117,True,,,,,,,,,5.0,0.0974495410919188,0.0974203348159788,0.0973765254020689,0.9999996423721312,0.9025793075561525
mm_0085078,PubMedBERT,0.0,1.0,sapbert_full_len3,5,5,0,4,False,1,-0.0,-0.0,C1447749,True,5.0,1.0,"{""C1447749"": 5}",-0.0,-0.0,0.0,C1447749,0.0,5.0,-0.6416057348251343,-0.6416057348251343,-0.6416057348251343,0.3583938181400299,0.9999995231628418
mm_0085233,BERT-base,0.0,1.0,sapbert_full_len3,7,7,0,6,False,1,-0.0,-0.0,C1447749,True,7.0,1.0,"{""C1447749"": 7}",-0.0,-0.0,0.0,C1447749,0.0,7.0,-0.6344640254974365,-0.6344639658927917,-0.6344640254974365,0.36553579568862915,0.9999998211860657
mm_0085233,BioBERT,0.0,1.0,sapbert_full_len3,7,7,0,6,False,1,-0.0,-0.0,C1257990,True,7.0,1.0,"{""UMLS:C1257990"": 7}",-0.0,-0.0,0.0,UMLS:C1257990,0.0,7.0,-0.8381349444389343,-0.8381349444389343,-0.8381349444389343,0.16186486184597015,0.9999998211860657
mm_0085233,BioMistral-7B,1.0,1.0,sapbert_full_len3,7,7,0,6,False,1,-0.0,-0.0,C0152314,True,,,,,,,,,7.0,0.0434869527816772,0.0434869527816772,0.0434869527816772,1.0,0.956512987613678
mm_0085233,FLAN-T5-base,0.0,0.9999999403953552,sapbert_full_len3,7,7,0,6,False,2,0.5916727785823275,0.2107580961471984,C0001811,False,,,,,,,,,7.0,0.0202698111534118,0.0290905833244323,0.0202698111534118,0.9999999489103044,0.9709094166755676
mm_0085233,Llama3-OpenBioLLM-8B,0.0,0.9999998211860656,sapbert_full_len3,7,7,0,6,False,3,1.5566567074628228,0.5544923070581674,C0027880,False,,,,,,,,,7.0,0.1308313012123106,0.1005133305277142,0.0434869527816772,0.9999998552458628,0.8994865417480469
mm_0085233,Meta-Llama-3-8B-Instruct,0.0,0.9999997615814208,sapbert_full_len3,7,7,0,6,False,2,0.5916727785823275,0.2107580961471984,C0039062,False,,,,,,,,,7.0,0.075577139854431,0.0834705914769852,0.075577139854431,0.99999977009637,0.9165292382240297
mm_0085233,Mistral-7B-Instruct-v0.1,0.0,1.0,sapbert_full_len3,7,7,0,6,False,3,1.448815635725185,0.516078542239789,C0039062,False,,,,,,,,,7.0,0.0755773782730102,0.0410734670502798,5.364418029785156e-07,0.9999998126711164,0.9589263796806335
mm_0085233,PubMedBERT,0.0,1.0,sapbert_full_len3,7,7,0,6,False,2,0.5916727785823275,0.2107580961471984,C1839576,False,7.0,2.0,"{""C1839576"": 6, ""C1447749"": 1}",0.5916727785823275,0.2107580961471984,0.0,C1839576,0.0,7.0,-0.6316475868225098,-0.6320499777793884,-0.6344640254974365,0.367949903011322,0.9999998211860657
mm_0085369,BERT-base,0.0,1.0,sapbert_full_len3,7,7,0,6,False,1,-0.0,-0.0,C1447749,True,7.0,1.0,"{""C1447749"": 7}",-0.0,-0.0,0.0,C1447749,0.0,7.0,-0.5955148935317993,-0.5955148935317993,-0.5955148935317993,0.2705443203449249,0.8660592436790466
mm_0085369,BioBERT,1.0,1.0,sapbert_full_len3,7,7,0,6,False,1,-0.0,-0.0,C0232772,True,7.0,1.0,"{""UMLS:C0232772"": 7}",-0.0,-0.0,1.0,UMLS:C0232772,0.0,7.0,-0.06588798761367798,-0.06588798761367798,-0.06588798761367798,0.8001712560653687,0.8660592436790466
mm_0085369,BioMistral-7B,0.0,0.9999999403953552,sapbert_full_len3,7,7,0,6,False,1,-0.0,-0.0,C0013982,True,,,,,,,,,7.0,0.0380921959877014,0.0380921959877014,0.0380921959877014,0.9999999403953552,0.9619078040122986
mm_0085369,FLAN-T5-base,0.0,0.9999999403953552,sapbert_full_len3,7,7,0,6,False,2,0.863120568566631,0.3074497498641964,C0008370,False,,,,,,,,,7.0,0.1028580665588378,0.0843535321099417,0.0380921959877014,0.9999999403953552,0.9156464338302612
mm_0085369,Llama3-OpenBioLLM-8B,0.0,0.9999998807907104,sapbert_full_len3,7,7,0,6,False,4,1.8423709931771084,0.6562657890890309,C0013982,False,,,,,,,,,7.0,0.0380921363830566,0.047522953578404,0.0367314815521241,0.9737359370504108,0.9262129068374634
mm_0085369,Meta-Llama-3-8B-Instruct,0.0,0.9999999403953552,sapbert_full_len3,7,7,0,6,False,1,-0.0,-0.0,C0008370,True,,,,,,,,,7.0,0.1028580665588378,0.1028580665588378,0.1028580665588378,0.9999999403953552,0.8971418738365173
mm_0085369,Mistral-7B-Instruct-v0.1,0.0,0.9999998807907104,sapbert_full_len3,7,7,0,6,False,2,0.9852281360342516,0.3509453429964405,C0008370,False,,,,,,,,,7.0,0.0380921363830566,0.0751012393406459,0.0380921363830566,0.9999999148505074,0.9248986840248108
mm_0085369,PubMedBERT,0.0,1.0,sapbert_full_len3,7,7,0,6,False,1,-0.0,-0.0,C1447749,True,7.0,1.0,"{""C1447749"": 7}",-0.0,-0.0,0.0,C1447749,0.0,7.0,-0.5955148935317993,-0.5955148935317993,-0.5955148935317993,0.2705443203449249,0.8660592436790466
mm_0085517,BERT-base,0.0,1.0,sapbert_full_len3,9,9,0,8,False,1,-0.0,-0.0,C1257990,True,9.0,1.0,"{""UMLS:C1257990"": 9}",-0.0,-0.0,0.0,UMLS:C1257990,0.0,9.0,-0.7119386792182922,-0.7119386792182922,-0.7119386792182922,0.27833420038223267,0.9902728199958801
mm_0085517,BioBERT,0.0,1.0,sapbert_full_len3,9,9,0,8,False,2,0.7642045065086203,0.2410796804848405,C1312419,False,9.0,2.0,"{""C1312419"": 7, ""UMLS:C1707887"": 2}",0.7642045065086203,0.2410796804848405,0.0,C1312419,0.0,9.0,-0.6926544904708862,-0.6883452534675598,-0.6926544904708862,0.3019276261329651,0.9902728199958801
mm_0085517,BioMistral-7B,0.0,1.0,sapbert_full_len3,9,9,0,8,False,2,0.7642045065086203,0.2410796804848405,C0242957,False,,,,,,,,,9.0,2.384185791015625e-07,0.0079520278506808,2.384185791015625e-07,1.0,0.9920479655265808
mm_0085517,FLAN-T5-base,0.0,1.0,sapbert_full_len3,9,9,0,8,False,1,-0.0,-0.0,C0024623,True,,,,,,,,,9.0,8.940696716308594e-07,7.086329989963108e-07,5.960464477539064e-08,0.9999999867545234,0.9999992847442628
mm_0085517,Llama3-OpenBioLLM-8B,1.0,1.0,sapbert_full_len3,9,9,0,8,False,1,-0.0,-0.0,C2985566,True,,,,,,,,,9.0,0.0618955492973327,0.0618954433335198,0.0618954300880432,0.999999894036187,0.9381043910980223
mm_0085517,Meta-Llama-3-8B-Instruct,0.0,1.0,sapbert_full_len3,9,9,0,8,False,3,1.5304930567574824,0.4828168035714125,C0242957,False,,,,,,,,,9.0,2.384185791015625e-07,0.0285787317487928,1.1920928955078125e-07,0.9999999205271404,0.9714211225509644
mm_0085517,Mistral-7B-Instruct-v0.1,1.0,0.99026358127594,sapbert_full_len3,9,9,0,8,False,5,2.281036112553424,0.7195867761904635,C2985566,False,,,,,,,,,9.0,0.0462566614151002,0.0299805005391439,1.1920928955078125e-07,0.966019868850708,0.9360392689704896
mm_0085517,PubMedBERT,0.0,1.0,sapbert_full_len3,9,9,0,8,False,1,-0.0,-0.0,C1447749,True,9.0,1.0,"{""C1447749"": 9}",-0.0,-0.0,0.0,C1447749,0.0,9.0,-0.677792489528656,-0.677792489528656,-0.677792489528656,0.3124803900718689,0.9902728199958801
mm_0086300,BERT-base,0.0,1.0,sapbert_full_len3,6,6,0,5,False,2,0.6500224216483541,0.2514629985800606,C2350390,False,6.0,2.0,"{""UMLS:C2350390"": 5, ""UMLS:C1257990"": 1}",0.6500224216483541,0.2514629985800606,0.0,UMLS:C2350390,0.0,6.0,-0.6194496154785156,-0.6213105320930481,-0.6306151747703552,0.3786889314651489,0.999999463558197
mm_0086300,BioBERT,0.0,1.0,sapbert_full_len3,6,6,0,5,False,1,-0.0,-0.0,C1707887,True,6.0,1.0,"{""UMLS:C1707887"": 6}",-0.0,-0.0,0.0,UMLS:C1707887,0.0,6.0,-0.7151831984519958,-0.7151831984519958,-0.7151831984519958,0.28481626510620117,0.999999463558197
mm_0086300,BioMistral-7B,1.0,1.0,sapbert_full_len3,6,6,0,5,False,3,1.4591479170272448,0.5644754678724236,C0033246,False,,,,,,,,,6.0,0.2437546253204345,0.0680639743804931,2.980232238769531e-07,1.0000000099341075,0.9319360256195068
mm_0086300,FLAN-T5-base,0.0,0.9999999403953552,sapbert_full_len3,6,6,0,5,False,2,0.6500224216483541,0.2514629985800606,C0444598,False,,,,,,,,,6.0,0.0548762083053588,0.1381751596927642,0.0548762083053588,0.9999999900658926,0.8618248105049133
mm_0086300,Llama3-OpenBioLLM-8B,0.0,0.9999999403953552,sapbert_full_len3,6,6,0,5,False,3,1.4591479170272448,0.5644754678724236,C0444598,False,,,,,,,,,6.0,0.066155731678009,0.1241465508937835,4.172325134277344e-07,0.999999980131785,0.8758534789085388
mm_0086300,Meta-Llama-3-8B-Instruct,0.0,0.9999999403953552,sapbert_full_len3,6,6,0,5,False,1,-0.0,-0.0,C0033246,True,,,,,,,,,6.0,0.0548762083053588,0.0548762083053588,0.0548762083053588,0.9999999403953552,0.9451237320899964
mm_0086300,Mistral-7B-Instruct-v0.1,0.0,0.9999997615814208,sapbert_full_len3,6,6,0,5,False,2,0.9182958340544896,0.355245321275764,C0033246,False,,,,,,,,,6.0,0.0548760294914244,0.0365840792655944,1.788139343261719e-07,0.9999998410542806,0.963415801525116
mm_0086300,PubMedBERT,0.0,1.0,sapbert_full_len3,6,6,0,5,False,2,0.9182958340544896,0.355245321275764,C1447749,False,6.0,2.0,"{""C1447749"": 4, ""C1839576"": 2}",0.9182958340544896,0.355245321275764,0.0,C1447749,0.0,6.0,-0.5851584672927856,-0.5621389746665955,-0.5851584672927856,0.4378605782985687,0.999999463558197
mm_0086642,BERT-base,0.0,1.0,sapbert_full_len3,5,5,0,4,False,1,-0.0,-0.0,C1312419,True,5.0,1.0,"{""C1312419"": 5}",-0.0,-0.0,0.0,C1312419,0.0,5.0,-0.6892999410629272,-0.6892999410629272,-0.6892999410629272,0.310698926448822,0.9999988675117493
mm_0086642,BioBERT,0.0,1.0,sapbert_full_len3,5,5,0,4,False,3,1.521928094887362,0.6554587535412855,C1707887,False,5.0,3.0,"{""C0265267"": 1, ""UMLS:C1707887"": 2, ""C1447749"": 2}",1.521928094887362,0.6554587535412855,0.0,UMLS:C1707887,1.0,5.0,-0.5684107542037964,-0.6897372007369995,-0.7683822512626648,0.31026163697242737,0.9999988675117493
mm_0086642,BioMistral-7B,0.0,0.999999701976776,sapbert_full_len3,5,5,0,4,False,3,1.521928094887362,0.6554587535412855,C1326523,False,,,,,,,,,5.0,0.1118251681327818,0.074824583530426,0.0261979103088378,0.9999998927116394,0.9251753687858582
mm_0086642,FLAN-T5-base,0.0,0.9999999403953552,sapbert_full_len3,5,5,0,4,False,2,0.7219280948873623,0.3109175070825711,C1326523,False,,,,,,,,,5.0,0.0924477577209472,0.0929557800292968,0.0121862292289733,0.924381411075592,0.831425666809082
mm_0086642,Llama3-OpenBioLLM-8B,0.0,0.9999998807907104,sapbert_full_len3,5,5,0,4,False,1,-0.0,-0.0,C0031921,True,,,,,,,,,5.0,0.0261979103088378,0.0261979103088378,0.0261979103088378,0.9999998807907104,0.9738019704818726
mm_0086642,Meta-Llama-3-8B-Instruct,1.0,1.0,sapbert_full_len3,5,5,0,4,False,2,0.9709505944546686,0.4181656600790516,C1326523,False,,,,,,,,,5.0,0.0788916945457458,0.0728089213371276,4.172325134277344e-07,0.999999976158142,0.9271910786628724
mm_0086642,Mistral-7B-Instruct-v0.1,1.0,1.0,sapbert_full_len3,5,5,0,4,False,2,0.9709505944546686,0.4181656600790516,C1326523,False,,,,,,,,,5.0,0.0916506052017211,0.0984006881713867,0.0261979103088378,0.9999996185302734,0.9015989303588868
mm_0086642,PubMedBERT,0.0,1.0,sapbert_full_len3,5,5,0,4,False,2,0.9709505944546686,0.4181656600790516,C1447749,False,5.0,2.0,"{""C1447749"": 3, ""C1839576"": 2}",0.9709505944546686,0.4181656600790516,0.0,C1447749,0.0,5.0,-0.6717554330825806,-0.6650904417037964,-0.6717554330825806,0.3349084258079529,0.9999988675117493
mm_0086753,BERT-base,0.0,1.0,sapbert_full_len3,7,7,0,6,False,2,0.5916727785823275,0.2107580961471984,C1447749,False,7.0,2.0,"{""C1447749"": 6, ""UMLS:C1257990"": 1}",0.5916727785823275,0.2107580961471984,0.0,C1447749,0.0,7.0,-0.6606180667877197,-0.6759172677993774,-0.7677127122879028,0.32408246397972107,0.9999997019767761
mm_0086753,BioBERT,0.0,1.0,sapbert_full_len3,7,7,0,6,False,1,-0.0,-0.0,C1257990,True,7.0,1.0,"{""UMLS:C1257990"": 7}",-0.0,-0.0,0.0,UMLS:C1257990,0.0,7.0,-0.7677127122879028,-0.7677127122879028,-0.7677127122879028,0.23228706419467926,0.9999997019767761
mm_0086753,BioMistral-7B,0.0,0.9999999403953552,sapbert_full_len3,7,7,0,6,False,2,0.863120568566631,0.3074497498641964,C2020284,False,,,,,,,,,7.0,4.76837158203125e-07,4.76837158203125e-07,4.172325134277344e-07,0.9999999233654568,0.999999463558197
mm_0086753,FLAN-T5-base,0.0,0.9999999403953552,sapbert_full_len3,7,7,0,6,False,3,1.1488348542809166,0.4092232318950598,C0004153,False,,,,,,,,,7.0,0.0275526642799377,0.0039366143090384,5.960464477539062e-07,1.0000000936644418,0.9960635304450988
mm_0086753,Llama3-OpenBioLLM-8B,0.0,1.0000001192092896,sapbert_full_len3,7,7,0,6,False,2,0.5916727785823275,0.2107580961471984,C0599779,False,,,,,,,,,7.0,7.152557373046875e-07,0.0477935416357856,7.152557373046875e-07,0.9999997615814208,0.9522061347961426
mm_0086753,Meta-Llama-3-8B-Instruct,0.0,1.0000001192092896,sapbert_full_len3,7,7,0,6,False,1,-0.0,-0.0,C0004153,True,,,,,,,,,7.0,7.152557373046875e-07,7.152557373046875e-07,7.152557373046875e-07,1.0000001192092896,0.999999463558197
mm_0086753,Mistral-7B-Instruct-v0.1,0.0,1.0,sapbert_full_len3,7,7,0,6,False,1,-0.0,-0.0,C0004153,True,,,,,,,,,7.0,5.960464477539062e-07,5.960464477539062e-07,5.960464477539062e-07,1.0,0.999999463558197
mm_0086753,PubMedBERT,0.0,1.0,sapbert_full_len3,7,7,0,6,False,2,0.863120568566631,0.3074497498641964,C1423931,False,7.0,2.0,"{""UMLS:C1423931"": 5, ""C1447749"": 2}",0.863120568566631,0.3074497498641964,0.0,UMLS:C1423931,0.0,7.0,-0.6169214248657227,-0.6294061541557312,-0.6606180667877197,0.3705935776233673,0.9999997019767761
mm_0086802,BERT-base,0.0,1.0,sapbert_full_len3,5,5,0,4,False,1,-0.0,-0.0,C1257990,True,5.0,1.0,"{""UMLS:C1257990"": 5}",-0.0,-0.0,0.0,UMLS:C1257990,0.0,5.0,-0.444321870803833,-0.444321870803833,-0.444321870803833,0.30735278129577637,0.7516746520996094
mm_0086802,BioBERT,0.0,1.0,sapbert_full_len3,5,5,0,4,False,1,-0.0,-0.0,C1257990,True,5.0,1.0,"{""UMLS:C1257990"": 5}",-0.0,-0.0,0.0,UMLS:C1257990,0.0,5.0,-0.444321870803833,-0.444321870803833,-0.444321870803833,0.30735278129577637,0.7516746520996094
mm_0086802,BioMistral-7B,0.0,1.0,sapbert_full_len3,5,5,0,4,False,2,0.9709505944546686,0.4181656600790516,C0035696,False,,,,,,,,,5.0,0.1609575748443603,0.0965746164321899,1.788139343261719e-07,1.0,0.903425395488739
mm_0086802,FLAN-T5-base,0.0,0.7579340934753418,sapbert_full_len3,5,5,0,4,False,3,1.3709505944546687,0.5904362833084089,C5848476,False,,,,,,,,,5.0,0.0228767395019531,0.0089503645896911,-0.0238789916038513,0.8289383292198181,0.819987952709198
mm_0086802,Llama3-OpenBioLLM-8B,0.0,0.7026798129081726,sapbert_full_len3,5,5,0,4,False,1,-0.0,-0.0,C0014431,True,,,,,,,,,5.0,-0.0617038607597351,-0.0617038607597351,-0.0617038607597351,0.7026798129081726,0.7643836736679077
mm_0086802,Meta-Llama-3-8B-Instruct,0.0,1.0,sapbert_full_len3,5,5,0,4,False,2,0.7219280948873623,0.3109175070825711,C0021368,False,,,,,,,,,5.0,0.0267611145973205,0.0428031802177429,0.026760995388031,0.9999999046325684,0.9571967124938964
mm_0086802,Mistral-7B-Instruct-v0.1,0.0,0.9999998807907104,sapbert_full_len3,5,5,0,4,False,2,0.9709505944546686,0.4181656600790516,C1515670,False,,,,,,,,,5.0,0.106971800327301,0.0704723000526428,0.0157230496406555,0.9529319763183594,0.8824597597122192
mm_0086802,PubMedBERT,0.0,1.0,sapbert_full_len3,5,5,0,4,False,2,0.7219280948873623,0.3109175070825711,C1257990,False,5.0,2.0,"{""UMLS:C1257990"": 4, ""UMLS:C1423931"": 1}",0.7219280948873623,0.3109175070825711,0.0,UMLS:C1257990,0.0,5.0,-0.444321870803833,-0.41843098402023315,-0.444321870803833,0.3332436680793762,0.7516746520996094
mm_0087360,BERT-base,0.0,1.0,sapbert_full_len3,5,5,0,4,False,2,0.7219280948873623,0.3109175070825711,C1257990,False,5.0,2.0,"{""C4277543"": 1, ""UMLS:C1257990"": 4}",0.7219280948873623,0.3109175070825711,0.0,UMLS:C1257990,0.0,5.0,-0.5580521821975708,-0.6109756231307983,-0.62420654296875,0.3890238404273987,0.9999995231628418
mm_0087360,BioBERT,0.0,1.0,sapbert_full_len3,5,5,0,4,False,1,-0.0,-0.0,C1257990,True,5.0,1.0,"{""UMLS:C1257990"": 5}",-0.0,-0.0,0.0,UMLS:C1257990,0.0,5.0,-0.62420654296875,-0.62420654296875,-0.62420654296875,0.3757929801940918,0.9999995231628418
mm_0087360,BioMistral-7B,0.0,0.9999998807907104,sapbert_full_len3,5,5,0,4,False,1,-0.0,-0.0,C0015350,True,,,,,,,,,5.0,5.960464477539062e-07,5.960464477539062e-07,5.960464477539062e-07,0.9999998807907104,0.999999225139618
mm_0087360,FLAN-T5-base,0.0,1.0,sapbert_full_len3,5,5,0,4,False,1,-0.0,-0.0,C0221170,True,,,,,,,,,5.0,0.0925917029380798,0.0925917029380798,0.0925917029380798,1.0,0.9074083566665648
mm_0087360,Llama3-OpenBioLLM-8B,1.0,1.0,sapbert_full_len3,5,5,0,4,False,1,-0.0,-0.0,C0007589,True,,,,,,,,,5.0,0.1111987829208374,0.1111987829208374,0.1111987829208374,1.0,0.8888012170791626
mm_0087360,Meta-Llama-3-8B-Instruct,1.0,1.0,sapbert_full_len3,5,5,0,4,False,1,-0.0,-0.0,C0007589,True,,,,,,,,,5.0,0.0689701437950134,0.0689701437950134,0.0689701437950134,1.0,0.9310299158096312
mm_0087360,Mistral-7B-Instruct-v0.1,0.0,0.9999997615814208,sapbert_full_len3,5,5,0,4,False,1,-0.0,-0.0,C0016059,True,,,,,,,,,5.0,0.0403220057487486,0.0403220057487486,0.0403220057487486,0.9999997615814208,0.9596778154373168
mm_0087360,PubMedBERT,0.0,1.0,sapbert_full_len3,5,5,0,4,False,1,-0.0,-0.0,C1447749,True,5.0,1.0,"{""C1447749"": 5}",-0.0,-0.0,0.0,C1447749,0.0,5.0,-0.6454331874847412,-0.6454331874847412,-0.6454331874847412,0.3545663356781006,0.9999995231628418
mm_0087688,BERT-base,0.0,1.0,sapbert_full_len3,4,4,0,3,False,1,-0.0,-0.0,C1257990,True,4.0,1.0,"{""UMLS:C1257990"": 4}",-0.0,-0.0,0.0,UMLS:C1257990,0.0,4.0,-0.7423145771026611,-0.7423145771026611,-0.7423145771026611,0.257685124874115,0.9999997019767761
mm_0087688,BioBERT,0.0,1.0,sapbert_full_len3,4,4,0,3,False,1,-0.0,-0.0,C1257990,True,4.0,1.0,"{""UMLS:C1257990"": 4}",-0.0,-0.0,0.0,UMLS:C1257990,0.0,4.0,-0.7423145771026611,-0.7423145771026611,-0.7423145771026611,0.257685124874115,0.9999997019767761
mm_0087688,BioMistral-7B,0.0,1.0,sapbert_full_len3,4,4,0,3,False,2,0.8112781244591328,0.4056390622295664,C0024432,False,,,,,,,,,4.0,0.0255388021469116,0.0334550738334655,0.0255388021469116,0.9999999850988388,0.9665448665618896
mm_0087688,FLAN-T5-base,1.0,1.0,sapbert_full_len3,4,4,0,3,False,1,-0.0,-0.0,C0022417,True,,,,,,,,,4.0,0.0375861525535583,0.0375861525535583,0.0375861525535583,1.0,0.9624138474464417
mm_0087688,Llama3-OpenBioLLM-8B,0.0,0.9999995827674866,sapbert_full_len3,4,4,0,3,False,1,-0.0,-0.0,C0017296,True,,,,,,,,,4.0,2.384185791015625e-07,2.384185791015625e-07,2.384185791015625e-07,0.9999995827674866,0.9999993443489076
mm_0087688,Meta-Llama-3-8B-Instruct,0.0,1.0,sapbert_full_len3,4,4,0,3,False,1,-0.0,-0.0,C0017296,True,,,,,,,,,4.0,5.960464477539062e-07,5.960464477539062e-07,5.960464477539062e-07,1.0,0.9999994039535522
mm_0087688,Mistral-7B-Instruct-v0.1,0.0,0.9999998807907104,sapbert_full_len3,4,4,0,3,False,1,-0.0,-0.0,C0003864,True,,,,,,,,,4.0,0.0572038292884826,0.0572038292884826,0.0572038292884826,0.9999998807907104,0.9427960515022278
mm_0087688,PubMedBERT,0.0,1.0,sapbert_full_len3,4,4,0,3,False,2,1.0,0.5,C1447749,False,4.0,2.0,"{""C1447749"": 2, ""UMLS:C1257990"": 2}",1.0,0.5,0.0,C1447749,1.0,4.0,-0.6051466464996338,-0.6737306118011475,-0.7423145771026611,0.32626909017562866,0.9999997019767761
mm_0087767,BERT-base,0.0,1.0,sapbert_full_len3,5,5,0,4,False,1,-0.0,-0.0,C1955876,True,5.0,1.0,"{""C1955876"": 5}",-0.0,-0.0,0.0,C1955876,0.0,5.0,-0.7965025901794434,-0.7965025901794434,-0.7965025901794434,0.20349709689617157,0.9999997019767761
mm_0087767,BioBERT,0.0,1.0,sapbert_full_len3,5,5,0,4,False,1,-0.0,-0.0,C0018081,True,5.0,1.0,"{""C0018081"": 5}",-0.0,-0.0,0.0,C0018081,0.0,5.0,-0.540206253528595,-0.540206253528595,-0.540206253528595,0.45979347825050354,0.9999997019767761
mm_0087767,BioMistral-7B,0.0,1.0,sapbert_full_len3,5,5,0,4,False,1,-0.0,-0.0,C0282687,True,,,,,,,,,5.0,0.040747046470642,0.040747046470642,0.040747046470642,1.0,0.959252953529358
mm_0087767,FLAN-T5-base,0.0,1.0,sapbert_full_len3,5,5,0,4,False,1,-0.0,-0.0,C0282687,True,,,,,,,,,5.0,0.040747046470642,0.040747046470642,0.040747046470642,1.0,0.959252953529358
mm_0087767,Llama3-OpenBioLLM-8B,0.0,0.9999976754188538,sapbert_full_len3,5,5,0,4,False,1,-0.0,-0.0,C5544424,True,,,,,,,,,5.0,0.1596583724021911,0.1596583724021911,0.1596583724021911,0.9999976754188538,0.8403393030166626
mm_0087767,Meta-Llama-3-8B-Instruct,0.0,0.9999998807907104,sapbert_full_len3,5,5,0,4,False,1,-0.0,-0.0,C0014507,True,,,,,,,,,5.0,2.384185791015625e-07,2.384185791015625e-07,2.384185791015625e-07,0.9999998807907104,0.9999996423721312
mm_0087767,Mistral-7B-Instruct-v0.1,0.0,1.0,sapbert_full_len3,5,5,0,4,False,1,-0.0,-0.0,C0282687,True,,,,,,,,,5.0,0.0584447383880615,0.0584446430206298,0.0584446191787719,0.9999999046325684,0.9415552020072936
mm_0087767,PubMedBERT,0.0,1.0,sapbert_full_len3,5,5,0,4,False,2,0.7219280948873623,0.3109175070825711,C1839576,False,5.0,2.0,"{""C1447749"": 1, ""C1839576"": 4}",0.7219280948873623,0.3109175070825711,0.0,C1839576,0.0,5.0,-0.6251133680343628,-0.5804572105407715,-0.6251133680343628,0.41954249143600464,0.9999997019767761
mm_0088026,BERT-base,0.0,1.0,sapbert_full_len3,5,5,0,4,False,1,-0.0,-0.0,C0358514,True,5.0,1.0,"{""UMLS:C0358514"": 5}",-0.0,-0.0,0.0,UMLS:C0358514,0.0,5.0,-0.4531153440475464,-0.4531153738498688,-0.4531153440475464,0.4760212302207947,0.9291365742683411
mm_0088026,BioBERT,0.0,1.0,sapbert_full_len3,5,5,0,4,False,1,-0.0,-0.0,C1707887,True,5.0,1.0,"{""UMLS:C1707887"": 5}",-0.0,-0.0,0.0,UMLS:C1707887,0.0,5.0,-0.5849575400352478,-0.5849575400352478,-0.5849575400352478,0.34417903423309326,0.9291365742683411
mm_0088026,BioMistral-7B,0.0,0.8003414273262024,sapbert_full_len3,5,5,0,4,False,1,-0.0,-0.0,C0235833,True,,,,,,,,,5.0,0.0120121836662292,0.0119486689567565,0.0119327902793884,0.8002779126167298,0.7883292436599731
mm_0088026,FLAN-T5-base,0.0,0.8002620339393616,sapbert_full_len3,5,5,0,4,False,1,-0.0,-0.0,C0235833,True,,,,,,,,,5.0,0.0119327902793884,0.011996304988861,0.0119327902793884,0.8003255486488342,0.7883292436599731
mm_0088026,Llama3-OpenBioLLM-8B,0.0,0.9999998807907104,sapbert_full_len3,5,5,0,4,False,3,1.521928094887362,0.6554587535412855,C1709380,False,,,,,,,,,5.0,0.1265973448753357,0.1589504599571228,0.0761384963989257,0.9453895568847656,0.7864391207695007
mm_0088026,Meta-Llama-3-8B-Instruct,0.0,1.0,sapbert_full_len3,5,5,0,4,False,2,0.7219280948873623,0.3109175070825711,C1366535,False,,,,,,,,,5.0,6.556510925292969e-07,-0.0010576963424683,-0.0052903890609741,0.9528693795204164,0.9539270401000975
mm_0088026,Mistral-7B-Instruct-v0.1,0.0,0.738349437713623,sapbert_full_len3,5,5,0,4,False,3,1.521928094887362,0.6554587535412855,C0683692,False,,,,,,,,,5.0,-0.0194032788276672,0.0031809329986572,-0.0194032788276672,0.794146728515625,0.790965735912323
mm_0088026,PubMedBERT,0.0,1.0,sapbert_full_len3,5,5,0,4,False,1,-0.0,-0.0,C1839576,True,5.0,1.0,"{""C1839576"": 5}",-0.0,-0.0,0.0,C1839576,0.0,5.0,-0.5816850662231445,-0.5816850662231445,-0.5816850662231445,0.34745147824287415,0.9291365742683411
mm_0088032,BERT-base,0.0,1.0,sapbert_full_len3,6,6,0,5,False,2,0.9182958340544896,0.355245321275764,C1839576,False,6.0,2.0,"{""C1839576"": 4, ""C1447749"": 2}",0.9182958340544896,0.355245321275764,0.0,C1839576,0.0,6.0,-0.5590460896492004,-0.5922742486000061,-0.6587305665016174,0.40772557258605957,0.9999998211860657
mm_0088032,BioBERT,0.0,1.0,sapbert_full_len3,6,6,0,5,False,3,1.584962500721156,0.6131471927654584,C1839576,False,6.0,3.0,"{""C1839576"": 2, ""UMLS:C0681906"": 2, ""C0027609"": 2}",1.584962500721156,0.6131471927654584,0.0,C1839576,1.0,6.0,-0.5590460896492004,-0.5814719796180725,-0.5996174216270447,0.4185278117656708,0.9999998211860657
mm_0088032,BioMistral-7B,1.0,1.0,sapbert_full_len3,6,6,0,5,False,1,-0.0,-0.0,C0028768,True,,,,,,,,,6.0,3.5762786865234375e-07,2.980232238769531e-07,1.788139343261719e-07,1.0,0.999999701976776
mm_0088032,FLAN-T5-base,1.0,0.9999998807907104,sapbert_full_len3,6,6,0,5,False,1,-0.0,-0.0,C0028768,True,,,,,,,,,6.0,5.960464477539064e-08,1.5894571940104168e-07,5.960464477539064e-08,0.999999980131785,0.9999998211860656
mm_0088032,Llama3-OpenBioLLM-8B,1.0,0.7721050977706909,sapbert_full_len3,6,6,0,5,False,2,0.9182958340544896,0.355245321275764,C0028768,False,,,,,,,,,6.0,-0.0051969289779663,-0.0034646391868591,-0.0051969289779663,0.8480700055758158,0.8515346646308899
mm_0088032,Meta-Llama-3-8B-Instruct,1.0,0.9954042434692384,sapbert_full_len3,6,6,0,5,False,1,-0.0,-0.0,C0028768,True,,,,,,,,,6.0,0.0525938868522645,0.0525938868522645,0.0525938868522645,0.9954042434692384,0.942810356616974
mm_0088032,Mistral-7B-Instruct-v0.1,1.0,0.9957598447799684,sapbert_full_len3,6,6,0,5,False,1,-0.0,-0.0,C0028768,True,,,,,,,,,6.0,0.0415564179420472,0.0415564179420472,0.0415564179420472,0.9957598447799684,0.9542034268379213
mm_0088032,PubMedBERT,0.0,1.0,sapbert_full_len3,6,6,0,5,False,1,-0.0,-0.0,C1839576,True,6.0,1.0,"{""C1839576"": 6}",-0.0,-0.0,0.0,C1839576,0.0,6.0,-0.5590460896492004,-0.5590460896492004,-0.5590460896492004,0.44095373153686523,0.9999998211860657
mm_0088551,BERT-base,0.0,1.0,sapbert_full_len3,6,6,0,5,False,1,-0.0,-0.0,C1447749,True,6.0,1.0,"{""C1447749"": 6}",-0.0,-0.0,0.0,C1447749,0.0,6.0,-0.5030356645584106,-0.5030356645584106,-0.5030356645584106,0.3193438947200775,0.8223795294761658
mm_0088551,BioBERT,0.0,1.0,sapbert_full_len3,6,6,0,5,False,1,-0.0,-0.0,C1447749,True,6.0,1.0,"{""C1447749"": 6}",-0.0,-0.0,0.0,C1447749,0.0,6.0,-0.5030356645584106,-0.5030356645584106,-0.5030356645584106,0.3193438947200775,0.8223795294761658
mm_0088551,BioMistral-7B,0.0,0.7147555351257324,sapbert_full_len3,6,6,0,5,False,2,0.9182958340544896,0.355245321275764,C5419544,False,,,,,,,,,6.0,-0.0687845945358276,0.0014308293660481,-0.0687845945358276,0.8098369638125101,0.8084061145782471
mm_0088551,FLAN-T5-base,0.0,0.8653171062469482,sapbert_full_len3,6,6,0,5,False,2,0.9182958340544896,0.355245321275764,C0008838,False,,,,,,,,,6.0,5.638599395751953e-05,-0.0017692446708679,-0.0054205060005187,0.8566695849100748,0.8584389090538025
mm_0088551,Llama3-OpenBioLLM-8B,0.0,0.7147555351257324,sapbert_full_len3,6,6,0,5,False,2,0.9182958340544896,0.355245321275764,C5419544,False,,,,,,,,,6.0,-0.0687845945358276,0.0024254918098449,-0.0687845945358276,0.8098369638125101,0.8074114322662354
mm_0088551,Meta-Llama-3-8B-Instruct,0.0,0.9943442344665528,sapbert_full_len3,6,6,0,5,False,2,0.9182958340544896,0.355245321275764,C0030567,False,,,,,,,,,6.0,0.0500680804252625,0.040943463643392,0.0226942300796508,0.916343609491984,0.8754001259803772
mm_0088551,Mistral-7B-Instruct-v0.1,0.0,0.7147250175476074,sapbert_full_len3,6,6,0,5,False,2,0.9182958340544896,0.355245321275764,C5419544,False,,,,,,,,,6.0,-0.0688151121139526,-0.0382967392603556,-0.0688151121139526,0.7299460570017496,0.7682427763938904
mm_0088551,PubMedBERT,0.0,1.0,sapbert_full_len3,6,6,0,5,False,1,-0.0,-0.0,C1839576,True,6.0,1.0,"{""C1839576"": 6}",-0.0,-0.0,0.0,C1839576,0.0,6.0,-0.5425320863723755,-0.5425320863723755,-0.5425320863723755,0.27984747290611267,0.8223795294761658
mm_0088706,BERT-base,0.0,1.0,sapbert_full_len3,9,9,0,8,False,2,0.9182958340544896,0.2896900821428475,C0018966,False,9.0,2.0,"{""C0015131"": 3, ""C0018966"": 6}",0.9182958340544896,0.2896900821428475,0.0,C0018966,0.0,9.0,-0.5434258580207825,-0.5058269500732422,-0.5434258580207825,0.494171679019928,0.9999986290931702
mm_0088706,BioBERT,0.0,1.0,sapbert_full_len3,9,9,0,8,False,1,-0.0,-0.0,C1707887,True,9.0,1.0,"{""UMLS:C1707887"": 9}",-0.0,-0.0,0.0,UMLS:C1707887,0.0,9.0,-0.6400022506713867,-0.6400022506713867,-0.6400022506713867,0.35999640822410583,0.9999986290931702
mm_0088706,BioMistral-7B,0.0,1.0,sapbert_full_len3,9,9,0,8,False,3,1.584962500721156,0.5,C0055431,False,,,,,,,,,9.0,0.0466042757034301,0.0924230813980102,0.0411139726638793,1.0,0.907576858997345
mm_0088706,FLAN-T5-base,0.0,0.9999997615814208,sapbert_full_len3,9,9,0,8,False,3,1.4355205042826666,0.4528562990069186,C0008260,False,,,,,,,,,9.0,0.0411623120307921,0.0228851967387728,5.960464477539062e-07,0.9946142037709554,0.971729040145874
mm_0088706,Llama3-OpenBioLLM-8B,0.0,0.9999997615814208,sapbert_full_len3,9,9,0,8,False,4,1.974937501201927,0.6230234154761809,C0007271,False,,,,,,,,,9.0,1.1920928943975897e-07,0.0415621797243753,-0.0728891491889953,0.9440593189663358,0.9024970531463624
mm_0088706,Meta-Llama-3-8B-Instruct,0.0,1.0,sapbert_full_len3,9,9,0,8,False,2,0.5032583347756457,0.1587603285713901,C0037812,False,,,,,,,,,9.0,0.1459221839904785,0.0162138938903808,3.5762786865234375e-07,1.0,0.983786165714264
mm_0088706,Mistral-7B-Instruct-v0.1,0.0,0.9999997615814208,sapbert_full_len3,9,9,0,8,False,3,1.224394445405986,0.3862534428571301,C0037812,False,,,,,,,,,9.0,1.1920928943975897e-07,0.0107063187493217,-0.1742883920669555,0.9737282792727152,0.9630219340324402
mm_0088706,PubMedBERT,0.0,1.0,sapbert_full_len3,9,9,0,8,False,2,0.9182958340544896,0.2896900821428475,C1447749,False,9.0,2.0,"{""C1839576"": 3, ""C1447749"": 6}",0.9182958340544896,0.2896900821428475,0.0,C1447749,0.0,9.0,-0.6532911062240601,-0.6208750605583191,-0.6532911062240601,0.3791235685348511,0.9999986290931702
mm_0088915,BERT-base,0.0,1.0,sapbert_full_len3,7,7,0,6,False,1,-0.0,-0.0,C4277667,True,7.0,1.0,"{""C4277667"": 7}",-0.0,-0.0,0.0,C4277667,0.0,7.0,-0.33764857053756714,-0.33764857053756714,-0.33764857053756714,0.6623509526252747,0.999999463558197
mm_0088915,BioBERT,0.0,1.0,sapbert_full_len3,7,7,0,6,False,1,-0.0,-0.0,C0011757,True,7.0,1.0,"{""C0011757"": 7}",-0.0,-0.0,0.0,C0011757,0.0,7.0,-0.6046203374862671,-0.6046203374862671,-0.6046203374862671,0.39537912607192993,0.999999463558197
mm_0088915,BioMistral-7B,0.0,1.0,sapbert_full_len3,7,7,0,6,False,2,0.863120568566631,0.3074497498641964,C0233421,False,,,,,,,,,7.0,0.0914977192878723,0.0955579025404793,0.0914977192878723,1.0,0.904442012310028
mm_0088915,FLAN-T5-base,1.0,1.0,sapbert_full_len3,7,7,0,6,False,3,1.5566567074628228,0.5544923070581674,C0004268,False,,,,,,,,,7.0,0.1089529991149902,0.0465785264968871,5.96046447642884e-07,0.9999999148505074,0.953421413898468
mm_0088915,Llama3-OpenBioLLM-8B,0.0,0.9999999403953552,sapbert_full_len3,7,7,0,6,False,2,0.863120568566631,0.3074497498641964,C0233421,False,,,,,,,,,7.0,0.0914976596832275,0.0955707856587001,0.0914976596832275,0.9999999574252536,0.9044290781021118
mm_0088915,Meta-Llama-3-8B-Instruct,0.0,1.0,sapbert_full_len3,7,7,0,6,False,2,0.863120568566631,0.3074497498641964,C0233421,False,,,,,,,,,7.0,0.0914977192878723,0.0653558032853262,1.0132789611816406e-06,1.0,0.9346442222595216
mm_0088915,Mistral-7B-Instruct-v0.1,0.0,1.0,sapbert_full_len3,7,7,0,6,False,2,0.9852281360342516,0.3509453429964405,C0004268,False,,,,,,,,,7.0,0.0914977192878723,0.0392135977745056,5.364418029785156e-07,0.9999999148505074,0.9607862830162048
mm_0088915,PubMedBERT,0.0,1.0,sapbert_full_len3,7,7,0,6,False,2,0.863120568566631,0.3074497498641964,C0681906,False,7.0,2.0,"{""UMLS:C0681906"": 5, ""C1839576"": 2}",0.863120568566631,0.3074497498641964,0.0,UMLS:C0681906,0.0,7.0,-0.5621447563171387,-0.5983549356460571,-0.6888803839683533,0.4016444981098175,0.999999463558197
mm_0089413,BERT-base,0.0,1.0,sapbert_full_len3,5,5,0,4,False,1,-0.0,-0.0,C1257990,True,5.0,1.0,"{""UMLS:C1257990"": 5}",-0.0,-0.0,0.0,UMLS:C1257990,0.0,5.0,-0.7207148671150208,-0.7207148671150208,-0.7207148671150208,0.2792845368385315,0.9999994039535522
mm_0089413,BioBERT,1.0,1.0,sapbert_full_len3,5,5,0,4,False,1,-0.0,-0.0,C0752046,True,5.0,1.0,"{""UMLS:C0752046"": 5}",-0.0,-0.0,1.0,UMLS:C0752046,0.0,5.0,0.11866146326065063,0.11866146326065063,0.11866146326065063,0.9999994039535522,0.8813380002975464
mm_0089413,BioMistral-7B,0.0,0.9999998807907104,sapbert_full_len3,5,5,0,4,False,1,-0.0,-0.0,C0085295,True,,,,,,,,,5.0,3.5762786865234375e-07,4.529953002929688e-07,3.5762786865234375e-07,0.999999976158142,0.9999995231628418
mm_0089413,FLAN-T5-base,0.0,1.0,sapbert_full_len3,5,5,0,4,False,2,0.7219280948873623,0.3109175070825711,C0004364,False,,,,,,,,,5.0,0.0615347623825073,0.0540584564208984,0.0241532325744628,1.0,0.9459415674209596
mm_0089413,Llama3-OpenBioLLM-8B,1.0,1.0,sapbert_full_len3,5,5,0,4,False,2,0.7219280948873623,0.3109175070825711,C0032529,False,,,,,,,,,5.0,3.5762786865234375e-07,0.0351761102676391,3.5762786865234375e-07,0.999999952316284,0.964823842048645
mm_0089413,Meta-Llama-3-8B-Instruct,0.0,0.9999998211860656,sapbert_full_len3,5,5,0,4,False,1,-0.0,-0.0,C1334098,True,,,,,,,,,5.0,0.0071570277214049,0.0071571707725524,0.0071570277214049,0.9999999642372132,0.9928427934646606
mm_0089413,Mistral-7B-Instruct-v0.1,1.0,0.9718748927116394,sapbert_full_len3,5,5,0,4,False,2,0.9709505944546686,0.4181656600790516,C0085295,False,,,,,,,,,5.0,0.0663186311721801,0.0265276670455932,3.5762786865234375e-07,0.988749885559082,0.9622222185134888
mm_0089413,PubMedBERT,1.0,1.0,sapbert_full_len3,5,5,0,4,False,1,-0.0,-0.0,C0752046,True,5.0,1.0,"{""UMLS:C0752046"": 5}",-0.0,-0.0,1.0,UMLS:C0752046,0.0,5.0,0.11866146326065063,0.11866146326065063,0.11866146326065063,0.9999994039535522,0.8813380002975464
mm_0090103,BERT-base,0.0,1.0,sapbert_full_len3,7,7,0,6,False,4,1.8423709931771084,0.6562657890890309,C1447749,False,7.0,4.0,"{""C1447749"": 3, ""C0814154"": 1, ""C0525041"": 1, ""C0038436"": 2}",1.8423709931771084,0.6562657890890309,0.0,C1447749,1.0,7.0,-0.6329228281974792,-0.5733694434165955,-0.6475671529769897,0.4266301989555359,0.9999996423721313
mm_0090103,BioBERT,0.0,1.0,sapbert_full_len3,7,7,0,6,False,3,1.3787834934861751,0.4911325898456825,C1839576,False,7.0,3.0,"{""C1839576"": 4, ""UMLS:C1257990"": 2, ""C1270972"": 1}",1.3787834934861751,0.4911325898456825,0.0,C1839576,0.0,7.0,-0.6722776889801025,-0.6394375562667847,-0.6722776889801025,0.36056211590766907,0.9999996423721313
mm_0090103,BioMistral-7B,0.0,1.0,sapbert_full_len3,7,7,0,6,False,2,0.863120568566631,0.3074497498641964,C0002395,False,,,,,,,,,7.0,0.0103976726531982,0.0385904482432774,0.0103976726531982,0.9999999829701016,0.9614094495773317
mm_0090103,FLAN-T5-base,0.0,1.0,sapbert_full_len3,7,7,0,6,False,1,-0.0,-0.0,C0700327,True,,,,,,,,,7.0,0.113782525062561,0.113782525062561,0.113782525062561,1.0,0.8862175345420837
mm_0090103,Llama3-OpenBioLLM-8B,0.0,0.9947022795677184,sapbert_full_len3,7,7,0,6,False,3,1.3787834934861751,0.4911325898456825,C0002395,False,,,,,,,,,7.0,0.0348514318466185,0.0272628579820905,1.788139343261719e-07,0.999243140220642,0.9719802141189576
mm_0090103,Meta-Llama-3-8B-Instruct,0.0,0.9999999403953552,sapbert_full_len3,7,7,0,6,False,2,0.5916727785823275,0.2107580961471984,C0872259,False,,,,,,,,,7.0,0.1090723872184753,0.0934906601905822,2.980232238769531e-07,0.999999931880406,0.906509280204773
mm_0090103,Mistral-7B-Instruct-v0.1,0.0,1.0,sapbert_full_len3,7,7,0,6,False,3,1.1488348542809166,0.4092232318950598,C0011265,False,,,,,,,,,7.0,7.152557373046875e-07,0.0337959783417837,5.364418028674933e-07,0.99949312210083,0.965697169303894
mm_0090103,PubMedBERT,0.0,1.0,sapbert_full_len3,7,7,0,6,False,1,-0.0,-0.0,C1839576,True,7.0,1.0,"{""C1839576"": 7}",-0.0,-0.0,0.0,C1839576,0.0,7.0,-0.6722776889801025,-0.6722777485847473,-0.6722776889801025,0.3277219235897064,0.9999996423721313
mm_0090104,BERT-base,0.0,1.0,sapbert_full_len3,7,7,0,6,False,4,1.9502120649147463,0.6946795539074094,C1447749,False,7.0,4.0,"{""C1447749"": 2, ""C0525041"": 2, ""C0814154"": 1, ""C0038436"": 2}",1.9502120649147463,0.6946795539074094,0.0,C1447749,1.0,7.0,-0.3857176899909973,-0.40070152282714844,-0.44476741552352905,0.4854566156864166,0.8861581087112427
mm_0090104,BioBERT,0.0,1.0,sapbert_full_len3,7,7,0,6,False,3,1.1488348542809166,0.4092232318950598,C1839576,False,7.0,3.0,"{""C1839576"": 5, ""UMLS:C1257990"": 1, ""C1270972"": 1}",1.1488348542809166,0.4092232318950598,0.0,C1839576,0.0,7.0,-0.4523753225803375,-0.45884567499160767,-0.6156133413314819,0.4273124039173126,0.8861581087112427
mm_0090104,BioMistral-7B,1.0,1.0,sapbert_full_len3,7,7,0,6,False,2,0.863120568566631,0.3074497498641964,C0002395,False,,,,,,,,,7.0,0.0103976726531982,0.0385903971535818,0.0103976130485534,0.999999931880406,0.9614094495773317
mm_0090104,FLAN-T5-base,1.0,0.8742143511772156,sapbert_full_len3,7,7,0,6,False,1,-0.0,-0.0,C0002395,True,,,,,,,,,7.0,-0.0120031237602233,-0.0120031237602233,-0.0120031237602233,0.8742143511772156,0.8862175345420837
mm_0090104,Llama3-OpenBioLLM-8B,1.0,0.9947022795677184,sapbert_full_len3,7,7,0,6,False,3,1.1488348542809166,0.4092232318950598,C0872259,False,,,,,,,,,7.0,0.0348514318466185,0.0809852395738874,1.788139343261719e-07,0.9546227029391696,0.8736374974250793
mm_0090104,Meta-Llama-3-8B-Instruct,0.0,0.9999999403953552,sapbert_full_len3,7,7,0,6,False,2,0.5916727785823275,0.2107580961471984,C0872259,False,,,,,,,,,7.0,0.1090723872184753,0.0934906601905822,2.980232238769531e-07,0.999999931880406,0.906509280204773
mm_0090104,Mistral-7B-Instruct-v0.1,0.0,0.9999998211860656,sapbert_full_len3,7,7,0,6,False,1,-0.0,-0.0,C0011265,True,,,,,,,,,7.0,5.364418028674933e-07,5.364418028674933e-07,5.364418028674933e-07,0.9999998211860656,0.9999991655349731
mm_0090104,PubMedBERT,0.0,1.0,sapbert_full_len3,7,7,0,6,False,1,-0.0,-0.0,C1839576,True,7.0,1.0,"{""C1839576"": 7}",-0.0,-0.0,0.0,C1839576,0.0,7.0,-0.4523753225803375,-0.4523753225803375,-0.4523753225803375,0.43378278613090515,0.8861581087112427
mm_0090447,BERT-base,0.0,1.0,sapbert_full_len3,7,7,0,6,False,2,0.9852281360342516,0.3509453429964405,C2350390,False,7.0,2.0,"{""UMLS:C2350390"": 4, ""UMLS:C0444254"": 3}",0.9852281360342516,0.3509453429964405,0.0,UMLS:C2350390,0.0,7.0,-0.6804966330528259,-0.6380135416984558,-0.6804966330528259,0.3619859516620636,0.9999995231628418
mm_0090447,BioBERT,0.0,1.0,sapbert_full_len3,7,7,0,6,False,2,0.863120568566631,0.3074497498641964,C0919821,False,7.0,2.0,"{""UMLS:C0919821"": 5, ""C1312419"": 2}",0.863120568566631,0.3074497498641964,0.0,UMLS:C0919821,0.0,7.0,-0.7085825204849243,-0.6773107647895813,-0.7085825204849243,0.3226887881755829,0.9999995231628418
mm_0090447,BioMistral-7B,0.0,0.9999999403953552,sapbert_full_len3,7,7,0,6,False,1,-0.0,-0.0,C1416786,True,,,,,,,,,7.0,4.172325134277344e-07,4.683222089494978e-07,4.172325134277344e-07,0.9999999914850508,0.9999995231628418
mm_0090447,FLAN-T5-base,0.0,1.0,sapbert_full_len3,7,7,0,6,False,1,-0.0,-0.0,C1416786,True,,,,,,,,,7.0,4.76837158203125e-07,4.2574746268136163e-07,4.172325134277344e-07,0.9999999489103044,0.9999995231628418
mm_0090447,Llama3-OpenBioLLM-8B,0.0,1.0,sapbert_full_len3,7,7,0,6,False,2,0.863120568566631,0.3074497498641964,C1416786,False,,,,,,,,,7.0,0.2029489278793335,0.1636082444872175,0.1337515711784362,0.999999965940203,0.8363917469978333
mm_0090447,Meta-Llama-3-8B-Instruct,0.0,0.9999997615814208,sapbert_full_len3,7,7,0,6,False,1,-0.0,-0.0,C0234557,True,,,,,,,,,7.0,0.0617964863777159,0.0617966907364981,0.0617964863777159,0.999999965940203,0.9382032752037048
mm_0090447,Mistral-7B-Instruct-v0.1,0.0,0.9999999403953552,sapbert_full_len3,7,7,0,6,False,3,1.3787834934861751,0.4911325898456825,C1416786,False,,,,,,,,,7.0,4.172325134277344e-07,0.0115578004292079,4.172325134277344e-07,0.9999998126711164,0.9884420037269592
mm_0090447,PubMedBERT,0.0,1.0,sapbert_full_len3,7,7,0,6,False,3,1.3787834934861751,0.4911325898456825,C0015131,False,7.0,3.0,"{""C0015131"": 4, ""C0018966"": 1, ""C1839576"": 2}",1.3787834934861751,0.4911325898456825,0.0,C0015131,0.0,7.0,-0.6261298060417175,-0.61302250623703,-0.6445587873458862,0.3869769871234894,0.9999995231628418
mm_0090647,BERT-base,0.0,1.0,sapbert_full_len3,7,7,0,6,False,1,-0.0,-0.0,C0358514,True,7.0,1.0,"{""UMLS:C0358514"": 7}",-0.0,-0.0,0.0,UMLS:C0358514,0.0,7.0,-0.4318928122520447,-0.4318928122520447,-0.4318928122520447,0.37670403718948364,0.8085969090461731
mm_0090647,BioBERT,0.0,1.0,sapbert_full_len3,7,7,0,6,False,1,-0.0,-0.0,C1370369,True,7.0,1.0,"{""C1370369"": 7}",-0.0,-0.0,0.0,C1370369,0.0,7.0,-0.43970805406570435,-0.43970805406570435,-0.43970805406570435,0.368888795375824,0.8085969090461731
mm_0090647,BioMistral-7B,0.0,0.8068317174911499,sapbert_full_len3,7,7,0,6,False,1,-0.0,-0.0,C0025369,True,,,,,,,,,7.0,-6.61015510559082e-05,-3.230571746826172e-05,-6.61015510559082e-05,0.889623360974448,0.889655590057373
mm_0090647,FLAN-T5-base,0.0,0.8068317174911499,sapbert_full_len3,7,7,0,6,False,1,-0.0,-0.0,C0025369,True,,,,,,,,,7.0,-6.61015510559082e-05,-5.659886768886021e-05,-6.61015510559082e-05,0.8344271693910871,0.8344836831092834
mm_0090647,Llama3-OpenBioLLM-8B,0.0,0.7237864136695862,sapbert_full_len3,7,7,0,6,False,4,1.9502120649147463,0.6946795539074094,C4086761,False,,,,,,,,,7.0,-0.2474656105041504,-0.0715116603033883,-0.2474656105041504,0.7887140171868461,0.8602256178855896
mm_0090647,Meta-Llama-3-8B-Instruct,0.0,1.0,sapbert_full_len3,7,7,0,6,False,3,1.1488348542809166,0.4092232318950598,C2024467,False,,,,,,,,,7.0,2.384185791015625e-07,-3.9585999080113e-05,-0.0002785921096801,0.9734069960457938,0.9734465479850768
mm_0090647,Mistral-7B-Instruct-v0.1,0.0,1.0,sapbert_full_len3,7,7,0,6,False,1,-0.0,-0.0,C0025369,True,,,,,,,,,7.0,5.364418029785156e-07,5.364418029785156e-07,5.364418029785156e-07,1.0,0.999999463558197
mm_0090647,PubMedBERT,0.0,1.0,sapbert_full_len3,7,7,0,6,False,1,-0.0,-0.0,C0015131,True,7.0,1.0,"{""C0015131"": 7}",-0.0,-0.0,0.0,C0015131,0.0,7.0,-0.37119928002357483,-0.37119928002357483,-0.37119928002357483,0.4373975694179535,0.8085969090461731
mm_0091036,BERT-base,0.0,1.0,sapbert_full_len3,7,7,0,6,False,2,0.5916727785823275,0.2107580961471984,C1312419,False,7.0,2.0,"{""C1312419"": 6, ""UMLS:C1257990"": 1}",0.5916727785823275,0.2107580961471984,0.0,C1312419,0.0,7.0,-0.6257761716842651,-0.6201069951057434,-0.6257761716842651,0.3798927664756775,0.9999997019767761
mm_0091036,BioBERT,0.0,1.0,sapbert_full_len3,7,7,0,6,False,1,-0.0,-0.0,C0008396,True,7.0,1.0,"{""C0008396"": 7}",-0.0,-0.0,0.0,C0008396,0.0,7.0,-0.6289409399032593,-0.6289409399032593,-0.6289409399032593,0.37105879187583923,0.9999997019767761
mm_0091036,BioMistral-7B,0.0,0.9947352409362792,sapbert_full_len3,7,7,0,6,False,2,0.863120568566631,0.3074497498641964,C1528322,False,,,,,,,,,7.0,3.1292438506969056e-05,2.2470951080242963e-05,4.172325134277344e-07,0.996239457811628,0.996216893196106
mm_0091036,FLAN-T5-base,1.0,1.0,sapbert_full_len3,7,7,0,6,False,1,-0.0,-0.0,C0026237,True,,,,,,,,,7.0,0.1021626591682434,0.0461320962224687,2.384185791015625e-07,0.9559476375579834,0.9098154902458192
mm_0091036,Llama3-OpenBioLLM-8B,1.0,0.8107661008834839,sapbert_full_len3,7,7,0,6,False,1,-0.0,-0.0,C0026237,True,,,,,,,,,7.0,-0.010562241077423,-0.010562241077423,-0.010562241077423,0.8107661008834839,0.8213282823562622
mm_0091036,Meta-Llama-3-8B-Instruct,1.0,0.8106867074966431,sapbert_full_len3,7,7,0,6,False,1,-0.0,-0.0,C0026237,True,,,,,,,,,7.0,-0.0106416344642639,-0.0106416344642639,-0.0106416344642639,0.8106867074966431,0.8213282823562622
mm_0091036,Mistral-7B-Instruct-v0.1,1.0,1.0,sapbert_full_len3,7,7,0,6,False,1,-0.0,-0.0,C0026237,True,,,,,,,,,7.0,0.1020033955574035,0.0924466592924935,0.0685548186302185,0.999999965940203,0.9075533151626588
mm_0091036,PubMedBERT,0.0,1.0,sapbert_full_len3,7,7,0,6,False,1,-0.0,-0.0,C1447749,True,7.0,1.0,"{""C1447749"": 7}",-0.0,-0.0,0.0,C1447749,0.0,7.0,-0.5396648049354553,-0.5396648049354553,-0.5396648049354553,0.4603349566459656,0.9999997019767761
mm_0092293,BERT-base,0.0,1.0,sapbert_full_len3,5,5,0,4,False,1,-0.0,-0.0,C0949359,True,5.0,1.0,"{""C0949359"": 5}",-0.0,-0.0,0.0,C0949359,0.0,5.0,-0.46745672821998596,-0.46745672821998596,-0.46745672821998596,0.42741450667381287,0.8948712348937988
mm_0092293,BioBERT,0.0,1.0,sapbert_full_len3,5,5,0,4,False,2,0.7219280948873623,0.3109175070825711,C0038467,False,5.0,2.0,"{""UMLS:C0038467"": 4, ""UMLS:C1707887"": 1}",0.7219280948873623,0.3109175070825711,0.0,UMLS:C0038467,0.0,5.0,-0.5333346128463745,-0.546907365322113,-0.6011984348297119,0.3479638695716858,0.8948712348937988
mm_0092293,BioMistral-7B,1.0,0.9999997615814208,sapbert_full_len3,5,5,0,4,False,2,0.9709505944546686,0.4181656600790516,C4041873,False,,,,,,,,,5.0,0.1674215793609618,0.1581891536712645,0.1443405151367187,0.9579910039901732,0.7998018264770508
mm_0092293,FLAN-T5-base,0.0,0.921567976474762,sapbert_full_len3,5,5,0,4,False,2,0.7219280948873623,0.3109175070825711,C0030011,False,,,,,,,,,5.0,0.0739844441413879,0.0602441310882568,0.0052616000175476,0.892379629611969,0.8321354985237122
mm_0092293,Llama3-OpenBioLLM-8B,1.0,0.9268252849578856,sapbert_full_len3,5,4,1,4,False,1,-0.0,-0.0,C4041873,True,,,,,,,,,4.0,0.1463919281959532,0.1463919281959532,0.1463919281959532,0.9268252849578856,0.7804333567619324
mm_0092293,Meta-Llama-3-8B-Instruct,0.0,0.9999998807907104,sapbert_full_len3,5,5,0,4,False,1,-0.0,-0.0,C0030011,True,,,,,,,,,5.0,0.0887510180473327,0.0887509703636168,0.0887509584426878,0.9999998331069946,0.9112488627433776
mm_0092293,Mistral-7B-Instruct-v0.1,0.0,0.9999998807907104,sapbert_full_len3,5,5,0,4,False,2,0.7219280948873623,0.3109175070825711,C0043506,False,,,,,,,,,5.0,0.0829870700836181,0.0850744128227233,0.0829870700836181,0.9999998807907104,0.914925456047058
mm_0092293,PubMedBERT,0.0,1.0,sapbert_full_len3,5,5,0,4,False,2,0.7219280948873623,0.3109175070825711,C1447749,False,5.0,2.0,"{""C1839576"": 1, ""C1447749"": 4}",0.7219280948873623,0.3109175070825711,0.0,C1447749,0.0,5.0,-0.5532392859458923,-0.4755876958370209,-0.5532392859458923,0.41928353905677795,0.8948712348937988
mm_0092345,BERT-base,1.0,1.0,sapbert_full_len3,6,6,0,5,False,3,1.4591479170272446,0.5644754678724235,C0051318,False,6.0,3.0,"{""C0051318"": 3, ""C1447749"": 1, ""C0025677"": 2}",1.4591479170272446,0.5644754678724235,0.0,C0051318,1.0,6.0,0.05337166786193848,-0.24900119006633759,-0.5927618741989136,0.7243123650550842,0.973313570022583
mm_0092345,BioBERT,1.0,1.0,sapbert_full_len3,6,6,0,5,False,2,0.6500224216483541,0.2514629985800606,C0051318,False,6.0,2.0,"{""C0051318"": 5, ""UMLS:C1257990"": 1}",0.6500224216483541,0.2514629985800606,0.0,C0051318,0.0,6.0,0.05337166786193848,-0.07428721338510513,-0.7125816345214844,0.8812357783317566,0.9555230140686035
mm_0092345,BioMistral-7B,1.0,1.0,sapbert_full_len3,6,6,0,5,False,1,-0.0,-0.0,C0051318,True,,,,,,,,,6.0,0.1563261747360229,0.1563261747360229,0.1563261747360229,1.0,0.8436737656593323
mm_0092345,FLAN-T5-base,1.0,1.0,sapbert_full_len3,6,6,0,5,False,1,-0.0,-0.0,C0051318,True,,,,,,,,,6.0,0.1563261747360229,0.1563261747360229,0.1563261747360229,1.0,0.8436737656593323
mm_0092345,Llama3-OpenBioLLM-8B,1.0,1.0,sapbert_full_len3,6,6,0,5,False,1,-0.0,-0.0,C0051318,True,,,,,,,,,6.0,0.1102480888366699,0.1102480888366699,0.1102480888366699,1.0,0.8897519111633301
mm_0092345,Meta-Llama-3-8B-Instruct,1.0,1.0,sapbert_full_len3,6,6,0,5,False,2,1.0,0.3868528072345416,C0051318,False,,,,,,,,,6.0,0.1102480888366699,0.1125938495000202,0.1069809198379515,0.999999890724818,0.887406051158905
mm_0092345,Mistral-7B-Instruct-v0.1,1.0,1.0,sapbert_full_len3,6,6,0,5,False,1,-0.0,-0.0,C0051318,True,,,,,,,,,6.0,0.1563261747360229,0.1409668127695719,0.1102480888366699,1.0,0.8590331077575684
mm_0092345,PubMedBERT,1.0,1.0,sapbert_full_len3,6,6,0,5,False,2,0.6500224216483541,0.2514629985800606,C0051318,False,6.0,2.0,"{""C0051318"": 5, ""C1447749"": 1}",0.6500224216483541,0.2514629985800606,0.0,C0051318,0.0,6.0,0.05337166786193848,-0.054317254573106766,-0.5927618741989136,0.9012057781219482,0.9555230140686035
mm_0092701,BERT-base,0.0,1.0,sapbert_full_len3,6,6,0,5,False,1,-0.0,-0.0,C1447749,True,6.0,1.0,"{""C1447749"": 6}",-0.0,-0.0,0.0,C1447749,0.0,6.0,-0.5204393863677979,-0.5204393863677979,-0.5204393863677979,0.36966678500175476,0.890106201171875
mm_0092701,BioBERT,0.0,1.0,sapbert_full_len3,6,6,0,5,False,2,0.9182958340544896,0.355245321275764,C1447749,False,6.0,2.0,"{""C5392105"": 2, ""C1447749"": 4}",0.9182958340544896,0.355245321275764,0.0,C1447749,0.0,6.0,-0.528537929058075,-0.5231389403343201,-0.528537929058075,0.3669672906398773,0.890106201171875
mm_0092701,BioMistral-7B,0.0,0.9999995231628418,sapbert_full_len3,6,6,0,5,False,2,0.9182958340544896,0.355245321275764,C0138741,False,,,,,,,,,6.0,-1.1920928955078125e-07,2.086162567138672e-07,-1.1920928955078125e-07,0.999999890724818,0.999999701976776
mm_0092701,FLAN-T5-base,0.0,0.838204562664032,sapbert_full_len3,6,6,0,5,False,2,0.9182958340544896,0.355245321275764,C1853292,False,,,,,,,,,6.0,0.0287124514579772,0.0191367864608764,1.7881393421514957e-07,0.892136295636495,0.8729994893074036
mm_0092701,Llama3-OpenBioLLM-8B,0.0,0.7728452682495117,sapbert_full_len3,6,6,0,5,False,4,1.9182958340544896,0.7420981285103057,C1171307,False,,,,,,,,,6.0,7.855892181396484e-05,0.012368232011795,-0.0165390968322752,0.9424174427986144,0.9300492405891418
mm_0092701,Meta-Llama-3-8B-Instruct,0.0,0.9999999403953552,sapbert_full_len3,6,6,0,5,False,2,0.6500224216483541,0.2514629985800606,C0199230,False,,,,,,,,,6.0,0.0621540546417236,0.0517467558383941,-0.0002897381782531,0.9619064331054688,0.9101596474647522
mm_0092701,Mistral-7B-Instruct-v0.1,0.0,0.9999999403953552,sapbert_full_len3,6,6,0,5,False,2,0.9182958340544896,0.355245321275764,C0006826,False,,,,,,,,,6.0,0.0621540546417236,0.0207180579503377,5.960464477539064e-08,0.9999999403953552,0.9792819023132324
mm_0092701,PubMedBERT,0.0,1.0,sapbert_full_len3,6,6,0,5,False,2,0.9182958340544896,0.355245321275764,C1839576,False,6.0,2.0,"{""C1839576"": 4, ""C1447749"": 2}",0.9182958340544896,0.355245321275764,0.0,C1839576,0.0,6.0,-0.5004683136940002,-0.5071253180503845,-0.5204393863677979,0.3829808533191681,0.890106201171875
mm_0093095,BERT-base,0.0,1.0,sapbert_full_len3,4,4,0,3,False,1,-0.0,-0.0,C1447749,True,4.0,1.0,"{""C1447749"": 4}",-0.0,-0.0,0.0,C1447749,0.0,4.0,-0.5780360698699951,-0.5780360698699951,-0.5780360698699951,0.42196282744407654,0.999998927116394
mm_0093095,BioBERT,0.0,1.0,sapbert_full_len3,4,4,0,3,False,3,1.5,0.75,C1447749,False,4.0,3.0,"{""C0265267"": 1, ""C2935436"": 1, ""C1447749"": 2}",1.5,0.75,0.0,C1447749,1.0,4.0,-0.6917844414710999,-0.5781288743019104,-0.6917844414710999,0.42187005281448364,0.999998927116394
mm_0093095,BioMistral-7B,0.0,0.9999997615814208,sapbert_full_len3,4,4,0,3,False,1,-0.0,-0.0,C4535718,True,,,,,,,,,4.0,0.063441753387451,0.0634419322013854,0.063441753387451,0.9999999403953552,0.9365580081939696
mm_0093095,FLAN-T5-base,0.0,1.0,sapbert_full_len3,4,4,0,3,False,1,-0.0,-0.0,C0017601,True,,,,,,,,,4.0,3.5762786865234375e-07,1.3411045066136218e-07,5.960464466436832e-08,0.999999776482582,0.9999996423721312
mm_0093095,Llama3-OpenBioLLM-8B,0.0,0.9999997615814208,sapbert_full_len3,4,4,0,3,False,1,-0.0,-0.0,C4535718,True,,,,,,,,,4.0,0.063441753387451,0.0634419322013854,0.063441753387451,0.9999999403953552,0.9365580081939696
mm_0093095,Meta-Llama-3-8B-Instruct,0.0,1.0,sapbert_full_len3,4,4,0,3,False,2,1.0,0.5,C4535718,False,,,,,,,,,4.0,0.1428919434547424,0.0714461803436279,4.172325134277344e-07,1.0,0.928553819656372
mm_0093095,Mistral-7B-Instruct-v0.1,0.0,0.999999701976776,sapbert_full_len3,4,4,0,3,False,2,0.8112781244591328,0.4056390622295664,C0017601,False,,,,,,,,,4.0,1.1920928943975897e-07,0.0158605277538298,1.1920928943975897e-07,0.9999997168779372,0.9841391444206238
mm_0093095,PubMedBERT,0.0,1.0,sapbert_full_len3,4,4,0,3,False,2,1.0,0.5,C1839576,False,4.0,2.0,"{""C1839576"": 2, ""C1447749"": 2}",1.0,0.5,0.0,C1839576,1.0,4.0,-0.6465586423873901,-0.6122973561286926,-0.6465586423873901,0.3877015709877014,0.999998927116394
mm_0093251,BERT-base,0.0,1.0,sapbert_full_len3,6,6,0,5,False,3,1.584962500721156,0.6131471927654584,C0444254,False,6.0,3.0,"{""UMLS:C0444254"": 2, ""C0282597"": 2, ""UMLS:C1283169"": 2}",1.584962500721156,0.6131471927654584,0.0,UMLS:C0444254,1.0,6.0,-0.514755368232727,-0.4734121859073639,-0.514755368232727,0.3358447253704071,0.8092568516731262
mm_0093251,BioBERT,0.0,1.0,sapbert_full_len3,6,6,0,5,False,1,-0.0,-0.0,C1707887,True,6.0,1.0,"{""UMLS:C1707887"": 6}",-0.0,-0.0,0.0,UMLS:C1707887,0.0,6.0,-0.43565428256988525,-0.43565428256988525,-0.43565428256988525,0.37360262870788574,0.8092568516731262
mm_0093251,BioMistral-7B,0.0,0.9999998211860656,sapbert_full_len3,6,6,0,5,False,2,0.9182958340544896,0.355245321275764,C0042014,False,,,,,,,,,6.0,0.0738542079925536,0.0567315022150674,0.0224860906600951,0.9999998013178506,0.9432682991027832
mm_0093251,FLAN-T5-base,0.0,1.0,sapbert_full_len3,6,6,0,5,False,2,0.9182958340544896,0.355245321275764,C1610733,False,,,,,,,,,6.0,5.364418029785156e-07,3.0795733124699964e-07,1.1920928943975897e-07,0.9999998311201732,0.9999995231628418
mm_0093251,Llama3-OpenBioLLM-8B,0.0,0.999999701976776,sapbert_full_len3,6,6,0,5,False,3,1.4591479170272446,0.5644754678724235,C0430404,False,,,,,,,,,6.0,0.1217266321182249,0.0561538239320119,0.0224862694740295,0.9999999205271404,0.9438461661338806
mm_0093251,Meta-Llama-3-8B-Instruct,0.0,1.0,sapbert_full_len3,6,6,0,5,False,1,-0.0,-0.0,C0042014,True,,,,,,,,,6.0,0.073854386806488,0.073854386806488,0.073854386806488,1.0,0.926145613193512
mm_0093251,Mistral-7B-Instruct-v0.1,0.0,0.9999998211860656,sapbert_full_len3,6,6,0,5,False,2,1.0,0.3868528072345416,C0042014,False,,,,,,,,,6.0,0.0738542079925536,0.049011081457138,0.0241679549217224,0.999999850988388,0.95098876953125
mm_0093251,PubMedBERT,0.0,1.0,sapbert_full_len3,6,6,0,5,False,2,0.9182958340544896,0.355245321275764,C1707887,False,6.0,2.0,"{""UMLS:C1707887"": 4, ""C1839576"": 2}",0.9182958340544896,0.355245321275764,0.0,UMLS:C1707887,0.0,6.0,-0.43565428256988525,-0.4473859369754791,-0.4708492159843445,0.36187100410461426,0.8092568516731262
mm_0093333,BERT-base,0.0,1.0,sapbert_full_len3,7,7,0,6,False,3,1.5566567074628228,0.5544923070581674,C0169661,False,7.0,3.0,"{""C0169661"": 3, ""C0055966"": 2, ""C1566790"": 2}",1.5566567074628228,0.5544923070581674,0.0,C0169661,1.0,7.0,-0.5931339859962463,-0.5305300354957581,-0.5931339859962463,0.46946948766708374,0.9999995231628418
mm_0093333,BioBERT,0.0,1.0,sapbert_full_len3,7,7,0,6,False,1,-0.0,-0.0,C1257990,True,7.0,1.0,"{""UMLS:C1257990"": 7}",-0.0,-0.0,0.0,UMLS:C1257990,0.0,7.0,-0.2842233180999756,-0.2842233180999756,-0.2842233180999756,0.7157761454582214,0.9999995231628418
mm_0093333,BioMistral-7B,0.0,0.7874996066093445,sapbert_full_len3,7,7,0,6,False,1,-0.0,-0.0,C0074299,True,,,,,,,,,7.0,-0.0622366666793823,-0.0622366666793823,-0.0622366666793823,0.7874996066093445,0.8497362732887268
mm_0093333,FLAN-T5-base,0.0,0.7874996066093445,sapbert_full_len3,7,7,0,6,False,1,-0.0,-0.0,C0074299,True,,,,,,,,,7.0,-0.0622366666793823,-0.012356230190822,-0.0622366666793823,0.8785711867468697,0.8909273743629456
mm_0093333,Llama3-OpenBioLLM-8B,0.0,0.7874996066093445,sapbert_full_len3,7,7,0,6,False,3,1.3787834934861751,0.4911325898456825,C2350332,False,,,,,,,,,7.0,-0.0622366666793823,0.0350030149732317,-0.0622366666793823,0.9392855678285872,0.904282569885254
mm_0093333,Meta-Llama-3-8B-Instruct,0.0,0.7874996066093445,sapbert_full_len3,7,7,0,6,False,2,0.863120568566631,0.3074497498641964,C0074299,False,,,,,,,,,7.0,-0.0622366666793823,0.0129547033991132,-0.0622366666793823,0.887992765222277,0.8750380277633667
mm_0093333,Mistral-7B-Instruct-v0.1,0.0,0.9266209602355956,sapbert_full_len3,7,7,0,6,False,1,-0.0,-0.0,C0074299,True,,,,,,,,,7.0,-0.0081619024276734,-0.0236239262989589,-0.0622789859771728,0.8868599108287265,0.9104838371276855
mm_0093333,PubMedBERT,0.0,1.0,sapbert_full_len3,7,7,0,6,False,2,0.863120568566631,0.3074497498641964,C1257990,False,7.0,2.0,"{""UMLS:C1257990"": 5, ""C1447749"": 2}",0.863120568566631,0.3074497498641964,0.0,UMLS:C1257990,0.0,7.0,-0.2842233180999756,-0.3672971725463867,-0.5749818086624146,0.6327023506164551,0.9999995231628418
mm_0093493,BERT-base,0.0,1.0,sapbert_full_len3,9,9,0,8,False,2,0.7642045065086203,0.2410796804848405,C1257990,False,9.0,2.0,"{""UMLS:C1257990"": 7, ""C0752615"": 2}",0.7642045065086203,0.2410796804848405,0.0,UMLS:C1257990,0.0,9.0,-0.7012954354286194,-0.6887307167053223,-0.7012954354286194,0.3112689256668091,0.9999997019767761
mm_0093493,BioBERT,0.0,1.0,sapbert_full_len3,9,9,0,8,False,1,-0.0,-0.0,C1257990,True,9.0,1.0,"{""UMLS:C1257990"": 9}",-0.0,-0.0,0.0,UMLS:C1257990,0.0,9.0,-0.7012954354286194,-0.7012954354286194,-0.7012954354286194,0.29870420694351196,0.9999997019767761
mm_0093493,BioMistral-7B,1.0,1.0,sapbert_full_len3,9,9,0,8,False,1,-0.0,-0.0,C0007586,True,,,,,,,,,9.0,0.1839487552642822,0.2156962288750542,0.1839487552642822,1.0,0.7843037843704224
mm_0093493,FLAN-T5-base,1.0,1.0,sapbert_full_len3,9,9,0,8,False,1,-0.0,-0.0,C0007586,True,,,,,,,,,9.0,0.1839487552642822,0.1839487552642822,0.1839487552642822,1.0,0.8160512447357178
mm_0093493,Llama3-OpenBioLLM-8B,1.0,1.0,sapbert_full_len3,9,9,0,8,False,2,0.7642045065086203,0.2410796804848405,C0007586,False,,,,,,,,,9.0,0.1839487552642822,0.1519613928265041,0.040005624294281,1.0,0.8480385541915894
mm_0093493,Meta-Llama-3-8B-Instruct,1.0,1.0,sapbert_full_len3,9,9,0,8,False,3,1.4355205042826666,0.4528562990069186,C0007586,False,,,,,,,,,9.0,0.1970579624176025,0.124013794793023,0.0385418534278869,0.9999999735090468,0.8759861588478088
mm_0093493,Mistral-7B-Instruct-v0.1,1.0,1.0,sapbert_full_len3,9,9,0,8,False,1,-0.0,-0.0,C0007586,True,,,,,,,,,9.0,0.1839487552642822,0.177942673365275,0.15692138671875,1.0,0.82205730676651
mm_0093493,PubMedBERT,0.0,1.0,sapbert_full_len3,9,9,0,8,False,2,0.9910760598382222,0.3126496871021503,C1257990,False,9.0,2.0,"{""C1839576"": 4, ""UMLS:C1257990"": 5}",0.9910760598382222,0.3126496871021503,0.0,UMLS:C1257990,0.0,9.0,-0.7158247232437134,-0.7077529430389404,-0.7158247232437134,0.2922467291355133,0.9999997019767761
mm_0093512,BERT-base,0.0,1.0,sapbert_full_len3,9,9,0,8,False,1,-0.0,-0.0,C1257990,True,9.0,1.0,"{""UMLS:C1257990"": 9}",-0.0,-0.0,0.0,UMLS:C1257990,0.0,9.0,-0.708476722240448,-0.708476722240448,-0.708476722240448,0.2915228605270386,0.9999995827674866
mm_0093512,BioBERT,0.0,1.0,sapbert_full_len3,9,9,0,8,False,1,-0.0,-0.0,C1257990,True,9.0,1.0,"{""UMLS:C1257990"": 9}",-0.0,-0.0,0.0,UMLS:C1257990,0.0,9.0,-0.708476722240448,-0.708476722240448,-0.708476722240448,0.2915228605270386,0.9999995827674866
mm_0093512,BioMistral-7B,0.0,1.0,sapbert_full_len3,9,9,0,8,False,1,-0.0,-0.0,C0013216,True,,,,,,,,,9.0,0.1839487552642822,0.1839487552642822,0.1839487552642822,1.0,0.8160512447357178
mm_0093512,FLAN-T5-base,0.0,1.0,sapbert_full_len3,9,9,0,8,False,1,-0.0,-0.0,C0013216,True,,,,,,,,,9.0,0.1839487552642822,0.1839487552642822,0.1839487552642822,1.0,0.8160512447357178
mm_0093512,Llama3-OpenBioLLM-8B,0.0,1.0,sapbert_full_len3,9,9,0,8,False,1,-0.0,-0.0,C0013216,True,,,,,,,,,9.0,0.2712661027908325,0.1889735327826606,0.0755842328071594,1.0,0.8110264539718628
mm_0093512,Meta-Llama-3-8B-Instruct,0.0,0.9999999403953552,sapbert_full_len3,9,9,0,8,False,1,-0.0,-0.0,C0162638,True,,,,,,,,,9.0,0.0375575423240661,0.0375575423240661,0.0375575423240661,0.9999999403953552,0.9624423980712892
mm_0093512,Mistral-7B-Instruct-v0.1,0.0,1.0,sapbert_full_len3,9,9,0,8,False,1,-0.0,-0.0,C0013216,True,,,,,,,,,9.0,0.1839487552642822,0.1839487552642822,0.1839487552642822,1.0,0.8160512447357178
mm_0093512,PubMedBERT,0.0,1.0,sapbert_full_len3,9,9,0,8,False,1,-0.0,-0.0,C1257990,True,9.0,1.0,"{""UMLS:C1257990"": 9}",-0.0,-0.0,0.0,UMLS:C1257990,0.0,9.0,-0.708476722240448,-0.708476722240448,-0.708476722240448,0.2915228605270386,0.9999995827674866
mm_0093721,BERT-base,0.0,1.0,sapbert_full_len3,4,4,0,3,False,1,-0.0,-0.0,C1431519,True,4.0,1.0,"{""C1431519"": 4}",-0.0,-0.0,0.0,C1431519,0.0,4.0,-0.5087358951568604,-0.5087358951568604,-0.5087358951568604,0.49126380681991577,0.9999997019767761
mm_0093721,BioBERT,0.0,1.0,sapbert_full_len3,4,4,0,3,False,2,1.0,0.5,C0265267,False,4.0,2.0,"{""C0265267"": 2, ""C1312419"": 2}",1.0,0.5,0.0,C0265267,1.0,4.0,-0.6250393390655518,-0.6362703442573547,-0.6475013494491577,0.3637293577194214,0.9999997019767761
mm_0093721,BioMistral-7B,0.0,0.9999997615814208,sapbert_full_len3,4,4,0,3,False,1,-0.0,-0.0,C0027819,True,,,,,,,,,4.0,4.768371580921027e-07,4.768371580921027e-07,4.768371580921027e-07,0.9999997615814208,0.9999992847442628
mm_0093721,FLAN-T5-base,0.0,0.9999998807907104,sapbert_full_len3,4,4,0,3,False,1,-0.0,-0.0,C0027819,True,,,,,,,,,4.0,5.960464477539062e-07,5.960464477539062e-07,5.960464477539062e-07,0.9999998807907104,0.9999992847442628
mm_0093721,Llama3-OpenBioLLM-8B,0.0,0.9999997615814208,sapbert_full_len3,4,4,0,3,False,1,-0.0,-0.0,C0027819,True,,,,,,,,,4.0,4.768371580921027e-07,4.768371580921027e-07,4.768371580921027e-07,0.9999997615814208,0.9999992847442628
mm_0093721,Meta-Llama-3-8B-Instruct,0.0,0.9999997615814208,sapbert_full_len3,4,4,0,3,False,1,-0.0,-0.0,C0027819,True,,,,,,,,,4.0,4.768371580921027e-07,4.768371580921027e-07,4.768371580921027e-07,0.9999997615814208,0.9999992847442628
mm_0093721,Mistral-7B-Instruct-v0.1,0.0,0.9999997615814208,sapbert_full_len3,4,4,0,3,False,1,-0.0,-0.0,C0027819,True,,,,,,,,,4.0,4.768371580921027e-07,4.768371580921027e-07,4.768371580921027e-07,0.9999997615814208,0.9999992847442628
mm_0093721,PubMedBERT,0.0,1.0,sapbert_full_len3,4,4,0,3,False,1,-0.0,-0.0,C1839576,True,4.0,1.0,"{""C1839576"": 4}",-0.0,-0.0,0.0,C1839576,0.0,4.0,-0.605392575263977,-0.605392575263977,-0.605392575263977,0.3946071267127991,0.9999997019767761
mm_0093924,BERT-base,0.0,1.0,sapbert_full_len3,5,5,0,4,False,2,0.9709505944546686,0.4181656600790516,C1447749,False,5.0,2.0,"{""C1447749"": 3, ""UMLS:C1257990"": 2}",0.9709505944546686,0.4181656600790516,0.0,C1447749,0.0,5.0,-0.5300506949424744,-0.5460602641105652,-0.5700746774673462,0.4539393484592438,0.9999996423721313
mm_0093924,BioBERT,0.0,1.0,sapbert_full_len3,5,5,0,4,False,1,-0.0,-0.0,C1257990,True,5.0,1.0,"{""UMLS:C1257990"": 5}",-0.0,-0.0,0.0,UMLS:C1257990,0.0,5.0,-0.5700746774673462,-0.5700746774673462,-0.5700746774673462,0.42992496490478516,0.9999996423721313
mm_0093924,BioMistral-7B,0.0,0.9857383966445924,sapbert_full_len3,5,5,0,4,False,2,0.9709505944546686,0.4181656600790516,C0040690,False,,,,,,,,,5.0,3.1709671020618835e-05,0.0335225582122803,2.992153167724609e-05,0.991442322731018,0.9579197764396667
mm_0093924,FLAN-T5-base,0.0,0.9999999403953552,sapbert_full_len3,5,5,0,4,False,2,0.9709505944546686,0.4181656600790516,C5401498,False,,,,,,,,,5.0,8.940696716308594e-07,0.0471352458000182,7.152557371936652e-07,0.9999998450279236,0.9528646469116212
mm_0093924,Llama3-OpenBioLLM-8B,0.0,1.0,sapbert_full_len3,5,5,0,4,False,1,-0.0,-0.0,C1566790,True,,,,,,,,,5.0,0.0594826340675354,0.0337054967880249,0.021914005279541,1.0,0.9662944674491882
mm_0093924,Meta-Llama-3-8B-Instruct,0.0,0.9999999403953552,sapbert_full_len3,5,5,0,4,False,1,-0.0,-0.0,C0598067,True,,,,,,,,,5.0,0.1204952597618103,0.1204953074455261,0.1204952597618103,0.9999999880790712,0.8795046806335449
mm_0093924,Mistral-7B-Instruct-v0.1,0.0,0.9857383966445924,sapbert_full_len3,5,5,0,4,False,2,0.9709505944546686,0.4181656600790516,C0040690,False,,,,,,,,,5.0,3.1709671020618835e-05,0.0482171297073364,3.1709671020618835e-05,0.9914430141448974,0.9432259798049928
mm_0093924,PubMedBERT,0.0,1.0,sapbert_full_len3,5,5,0,4,False,1,-0.0,-0.0,C1447749,True,5.0,1.0,"{""C1447749"": 5}",-0.0,-0.0,0.0,C1447749,0.0,5.0,-0.5300506949424744,-0.5300506949424744,-0.5300506949424744,0.469948947429657,0.9999996423721313
mm_0094060,BERT-base,0.0,1.0,sapbert_full_len3,6,6,0,5,False,1,-0.0,-0.0,C1257990,True,6.0,1.0,"{""UMLS:C1257990"": 6}",-0.0,-0.0,0.0,UMLS:C1257990,0.0,6.0,-0.6383605003356934,-0.6383605003356934,-0.6383605003356934,0.36163926124572754,0.9999997615814209
mm_0094060,BioBERT,0.0,1.0,sapbert_full_len3,6,6,0,5,False,1,-0.0,-0.0,C1257990,True,6.0,1.0,"{""UMLS:C1257990"": 6}",-0.0,-0.0,0.0,UMLS:C1257990,0.0,6.0,-0.6383605003356934,-0.6383605003356934,-0.6383605003356934,0.36163926124572754,0.9999997615814209
mm_0094060,BioMistral-7B,0.0,1.0,sapbert_full_len3,6,6,0,5,False,2,0.9182958340544896,0.355245321275764,C2745888,False,,,,,,,,,6.0,0.0774921774864196,0.1160862644513448,0.0774921774864196,1.0,0.8839137554168701
mm_0094060,FLAN-T5-base,0.0,1.0,sapbert_full_len3,6,6,0,5,False,1,-0.0,-0.0,C2745888,True,,,,,,,,,6.0,0.1993752717971801,0.199385126431783,0.1993752717971801,1.0,0.8006148934364319
mm_0094060,Llama3-OpenBioLLM-8B,0.0,0.9999998211860656,sapbert_full_len3,6,6,0,5,False,4,1.9182958340544896,0.7420981285103057,C1514964,False,,,,,,,,,6.0,0.0578712821006773,0.0777442852656045,0.0578712821006773,0.9999997119108834,0.9222554564476012
mm_0094060,Meta-Llama-3-8B-Instruct,0.0,1.0000001192092896,sapbert_full_len3,6,6,0,5,False,2,0.9182958340544896,0.355245321275764,C0038250,False,,,,,,,,,6.0,0.0832524299621582,0.1330703596274058,0.0832522511482238,0.9999999900658926,0.8669295907020569
mm_0094060,Mistral-7B-Instruct-v0.1,0.0,0.9999999403953552,sapbert_full_len3,6,6,0,5,False,1,-0.0,-0.0,C0038250,True,,,,,,,,,6.0,0.0832522511482238,0.0832524001598358,0.0832522511482238,1.0000000894069672,0.9167476296424866
mm_0094060,PubMedBERT,0.0,1.0,sapbert_full_len3,6,6,0,5,False,1,-0.0,-0.0,C1257990,True,6.0,1.0,"{""UMLS:C1257990"": 6}",-0.0,-0.0,0.0,UMLS:C1257990,0.0,6.0,-0.6383605003356934,-0.6383605003356934,-0.6383605003356934,0.36163926124572754,0.9999997615814209
mm_0094434,BERT-base,0.0,1.0,sapbert_full_len3,7,7,0,6,False,2,0.9852281360342516,0.3509453429964405,C1257990,False,7.0,2.0,"{""UMLS:C1257990"": 4, ""C1447749"": 3}",0.9852281360342516,0.3509453429964405,0.0,UMLS:C1257990,0.0,7.0,-0.23829442262649536,-0.2791265547275543,-0.33356934785842896,0.4148520827293396,0.6939786076545715
mm_0094434,BioBERT,0.0,1.0,sapbert_full_len3,7,7,0,6,False,1,-0.0,-0.0,C1312419,True,7.0,1.0,"{""C1312419"": 7}",-0.0,-0.0,0.0,C1312419,0.0,7.0,-0.31839001178741455,-0.31839004158973694,-0.31839001178741455,0.375588595867157,0.6939786076545715
mm_0094434,BioMistral-7B,0.0,0.968177080154419,sapbert_full_len3,7,7,0,6,False,2,0.863120568566631,0.3074497498641964,C3888511,False,,,,,,,,,7.0,-0.0085113048553466,-0.0106307097843715,-0.0159292221069335,0.9193108081817628,0.9299415349960328
mm_0094434,FLAN-T5-base,0.0,1.0,sapbert_full_len3,7,7,0,6,False,2,0.863120568566631,0.3074497498641964,C6022366,False,,,,,,,,,7.0,4.76837158203125e-07,-0.0045508657182965,-0.0159292221069335,0.9420414652143206,0.9465923309326172
mm_0094434,Llama3-OpenBioLLM-8B,0.0,0.761547327041626,sapbert_full_len3,7,7,0,6,False,4,1.9502120649147463,0.6946795539074094,C1537066,False,,,,,,,,,7.0,0.0719956755638122,0.0374434079442705,0.0064219832420349,0.8472192542893546,0.8097758293151855
mm_0094434,Meta-Llama-3-8B-Instruct,0.0,0.751147985458374,sapbert_full_len3,7,7,0,6,False,2,0.9852281360342516,0.3509453429964405,C3548446,False,,,,,,,,,7.0,0.0083900690078735,0.0205469131469726,0.0083264112472534,0.839019911629813,0.8184729814529419
mm_0094434,Mistral-7B-Instruct-v0.1,0.0,0.9999999403953552,sapbert_full_len3,7,7,0,6,False,3,1.448815635725185,0.516078542239789,C0014139,False,,,,,,,,,7.0,0.0388634800910949,0.0535506861550467,-0.0085063576698304,0.9868853773389544,0.9333347082138062
mm_0094434,PubMedBERT,0.0,1.0,sapbert_full_len3,7,7,0,6,False,3,1.3787834934861751,0.4911325898456825,C1447749,False,7.0,3.0,"{""C1839576"": 1, ""C1447749"": 4, ""UMLS:C1257990"": 2}",1.3787834934861751,0.4911325898456825,0.0,C1447749,0.0,7.0,-0.2608100175857544,-0.29595375061035156,-0.33356934785842896,0.39802485704421997,0.6939786076545715
mm_0094491,BERT-base,0.0,1.0,sapbert_full_len3,5,5,0,4,False,2,0.7219280948873623,0.3109175070825711,C1447749,False,5.0,2.0,"{""C1447749"": 4, ""C0920317"": 1}",0.7219280948873623,0.3109175070825711,0.0,C1447749,0.0,5.0,-0.40982580184936523,-0.4059915542602539,-0.40982580184936523,0.39335712790489197,0.7993487119674683
mm_0094491,BioBERT,0.0,1.0,sapbert_full_len3,5,5,0,4,False,1,-0.0,-0.0,C0027609,True,5.0,1.0,"{""C0027609"": 5}",-0.0,-0.0,0.0,C0027609,0.0,5.0,-0.4832211136817932,-0.4832211136817932,-0.4832211136817932,0.31612759828567505,0.7993487119674683
mm_0094491,BioMistral-7B,0.0,0.8833258748054504,sapbert_full_len3,5,5,0,4,False,2,0.7219280948873623,0.3109175070825711,C4505128,False,,,,,,,,,5.0,0.0377898812294006,0.0301957845687866,5.960464477539064e-08,0.9072041392326357,0.877008318901062
mm_0094491,FLAN-T5-base,0.0,0.8860499858856201,sapbert_full_len3,5,5,0,4,False,1,-0.0,-0.0,C4505128,True,,,,,,,,,5.0,0.0374093055725097,0.0374919891357421,0.0374093055725097,0.8860499858856201,0.8485580682754517
mm_0094491,Llama3-OpenBioLLM-8B,0.0,0.9999999403953552,sapbert_full_len3,5,5,0,4,False,4,1.9219280948873625,0.8277293767706428,C4505128,False,,,,,,,,,5.0,3.5762786865234375e-07,0.0069436788558959,5.960464477539064e-08,0.9961706757545472,0.9892269968986512
mm_0094491,Meta-Llama-3-8B-Instruct,0.0,0.8860499858856201,sapbert_full_len3,5,5,0,4,False,2,0.7219280948873623,0.3109175070825711,C1516636,False,,,,,,,,,5.0,0.0376160144805908,0.0406994342803954,0.0376160144805908,0.9679975032806396,0.927298069000244
mm_0094491,Mistral-7B-Instruct-v0.1,0.0,0.8860499858856201,sapbert_full_len3,5,5,0,4,False,1,-0.0,-0.0,C4505128,True,,,,,,,,,5.0,0.0376160144805908,0.037569236755371,0.0374025106430053,0.8860445499420166,0.8484752774238586
mm_0094491,PubMedBERT,0.0,1.0,sapbert_full_len3,5,5,0,4,False,1,-0.0,-0.0,C1839576,True,5.0,1.0,"{""C1839576"": 5}",-0.0,-0.0,0.0,C1839576,0.0,5.0,-0.42868053913116455,-0.42868050932884216,-0.42868053913116455,0.3706681728363037,0.7993487119674683
mm_0094778,BERT-base,0.0,1.0,sapbert_full_len3,9,9,0,8,False,1,-0.0,-0.0,C1257990,True,9.0,1.0,"{""UMLS:C1257990"": 9}",-0.0,-0.0,0.0,UMLS:C1257990,0.0,9.0,-0.4043281078338623,-0.4043281078338623,-0.4043281078338623,0.4012848138809204,0.8056129217147827
mm_0094778,BioBERT,0.0,1.0,sapbert_full_len3,9,9,0,8,False,1,-0.0,-0.0,C1257990,True,9.0,1.0,"{""UMLS:C1257990"": 9}",-0.0,-0.0,0.0,UMLS:C1257990,0.0,9.0,-0.4043281078338623,-0.4043281078338623,-0.4043281078338623,0.4012848138809204,0.8056129217147827
mm_0094778,BioMistral-7B,0.0,0.8416125774383545,sapbert_full_len3,9,9,0,8,False,3,1.224394445405986,0.3862534428571301,C5214464,False,,,,,,,,,9.0,0.0258059501647949,0.0142720076772901,1.1920928955078125e-07,0.8583956095907423,0.8441236019134521
mm_0094778,FLAN-T5-base,0.0,0.805594265460968,sapbert_full_len3,9,9,0,8,False,1,-0.0,-0.0,C1416509,True,,,,,,,,,9.0,0.0167441368103027,0.0167441368103027,0.0167441368103027,0.805594265460968,0.7888501286506653
mm_0094778,Llama3-OpenBioLLM-8B,0.0,1.0,sapbert_full_len3,9,9,0,8,False,3,1.3516441151533924,0.4263962442450203,C0599724,False,,,,,,,,,9.0,0.0992105603218078,0.0576055645942687,4.76837158203125e-07,0.9936806824472216,0.9360750913619996
mm_0094778,Meta-Llama-3-8B-Instruct,0.0,1.0,sapbert_full_len3,9,9,0,8,False,4,1.836591668108979,0.579380164285695,C0599724,False,,,,,,,,,9.0,0.2433737516403198,0.0655256907145182,-2.384185789905402e-07,0.9999997085995144,0.9344741106033324
mm_0094778,Mistral-7B-Instruct-v0.1,1.0,0.9999998807907104,sapbert_full_len3,9,9,0,8,False,2,0.7642045065086203,0.2410796804848405,C0872279,False,,,,,,,,,9.0,4.172325134277344e-07,4.304779900198162e-07,4.172325134277344e-07,0.9999998675452338,0.9999993443489076
mm_0094778,PubMedBERT,0.0,1.0,sapbert_full_len3,9,9,0,8,False,2,0.7642045065086203,0.2410796804848405,C1839576,False,9.0,2.0,"{""C1839576"": 7, ""UMLS:C1257990"": 2}",0.7642045065086203,0.2410796804848405,0.0,C1839576,0.0,9.0,-0.3757956922054291,-0.3821362257003784,-0.4043281078338623,0.4234766960144043,0.8056129217147827
mm_0095178,BERT-base,0.0,1.0,sapbert_full_len3,5,5,0,4,False,1,-0.0,-0.0,C1257990,True,5.0,1.0,"{""UMLS:C1257990"": 5}",-0.0,-0.0,0.0,UMLS:C1257990,0.0,5.0,-0.49586349725723267,-0.49586349725723267,-0.49586349725723267,0.4063076376914978,0.9021711349487305
mm_0095178,BioBERT,0.0,1.0,sapbert_full_len3,5,5,0,4,False,1,-0.0,-0.0,C1312419,True,5.0,1.0,"{""C1312419"": 5}",-0.0,-0.0,0.0,C1312419,0.0,5.0,-0.5921638607978821,-0.5921638607978821,-0.5921638607978821,0.3100072741508484,0.9021711349487305
mm_0095178,BioMistral-7B,0.0,0.9999999403953552,sapbert_full_len3,5,5,0,4,False,1,-0.0,-0.0,C1416584,True,,,,,,,,,5.0,2.980232238769531e-07,-0.00604909658432,-0.0151231884956359,0.9799488425254822,0.9859978556632996
mm_0095178,FLAN-T5-base,0.0,1.0000001192092896,sapbert_full_len3,5,5,0,4,False,1,-0.0,-0.0,C1272641,True,,,,,,,,,5.0,7.748603820800781e-07,7.748603820800781e-07,7.748603820800781e-07,1.0000001192092896,0.9999993443489076
mm_0095178,Llama3-OpenBioLLM-8B,0.0,0.898779571056366,sapbert_full_len3,5,5,0,4,False,3,1.3709505944546687,0.5904362833084089,C1677801,False,,,,,,,,,5.0,0.0147196054458618,0.01655033826828,2.980232238769531e-07,0.9392677307128906,0.9227173924446106
mm_0095178,Meta-Llama-3-8B-Instruct,0.0,1.0,sapbert_full_len3,5,5,0,4,False,1,-0.0,-0.0,C0020538,True,,,,,,,,,5.0,0.0221322774887084,0.0221322774887084,0.0221322774887084,1.0,0.9778677225112916
mm_0095178,Mistral-7B-Instruct-v0.1,0.0,0.9999998807907104,sapbert_full_len3,5,5,0,4,False,2,0.9709505944546686,0.4181656600790516,C0020538,False,,,,,,,,,5.0,0.0221321582794189,0.007229709625244,-0.0151239633560181,0.9799484968185423,0.9727187156677246
mm_0095178,PubMedBERT,0.0,1.0,sapbert_full_len3,5,5,0,4,False,1,-0.0,-0.0,C1423931,True,5.0,1.0,"{""UMLS:C1423931"": 5}",-0.0,-0.0,0.0,UMLS:C1423931,0.0,5.0,-0.43651074171066284,-0.43651074171066284,-0.43651074171066284,0.4656603932380676,0.9021711349487305
mm_0095310,BERT-base,0.0,1.0,sapbert_full_len3,7,7,0,6,False,1,-0.0,-0.0,C1447749,True,7.0,1.0,"{""C1447749"": 7}",-0.0,-0.0,0.0,C1447749,0.0,7.0,-0.48491203784942627,-0.48491206765174866,-0.48491203784942627,0.40895819664001465,0.8938702344894409
mm_0095310,BioBERT,1.0,1.0,sapbert_full_len3,7,7,0,6,False,2,0.5916727785823275,0.2107580961471984,C4019080,False,7.0,2.0,"{""UMLS:C4019080"": 6, ""UMLS:C1257990"": 1}",0.5916727785823275,0.2107580961471984,0.8571428571428571,UMLS:C4019080,0.0,7.0,-0.02796071767807007,-0.1174851655960083,-0.6546318531036377,0.7763850092887878,0.8938702344894409
mm_0095310,BioMistral-7B,0.0,0.8423378467559814,sapbert_full_len3,7,7,0,6,False,2,0.863120568566631,0.3074497498641964,C0039829,False,,,,,,,,,7.0,-0.000256597995758,0.0011067816189356,-0.000256597995758,0.8859026942934308,0.8847959637641907
mm_0095310,FLAN-T5-base,0.0,1.0,sapbert_full_len3,7,7,0,6,False,2,0.5916727785823275,0.2107580961471984,C0001962,False,,,,,,,,,7.0,7.748603820800781e-07,7.237706865583147e-07,4.172325134277344e-07,0.9999999914850508,0.9999991655349731
mm_0095310,Llama3-OpenBioLLM-8B,0.0,0.8405947089195251,sapbert_full_len3,7,7,0,6,False,2,0.9852281360342516,0.3509453429964405,C2951740,False,,,,,,,,,7.0,0.0169948935508728,0.0624024953160966,0.0169785618782043,0.9266297561781748,0.8642272353172302
mm_0095310,Meta-Llama-3-8B-Instruct,0.0,0.8598986268043518,sapbert_full_len3,7,7,0,6,False,2,0.9852281360342516,0.3509453429964405,C0006122,False,,,,,,,,,7.0,0.0023335814476013,0.0086170009204319,0.0023335814476013,0.8516255191394261,0.8430084586143494
mm_0095310,Mistral-7B-Instruct-v0.1,0.0,0.9999998211860656,sapbert_full_len3,7,7,0,6,False,3,1.5566567074628228,0.5544923070581674,C0021467,False,,,,,,,,,7.0,2.980232237659308e-07,0.0067848988941737,2.980232237659308e-07,0.900505781173706,0.893720805644989
mm_0095310,PubMedBERT,0.0,1.0,sapbert_full_len3,7,7,0,6,False,1,-0.0,-0.0,C1447749,True,7.0,1.0,"{""C1447749"": 7}",-0.0,-0.0,0.0,C1447749,0.0,7.0,-0.48491203784942627,-0.48491206765174866,-0.48491203784942627,0.40895819664001465,0.8938702344894409
mm_0095368,BERT-base,0.0,1.0,sapbert_full_len3,4,4,0,3,False,2,0.8112781244591328,0.4056390622295664,C0242193,False,4.0,2.0,"{""UMLS:C2350390"": 1, ""UMLS:C0242193"": 3}",0.8112781244591328,0.4056390622295664,0.0,UMLS:C0242193,0.0,4.0,-0.847763180732727,-0.6495607495307922,-0.847763180732727,0.3504389524459839,0.9999997019767761
mm_0095368,BioBERT,0.0,1.0,sapbert_full_len3,4,4,0,3,False,1,-0.0,-0.0,C0681906,True,4.0,1.0,"{""UMLS:C0681906"": 4}",-0.0,-0.0,0.0,UMLS:C0681906,0.0,4.0,-0.5235167741775513,-0.5235167741775513,-0.5235167741775513,0.47648292779922485,0.9999997019767761
mm_0095368,BioMistral-7B,1.0,1.0,sapbert_full_len3,4,4,0,3,False,1,-0.0,-0.0,C1457887,True,,,,,,,,,4.0,0.274857759475708,0.1955739855766296,0.1691460609436035,1.0,0.8044260144233704
mm_0095368,FLAN-T5-base,0.0,0.9999998807907104,sapbert_full_len3,4,4,0,3,False,1,-0.0,-0.0,C0033975,True,,,,,,,,,4.0,5.960464477539062e-07,5.513429640890966e-07,5.364418028674933e-07,0.9999998360872268,0.9999992847442628
mm_0095368,Llama3-OpenBioLLM-8B,1.0,1.0,sapbert_full_len3,4,4,0,3,False,3,1.5,0.75,C1707520,False,,,,,,,,,4.0,0.274857759475708,0.1063224971294402,0.036859095096588,0.9999998807907104,0.8936774134635925
mm_0095368,Meta-Llama-3-8B-Instruct,0.0,0.9999998211860656,sapbert_full_len3,4,4,0,3,False,2,0.8112781244591328,0.4056390622295664,C1457887,False,,,,,,,,,4.0,0.1951054334640501,0.1733454763889312,0.1660921573638916,0.9999999552965164,0.8266544938087463
mm_0095368,Mistral-7B-Instruct-v0.1,1.0,1.0,sapbert_full_len3,4,4,0,3,False,1,-0.0,-0.0,C1457887,True,,,,,,,,,4.0,0.274857759475708,0.2484298348426818,0.1691460609436035,1.0,0.7515701651573181
mm_0095368,PubMedBERT,0.0,1.0,sapbert_full_len3,4,4,0,3,False,2,1.0,0.5,C0681906,False,4.0,2.0,"{""UMLS:C0681906"": 2, ""C1839576"": 2}",1.0,0.5,0.0,UMLS:C0681906,1.0,4.0,-0.5235167741775513,-0.6072686910629272,-0.6910206079483032,0.3927310109138489,0.9999997019767761
mm_0095757,BERT-base,0.0,1.0,sapbert_full_len3,7,7,0,6,False,1,-0.0,-0.0,C0282597,True,7.0,1.0,"{""C0282597"": 7}",-0.0,-0.0,0.0,C0282597,0.0,7.0,-0.2813171148300171,-0.2813171148300171,-0.2813171148300171,0.5710453987121582,0.8523625135421753
mm_0095757,BioBERT,0.0,1.0,sapbert_full_len3,7,7,0,6,False,2,0.5916727785823275,0.2107580961471984,C0282597,False,7.0,2.0,"{""C0282597"": 6, ""UMLS:C0024868"": 1}",0.5916727785823275,0.2107580961471984,0.1428571428571428,C0282597,0.0,7.0,-0.2813171148300171,-0.23659560084342957,-0.2813171148300171,0.6112335920333862,0.8478291630744934
mm_0095757,BioMistral-7B,0.0,0.9999998211860656,sapbert_full_len3,7,7,0,6,False,2,0.863120568566631,0.3074497498641964,C1614561,False,,,,,,,,,7.0,2.980232237659308e-07,0.0108438645090375,2.980232237659308e-07,0.9682834914752416,0.9574396014213562
mm_0095757,FLAN-T5-base,0.0,0.9999998211860656,sapbert_full_len3,7,7,0,6,False,1,-0.0,-0.0,C1614561,True,,,,,,,,,7.0,2.980232237659308e-07,4.002026149046196e-07,2.980232237659308e-07,0.9999999233654568,0.9999995231628418
mm_0095757,Llama3-OpenBioLLM-8B,0.0,0.8813163042068481,sapbert_full_len3,7,7,0,6,False,4,1.6644977792004614,0.5929060718765461,C3274766,False,,,,,,,,,7.0,0.0455362796783447,0.0265878779547554,-0.0727906823158264,0.8942372032574245,0.8676493763923645
mm_0095757,Meta-Llama-3-8B-Instruct,0.0,0.8245135545730591,sapbert_full_len3,7,7,0,6,False,1,-0.0,-0.0,C0034606,True,,,,,,,,,7.0,-0.0585768222808837,-0.0585768222808837,-0.0585768222808837,0.8245135545730591,0.8830904364585876
mm_0095757,Mistral-7B-Instruct-v0.1,0.0,0.785297155380249,sapbert_full_len3,7,7,0,6,False,4,1.6644977792004614,0.5929060718765461,C0008555,False,,,,,,,,,7.0,0.0940210819244384,0.0234228202274867,-0.0147352218627929,0.9253811751093184,0.9019584059715272
mm_0095757,PubMedBERT,0.0,1.0,sapbert_full_len3,7,7,0,6,False,2,0.9852281360342516,0.3509453429964405,C0024868,False,7.0,2.0,"{""C0282597"": 3, ""UMLS:C0024868"": 4}",0.9852281360342516,0.3509453429964405,0.5714285714285714,UMLS:C0024868,0.0,7.0,-0.2813171148300171,-0.10243107378482819,-0.2813171148300171,0.731797993183136,0.834229052066803
mm_0095883,BERT-base,0.0,1.0,sapbert_full_len3,9,9,0,8,False,5,2.058813890331201,0.6494834702380792,C4277543,False,9.0,5.0,"{""C4277543"": 4, ""C0386482"": 1, ""C0075128"": 1, ""C1447749"": 2, ""C1739108"": 1}",2.058813890331201,0.6494834702380792,0.0,C4277543,1.0,9.0,-0.6924617290496826,-0.6742801666259766,-0.7323331832885742,0.32571929693222046,0.9999995827674866
mm_0095883,BioBERT,0.0,1.0,sapbert_full_len3,9,9,0,8,False,3,1.224394445405986,0.3862534428571301,C1257990,False,9.0,3.0,"{""UMLS:C1257990"": 6, ""C0075128"": 1, ""C1447749"": 2}",1.224394445405986,0.3862534428571301,0.0,UMLS:C1257990,0.0,9.0,-0.7284884452819824,-0.696296751499176,-0.7284884452819824,0.3037027418613434,0.9999995827674866
mm_0095883,BioMistral-7B,1.0,1.0,sapbert_full_len3,9,9,0,8,False,3,1.4355205042826666,0.4528562990069186,C0242821,False,,,,,,,,,9.0,0.2396032810211181,0.1481219132741292,2.384185791015625e-07,0.9999999602635702,0.8518780469894409
mm_0095883,FLAN-T5-base,0.0,0.9999998211860656,sapbert_full_len3,9,9,0,8,False,4,1.836591668108979,0.579380164285695,C0003209,False,,,,,,,,,9.0,0.0488999485969542,0.025670031706492,2.384185791015625e-07,0.9999998211860656,0.974329710006714
mm_0095883,Llama3-OpenBioLLM-8B,0.0,0.9999999403953552,sapbert_full_len3,9,9,0,8,False,6,2.503258334775646,0.7896900821428477,C0400966,False,,,,,,,,,9.0,0.0916941165924072,0.0952536066373189,1.788139343261719e-07,0.9999999867545234,0.9047463536262512
mm_0095883,Meta-Llama-3-8B-Instruct,0.0,1.0,sapbert_full_len3,9,9,0,8,False,4,1.8910611120726528,0.5965633607142825,C0013216,False,,,,,,,,,9.0,5.960464477539062e-07,0.0411405894491407,2.980232238769531e-07,0.9999999933772616,0.9588593244552612
mm_0095883,Mistral-7B-Instruct-v0.1,1.0,1.0,sapbert_full_len3,9,9,0,8,False,3,1.224394445405986,0.3862534428571301,C0242821,False,,,,,,,,,9.0,0.0490751266479492,0.034477863046858,2.384185791015625e-07,0.9999999668863084,0.9655221104621888
mm_0095883,PubMedBERT,0.0,1.0,sapbert_full_len3,9,9,0,8,False,1,-0.0,-0.0,C1447749,True,9.0,1.0,"{""C1447749"": 9}",-0.0,-0.0,0.0,C1447749,0.0,9.0,-0.6072725057601929,-0.6072725057601929,-0.6072725057601929,0.3927270174026489,0.9999995827674866
mm_0095979,BERT-base,0.0,1.0,sapbert_full_len3,5,5,0,4,False,1,-0.0,-0.0,C1447749,True,5.0,1.0,"{""C1447749"": 5}",-0.0,-0.0,0.0,C1447749,0.0,5.0,-0.5996969938278198,-0.5996969938278198,-0.5996969938278198,0.40030279755592346,0.9999998211860657
mm_0095979,BioBERT,0.0,1.0,sapbert_full_len3,5,5,0,4,False,1,-0.0,-0.0,C1447749,True,5.0,1.0,"{""C1447749"": 5}",-0.0,-0.0,0.0,C1447749,0.0,5.0,-0.5996969938278198,-0.5996969938278198,-0.5996969938278198,0.40030279755592346,0.9999998211860657
mm_0095979,BioMistral-7B,0.0,0.9999998807907104,sapbert_full_len3,5,5,0,4,False,2,0.9709505944546686,0.4181656600790516,C0524343,False,,,,,,,,,5.0,0.0204073786735534,0.0549654126167297,0.0204073786735534,0.9999999284744264,0.9450345039367676
mm_0095979,FLAN-T5-base,0.0,0.9999998807907104,sapbert_full_len3,5,5,0,4,False,2,0.9709505944546686,0.4181656600790516,C0524343,False,,,,,,,,,5.0,0.020405888557434,0.0549352884292602,0.020405888557434,0.9999999284744264,0.945064663887024
mm_0095979,Llama3-OpenBioLLM-8B,1.0,1.0,sapbert_full_len3,5,5,0,4,False,2,0.7219280948873623,0.3109175070825711,C1858460,False,,,,,,,,,5.0,0.1658064723014831,0.1367266058921813,0.0204071402549742,0.9999999284744264,0.8632733225822449
mm_0095979,Meta-Llama-3-8B-Instruct,0.0,0.9999998807907104,sapbert_full_len3,5,5,0,4,False,3,1.521928094887362,0.6554587535412855,C0524343,False,,,,,,,,,5.0,0.0204073786735534,0.0746980905532836,0.0204073786735534,0.999999952316284,0.9253019094467164
mm_0095979,Mistral-7B-Instruct-v0.1,0.0,0.9999996423721312,sapbert_full_len3,5,5,0,4,False,2,0.9709505944546686,0.4181656600790516,C0524343,False,,,,,,,,,5.0,0.0204056501388548,0.054935050010681,0.0204056501388548,0.999999690055847,0.945064663887024
mm_0095979,PubMedBERT,0.0,1.0,sapbert_full_len3,5,5,0,4,False,1,-0.0,-0.0,C1839576,True,5.0,1.0,"{""C1839576"": 5}",-0.0,-0.0,0.0,C1839576,0.0,5.0,-0.7158693075180054,-0.7158693075180054,-0.7158693075180054,0.2841304540634155,0.9999998211860657
mm_0097032,BERT-base,0.0,1.0,sapbert_full_len3,5,5,0,4,False,1,-0.0,-0.0,C0358514,True,5.0,1.0,"{""UMLS:C0358514"": 5}",-0.0,-0.0,0.0,UMLS:C0358514,0.0,5.0,-0.6447871923446655,-0.6447871923446655,-0.6447871923446655,0.28132814168930054,0.9261153340339661
mm_0097032,BioBERT,0.0,1.0,sapbert_full_len3,5,5,0,4,False,2,0.7219280948873623,0.3109175070825711,C1707887,False,5.0,2.0,"{""UMLS:C1707887"": 4, ""UMLS:C1257990"": 1}",0.7219280948873623,0.3109175070825711,0.0,UMLS:C1707887,0.0,5.0,-0.6003404259681702,-0.6294416189193726,-0.7458466291427612,0.29667365550994873,0.9261153340339661
mm_0097032,BioMistral-7B,0.0,0.9261033535003662,sapbert_full_len3,5,5,0,4,False,1,-0.0,-0.0,C5690797,True,,,,,,,,,5.0,0.1304036974906921,0.1304359793663025,0.1304036974906921,0.9261356353759764,0.7956996560096741
mm_0097032,FLAN-T5-base,0.0,0.9999997615814208,sapbert_full_len3,5,5,0,4,False,1,-0.0,-0.0,C0003062,True,,,,,,,,,5.0,5.960464466436832e-08,5.960464466436832e-08,5.960464466436832e-08,0.9999997615814208,0.999999701976776
mm_0097032,Llama3-OpenBioLLM-8B,0.0,0.7158523201942444,sapbert_full_len3,5,5,0,4,False,3,1.3709505944546687,0.5904362833084089,C2196816,False,,,,,,,,,5.0,-0.1800199747085571,-0.0315197825431823,-0.1800199747085571,0.8050187230110168,0.8365384936332703
mm_0097032,Meta-Llama-3-8B-Instruct,0.0,0.930326521396637,sapbert_full_len3,5,5,0,4,False,1,-0.0,-0.0,C0037812,True,,,,,,,,,5.0,0.0550711750984191,0.0550711750984191,0.0550711750984191,0.930326521396637,0.8752554059028625
mm_0097032,Mistral-7B-Instruct-v0.1,0.0,0.77175372838974,sapbert_full_len3,5,5,0,4,False,2,0.9709505944546686,0.4181656600790516,C0037812,False,,,,,,,,,5.0,0.0442436933517456,0.0507401823997497,0.0442436933517456,0.8668974041938782,0.8161571621894836
mm_0097032,PubMedBERT,0.0,1.0,sapbert_full_len3,5,5,0,4,False,2,0.7219280948873623,0.3109175070825711,C1839576,False,5.0,2.0,"{""C1839576"": 4, ""C1447749"": 1}",0.7219280948873623,0.3109175070825711,0.0,C1839576,0.0,5.0,-0.5676230192184448,-0.5699418783187866,-0.5792173147201538,0.35617345571517944,0.9261153340339661
mm_0098594,BERT-base,0.0,1.0,sapbert_full_len3,9,9,0,8,False,1,-0.0,-0.0,C0358514,True,9.0,1.0,"{""UMLS:C0358514"": 9}",-0.0,-0.0,0.0,UMLS:C0358514,0.0,9.0,-0.46953386068344116,-0.46953386068344116,-0.46953386068344116,0.44988012313842773,0.9194139838218689
mm_0098594,BioBERT,0.0,1.0,sapbert_full_len3,9,9,0,8,False,1,-0.0,-0.0,C1707887,True,9.0,1.0,"{""UMLS:C1707887"": 9}",-0.0,-0.0,0.0,UMLS:C1707887,0.0,9.0,-0.6624499559402466,-0.6624499559402466,-0.6624499559402466,0.2569639980792999,0.9194139838218689
mm_0098594,BioMistral-7B,0.0,0.9193494319915771,sapbert_full_len3,9,9,0,8,False,1,-0.0,-0.0,C0268238,True,,,,,,,,,9.0,-6.455183029174805e-05,-5.861785676744249e-05,-6.455183029174805e-05,0.9193553659651016,0.9194139838218688
mm_0098594,FLAN-T5-base,0.0,0.919356107711792,sapbert_full_len3,9,9,0,8,False,1,-0.0,-0.0,C0268238,True,,,,,,,,,9.0,-5.78761100769043e-05,-5.78761100769043e-05,-5.78761100769043e-05,0.919356107711792,0.9194139838218688
mm_0098594,Llama3-OpenBioLLM-8B,0.0,0.9999996423721312,sapbert_full_len3,9,9,0,8,False,1,-0.0,-0.0,C0237881,True,,,,,,,,,9.0,-1.1102230246251563e-16,2.6490953232273364e-07,-1.1102230246251563e-16,0.9999999072816635,0.999999701976776
mm_0098594,Meta-Llama-3-8B-Instruct,0.0,0.9999998807907104,sapbert_full_len3,9,9,0,8,False,1,-0.0,-0.0,C2024467,True,,,,,,,,,9.0,1.1920928955078125e-07,2.2517310248480905e-07,1.1920928955078125e-07,0.9999999867545234,0.9999997615814208
mm_0098594,Mistral-7B-Instruct-v0.1,0.0,0.9999998807907104,sapbert_full_len3,9,9,0,8,False,2,0.7642045065086203,0.2410796804848405,C2024467,False,,,,,,,,,9.0,1.1920928955078125e-07,-0.0551489061779446,-0.2481704950332641,0.9349018865161473,0.9900508522987366
mm_0098594,PubMedBERT,0.0,1.0,sapbert_full_len3,9,9,0,8,False,2,0.9182958340544896,0.2896900821428475,C0018966,False,9.0,2.0,"{""C0015131"": 3, ""C0018966"": 6}",0.9182958340544896,0.2896900821428475,0.0,C0018966,0.0,9.0,-0.5860030651092529,-0.5585845112800598,-0.5860030651092529,0.3608294725418091,0.9194139838218689
mm_0098597,BERT-base,0.0,1.0,sapbert_full_len3,8,8,0,7,False,1,-0.0,-0.0,C0358514,True,8.0,1.0,"{""UMLS:C0358514"": 8}",-0.0,-0.0,0.0,UMLS:C0358514,0.0,8.0,-0.5878741145133972,-0.5878741145133972,-0.5878741145133972,0.4121254086494446,0.9999995231628418
mm_0098597,BioBERT,0.0,1.0,sapbert_full_len3,8,8,0,7,False,1,-0.0,-0.0,C1707887,True,8.0,1.0,"{""UMLS:C1707887"": 8}",-0.0,-0.0,0.0,UMLS:C1707887,0.0,8.0,-0.5678278207778931,-0.5678278207778931,-0.5678278207778931,0.43217167258262634,0.9999995231628418
mm_0098597,BioMistral-7B,1.0,1.0,sapbert_full_len3,8,8,0,7,False,1,-0.0,-0.0,C0679646,True,,,,,,,,,8.0,0.0805860161781311,0.0805860161781311,0.0805860161781311,1.0,0.9194139838218688
mm_0098597,FLAN-T5-base,1.0,1.0,sapbert_full_len3,8,8,0,7,False,1,-0.0,-0.0,C0679646,True,,,,,,,,,8.0,0.0805860161781311,0.0805860161781311,0.0805860161781311,1.0,0.9194139838218688
mm_0098597,Llama3-OpenBioLLM-8B,0.0,0.9999996423721312,sapbert_full_len3,8,8,0,7,False,1,-0.0,-0.0,C0237881,True,,,,,,,,,8.0,-1.1102230246251563e-16,-1.1102230246251563e-16,-1.1102230246251563e-16,0.9999996423721312,0.9999996423721312
mm_0098597,Meta-Llama-3-8B-Instruct,0.0,1.0,sapbert_full_len3,8,8,0,7,False,1,-0.0,-0.0,C2024467,True,,,,,,,,,8.0,2.384185791015625e-07,2.384185791015625e-07,2.384185791015625e-07,1.0,0.9999997615814208
mm_0098597,Mistral-7B-Instruct-v0.1,0.0,1.0,sapbert_full_len3,8,8,0,7,False,2,0.8112781244591328,0.2704260414863776,C2024467,False,,,,,,,,,8.0,2.384185791015625e-07,0.0111928284168243,2.384185791015625e-07,1.0,0.988807201385498
mm_0098597,PubMedBERT,0.0,1.0,sapbert_full_len3,8,8,0,7,False,2,0.954434002924965,0.318144667641655,C0018966,False,8.0,2.0,"{""C0015131"": 3, ""C0018966"": 5}",0.954434002924965,0.318144667641655,0.0,C0018966,0.0,8.0,-0.6619753241539001,-0.6255673170089722,-0.6619753241539001,0.37443220615386963,0.9999995231628418
mm_0098599,BERT-base,0.0,1.0,sapbert_full_len3,8,8,0,7,False,1,-0.0,-0.0,C0358514,True,8.0,1.0,"{""UMLS:C0358514"": 8}",-0.0,-0.0,0.0,UMLS:C0358514,0.0,8.0,-0.6299986839294434,-0.6299986839294434,-0.6299986839294434,0.37000083923339844,0.9999995231628418
mm_0098599,BioBERT,0.0,1.0,sapbert_full_len3,8,8,0,7,False,1,-0.0,-0.0,C1707887,True,8.0,1.0,"{""UMLS:C1707887"": 8}",-0.0,-0.0,0.0,UMLS:C1707887,0.0,8.0,-0.6130660772323608,-0.6130660772323608,-0.6130660772323608,0.38693344593048096,0.9999995231628418
mm_0098599,BioMistral-7B,1.0,1.0,sapbert_full_len3,8,8,0,7,False,1,-0.0,-0.0,C1854293,True,,,,,,,,,8.0,0.0805860161781311,0.0805860161781311,0.0805860161781311,1.0,0.9194139838218688
mm_0098599,FLAN-T5-base,1.0,1.0,sapbert_full_len3,8,8,0,7,False,1,-0.0,-0.0,C1854293,True,,,,,,,,,8.0,0.0805860161781311,0.0805860161781311,0.0805860161781311,1.0,0.9194139838218688
mm_0098599,Llama3-OpenBioLLM-8B,0.0,0.9999999403953552,sapbert_full_len3,8,8,0,7,False,1,-0.0,-0.0,C0237881,True,,,,,,,,,8.0,2.980232238769531e-07,2.980232238769531e-07,2.980232238769531e-07,0.9999999403953552,0.9999996423721312
mm_0098599,Meta-Llama-3-8B-Instruct,0.0,1.0,sapbert_full_len3,8,8,0,7,False,1,-0.0,-0.0,C2024467,True,,,,,,,,,8.0,2.384185791015625e-07,1.341104507446289e-07,1.1920928955078125e-07,0.9999998956918716,0.9999997615814208
mm_0098599,Mistral-7B-Instruct-v0.1,0.0,0.9999998807907104,sapbert_full_len3,8,8,0,7,False,2,0.5435644431995964,0.1811881477331988,C2024467,False,,,,,,,,,8.0,1.1920928955078125e-07,0.0055964291095733,1.1920928955078125e-07,0.9999998956918716,0.9944034814834596
mm_0098599,PubMedBERT,0.0,1.0,sapbert_full_len3,8,8,0,7,False,2,0.8112781244591328,0.2704260414863776,C0018966,False,8.0,2.0,"{""C0015131"": 2, ""C0018966"": 6}",0.8112781244591328,0.2704260414863776,0.0,C0018966,0.0,8.0,-0.577316164970398,-0.5982336401939392,-0.6052061319351196,0.4017658829689026,0.9999995231628418
mm_0098903,BERT-base,0.0,1.0,sapbert_full_len3,5,5,0,4,False,1,-0.0,-0.0,C0597336,True,5.0,1.0,"{""C0597336"": 5}",-0.0,-0.0,0.0,C0597336,0.0,5.0,-0.6047917604446411,-0.6047917604446411,-0.6047917604446411,0.39520779252052307,0.9999996423721313
mm_0098903,BioBERT,0.0,1.0,sapbert_full_len3,5,5,0,4,False,1,-0.0,-0.0,C1707887,True,5.0,1.0,"{""UMLS:C1707887"": 5}",-0.0,-0.0,0.0,UMLS:C1707887,0.0,5.0,-0.6362918615341187,-0.6362918615341187,-0.6362918615341187,0.36370769143104553,0.9999996423721313
mm_0098903,BioMistral-7B,1.0,1.0,sapbert_full_len3,5,5,0,4,False,1,-0.0,-0.0,C0087111,True,,,,,,,,,5.0,0.1463258266448974,0.1463258266448974,0.1463258266448974,1.0,0.8536741137504578
mm_0098903,FLAN-T5-base,1.0,1.0,sapbert_full_len3,5,5,0,4,False,1,-0.0,-0.0,C0087111,True,,,,,,,,,5.0,4.172325134277344e-07,-0.0535416483879089,-0.1338544487953186,0.933600640296936,0.9871422648429872
mm_0098903,Llama3-OpenBioLLM-8B,0.0,1.0,sapbert_full_len3,5,5,0,4,False,3,1.3709505944546687,0.5904362833084089,C0087111,False,,,,,,,,,5.0,0.2274595499038696,0.1285404324531555,0.0184088945388793,1.0000000238418578,0.8714596033096313
mm_0098903,Meta-Llama-3-8B-Instruct,1.0,1.0,sapbert_full_len3,5,5,0,4,False,1,-0.0,-0.0,C0087111,True,,,,,,,,,5.0,0.1463258266448974,0.1463258266448974,0.1463258266448974,1.0,0.8536741137504578
mm_0098903,Mistral-7B-Instruct-v0.1,1.0,1.0,sapbert_full_len3,5,5,0,4,False,1,-0.0,-0.0,C0087111,True,,,,,,,,,5.0,0.1463258266448974,0.1463258266448974,0.1463258266448974,1.0,0.8536741137504578
mm_0098903,PubMedBERT,0.0,1.0,sapbert_full_len3,5,5,0,4,False,1,-0.0,-0.0,C1839576,True,5.0,1.0,"{""C1839576"": 5}",-0.0,-0.0,0.0,C1839576,0.0,5.0,-0.7251302599906921,-0.7251302599906921,-0.7251302599906921,0.27486932277679443,0.9999996423721313
mm_0099490,BERT-base,1.0,1.0,sapbert_full_len3,5,5,0,4,False,1,-0.0,-0.0,C0282597,True,5.0,1.0,"{""C0282597"": 5}",-0.0,-0.0,0.0,C0282597,0.0,5.0,0.04739493131637573,0.04739493131637573,0.04739493131637573,0.9369511604309082,0.8895562291145325
mm_0099490,BioBERT,0.0,1.0,sapbert_full_len3,5,5,0,4,False,2,0.7219280948873623,0.3109175070825711,C1257990,False,5.0,2.0,"{""UMLS:C1707887"": 1, ""UMLS:C1257990"": 4}",0.7219280948873623,0.3109175070825711,0.0,UMLS:C1257990,0.0,5.0,-0.7141242027282715,-0.602090060710907,-0.7141242027282715,0.33486121892929077,0.9369512796401978
mm_0099490,BioMistral-7B,1.0,1.0,sapbert_full_len3,5,5,0,4,False,1,-0.0,-0.0,C0282597,True,,,,,,,,,5.0,0.1394124031066894,0.1026670694351196,0.0475490689277648,0.974842119216919,0.8721750378608704
mm_0099490,FLAN-T5-base,1.0,0.9370684623718262,sapbert_full_len3,5,5,0,4,False,2,0.9709505944546686,0.4181656600790516,C0282597,False,,,,,,,,,5.0,0.0475122332572937,0.0285223603248596,7.152557373046875e-07,0.9622558116912842,0.9337334632873536
mm_0099490,Llama3-OpenBioLLM-8B,0.0,0.9999998211860656,sapbert_full_len3,5,5,0,4,False,3,1.521928094887362,0.6554587535412855,C5924027,False,,,,,,,,,5.0,5.364418028674933e-07,0.0824049115180968,5.364418028674933e-07,0.9607272028923036,0.8783223032951355
mm_0099490,Meta-Llama-3-8B-Instruct,0.0,1.0,sapbert_full_len3,5,5,0,4,False,2,0.7219280948873623,0.3109175070825711,C0282597,False,,,,,,,,,5.0,7.152557373046875e-07,0.0337250232696533,7.152557373046875e-07,0.9287129878997804,0.894987940788269
mm_0099490,Mistral-7B-Instruct-v0.1,1.0,0.9370684623718262,sapbert_full_len3,5,5,0,4,False,1,-0.0,-0.0,C0282597,True,,,,,,,,,5.0,0.0475122332572937,0.0475122332572937,0.0475122332572937,0.9370684623718262,0.8895562291145325
mm_0099490,PubMedBERT,0.0,1.0,sapbert_full_len3,5,5,0,4,False,1,-0.0,-0.0,C1447749,True,5.0,1.0,"{""C1447749"": 5}",-0.0,-0.0,0.0,C1447749,0.0,5.0,-0.5813359022140503,-0.5813359022140503,-0.5813359022140503,0.35561537742614746,0.9369512796401978
mm_0100360,BERT-base,0.0,1.0,sapbert_full_len3,7,7,0,6,False,3,1.5566567074628228,0.5544923070581674,C0040048,False,7.0,3.0,"{""C0040048"": 3, ""C1447749"": 2, ""C0280321"": 2}",1.5566567074628228,0.5544923070581674,0.0,C0040048,1.0,7.0,-0.5295990705490112,-0.6222854852676392,-0.7343171834945679,0.37771397829055786,0.999999463558197
mm_0100360,BioBERT,0.0,1.0,sapbert_full_len3,7,7,0,6,False,1,-0.0,-0.0,C1447749,True,7.0,1.0,"{""C1447749"": 7}",-0.0,-0.0,0.0,C1447749,0.0,7.0,-0.6492834091186523,-0.6492834091186523,-0.6492834091186523,0.35071608424186707,0.999999463558197
mm_0100360,BioMistral-7B,1.0,0.9999998807907104,sapbert_full_len3,7,7,0,6,False,1,-0.0,-0.0,C0018338,True,,,,,,,,,7.0,0.0460734963417053,0.0460735985210963,0.0460734963417053,0.9999999829701016,0.95392644405365
mm_0100360,FLAN-T5-base,1.0,1.0,sapbert_full_len3,7,7,0,6,False,1,-0.0,-0.0,C0018338,True,,,,,,,,,7.0,0.0460736155509948,0.0460736155509948,0.0460736155509948,1.0,0.95392644405365
mm_0100360,Llama3-OpenBioLLM-8B,1.0,0.9999998807907104,sapbert_full_len3,7,7,0,6,False,2,0.863120568566631,0.3074497498641964,C0018338,False,,,,,,,,,7.0,0.0460734963417053,0.0329099467822483,8.344650268554688e-07,0.9999999829701016,0.96709007024765
mm_0100360,Meta-Llama-3-8B-Instruct,1.0,0.9999998807907104,sapbert_full_len3,7,7,0,6,False,1,-0.0,-0.0,C0018338,True,,,,,,,,,7.0,0.0460734963417053,0.0659536719322204,0.0460734963417053,0.9999999829701016,0.9340463280677797
mm_0100360,Mistral-7B-Instruct-v0.1,1.0,0.9999998807907104,sapbert_full_len3,7,7,0,6,False,1,-0.0,-0.0,C0018338,True,,,,,,,,,7.0,0.0460734963417053,0.0460735133716038,0.0460734963417053,0.9999998978206088,0.95392644405365
mm_0100360,PubMedBERT,0.0,1.0,sapbert_full_len3,7,7,0,6,False,1,-0.0,-0.0,C1447749,True,7.0,1.0,"{""C1447749"": 7}",-0.0,-0.0,0.0,C1447749,0.0,7.0,-0.6492834091186523,-0.6492834091186523,-0.6492834091186523,0.35071608424186707,0.999999463558197
mm_0101352,BERT-base,0.0,1.0,sapbert_full_len3,7,7,0,6,False,3,1.3787834934861751,0.4911325898456825,C0242193,False,7.0,3.0,"{""UMLS:C0242193"": 4, ""C0525041"": 1, ""UMLS:C1707887"": 2}",1.3787834934861751,0.4911325898456825,0.0,UMLS:C0242193,0.0,7.0,-0.4321975111961365,-0.48798489570617676,-0.6106313467025757,0.5120143890380859,0.9999993443489075
mm_0101352,BioBERT,0.0,1.0,sapbert_full_len3,7,7,0,6,False,2,0.863120568566631,0.3074497498641964,C1707887,False,7.0,2.0,"{""UMLS:C1257990"": 2, ""UMLS:C1707887"": 5}",0.863120568566631,0.3074497498641964,0.0,UMLS:C1707887,0.0,7.0,-0.7582147121429443,-0.652798056602478,-0.7582147121429443,0.34720125794410706,0.9999993443489075
mm_0101352,BioMistral-7B,0.0,0.9999998211860656,sapbert_full_len3,7,7,0,6,False,2,0.863120568566631,0.3074497498641964,C1881197,False,,,,,,,,,7.0,0.1372514367103575,0.1444798793111528,0.1372514367103575,1.0000000425747462,0.8555201292037964
mm_0101352,FLAN-T5-base,0.0,0.999999463558197,sapbert_full_len3,7,7,0,6,False,4,1.664497779200461,0.592906071876546,C2926606,False,,,,,,,,,7.0,0.0419599413871765,0.1037033966609409,2.384185791015625e-07,0.9999998893056598,0.896296501159668
mm_0101352,Llama3-OpenBioLLM-8B,0.0,1.0,sapbert_full_len3,7,7,0,6,False,2,0.863120568566631,0.3074497498641964,C2926606,False,,,,,,,,,7.0,0.1411354541778564,0.2029836007526942,0.1411354541778564,1.000000034059797,0.797016441822052
mm_0101352,Meta-Llama-3-8B-Instruct,0.0,1.0,sapbert_full_len3,7,7,0,6,False,2,0.5916727785823275,0.2107580961471984,C1610129,False,,,,,,,,,7.0,0.0420037508010864,0.0546162809644426,0.0420037508010864,1.0,0.9453837275505066
mm_0101352,Mistral-7B-Instruct-v0.1,0.0,1.0,sapbert_full_len3,7,7,0,6,False,2,0.5916727785823275,0.2107580961471984,C2926606,False,,,,,,,,,7.0,0.1625503897666931,0.1657204713140215,0.1625503897666931,1.0,0.8342795372009277
mm_0101352,PubMedBERT,0.0,1.0,sapbert_full_len3,7,7,0,6,False,1,-0.0,-0.0,C1839576,True,7.0,1.0,"{""C1839576"": 7}",-0.0,-0.0,0.0,C1839576,0.0,7.0,-0.6888805031776428,-0.6888805031776428,-0.6888805031776428,0.3111187815666199,0.9999993443489075
mm_0101708,BERT-base,0.0,1.0,sapbert_full_len3,5,5,0,4,False,2,0.9709505944546686,0.4181656600790516,C0242193,False,5.0,2.0,"{""UMLS:C1283169"": 2, ""UMLS:C0242193"": 3}",0.9709505944546686,0.4181656600790516,0.0,UMLS:C0242193,0.0,5.0,-0.5015473961830139,-0.48486605286598206,-0.5015473961830139,0.42027878761291504,0.9051448106765747
mm_0101708,BioBERT,0.0,1.0,sapbert_full_len3,5,5,0,4,False,1,-0.0,-0.0,C3808257,True,5.0,1.0,"{""UMLS:C3808257"": 5}",-0.0,-0.0,0.0,UMLS:C3808257,0.0,5.0,-0.5398316383361816,-0.5398316383361816,-0.5398316383361816,0.36531317234039307,0.9051448106765747
mm_0101708,BioMistral-7B,1.0,1.0,sapbert_full_len3,5,5,0,4,False,1,-0.0,-0.0,C0041296,True,,,,,,,,,5.0,0.0224802494049072,0.0224802494049072,0.0224802494049072,1.0,0.9775198101997375
mm_0101708,FLAN-T5-base,1.0,0.9052218198776244,sapbert_full_len3,5,5,0,4,False,1,-0.0,-0.0,C0041296,True,,,,,,,,,5.0,0.0592643618583678,0.0592594504356384,0.059258222579956,0.905216908454895,0.8459574580192566
mm_0101708,Llama3-OpenBioLLM-8B,0.0,0.955321967601776,sapbert_full_len3,5,5,0,4,False,1,-0.0,-0.0,C0749724,True,,,,,,,,,5.0,0.0354704260826109,0.0354717135429383,0.0354704260826109,0.9553232550621032,0.9198514819145204
mm_0101708,Meta-Llama-3-8B-Instruct,0.0,0.955321967601776,sapbert_full_len3,5,5,0,4,False,2,0.9709505944546686,0.4181656600790516,C0749724,False,,,,,,,,,5.0,0.0354382395744322,0.0371025443077086,0.0354382395744322,0.9731931805610656,0.936090648174286
mm_0101708,Mistral-7B-Instruct-v0.1,1.0,0.9999998211860656,sapbert_full_len3,5,5,0,4,False,1,-0.0,-0.0,C0041296,True,,,,,,,,,5.0,0.0395988225936888,0.0395988225936888,0.0395988225936888,0.9999998211860656,0.960400938987732
mm_0101708,PubMedBERT,0.0,1.0,sapbert_full_len3,5,5,0,4,False,1,-0.0,-0.0,C1839576,True,5.0,1.0,"{""C1839576"": 5}",-0.0,-0.0,0.0,C1839576,0.0,5.0,-0.5226072669029236,-0.5226072669029236,-0.5226072669029236,0.3825375437736511,0.9051448106765747
mm_0101737,BERT-base,0.0,1.0,sapbert_full_len3,5,5,0,4,False,1,-0.0,-0.0,C1447749,True,5.0,1.0,"{""C1447749"": 5}",-0.0,-0.0,0.0,C1447749,0.0,5.0,-0.6989770531654358,-0.6989770531654358,-0.6989770531654358,0.30102288722991943,0.9999998807907104
mm_0101737,BioBERT,0.0,1.0,sapbert_full_len3,5,5,0,4,False,1,-0.0,-0.0,C1447749,True,5.0,1.0,"{""C1447749"": 5}",-0.0,-0.0,0.0,C1447749,0.0,5.0,-0.6989770531654358,-0.6989770531654358,-0.6989770531654358,0.30102288722991943,0.9999998807907104
mm_0101737,BioMistral-7B,0.0,1.0,sapbert_full_len3,5,5,0,4,False,2,0.9709505944546686,0.4181656600790516,C0175925,False,,,,,,,,,5.0,0.1958106756210327,0.1385186195373535,3.5762786865234375e-07,1.000000047683716,0.8614813685417175
mm_0101737,FLAN-T5-base,0.0,1.0,sapbert_full_len3,5,5,0,4,False,1,-0.0,-0.0,C0200069,True,,,,,,,,,5.0,1.1920928955078125e-07,2.384185791015625e-08,0.0,0.9999999046325684,0.9999998807907104
mm_0101737,Llama3-OpenBioLLM-8B,0.0,1.0,sapbert_full_len3,5,5,0,4,False,1,-0.0,-0.0,C0175925,True,,,,,,,,,5.0,0.2617301940917969,0.2645179748535156,0.2483908534049987,1.0,0.7354820370674133
mm_0101737,Meta-Llama-3-8B-Instruct,0.0,1.0,sapbert_full_len3,5,5,0,4,False,2,0.9709505944546686,0.4181656600790516,C0200069,False,,,,,,,,,5.0,3.5762786865234375e-07,0.0990854024887085,2.384185791015625e-07,0.999999952316284,0.9009144902229308
mm_0101737,Mistral-7B-Instruct-v0.1,0.0,1.0,sapbert_full_len3,5,5,0,4,False,1,-0.0,-0.0,C0175925,True,,,,,,,,,5.0,0.2477130889892578,0.2477130889892578,0.2477130889892578,1.0,0.7522869110107422
mm_0101737,PubMedBERT,0.0,1.0,sapbert_full_len3,5,5,0,4,False,1,-0.0,-0.0,C1447749,True,5.0,1.0,"{""C1447749"": 5}",-0.0,-0.0,0.0,C1447749,0.0,5.0,-0.6989770531654358,-0.6989770531654358,-0.6989770531654358,0.30102288722991943,0.9999998807907104
mm_0102157,BERT-base,0.0,1.0,sapbert_full_len3,7,7,0,6,False,1,-0.0,-0.0,C0752046,True,7.0,1.0,"{""UMLS:C0752046"": 7}",-0.0,-0.0,0.0,UMLS:C0752046,0.0,7.0,-0.4571766257286072,-0.4571766257286072,-0.4571766257286072,0.5428231358528137,0.9999997019767761
mm_0102157,BioBERT,0.0,1.0,sapbert_full_len3,7,7,0,6,False,3,1.3787834934861751,0.4911325898456825,C1566790,False,7.0,3.0,"{""C0059563"": 1, ""C1566790"": 4, ""UMLS:C1707887"": 2}",1.3787834934861751,0.4911325898456825,0.0,C1566790,0.0,7.0,-0.7042464017868042,-0.6601554155349731,-0.7456810474395752,0.33984437584877014,0.9999997019767761
mm_0102157,BioMistral-7B,0.0,1.0,sapbert_full_len3,7,5,2,6,False,2,0.7219280948873623,0.2571559759740806,C0012854,False,,,,,,,,,5.0,0.0135928988456726,0.0495828986167907,0.0135928988456726,0.999999952316284,0.9504170417785645
mm_0102157,FLAN-T5-base,1.0,1.0,sapbert_full_len3,7,7,0,6,False,1,-0.0,-0.0,C0012854,True,,,,,,,,,7.0,0.0418797731399536,0.1466616562434605,0.0418797731399536,1.0,0.853338360786438
mm_0102157,Llama3-OpenBioLLM-8B,0.0,0.6567648649215698,sapbert_full_len3,7,6,1,6,False,2,0.9182958340544896,0.3271035759815648,C0012854,False,,,,,,,,,6.0,,0.0557736555735269,-0.0174185633659362,0.9201972683270772,0.8644235134124756
mm_0102157,Meta-Llama-3-8B-Instruct,1.0,1.0,sapbert_full_len3,7,7,0,6,False,2,0.863120568566631,0.3074497498641964,C0012854,False,,,,,,,,,7.0,0.1110916137695312,0.095935753413609,0.0224066972732543,0.9999999829701016,0.9040642380714417
mm_0102157,Mistral-7B-Instruct-v0.1,1.0,0.9999998211860656,sapbert_full_len3,7,7,0,6,False,1,-0.0,-0.0,C0012854,True,,,,,,,,,7.0,0.0585802793502806,0.1260439838681901,0.0585802793502806,0.9999998978206088,0.8739559054374695
mm_0102157,PubMedBERT,0.0,1.0,sapbert_full_len3,7,7,0,6,False,4,1.8423709931771084,0.6562657890890309,C0317526,False,7.0,4.0,"{""C0317526"": 3, ""UMLS:C1502411"": 1, ""UMLS:C0752046"": 1, ""C1839576"": 2}",1.8423709931771084,0.6562657890890309,0.0,C0317526,1.0,7.0,-0.6717846393585205,-0.6379491686820984,-0.6966312527656555,0.3620505928993225,0.9999997019767761
mm_0102242,BERT-base,0.0,1.0,sapbert_full_len3,7,7,0,6,False,1,-0.0,-0.0,C1447749,True,7.0,1.0,"{""C1447749"": 7}",-0.0,-0.0,0.0,C1447749,0.0,7.0,-0.6126819849014282,-0.6126819849014282,-0.6126819849014282,0.3873176574707031,0.9999996423721313
mm_0102242,BioBERT,0.0,1.0,sapbert_full_len3,7,7,0,6,False,1,-0.0,-0.0,C1447749,True,7.0,1.0,"{""C1447749"": 7}",-0.0,-0.0,0.0,C1447749,0.0,7.0,-0.6126819849014282,-0.6126819849014282,-0.6126819849014282,0.3873176574707031,0.9999996423721313
mm_0102242,BioMistral-7B,0.0,1.0,sapbert_full_len3,7,7,0,6,False,2,0.5916727785823275,0.2107580961471984,C0040160,False,,,,,,,,,7.0,5.960464477539062e-07,5.790165492466517e-07,4.76837158203125e-07,1.0,0.999999463558197
mm_0102242,FLAN-T5-base,0.0,1.0000001192092896,sapbert_full_len3,7,7,0,6,False,2,0.5916727785823275,0.2107580961471984,C0175702,False,,,,,,,,,7.0,6.556510925292969e-07,0.0125571148736136,6.556510925292969e-07,1.000000102179391,0.9874430298805236
mm_0102242,Llama3-OpenBioLLM-8B,0.0,0.9999985694885254,sapbert_full_len3,7,7,0,6,False,3,1.5566567074628228,0.5544923070581674,C0175702,False,,,,,,,,,7.0,-8.344650268554688e-07,0.0323572243962969,-8.344650268554688e-07,0.9999994720731464,0.9676422476768494
mm_0102242,Meta-Llama-3-8B-Instruct,0.0,0.9999999403953552,sapbert_full_len3,7,7,0,6,False,1,-0.0,-0.0,C0040130,True,,,,,,,,,7.0,5.364418029785156e-07,-6.386211940220424e-07,-8.344650268554688e-07,0.9999987653323582,0.999999463558197
mm_0102242,Mistral-7B-Instruct-v0.1,0.0,0.9999998211860656,sapbert_full_len3,7,7,0,6,False,2,0.863120568566631,0.3074497498641964,C2825032,False,,,,,,,,,7.0,2.384185789905402e-07,0.034525053841727,2.384185789905402e-07,0.9999998041561672,0.9654747843742372
mm_0102242,PubMedBERT,0.0,1.0,sapbert_full_len3,7,7,0,6,False,1,-0.0,-0.0,C1447749,True,7.0,1.0,"{""C1447749"": 7}",-0.0,-0.0,0.0,C1447749,0.0,7.0,-0.6126819849014282,-0.6126819849014282,-0.6126819849014282,0.3873176574707031,0.9999996423721313
mm_0102605,BERT-base,0.0,1.0,sapbert_full_len3,6,6,0,5,False,2,0.9182958340544896,0.355245321275764,C1739108,False,6.0,2.0,"{""C1447749"": 2, ""C1739108"": 4}",0.9182958340544896,0.355245321275764,0.0,C1739108,0.0,6.0,-0.6659749746322632,-0.6692789196968079,-0.6709309816360474,0.3307209312915802,0.9999998211860657
mm_0102605,BioBERT,0.0,1.0,sapbert_full_len3,6,6,0,5,False,1,-0.0,-0.0,C1257990,True,6.0,1.0,"{""UMLS:C1257990"": 6}",-0.0,-0.0,0.0,UMLS:C1257990,0.0,6.0,-0.7209751605987549,-0.7209751605987549,-0.7209751605987549,0.27902472019195557,0.9999998211860657
mm_0102605,BioMistral-7B,0.0,0.9999998807907104,sapbert_full_len3,6,6,0,5,False,2,0.9182958340544896,0.355245321275764,C0920563,False,,,,,,,,,6.0,0.042051076889038,0.0280342698097229,4.76837158203125e-07,0.999999980131785,0.9719657301902772
mm_0102605,FLAN-T5-base,0.0,0.9999997615814208,sapbert_full_len3,6,6,0,5,False,3,1.584962500721156,0.6131471927654584,C1522704,False,,,,,,,,,6.0,1.1920928943975897e-07,0.0222726464271545,1.1920928943975897e-07,0.9999999403953552,0.977727234363556
mm_0102605,Llama3-OpenBioLLM-8B,0.0,0.9999997615814208,sapbert_full_len3,6,6,0,5,False,1,-0.0,-0.0,C1522704,True,,,,,,,,,6.0,1.1920928943975897e-07,3.178914387835796e-07,1.1920928943975897e-07,0.9999999602635702,0.9999995827674866
mm_0102605,Meta-Llama-3-8B-Instruct,0.0,0.9999998807907104,sapbert_full_len3,6,6,0,5,False,3,1.4591479170272446,0.5644754678724235,C0920563,False,,,,,,,,,6.0,3.5762786865234375e-07,0.0210257768630981,3.5762786865234375e-07,0.999999980131785,0.9789741635322572
mm_0102605,Mistral-7B-Instruct-v0.1,0.0,1.0,sapbert_full_len3,6,6,0,5,False,2,0.6500224216483541,0.2514629985800606,C1522704,False,,,,,,,,,6.0,0.0574622154235839,0.0095771352450051,1.1920928943975897e-07,0.9999998013178508,0.9904226660728456
mm_0102605,PubMedBERT,0.0,1.0,sapbert_full_len3,6,6,0,5,False,1,-0.0,-0.0,C1839576,True,6.0,1.0,"{""C1839576"": 6}",-0.0,-0.0,0.0,C1839576,0.0,6.0,-0.6488865613937378,-0.6488865613937378,-0.6488865613937378,0.35111331939697266,0.9999998211860657
mm_0102700,BERT-base,0.0,1.0,sapbert_full_len3,5,5,0,4,False,2,0.9709505944546686,0.4181656600790516,C0040048,False,5.0,2.0,"{""C0040048"": 3, ""UMLS:C1257990"": 2}",0.9709505944546686,0.4181656600790516,0.0,C0040048,0.0,5.0,-0.568134069442749,-0.6222825050354004,-0.7035051584243774,0.37771710753440857,0.9999996423721313
mm_0102700,BioBERT,0.0,1.0,sapbert_full_len3,5,5,0,4,False,1,-0.0,-0.0,C1257990,True,5.0,1.0,"{""UMLS:C1257990"": 5}",-0.0,-0.0,0.0,UMLS:C1257990,0.0,5.0,-0.7035051584243774,-0.7035051584243774,-0.7035051584243774,0.2964944839477539,0.9999996423721313
mm_0102700,BioMistral-7B,0.0,0.9999998807907104,sapbert_full_len3,5,5,0,4,False,1,-0.0,-0.0,C1417834,True,,,,,,,,,5.0,3.5762786865234375e-07,3.5762786865234375e-07,3.5762786865234375e-07,0.9999998807907104,0.9999995231628418
mm_0102700,FLAN-T5-base,1.0,1.0,sapbert_full_len3,5,5,0,4,False,1,-0.0,-0.0,C0007776,True,,,,,,,,,5.0,0.1380617618560791,0.0828371524810791,2.384185791015625e-07,0.999999952316284,0.9171627759933472
mm_0102700,Llama3-OpenBioLLM-8B,0.0,1.0,sapbert_full_len3,5,5,0,4,False,2,0.9709505944546686,0.4181656600790516,C0038250,False,,,,,,,,,5.0,0.0612316131591796,0.0367390155792236,1.1920928955078125e-07,0.999999952316284,0.9632609486579896
mm_0102700,Meta-Llama-3-8B-Instruct,0.0,0.9999999403953552,sapbert_full_len3,5,5,0,4,False,1,-0.0,-0.0,C0814002,True,,,,,,,,,5.0,0.140403151512146,0.1404031038284302,0.1404030919075012,0.9999998927116394,0.859596848487854
mm_0102700,Mistral-7B-Instruct-v0.1,0.0,0.9999998807907104,sapbert_full_len3,5,5,0,4,False,1,-0.0,-0.0,C1518294,True,,,,,,,,,5.0,0.0187569260597229,0.0187569260597229,0.0187569260597229,0.9999998807907104,0.9812429547309875
mm_0102700,PubMedBERT,0.0,1.0,sapbert_full_len3,5,5,0,4,False,2,0.9709505944546686,0.4181656600790516,C1839576,False,5.0,2.0,"{""C1839576"": 3, ""UMLS:C1257990"": 2}",0.9709505944546686,0.4181656600790516,0.0,C1839576,0.0,5.0,-0.7067722082138062,-0.7054654359817505,-0.7067722082138062,0.29453426599502563,0.9999996423721313
mm_0103065,BERT-base,0.0,1.0,sapbert_full_len3,5,5,0,4,False,1,-0.0,-0.0,C1257990,True,5.0,1.0,"{""UMLS:C1257990"": 5}",-0.0,-0.0,0.0,UMLS:C1257990,0.0,5.0,-0.6583276987075806,-0.6583276987075806,-0.6583276987075806,0.341671884059906,0.9999996423721313
mm_0103065,BioBERT,0.0,1.0,sapbert_full_len3,5,5,0,4,False,1,-0.0,-0.0,C1257990,True,5.0,1.0,"{""UMLS:C1257990"": 5}",-0.0,-0.0,0.0,UMLS:C1257990,0.0,5.0,-0.6583276987075806,-0.6583276987075806,-0.6583276987075806,0.341671884059906,0.9999996423721313
mm_0103065,BioMistral-7B,0.0,1.0,sapbert_full_len3,5,5,0,4,False,1,-0.0,-0.0,C0994894,True,,,,,,,,,5.0,0.2084299921989441,0.0483735918998718,0.0083594918251037,1.0,0.9516264200210572
mm_0103065,FLAN-T5-base,0.0,1.0,sapbert_full_len3,5,5,0,4,False,1,-0.0,-0.0,C0994894,True,,,,,,,,,5.0,0.2084299921989441,0.1269030690193176,2.980232238769531e-07,0.999999952316284,0.8730969429016113
mm_0103065,Llama3-OpenBioLLM-8B,0.0,0.9999997615814208,sapbert_full_len3,5,5,0,4,False,2,0.9709505944546686,0.4181656600790516,C1820201,False,,,,,,,,,5.0,0.0696859955787657,0.1405758976936339,0.0696859955787657,0.9999998569488524,0.8594239354133606
mm_0103065,Meta-Llama-3-8B-Instruct,0.0,0.9999998807907104,sapbert_full_len3,5,5,0,4,False,1,-0.0,-0.0,C0225828,True,,,,,,,,,5.0,0.1029341220855712,0.1029341220855712,0.1029341220855712,0.9999998807907104,0.8970657587051392
mm_0103065,Mistral-7B-Instruct-v0.1,0.0,1.0,sapbert_full_len3,5,5,0,4,False,2,0.7219280948873623,0.3109175070825711,C0225828,False,,,,,,,,,5.0,0.2084299921989441,0.1240332961082458,0.1029341220855712,0.9999999046325684,0.8759665489196777
mm_0103065,PubMedBERT,0.0,1.0,sapbert_full_len3,5,5,0,4,False,1,-0.0,-0.0,C1257990,True,5.0,1.0,"{""UMLS:C1257990"": 5}",-0.0,-0.0,0.0,UMLS:C1257990,0.0,5.0,-0.6583276987075806,-0.6583276987075806,-0.6583276987075806,0.341671884059906,0.9999996423721313
mm_0103736,BERT-base,0.0,1.0,sapbert_full_len3,9,9,0,8,False,5,2.197159723424149,0.693126721428565,C0082529,False,9.0,5.0,"{""C4318429"": 1, ""C3888046"": 1, ""C0082529"": 3, ""C0061355"": 2, ""C0059563"": 2}",2.197159723424149,0.693126721428565,0.0,C0082529,1.0,9.0,-0.6262071132659912,-0.6502642035484314,-0.7081557512283325,0.3497353196144104,0.9999995827674866
mm_0103736,BioBERT,0.0,1.0,sapbert_full_len3,9,9,0,8,False,5,2.058813890331201,0.6494834702380793,C1707887,False,9.0,5.0,"{""C1312419"": 1, ""UMLS:C1257990"": 1, ""C0013728"": 1, ""UMLS:C1707887"": 4, ""C0008396"": 2}",2.058813890331201,0.6494834702380793,0.0,UMLS:C1707887,1.0,9.0,-0.6718842387199402,-0.7386386394500732,-0.7983556389808655,0.2613608241081238,0.9999995827674866
mm_0103736,BioMistral-7B,0.0,1.000000238418579,sapbert_full_len3,9,9,0,8,False,1,-0.0,-0.0,C0041249,True,,,,,,,,,9.0,0.0758231878280639,0.0758231878280639,0.0758231878280639,1.000000238418579,0.9241770505905152
mm_0103736,FLAN-T5-base,0.0,1.000000238418579,sapbert_full_len3,9,9,0,8,False,3,0.9864267287308424,0.3111829864372246,C0041249,False,,,,,,,,,9.0,0.0758231878280639,0.0781717631551954,0.0550585985183715,1.000000185436673,0.9218283891677856
mm_0103736,Llama3-OpenBioLLM-8B,0.0,0.9999998211860656,sapbert_full_len3,9,9,0,8,False,3,1.4355205042826666,0.4528562990069186,C0242506,False,,,,,,,,,9.0,0.0587278604507445,0.048924167950948,0.0330364108085632,0.9999999006589254,0.951075792312622
mm_0103736,Meta-Llama-3-8B-Instruct,0.0,1.000000238418579,sapbert_full_len3,9,9,0,8,False,2,0.7642045065086203,0.2410796804848405,C0041249,False,,,,,,,,,9.0,0.0758231878280639,0.0727599461873371,0.0620398521423339,0.9999999072816635,0.927239954471588
mm_0103736,Mistral-7B-Instruct-v0.1,0.0,0.9999998211860656,sapbert_full_len3,9,9,0,8,False,2,0.5032583347756457,0.1587603285713901,C0041249,False,,,,,,,,,9.0,0.0758227705955504,0.0715161893102857,0.0370606184005737,1.0000001589457197,0.9284839630126952
mm_0103736,PubMedBERT,0.0,1.0,sapbert_full_len3,9,9,0,8,False,2,0.7642045065086203,0.2410796804848405,C1257990,False,9.0,2.0,"{""UMLS:C1257990"": 7, ""C1839576"": 2}",0.7642045065086203,0.2410796804848405,0.0,UMLS:C1257990,0.0,9.0,-0.7983556389808655,-0.7840601205825806,-0.7983556389808655,0.21593941748142242,0.9999995827674866
mm_0104451,BERT-base,0.0,1.0,sapbert_full_len3,7,7,0,6,False,1,-0.0,-0.0,C1447749,True,7.0,1.0,"{""C1447749"": 7}",-0.0,-0.0,0.0,C1447749,0.0,7.0,-0.5005414485931396,-0.5005414485931396,-0.5005414485931396,0.499457985162735,0.999999463558197
mm_0104451,BioBERT,0.0,1.0,sapbert_full_len3,7,7,0,6,False,2,0.863120568566631,0.3074497498641964,C1839576,False,7.0,2.0,"{""C1839576"": 5, ""C1447749"": 2}",0.863120568566631,0.3074497498641964,0.0,C1839576,0.0,7.0,-0.5239498615264893,-0.5172617435455322,-0.5239498615264893,0.4827377200126648,0.999999463558197
mm_0104451,BioMistral-7B,1.0,1.0,sapbert_full_len3,7,7,0,6,False,2,0.5916727785823275,0.2107580961471984,C0333641,False,,,,,,,,,7.0,0.1242653727531433,0.1186665552003043,0.0419756770133972,1.0,0.8813334703445435
mm_0104451,FLAN-T5-base,1.0,1.0000001192092896,sapbert_full_len3,7,7,0,6,False,1,-0.0,-0.0,C0333641,True,,,,,,,,,7.0,0.090828537940979,0.0908284357615879,0.0908284187316894,1.0000000170298986,0.9091715812683104
mm_0104451,Llama3-OpenBioLLM-8B,1.0,1.0,sapbert_full_len3,7,7,0,6,False,1,-0.0,-0.0,C0333641,True,,,,,,,,,7.0,0.055977463722229,0.1177479880196707,0.055977463722229,1.0,0.8822520971298218
mm_0104451,Meta-Llama-3-8B-Instruct,1.0,1.0,sapbert_full_len3,7,7,0,6,False,1,-0.0,-0.0,C0333641,True,,,,,,,,,7.0,0.0908284187316894,0.0908285209110805,0.0908284187316894,1.000000102179391,0.9091715812683104
mm_0104451,Mistral-7B-Instruct-v0.1,0.0,0.9999997615814208,sapbert_full_len3,7,7,0,6,False,3,1.5566567074628228,0.5544923070581674,C0333641,False,,,,,,,,,7.0,0.0884007215499876,0.0922481247356959,0.0599573850631713,0.999999965940203,0.9077518582344056
mm_0104451,PubMedBERT,0.0,1.0,sapbert_full_len3,7,7,0,6,False,1,-0.0,-0.0,C1839576,True,7.0,1.0,"{""C1839576"": 7}",-0.0,-0.0,0.0,C1839576,0.0,7.0,-0.5239498615264893,-0.5239498615264893,-0.5239498615264893,0.47604960203170776,0.999999463558197
mm_0104646,BERT-base,0.0,1.0,sapbert_full_len3,5,5,0,4,False,1,-0.0,-0.0,C1447749,True,5.0,1.0,"{""C1447749"": 5}",-0.0,-0.0,0.0,C1447749,0.0,5.0,-0.7319326400756836,-0.7319326400756836,-0.7319326400756836,0.2680666744709015,0.9999992251396179
mm_0104646,BioBERT,0.0,1.0,sapbert_full_len3,5,5,0,4,False,2,0.7219280948873623,0.3109175070825711,C1447749,False,5.0,2.0,"{""C1447749"": 4, ""UMLS:C1257990"": 1}",0.7219280948873623,0.3109175070825711,0.0,C1447749,0.0,5.0,-0.7319326400756836,-0.7377064824104309,-0.7608017921447754,0.2622928321361542,0.9999992251396179
mm_0104646,BioMistral-7B,0.0,1.0,sapbert_full_len3,5,5,0,4,False,2,0.9709505944546686,0.4181656600790516,C0002395,False,,,,,,,,,5.0,0.0103976726531982,0.0467546939849853,0.0103976726531982,1.0,0.9532453417778016
mm_0104646,FLAN-T5-base,0.0,1.0,sapbert_full_len3,5,5,0,4,False,2,0.9709505944546686,0.4181656600790516,C0233794,False,,,,,,,,,5.0,0.0103976726531982,0.0044169068336486,-0.012146770954132,0.9746955275535584,0.9702786207199096
mm_0104646,Llama3-OpenBioLLM-8B,0.0,0.9999999403953552,sapbert_full_len3,5,5,0,4,False,3,1.521928094887362,0.6554587535412855,C0002395,False,,,,,,,,,5.0,0.0103976130485534,0.0132144927978515,3.5762786865234375e-07,0.9999999284744264,0.9867854118347168
mm_0104646,Meta-Llama-3-8B-Instruct,1.0,1.0,sapbert_full_len3,5,5,0,4,False,1,-0.0,-0.0,C0233794,True,,,,,,,,,5.0,0.101290225982666,0.1204922199249267,0.0256173014640808,0.999999952316284,0.8795077204704285
mm_0104646,Mistral-7B-Instruct-v0.1,0.0,0.9999999403953552,sapbert_full_len3,5,5,0,4,False,2,0.7219280948873623,0.3109175070825711,C0002395,False,,,,,,,,,5.0,0.0103976130485534,0.0666296958923339,0.0103976130485534,0.999999952316284,0.9333702325820924
mm_0104646,PubMedBERT,0.0,1.0,sapbert_full_len3,5,5,0,4,False,1,-0.0,-0.0,C1839576,True,5.0,1.0,"{""C1839576"": 5}",-0.0,-0.0,0.0,C1839576,0.0,5.0,-0.7435621619224548,-0.7435621619224548,-0.7435621619224548,0.25643712282180786,0.9999992251396179
mm_0105117,BERT-base,0.0,1.0,sapbert_full_len3,8,8,0,7,False,3,1.5,0.5,C0075128,False,8.0,3.0,"{""C0075128"": 4, ""UMLS:C1257990"": 2, ""C1312419"": 2}",1.5,0.5,0.0,C0075128,1.0,8.0,-0.7035794258117676,-0.661553144454956,-0.7035794258117676,0.25864627957344055,0.9201993942260742
mm_0105117,BioBERT,0.0,1.0,sapbert_full_len3,8,8,0,7,False,1,-0.0,-0.0,C1707887,True,8.0,1.0,"{""UMLS:C1707887"": 8}",-0.0,-0.0,0.0,UMLS:C1707887,0.0,8.0,-0.5824205279350281,-0.5824205279350281,-0.5824205279350281,0.33777886629104614,0.9201993942260742
mm_0105117,BioMistral-7B,0.0,0.9999996423721312,sapbert_full_len3,8,8,0,7,False,3,1.5,0.5,C0031326,False,,,,,,,,,8.0,0.2301158905029295,0.1560854613780975,5.960464477539064e-08,0.9999998807907104,0.8439143896102905
mm_0105117,FLAN-T5-base,0.0,0.9999998807907104,sapbert_full_len3,8,8,0,7,False,2,0.8112781244591328,0.2704260414863776,C0031326,False,,,,,,,,,8.0,0.2301161289215088,0.183458149433136,0.0434842109680175,0.9912113398313522,0.8077532052993774
mm_0105117,Llama3-OpenBioLLM-8B,0.0,0.9999998211860656,sapbert_full_len3,8,8,0,7,False,2,0.954434002924965,0.318144667641655,C0282515,False,,,,,,,,,8.0,2.980232237659308e-07,0.086293764412403,2.980232237659308e-07,0.99999987334013,0.9137060642242432
mm_0105117,Meta-Llama-3-8B-Instruct,0.0,0.9999996423721312,sapbert_full_len3,8,8,0,7,False,3,1.5,0.5,C0031326,False,,,,,,,,,8.0,0.2301158905029295,0.1263130903244018,5.960464477539064e-08,0.9999998956918716,0.8736867904663086
mm_0105117,Mistral-7B-Instruct-v0.1,0.0,0.9999996423721312,sapbert_full_len3,8,8,0,7,False,3,1.5,0.5,C0031326,False,,,,,,,,,8.0,0.2301158905029295,0.1311859190464019,0.0003888010978698,0.9799044281244278,0.848718523979187
mm_0105117,PubMedBERT,0.0,1.0,sapbert_full_len3,8,8,0,7,False,1,-0.0,-0.0,C1447749,True,8.0,1.0,"{""C1447749"": 8}",-0.0,-0.0,0.0,C1447749,0.0,8.0,-0.5531810522079468,-0.5531810522079468,-0.5531810522079468,0.36701831221580505,0.9201993942260742
mm_0106448,BERT-base,0.0,1.0,sapbert_full_len3,5,5,0,4,False,1,-0.0,-0.0,C1839576,True,5.0,1.0,"{""C1839576"": 5}",-0.0,-0.0,0.0,C1839576,0.0,5.0,-0.6203573346138,-0.6203573346138,-0.6203573346138,0.3796423673629761,0.9999997019767761
mm_0106448,BioBERT,0.0,1.0,sapbert_full_len3,5,5,0,4,False,1,-0.0,-0.0,C1839576,True,5.0,1.0,"{""C1839576"": 5}",-0.0,-0.0,0.0,C1839576,0.0,5.0,-0.6203573346138,-0.6203573346138,-0.6203573346138,0.3796423673629761,0.9999997019767761
mm_0106448,BioMistral-7B,0.0,1.0,sapbert_full_len3,5,5,0,4,False,1,-0.0,-0.0,C0205695,True,,,,,,,,,5.0,5.960464477539062e-07,5.960464477539062e-07,5.960464477539062e-07,1.0,0.9999994039535522
mm_0106448,FLAN-T5-base,0.0,1.0,sapbert_full_len3,5,5,0,4,False,3,1.3709505944546687,0.5904362833084089,C5890125,False,,,,,,,,,5.0,5.960464477539062e-07,2.741813659445924e-07,5.960464466436832e-08,0.9999999403953552,0.9999996423721312
mm_0106448,Llama3-OpenBioLLM-8B,0.0,1.0,sapbert_full_len3,5,5,0,4,False,2,0.9709505944546686,0.4181656600790516,C0029134,False,,,,,,,,,5.0,0.0674753785133361,0.0527361035346984,0.0306275486946105,0.9999996900558472,0.9472635388374328
mm_0106448,Meta-Llama-3-8B-Instruct,0.0,1.0,sapbert_full_len3,5,5,0,4,False,1,-0.0,-0.0,C3665347,True,,,,,,,,,5.0,0.0912244319915771,0.128238570690155,0.0912244319915771,1.0,0.8717614412307739
mm_0106448,Mistral-7B-Instruct-v0.1,0.0,0.999999701976776,sapbert_full_len3,5,5,0,4,False,2,0.7219280948873623,0.3109175070825711,C3665347,False,,,,,,,,,5.0,1.1920928943975897e-07,0.2616432905197143,1.1920928943975897e-07,0.9999999403953552,0.7383567094802856
mm_0106448,PubMedBERT,0.0,1.0,sapbert_full_len3,5,5,0,4,False,1,-0.0,-0.0,C1839576,True,5.0,1.0,"{""C1839576"": 5}",-0.0,-0.0,0.0,C1839576,0.0,5.0,-0.6203573346138,-0.6203573346138,-0.6203573346138,0.3796423673629761,0.9999997019767761
mm_0108328,BERT-base,0.0,1.0,sapbert_full_len3,5,5,0,4,False,1,-0.0,-0.0,C1257990,True,5.0,1.0,"{""UMLS:C1257990"": 5}",-0.0,-0.0,0.0,UMLS:C1257990,0.0,5.0,-0.7100330591201782,-0.7100330591201782,-0.7100330591201782,0.2899662256240845,0.9999992251396179
mm_0108328,BioBERT,0.0,1.0,sapbert_full_len3,5,5,0,4,False,1,-0.0,-0.0,C1312419,True,5.0,1.0,"{""C1312419"": 5}",-0.0,-0.0,0.0,C1312419,0.0,5.0,-0.47392356395721436,-0.47392359375953674,-0.47392356395721436,0.5260757207870483,0.9999992251396179
mm_0108328,BioMistral-7B,0.0,0.9999998807907104,sapbert_full_len3,5,5,0,4,False,2,0.9709505944546686,0.4181656600790516,C2713509,False,,,,,,,,,5.0,4.76837158203125e-07,0.0089014053344726,4.76837158203125e-07,0.999999976158142,0.9910985827445984
mm_0108328,FLAN-T5-base,0.0,1.0,sapbert_full_len3,5,5,0,4,False,1,-0.0,-0.0,C0004057,True,,,,,,,,,5.0,0.0222526788711547,0.0222524881362914,0.0222524404525755,0.9999998092651368,0.9777473211288452
mm_0108328,Llama3-OpenBioLLM-8B,0.0,0.9999998211860656,sapbert_full_len3,5,5,0,4,False,3,1.521928094887362,0.6554587535412855,C1451005,False,,,,,,,,,5.0,0.0505999922752379,0.1075576186180114,5.960464477539062e-07,0.9999999642372132,0.8924424052238464
mm_0108328,Meta-Llama-3-8B-Instruct,0.0,1.0,sapbert_full_len3,5,5,0,4,False,2,0.9709505944546686,0.4181656600790516,C0006142,False,,,,,,,,,5.0,7.748603820800781e-07,3.695487976074219e-07,5.960464477539064e-08,1.0000000238418578,0.9999996423721312
mm_0108328,Mistral-7B-Instruct-v0.1,0.0,0.9999998807907104,sapbert_full_len3,5,5,0,4,False,2,0.9709505944546686,0.4181656600790516,C2713509,False,,,,,,,,,5.0,4.76837158203125e-07,0.0510715007781982,4.76837158203125e-07,0.9999999284744264,0.9489284753799438
mm_0108328,PubMedBERT,0.0,1.0,sapbert_full_len3,5,5,0,4,False,2,0.9709505944546686,0.4181656600790516,C1447749,False,5.0,2.0,"{""C1447749"": 3, ""C1839576"": 2}",0.9709505944546686,0.4181656600790516,0.0,C1447749,0.0,5.0,-0.5597841739654541,-0.5794118642807007,-0.6088534593582153,0.4205873906612396,0.9999992251396179
mm_0108371,BERT-base,0.0,1.0,sapbert_full_len3,6,6,0,5,False,1,-0.0,-0.0,C1257990,True,6.0,1.0,"{""UMLS:C1257990"": 6}",-0.0,-0.0,0.0,UMLS:C1257990,0.0,6.0,-0.7422308921813965,-0.7422308921813965,-0.7422308921813965,0.2577687203884125,0.9999997019767761
mm_0108371,BioBERT,0.0,1.0,sapbert_full_len3,6,6,0,5,False,2,0.6500224216483541,0.2514629985800606,C1312419,False,6.0,2.0,"{""C1312419"": 5, ""UMLS:C1707887"": 1}",0.6500224216483541,0.2514629985800606,0.0,C1312419,0.0,6.0,-0.7320343255996704,-0.6795549988746643,-0.7320343255996704,0.32044461369514465,0.9999997019767761
mm_0108371,BioMistral-7B,0.0,1.0,sapbert_full_len3,6,6,0,5,False,2,0.9182958340544896,0.355245321275764,C2713509,False,,,,,,,,,6.0,5.960464477539062e-07,0.0074179569880167,5.960464477539062e-07,1.0,0.9925820827484132
mm_0108371,FLAN-T5-base,0.0,1.0,sapbert_full_len3,6,6,0,5,False,2,0.9182958340544896,0.355245321275764,C0004057,False,,,,,,,,,6.0,0.0222526788711547,0.0148351192474364,3.5762786865234375e-07,0.9999998807907104,0.9851647019386292
mm_0108371,Llama3-OpenBioLLM-8B,0.0,0.9999997615814208,sapbert_full_len3,6,6,0,5,False,3,1.4591479170272446,0.5644754678724235,C0009429,False,,,,,,,,,6.0,1.1920928943975897e-07,0.0213861465454101,1.1920928943975897e-07,0.9999998609224956,0.9786136746406556
mm_0108371,Meta-Llama-3-8B-Instruct,0.0,1.0,sapbert_full_len3,6,6,0,5,False,2,1.0,0.3868528072345416,C0009429,False,,,,,,,,,6.0,3.5762786865234375e-07,4.172325133907269e-07,1.1920928943975897e-07,0.9999999205271404,0.9999995231628418
mm_0108371,Mistral-7B-Instruct-v0.1,0.0,1.0,sapbert_full_len3,6,6,0,5,False,2,0.9182958340544896,0.355245321275764,C0006142,False,,,,,,,,,6.0,3.5762786865234375e-07,0.0110725959142049,3.5762786865234375e-07,1.0,0.9889273643493652
mm_0108371,PubMedBERT,0.0,1.0,sapbert_full_len3,6,6,0,5,False,1,-0.0,-0.0,C1447749,True,6.0,1.0,"{""C1447749"": 6}",-0.0,-0.0,0.0,C1447749,0.0,6.0,-0.6795988082885742,-0.6795988082885742,-0.6795988082885742,0.32040080428123474,0.9999997019767761
mm_0108777,BERT-base,0.0,1.0,sapbert_full_len3,7,7,0,6,False,1,-0.0,-0.0,C1257990,True,7.0,1.0,"{""UMLS:C1257990"": 7}",-0.0,-0.0,0.0,UMLS:C1257990,0.0,7.0,-0.6801525950431824,-0.6801525950431824,-0.6801525950431824,0.2902371287345886,0.970389723777771
mm_0108777,BioBERT,0.0,1.0,sapbert_full_len3,7,7,0,6,False,2,0.5916727785823275,0.2107580961471984,C1839576,False,7.0,2.0,"{""C1839576"": 6, ""UMLS:C0232772"": 1}",0.5916727785823275,0.2107580961471984,0.0,C1839576,0.0,7.0,-0.6113636493682861,-0.6216322183609009,-0.6832439303398132,0.34875747561454773,0.970389723777771
mm_0108777,BioMistral-7B,0.0,0.9999998211860656,sapbert_full_len3,7,7,0,6,False,1,-0.0,-0.0,C0149958,True,,,,,,,,,7.0,1.7881393421514957e-07,3.320830208756017e-07,1.7881393421514957e-07,0.9999999744551522,0.9999995827674866
mm_0108777,FLAN-T5-base,0.0,1.0,sapbert_full_len3,7,7,0,6,False,1,-0.0,-0.0,C0149958,True,,,,,,,,,7.0,3.5762786865234375e-07,3.5762786865234375e-07,3.5762786865234375e-07,1.0,0.9999995827674866
mm_0108777,Llama3-OpenBioLLM-8B,0.0,0.9999998211860656,sapbert_full_len3,7,7,0,6,False,5,2.235926350629032,0.7964530359382728,C0026046,False,,,,,,,,,7.0,2.980232237659308e-07,0.0518166593142918,2.980232237659308e-07,0.991548844746181,0.9397321939468384
mm_0108777,Meta-Llama-3-8B-Instruct,0.0,0.842930257320404,sapbert_full_len3,7,7,0,6,False,2,0.5916727785823275,0.2107580961471984,C0022663,False,,,,,,,,,7.0,-0.0116074085235595,0.0512468133653913,-0.0116074085235595,0.9775613631520952,0.9263144731521606
mm_0108777,Mistral-7B-Instruct-v0.1,0.0,0.9999997615814208,sapbert_full_len3,7,7,0,6,False,1,-0.0,-0.0,C0022663,True,,,,,,,,,7.0,0.0617223978042601,0.0617223978042601,0.0617223978042601,0.9999997615814208,0.938277304172516
mm_0108777,PubMedBERT,0.0,1.0,sapbert_full_len3,7,7,0,6,False,1,-0.0,-0.0,C1839576,True,7.0,1.0,"{""C1839576"": 7}",-0.0,-0.0,0.0,C1839576,0.0,7.0,-0.6113636493682861,-0.6113637089729309,-0.6113636493682861,0.35902610421180725,0.970389723777771
mm_0108849,BERT-base,0.0,1.0,sapbert_full_len3,7,7,0,6,False,1,-0.0,-0.0,C0169661,True,7.0,1.0,"{""C0169661"": 7}",-0.0,-0.0,0.0,C0169661,0.0,7.0,-0.6713557243347168,-0.6713557243347168,-0.6713557243347168,0.3286440968513489,0.9999998211860657
mm_0108849,BioBERT,0.0,1.0,sapbert_full_len3,7,7,0,6,False,1,-0.0,-0.0,C1312419,True,7.0,1.0,"{""C1312419"": 7}",-0.0,-0.0,0.0,C1312419,0.0,7.0,-0.6668712496757507,-0.6668712496757507,-0.6668712496757507,0.33312860131263733,0.9999998211860657
mm_0108849,BioMistral-7B,0.0,0.9999998807907104,sapbert_full_len3,7,7,0,6,False,1,-0.0,-0.0,C1538113,True,,,,,,,,,7.0,0.0431877970695495,0.0431877970695495,0.0431877970695495,0.9999998807907104,0.956812024116516
mm_0108849,FLAN-T5-base,0.0,1.0,sapbert_full_len3,7,7,0,6,False,3,1.5566567074628228,0.5544923070581674,C0033640,False,,,,,,,,,7.0,0.0827000141143798,0.0672343628747122,0.0407664775848388,0.999999965940203,0.9327656030654908
mm_0108849,Llama3-OpenBioLLM-8B,0.0,0.9999998807907104,sapbert_full_len3,7,7,0,6,False,2,0.863120568566631,0.3074497498641964,C0033634,False,,,,,,,,,7.0,0.040766417980194,0.0472777485847472,0.040766417980194,0.9999998126711164,0.9527220129966736
mm_0108849,Meta-Llama-3-8B-Instruct,0.0,0.9999999403953552,sapbert_full_len3,7,7,0,6,False,1,-0.0,-0.0,C0033634,True,,,,,,,,,7.0,0.0407664775848388,0.040763463292803,0.0407612323760986,0.9999998893056598,0.9592364430427552
mm_0108849,Mistral-7B-Instruct-v0.1,0.0,0.9999998807907104,sapbert_full_len3,7,7,0,6,False,2,0.5916727785823275,0.2107580961471984,C0033634,False,,,,,,,,,7.0,0.100473940372467,0.0492961151259286,0.0407664775848388,0.999999931880406,0.950703740119934
mm_0108849,PubMedBERT,0.0,1.0,sapbert_full_len3,7,7,0,6,False,1,-0.0,-0.0,C1447749,True,7.0,1.0,"{""C1447749"": 7}",-0.0,-0.0,0.0,C1447749,0.0,7.0,-0.6268572211265564,-0.6268572211265564,-0.6268572211265564,0.3731425702571869,0.9999998211860657
mm_0110256,BERT-base,0.0,1.0,sapbert_full_len3,7,7,0,6,False,1,-0.0,-0.0,C2936621,True,7.0,1.0,"{""C2936621"": 7}",-0.0,-0.0,0.0,C2936621,0.0,7.0,-0.7456368207931519,-0.7456368207931519,-0.7456368207931519,0.25436291098594666,0.9999997019767761
mm_0110256,BioBERT,0.0,1.0,sapbert_full_len3,7,7,0,6,False,2,0.9852281360342516,0.3509453429964405,C2936621,False,7.0,2.0,"{""C2936621"": 4, ""UMLS:C3808257"": 3}",0.9852281360342516,0.3509453429964405,0.0,C2936621,0.0,7.0,-0.7456368207931519,-0.7407315969467163,-0.7456368207931519,0.2592681348323822,0.9999997019767761
mm_0110256,BioMistral-7B,0.0,1.0,sapbert_full_len3,7,7,0,6,False,1,-0.0,-0.0,C0019163,True,,,,,,,,,7.0,4.172325134277344e-07,4.172325134277344e-07,4.172325134277344e-07,1.0,0.9999995827674866
mm_0110256,FLAN-T5-base,1.0,1.0,sapbert_full_len3,7,7,0,6,False,2,0.863120568566631,0.3074497498641964,C0150312,False,,,,,,,,,7.0,0.1702824831008911,0.1298661317144121,4.172325134277344e-07,1.0,0.8701338768005371
mm_0110256,Llama3-OpenBioLLM-8B,0.0,1.0,sapbert_full_len3,7,7,0,6,False,2,0.5916727785823275,0.2107580961471984,C2936622,False,,,,,,,,,7.0,0.072924256324768,0.0104178530829293,1.1920928955078125e-07,0.9999994891030448,0.9895816445350648
mm_0110256,Meta-Llama-3-8B-Instruct,1.0,1.0,sapbert_full_len3,7,7,0,6,False,2,0.9852281360342516,0.3509453429964405,C0019163,False,,,,,,,,,7.0,0.2441127300262451,0.1046199117388044,2.980232238769531e-07,0.999999931880406,0.8953800201416016
mm_0110256,Mistral-7B-Instruct-v0.1,0.0,0.9999998807907104,sapbert_full_len3,7,7,0,6,False,1,-0.0,-0.0,C0019163,True,,,,,,,,,7.0,2.980232238769531e-07,2.980232238769531e-07,2.980232238769531e-07,0.9999998807907104,0.9999995827674866
mm_0110256,PubMedBERT,0.0,1.0,sapbert_full_len3,7,7,0,6,False,1,-0.0,-0.0,C1839576,True,7.0,1.0,"{""C1839576"": 7}",-0.0,-0.0,0.0,C1839576,0.0,7.0,-0.6879271268844604,-0.6879271268844604,-0.6879271268844604,0.31207260489463806,0.9999997019767761
mm_0110712,BERT-base,0.0,1.0,sapbert_full_len3,5,5,0,4,False,3,1.3709505944546687,0.5904362833084089,C3888046,False,5.0,3.0,"{""C3888046"": 3, ""C0069676"": 1, ""UMLS:C1257990"": 1}",1.3709505944546687,0.5904362833084089,0.0,C3888046,1.0,5.0,-0.6051428914070129,-0.6040680408477783,-0.6129738092422485,0.39593178033828735,0.9999998211860657
mm_0110712,BioBERT,0.0,1.0,sapbert_full_len3,5,5,0,4,False,2,0.7219280948873623,0.3109175070825711,C1257990,False,5.0,2.0,"{""C1312419"": 1, ""UMLS:C1257990"": 4}",0.7219280948873623,0.3109175070825711,0.0,UMLS:C1257990,0.0,5.0,-0.6778246164321899,-0.6259439587593079,-0.6778246164321899,0.3740558624267578,0.9999998211860657
mm_0110712,BioMistral-7B,1.0,1.0,sapbert_full_len3,5,5,0,4,False,1,-0.0,-0.0,C0005528,True,,,,,,,,,5.0,0.0165975093841552,0.0165975093841552,0.0165975093841552,1.0,0.9834024310112
mm_0110712,FLAN-T5-base,1.0,1.0,sapbert_full_len3,5,5,0,4,False,2,0.9709505944546686,0.4181656600790516,C0005528,False,,,,,,,,,5.0,0.0165975093841552,0.0099586725234985,4.172325134277344e-07,0.999999976158142,0.9900413751602172
mm_0110712,Llama3-OpenBioLLM-8B,1.0,1.0,sapbert_full_len3,5,5,0,4,False,1,-0.0,-0.0,C0005528,True,,,,,,,,,5.0,0.0165975093841552,0.0165975093841552,0.0165975093841552,1.0,0.9834024310112
mm_0110712,Meta-Llama-3-8B-Instruct,1.0,1.0,sapbert_full_len3,5,5,0,4,False,2,0.7219280948873623,0.3109175070825711,C0005528,False,,,,,,,,,5.0,0.1620882749557495,0.135186505317688,0.0275794267654418,1.0,0.8648134469985962
mm_0110712,Mistral-7B-Instruct-v0.1,1.0,1.0,sapbert_full_len3,5,5,0,4,False,1,-0.0,-0.0,C0005528,True,,,,,,,,,5.0,0.0165975093841552,0.0165975093841552,0.0165975093841552,1.0,0.9834024310112
mm_0110712,PubMedBERT,0.0,1.0,sapbert_full_len3,5,5,0,4,False,3,1.3709505944546687,0.5904362833084089,C1839576,False,5.0,3.0,"{""C1839576"": 3, ""C1447749"": 1, ""UMLS:C1257990"": 1}",1.3709505944546687,0.5904362833084089,0.0,C1839576,1.0,5.0,-0.656714916229248,-0.6417247653007507,-0.656714916229248,0.35827505588531494,0.9999998211860657
mm_0111188,BERT-base,0.0,1.0,sapbert_full_len3,5,5,0,4,False,1,-0.0,-0.0,C1447749,True,5.0,1.0,"{""C1447749"": 5}",-0.0,-0.0,0.0,C1447749,0.0,5.0,-0.6033788323402405,-0.6033788323402405,-0.6033788323402405,0.3966209888458252,0.9999998211860657
mm_0111188,BioBERT,0.0,1.0,sapbert_full_len3,5,5,0,4,False,1,-0.0,-0.0,C1257990,True,5.0,1.0,"{""UMLS:C1257990"": 5}",-0.0,-0.0,0.0,UMLS:C1257990,0.0,5.0,-0.7012258172035217,-0.7012258172035217,-0.7012258172035217,0.29877400398254395,0.9999998211860657
mm_0111188,BioMistral-7B,0.0,0.9999997615814208,sapbert_full_len3,5,5,0,4,False,2,0.9709505944546686,0.4181656600790516,C0074191,False,,,,,,,,,5.0,0.2218422889709471,0.1512677669525146,0.0454059839248657,0.9999998569488524,0.8487321138381958
mm_0111188,FLAN-T5-base,0.0,0.9999998807907104,sapbert_full_len3,5,5,0,4,False,2,0.9709505944546686,0.4181656600790516,C0206116,False,,,,,,,,,5.0,0.0462253093719482,0.0452091693878173,0.043684959411621,0.9999998807907104,0.9547907710075378
mm_0111188,Llama3-OpenBioLLM-8B,0.0,0.9999997615814208,sapbert_full_len3,5,5,0,4,False,2,0.9709505944546686,0.4181656600790516,C1155266,False,,,,,,,,,5.0,0.055003523826599,0.0362712383270263,0.0081728100776672,0.9999998569488524,0.9637286067008972
mm_0111188,Meta-Llama-3-8B-Instruct,0.0,1.0,sapbert_full_len3,5,5,0,4,False,2,0.7219280948873623,0.3109175070825711,C0021368,False,,,,,,,,,5.0,0.0267611145973205,0.0230434536933898,0.0081728100776672,1.0,0.97695654630661
mm_0111188,Mistral-7B-Instruct-v0.1,0.0,1.0,sapbert_full_len3,5,5,0,4,False,1,-0.0,-0.0,C0175697,True,,,,,,,,,5.0,0.0370063781738281,0.0222038030624389,-5.960464488641294e-08,0.9999999046325684,0.9777960777282716
mm_0111188,PubMedBERT,0.0,1.0,sapbert_full_len3,5,5,0,4,False,2,0.7219280948873623,0.3109175070825711,C1839576,False,5.0,2.0,"{""C1839576"": 4, ""C1447749"": 1}",0.7219280948873623,0.3109175070825711,0.0,C1839576,0.0,5.0,-0.5302693843841553,-0.5448912382125854,-0.6033788323402405,0.45510855317115784,0.9999998211860657
mm_0111723,BERT-base,0.0,1.0,sapbert_full_len3,5,5,0,4,False,1,-0.0,-0.0,C1257990,True,5.0,1.0,"{""UMLS:C1257990"": 5}",-0.0,-0.0,0.0,UMLS:C1257990,0.0,5.0,-0.6871269345283508,-0.6871269345283508,-0.6871269345283508,0.3128722310066223,0.9999991655349731
mm_0111723,BioBERT,0.0,1.0,sapbert_full_len3,5,5,0,4,False,2,0.9709505944546686,0.4181656600790516,C2919551,False,5.0,2.0,"{""UMLS:C2919551"": 3, ""C1312419"": 2}",0.9709505944546686,0.4181656600790516,0.0,UMLS:C2919551,0.0,5.0,-0.4725496768951416,-0.5685039758682251,-0.7124354839324951,0.43149518966674805,0.9999991655349731
mm_0111723,BioMistral-7B,0.0,1.0,sapbert_full_len3,5,5,0,4,False,2,0.7219280948873623,0.3109175070825711,C1418975,False,,,,,,,,,5.0,2.384185791015625e-07,3.337860107421875e-07,2.384185791015625e-07,1.0,0.9999996423721312
mm_0111723,FLAN-T5-base,0.0,1.0,sapbert_full_len3,5,5,0,4,False,1,-0.0,-0.0,C0011065,True,,,,,,,,,5.0,2.384185791015625e-07,9.536743155180717e-08,5.960464466436832e-08,0.9999998569488524,0.9999998211860656
mm_0111723,Llama3-OpenBioLLM-8B,0.0,0.9999999403953552,sapbert_full_len3,5,5,0,4,False,2,0.7219280948873623,0.3109175070825711,C0038954,False,,,,,,,,,5.0,0.0856164097785949,0.1124857664108275,0.0856162905693053,0.9999998807907104,0.8875141143798828
mm_0111723,Meta-Llama-3-8B-Instruct,0.0,0.9999999403953552,sapbert_full_len3,5,5,0,4,False,2,0.7219280948873623,0.3109175070825711,C0038954,False,,,,,,,,,5.0,0.0856537818908691,0.0685231566429138,6.556510925292969e-07,0.9999999403953552,0.9314767718315125
mm_0111723,Mistral-7B-Instruct-v0.1,0.0,0.9999997615814208,sapbert_full_len3,5,5,0,4,False,2,0.9709505944546686,0.4181656600790516,C0026565,False,,,,,,,,,5.0,4.768371580921027e-07,0.0342468023300169,4.768371580921027e-07,0.9999997854232786,0.9657529592514038
mm_0111723,PubMedBERT,0.0,1.0,sapbert_full_len3,5,5,0,4,False,1,-0.0,-0.0,C1839576,True,5.0,1.0,"{""C1839576"": 5}",-0.0,-0.0,0.0,C1839576,0.0,5.0,-0.7169985175132751,-0.7169985175132751,-0.7169985175132751,0.283000648021698,0.9999991655349731
mm_0111876,BERT-base,0.0,1.0,sapbert_full_len3,5,5,0,4,False,1,-0.0,-0.0,C0059563,True,5.0,1.0,"{""C0059563"": 5}",-0.0,-0.0,0.0,C0059563,0.0,5.0,-0.724175214767456,-0.724175214767456,-0.724175214767456,0.27582409977912903,0.9999993443489075
mm_0111876,BioBERT,0.0,1.0,sapbert_full_len3,5,5,0,4,False,2,0.9709505944546686,0.4181656600790516,C0265267,False,5.0,2.0,"{""C0265267"": 3, ""C1447749"": 2}",0.9709505944546686,0.4181656600790516,0.0,C0265267,0.0,5.0,-0.32663077116012573,-0.4555104672908783,-0.648829996585846,0.5444889068603516,0.9999993443489075
mm_0111876,BioMistral-7B,0.0,0.9999997615814208,sapbert_full_len3,5,5,0,4,False,2,0.9709505944546686,0.4181656600790516,C0950511,False,,,,,,,,,5.0,0.1298667192459105,0.1107955694198607,0.0821888446807861,0.9999998569488524,0.889204204082489
mm_0111876,FLAN-T5-base,1.0,1.0,sapbert_full_len3,5,5,0,4,False,2,0.9709505944546686,0.4181656600790516,C1535926,False,,,,,,,,,5.0,1.0728836059570312e-06,0.0461043119430542,1.0728836059570312e-06,1.000000047683716,0.9538957476615906
mm_0111876,Llama3-OpenBioLLM-8B,1.0,1.0,sapbert_full_len3,5,5,0,4,False,2,0.9709505944546686,0.4181656600790516,C1535926,False,,,,,,,,,5.0,0.281656801700592,0.1711634039878845,2.384185791015625e-07,0.999999976158142,0.8288365602493286
mm_0111876,Meta-Llama-3-8B-Instruct,0.0,0.9999999403953552,sapbert_full_len3,5,5,0,4,False,1,-0.0,-0.0,C0025519,True,,,,,,,,,5.0,2.384185791015625e-07,2.384185791015625e-07,2.384185791015625e-07,0.9999999403953552,0.999999701976776
mm_0111876,Mistral-7B-Instruct-v0.1,0.0,0.9999998807907104,sapbert_full_len3,5,5,0,4,False,1,-0.0,-0.0,C0032447,True,,,,,,,,,5.0,3.5762786865234375e-07,3.5762786865234375e-07,3.5762786865234375e-07,0.9999998807907104,0.9999995231628418
mm_0111876,PubMedBERT,0.0,1.0,sapbert_full_len3,5,5,0,4,False,1,-0.0,-0.0,C0015131,True,5.0,1.0,"{""C0015131"": 5}",-0.0,-0.0,0.0,C0015131,0.0,5.0,-0.7149450778961182,-0.7149450778961182,-0.7149450778961182,0.2850542962551117,0.9999993443489075
mm_0112227,BERT-base,0.0,1.0,sapbert_full_len3,7,7,0,6,False,4,1.8423709931771084,0.6562657890890309,C2936621,False,7.0,4.0,"{""C2936621"": 3, ""C0872187"": 1, ""C0386482"": 1, ""UMLS:C0358514"": 2}",1.8423709931771084,0.6562657890890309,0.0,C2936621,1.0,7.0,-0.4992389678955078,-0.4910721182823181,-0.528404712677002,0.35953956842422485,0.850611686706543
mm_0112227,BioBERT,0.0,1.0,sapbert_full_len3,7,7,0,6,False,1,-0.0,-0.0,C1707887,True,7.0,1.0,"{""UMLS:C1707887"": 7}",-0.0,-0.0,0.0,UMLS:C1707887,0.0,7.0,-0.4832456707954407,-0.4832456707954407,-0.4832456707954407,0.3673660159111023,0.850611686706543
mm_0112227,BioMistral-7B,1.0,0.8370307087898254,sapbert_full_len3,7,3,4,6,False,1,-0.0,-0.0,C0030106,True,,,,,,,,,3.0,-0.0135809779167175,-0.0090494354565938,-0.0135809779167175,0.8913581967353821,0.900407612323761
mm_0112227,FLAN-T5-base,1.0,0.8370438814163208,sapbert_full_len3,7,7,0,6,False,2,0.863120568566631,0.3074497498641964,C0030106,False,,,,,,,,,7.0,-0.0135678052902221,0.053729338305337,-0.0135809779167175,0.8836008736065456,0.8298715353012085
mm_0112227,Llama3-OpenBioLLM-8B,0.0,0.9999997615814208,sapbert_full_len3,7,2,5,6,False,1,-0.0,-0.0,C0005517,True,,,,,,,,,2.0,0.2219786047935484,0.2219786047935484,0.2219786047935484,0.9999997615814208,0.7780211567878723
mm_0112227,Meta-Llama-3-8B-Instruct,0.0,0.7653355598449707,sapbert_full_len3,7,4,3,6,False,3,1.5,0.5343107806620333,C0523807,False,,,,,,,,,4.0,0.0026782155036926,0.0420936197042465,-0.0135678052902221,0.9005948603153229,0.8585012555122375
mm_0112227,Mistral-7B-Instruct-v0.1,0.0,0.9999997615814208,sapbert_full_len3,7,7,0,6,False,1,-0.0,-0.0,C0005517,True,,,,,,,,,7.0,0.2219786047935484,0.2219787580626351,0.2219786047935484,0.9999999148505074,0.7780212163925171
mm_0112227,PubMedBERT,0.0,1.0,sapbert_full_len3,7,7,0,6,False,2,0.5916727785823275,0.2107580961471984,C1447749,False,7.0,2.0,"{""C1839576"": 1, ""C1447749"": 6}",0.5916727785823275,0.2107580961471984,0.0,C1447749,0.0,7.0,-0.33504819869995117,-0.34640365839004517,-0.34829622507095337,0.5042080283164978,0.850611686706543
mm_0112233,BERT-base,0.0,1.0,sapbert_full_len3,7,7,0,6,False,1,-0.0,-0.0,C1257990,True,7.0,1.0,"{""UMLS:C1257990"": 7}",-0.0,-0.0,0.0,UMLS:C1257990,0.0,7.0,-0.6807442903518677,-0.6807442903518677,-0.6807442903518677,0.3192552626132965,0.9999995231628418
mm_0112233,BioBERT,0.0,1.0,sapbert_full_len3,7,7,0,6,False,1,-0.0,-0.0,C1707887,True,7.0,1.0,"{""UMLS:C1707887"": 7}",-0.0,-0.0,0.0,UMLS:C1707887,0.0,7.0,-0.40684324502944946,-0.40684324502944946,-0.40684324502944946,0.5931562781333923,0.9999995231628418
mm_0112233,BioMistral-7B,0.0,1.0,sapbert_full_len3,7,7,0,6,False,2,0.863120568566631,0.3074497498641964,C0030106,False,,,,,,,,,7.0,0.149388313293457,0.0426827158246721,4.76837158203125e-07,1.0,0.9573172926902772
mm_0112233,FLAN-T5-base,0.0,1.0,sapbert_full_len3,7,7,0,6,False,1,-0.0,-0.0,C0008972,True,,,,,,,,,7.0,0.149388313293457,0.149388313293457,0.149388313293457,1.0,0.850611686706543
mm_0112233,Llama3-OpenBioLLM-8B,0.0,0.9999997615814208,sapbert_full_len3,7,7,0,6,False,2,0.863120568566631,0.3074497498641964,C0005517,False,,,,,,,,,7.0,0.2219786047935484,0.1800688249724251,0.0752943754196167,0.999999863760812,0.8199310898780823
mm_0112233,Meta-Llama-3-8B-Instruct,0.0,0.9999999403953552,sapbert_full_len3,7,7,0,6,False,1,-0.0,-0.0,C0005517,True,,,,,,,,,7.0,0.2219787836074829,0.2219786303383963,0.2219786047935484,0.9999997871262688,0.7780212163925171
mm_0112233,Mistral-7B-Instruct-v0.1,0.0,1.0,sapbert_full_len3,7,7,0,6,False,1,-0.0,-0.0,C0008972,True,,,,,,,,,7.0,0.1906462907791137,0.2120787671634129,0.1906462907791137,1.0,0.7879212498664856
mm_0112233,PubMedBERT,0.0,1.0,sapbert_full_len3,7,7,0,6,False,2,0.5916727785823275,0.2107580961471984,C1447749,False,7.0,2.0,"{""C1839576"": 1, ""C1447749"": 6}",0.5916727785823275,0.2107580961471984,0.0,C1447749,0.0,7.0,-0.6493866443634033,-0.6068987250328064,-0.6493866443634033,0.3931007981300354,0.9999995231628418
mm_0112509,BERT-base,0.0,1.0,sapbert_full_len3,9,9,0,8,False,2,0.9910760598382222,0.3126496871021503,C2350390,False,9.0,2.0,"{""C1258127"": 4, ""UMLS:C2350390"": 5}",0.9910760598382222,0.3126496871021503,0.0,UMLS:C2350390,0.0,9.0,-0.6542224884033203,-0.7072775363922119,-0.7497215270996094,0.24335235357284546,0.9506298899650574
mm_0112509,BioBERT,0.0,1.0,sapbert_full_len3,9,9,0,8,False,2,0.5032583347756457,0.1587603285713901,C1707887,False,9.0,2.0,"{""C0008396"": 1, ""UMLS:C1707887"": 8}",0.5032583347756457,0.1587603285713901,0.0,UMLS:C1707887,0.0,9.0,-0.6625586748123169,-0.7657004594802856,-0.7785931825637817,0.18492934107780457,0.9506298899650574
mm_0112509,BioMistral-7B,0.0,1.0,sapbert_full_len3,9,9,0,8,False,1,-0.0,-0.0,C0054312,True,,,,,,,,,9.0,3.5762786865234375e-07,3.5762786865234375e-07,3.5762786865234375e-07,1.0,0.999999701976776
mm_0112509,FLAN-T5-base,0.0,1.0,sapbert_full_len3,9,9,0,8,False,2,0.5032583347756457,0.1587603285713901,C0054312,False,,,,,,,,,9.0,3.5762786865234375e-07,0.0144105487399631,2.980232238769531e-07,0.9999999072816635,0.985589325428009
mm_0112509,Llama3-OpenBioLLM-8B,0.0,0.9999998211860656,sapbert_full_len3,9,6,3,8,False,4,1.9182958340544896,0.6051549589285763,C0011906,False,,,,,,,,,6.0,5.960464466436832e-08,0.0330279370148976,5.960464466436832e-08,0.9999998112519582,0.9669718742370604
mm_0112509,Meta-Llama-3-8B-Instruct,1.0,1.0000001192092896,sapbert_full_len3,9,9,0,8,False,1,-0.0,-0.0,C1158849,True,,,,,,,,,9.0,0.1296528577804565,0.1296528577804565,0.1296528577804565,1.0000001192092896,0.870347261428833
mm_0112509,Mistral-7B-Instruct-v0.1,1.0,0.9506438374519348,sapbert_full_len3,9,9,0,8,False,1,-0.0,-0.0,C1158849,True,,,,,,,,,9.0,0.0695489048957824,0.0689491232236226,0.0668498873710631,0.9506840507189432,0.8817349672317505
mm_0112509,PubMedBERT,0.0,1.0,sapbert_full_len3,9,9,0,8,False,1,-0.0,-0.0,C1447749,True,9.0,1.0,"{""C1447749"": 9}",-0.0,-0.0,0.0,C1447749,0.0,9.0,-0.6953228712081909,-0.6953228712081909,-0.6953228712081909,0.25530698895454407,0.9506298899650574
mm_0112789,BERT-base,0.0,1.0,sapbert_full_len3,7,7,0,6,False,2,0.863120568566631,0.3074497498641964,C1447749,False,7.0,2.0,"{""C1447749"": 5, ""C0265267"": 2}",0.863120568566631,0.3074497498641964,0.0,C1447749,0.0,7.0,-0.7361563444137573,-0.7124109268188477,-0.7361563444137573,0.2875882089138031,0.9999991059303284
mm_0112789,BioBERT,0.0,1.0,sapbert_full_len3,7,7,0,6,False,2,0.863120568566631,0.3074497498641964,C0032914,False,7.0,2.0,"{""C0032914"": 5, ""C1861172"": 2}",0.863120568566631,0.3074497498641964,0.0,C0032914,0.0,7.0,-0.683344304561615,-0.7137977480888367,-0.7899315357208252,0.2862012982368469,0.9999991059303284
mm_0112789,BioMistral-7B,0.0,1.0000001192092896,sapbert_full_len3,7,7,0,6,False,2,0.9852281360342516,0.3509453429964405,C0006114,False,,,,,,,,,7.0,0.0353105664253234,0.073656678199768,0.0353103280067443,0.999999965940203,0.926343321800232
mm_0112789,FLAN-T5-base,0.0,1.0000001192092896,sapbert_full_len3,7,7,0,6,False,3,1.5566567074628228,0.5544923070581674,C5393845,False,,,,,,,,,7.0,0.0353067517280578,0.1186216984476361,0.0353067517280578,1.000000034059797,0.8813783526420593
mm_0112789,Llama3-OpenBioLLM-8B,0.0,1.0,sapbert_full_len3,7,7,0,6,False,3,1.5566567074628228,0.5544923070581674,C0265110,False,,,,,,,,,7.0,0.0520470738410949,0.0487730077334812,0.0353103280067443,0.9999999148505074,0.9512268900871276
mm_0112789,Meta-Llama-3-8B-Instruct,0.0,1.0000001192092896,sapbert_full_len3,7,7,0,6,False,2,0.863120568566631,0.3074497498641964,C0006114,False,,,,,,,,,7.0,0.0353067517280578,0.0416013087545122,0.0353067517280578,1.0000000851494926,0.9583988189697266
mm_0112789,Mistral-7B-Instruct-v0.1,0.0,0.9999998807907104,sapbert_full_len3,7,7,0,6,False,2,0.5916727785823275,0.2107580961471984,C0006114,False,,,,,,,,,7.0,0.0353103280067443,0.0673657144818987,0.0353065133094787,0.9999998978206088,0.9326342344284058
mm_0112789,PubMedBERT,0.0,1.0,sapbert_full_len3,7,7,0,6,False,2,0.863120568566631,0.3074497498641964,C1447749,False,7.0,2.0,"{""C1447749"": 5, ""C1839576"": 2}",0.863120568566631,0.3074497498641964,0.0,C1447749,0.0,7.0,-0.7361563444137573,-0.7615554928779602,-0.8250532150268555,0.23844365775585175,0.9999991059303284
mm_0112894,BERT-base,0.0,1.0,sapbert_full_len3,6,6,0,5,False,2,0.9182958340544896,0.355245321275764,C1283169,False,6.0,2.0,"{""UMLS:C0242193"": 2, ""UMLS:C1283169"": 4}",0.9182958340544896,0.355245321275764,0.0,UMLS:C1283169,0.0,6.0,-0.5753952860832214,-0.6266322135925293,-0.6522506475448608,0.37336722016334534,0.999999463558197
mm_0112894,BioBERT,0.0,1.0,sapbert_full_len3,6,6,0,5,False,1,-0.0,-0.0,C1707887,True,6.0,1.0,"{""UMLS:C1707887"": 6}",-0.0,-0.0,0.0,UMLS:C1707887,0.0,6.0,-0.7123339176177979,-0.7123339176177979,-0.7123339176177979,0.28766557574272156,0.999999463558197
mm_0112894,BioMistral-7B,1.0,1.0,sapbert_full_len3,6,6,0,5,False,2,1.0,0.3868528072345416,C0678695,False,,,,,,,,,6.0,0.1208401918411254,0.0604201555252075,1.1920928955078125e-07,0.9999999701976776,0.9395799040794371
mm_0112894,FLAN-T5-base,1.0,1.0,sapbert_full_len3,6,6,0,5,False,1,-0.0,-0.0,C0678695,True,,,,,,,,,6.0,0.1544906497001648,0.1544906497001648,0.1544906497001648,1.0,0.8455093502998352
mm_0112894,Llama3-OpenBioLLM-8B,1.0,1.0,sapbert_full_len3,6,6,0,5,False,2,0.6500224216483541,0.2514629985800606,C0233929,False,,,,,,,,,6.0,0.2641710042953491,0.1209032932917277,0.0922497510910034,0.9999999006589254,0.8790965676307678
mm_0112894,Meta-Llama-3-8B-Instruct,1.0,1.0,sapbert_full_len3,6,6,0,5,False,2,0.6500224216483541,0.2514629985800606,C0678695,False,,,,,,,,,6.0,0.2604842185974121,0.2324451406796773,0.0922497510910034,0.999999980131785,0.7675548195838928
mm_0112894,Mistral-7B-Instruct-v0.1,1.0,1.0,sapbert_full_len3,6,6,0,5,False,1,-0.0,-0.0,C0678695,True,,,,,,,,,6.0,0.1544150114059448,0.1583735545476277,0.1544150114059448,1.0,0.8416264057159424
mm_0112894,PubMedBERT,0.0,1.0,sapbert_full_len3,6,6,0,5,False,2,0.9182958340544896,0.355245321275764,C1447749,False,6.0,2.0,"{""C1447749"": 4, ""C1839576"": 2}",0.9182958340544896,0.355245321275764,0.0,C1447749,0.0,6.0,-0.6383078694343567,-0.6614310145378113,-0.7076772451400757,0.33856844902038574,0.999999463558197
mm_0113609,BERT-base,0.0,1.0,sapbert_full_len3,6,6,0,5,False,2,0.9182958340544896,0.355245321275764,C1739108,False,6.0,2.0,"{""C1739108"": 4, ""C0019682"": 2}",0.9182958340544896,0.355245321275764,0.0,C1739108,0.0,6.0,-0.6433124542236328,-0.615216076374054,-0.6433124542236328,0.38478365540504456,0.9999997615814209
mm_0113609,BioBERT,0.0,1.0,sapbert_full_len3,6,6,0,5,False,3,1.584962500721156,0.6131471927654584,C5392105,False,6.0,3.0,"{""C5392105"": 2, ""C1839576"": 2, ""C1447749"": 2}",1.584962500721156,0.6131471927654584,0.0,C5392105,1.0,6.0,-0.6717259883880615,-0.6459984183311462,-0.6717259883880615,0.35400137305259705,0.9999997615814209
mm_0113609,BioMistral-7B,0.0,0.9999998807907104,sapbert_full_len3,6,6,0,5,False,2,0.9182958340544896,0.355245321275764,C3263723,False,,,,,,,,,6.0,2.980232238769531e-07,4.569689432779948e-07,2.980232238769531e-07,1.0,0.9999995231628418
mm_0113609,FLAN-T5-base,0.0,1.0000001192092896,sapbert_full_len3,6,6,0,5,False,1,-0.0,-0.0,C3263723,True,,,,,,,,,6.0,3.5762786865234375e-07,5.960464468287204e-08,-1.1102230246251563e-16,0.9999998211860656,0.9999998211860656
mm_0113609,Llama3-OpenBioLLM-8B,1.0,1.0,sapbert_full_len3,6,6,0,5,False,1,-0.0,-0.0,C0027361,True,,,,,,,,,6.0,0.2001755833625793,0.210653136173884,0.1316642761230468,1.0,0.7893468737602234
mm_0113609,Meta-Llama-3-8B-Instruct,0.0,1.0000001192092896,sapbert_full_len3,6,6,0,5,False,2,1.0,0.3868528072345416,C3263723,False,,,,,,,,,6.0,3.5762786865234375e-07,3.5762786865234375e-07,3.5762786865234375e-07,1.0000000596046448,0.999999701976776
mm_0113609,Mistral-7B-Instruct-v0.1,0.0,0.9999998807907104,sapbert_full_len3,6,6,0,5,False,3,1.4591479170272446,0.5644754678724235,C3263723,False,,,,,,,,,6.0,2.980232238769531e-07,0.0788931051890055,-1.1102230246251563e-16,0.9999999006589254,0.9211068153381348
mm_0113609,PubMedBERT,0.0,1.0,sapbert_full_len3,6,6,0,5,False,1,-0.0,-0.0,C1839576,True,6.0,1.0,"{""C1839576"": 6}",-0.0,-0.0,0.0,C1839576,0.0,6.0,-0.6588796377182007,-0.6588796377182007,-0.6588796377182007,0.3411200940608978,0.9999997615814209
mm_0114471,BERT-base,0.0,1.0,sapbert_full_len3,4,4,0,3,False,1,-0.0,-0.0,C0035321,True,4.0,1.0,"{""C0035321"": 4}",-0.0,-0.0,0.0,C0035321,0.0,4.0,-0.6171615123748779,-0.6171615123748779,-0.6171615123748779,0.3688238561153412,0.9859853982925415
mm_0114471,BioBERT,0.0,1.0,sapbert_full_len3,4,4,0,3,False,1,-0.0,-0.0,C1839576,True,4.0,1.0,"{""C1839576"": 4}",-0.0,-0.0,0.0,C1839576,0.0,4.0,-0.6397393345832825,-0.6397393345832825,-0.6397393345832825,0.34624606370925903,0.9859853982925415
mm_0114471,BioMistral-7B,0.0,0.9646814465522766,sapbert_full_len3,4,4,0,3,False,1,-0.0,-0.0,C0024760,True,,,,,,,,,4.0,-0.0041905045509338,-0.0042023956775665,-0.004206359386444,0.964669555425644,0.9688719511032104
mm_0114471,FLAN-T5-base,0.0,0.9646814465522766,sapbert_full_len3,4,4,0,3,False,1,-0.0,-0.0,C0024760,True,,,,,,,,,4.0,-0.0041905045509338,-0.0041905045509338,-0.0041905045509338,0.9646814465522766,0.9688719511032104
mm_0114471,Llama3-OpenBioLLM-8B,0.0,0.9999997615814208,sapbert_full_len3,4,4,0,3,False,1,-0.0,-0.0,C0009928,True,,,,,,,,,4.0,0.0550525188446043,0.0550525188446043,0.0550525188446043,0.9999997615814208,0.9449472427368164
mm_0114471,Meta-Llama-3-8B-Instruct,0.0,0.9999998807907104,sapbert_full_len3,4,4,0,3,False,1,-0.0,-0.0,C0042789,True,,,,,,,,,4.0,4.76837158203125e-07,4.76837158203125e-07,4.76837158203125e-07,0.9999998807907104,0.9999994039535522
mm_0114471,Mistral-7B-Instruct-v0.1,0.0,0.9999997615814208,sapbert_full_len3,4,4,0,3,False,2,1.0,0.5,C0042789,False,,,,,,,,,4.0,3.5762786854132145e-07,4.172325133722232e-07,3.5762786854132145e-07,0.9999998211860656,0.9999994039535522
mm_0114471,PubMedBERT,0.0,1.0,sapbert_full_len3,4,4,0,3,False,1,-0.0,-0.0,C1839576,True,4.0,1.0,"{""C1839576"": 4}",-0.0,-0.0,0.0,C1839576,0.0,4.0,-0.6397393345832825,-0.6397393345832825,-0.6397393345832825,0.34624606370925903,0.9859853982925415
mm_0115142,BERT-base,0.0,1.0,sapbert_full_len3,5,5,0,4,False,1,-0.0,-0.0,C1257990,True,5.0,1.0,"{""UMLS:C1257990"": 5}",-0.0,-0.0,0.0,UMLS:C1257990,0.0,5.0,-0.6807442903518677,-0.6807442903518677,-0.6807442903518677,0.3192552626132965,0.9999995231628418
mm_0115142,BioBERT,0.0,1.0,sapbert_full_len3,5,5,0,4,False,1,-0.0,-0.0,C0265267,True,5.0,1.0,"{""C0265267"": 5}",-0.0,-0.0,0.0,C0265267,0.0,5.0,-0.6446225047111511,-0.6446225047111511,-0.6446225047111511,0.3553770184516907,0.9999995231628418
mm_0115142,BioMistral-7B,0.0,1.0,sapbert_full_len3,5,5,0,4,False,1,-0.0,-0.0,C0008972,True,,,,,,,,,5.0,0.2265898585319519,0.2247664809226989,0.2220314145088195,1.0,0.7752335667610168
mm_0115142,FLAN-T5-base,0.0,1.0,sapbert_full_len3,5,5,0,4,False,2,0.9709505944546686,0.4181656600790516,C0004096,False,,,,,,,,,5.0,0.0425379276275634,0.0255227804183959,2.384185789905402e-07,0.9999998569488524,0.974476993083954
mm_0115142,Llama3-OpenBioLLM-8B,0.0,0.9999998211860656,sapbert_full_len3,5,5,0,4,False,1,-0.0,-0.0,C0376452,True,,,,,,,,,5.0,5.960464466436832e-08,5.960464466436832e-08,5.960464466436832e-08,0.9999998211860656,0.9999998211860656
mm_0115142,Meta-Llama-3-8B-Instruct,0.0,1.0,sapbert_full_len3,5,5,0,4,False,1,-0.0,-0.0,C0376452,True,,,,,,,,,5.0,2.384185791015625e-07,9.536743155180717e-08,5.960464466436832e-08,0.9999998569488524,0.9999998211860656
mm_0115142,Mistral-7B-Instruct-v0.1,0.0,0.9999998211860656,sapbert_full_len3,5,5,0,4,False,1,-0.0,-0.0,C1159269,True,,,,,,,,,5.0,2.384185789905402e-07,2.384185789905402e-07,2.384185789905402e-07,0.9999998211860656,0.9999996423721312
mm_0115142,PubMedBERT,0.0,1.0,sapbert_full_len3,5,5,0,4,False,1,-0.0,-0.0,C1839576,True,5.0,1.0,"{""C1839576"": 5}",-0.0,-0.0,0.0,C1839576,0.0,5.0,-0.6493866443634033,-0.6493866443634033,-0.6493866443634033,0.35061290860176086,0.9999995231628418
mm_0116349,BERT-base,0.0,1.0,sapbert_full_len3,5,5,0,4,False,2,0.9709505944546686,0.4181656600790516,C1283169,False,5.0,2.0,"{""UMLS:C1283169"": 3, ""C1431519"": 2}",0.9709505944546686,0.4181656600790516,0.0,UMLS:C1283169,0.0,5.0,-0.6301312446594238,-0.6292177438735962,-0.6301312446594238,0.37078189849853516,0.9999996423721313
mm_0116349,BioBERT,0.0,1.0,sapbert_full_len3,5,5,0,4,False,1,-0.0,-0.0,C1707887,True,5.0,1.0,"{""UMLS:C1707887"": 5}",-0.0,-0.0,0.0,UMLS:C1707887,0.0,5.0,-0.6437846422195435,-0.6437846422195435,-0.6437846422195435,0.3562150299549103,0.9999996423721313
mm_0116349,BioMistral-7B,0.0,0.9999998807907104,sapbert_full_len3,5,5,0,4,False,2,0.7219280948873623,0.3109175070825711,C1000792,False,,,,,,,,,5.0,5.364418029785156e-07,0.0157819986343383,5.364418029785156e-07,0.9999998807907104,0.9842178225517272
mm_0116349,FLAN-T5-base,0.0,1.0,sapbert_full_len3,5,5,0,4,False,1,-0.0,-0.0,C1000792,True,,,,,,,,,5.0,4.76837158203125e-07,4.76837158203125e-07,4.76837158203125e-07,1.0,0.9999995231628418
mm_0116349,Llama3-OpenBioLLM-8B,0.0,0.9999999403953552,sapbert_full_len3,5,5,0,4,False,2,0.7219280948873623,0.3109175070825711,C4018878,False,,,,,,,,,5.0,3.5762786865234375e-07,3.5762786865234375e-07,3.5762786865234375e-07,0.9999999284744264,0.9999995231628418
mm_0116349,Meta-Llama-3-8B-Instruct,0.0,0.9999999403953552,sapbert_full_len3,5,5,0,4,False,3,1.3709505944546687,0.5904362833084089,C1000792,False,,,,,,,,,5.0,3.5762786865234375e-07,5.006790161132813e-07,3.5762786865234375e-07,0.9999999165534972,0.9999994039535522
mm_0116349,Mistral-7B-Instruct-v0.1,0.0,1.0,sapbert_full_len3,5,5,0,4,False,1,-0.0,-0.0,C1000792,True,,,,,,,,,5.0,6.556510925292969e-07,5.602836608886719e-07,5.364418029785156e-07,0.9999999046325684,0.9999993443489076
mm_0116349,PubMedBERT,0.0,1.0,sapbert_full_len3,5,5,0,4,False,2,0.9709505944546686,0.4181656600790516,C1839576,False,5.0,2.0,"{""C1839576"": 3, ""C1447749"": 2}",0.9709505944546686,0.4181656600790516,0.0,C1839576,0.0,5.0,-0.6909115314483643,-0.6810103058815002,-0.6909115314483643,0.3189893662929535,0.9999996423721313
mm_0116426,BERT-base,0.0,1.0,sapbert_full_len3,6,6,0,5,False,1,-0.0,-0.0,C1257990,True,6.0,1.0,"{""UMLS:C1257990"": 6}",-0.0,-0.0,0.0,UMLS:C1257990,0.0,6.0,-0.6775727272033691,-0.6775727272033691,-0.6775727272033691,0.3224269151687622,0.9999997019767761
mm_0116426,BioBERT,0.0,1.0,sapbert_full_len3,6,6,0,5,False,1,-0.0,-0.0,C0919821,True,6.0,1.0,"{""UMLS:C0919821"": 6}",-0.0,-0.0,0.0,UMLS:C0919821,0.0,6.0,-0.6215943098068237,-0.6215943098068237,-0.6215943098068237,0.37840536236763,0.9999997019767761
mm_0116426,BioMistral-7B,1.0,1.0,sapbert_full_len3,6,6,0,5,False,2,0.9182958340544896,0.355245321275764,C0013516,False,,,,,,,,,6.0,0.0280395150184631,0.0093468228975931,3.5762786865234375e-07,1.0,0.9906532168388368
mm_0116426,FLAN-T5-base,1.0,1.0,sapbert_full_len3,6,6,0,5,False,1,-0.0,-0.0,C0013516,True,,,,,,,,,6.0,3.5762786865234375e-07,0.058580736319224,2.384185791015625e-07,0.999999980131785,0.9414193034172058
mm_0116426,Llama3-OpenBioLLM-8B,0.0,0.9999998807907104,sapbert_full_len3,6,6,0,5,False,3,1.2516291673878228,0.4841962570206112,C0013516,False,,,,,,,,,6.0,5.960464477539062e-07,0.0574570596218109,0.0,0.9999999205271404,0.9425427913665771
mm_0116426,Meta-Llama-3-8B-Instruct,1.0,1.0,sapbert_full_len3,6,6,0,5,False,1,-0.0,-0.0,C0013516,True,,,,,,,,,6.0,0.0037124752998352,0.0077669819196065,0.0037124752998352,1.0,0.9922329783439636
mm_0116426,Mistral-7B-Instruct-v0.1,0.0,0.9999999403953552,sapbert_full_len3,6,6,0,5,False,1,-0.0,-0.0,C0018801,True,,,,,,,,,6.0,5.364418029785156e-07,5.861123402913412e-07,5.364418029785156e-07,0.9999999900658926,0.999999463558197
mm_0116426,PubMedBERT,0.0,1.0,sapbert_full_len3,6,6,0,5,False,1,-0.0,-0.0,C1839576,True,6.0,1.0,"{""C1839576"": 6}",-0.0,-0.0,0.0,C1839576,0.0,6.0,-0.6608275175094604,-0.6608275175094604,-0.6608275175094604,0.3391721248626709,0.9999997019767761
mm_0116620,BERT-base,0.0,1.0,sapbert_full_len3,5,5,0,4,False,1,-0.0,-0.0,C0358514,True,5.0,1.0,"{""UMLS:C0358514"": 5}",-0.0,-0.0,0.0,UMLS:C0358514,0.0,5.0,-0.5332674980163574,-0.5332674980163574,-0.5332674980163574,0.46673184633255005,0.9999993443489075
mm_0116620,BioBERT,0.0,1.0,sapbert_full_len3,5,5,0,4,False,1,-0.0,-0.0,C1707887,True,5.0,1.0,"{""UMLS:C1707887"": 5}",-0.0,-0.0,0.0,UMLS:C1707887,0.0,5.0,-0.7168952822685242,-0.7168952822685242,-0.7168952822685242,0.2831040620803833,0.9999993443489075
mm_0116620,BioMistral-7B,0.0,1.0000001192092896,sapbert_full_len3,5,5,0,4,False,1,-0.0,-0.0,C3540513,True,,,,,,,,,5.0,7.748603820800781e-07,7.748603820800781e-07,7.748603820800781e-07,1.0000001192092896,0.9999993443489076
mm_0116620,FLAN-T5-base,0.0,1.0000001192092896,sapbert_full_len3,5,5,0,4,False,1,-0.0,-0.0,C3540513,True,,,,,,,,,5.0,7.748603820800781e-07,7.748603820800781e-07,7.748603820800781e-07,1.0000001192092896,0.9999993443489076
mm_0116620,Llama3-OpenBioLLM-8B,0.0,0.9999998807907104,sapbert_full_len3,5,5,0,4,False,3,1.521928094887362,0.6554587535412855,C0015333,False,,,,,,,,,5.0,0.0231335163116455,0.0378833174705505,6.556510925292969e-07,1.0,0.9621167182922364
mm_0116620,Meta-Llama-3-8B-Instruct,0.0,1.0,sapbert_full_len3,5,5,0,4,False,1,-0.0,-0.0,C0806487,True,,,,,,,,,5.0,0.0830845832824707,0.0830845832824707,0.0830845832824707,1.0,0.9169154167175292
mm_0116620,Mistral-7B-Instruct-v0.1,0.0,0.999999701976776,sapbert_full_len3,5,5,0,4,False,3,1.521928094887362,0.6554587535412855,C0806487,False,,,,,,,,,5.0,0.0830842852592467,0.033962857723236,-0.0165739059448242,0.968685293197632,0.9347224235534668
mm_0116620,PubMedBERT,0.0,1.0,sapbert_full_len3,5,5,0,4,False,1,-0.0,-0.0,C1839576,True,5.0,1.0,"{""C1839576"": 5}",-0.0,-0.0,0.0,C1839576,0.0,5.0,-0.5151524543762207,-0.5151524543762207,-0.5151524543762207,0.48484688997268677,0.9999993443489075
mm_0117264,BERT-base,0.0,1.0,sapbert_full_len3,7,7,0,6,False,2,0.9852281360342516,0.3509453429964405,C1257990,False,7.0,2.0,"{""UMLS:C1257990"": 4, ""UMLS:C0752046"": 3}",0.9852281360342516,0.3509453429964405,0.4285714285714285,UMLS:C1257990,0.0,7.0,-0.40826553106307983,-0.3930038511753082,-0.40826553106307983,0.401693195104599,0.794697105884552
mm_0117264,BioBERT,1.0,1.0,sapbert_full_len3,7,7,0,6,False,1,-0.0,-0.0,C0752046,True,7.0,1.0,"{""UMLS:C0752046"": 7}",-0.0,-0.0,1.0,UMLS:C0752046,0.0,7.0,-0.3726549446582794,-0.3726549446582794,-0.3726549446582794,0.4220421016216278,0.794697105884552
mm_0117264,BioMistral-7B,0.0,1.0,sapbert_full_len3,7,7,0,6,False,1,-0.0,-0.0,C1416519,True,,,,,,,,,7.0,0.1292080879211425,0.1292080879211425,0.1292080879211425,1.0,0.8707919120788574
mm_0117264,FLAN-T5-base,0.0,1.0,sapbert_full_len3,7,7,0,6,False,1,-0.0,-0.0,C0279671,True,,,,,,,,,7.0,0.0078659057617187,0.0098890662193298,0.0078659057617187,0.9825734836714608,0.9726844429969788
mm_0117264,Llama3-OpenBioLLM-8B,0.0,0.9999997615814208,sapbert_full_len3,7,7,0,6,False,2,0.9852281360342516,0.3509453429964405,C0032529,False,,,,,,,,,7.0,0.0439698696136473,0.0251258952277046,5.960464477539062e-07,0.9999998126711164,0.974873960018158
mm_0117264,Meta-Llama-3-8B-Instruct,0.0,1.0,sapbert_full_len3,7,7,0,6,False,1,-0.0,-0.0,C1285573,True,,,,,,,,,7.0,7.152557373046875e-07,6.130763462611608e-07,5.960464477539062e-07,0.9999998978206088,0.9999991655349731
mm_0117264,Mistral-7B-Instruct-v0.1,0.0,0.9999998211860656,sapbert_full_len3,7,7,0,6,False,3,1.3787834934861751,0.4911325898456825,C0006826,False,,,,,,,,,7.0,-5.960464488641294e-08,1.617840357554761e-07,-5.960464488641294e-08,0.9999998467309136,0.999999701976776
mm_0117264,PubMedBERT,1.0,1.0,sapbert_full_len3,7,7,0,6,False,1,-0.0,-0.0,C0752046,True,7.0,1.0,"{""UMLS:C0752046"": 7}",-0.0,-0.0,1.0,UMLS:C0752046,0.0,7.0,-0.3726549446582794,-0.3726549446582794,-0.3726549446582794,0.4220421016216278,0.794697105884552
mm_0117559,BERT-base,0.0,1.0,sapbert_full_len3,9,9,0,8,False,3,1.5304930567574826,0.4828168035714126,C1868801,False,9.0,3.0,"{""C1868801"": 4, ""UMLS:C0242193"": 2, ""C1700928"": 3}",1.5304930567574826,0.4828168035714126,0.0,C1868801,0.0,9.0,-0.7006368637084961,-0.7381752729415894,-0.7845896482467651,0.26182445883750916,0.9999997019767761
mm_0117559,BioBERT,0.0,1.0,sapbert_full_len3,9,9,0,8,False,4,1.974937501201927,0.6230234154761809,C0030201,False,9.0,4.0,"{""C0920253"": 2, ""C0030201"": 3, ""UMLS:C1707887"": 2, ""C1700928"": 2}",1.974937501201927,0.6230234154761809,0.0,C0030201,1.0,9.0,-0.3244587182998657,-0.44817808270454407,-0.7845896482467651,0.5518215894699097,0.9999997019767761
mm_0117559,BioMistral-7B,0.0,0.9999998807907104,sapbert_full_len3,9,9,0,8,False,5,2.197159723424149,0.693126721428565,C0449445,False,,,,,,,,,9.0,4.76837158203125e-07,0.0020036300023396,-0.0069703459739685,0.9570441510942248,0.9550405144691468
mm_0117559,FLAN-T5-base,0.0,1.0,sapbert_full_len3,9,8,1,8,False,3,1.2987949406953985,0.4097241859364017,C1541282,False,,,,,,,,,8.0,0.1473482847213745,0.0310518890619277,4.76837158203125e-07,0.864302396774292,0.8332505226135254
mm_0117559,Llama3-OpenBioLLM-8B,0.0,0.9275686740875244,sapbert_full_len3,9,9,0,8,False,4,1.8910611120726528,0.5965633607142826,C0683469,False,,,,,,,,,9.0,0.0706866979598999,0.0730664597617255,1.4901161193847656e-06,0.9265623225106132,0.8534958362579346
mm_0117559,Meta-Llama-3-8B-Instruct,0.0,0.8867002725601196,sapbert_full_len3,9,9,0,8,False,3,1.5304930567574826,0.4828168035714126,C0683469,False,,,,,,,,,9.0,-0.0069703459739685,0.0299040741390652,-0.0069703459739685,0.92832127544615,0.8984172344207764
mm_0117559,Mistral-7B-Instruct-v0.1,0.0,0.852075457572937,sapbert_full_len3,9,9,0,8,False,3,1.4355205042826666,0.4528562990069186,C5419407,False,,,,,,,,,9.0,0.0815298557281494,0.0610170496834649,2.384185791015625e-07,0.9017382992638482,0.8407212495803833
mm_0117559,PubMedBERT,0.0,1.0,sapbert_full_len3,9,9,0,8,False,2,0.7642045065086203,0.2410796804848405,C1839576,False,9.0,2.0,"{""C1839576"": 7, ""UMLS:C0241311"": 2}",0.7642045065086203,0.2410796804848405,0.2222222222222222,C1839576,0.0,9.0,-0.6803544759750366,-0.5305744409561157,-0.6803544759750366,0.4694252610206604,0.9999997019767761
mm_0119071,BERT-base,0.0,1.0,sapbert_full_len3,5,5,0,4,False,2,0.9709505944546686,0.4181656600790516,C1447749,False,5.0,2.0,"{""C1447749"": 3, ""UMLS:C1257990"": 2}",0.9709505944546686,0.4181656600790516,0.0,C1447749,0.0,5.0,-0.6454443335533142,-0.6843856573104858,-0.7427977323532104,0.31561413407325745,0.9999998211860657
mm_0119071,BioBERT,0.0,1.0,sapbert_full_len3,5,5,0,4,False,3,1.3709505944546687,0.5904362833084089,C0027609,False,5.0,3.0,"{""C5392105"": 1, ""C0265267"": 1, ""C0027609"": 3}",1.3709505944546687,0.5904362833084089,0.0,C0027609,1.0,5.0,-0.5787575244903564,-0.6411311030387878,-0.6671618223190308,0.35886865854263306,0.9999998211860657
mm_0119071,BioMistral-7B,0.0,1.0,sapbert_full_len3,5,5,0,4,False,2,0.9709505944546686,0.4181656600790516,C0199859,False,,,,,,,,,5.0,0.1841652393341064,0.110499095916748,5.960464477539064e-08,0.9999998807907104,0.8895007967948914
mm_0119071,FLAN-T5-base,0.0,1.0,sapbert_full_len3,5,5,0,4,False,3,1.521928094887362,0.6554587535412855,C0086153,False,,,,,,,,,5.0,0.1841652393341064,0.0394277572631835,2.384185791015625e-07,1.0,0.9605722427368164
mm_0119071,Llama3-OpenBioLLM-8B,0.0,0.9999998807907104,sapbert_full_len3,5,5,0,4,False,2,0.7219280948873623,0.3109175070825711,C0282440,False,,,,,,,,,5.0,5.960464477539064e-08,0.0012954950332641,5.960464477539064e-08,0.9999998688697816,0.9987043142318726
mm_0119071,Meta-Llama-3-8B-Instruct,0.0,1.0,sapbert_full_len3,5,5,0,4,False,1,-0.0,-0.0,C0282440,True,,,,,,,,,5.0,0.1467276811599731,0.1594838857650757,0.1467276811599731,1.0,0.840516209602356
mm_0119071,Mistral-7B-Instruct-v0.1,0.0,0.8259673118591309,sapbert_full_len3,5,5,0,4,False,1,-0.0,-0.0,C0282440,True,,,,,,,,,5.0,-0.0733723640441894,0.0567728519439697,-0.0733723640441894,0.9651934385299684,0.9084205627441406
mm_0119071,PubMedBERT,0.0,1.0,sapbert_full_len3,5,5,0,4,False,1,-0.0,-0.0,C1839576,True,5.0,1.0,"{""C1839576"": 5}",-0.0,-0.0,0.0,C1839576,0.0,5.0,-0.615868330001831,-0.615868330001831,-0.615868330001831,0.3841314911842346,0.9999998211860657
mm_0119329,BERT-base,1.0,1.0,sapbert_full_len3,5,5,0,4,False,1,-0.0,-0.0,C2919551,True,5.0,1.0,"{""UMLS:C2919551"": 5}",-0.0,-0.0,1.0,UMLS:C2919551,0.0,5.0,-0.04115098714828491,-0.04115098714828491,-0.04115098714828491,0.9552758932113647,0.9964269399642944
mm_0119329,BioBERT,1.0,1.0,sapbert_full_len3,5,5,0,4,False,1,-0.0,-0.0,C2919551,True,5.0,1.0,"{""UMLS:C2919551"": 5}",-0.0,-0.0,1.0,UMLS:C2919551,0.0,5.0,-0.04115098714828491,-0.04115098714828491,-0.04115098714828491,0.9552758932113647,0.9964269399642944
mm_0119329,BioMistral-7B,0.0,0.9964151382446288,sapbert_full_len3,5,5,0,4,False,1,-0.0,-0.0,C2919733,True,,,,,,,,,5.0,0.041139245033264,0.041139245033264,0.041139245033264,0.9964151382446288,0.9552758932113647
mm_0119329,FLAN-T5-base,0.0,1.0000001192092896,sapbert_full_len3,5,5,0,4,False,1,-0.0,-0.0,C0038952,True,,,,,,,,,5.0,3.5762786865234375e-07,3.5762786865234375e-07,3.5762786865234375e-07,1.0000001192092896,0.9999998211860656
mm_0119329,Llama3-OpenBioLLM-8B,0.0,0.9964151382446288,sapbert_full_len3,5,5,0,4,False,1,-0.0,-0.0,C2919733,True,,,,,,,,,5.0,0.041139245033264,0.0431823015213011,0.041139245033264,0.9978489875793456,0.9546667337417604
mm_0119329,Meta-Llama-3-8B-Instruct,0.0,0.9964151382446288,sapbert_full_len3,5,5,0,4,False,1,-0.0,-0.0,C2919733,True,,,,,,,,,5.0,0.041139245033264,0.0395522594451903,0.0371717810630797,0.983350896835327,0.9437986612319946
mm_0119329,Mistral-7B-Instruct-v0.1,0.0,0.9964151382446288,sapbert_full_len3,5,5,0,4,False,1,-0.0,-0.0,C2919733,True,,,,,,,,,5.0,0.041139245033264,0.0395522594451903,0.0371717810630797,0.983350896835327,0.9437986612319946
mm_0119329,PubMedBERT,1.0,1.0,sapbert_full_len3,5,5,0,4,False,1,-0.0,-0.0,C2919551,True,5.0,1.0,"{""UMLS:C2919551"": 5}",-0.0,-0.0,1.0,UMLS:C2919551,0.0,5.0,-0.04115098714828491,-0.04115098714828491,-0.04115098714828491,0.9552758932113647,0.9964269399642944
mm_0119410,BERT-base,0.0,1.0,sapbert_full_len3,5,5,0,4,False,1,-0.0,-0.0,C1447749,True,5.0,1.0,"{""C1447749"": 5}",-0.0,-0.0,0.0,C1447749,0.0,5.0,-0.6232290267944336,-0.6232290267944336,-0.6232290267944336,0.37677040696144104,0.9999994039535522
mm_0119410,BioBERT,0.0,1.0,sapbert_full_len3,5,5,0,4,False,2,0.7219280948873623,0.3109175070825711,C1868801,False,5.0,2.0,"{""C1868801"": 4, ""C1447749"": 1}",0.7219280948873623,0.3109175070825711,0.0,C1868801,0.0,5.0,-0.6401959657669067,-0.6368025541305542,-0.6401959657669067,0.36319687962532043,0.9999994039535522
mm_0119410,BioMistral-7B,0.0,0.9999998211860656,sapbert_full_len3,5,5,0,4,False,2,0.9709505944546686,0.4181656600790516,C0005854,False,,,,,,,,,5.0,-1.1102230246251563e-16,0.081840968132019,-1.1102230246251563e-16,0.9999999642372132,0.918159008026123
mm_0119410,FLAN-T5-base,0.0,0.9999998211860656,sapbert_full_len3,5,5,0,4,False,1,-0.0,-0.0,C0005854,True,,,,,,,,,5.0,-1.1102230246251563e-16,0.001194381713867,-1.1102230246251563e-16,0.9455819606781006,0.9443875551223756
mm_0119410,Llama3-OpenBioLLM-8B,0.0,0.9999998211860656,sapbert_full_len3,5,5,0,4,False,1,-0.0,-0.0,C0005854,True,,,,,,,,,5.0,-1.1102230246251563e-16,0.1298551797866821,-1.1102230246251563e-16,0.9999999642372132,0.8701447248458862
mm_0119410,Meta-Llama-3-8B-Instruct,0.0,1.0,sapbert_full_len3,5,5,0,4,False,1,-0.0,-0.0,C0005854,True,,,,,,,,,5.0,1.788139343261719e-07,0.0004456639289855,1.788139343261719e-07,0.9833351135253906,0.9828894734382628
mm_0119410,Mistral-7B-Instruct-v0.1,0.0,1.0,sapbert_full_len3,5,5,0,4,False,1,-0.0,-0.0,C0005854,True,,,,,,,,,5.0,1.788139343261719e-07,0.000222885608673,-1.1102230246251563e-16,0.9916675209999084,0.9914445877075196
mm_0119410,PubMedBERT,0.0,1.0,sapbert_full_len3,5,5,0,4,False,1,-0.0,-0.0,C1447749,True,5.0,1.0,"{""C1447749"": 5}",-0.0,-0.0,0.0,C1447749,0.0,5.0,-0.6232290267944336,-0.6232290267944336,-0.6232290267944336,0.37677040696144104,0.9999994039535522
mm_0119805,BERT-base,0.0,1.0,sapbert_full_len3,5,5,0,4,False,1,-0.0,-0.0,C0282597,True,5.0,1.0,"{""C0282597"": 5}",-0.0,-0.0,0.0,C0282597,0.0,5.0,-0.687532901763916,-0.687532901763916,-0.687532901763916,0.3124667704105377,0.9999996423721313
mm_0119805,BioBERT,0.0,1.0,sapbert_full_len3,5,5,0,4,False,2,0.7219280948873623,0.3109175070825711,C1707887,False,5.0,2.0,"{""UMLS:C1707887"": 4, ""C1447749"": 1}",0.7219280948873623,0.3109175070825711,0.0,UMLS:C1707887,0.0,5.0,-0.6754646301269531,-0.6752051115036011,-0.6754646301269531,0.32479456067085266,0.9999996423721313
mm_0119805,BioMistral-7B,1.0,0.9999998211860656,sapbert_full_len3,5,5,0,4,False,1,-0.0,-0.0,C2717891,True,,,,,,,,,5.0,0.1224982142448424,0.1141227841377258,0.1015594601631164,0.9999999403953552,0.8858771324157715
mm_0119805,FLAN-T5-base,0.0,1.0,sapbert_full_len3,5,5,0,4,False,3,1.3709505944546687,0.5904362833084089,C4310056,False,,,,,,,,,5.0,0.2009658217430114,0.169831085205078,4.172325133167121e-07,0.9999998688697816,0.8301688432693481
mm_0119805,Llama3-OpenBioLLM-8B,1.0,1.0,sapbert_full_len3,5,5,0,4,False,1,-0.0,-0.0,C2717891,True,,,,,,,,,5.0,0.183225929737091,0.1178927540779113,0.1015594601631164,0.999999952316284,0.882107138633728
mm_0119805,Meta-Llama-3-8B-Instruct,1.0,1.0,sapbert_full_len3,5,5,0,4,False,1,-0.0,-0.0,C2717891,True,,,,,,,,,5.0,0.1224983930587768,0.1224983930587768,0.1224983930587768,1.0,0.8775016069412231
mm_0119805,Mistral-7B-Instruct-v0.1,1.0,0.9999998211860656,sapbert_full_len3,5,5,0,4,False,1,-0.0,-0.0,C2717891,True,,,,,,,,,5.0,0.1224982142448424,0.1224982142448424,0.1224982142448424,0.9999998211860656,0.8775016069412231
mm_0119805,PubMedBERT,0.0,1.0,sapbert_full_len3,5,5,0,4,False,1,-0.0,-0.0,C1447749,True,5.0,1.0,"{""C1447749"": 5}",-0.0,-0.0,0.0,C1447749,0.0,5.0,-0.6741669178009033,-0.6741669178009033,-0.6741669178009033,0.325832724571228,0.9999996423721313
mm_0120160,BERT-base,0.0,1.0,sapbert_full_len3,6,6,0,5,False,1,-0.0,-0.0,C0282597,True,6.0,1.0,"{""C0282597"": 6}",-0.0,-0.0,0.0,C0282597,0.0,6.0,-0.6522932052612305,-0.6522932052612305,-0.6522932052612305,0.34770622849464417,0.999999463558197
mm_0120160,BioBERT,0.0,1.0,sapbert_full_len3,6,6,0,5,False,2,0.6500224216483541,0.2514629985800606,C1257990,False,6.0,2.0,"{""UMLS:C1257990"": 5, ""C0059563"": 1}",0.6500224216483541,0.2514629985800606,0.0,UMLS:C1257990,0.0,6.0,-0.6186419725418091,-0.6255927085876465,-0.660346508026123,0.37440672516822815,0.999999463558197
mm_0120160,BioMistral-7B,0.0,1.0,sapbert_full_len3,6,6,0,5,False,2,0.9182958340544896,0.355245321275764,C0259846,False,,,,,,,,,6.0,0.0985223054885864,0.0328408678372701,1.788139343261719e-07,0.9999999006589254,0.9671590328216552
mm_0120160,FLAN-T5-base,0.0,0.799631655216217,sapbert_full_len3,6,6,0,5,False,4,1.9182958340544896,0.7420981285103057,C4264425,False,,,,,,,,,6.0,0.0142233967781066,-0.028445154428482,-0.0995594263076782,0.8368669748306274,0.8653121590614319
mm_0120160,Llama3-OpenBioLLM-8B,0.0,0.9353703260421752,sapbert_full_len3,6,6,0,5,False,2,0.9182958340544896,0.355245321275764,C0545239,False,,,,,,,,,6.0,0.0135170221328734,0.0048992633819578,0.0005903840065001,0.960557460784912,0.9556582570075988
mm_0120160,Meta-Llama-3-8B-Instruct,0.0,0.9349380731582642,sapbert_full_len3,6,6,0,5,False,2,0.6500224216483541,0.2514629985800606,C0201179,False,,,,,,,,,6.0,0.0103046298027038,0.0085665186246236,1.788139343261719e-07,0.94576100508372,0.937194526195526
mm_0120160,Mistral-7B-Instruct-v0.1,0.0,0.9999998211860656,sapbert_full_len3,6,6,0,5,False,1,-0.0,-0.0,C0003232,True,,,,,,,,,6.0,3.5762786854132145e-07,3.5762786854132145e-07,3.5762786854132145e-07,0.9999998211860656,0.999999463558197
mm_0120160,PubMedBERT,0.0,1.0,sapbert_full_len3,6,6,0,5,False,1,-0.0,-0.0,C0015131,True,6.0,1.0,"{""C0015131"": 6}",-0.0,-0.0,0.0,C0015131,0.0,6.0,-0.6324732303619385,-0.6324732303619385,-0.6324732303619385,0.36752620339393616,0.999999463558197
mm_0120224,BERT-base,0.0,1.0,sapbert_full_len3,5,5,0,4,False,1,-0.0,-0.0,C1312419,True,5.0,1.0,"{""C1312419"": 5}",-0.0,-0.0,0.0,C1312419,0.0,5.0,-0.6460261344909668,-0.6460261344909668,-0.6460261344909668,0.3539732098579407,0.9999993443489075
mm_0120224,BioBERT,0.0,1.0,sapbert_full_len3,5,5,0,4,False,1,-0.0,-0.0,C0317597,True,5.0,1.0,"{""C0317597"": 5}",-0.0,-0.0,0.0,C0317597,0.0,5.0,-0.11678093671798706,-0.11678093671798706,-0.11678093671798706,0.8832184076309204,0.9999993443489075
mm_0120224,BioMistral-7B,0.0,0.9999998807907104,sapbert_full_len3,5,5,0,4,False,2,0.9709505944546686,0.4181656600790516,C0022938,False,,,,,,,,,5.0,0.0136572122573852,0.0081945657730102,4.76837158203125e-07,0.999999976158142,0.9918054342269896
mm_0120224,FLAN-T5-base,0.0,0.9999998211860656,sapbert_full_len3,5,5,0,4,False,1,-0.0,-0.0,C0006837,True,,,,,,,,,5.0,2.980232237659308e-07,2.980232237659308e-07,2.980232237659308e-07,0.9999998211860656,0.9999995231628418
mm_0120224,Llama3-OpenBioLLM-8B,0.0,0.9999998211860656,sapbert_full_len3,5,5,0,4,False,1,-0.0,-0.0,C0525033,True,,,,,,,,,5.0,0.0825560688972472,0.0825560688972472,0.0825560688972472,0.9999998211860656,0.9174437522888184
mm_0120224,Meta-Llama-3-8B-Instruct,1.0,1.0,sapbert_full_len3,5,5,0,4,False,2,0.9709505944546686,0.4181656600790516,C0022940,False,,,,,,,,,5.0,0.1605485677719116,0.1318464040756225,0.0887931585311889,1.0,0.8681535720825195
mm_0120224,Mistral-7B-Instruct-v0.1,0.0,1.0,sapbert_full_len3,5,5,0,4,False,1,-0.0,-0.0,C0081786,True,,,,,,,,,5.0,0.1069912910461425,0.1069912910461425,0.1069912910461425,1.0,0.8930087089538574
mm_0120224,PubMedBERT,0.0,1.0,sapbert_full_len3,5,5,0,4,False,2,0.9709505944546686,0.4181656600790516,C1447749,False,5.0,2.0,"{""C1447749"": 3, ""C1839576"": 2}",0.9709505944546686,0.4181656600790516,0.0,C1447749,0.0,5.0,-0.6814254522323608,-0.6812841296195984,-0.6814254522323608,0.3187152147293091,0.9999993443489075
mm_0120578,BERT-base,0.0,1.0,sapbert_full_len3,6,6,0,5,False,2,0.9182958340544896,0.355245321275764,C0242193,False,6.0,2.0,"{""UMLS:C0242193"": 4, ""C1447749"": 2}",0.9182958340544896,0.355245321275764,0.0,UMLS:C0242193,0.0,6.0,-0.6373651027679443,-0.6264188289642334,-0.6373651027679443,0.34525397419929504,0.9716728329658508
mm_0120578,BioBERT,0.0,1.0,sapbert_full_len3,6,6,0,5,False,1,-0.0,-0.0,C1257990,True,6.0,1.0,"{""UMLS:C1257990"": 6}",-0.0,-0.0,0.0,UMLS:C1257990,0.0,6.0,-0.7373136281967163,-0.7373135685920715,-0.7373136281967163,0.23435921967029572,0.9716728329658508
mm_0120578,BioMistral-7B,0.0,0.7285941243171692,sapbert_full_len3,6,6,0,5,False,2,0.9182958340544896,0.355245321275764,C0242970,False,,,,,,,,,6.0,-0.2237890362739563,-0.1491924524307251,-0.2237890362739563,0.8190627495447794,0.9682552218437196
mm_0120578,FLAN-T5-base,0.0,0.7285941243171692,sapbert_full_len3,6,6,0,5,False,1,-0.0,-0.0,C0242970,True,,,,,,,,,6.0,-0.2237890362739563,-0.2237890362739563,-0.2237890362739563,0.7285941243171692,0.9523831009864808
mm_0120578,Llama3-OpenBioLLM-8B,0.0,0.8085179924964905,sapbert_full_len3,6,6,0,5,False,2,0.9182958340544896,0.355245321275764,C0001527,False,,,,,,,,,6.0,-0.0023742318153381,0.0056409438451131,-0.0023742318153381,0.8150293827056885,0.8093883991241455
mm_0120578,Meta-Llama-3-8B-Instruct,0.0,1.0,sapbert_full_len3,6,6,0,5,False,1,-0.0,-0.0,C0005891,True,,,,,,,,,6.0,0.0756680965423584,0.0756678481896717,0.0756677985191344,0.9999997516473136,0.9243318438529968
mm_0120578,Mistral-7B-Instruct-v0.1,0.0,0.8170393705368042,sapbert_full_len3,6,6,0,5,False,2,0.6500224216483541,0.2514629985800606,C0342943,False,,,,,,,,,6.0,-0.0095473527908325,-0.0083447694778442,-0.0095473527908325,0.8156262040138245,0.8239709734916687
mm_0120578,PubMedBERT,0.0,1.0,sapbert_full_len3,6,6,0,5,False,1,-0.0,-0.0,C1447749,True,6.0,1.0,"{""C1447749"": 6}",-0.0,-0.0,0.0,C1447749,0.0,6.0,-0.6045262813568115,-0.6045262813568115,-0.6045262813568115,0.3671465218067169,0.9716728329658508
mm_0121914,BERT-base,0.0,1.0,sapbert_full_len3,6,6,0,5,False,1,-0.0,-0.0,C1257990,True,6.0,1.0,"{""UMLS:C1257990"": 6}",-0.0,-0.0,0.0,UMLS:C1257990,0.0,6.0,-0.7179628610610962,-0.717962920665741,-0.7179628610610962,0.2820369303226471,0.9999997615814209
mm_0121914,BioBERT,0.0,1.0,sapbert_full_len3,6,6,0,5,False,1,-0.0,-0.0,C1257990,True,6.0,1.0,"{""UMLS:C1257990"": 6}",-0.0,-0.0,0.0,UMLS:C1257990,0.0,6.0,-0.7179628610610962,-0.717962920665741,-0.7179628610610962,0.2820369303226471,0.9999997615814209
mm_0121914,BioMistral-7B,0.0,1.0,sapbert_full_len3,6,6,0,5,False,1,-0.0,-0.0,C0029974,True,,,,,,,,,6.0,0.1204478740692138,0.1150797406832377,0.0882390737533569,1.0,0.8849202990531921
mm_0121914,FLAN-T5-base,0.0,1.0,sapbert_full_len3,6,6,0,5,False,1,-0.0,-0.0,C0029974,True,,,,,,,,,6.0,0.1204478740692138,0.1204478740692138,0.1204478740692138,1.0,0.8795520663261414
mm_0121914,Llama3-OpenBioLLM-8B,1.0,1.0000001192092896,sapbert_full_len3,6,6,0,5,False,2,0.6500224216483541,0.2514629985800606,C0029045,False,,,,,,,,,6.0,0.02729332447052,0.0227443476517995,4.172325134277344e-07,0.9999999205271404,0.9772555828094482
mm_0121914,Meta-Llama-3-8B-Instruct,0.0,1.0,sapbert_full_len3,6,6,0,5,False,1,-0.0,-0.0,C0029974,True,,,,,,,,,6.0,0.1471208930015564,0.1471208930015564,0.1471208930015564,1.0,0.8528791069984436
mm_0121914,Mistral-7B-Instruct-v0.1,0.0,1.0,sapbert_full_len3,6,6,0,5,False,1,-0.0,-0.0,C0029974,True,,,,,,,,,6.0,0.2590420842170715,0.2590420842170715,0.2590420842170715,1.0,0.7409579157829285
mm_0121914,PubMedBERT,0.0,1.0,sapbert_full_len3,6,6,0,5,False,1,-0.0,-0.0,C1707887,True,6.0,1.0,"{""UMLS:C1707887"": 6}",-0.0,-0.0,0.0,UMLS:C1707887,0.0,6.0,-0.680100679397583,-0.680100679397583,-0.680100679397583,0.3198990523815155,0.9999997615814209
mm_0123151,BERT-base,0.0,1.0,sapbert_full_len3,7,7,0,6,False,2,0.9852281360342516,0.3509453429964405,C0242193,False,7.0,2.0,"{""UMLS:C0242193"": 4, ""UMLS:C1257990"": 3}",0.9852281360342516,0.3509453429964405,0.0,UMLS:C0242193,0.0,7.0,-0.44234544038772583,-0.5471141338348389,-0.6868057250976562,0.45288538932800293,0.9999995231628418
mm_0123151,BioBERT,0.0,1.0,sapbert_full_len3,7,7,0,6,False,2,0.5916727785823275,0.2107580961471984,C1839576,False,7.0,2.0,"{""C1839576"": 6, ""UMLS:C1707887"": 1}",0.5916727785823275,0.2107580961471984,0.0,C1839576,0.0,7.0,-0.6338137984275818,-0.632845401763916,-0.6338137984275818,0.3671541213989258,0.9999995231628418
mm_0123151,BioMistral-7B,0.0,0.9999998807907104,sapbert_full_len3,7,7,0,6,False,1,-0.0,-0.0,C0020538,True,,,,,,,,,7.0,0.0221321582794189,0.0221321582794189,0.0221321582794189,0.9999998807907104,0.9778676629066468
mm_0123151,FLAN-T5-base,0.0,0.9999998807907104,sapbert_full_len3,7,7,0,6,False,1,-0.0,-0.0,C0020538,True,,,,,,,,,7.0,4.76837158203125e-07,5.790165492466517e-07,4.76837158203125e-07,0.9999999829701016,0.999999463558197
mm_0123151,Llama3-OpenBioLLM-8B,0.0,0.9999992847442628,sapbert_full_len3,7,7,0,6,False,2,0.863120568566631,0.3074497498641964,C0002783,False,,,,,,,,,7.0,0.0757442116737366,0.1025366187095642,0.0757442116737366,0.9999994891030448,0.8974628448486328
mm_0123151,Meta-Llama-3-8B-Instruct,0.0,1.0,sapbert_full_len3,7,7,0,6,False,1,-0.0,-0.0,C0700287,True,,,,,,,,,7.0,0.0994467735290527,0.0994467735290527,0.0994467735290527,1.0,0.9005532264709473
mm_0123151,Mistral-7B-Instruct-v0.1,0.0,1.0,sapbert_full_len3,7,7,0,6,False,1,-0.0,-0.0,C0700287,True,,,,,,,,,7.0,0.0994467735290527,0.0994467735290527,0.0994467735290527,1.0,0.9005532264709473
mm_0123151,PubMedBERT,0.0,1.0,sapbert_full_len3,7,7,0,6,False,1,-0.0,-0.0,C1839576,True,7.0,1.0,"{""C1839576"": 7}",-0.0,-0.0,0.0,C1839576,0.0,7.0,-0.6338137984275818,-0.6338137984275818,-0.6338137984275818,0.36618572473526,0.9999995231628418
mm_0123712,BERT-base,0.0,1.0,sapbert_full_len3,6,6,0,5,False,2,0.9182958340544896,0.355245321275764,C1257990,False,6.0,2.0,"{""UMLS:C1257990"": 4, ""C1312419"": 2}",0.9182958340544896,0.355245321275764,0.0,UMLS:C1257990,0.0,6.0,-0.7470839619636536,-0.7326898574829102,-0.7470839619636536,0.2673098146915436,0.9999997019767761
mm_0123712,BioBERT,0.0,1.0,sapbert_full_len3,6,6,0,5,False,2,0.9182958340544896,0.355245321275764,C1257990,False,6.0,2.0,"{""UMLS:C1257990"": 4, ""C1312419"": 2}",0.9182958340544896,0.355245321275764,0.0,UMLS:C1257990,0.0,6.0,-0.7470839619636536,-0.7326898574829102,-0.7470839619636536,0.2673098146915436,0.9999997019767761
mm_0123712,BioMistral-7B,0.0,1.0,sapbert_full_len3,6,6,0,5,False,1,-0.0,-0.0,C0042769,True,,,,,,,,,6.0,0.1505882740020752,0.1505882740020752,0.1505882740020752,1.0,0.8494117856025696
mm_0123712,FLAN-T5-base,0.0,0.9907368421554564,sapbert_full_len3,6,6,0,5,False,2,1.0,0.3868528072345416,C0042769,False,,,,,,,,,6.0,-0.0092629790306092,-0.0046293437480926,-0.0092629790306092,0.9953705668449402,0.9999998211860656
mm_0123712,Llama3-OpenBioLLM-8B,0.0,0.9999997615814208,sapbert_full_len3,6,6,0,5,False,2,0.6500224216483541,0.2514629985800606,C1752856,False,,,,,,,,,6.0,0.1312111616134642,0.1140492558479308,3.5762786865234375e-07,0.9999998609224956,0.8859505653381348
mm_0123712,Meta-Llama-3-8B-Instruct,0.0,1.0,sapbert_full_len3,6,6,0,5,False,3,1.4591479170272446,0.5644754678724235,C0021747,False,,,,,,,,,6.0,5.960464477539062e-07,0.03328138589859,3.5762786854132145e-07,0.9999999006589254,0.9667184948921204
mm_0123712,Mistral-7B-Instruct-v0.1,0.0,1.0,sapbert_full_len3,6,6,0,5,False,2,0.6500224216483541,0.2514629985800606,C0042769,False,,,,,,,,,6.0,0.1325632333755493,0.1104694207509358,3.5762786854132145e-07,0.9999999602635702,0.889530599117279
mm_0123712,PubMedBERT,0.0,1.0,sapbert_full_len3,6,6,0,5,False,1,-0.0,-0.0,C1447749,True,6.0,1.0,"{""C1447749"": 6}",-0.0,-0.0,0.0,C1447749,0.0,6.0,-0.6508612632751465,-0.6508612632751465,-0.6508612632751465,0.34913840889930725,0.9999997019767761
mm_0123740,BERT-base,0.0,1.0,sapbert_full_len3,5,5,0,4,False,1,-0.0,-0.0,C1312419,True,5.0,1.0,"{""C1312419"": 5}",-0.0,-0.0,0.0,C1312419,0.0,5.0,-0.6797084212303162,-0.6797084212303162,-0.6797084212303162,0.3202912211418152,0.9999996423721313
mm_0123740,BioBERT,0.0,1.0,sapbert_full_len3,5,5,0,4,False,1,-0.0,-0.0,C1312419,True,5.0,1.0,"{""C1312419"": 5}",-0.0,-0.0,0.0,C1312419,0.0,5.0,-0.6797084212303162,-0.6797084212303162,-0.6797084212303162,0.3202912211418152,0.9999996423721313
mm_0123740,BioMistral-7B,1.0,1.0,sapbert_full_len3,5,5,0,4,False,1,-0.0,-0.0,C3714514,True,,,,,,,,,5.0,0.1667028069496154,0.1300034165382385,0.0715878009796142,1.0,0.8699966669082642
mm_0123740,FLAN-T5-base,1.0,1.0,sapbert_full_len3,5,5,0,4,False,1,-0.0,-0.0,C3714514,True,,,,,,,,,5.0,0.1505882740020752,0.1505882740020752,0.1505882740020752,1.0,0.8494117856025696
mm_0123740,Llama3-OpenBioLLM-8B,0.0,1.0,sapbert_full_len3,5,5,0,4,False,2,0.9709505944546686,0.4181656600790516,C0870883,False,,,,,,,,,5.0,0.1555604934692382,0.0933363437652587,2.980232238769531e-07,0.9999998807907104,0.9066635370254515
mm_0123740,Meta-Llama-3-8B-Instruct,0.0,1.0,sapbert_full_len3,5,5,0,4,False,2,0.9709505944546686,0.4181656600790516,C0870883,False,,,,,,,,,5.0,0.1555604934692382,0.1279870510101318,0.0866268873214721,1.0,0.8720129132270813
mm_0123740,Mistral-7B-Instruct-v0.1,0.0,0.9999998211860656,sapbert_full_len3,5,5,0,4,False,2,0.9709505944546686,0.4181656600790516,C0870883,False,,,,,,,,,5.0,0.1555603146553038,0.1279869437217711,0.0866268873214721,0.9999998927116394,0.8720129132270813
mm_0123740,PubMedBERT,0.0,1.0,sapbert_full_len3,5,5,0,4,False,1,-0.0,-0.0,C1447749,True,5.0,1.0,"{""C1447749"": 5}",-0.0,-0.0,0.0,C1447749,0.0,5.0,-0.7152333855628967,-0.7152333855628967,-0.7152333855628967,0.2847662568092346,0.9999996423721313
mm_0123877,BERT-base,0.0,1.0,sapbert_full_len3,6,6,0,5,False,1,-0.0,-0.0,C1447749,True,6.0,1.0,"{""C1447749"": 6}",-0.0,-0.0,0.0,C1447749,0.0,6.0,-0.631514847278595,-0.631514847278595,-0.631514847278595,0.36848458647727966,0.9999993443489075
mm_0123877,BioBERT,1.0,1.0,sapbert_full_len3,6,6,0,5,False,1,-0.0,-0.0,C0018081,True,6.0,1.0,"{""C0018081"": 6}",-0.0,-0.0,0.0,C0018081,0.0,6.0,0.10314559936523438,0.10314559936523438,0.10314559936523438,0.9999993443489075,0.8968537449836731
mm_0123877,BioMistral-7B,0.0,0.9999999403953552,sapbert_full_len3,6,6,0,5,False,1,-0.0,-0.0,C0008149,True,,,,,,,,,6.0,3.5762786865234375e-07,5.066394805908203e-07,3.5762786865234375e-07,1.0000000894069672,0.9999995827674866
mm_0123877,FLAN-T5-base,0.0,1.0,sapbert_full_len3,6,6,0,5,False,2,0.6500224216483541,0.2514629985800606,C0036658,False,,,,,,,,,6.0,2.384185791015625e-07,0.0171912511189778,2.384185791015625e-07,1.0000000198682149,0.9828088283538818
mm_0123877,Llama3-OpenBioLLM-8B,1.0,1.0,sapbert_full_len3,6,6,0,5,False,1,-0.0,-0.0,C0018081,True,,,,,,,,,6.0,0.2865523099899292,0.2865523099899292,0.2865523099899292,1.0,0.713447630405426
mm_0123877,Meta-Llama-3-8B-Instruct,1.0,1.0,sapbert_full_len3,6,6,0,5,False,1,-0.0,-0.0,C0018081,True,,,,,,,,,6.0,0.2865523099899292,0.2451904416084289,0.0383810997009277,1.0,0.754809558391571
mm_0123877,Mistral-7B-Instruct-v0.1,0.0,0.9822572469711304,sapbert_full_len3,6,6,0,5,False,3,1.4591479170272448,0.5644754678724236,C0018081,False,,,,,,,,,6.0,0.0761134624481201,0.0170533061027526,-0.0322747826576232,0.9360405604044596,0.918987274169922
mm_0123877,PubMedBERT,0.0,1.0,sapbert_full_len3,6,6,0,5,False,1,-0.0,-0.0,C1839576,True,6.0,1.0,"{""C1839576"": 6}",-0.0,-0.0,0.0,C1839576,0.0,6.0,-0.5488920211791992,-0.5488920211791992,-0.5488920211791992,0.451107382774353,0.9999993443489075
mm_0124157,BERT-base,0.0,1.0,sapbert_full_len3,7,7,0,6,False,1,-0.0,-0.0,C1257990,True,7.0,1.0,"{""UMLS:C1257990"": 7}",-0.0,-0.0,0.0,UMLS:C1257990,0.0,7.0,-0.7024064064025879,-0.7024064064025879,-0.7024064064025879,0.2975933849811554,0.9999997019767761
mm_0124157,BioBERT,0.0,1.0,sapbert_full_len3,7,7,0,6,False,2,0.863120568566631,0.3074497498641964,C1447749,False,7.0,2.0,"{""C1447749"": 5, ""C1257738"": 2}",0.863120568566631,0.3074497498641964,0.0,C1447749,0.0,7.0,-0.6545832753181458,-0.6595417261123657,-0.6719378232955933,0.34045806527137756,0.9999997019767761
mm_0124157,BioMistral-7B,0.0,0.9999998807907104,sapbert_full_len3,7,7,0,6,False,1,-0.0,-0.0,C1034337,True,,,,,,,,,7.0,4.172325134277344e-07,5.194119044712611e-07,4.172325134277344e-07,0.9999999829701016,0.999999463558197
mm_0124157,FLAN-T5-base,0.0,1.0,sapbert_full_len3,7,7,0,6,False,2,0.863120568566631,0.3074497498641964,C1034337,False,,,,,,,,,7.0,5.364418029785156e-07,5.023820059640067e-07,4.172325134277344e-07,1.0,0.999999463558197
mm_0124157,Llama3-OpenBioLLM-8B,1.0,1.0,sapbert_full_len3,7,7,0,6,False,4,1.6644977792004614,0.5929060718765461,C0439792,False,,,,,,,,,7.0,0.0692068934440612,0.1392195905957903,3.5762786865234375e-07,0.999999965940203,0.8607803583145142
mm_0124157,Meta-Llama-3-8B-Instruct,1.0,1.0,sapbert_full_len3,7,7,0,6,False,2,0.863120568566631,0.3074497498641964,C0439792,False,,,,,,,,,7.0,0.2350207567214965,0.1678720882960728,4.172325134277344e-07,0.999999965940203,0.8321279287338257
mm_0124157,Mistral-7B-Instruct-v0.1,0.0,0.9999999403953552,sapbert_full_len3,7,7,0,6,False,2,0.863120568566631,0.3074497498641964,C0036576,False,,,,,,,,,7.0,3.5762786865234375e-07,4.427773611886161e-07,3.5762786865234375e-07,0.9999999914850508,0.9999995231628418
mm_0124157,PubMedBERT,0.0,1.0,sapbert_full_len3,7,7,0,6,False,1,-0.0,-0.0,C1839576,True,7.0,1.0,"{""C1839576"": 7}",-0.0,-0.0,0.0,C1839576,0.0,7.0,-0.6325571537017822,-0.632557213306427,-0.6325571537017822,0.36744260787963867,0.9999997019767761
mm_0124433,BERT-base,0.0,1.0,sapbert_full_len3,4,4,0,3,False,1,-0.0,-0.0,C1257990,True,4.0,1.0,"{""UMLS:C1257990"": 4}",-0.0,-0.0,0.0,UMLS:C1257990,0.0,4.0,-0.4332478940486908,-0.4332478940486908,-0.4332478940486908,0.39874544739723206,0.8319933414459229
mm_0124433,BioBERT,0.0,1.0,sapbert_full_len3,4,4,0,3,False,1,-0.0,-0.0,C1257990,True,4.0,1.0,"{""UMLS:C1257990"": 4}",-0.0,-0.0,0.0,UMLS:C1257990,0.0,4.0,-0.4332478940486908,-0.4332478940486908,-0.4332478940486908,0.39874544739723206,0.8319933414459229
mm_0124433,BioMistral-7B,0.0,1.0,sapbert_full_len3,4,4,0,3,False,1,-0.0,-0.0,C1262313,True,,,,,,,,,4.0,0.1179037094116211,0.1179037094116211,0.1179037094116211,1.0,0.8820962905883789
mm_0124433,FLAN-T5-base,0.0,1.0,sapbert_full_len3,4,4,0,3,False,2,0.8112781244591328,0.4056390622295664,C0009450,False,,,,,,,,,4.0,0.1179037094116211,0.0294761955738066,3.5762786854132145e-07,0.9999998211860656,0.9705235958099364
mm_0124433,Llama3-OpenBioLLM-8B,0.0,0.8493956923484802,sapbert_full_len3,4,4,0,3,False,1,-0.0,-0.0,C3646462,True,,,,,,,,,4.0,0.0402804613113403,0.0402892678976058,0.0402804613113403,0.8494044989347458,0.8091152310371399
mm_0124433,Meta-Llama-3-8B-Instruct,0.0,1.0,sapbert_full_len3,4,4,0,3,False,1,-0.0,-0.0,C1262313,True,,,,,,,,,4.0,0.117866575717926,0.117866575717926,0.117866575717926,1.0,0.882133424282074
mm_0124433,Mistral-7B-Instruct-v0.1,0.0,0.9999998211860656,sapbert_full_len3,4,4,0,3,False,1,-0.0,-0.0,C1262313,True,,,,,,,,,4.0,0.1178663969039915,0.1178663969039915,0.1178663969039915,0.9999998211860656,0.882133424282074
mm_0124433,PubMedBERT,0.0,1.0,sapbert_full_len3,4,4,0,3,False,1,-0.0,-0.0,C1839576,True,4.0,1.0,"{""C1839576"": 4}",-0.0,-0.0,0.0,C1839576,0.0,4.0,-0.44659870862960815,-0.44659870862960815,-0.44659870862960815,0.3853946328163147,0.8319933414459229
mm_0124748,BERT-base,0.0,1.0,sapbert_full_len3,7,7,0,6,False,3,1.3787834934861751,0.4911325898456825,C1257990,False,7.0,3.0,"{""UMLS:C1257990"": 4, ""C1839576"": 1, ""UMLS:C0444254"": 2}",1.3787834934861751,0.4911325898456825,0.0,UMLS:C1257990,0.0,7.0,-0.6871269345283508,-0.717560350894928,-0.7787082195281982,0.2824387848377228,0.9999991655349731
mm_0124748,BioBERT,0.0,1.0,sapbert_full_len3,7,7,0,6,False,1,-0.0,-0.0,C2919551,True,7.0,1.0,"{""UMLS:C2919551"": 7}",-0.0,-0.0,0.0,UMLS:C2919551,0.0,7.0,-0.4725496768951416,-0.4725496768951416,-0.4725496768951416,0.5274494886398315,0.9999991655349731
mm_0124748,BioMistral-7B,0.0,1.0,sapbert_full_len3,7,7,0,6,False,1,-0.0,-0.0,C0589120,True,,,,,,,,,7.0,0.1126304864883422,0.1126304864883422,0.1126304864883422,1.0,0.8873695731163025
mm_0124748,FLAN-T5-base,0.0,1.0,sapbert_full_len3,7,7,0,6,False,1,-0.0,-0.0,C0589120,True,,,,,,,,,7.0,0.1126304864883422,0.1126304864883422,0.1126304864883422,1.0,0.8873695731163025
mm_0124748,Llama3-OpenBioLLM-8B,0.0,0.9999997615814208,sapbert_full_len3,7,7,0,6,False,2,0.9852281360342516,0.3509453429964405,C0589120,False,,,,,,,,,7.0,-1.1102230246251563e-16,3.40597970034067e-07,-1.1102230246251563e-16,0.9999997615814208,0.999999463558197
mm_0124748,Meta-Llama-3-8B-Instruct,0.0,1.0,sapbert_full_len3,7,7,0,6,False,2,0.863120568566631,0.3074497498641964,C1458156,False,,,,,,,,,7.0,2.384185791015625e-07,0.0074456078665596,-1.1102230246251563e-16,0.999999829701015,0.992554247379303
mm_0124748,Mistral-7B-Instruct-v0.1,0.0,0.9999997615814208,sapbert_full_len3,7,7,0,6,False,3,1.5566567074628228,0.5544923070581674,C1458156,False,,,,,,,,,7.0,-1.1102230246251563e-16,0.0389392205647059,-1.1102230246251563e-16,0.9999997956412178,0.961060643196106
mm_0124748,PubMedBERT,0.0,1.0,sapbert_full_len3,7,7,0,6,False,1,-0.0,-0.0,C1839576,True,7.0,1.0,"{""C1839576"": 7}",-0.0,-0.0,0.0,C1839576,0.0,7.0,-0.7169985175132751,-0.7169985175132751,-0.7169985175132751,0.283000648021698,0.9999991655349731
mm_0124804,BERT-base,0.0,1.0,sapbert_full_len3,7,7,0,6,False,3,1.448815635725185,0.516078542239789,C0203378,False,7.0,3.0,"{""C0203378"": 3, ""UMLS:C1707887"": 1, ""C0242913"": 3}",1.448815635725185,0.516078542239789,0.0,C0203378,1.0,7.0,-0.5793008804321289,-0.5423897504806519,-0.5793008804321289,0.4576098620891571,0.9999995827674866
mm_0124804,BioBERT,0.0,1.0,sapbert_full_len3,7,7,0,6,False,3,1.5566567074628228,0.5544923070581674,C0038441,False,7.0,3.0,"{""C0038441"": 3, ""UMLS:C1707887"": 2, ""UMLS:C1257990"": 2}",1.5566567074628228,0.5544923070581674,0.0,C0038441,1.0,7.0,-0.6924989819526672,-0.6231530904769897,-0.7380911111831665,0.3768464922904968,0.9999995827674866
mm_0124804,BioMistral-7B,0.0,0.9999998211860656,sapbert_full_len3,7,7,0,6,False,1,-0.0,-0.0,C3178745,True,,,,,,,,,7.0,0.0942968130111693,0.0942969662802559,0.0942968130111693,0.9999999744551522,0.9057030081748962
mm_0124804,FLAN-T5-base,0.0,1.0,sapbert_full_len3,7,7,0,6,False,3,1.3787834934861751,0.4911325898456825,C0030193,False,,,,,,,,,7.0,4.76837158203125e-07,4.512923104422433e-07,2.980232238769531e-07,1.000000034059797,0.9999995827674866
mm_0124804,Llama3-OpenBioLLM-8B,0.0,0.9999998211860656,sapbert_full_len3,7,7,0,6,False,2,0.863120568566631,0.3074497498641964,C3178745,False,,,,,,,,,7.0,0.0942968130111693,0.0974874666758944,0.0942968130111693,0.9999998041561672,0.9025123715400696
mm_0124804,Meta-Llama-3-8B-Instruct,0.0,0.9999998211860656,sapbert_full_len3,7,7,0,6,False,1,-0.0,-0.0,C3178745,True,,,,,,,,,7.0,0.0942968130111693,0.0942968130111693,0.0942968130111693,0.9999998211860656,0.9057030081748962
mm_0124804,Mistral-7B-Instruct-v0.1,0.0,0.9999998211860656,sapbert_full_len3,7,7,0,6,False,1,-0.0,-0.0,C3178745,True,,,,,,,,,7.0,0.0942968130111693,0.0942969662802559,0.0942968130111693,0.9999999744551522,0.9057030081748962
mm_0124804,PubMedBERT,0.0,1.0,sapbert_full_len3,7,7,0,6,False,1,-0.0,-0.0,C0681906,True,7.0,1.0,"{""UMLS:C0681906"": 7}",-0.0,-0.0,0.0,UMLS:C0681906,0.0,7.0,-0.5649881362915039,-0.5649881362915039,-0.5649881362915039,0.43501144647598267,0.9999995827674866
mm_0124847,BERT-base,0.0,1.0,sapbert_full_len3,5,5,0,4,False,1,-0.0,-0.0,C0027609,True,5.0,1.0,"{""C0027609"": 5}",-0.0,-0.0,0.0,C0027609,0.0,5.0,-0.6719719767570496,-0.6719719767570496,-0.6719719767570496,0.328027606010437,0.9999996423721313
mm_0124847,BioBERT,0.0,1.0,sapbert_full_len3,5,5,0,4,False,2,0.7219280948873623,0.3109175070825711,C1447749,False,5.0,2.0,"{""C1447749"": 4, ""C0027609"": 1}",0.7219280948873623,0.3109175070825711,0.0,C1447749,0.0,5.0,-0.5082941651344299,-0.5410297513008118,-0.6719719767570496,0.4589698910713196,0.9999996423721313
mm_0124847,BioMistral-7B,0.0,0.9999991655349731,sapbert_full_len3,5,5,0,4,False,3,1.521928094887362,0.6554587535412855,C0042024,False,,,,,,,,,5.0,0.052318274974823,0.0359741330146789,2.384185791015625e-07,0.9999997854232788,0.964025616645813
mm_0124847,FLAN-T5-base,0.0,0.9999998807907104,sapbert_full_len3,5,5,0,4,False,1,-0.0,-0.0,C0231238,True,,,,,,,,,5.0,0.0565026998519897,0.0565026998519897,0.0565026998519897,0.9999998807907104,0.9434971809387208
mm_0124847,Llama3-OpenBioLLM-8B,0.0,0.9999991655349731,sapbert_full_len3,5,5,0,4,False,1,-0.0,-0.0,C0549622,True,,,,,,,,,5.0,0.052318274974823,0.052318274974823,0.052318274974823,0.9999991655349731,0.9476808309555054
mm_0124847,Meta-Llama-3-8B-Instruct,0.0,1.0,sapbert_full_len3,5,5,0,4,False,1,-0.0,-0.0,C0549622,True,,,,,,,,,5.0,0.0523191094398498,0.0523191094398498,0.0523191094398498,1.0,0.9476808309555054
mm_0124847,Mistral-7B-Instruct-v0.1,0.0,1.0,sapbert_full_len3,5,5,0,4,False,1,-0.0,-0.0,C0021167,True,,,,,,,,,5.0,0.0637759566307067,0.0637758612632751,0.0637758374214172,0.9999999046325684,0.936224102973938
mm_0124847,PubMedBERT,0.0,1.0,sapbert_full_len3,5,5,0,4,False,2,0.7219280948873623,0.3109175070825711,C1447749,False,5.0,2.0,"{""C1447749"": 4, ""C1839576"": 1}",0.7219280948873623,0.3109175070825711,0.0,C1447749,0.0,5.0,-0.5082941651344299,-0.527561604976654,-0.6046314239501953,0.47243794798851013,0.9999996423721313
mm_0124918,BERT-base,0.0,1.0,sapbert_full_len3,7,7,0,6,False,2,0.863120568566631,0.3074497498641964,C1447749,False,7.0,2.0,"{""C1447749"": 5, ""UMLS:C1257990"": 2}",0.863120568566631,0.3074497498641964,0.0,C1447749,0.0,7.0,-0.6195513010025024,-0.6546206474304199,-0.7422939538955688,0.3453788757324219,0.9999995231628418
mm_0124918,BioBERT,0.0,1.0,sapbert_full_len3,7,7,0,6,False,1,-0.0,-0.0,C1257990,True,7.0,1.0,"{""UMLS:C1257990"": 7}",-0.0,-0.0,0.0,UMLS:C1257990,0.0,7.0,-0.7422939538955688,-0.7422939538955688,-0.7422939538955688,0.25770553946495056,0.9999995231628418
mm_0124918,BioMistral-7B,1.0,1.0,sapbert_full_len3,7,7,0,6,False,1,-0.0,-0.0,C0006104,True,,,,,,,,,7.0,0.0864107608795166,0.0864107608795166,0.0864107608795166,1.0,0.913589358329773
mm_0124918,FLAN-T5-base,0.0,1.0000001192092896,sapbert_full_len3,7,7,0,6,False,2,0.863120568566631,0.3074497498641964,C0022116,False,,,,,,,,,7.0,5.364418029785156e-07,0.0296827469553266,5.364418029785156e-07,1.0000000510896956,0.9703173041343688
mm_0124918,Llama3-OpenBioLLM-8B,0.0,0.9999998807907104,sapbert_full_len3,7,7,0,6,False,1,-0.0,-0.0,C0598958,True,,,,,,,,,7.0,0.0692481398582458,0.0692481398582458,0.0692481398582458,0.9999998807907104,0.9307517409324646
mm_0124918,Meta-Llama-3-8B-Instruct,1.0,1.0,sapbert_full_len3,7,7,0,6,False,1,-0.0,-0.0,C0006104,True,,,,,,,,,7.0,0.0864107608795166,0.0864107608795166,0.0864107608795166,1.0,0.913589358329773
mm_0124918,Mistral-7B-Instruct-v0.1,0.0,0.9999998807907104,sapbert_full_len3,7,7,0,6,False,3,1.5566567074628228,0.5544923070581674,C0007785,False,,,,,,,,,7.0,1.788139343261719e-07,0.0299924526895795,1.788139343261719e-07,0.999999863760812,0.9700073599815368
mm_0124918,PubMedBERT,0.0,1.0,sapbert_full_len3,7,7,0,6,False,1,-0.0,-0.0,C1839576,True,7.0,1.0,"{""C1839576"": 7}",-0.0,-0.0,0.0,C1839576,0.0,7.0,-0.7075252532958984,-0.7075252532958984,-0.7075252532958984,0.29247426986694336,0.9999995231628418
mm_0125021,BERT-base,0.0,1.0,sapbert_full_len3,7,7,0,6,False,1,-0.0,-0.0,C1447749,True,7.0,1.0,"{""C1447749"": 7}",-0.0,-0.0,0.0,C1447749,0.0,7.0,-0.6061068177223206,-0.6061068177223206,-0.6061068177223206,0.3938930034637451,0.9999998211860657
mm_0125021,BioBERT,0.0,1.0,sapbert_full_len3,7,7,0,6,False,2,0.863120568566631,0.3074497498641964,C1370369,False,7.0,2.0,"{""C1370369"": 5, ""C1447749"": 2}",0.863120568566631,0.3074497498641964,0.0,C1370369,0.0,7.0,-0.5755294561386108,-0.5842658281326294,-0.6061068177223206,0.4157339930534363,0.9999998211860657
mm_0125021,BioMistral-7B,0.0,0.9999998807907104,sapbert_full_len3,7,7,0,6,False,2,0.5916727785823275,0.2107580961471984,C0011849,False,,,,,,,,,7.0,0.0306992530822753,0.0538499866213117,0.0306992530822753,0.9999999829701016,0.946150004863739
mm_0125021,FLAN-T5-base,0.0,1.0,sapbert_full_len3,7,7,0,6,False,2,0.9852281360342516,0.3509453429964405,C0011849,False,,,,,,,,,7.0,0.0306993722915649,0.0668141841888427,0.0306992530822753,0.9999999489103044,0.9331856966018676
mm_0125021,Llama3-OpenBioLLM-8B,0.0,0.9999998211860656,sapbert_full_len3,7,7,0,6,False,3,1.448815635725185,0.516078542239789,C0242492,False,,,,,,,,,7.0,0.1283963918685912,0.1070859687668936,0.0319021940231323,0.9999999744551522,0.8929139971733093
mm_0125021,Meta-Llama-3-8B-Instruct,0.0,0.9999998807907104,sapbert_full_len3,7,7,0,6,False,2,0.5916727785823275,0.2107580961471984,C0011849,False,,,,,,,,,7.0,0.0306992530822753,0.0468888367925371,0.0306992530822753,0.9999999829701016,0.953111171722412
mm_0125021,Mistral-7B-Instruct-v0.1,0.0,0.9999998807907104,sapbert_full_len3,7,7,0,6,False,2,0.5916727785823275,0.2107580961471984,C0011849,False,,,,,,,,,7.0,0.0306992530822753,0.0538499014718191,0.0306992530822753,0.9999998978206088,0.946150004863739
mm_0125021,PubMedBERT,0.0,1.0,sapbert_full_len3,7,7,0,6,False,1,-0.0,-0.0,C1999375,True,7.0,1.0,"{""C1999375"": 7}",-0.0,-0.0,0.0,C1999375,0.0,7.0,-0.6879444122314453,-0.6879444122314453,-0.6879444122314453,0.312055379152298,0.9999998211860657
mm_0125530,BERT-base,0.0,1.0,sapbert_full_len3,8,8,0,7,False,2,0.5435644431995964,0.1811881477331988,C1257990,False,8.0,2.0,"{""UMLS:C1257990"": 7, ""C0021665"": 1}",0.5435644431995964,0.1811881477331988,0.0,UMLS:C1257990,0.0,8.0,-0.7224595546722412,-0.6929506063461304,-0.7224595546722412,0.30704888701438904,0.9999995231628418
mm_0125530,BioBERT,0.0,1.0,sapbert_full_len3,8,8,0,7,False,1,-0.0,-0.0,C0358514,True,8.0,1.0,"{""UMLS:C0358514"": 8}",-0.0,-0.0,0.0,UMLS:C0358514,0.0,8.0,-0.693448007106781,-0.693448007106781,-0.693448007106781,0.3065515160560608,0.9999995231628418
mm_0125530,BioMistral-7B,1.0,1.0,sapbert_full_len3,8,8,0,7,False,2,0.5435644431995964,0.1811881477331988,C0021670,False,,,,,,,,,8.0,0.070660650730133,0.0665706396102905,0.0379405617713928,0.9999999925494194,0.9334293603897096
mm_0125530,FLAN-T5-base,1.0,0.9999999403953552,sapbert_full_len3,8,8,0,7,False,1,-0.0,-0.0,C0021670,True,,,,,,,,,8.0,0.0706605911254882,0.0706606432795524,0.0706605911254882,0.9999999925494194,0.9293393492698668
mm_0125530,Llama3-OpenBioLLM-8B,1.0,0.9999999403953552,sapbert_full_len3,8,8,0,7,False,1,-0.0,-0.0,C0021670,True,,,,,,,,,8.0,0.0706605911254882,0.0469038113951683,0.0055235624313354,0.9999999776482582,0.9530961513519288
mm_0125530,Meta-Llama-3-8B-Instruct,1.0,1.0,sapbert_full_len3,8,8,0,7,False,1,-0.0,-0.0,C0021670,True,,,,,,,,,8.0,0.070660650730133,0.070660650730133,0.070660650730133,1.0,0.9293393492698668
mm_0125530,Mistral-7B-Instruct-v0.1,1.0,0.9999999403953552,sapbert_full_len3,8,8,0,7,False,1,-0.0,-0.0,C0021670,True,,,,,,,,,8.0,0.0706605911254882,0.0733113214373588,0.0706605911254882,0.9999999478459358,0.9266886711120604
mm_0125530,PubMedBERT,0.0,1.0,sapbert_full_len3,8,8,0,7,False,1,-0.0,-0.0,C0358514,True,8.0,1.0,"{""UMLS:C0358514"": 8}",-0.0,-0.0,0.0,UMLS:C0358514,0.0,8.0,-0.693448007106781,-0.693448007106781,-0.693448007106781,0.3065515160560608,0.9999995231628418
mm_0125540,BERT-base,0.0,1.0,sapbert_full_len3,7,7,0,6,False,1,-0.0,-0.0,C0386482,True,7.0,1.0,"{""C0386482"": 7}",-0.0,-0.0,0.0,C0386482,0.0,7.0,-0.584920346736908,-0.584920346736908,-0.584920346736908,0.41507941484451294,0.9999997019767761
mm_0125540,BioBERT,0.0,1.0,sapbert_full_len3,7,7,0,6,False,1,-0.0,-0.0,C0358514,True,7.0,1.0,"{""UMLS:C0358514"": 7}",-0.0,-0.0,0.0,UMLS:C0358514,0.0,7.0,-0.717742919921875,-0.717742919921875,-0.717742919921875,0.2822568416595459,0.9999997019767761
mm_0125540,BioMistral-7B,0.0,0.9999998211860656,sapbert_full_len3,7,7,0,6,False,1,-0.0,-0.0,C3658192,True,,,,,,,,,7.0,5.960464466436832e-08,1.1069434028129369e-07,5.960464466436832e-08,0.9999998722757611,0.9999998807907104
mm_0125540,FLAN-T5-base,0.0,1.0,sapbert_full_len3,7,7,0,6,False,2,0.863120568566631,0.3074497498641964,C3658192,False,,,,,,,,,7.0,0.1108139753341674,0.089992948940822,0.0379403829574583,0.999999931880406,0.9100069999694824
mm_0125540,Llama3-OpenBioLLM-8B,0.0,0.9999997615814208,sapbert_full_len3,7,7,0,6,False,3,1.3787834934861751,0.4911325898456825,C3658192,False,,,,,,,,,7.0,0.0379403829574583,0.0460150752748761,0.0379403829574583,0.999999931880406,0.953984797000885
mm_0125540,Meta-Llama-3-8B-Instruct,0.0,0.9999998211860656,sapbert_full_len3,7,7,0,6,False,1,-0.0,-0.0,C3658192,True,,,,,,,,,7.0,5.960464466436832e-08,1.1069434028129369e-07,5.960464466436832e-08,0.9999998722757611,0.9999998807907104
mm_0125540,Mistral-7B-Instruct-v0.1,0.0,0.9999998211860656,sapbert_full_len3,7,7,0,6,False,1,-0.0,-0.0,C3658192,True,,,,,,,,,7.0,5.960464466436832e-08,0.0550534469740731,5.960464466436832e-08,0.9999999063355582,0.944946587085724
mm_0125540,PubMedBERT,0.0,1.0,sapbert_full_len3,7,7,0,6,False,1,-0.0,-0.0,C0358514,True,7.0,1.0,"{""UMLS:C0358514"": 7}",-0.0,-0.0,0.0,UMLS:C0358514,0.0,7.0,-0.717742919921875,-0.717742919921875,-0.717742919921875,0.2822568416595459,0.9999997019767761
mm_0125575,BERT-base,0.0,1.0,sapbert_full_len3,7,7,0,6,False,2,0.5916727785823275,0.2107580961471984,C1257990,False,7.0,2.0,"{""UMLS:C1257990"": 6, ""C1447749"": 1}",0.5916727785823275,0.2107580961471984,0.0,UMLS:C1257990,0.0,7.0,-0.6318575143814087,-0.6155071258544922,-0.6318575143814087,0.2396819144487381,0.8551890254020691
mm_0125575,BioBERT,1.0,1.0,sapbert_full_len3,7,7,0,6,False,1,-0.0,-0.0,C0358514,True,7.0,1.0,"{""UMLS:C0358514"": 7}",-0.0,-0.0,1.0,UMLS:C0358514,0.0,7.0,-0.4717411696910858,-0.4717411696910858,-0.4717411696910858,0.3834478557109833,0.8551890254020691
mm_0125575,BioMistral-7B,0.0,0.9999998807907104,sapbert_full_len3,7,7,0,6,False,1,-0.0,-0.0,C3658192,True,,,,,,,,,7.0,1.1920928955078125e-07,1.1920928955078125e-07,1.1920928955078125e-07,0.9999998807907104,0.9999998807907104
mm_0125575,FLAN-T5-base,0.0,0.9999999403953552,sapbert_full_len3,7,7,0,6,False,3,1.5566567074628228,0.5544923070581674,C6008813,False,,,,,,,,,7.0,0.0379405617713928,0.0445648687226432,0.0360003113746644,0.9567427890641348,0.9121779203414916
mm_0125575,Llama3-OpenBioLLM-8B,0.0,1.0,sapbert_full_len3,7,7,0,6,False,3,1.3787834934861751,0.4911325898456825,C0061355,False,,,,,,,,,7.0,0.002420961856842,0.0277855311121259,0.002420961856842,0.9999998893056598,0.9722143411636353
mm_0125575,Meta-Llama-3-8B-Instruct,0.0,0.9999998807907104,sapbert_full_len3,7,7,0,6,False,1,-0.0,-0.0,C3658192,True,,,,,,,,,7.0,1.1920928955078125e-07,6.81195939338559e-08,5.960464466436832e-08,0.999999829701015,0.9999998807907104
mm_0125575,Mistral-7B-Instruct-v0.1,0.0,0.9999998211860656,sapbert_full_len3,7,7,0,6,False,1,-0.0,-0.0,C3658192,True,,,,,,,,,7.0,5.960464466436832e-08,5.960464466436832e-08,5.960464466436832e-08,0.9999998211860656,0.9999998807907104
mm_0125575,PubMedBERT,1.0,1.0,sapbert_full_len3,7,7,0,6,False,1,-0.0,-0.0,C0358514,True,7.0,1.0,"{""UMLS:C0358514"": 7}",-0.0,-0.0,1.0,UMLS:C0358514,0.0,7.0,-0.4717411696910858,-0.4717411696910858,-0.4717411696910858,0.3834478557109833,0.8551890254020691
mm_0125604,BERT-base,0.0,1.0,sapbert_full_len3,7,7,0,6,False,1,-0.0,-0.0,C1312419,True,7.0,1.0,"{""C1312419"": 7}",-0.0,-0.0,0.0,C1312419,0.0,7.0,-0.6453965902328491,-0.6453965902328491,-0.6453965902328491,0.3546031415462494,0.9999997019767761
mm_0125604,BioBERT,0.0,1.0,sapbert_full_len3,7,7,0,6,False,1,-0.0,-0.0,C1257990,True,7.0,1.0,"{""UMLS:C1257990"": 7}",-0.0,-0.0,0.0,UMLS:C1257990,0.0,7.0,-0.708092451095581,-0.7080923914909363,-0.708092451095581,0.29190734028816223,0.9999997019767761
mm_0125604,BioMistral-7B,0.0,0.9999998211860656,sapbert_full_len3,7,7,0,6,False,1,-0.0,-0.0,C0242606,True,,,,,,,,,7.0,0.0705882310867308,0.0705882821764264,0.0705882310867308,0.9999998722757611,0.92941153049469
mm_0125604,FLAN-T5-base,0.0,0.9999998211860656,sapbert_full_len3,7,7,0,6,False,3,1.3787834934861751,0.4911325898456825,C0016327,False,,,,,,,,,7.0,0.0705882310867308,0.0362134490694318,5.364418029785156e-07,0.9999998722757611,0.963786482810974
mm_0125604,Llama3-OpenBioLLM-8B,0.0,0.9999998211860656,sapbert_full_len3,7,7,0,6,False,2,0.5916727785823275,0.2107580961471984,C0242606,False,,,,,,,,,7.0,0.0705882310867308,0.0801285079547336,0.0705882310867308,0.9999998041561672,0.9198712706565856
mm_0125604,Meta-Llama-3-8B-Instruct,0.0,0.9999998807907104,sapbert_full_len3,7,7,0,6,False,1,-0.0,-0.0,C0242606,True,,,,,,,,,7.0,0.0705882906913757,0.0705882906913757,0.0705882906913757,0.9999998807907104,0.92941153049469
mm_0125604,Mistral-7B-Instruct-v0.1,0.0,0.9999998807907104,sapbert_full_len3,7,7,0,6,False,1,-0.0,-0.0,C0242606,True,,,,,,,,,7.0,0.0705882906913757,0.0705882906913757,0.0705882906913757,0.9999998807907104,0.92941153049469
mm_0125604,PubMedBERT,0.0,1.0,sapbert_full_len3,7,7,0,6,False,1,-0.0,-0.0,C1447749,True,7.0,1.0,"{""C1447749"": 7}",-0.0,-0.0,0.0,C1447749,0.0,7.0,-0.6317341327667236,-0.6317341923713684,-0.6317341327667236,0.36826565861701965,0.9999997019767761
mm_0125831,BERT-base,0.0,1.0,sapbert_full_len3,7,7,0,6,False,1,-0.0,-0.0,C1447749,True,7.0,1.0,"{""C1447749"": 7}",-0.0,-0.0,0.0,C1447749,0.0,7.0,-0.7115796804428101,-0.7115796804428101,-0.7115796804428101,0.2884193956851959,0.9999990463256836
mm_0125831,BioBERT,0.0,1.0,sapbert_full_len3,7,7,0,6,False,1,-0.0,-0.0,C1447749,True,7.0,1.0,"{""C1447749"": 7}",-0.0,-0.0,0.0,C1447749,0.0,7.0,-0.7115796804428101,-0.7115796804428101,-0.7115796804428101,0.2884193956851959,0.9999990463256836
mm_0125831,BioMistral-7B,0.0,0.9999998211860656,sapbert_full_len3,7,7,0,6,False,1,-0.0,-0.0,C1412492,True,,,,,,,,,7.0,3.5762786854132145e-07,5.108969552017736e-07,3.5762786854132145e-07,0.9999999744551522,0.999999463558197
mm_0125831,FLAN-T5-base,0.0,1.0,sapbert_full_len3,7,7,0,6,False,3,1.5566567074628228,0.5544923070581674,C1412492,False,,,,,,,,,7.0,5.364418029785156e-07,4.1723251339601373e-07,2.980232238769531e-07,0.9999999148505074,0.9999995231628418
mm_0125831,Llama3-OpenBioLLM-8B,0.0,0.9999998211860656,sapbert_full_len3,7,7,0,6,False,1,-0.0,-0.0,C1412492,True,,,,,,,,,7.0,3.5762786854132145e-07,3.5762786854132145e-07,3.5762786854132145e-07,0.9999998211860656,0.999999463558197
mm_0125831,Meta-Llama-3-8B-Instruct,0.0,0.9999998211860656,sapbert_full_len3,7,7,0,6,False,2,0.9852281360342516,0.3509453429964405,C0035078,False,,,,,,,,,7.0,3.5762786854132145e-07,0.0534393446786062,3.5762786854132145e-07,0.9999999744551522,0.9465606808662416
mm_0125831,Mistral-7B-Instruct-v0.1,0.0,0.9999998211860656,sapbert_full_len3,7,7,0,6,False,3,1.5566567074628228,0.5544923070581674,C1412492,False,,,,,,,,,7.0,3.5762786854132145e-07,6.471361432598093e-07,3.5762786854132145e-07,0.9999999744551522,0.9999993443489076
mm_0125831,PubMedBERT,0.0,1.0,sapbert_full_len3,7,7,0,6,False,2,0.5916727785823275,0.2107580961471984,C1839576,False,7.0,2.0,"{""C1839576"": 6, ""C1447749"": 1}",0.5916727785823275,0.2107580961471984,0.0,C1839576,0.0,7.0,-0.7163083553314209,-0.7156328558921814,-0.7163083553314209,0.2843662202358246,0.9999990463256836
mm_0126004,BERT-base,0.0,1.0,sapbert_full_len3,7,7,0,6,False,1,-0.0,-0.0,C4505290,True,7.0,1.0,"{""C4505290"": 7}",-0.0,-0.0,0.0,C4505290,0.0,7.0,-0.6183813810348511,-0.6183813810348511,-0.6183813810348511,0.3816181719303131,0.9999995231628418
mm_0126004,BioBERT,0.0,1.0,sapbert_full_len3,7,7,0,6,False,1,-0.0,-0.0,C4505290,True,7.0,1.0,"{""C4505290"": 7}",-0.0,-0.0,0.0,C4505290,0.0,7.0,-0.6183813810348511,-0.6183813810348511,-0.6183813810348511,0.3816181719303131,0.9999995231628418
mm_0126004,BioMistral-7B,0.0,1.0,sapbert_full_len3,7,7,0,6,False,2,0.863120568566631,0.3074497498641964,C0392535,False,,,,,,,,,7.0,0.0432313680648803,0.0410416211400713,0.0302861928939819,1.0,0.9589582681655884
mm_0126004,FLAN-T5-base,0.0,1.0,sapbert_full_len3,7,7,0,6,False,1,-0.0,-0.0,C0392535,True,,,,,,,,,7.0,0.0432313680648803,0.0499123505183628,0.0364671945571899,1.0,0.9500876665115356
mm_0126004,Llama3-OpenBioLLM-8B,0.0,1.0,sapbert_full_len3,7,7,0,6,False,2,0.863120568566631,0.3074497498641964,C0392535,False,,,,,,,,,7.0,0.0432313680648803,0.082968601158687,0.0432313680648803,0.999999863760812,0.9170312881469728
mm_0126004,Meta-Llama-3-8B-Instruct,0.0,1.0,sapbert_full_len3,7,7,0,6,False,3,1.1488348542809166,0.4092232318950598,C0392535,False,,,,,,,,,7.0,0.0330221056938171,0.0305504713739667,0.0184391140937805,0.999999931880406,0.9694494605064392
mm_0126004,Mistral-7B-Instruct-v0.1,0.0,1.0,sapbert_full_len3,7,7,0,6,False,2,0.863120568566631,0.3074497498641964,C0392535,False,,,,,,,,,7.0,0.0559838414192199,0.0832923395293099,0.0330221056938171,0.9999999829701016,0.9167076349258424
mm_0126004,PubMedBERT,0.0,1.0,sapbert_full_len3,7,7,0,6,False,1,-0.0,-0.0,C0018966,True,7.0,1.0,"{""C0018966"": 7}",-0.0,-0.0,0.0,C0018966,0.0,7.0,-0.6200522184371948,-0.6200522184371948,-0.6200522184371948,0.37994733452796936,0.9999995231628418
mm_0126513,BERT-base,0.0,1.0,sapbert_full_len3,5,5,0,4,False,1,-0.0,-0.0,C0358514,True,5.0,1.0,"{""UMLS:C0358514"": 5}",-0.0,-0.0,0.0,UMLS:C0358514,0.0,5.0,-0.5429278612136841,-0.5429278612136841,-0.5429278612136841,0.45707184076309204,0.9999996423721313
mm_0126513,BioBERT,0.0,1.0,sapbert_full_len3,5,5,0,4,False,1,-0.0,-0.0,C1999375,True,5.0,1.0,"{""C1999375"": 5}",-0.0,-0.0,0.0,C1999375,0.0,5.0,-0.7243362665176392,-0.7243362665176392,-0.7243362665176392,0.2756633460521698,0.9999996423721313
mm_0126513,BioMistral-7B,0.0,1.0,sapbert_full_len3,5,5,0,4,False,2,0.9709505944546686,0.4181656600790516,C0525678,False,,,,,,,,,5.0,0.1718641519546508,0.1031186819076538,4.76837158203125e-07,0.999999976158142,0.8968812823295593
mm_0126513,FLAN-T5-base,0.0,1.0,sapbert_full_len3,5,5,0,4,False,2,0.9709505944546686,0.4181656600790516,C1280500,False,,,,,,,,,5.0,6.556510925292969e-07,0.0497665762901306,6.556510925292969e-07,0.999999976158142,0.9502334594726562
mm_0126513,Llama3-OpenBioLLM-8B,0.0,1.0,sapbert_full_len3,5,5,0,4,False,2,0.9709505944546686,0.4181656600790516,C0525678,False,,,,,,,,,5.0,0.1718641519546508,0.1520822286605835,0.1224093437194824,0.999999952316284,0.8479177355766296
mm_0126513,Meta-Llama-3-8B-Instruct,0.0,1.0,sapbert_full_len3,5,5,0,4,False,1,-0.0,-0.0,C0525678,True,,,,,,,,,5.0,0.1192629337310791,0.1163140058517456,0.1118906140327453,1.0,0.8836859464645386
mm_0126513,Mistral-7B-Instruct-v0.1,0.0,0.9999999403953552,sapbert_full_len3,5,5,0,4,False,3,1.521928094887362,0.6554587535412855,C2931826,False,,,,,,,,,5.0,3.5762786865234375e-07,0.0687459230422973,3.5762786865234375e-07,0.9999999642372132,0.9312540888786316
mm_0126513,PubMedBERT,0.0,1.0,sapbert_full_len3,5,5,0,4,False,1,-0.0,-0.0,C0018966,True,5.0,1.0,"{""C0018966"": 5}",-0.0,-0.0,0.0,C0018966,0.0,5.0,-0.6185640096664429,-0.6185640096664429,-0.6185640096664429,0.3814356327056885,0.9999996423721313
mm_0127390,BERT-base,0.0,1.0,sapbert_full_len3,6,6,0,5,False,1,-0.0,-0.0,C1447749,True,6.0,1.0,"{""C1447749"": 6}",-0.0,-0.0,0.0,C1447749,0.0,6.0,-0.7018686532974243,-0.7018687129020691,-0.7018686532974243,0.29813119769096375,0.9999998211860657
mm_0127390,BioBERT,0.0,1.0,sapbert_full_len3,6,6,0,5,False,1,-0.0,-0.0,C1955876,True,6.0,1.0,"{""C1955876"": 6}",-0.0,-0.0,0.0,C1955876,0.0,6.0,-0.738500714302063,-0.7385007739067078,-0.738500714302063,0.2614991366863251,0.9999998211860657
mm_0127390,BioMistral-7B,0.0,0.9999998807907104,sapbert_full_len3,6,6,0,5,False,2,0.6500224216483541,0.2514629985800606,C0019693,False,,,,,,,,,6.0,0.0584133863449096,0.0097360610961914,5.960464477539062e-07,0.9999998807907104,0.9902637600898744
mm_0127390,FLAN-T5-base,0.0,1.0,sapbert_full_len3,6,6,0,5,False,3,1.2516291673878228,0.4841962570206112,C0019693,False,,,,,,,,,6.0,4.172325134277344e-07,0.0151263376077016,4.172325134277344e-07,0.9999999205271404,0.984873592853546
mm_0127390,Llama3-OpenBioLLM-8B,0.0,0.9999997615814208,sapbert_full_len3,6,6,0,5,False,3,1.4591479170272446,0.5644754678724235,C0087111,False,,,,,,,,,6.0,0.1433150768280028,0.0773937702178955,2.980232238769531e-07,0.9999999205271404,0.9226061701774596
mm_0127390,Meta-Llama-3-8B-Instruct,1.0,1.0,sapbert_full_len3,6,6,0,5,False,3,1.584962500721156,0.6131471927654584,C0087111,False,,,,,,,,,6.0,0.1935629248619079,0.0506754020849864,5.960464477539062e-07,0.9937131007512412,0.9430376887321472
mm_0127390,Mistral-7B-Instruct-v0.1,0.0,0.9999998807907104,sapbert_full_len3,6,6,0,5,False,1,-0.0,-0.0,C0019693,True,,,,,,,,,6.0,5.960464477539062e-07,5.960464477539062e-07,5.960464477539062e-07,0.9999998807907104,0.999999225139618
mm_0127390,PubMedBERT,0.0,1.0,sapbert_full_len3,6,6,0,5,False,1,-0.0,-0.0,C1839576,True,6.0,1.0,"{""C1839576"": 6}",-0.0,-0.0,0.0,C1839576,0.0,6.0,-0.7060868144035339,-0.7060868144035339,-0.7060868144035339,0.29391300678253174,0.9999998211860657
mm_0127475,BERT-base,0.0,1.0,sapbert_full_len3,8,8,0,7,False,2,0.5435644431995964,0.1811881477331988,C4318429,False,8.0,2.0,"{""C4318429"": 7, ""UMLS:C0282498"": 1}",0.5435644431995964,0.1811881477331988,0.125,C4318429,0.0,8.0,-0.6333326101303101,-0.5731130242347717,-0.6333326101303101,0.3238328695297241,0.8969458937644958
mm_0127475,BioBERT,1.0,1.0,sapbert_full_len3,8,8,0,7,False,1,-0.0,-0.0,C0282498,True,8.0,1.0,"{""UMLS:C0282498"": 8}",-0.0,-0.0,1.0,UMLS:C0282498,0.0,8.0,-0.1515759825706482,-0.1515759825706482,-0.1515759825706482,0.7453699111938477,0.8969458937644958
mm_0127475,BioMistral-7B,0.0,0.9999998807907104,sapbert_full_len3,8,8,0,7,False,1,-0.0,-0.0,C0230704,True,,,,,,,,,8.0,0.0632499456405639,0.0438949614763259,-0.011151909828186,0.9534620493650436,0.90956711769104
mm_0127475,FLAN-T5-base,0.0,1.0,sapbert_full_len3,8,8,0,7,False,2,0.5435644431995964,0.1811881477331988,C0230704,False,,,,,,,,,8.0,0.0632500648498535,0.0612860023975372,-0.0111662149429321,0.9534584134817125,0.8921723961830139
mm_0127475,Llama3-OpenBioLLM-8B,0.0,0.9616718292236328,sapbert_full_len3,8,8,0,7,False,4,1.75,0.5833333333333334,C2265632,False,,,,,,,,,8.0,0.0223071575164794,0.0377906709909438,-0.0646451711654663,0.9324382618069648,0.8946475982666016
mm_0127475,Meta-Llama-3-8B-Instruct,0.0,0.9616718292236328,sapbert_full_len3,8,8,0,7,False,2,0.8112781244591328,0.2704260414863776,C2265632,False,,,,,,,,,8.0,0.0223071575164794,0.0594667047262191,0.0223020911216734,0.9583597332239152,0.8988929986953735
mm_0127475,Mistral-7B-Instruct-v0.1,0.0,0.9616718292236328,sapbert_full_len3,8,8,0,7,False,4,1.75,0.5833333333333334,C0230704,False,,,,,,,,,8.0,0.0223071575164794,0.0442760065197944,-0.0111662149429321,0.9438763782382013,0.8996003866195679
mm_0127475,PubMedBERT,0.0,1.0,sapbert_full_len3,8,8,0,7,False,2,0.5435644431995964,0.1811881477331988,C1447749,False,8.0,2.0,"{""C1839576"": 1, ""C1447749"": 7}",0.5435644431995964,0.1811881477331988,0.0,C1447749,0.0,8.0,-0.5397694110870361,-0.5141557455062866,-0.5397694110870361,0.38279014825820923,0.8969458937644958
mm_0127798,BERT-base,0.0,1.0,sapbert_full_len3,5,5,0,4,False,1,-0.0,-0.0,C1257990,True,5.0,1.0,"{""UMLS:C1257990"": 5}",-0.0,-0.0,0.0,UMLS:C1257990,0.0,5.0,-0.648732602596283,-0.648732602596283,-0.648732602596283,0.3512672185897827,0.9999998211860657
mm_0127798,BioBERT,0.0,1.0,sapbert_full_len3,5,5,0,4,False,1,-0.0,-0.0,C1257990,True,5.0,1.0,"{""UMLS:C1257990"": 5}",-0.0,-0.0,0.0,UMLS:C1257990,0.0,5.0,-0.648732602596283,-0.648732602596283,-0.648732602596283,0.3512672185897827,0.9999998211860657
mm_0127798,BioMistral-7B,0.0,0.9999998807907104,sapbert_full_len3,5,5,0,4,False,2,0.9709505944546686,0.4181656600790516,C1269955,False,,,,,,,,,5.0,1.788139343261719e-07,0.0212683796882629,1.788139343261719e-07,0.9999999046325684,0.9787315130233764
mm_0127798,FLAN-T5-base,1.0,1.0,sapbert_full_len3,5,5,0,4,False,1,-0.0,-0.0,C0034693,True,,,,,,,,,5.0,0.2444189190864563,0.2444378972053527,0.2444189190864563,1.0,0.7555621266365051
mm_0127798,Llama3-OpenBioLLM-8B,0.0,0.9999998807907104,sapbert_full_len3,5,5,0,4,False,3,1.3709505944546687,0.5904362833084089,C2699153,False,,,,,,,,,5.0,0.0589253902435302,0.0353552818298339,5.960464477539064e-08,0.9999998927116394,0.9646445512771606
mm_0127798,Meta-Llama-3-8B-Instruct,0.0,1.0000001192092896,sapbert_full_len3,5,5,0,4,False,1,-0.0,-0.0,C2699153,True,,,,,,,,,5.0,0.0589256286621093,0.0589256286621093,0.0589256286621093,1.0000001192092896,0.9410744905471802
mm_0127798,Mistral-7B-Instruct-v0.1,0.0,1.0,sapbert_full_len3,5,5,0,4,False,2,0.9709505944546686,0.4181656600790516,C1269955,False,,,,,,,,,5.0,2.980232238769531e-07,3.457069396528567e-07,2.384185791015625e-07,0.9999999046325684,0.9999995231628418
mm_0127798,PubMedBERT,0.0,1.0,sapbert_full_len3,5,5,0,4,False,1,-0.0,-0.0,C1257990,True,5.0,1.0,"{""UMLS:C1257990"": 5}",-0.0,-0.0,0.0,UMLS:C1257990,0.0,5.0,-0.648732602596283,-0.648732602596283,-0.648732602596283,0.3512672185897827,0.9999998211860657
mm_0128071,BERT-base,0.0,1.0,sapbert_full_len3,6,6,0,5,False,2,0.9182958340544896,0.355245321275764,C1447749,False,6.0,2.0,"{""UMLS:C0242193"": 2, ""C1447749"": 4}",0.9182958340544896,0.355245321275764,0.0,C1447749,0.0,6.0,-0.6093047857284546,-0.6035730838775635,-0.6093047857284546,0.3964264392852783,0.9999995231628418
mm_0128071,BioBERT,0.0,1.0,sapbert_full_len3,6,6,0,5,False,1,-0.0,-0.0,C0681906,True,6.0,1.0,"{""UMLS:C0681906"": 6}",-0.0,-0.0,0.0,UMLS:C0681906,0.0,6.0,-0.5107390880584717,-0.5107390880584717,-0.5107390880584717,0.48926040530204773,0.9999995231628418
mm_0128071,BioMistral-7B,0.0,1.0,sapbert_full_len3,6,6,0,5,False,2,0.9182958340544896,0.355245321275764,C0679646,False,,,,,,,,,6.0,0.0696644186973571,0.0612916549046834,0.0209693312644958,0.9999999602635702,0.9387083053588868
mm_0128071,FLAN-T5-base,0.0,1.0,sapbert_full_len3,6,6,0,5,False,1,-0.0,-0.0,C0679646,True,,,,,,,,,6.0,0.1721174716949463,0.1721174716949463,0.1721174716949463,1.0,0.8278825879096985
mm_0128071,Llama3-OpenBioLLM-8B,0.0,1.0,sapbert_full_len3,6,6,0,5,False,3,1.4591479170272446,0.5644754678724235,C0679646,False,,,,,,,,,6.0,0.1777989268302917,0.1336501538753509,0.0994477272033691,1.00000003973643,0.8663498759269714
mm_0128071,Meta-Llama-3-8B-Instruct,0.0,1.0,sapbert_full_len3,6,6,0,5,False,3,1.4591479170272446,0.5644754678724235,C0004936,False,,,,,,,,,6.0,0.0038203597068786,0.0832734902699788,0.0038203001022338,0.9999999701976776,0.916726529598236
mm_0128071,Mistral-7B-Instruct-v0.1,0.0,0.9999997615814208,sapbert_full_len3,6,6,0,5,False,2,0.6500224216483541,0.2514629985800606,C0525045,False,,,,,,,,,6.0,0.0823726654052733,0.0817873577276864,0.078860819339752,0.9999997615814208,0.9182124137878418
mm_0128071,PubMedBERT,0.0,1.0,sapbert_full_len3,6,6,0,5,False,1,-0.0,-0.0,C1839576,True,6.0,1.0,"{""C1839576"": 6}",-0.0,-0.0,0.0,C1839576,0.0,6.0,-0.6739951968193054,-0.6739951968193054,-0.6739951968193054,0.3260043263435364,0.9999995231628418
mm_0128293,BERT-base,0.0,1.0,sapbert_full_len3,5,5,0,4,False,1,-0.0,-0.0,C1257990,True,5.0,1.0,"{""UMLS:C1257990"": 5}",-0.0,-0.0,0.0,UMLS:C1257990,0.0,5.0,-0.7045204639434814,-0.7045204639434814,-0.7045204639434814,0.29547929763793945,0.9999998211860657
mm_0128293,BioBERT,0.0,1.0,sapbert_full_len3,5,5,0,4,False,2,0.7219280948873623,0.3109175070825711,C0008396,False,5.0,2.0,"{""UMLS:C1257990"": 1, ""C0008396"": 4}",0.7219280948873623,0.3109175070825711,0.0,C0008396,0.0,5.0,-0.7045204639434814,-0.6738184690475464,-0.7045204639434814,0.3261812627315521,0.9999998211860657
mm_0128293,BioMistral-7B,1.0,1.0,sapbert_full_len3,5,5,0,4,False,1,-0.0,-0.0,C0021368,True,,,,,,,,,5.0,0.2345962524414062,0.2345962524414062,0.2345962524414062,1.0,0.7654037475585938
mm_0128293,FLAN-T5-base,1.0,1.0,sapbert_full_len3,5,5,0,4,False,1,-0.0,-0.0,C0021368,True,,,,,,,,,5.0,0.1359226107597351,0.1753920674324035,0.1359226107597351,1.0,0.8246079683303833
mm_0128293,Llama3-OpenBioLLM-8B,0.0,0.9999998807907104,sapbert_full_len3,5,5,0,4,False,1,-0.0,-0.0,C0035126,True,,,,,,,,,5.0,0.0482062697410583,0.0482062697410583,0.0482062697410583,0.9999998807907104,0.9517935514450072
mm_0128293,Meta-Llama-3-8B-Instruct,0.0,0.9999998807907104,sapbert_full_len3,5,5,0,4,False,3,1.521928094887362,0.6554587535412855,C0035126,False,,,,,,,,,5.0,0.0705882906913757,0.1491018414497375,0.0481819510459899,0.999999976158142,0.8508981466293335
mm_0128293,Mistral-7B-Instruct-v0.1,0.0,0.9999998807907104,sapbert_full_len3,5,5,0,4,False,2,0.9709505944546686,0.4181656600790516,C0242606,False,,,,,,,,,5.0,0.0705882906913757,0.1361914753913879,0.0705882906913757,0.9999999284744264,0.8638084530830383
mm_0128293,PubMedBERT,0.0,1.0,sapbert_full_len3,5,5,0,4,False,1,-0.0,-0.0,C1839576,True,5.0,1.0,"{""C1839576"": 5}",-0.0,-0.0,0.0,C1839576,0.0,5.0,-0.704973042011261,-0.704973042011261,-0.704973042011261,0.2950267195701599,0.9999998211860657
mm_0128830,BERT-base,0.0,1.0,sapbert_full_len3,5,5,0,4,False,2,0.7219280948873623,0.3109175070825711,C0169661,False,5.0,2.0,"{""C0169661"": 4, ""C0246486"": 1}",0.7219280948873623,0.3109175070825711,0.0,C0169661,0.0,5.0,-0.6201977729797363,-0.6197289228439331,-0.6201977729797363,0.38027051091194153,0.9999994039535522
mm_0128830,BioBERT,0.0,1.0,sapbert_full_len3,5,5,0,4,False,2,0.9709505944546686,0.4181656600790516,C0013728,False,5.0,2.0,"{""C0013728"": 3, ""C1431322"": 2}",0.9709505944546686,0.4181656600790516,0.0,C0013728,0.0,5.0,-0.6084532737731934,-0.5892850160598755,-0.6084532737731934,0.4107144773006439,0.9999994039535522
mm_0128830,BioMistral-7B,0.0,1.0,sapbert_full_len3,5,5,0,4,False,1,-0.0,-0.0,C1334333,True,,,,,,,,,5.0,6.556510925292969e-07,6.556510925292969e-07,6.556510925292969e-07,1.0,0.9999993443489076
mm_0128830,FLAN-T5-base,0.0,0.999999701976776,sapbert_full_len3,5,5,0,4,False,2,0.7219280948873623,0.3109175070825711,C1449886,False,,,,,,,,,5.0,3.5762786854132145e-07,0.0456621408462524,3.5762786854132145e-07,0.9999998450279236,0.9543377161026
mm_0128830,Llama3-OpenBioLLM-8B,1.0,0.9999998211860656,sapbert_full_len3,5,5,0,4,False,1,-0.0,-0.0,C1449886,True,,,,,,,,,5.0,0.0570775270462035,0.0570775270462035,0.0570775270462035,0.9999998211860656,0.942922294139862
mm_0128830,Meta-Llama-3-8B-Instruct,1.0,1.0,sapbert_full_len3,5,5,0,4,False,1,-0.0,-0.0,C1449886,True,,,,,,,,,5.0,0.0763999223709106,0.0763893365859985,0.0763734579086303,1.0,0.9236105680465698
mm_0128830,Mistral-7B-Instruct-v0.1,0.0,0.999999701976776,sapbert_full_len3,5,5,0,4,False,1,-0.0,-0.0,C1334333,True,,,,,,,,,5.0,3.5762786854132145e-07,3.5762786854132145e-07,3.5762786854132145e-07,0.999999701976776,0.9999993443489076
mm_0128830,PubMedBERT,0.0,1.0,sapbert_full_len3,5,5,0,4,False,1,-0.0,-0.0,C1370369,True,5.0,1.0,"{""C1370369"": 5}",-0.0,-0.0,0.0,C1370369,0.0,5.0,-0.6854608654975891,-0.6854608654975891,-0.6854608654975891,0.3145385980606079,0.9999994039535522
mm_0128980,BERT-base,0.0,1.0,sapbert_full_len3,8,8,0,7,False,3,1.2987949406953985,0.4329316468984661,C0358514,False,8.0,3.0,"{""UMLS:C0358514"": 5, ""UMLS:C0038467"": 2, ""C0282597"": 1}",1.2987949406953985,0.4329316468984661,0.0,UMLS:C0358514,0.0,8.0,-0.4987871050834656,-0.5024558305740356,-0.5318099856376648,0.4352826476097107,0.9377384781837463
mm_0128980,BioBERT,0.0,1.0,sapbert_full_len3,8,8,0,7,False,2,0.5435644431995964,0.1811881477331988,C1257990,False,8.0,2.0,"{""UMLS:C1257990"": 7, ""UMLS:C4041873"": 1}",0.5435644431995964,0.1811881477331988,0.0,UMLS:C1257990,0.0,8.0,-0.6655691862106323,-0.6452062726020813,-0.6655691862106323,0.29253220558166504,0.9377384781837463
mm_0128980,BioMistral-7B,0.0,0.7719999551773071,sapbert_full_len3,8,8,0,7,False,6,2.5,0.8333333333333334,C0259580,False,,,,,,,,,8.0,0.0056390762329101,0.0020755752921104,-0.0081437826156615,0.8840078189969063,0.881932258605957
mm_0128980,FLAN-T5-base,0.0,0.909693479537964,sapbert_full_len3,8,6,2,7,False,3,1.2516291673878228,0.4172097224626076,C2239268,False,,,,,,,,,6.0,-0.0081695914268492,0.0182069043318431,-0.0081695914268492,0.9397956430912018,0.9215887188911438
mm_0128980,Llama3-OpenBioLLM-8B,0.0,0.9999998211860656,sapbert_full_len3,8,8,0,7,False,4,1.75,0.5833333333333334,C0039297,False,,,,,,,,,8.0,0.0895780920982359,0.0741650164127349,0.0370233058929442,0.9912180826067924,0.9170531034469604
mm_0128980,Meta-Llama-3-8B-Instruct,0.0,1.0,sapbert_full_len3,8,8,0,7,False,5,2.25,0.75,C4505209,False,,,,,,,,,8.0,0.2237717509269714,0.0668688490986823,-0.0081644058227539,0.910494901239872,0.8436260223388672
mm_0128980,Mistral-7B-Instruct-v0.1,0.0,0.6977033019065857,sapbert_full_len3,8,6,2,7,False,2,0.9182958340544896,0.3060986113514965,C0024485,False,,,,,,,,,6.0,,0.0299100279808043,0.0100340247154235,0.9125938018163046,0.8826837539672852
mm_0128980,PubMedBERT,0.0,1.0,sapbert_full_len3,8,8,0,7,False,1,-0.0,-0.0,C0018966,True,8.0,1.0,"{""C0018966"": 8}",-0.0,-0.0,0.0,C0018966,0.0,8.0,-0.4352263808250427,-0.4352263808250427,-0.4352263808250427,0.5025120973587036,0.9377384781837463
mm_0129592,BERT-base,0.0,1.0,sapbert_full_len3,4,4,0,3,False,1,-0.0,-0.0,C0525041,True,4.0,1.0,"{""C0525041"": 4}",-0.0,-0.0,0.0,C0525041,0.0,4.0,-0.1444108486175537,-0.1444108486175537,-0.1444108486175537,0.7583692073822021,0.9027800559997559
mm_0129592,BioBERT,0.0,1.0,sapbert_full_len3,4,4,0,3,False,2,1.0,0.5,C1447749,False,4.0,2.0,"{""C1447749"": 2, ""UMLS:C4285807"": 2}",1.0,0.5,0.5,C1447749,1.0,4.0,-0.6104835271835327,-0.32478734850883484,-0.6104835271835327,0.5779926776885986,0.9027800559997559
mm_0129592,BioMistral-7B,0.0,0.999999701976776,sapbert_full_len3,4,4,0,3,False,1,-0.0,-0.0,C0040517,True,,,,,,,,,4.0,0.0601204633712767,0.0601205974817275,0.0601204633712767,0.9999998360872268,0.9398792386054992
mm_0129592,FLAN-T5-base,0.0,0.999999701976776,sapbert_full_len3,4,4,0,3,False,1,-0.0,-0.0,C0040517,True,,,,,,,,,4.0,0.0601204633712767,0.0601204633712767,0.0601204633712767,0.999999701976776,0.9398792386054992
mm_0129592,Llama3-OpenBioLLM-8B,0.0,0.999999701976776,sapbert_full_len3,4,4,0,3,False,1,-0.0,-0.0,C0040517,True,,,,,,,,,4.0,0.0601204633712767,0.0601205974817275,0.0601204633712767,0.9999998360872268,0.9398792386054992
mm_0129592,Meta-Llama-3-8B-Instruct,0.0,0.9999998807907104,sapbert_full_len3,4,4,0,3,False,1,-0.0,-0.0,C0040517,True,,,,,,,,,4.0,0.060137927532196,0.060137927532196,0.060137927532196,0.9999998807907104,0.9398619532585144
mm_0129592,Mistral-7B-Instruct-v0.1,0.0,0.9999998807907104,sapbert_full_len3,4,4,0,3,False,1,-0.0,-0.0,C0040517,True,,,,,,,,,4.0,0.0601206421852111,0.0601291507482527,0.0601204633712767,0.9999997466802596,0.9398705959320068
mm_0129592,PubMedBERT,0.0,1.0,sapbert_full_len3,4,4,0,3,False,1,-0.0,-0.0,C1447749,True,4.0,1.0,"{""C1447749"": 4}",-0.0,-0.0,0.0,C1447749,0.0,4.0,-0.6104835271835327,-0.6104835271835327,-0.6104835271835327,0.29229652881622314,0.9027800559997559
mm_0130154,BERT-base,0.0,1.0,sapbert_full_len3,5,5,0,4,False,1,-0.0,-0.0,C1257990,True,5.0,1.0,"{""UMLS:C1257990"": 5}",-0.0,-0.0,0.0,UMLS:C1257990,0.0,5.0,-0.5355212092399597,-0.5355212092399597,-0.5355212092399597,0.37684208154678345,0.9123632311820984
mm_0130154,BioBERT,0.0,1.0,sapbert_full_len3,5,5,0,4,False,2,0.7219280948873623,0.3109175070825711,C1707887,False,5.0,2.0,"{""UMLS:C1707887"": 4, ""UMLS:C0282498"": 1}",0.7219280948873623,0.3109175070825711,0.0,UMLS:C1707887,0.0,5.0,-0.5142695903778076,-0.5065630078315735,-0.5142695903778076,0.4058002531528473,0.9123632311820984
mm_0130154,BioMistral-7B,1.0,0.9124904870986938,sapbert_full_len3,5,5,0,4,False,2,0.7219280948873623,0.3109175070825711,C0026882,False,,,,,,,,,5.0,0.0181252360343933,0.0036254286766052,4.76837158203125e-07,0.982498049736023,0.9788725972175598
mm_0130154,FLAN-T5-base,0.0,0.9999998211860656,sapbert_full_len3,5,5,0,4,False,1,-0.0,-0.0,C0026882,True,,,,,,,,,5.0,3.5762786854132145e-07,3.5762786854132145e-07,3.5762786854132145e-07,0.9999998211860656,0.9999994039535522
mm_0130154,Llama3-OpenBioLLM-8B,0.0,0.8063507080078125,sapbert_full_len3,5,5,0,4,False,2,0.7219280948873623,0.3109175070825711,C1705250,False,,,,,,,,,5.0,-0.0647114515304565,-0.0440506815910339,-0.0647114515304565,0.8450805306434631,0.8891312479972839
mm_0130154,Meta-Llama-3-8B-Instruct,0.0,0.8896130919456482,sapbert_full_len3,5,5,0,4,False,1,-0.0,-0.0,C4718639,True,,,,,,,,,5.0,0.0322434902191162,0.0322434902191162,0.0322434902191162,0.8896130919456482,0.857369601726532
mm_0130154,Mistral-7B-Instruct-v0.1,0.0,1.0,sapbert_full_len3,5,5,0,4,False,2,0.9709505944546686,0.4181656600790516,C0026882,False,,,,,,,,,5.0,3.5762786865234375e-07,3.337860107421875e-07,2.980232238769531e-07,1.0,0.9999996423721312
mm_0130154,PubMedBERT,0.0,1.0,sapbert_full_len3,5,5,0,4,False,1,-0.0,-0.0,C1839576,True,5.0,1.0,"{""C1839576"": 5}",-0.0,-0.0,0.0,C1839576,0.0,5.0,-0.5040871500968933,-0.5040871500968933,-0.5040871500968933,0.40827614068984985,0.9123632311820984
mm_0130631,BERT-base,0.0,1.0,sapbert_full_len3,5,5,0,4,False,1,-0.0,-0.0,C1447749,True,5.0,1.0,"{""C1447749"": 5}",-0.0,-0.0,0.0,C1447749,0.0,5.0,-0.6972825527191162,-0.6972825527191162,-0.6972825527191162,0.30271682143211365,0.9999994039535522
mm_0130631,BioBERT,0.0,1.0,sapbert_full_len3,5,5,0,4,False,1,-0.0,-0.0,C0008396,True,5.0,1.0,"{""C0008396"": 5}",-0.0,-0.0,0.0,C0008396,0.0,5.0,-0.29698657989501953,-0.29698657989501953,-0.29698657989501953,0.7030128240585327,0.9999994039535522
mm_0130631,BioMistral-7B,0.0,1.0,sapbert_full_len3,5,5,0,4,False,3,1.521928094887362,0.6554587535412855,C0010762,False,,,,,,,,,5.0,2.384185791015625e-07,0.0553105354309082,2.384185791015625e-07,1.0,0.9446894526481628
mm_0130631,FLAN-T5-base,0.0,1.0,sapbert_full_len3,5,5,0,4,False,2,0.9709505944546686,0.4181656600790516,C0025516,False,,,,,,,,,5.0,2.384185791015625e-07,0.0217530012130737,1.788139343261719e-07,0.999999976158142,0.9782469868659972
mm_0130631,Llama3-OpenBioLLM-8B,0.0,0.9999999403953552,sapbert_full_len3,5,5,0,4,False,2,0.9709505944546686,0.4181656600790516,C0025516,False,,,,,,,,,5.0,1.788139343261719e-07,2.980232238769531e-07,1.788139343261719e-07,0.9999999642372132,0.9999996423721312
mm_0130631,Meta-Llama-3-8B-Instruct,0.0,1.0,sapbert_full_len3,5,5,0,4,False,1,-0.0,-0.0,C0025516,True,,,,,,,,,5.0,2.384185791015625e-07,1.9073486328125e-07,1.788139343261719e-07,0.999999952316284,0.9999998211860656
mm_0130631,Mistral-7B-Instruct-v0.1,0.0,0.9999999403953552,sapbert_full_len3,5,5,0,4,False,2,0.7219280948873623,0.3109175070825711,C0025516,False,,,,,,,,,5.0,1.788139343261719e-07,2.86102294921875e-07,1.788139343261719e-07,0.999999952316284,0.9999996423721312
mm_0130631,PubMedBERT,0.0,1.0,sapbert_full_len3,5,5,0,4,False,1,-0.0,-0.0,C1447749,True,5.0,1.0,"{""C1447749"": 5}",-0.0,-0.0,0.0,C1447749,0.0,5.0,-0.6972825527191162,-0.6972825527191162,-0.6972825527191162,0.30271682143211365,0.9999994039535522
mm_0132151,BERT-base,0.0,1.0,sapbert_full_len3,5,5,0,4,False,1,-0.0,-0.0,C0282597,True,5.0,1.0,"{""C0282597"": 5}",-0.0,-0.0,0.0,C0282597,0.0,5.0,-0.6954816579818726,-0.6954816579818726,-0.6954816579818726,0.3045181930065155,0.9999998807907104
mm_0132151,BioBERT,0.0,1.0,sapbert_full_len3,5,5,0,4,False,1,-0.0,-0.0,C1257990,True,5.0,1.0,"{""UMLS:C1257990"": 5}",-0.0,-0.0,0.0,UMLS:C1257990,0.0,5.0,-0.6149840950965881,-0.6149840950965881,-0.6149840950965881,0.3850157856941223,0.9999998807907104
mm_0132151,BioMistral-7B,1.0,1.0,sapbert_full_len3,5,5,0,4,False,1,-0.0,-0.0,C0007634,True,,,,,,,,,5.0,1.1920928955078125e-07,2.384185791015625e-08,0.0,0.9999999046325684,0.9999998807907104
mm_0132151,FLAN-T5-base,1.0,1.0,sapbert_full_len3,5,5,0,4,False,1,-0.0,-0.0,C0007634,True,,,,,,,,,5.0,0.1183050274848938,0.1520567774772644,0.1183050274848938,1.0,0.8479431867599487
mm_0132151,Llama3-OpenBioLLM-8B,0.0,0.999999701976776,sapbert_full_len3,5,5,0,4,False,2,0.7219280948873623,0.3109175070825711,C1883249,False,,,,,,,,,5.0,0.1705301403999327,0.1423909544944762,0.02983421087265,0.9999997258186338,0.8576087951660156
mm_0132151,Meta-Llama-3-8B-Instruct,0.0,1.0,sapbert_full_len3,5,5,0,4,False,2,0.9709505944546686,0.4181656600790516,C1883249,False,,,,,,,,,5.0,0.1705304384231567,0.1023184061050415,3.5762786865234375e-07,1.0,0.8976815938949585
mm_0132151,Mistral-7B-Instruct-v0.1,0.0,0.999999701976776,sapbert_full_len3,5,5,0,4,False,3,1.521928094887362,0.6554587535412855,C0007634,False,,,,,,,,,5.0,0.1705301403999327,0.093361723423004,0.02983421087265,0.9999998688697816,0.9066381454467772
mm_0132151,PubMedBERT,0.0,1.0,sapbert_full_len3,5,5,0,4,False,1,-0.0,-0.0,C1447749,True,5.0,1.0,"{""C1447749"": 5}",-0.0,-0.0,0.0,C1447749,0.0,5.0,-0.6256119012832642,-0.6256119012832642,-0.6256119012832642,0.3743880093097687,0.9999998807907104
mm_0132452,BERT-base,0.0,1.0,sapbert_full_len3,4,4,0,3,False,2,1.0,0.5,C0034394,False,4.0,3.0,"{""C0034394"": 1, ""UMLS:C0034394"": 1, ""C4042892"": 2}",1.5,0.75,0.0,C4042892,1.0,4.0,-0.6527034640312195,-0.6512863039970398,-0.6527034640312195,0.34871309995651245,0.9999994039535522
mm_0132452,BioBERT,0.0,1.0,sapbert_full_len3,4,4,0,3,False,2,0.8112781244591328,0.4056390622295664,C1257990,False,4.0,2.0,"{""UMLS:C1257990"": 3, ""UMLS:C0242193"": 1}",0.8112781244591328,0.4056390622295664,0.0,UMLS:C1257990,0.0,4.0,-0.6901251673698425,-0.6807608008384705,-0.6901251673698425,0.3192386031150818,0.9999994039535522
mm_0132452,BioMistral-7B,1.0,0.9999998807907104,sapbert_full_len3,4,4,0,3,False,1,-0.0,-0.0,C0242428,True,,,,,,,,,4.0,0.0575771331787109,0.0575772225856781,0.0575771331787109,0.9999999701976776,0.9424227476119996
mm_0132452,FLAN-T5-base,0.0,0.9999997615814208,sapbert_full_len3,4,4,0,3,False,2,1.0,0.5,C1261322,False,,,,,,,,,4.0,2.384185789905402e-07,0.0440070331096648,2.384185789905402e-07,0.9999999105930328,0.9559929370880128
mm_0132452,Llama3-OpenBioLLM-8B,1.0,0.9999998807907104,sapbert_full_len3,4,4,0,3,False,1,-0.0,-0.0,C0242428,True,,,,,,,,,4.0,0.0575771331787109,0.0575771331787109,0.0575771331787109,0.9999998807907104,0.9424227476119996
mm_0132452,Meta-Llama-3-8B-Instruct,0.0,1.0,sapbert_full_len3,4,4,0,3,False,2,0.8112781244591328,0.4056390622295664,C1274040,False,,,,,,,,,4.0,0.0260596275329589,-0.0113539695739746,-0.1235947608947753,0.969101220369339,0.9804551601409912
mm_0132452,Mistral-7B-Instruct-v0.1,1.0,1.0,sapbert_full_len3,4,4,0,3,False,1,-0.0,-0.0,C0242428,True,,,,,,,,,4.0,0.0575772523880004,0.0575772523880004,0.0575772523880004,1.0,0.9424227476119996
mm_0132452,PubMedBERT,0.0,1.0,sapbert_full_len3,4,4,0,3,False,2,0.8112781244591328,0.4056390622295664,C1839576,False,4.0,2.0,"{""C1839576"": 3, ""UMLS:C1707887"": 1}",0.8112781244591328,0.4056390622295664,0.0,C1839576,0.0,4.0,-0.689296305179596,-0.6732015609741211,-0.689296305179596,0.32679784297943115,0.9999994039535522
mm_0132655,BERT-base,0.0,1.0,sapbert_full_len3,5,5,0,4,False,1,-0.0,-0.0,C1312419,True,5.0,1.0,"{""C1312419"": 5}",-0.0,-0.0,0.0,C1312419,0.0,5.0,-0.6399316191673279,-0.6399316191673279,-0.6399316191673279,0.2947104573249817,0.9346420168876648
mm_0132655,BioBERT,0.0,1.0,sapbert_full_len3,5,5,0,4,False,1,-0.0,-0.0,C0013728,True,5.0,1.0,"{""C0013728"": 5}",-0.0,-0.0,0.0,C0013728,0.0,5.0,-0.6311391592025757,-0.6311391592025757,-0.6311391592025757,0.3035028874874115,0.9346420168876648
mm_0132655,BioMistral-7B,0.0,0.8222373723983765,sapbert_full_len3,5,5,0,4,False,2,0.9709505944546686,0.4181656600790516,C5887230,False,,,,,,,,,5.0,0.0249871611595153,0.0282178044319152,0.0249871611595153,0.8257713556289673,0.797553539276123
mm_0132655,FLAN-T5-base,0.0,0.8689256906509399,sapbert_full_len3,5,5,0,4,False,2,0.9709505944546686,0.4181656600790516,C0040302,False,,,,,,,,,5.0,0.0345435738563537,0.0459694743156433,0.0345435738563537,0.8764011144638062,0.8304316401481628
mm_0132655,Llama3-OpenBioLLM-8B,0.0,0.8222416043281555,sapbert_full_len3,5,5,0,4,False,2,0.9709505944546686,0.4181656600790516,C5887230,False,,,,,,,,,5.0,0.0249913930892944,0.0282280206680297,0.0249913930892944,0.8257815718650818,0.797553539276123
mm_0132655,Meta-Llama-3-8B-Instruct,0.0,0.8222373723983765,sapbert_full_len3,5,5,0,4,False,2,0.9709505944546686,0.4181656600790516,C5887230,False,,,,,,,,,5.0,0.0249871611595153,0.0149775862693786,-4.100799560546875e-05,0.7981650829315186,0.7831875085830688
mm_0132655,Mistral-7B-Instruct-v0.1,0.0,0.8222416043281555,sapbert_full_len3,5,5,0,4,False,2,0.9709505944546686,0.4181656600790516,C5887230,False,,,,,,,,,5.0,0.0249913930892944,0.0282280206680297,0.0249913930892944,0.8257815718650818,0.797553539276123
mm_0132655,PubMedBERT,0.0,1.0,sapbert_full_len3,5,5,0,4,False,1,-0.0,-0.0,C1447749,True,5.0,1.0,"{""C1447749"": 5}",-0.0,-0.0,0.0,C1447749,0.0,5.0,-0.6027905941009521,-0.6027905941009521,-0.6027905941009521,0.3318514823913574,0.9346420168876648
mm_0132764,BERT-base,0.0,1.0,sapbert_full_len3,9,9,0,8,False,2,0.7642045065086203,0.2410796804848405,C1257990,False,9.0,2.0,"{""UMLS:C1257990"": 7, ""C1431519"": 2}",0.7642045065086203,0.2410796804848405,0.0,UMLS:C1257990,0.0,9.0,-0.7897806167602539,-0.7538813352584839,-0.7897806167602539,0.2461184710264206,0.9999997615814209
mm_0132764,BioBERT,0.0,1.0,sapbert_full_len3,9,9,0,8,False,1,-0.0,-0.0,C1257990,True,9.0,1.0,"{""UMLS:C1257990"": 9}",-0.0,-0.0,0.0,UMLS:C1257990,0.0,9.0,-0.7897806167602539,-0.7897806167602539,-0.7897806167602539,0.21021923422813416,0.9999997615814209
mm_0132764,BioMistral-7B,0.0,1.0,sapbert_full_len3,9,9,0,8,False,2,0.9182958340544896,0.2896900821428475,C0022938,False,,,,,,,,,9.0,0.0136573314666748,0.0091051260630289,7.152557373046875e-07,1.0,0.990894854068756
mm_0132764,FLAN-T5-base,0.0,0.9999999403953552,sapbert_full_len3,9,9,0,8,False,1,-0.0,-0.0,C0023899,True,,,,,,,,,9.0,4.172325134277344e-07,4.702144198947483e-07,4.172325134277344e-07,0.9999999933772616,0.9999995827674866
mm_0132764,Llama3-OpenBioLLM-8B,1.0,0.8229168653488159,sapbert_full_len3,9,9,0,8,False,2,0.7642045065086203,0.2410796804848405,C0736268,False,,,,,,,,,9.0,0.0002344846725463,0.1235999597443474,0.0002344846725463,0.9803240696589152,0.8567240834236145
mm_0132764,Meta-Llama-3-8B-Instruct,0.0,1.0,sapbert_full_len3,9,9,0,8,False,3,1.224394445405986,0.3862534428571301,C0023899,False,,,,,,,,,9.0,7.152557373046875e-07,0.0139219694667392,2.980232238769531e-07,0.9999999867545234,0.9860780239105223
mm_0132764,Mistral-7B-Instruct-v0.1,0.0,0.9999999403953552,sapbert_full_len3,9,9,0,8,False,3,1.3921472236645345,0.4391735523809267,C0344441,False,,,,,,,,,9.0,2.980232238769531e-07,0.0231397615538703,1.788139343261719e-07,0.9999999205271404,0.9768601655960084
mm_0132764,PubMedBERT,0.0,1.0,sapbert_full_len3,9,9,0,8,False,2,0.7642045065086203,0.2410796804848405,C1257990,False,9.0,2.0,"{""UMLS:C1257990"": 7, ""C1447749"": 2}",0.7642045065086203,0.2410796804848405,0.0,UMLS:C1257990,0.0,9.0,-0.7897806167602539,-0.7459298372268677,-0.7897806167602539,0.2540700137615204,0.9999997615814209
mm_0132893,BERT-base,0.0,1.0,sapbert_full_len3,7,7,0,6,False,1,-0.0,-0.0,C0444254,True,7.0,1.0,"{""UMLS:C0444254"": 7}",-0.0,-0.0,0.0,UMLS:C0444254,0.0,7.0,-0.6312446594238281,-0.6312446594238281,-0.6312446594238281,0.368755042552948,0.9999997019767761
mm_0132893,BioBERT,0.0,1.0,sapbert_full_len3,7,7,0,6,False,3,1.3787834934861751,0.4911325898456825,C1257990,False,7.0,3.0,"{""UMLS:C1707887"": 1, ""C0016709"": 2, ""UMLS:C1257990"": 4}",1.3787834934861751,0.4911325898456825,0.0,UMLS:C1257990,0.0,7.0,-0.6291410326957703,-0.7217708230018616,-0.7385410070419312,0.27822890877723694,0.9999997019767761
mm_0132893,BioMistral-7B,0.0,0.9999998211860656,sapbert_full_len3,7,7,0,6,False,2,0.9852281360342516,0.3509453429964405,C1160858,False,,,,,,,,,5.0,0.0311493277549742,0.0798407316207885,0.0311493277549742,0.9999999642372132,0.9201592206954956
mm_0132893,FLAN-T5-base,0.0,0.9999999403953552,sapbert_full_len3,7,7,0,6,False,4,1.9502120649147463,0.6946795539074094,C0004927,False,,,,,,,,,7.0,0.0550439357757568,0.0246268766266959,3.5762786865234375e-07,1.0000000255448478,0.9753732085227966
mm_0132893,Llama3-OpenBioLLM-8B,0.0,0.9999998211860656,sapbert_full_len3,7,7,0,6,False,2,0.9852281360342516,0.3509453429964405,C0011327,False,,,,,,,,,7.0,0.0311493277549742,0.0899132064410617,0.0311493277549742,0.9999997871262686,0.9100865125656128
mm_0132893,Meta-Llama-3-8B-Instruct,0.0,1.0,sapbert_full_len3,7,7,0,6,False,2,0.5916727785823275,0.2107580961471984,C1160858,False,,,,,,,,,7.0,0.0311495065689086,0.0266996877534048,7.748603820800781e-07,1.0000000170298986,0.9733003973960876
mm_0132893,Mistral-7B-Instruct-v0.1,0.0,1.0,sapbert_full_len3,7,7,0,6,False,3,1.1488348542809166,0.4092232318950598,C1160858,False,,,,,,,,,7.0,0.0311495065689086,0.0470382826668875,1.0132789611816406e-06,0.9999999914850508,0.952961802482605
mm_0132893,PubMedBERT,0.0,1.0,sapbert_full_len3,7,7,0,6,False,2,0.9852281360342516,0.3509453429964405,C1423931,False,7.0,2.0,"{""UMLS:C1707887"": 3, ""UMLS:C1423931"": 4}",0.9852281360342516,0.3509453429964405,0.0,UMLS:C1423931,0.0,7.0,-0.6291410326957703,-0.590927243232727,-0.6291410326957703,0.4090724587440491,0.9999997019767761
mm_0133360,BERT-base,0.0,1.0,sapbert_full_len3,7,7,0,6,False,4,1.6644977792004614,0.5929060718765461,C1257990,False,7.0,4.0,"{""UMLS:C1257990"": 4, ""C1447749"": 1, ""C1566790"": 1, ""C0055966"": 1}",1.6644977792004614,0.5929060718765461,0.0,UMLS:C1257990,1.0,7.0,-0.6772291660308838,-0.6232575178146362,-0.6772291660308838,0.3767417371273041,0.9999992251396179
mm_0133360,BioBERT,0.0,1.0,sapbert_full_len3,7,7,0,6,False,1,-0.0,-0.0,C0258846,True,7.0,1.0,"{""C0258846"": 7}",-0.0,-0.0,0.0,C0258846,0.0,7.0,-0.561070442199707,-0.561070442199707,-0.561070442199707,0.4389287531375885,0.9999992251396179
mm_0133360,BioMistral-7B,1.0,0.9999995827674866,sapbert_full_len3,7,7,0,6,False,1,-0.0,-0.0,C0812230,True,,,,,,,,,7.0,3.5762786865234375e-07,6.641660417829241e-07,3.5762786865234375e-07,0.9999998893056598,0.9999991655349731
mm_0133360,FLAN-T5-base,0.0,0.9999998211860656,sapbert_full_len3,7,7,0,6,False,2,0.863120568566631,0.3074497498641964,C0162429,False,,,,,,,,,7.0,1.7881393421514957e-07,2.980232238610928e-07,1.7881393421514957e-07,0.9999998211860656,0.9999995231628418
mm_0133360,Llama3-OpenBioLLM-8B,1.0,1.0,sapbert_full_len3,7,7,0,6,False,1,-0.0,-0.0,C0812230,True,,,,,,,,,7.0,0.2464207410812378,0.1056092977523803,7.152557373046875e-07,0.9999999829701016,0.8943905830383301
mm_0133360,Meta-Llama-3-8B-Instruct,0.0,0.9999998807907104,sapbert_full_len3,7,7,0,6,False,3,1.3787834934861751,0.4911325898456825,C2246747,False,,,,,,,,,7.0,0.0965885519981384,0.0870332206998552,0.0428094863891601,0.9999999829701016,0.9129667282104492
mm_0133360,Mistral-7B-Instruct-v0.1,1.0,0.9999995827674866,sapbert_full_len3,7,7,0,6,False,1,-0.0,-0.0,C0812230,True,,,,,,,,,7.0,3.5762786865234375e-07,3.5762786865234375e-07,3.5762786865234375e-07,0.9999995827674866,0.9999991655349731
mm_0133360,PubMedBERT,0.0,1.0,sapbert_full_len3,7,7,0,6,False,2,0.863120568566631,0.3074497498641964,C1423931,False,7.0,2.0,"{""UMLS:C1423931"": 5, ""C1447749"": 2}",0.863120568566631,0.3074497498641964,0.0,UMLS:C1423931,0.0,7.0,-0.5592994689941406,-0.5716991424560547,-0.6026984453201294,0.42830008268356323,0.9999992251396179
mm_0133554,BERT-base,0.0,1.0,sapbert_full_len3,6,6,0,5,False,1,-0.0,-0.0,C0242193,True,6.0,1.0,"{""UMLS:C0242193"": 6}",-0.0,-0.0,0.0,UMLS:C0242193,0.0,6.0,-0.43938198685646057,-0.43938198685646057,-0.43938198685646057,0.2822253406047821,0.7216073870658875
mm_0133554,BioBERT,0.0,1.0,sapbert_full_len3,6,6,0,5,False,3,1.584962500721156,0.6131471927654584,C0242193,False,6.0,3.0,"{""UMLS:C0242193"": 2, ""C0027609"": 2, ""UMLS:C1707887"": 2}",1.584962500721156,0.6131471927654584,0.0,UMLS:C0242193,1.0,6.0,-0.43938198685646057,-0.3727364242076874,-0.43938198685646057,0.3488709032535553,0.7216073870658875
mm_0133554,BioMistral-7B,0.0,0.7139254808425903,sapbert_full_len3,6,6,0,5,False,2,0.9182958340544896,0.355245321275764,C0260962,False,,,,,,,,,6.0,-0.0076750516891479,0.0140757163365681,-0.0076750516891479,0.8092836538950602,0.7952079772949219
mm_0133554,FLAN-T5-base,0.0,0.7139254808425903,sapbert_full_len3,6,6,0,5,False,1,-0.0,-0.0,C0260962,True,,,,,,,,,6.0,-0.0076750516891479,-0.0076750516891479,-0.0076750516891479,0.7139254808425903,0.7216005325317383
mm_0133554,Llama3-OpenBioLLM-8B,0.0,1.0,sapbert_full_len3,6,6,0,5,False,3,1.584962500721156,0.6131471927654584,C0035171,False,,,,,,,,,6.0,0.0811233520507812,0.0643572409947713,3.5762786865234375e-07,0.9999999602635702,0.9356427192687988
mm_0133554,Meta-Llama-3-8B-Instruct,0.0,0.9999998807907104,sapbert_full_len3,6,6,0,5,False,1,-0.0,-0.0,C0034379,True,,,,,,,,,6.0,0.0423459410667419,0.0423457920551299,0.0423457622528075,0.9999997317790984,0.9576539397239684
mm_0133554,Mistral-7B-Instruct-v0.1,0.0,0.7139502763748169,sapbert_full_len3,6,6,0,5,False,2,0.6500224216483541,0.2514629985800606,C0260962,False,,,,,,,,,6.0,-0.0076502561569213,-0.010929803053538,-0.027327537536621,0.7183550993601481,0.729284942150116
mm_0133554,PubMedBERT,0.0,1.0,sapbert_full_len3,6,6,0,5,False,1,-0.0,-0.0,C1447749,True,6.0,1.0,"{""C1447749"": 6}",-0.0,-0.0,0.0,C1447749,0.0,6.0,-0.39243534207344055,-0.39243534207344055,-0.39243534207344055,0.3291719853878021,0.7216073870658875
mm_0133581,BERT-base,1.0,1.0,sapbert_full_len3,8,8,0,7,False,1,-0.0,-0.0,C0032521,True,8.0,1.0,"{""UMLS:C0032521"": 8}",-0.0,-0.0,1.0,UMLS:C0032521,0.0,8.0,-0.08196115493774414,-0.08196115493774414,-0.08196115493774414,0.6940175294876099,0.775978684425354
mm_0133581,BioBERT,1.0,1.0,sapbert_full_len3,8,8,0,7,False,1,-0.0,-0.0,C0032521,True,8.0,1.0,"{""UMLS:C0032521"": 8}",-0.0,-0.0,1.0,UMLS:C0032521,0.0,8.0,-0.08196115493774414,-0.08196115493774414,-0.08196115493774414,0.6940175294876099,0.775978684425354
mm_0133581,BioMistral-7B,0.0,0.8370833396911621,sapbert_full_len3,8,8,0,7,False,4,2.0,0.6666666666666666,C0574031,False,,,,,,,,,8.0,-0.0635938048362732,-0.0143785029649734,-0.0635938048362732,0.8429391086101532,0.8573176264762878
mm_0133581,FLAN-T5-base,0.0,0.7546631097793579,sapbert_full_len3,8,8,0,7,False,3,1.061278124459133,0.353759374819711,C0005479,False,,,,,,,,,8.0,-0.0213460326194763,-0.0147890970110893,-0.0213460326194763,0.8159973472356796,0.8307864665985107
mm_0133581,Llama3-OpenBioLLM-8B,0.0,0.7546631097793579,sapbert_full_len3,8,8,0,7,False,2,0.8112781244591328,0.2704260414863776,C0005479,False,,,,,,,,,8.0,-0.021315574645996,-0.0071895867586135,-0.0213460326194763,0.7728709578514099,0.7800605297088623
mm_0133581,Meta-Llama-3-8B-Instruct,0.0,0.9999999403953552,sapbert_full_len3,8,8,0,7,False,2,0.8112781244591328,0.2704260414863776,C1879843,False,,,,,,,,,8.0,0.0697174668312072,0.0174295380711555,2.384185791015625e-07,0.999999888241291,0.9825703501701356
mm_0133581,Mistral-7B-Instruct-v0.1,0.0,0.7546807527542114,sapbert_full_len3,8,8,0,7,False,2,0.8112781244591328,0.2704260414863776,C0005479,False,,,,,,,,,8.0,-0.0213283896446228,-0.0159962326288223,-0.0213283896446228,0.8160105347633362,0.8320068120956421
mm_0133581,PubMedBERT,0.0,1.0,sapbert_full_len3,8,8,0,7,False,2,0.8112781244591328,0.2704260414863776,C1447749,False,8.0,2.0,"{""C1447749"": 6, ""UMLS:C1257990"": 2}",0.8112781244591328,0.2704260414863776,0.0,C1447749,0.0,8.0,-0.4480297565460205,-0.42142045497894287,-0.4480297565460205,0.35455822944641113,0.775978684425354
mm_0133687,BERT-base,0.0,1.0,sapbert_full_len3,4,4,0,3,False,1,-0.0,-0.0,C0282597,True,4.0,1.0,"{""C0282597"": 4}",-0.0,-0.0,0.0,C0282597,0.0,4.0,-0.6050230860710144,-0.6050230860710144,-0.6050230860710144,0.3949763774871826,0.999999463558197
mm_0133687,BioBERT,0.0,1.0,sapbert_full_len3,4,4,0,3,False,1,-0.0,-0.0,C1257990,True,4.0,1.0,"{""UMLS:C1257990"": 4}",-0.0,-0.0,0.0,UMLS:C1257990,0.0,4.0,-0.6382126212120056,-0.6382126212120056,-0.6382126212120056,0.3617868423461914,0.999999463558197
mm_0133687,BioMistral-7B,0.0,0.7976107597351074,sapbert_full_len3,4,4,0,3,False,1,-0.0,-0.0,C1656799,True,,,,,,,,,4.0,0.0225270390510559,0.0225270390510559,0.0225270390510559,0.7976107597351074,0.7750837206840515
mm_0133687,FLAN-T5-base,0.0,0.8316299319267273,sapbert_full_len3,4,4,0,3,False,1,-0.0,-0.0,C0032483,True,,,,,,,,,4.0,0.0034431219100952,0.0623889118432997,0.0034431219100952,0.9579073488712312,0.89551842212677
mm_0133687,Llama3-OpenBioLLM-8B,0.0,0.79752516746521,sapbert_full_len3,4,4,0,3,False,2,0.8112781244591328,0.4056390622295664,C3897884,False,,,,,,,,,4.0,0.0224414467811584,-0.0050445348024368,-0.0142065286636352,0.748798057436943,0.7538425922393799
mm_0133687,Meta-Llama-3-8B-Instruct,0.0,0.8408628702163696,sapbert_full_len3,4,4,0,3,False,1,-0.0,-0.0,C5940816,True,,,,,,,,,4.0,0.1071233749389648,0.1071233749389648,0.1071233749389648,0.8408628702163696,0.7337394952774048
mm_0133687,Mistral-7B-Instruct-v0.1,0.0,0.79752516746521,sapbert_full_len3,4,3,1,3,False,2,0.9182958340544896,0.4591479170272448,C5940816,False,,,,,,,,,3.0,0.0224414467811584,0.0788833101590474,0.0224414467811584,0.8264042139053345,0.747520923614502
mm_0133687,PubMedBERT,0.0,1.0,sapbert_full_len3,4,4,0,3,False,2,0.8112781244591328,0.4056390622295664,C1839576,False,4.0,2.0,"{""C1839576"": 3, ""UMLS:C1257990"": 1}",0.8112781244591328,0.4056390622295664,0.0,C1839576,0.0,4.0,-0.6459829211235046,-0.6440403461456299,-0.6459829211235046,0.35595911741256714,0.999999463558197
mm_0134026,BERT-base,0.0,1.0,sapbert_full_len3,5,5,0,4,False,1,-0.0,-0.0,C1257990,True,5.0,1.0,"{""UMLS:C1257990"": 5}",-0.0,-0.0,0.0,UMLS:C1257990,0.0,5.0,-0.6659453511238098,-0.6659453511238098,-0.6659453511238098,0.3340541124343872,0.9999994039535522
mm_0134026,BioBERT,0.0,1.0,sapbert_full_len3,5,5,0,4,False,1,-0.0,-0.0,C1257990,True,5.0,1.0,"{""UMLS:C1257990"": 5}",-0.0,-0.0,0.0,UMLS:C1257990,0.0,5.0,-0.6659453511238098,-0.6659453511238098,-0.6659453511238098,0.3340541124343872,0.9999994039535522
mm_0134026,BioMistral-7B,1.0,1.0,sapbert_full_len3,5,5,0,4,False,1,-0.0,-0.0,C0022773,True,,,,,,,,,5.0,0.1798564195632934,0.182056188583374,0.1798564195632934,1.0,0.8179438710212708
mm_0134026,FLAN-T5-base,1.0,1.0,sapbert_full_len3,5,5,0,4,False,1,-0.0,-0.0,C0022773,True,,,,,,,,,5.0,0.2772297263145447,0.2426799416542053,0.1908552646636963,1.0,0.7573200464248657
mm_0134026,Llama3-OpenBioLLM-8B,0.0,0.9999998211860656,sapbert_full_len3,5,5,0,4,False,2,0.7219280948873623,0.3109175070825711,C0022773,False,,,,,,,,,5.0,0.0560922622680662,0.2063024282455444,0.0560922622680662,0.9999999642372132,0.7936975359916687
mm_0134026,Meta-Llama-3-8B-Instruct,0.0,0.9999998211860656,sapbert_full_len3,5,5,0,4,False,1,-0.0,-0.0,C1513384,True,,,,,,,,,5.0,8.344650267444464e-07,9.775161742942018e-07,8.344650267444464e-07,0.9999999642372132,0.999998927116394
mm_0134026,Mistral-7B-Instruct-v0.1,0.0,0.9999995231628418,sapbert_full_len3,5,5,0,4,False,1,-0.0,-0.0,C0080143,True,,,,,,,,,5.0,0.0174077749252319,0.0174081563949584,0.0174077749252319,0.9999999046325684,0.98259174823761
mm_0134026,PubMedBERT,0.0,1.0,sapbert_full_len3,5,5,0,4,False,1,-0.0,-0.0,C1839576,True,5.0,1.0,"{""C1839576"": 5}",-0.0,-0.0,0.0,C1839576,0.0,5.0,-0.631126880645752,-0.631126880645752,-0.631126880645752,0.36887258291244507,0.9999994039535522
mm_0135029,BERT-base,0.0,1.0,sapbert_full_len3,7,7,0,6,False,1,-0.0,-0.0,C1447749,True,7.0,1.0,"{""C1447749"": 7}",-0.0,-0.0,0.0,C1447749,0.0,7.0,-0.6093230247497559,-0.6093230247497559,-0.6093230247497559,0.39067670702934265,0.9999997019767761
mm_0135029,BioBERT,0.0,1.0,sapbert_full_len3,7,7,0,6,False,3,1.3787834934861751,0.4911325898456825,C1370369,False,7.0,3.0,"{""C1370369"": 4, ""C1447749"": 1, ""C0025677"": 2}",1.3787834934861751,0.4911325898456825,0.0,C1370369,0.0,7.0,-0.7070977687835693,-0.6885688900947571,-0.7070977687835693,0.3114309310913086,0.9999997019767761
mm_0135029,BioMistral-7B,0.0,0.9999998807907104,sapbert_full_len3,7,7,0,6,False,2,0.863120568566631,0.3074497498641964,C1540290,False,,,,,,,,,7.0,2.384185791015625e-07,3.5762786865234375e-07,2.384185791015625e-07,1.0000000170298986,0.9999996423721312
mm_0135029,FLAN-T5-base,0.0,1.0,sapbert_full_len3,7,7,0,6,False,3,1.1488348542809166,0.4092232318950598,C0231491,False,,,,,,,,,7.0,0.2407823801040649,0.0999078324862888,1.788139343261719e-07,0.9999999148505074,0.9000920653343201
mm_0135029,Llama3-OpenBioLLM-8B,0.0,1.0,sapbert_full_len3,7,7,0,6,False,1,-0.0,-0.0,C0231491,True,,,,,,,,,7.0,0.1235756874084472,0.1269037638391767,0.0583779215812683,1.0,0.8730961680412292
mm_0135029,Meta-Llama-3-8B-Instruct,0.0,1.0,sapbert_full_len3,7,7,0,6,False,1,-0.0,-0.0,C0231491,True,,,,,,,,,7.0,0.0946288108825683,0.0999023914337158,0.0946288108825683,1.0,0.900097668170929
mm_0135029,Mistral-7B-Instruct-v0.1,0.0,1.0,sapbert_full_len3,7,7,0,6,False,2,0.9852281360342516,0.3509453429964405,C0231491,False,,,,,,,,,7.0,0.1263455748558044,0.1762300133705138,0.084580898284912,0.9999998978206088,0.8237698674201965
mm_0135029,PubMedBERT,0.0,1.0,sapbert_full_len3,7,7,0,6,False,2,0.863120568566631,0.3074497498641964,C0015131,False,7.0,2.0,"{""C0015131"": 5, ""C0018966"": 2}",0.863120568566631,0.3074497498641964,0.0,C0015131,0.0,7.0,-0.6290303468704224,-0.6427268385887146,-0.6769680976867676,0.3572729229927063,0.9999997019767761
mm_0135287,BERT-base,0.0,1.0,sapbert_full_len3,7,7,0,6,False,2,0.863120568566631,0.3074497498641964,C0242913,False,7.0,2.0,"{""C0242913"": 5, ""C0728747"": 2}",0.863120568566631,0.3074497498641964,0.0,C0242913,0.0,7.0,-0.6101794838905334,-0.6035845875740051,-0.6101794838905334,0.39641493558883667,0.9999995231628418
mm_0135287,BioBERT,0.0,1.0,sapbert_full_len3,7,7,0,6,False,1,-0.0,-0.0,C0949359,True,7.0,1.0,"{""C0949359"": 7}",-0.0,-0.0,0.0,C0949359,0.0,7.0,-0.7098537087440491,-0.7098537087440491,-0.7098537087440491,0.2901458144187927,0.9999995231628418
mm_0135287,BioMistral-7B,0.0,0.9999998211860656,sapbert_full_len3,7,7,0,6,False,1,-0.0,-0.0,C0030567,True,,,,,,,,,7.0,0.0359168052673338,0.035916907446725,0.0359168052673338,0.9999999233654568,0.9640830755233764
mm_0135287,FLAN-T5-base,1.0,0.9999997615814208,sapbert_full_len3,7,7,0,6,False,3,1.1488348542809166,0.4092232318950598,C1700683,False,,,,,,,,,7.0,0.0160025954246519,0.0544481873512267,1.1920928943975897e-07,0.9999997956412178,0.9455516934394836
mm_0135287,Llama3-OpenBioLLM-8B,0.0,0.9999998211860656,sapbert_full_len3,7,7,0,6,False,2,0.9852281360342516,0.3509453429964405,C1700683,False,,,,,,,,,7.0,0.0359168052673338,0.0245372567858013,0.0160025954246519,0.9999997871262686,0.9754625558853148
mm_0135287,Meta-Llama-3-8B-Instruct,0.0,0.9999999403953552,sapbert_full_len3,7,7,0,6,False,1,-0.0,-0.0,C0030567,True,,,,,,,,,7.0,0.0359169244766235,0.0359169244766235,0.0359169244766235,0.9999999403953552,0.9640830755233764
mm_0135287,Mistral-7B-Instruct-v0.1,0.0,0.9999999403953552,sapbert_full_len3,7,7,0,6,False,1,-0.0,-0.0,C0030567,True,,,,,,,,,7.0,0.0359169244766235,0.0359169244766235,0.0359169244766235,0.9999999403953552,0.9640830755233764
mm_0135287,PubMedBERT,0.0,1.0,sapbert_full_len3,7,7,0,6,False,1,-0.0,-0.0,C1839576,True,7.0,1.0,"{""C1839576"": 7}",-0.0,-0.0,0.0,C1839576,0.0,7.0,-0.583304762840271,-0.583304762840271,-0.583304762840271,0.4166947901248932,0.9999995231628418
mm_0135623,BERT-base,0.0,1.0,sapbert_full_len3,7,7,0,6,False,3,1.3787834934861751,0.4911325898456825,C0242193,False,7.0,3.0,"{""UMLS:C0242193"": 4, ""C3850091"": 1, ""UMLS:C0444254"": 2}",1.3787834934861751,0.4911325898456825,0.0,UMLS:C0242193,0.0,7.0,-0.5630847215652466,-0.5516871809959412,-0.5687110424041748,0.4483126103878021,0.9999997019767761
mm_0135623,BioBERT,0.0,1.0,sapbert_full_len3,7,7,0,6,False,2,0.863120568566631,0.3074497498641964,C1707887,False,7.0,2.0,"{""UMLS:C1707887"": 5, ""UMLS:C1257990"": 2}",0.863120568566631,0.3074497498641964,0.0,UMLS:C1707887,0.0,7.0,-0.6009398102760315,-0.6136655807495117,-0.6454799771308899,0.3863341808319092,0.9999997019767761
mm_0135623,BioMistral-7B,0.0,1.0,sapbert_full_len3,7,7,0,6,False,1,-0.0,-0.0,C0013989,True,,,,,,,,,7.0,0.0518182516098022,0.0518182516098022,0.0518182516098022,1.0,0.948181688785553
mm_0135623,FLAN-T5-base,0.0,1.0,sapbert_full_len3,7,7,0,6,False,1,-0.0,-0.0,C0013989,True,,,,,,,,,7.0,0.0518182516098022,0.0518182516098022,0.0518182516098022,1.0,0.948181688785553
mm_0135623,Llama3-OpenBioLLM-8B,0.0,1.0,sapbert_full_len3,7,7,0,6,False,1,-0.0,-0.0,C0013989,True,,,,,,,,,7.0,0.0518182516098022,0.0518181494304112,0.0518181324005126,0.9999998978206088,0.948181688785553
mm_0135623,Meta-Llama-3-8B-Instruct,0.0,1.0,sapbert_full_len3,7,7,0,6,False,1,-0.0,-0.0,C0013989,True,,,,,,,,,7.0,0.0518182516098022,0.0518181494304112,0.0518181324005126,0.9999998978206088,0.948181688785553
mm_0135623,Mistral-7B-Instruct-v0.1,0.0,0.9999998807907104,sapbert_full_len3,7,7,0,6,False,1,-0.0,-0.0,C0013989,True,,,,,,,,,7.0,0.0518181324005126,0.0518181324005126,0.0518181324005126,0.9999998807907104,0.948181688785553
mm_0135623,PubMedBERT,0.0,1.0,sapbert_full_len3,7,7,0,6,False,3,1.1488348542809166,0.4092232318950598,C0681906,False,7.0,3.0,"{""UMLS:C0681906"": 5, ""UMLS:C1707887"": 1, ""C0036669"": 1}",1.1488348542809166,0.4092232318950598,0.0,UMLS:C0681906,0.0,7.0,-0.5804133415222168,-0.5708219408988953,-0.6009398102760315,0.42917776107788086,0.9999997019767761
mm_0135626,BERT-base,0.0,1.0,sapbert_full_len3,4,4,0,3,False,2,1.0,0.5,C1447749,False,4.0,2.0,"{""C1447749"": 2, ""UMLS:C0242193"": 2}",1.0,0.5,0.0,C1447749,1.0,4.0,-0.6840875148773193,-0.6302346587181091,-0.6840875148773193,0.3697647750377655,0.999999463558197
mm_0135626,BioBERT,0.0,1.0,sapbert_full_len3,4,4,0,3,False,1,-0.0,-0.0,C1257990,True,4.0,1.0,"{""UMLS:C1257990"": 4}",-0.0,-0.0,0.0,UMLS:C1257990,0.0,4.0,-0.6428989768028259,-0.6428989768028259,-0.6428989768028259,0.3571004867553711,0.999999463558197
mm_0135626,BioMistral-7B,0.0,1.0,sapbert_full_len3,4,4,0,3,False,1,-0.0,-0.0,C0013989,True,,,,,,,,,4.0,0.0518182516098022,0.0518182516098022,0.0518182516098022,1.0,0.9481817483901978
mm_0135626,FLAN-T5-base,0.0,1.0,sapbert_full_len3,4,4,0,3,False,1,-0.0,-0.0,C0013989,True,,,,,,,,,4.0,0.0518182516098022,0.0518182516098022,0.0518182516098022,1.0,0.9481817483901978
mm_0135626,Llama3-OpenBioLLM-8B,0.0,1.0000001192092896,sapbert_full_len3,4,4,0,3,False,3,1.5,0.75,C0599755,False,,,,,,,,,4.0,0.0631711483001709,0.089613378047943,-1.1102230246251563e-16,0.9999999403953552,0.910386562347412
mm_0135626,Meta-Llama-3-8B-Instruct,1.0,1.0,sapbert_full_len3,4,4,0,3,False,1,-0.0,-0.0,C0599755,True,,,,,,,,,4.0,0.1860465407371521,0.1860465407371521,0.1860465407371521,1.0,0.8139534592628479
mm_0135626,Mistral-7B-Instruct-v0.1,1.0,1.0,sapbert_full_len3,4,4,0,3,False,2,0.8112781244591328,0.4056390622295664,C0599755,False,,,,,,,,,4.0,0.2488718628883361,0.1996084302663803,0.0518181324005126,0.9999999701976776,0.8003915548324585
mm_0135626,PubMedBERT,0.0,1.0,sapbert_full_len3,4,4,0,3,False,1,-0.0,-0.0,C1839576,True,4.0,1.0,"{""C1839576"": 4}",-0.0,-0.0,0.0,C1839576,0.0,4.0,-0.6198219060897827,-0.6198219060897827,-0.6198219060897827,0.3801775574684143,0.999999463558197
mm_0137460,BERT-base,0.0,1.0,sapbert_full_len3,5,5,0,4,False,2,0.9709505944546686,0.4181656600790516,C1447749,False,5.0,2.0,"{""C1447749"": 3, ""UMLS:C0242193"": 2}",0.9709505944546686,0.4181656600790516,0.0,C1447749,0.0,5.0,-0.6605443954467773,-0.67652428150177,-0.7004941701889038,0.3010560870170593,0.9775803685188293
mm_0137460,BioBERT,1.0,1.0,sapbert_full_len3,5,5,0,4,False,1,-0.0,-0.0,C0681906,True,5.0,1.0,"{""UMLS:C0681906"": 5}",-0.0,-0.0,1.0,UMLS:C0681906,0.0,5.0,-0.7249653935432434,-0.7249653935432434,-0.7249653935432434,0.25261497497558594,0.9775803685188293
mm_0137460,BioMistral-7B,0.0,0.9999997615814208,sapbert_full_len3,5,5,0,4,False,1,-0.0,-0.0,C0032405,True,,,,,,,,,5.0,-1.1102230246251563e-16,9.536743161842055e-08,-1.1102230246251563e-16,0.9999998569488524,0.9999998211860656
mm_0137460,FLAN-T5-base,0.0,1.0,sapbert_full_len3,5,5,0,4,False,1,-0.0,-0.0,C0003467,True,,,,,,,,,5.0,7.152557373046875e-07,5.722045897549321e-07,5.364418028674933e-07,0.9999998569488524,0.999999225139618
mm_0137460,Llama3-OpenBioLLM-8B,0.0,0.9436053037643432,sapbert_full_len3,5,5,0,4,False,3,1.521928094887362,0.6554587535412855,C4743557,False,,,,,,,,,5.0,-0.0490083694458008,0.0039860725402831,-0.0490083694458008,0.8975291013717651,0.8935430645942688
mm_0137460,Meta-Llama-3-8B-Instruct,0.0,1.0,sapbert_full_len3,5,5,0,4,False,1,-0.0,-0.0,C0003467,True,,,,,,,,,5.0,7.152557373046875e-07,7.152557373046875e-07,7.152557373046875e-07,1.0,0.999999225139618
mm_0137460,Mistral-7B-Instruct-v0.1,0.0,0.9999998211860656,sapbert_full_len3,5,5,0,4,False,2,0.9709505944546686,0.4181656600790516,C0003467,False,,,,,,,,,5.0,5.364418028674933e-07,3.218650816760871e-07,-1.1102230246251563e-16,0.9999997973442076,0.9999994039535522
mm_0137460,PubMedBERT,1.0,1.0,sapbert_full_len3,5,5,0,4,False,1,-0.0,-0.0,C0681906,True,5.0,1.0,"{""UMLS:C0681906"": 5}",-0.0,-0.0,1.0,UMLS:C0681906,0.0,5.0,-0.7249653935432434,-0.7249653935432434,-0.7249653935432434,0.25261497497558594,0.9775803685188293
mm_0137726,BERT-base,0.0,1.0,sapbert_full_len3,9,9,0,8,False,2,0.7642045065086203,0.2410796804848405,C0034698,False,9.0,2.0,"{""C0034698"": 7, ""UMLS:C0242193"": 2}",0.7642045065086203,0.2410796804848405,0.0,C0034698,0.0,9.0,-0.6205184459686279,-0.6239553093910217,-0.6359843015670776,0.3760443329811096,0.9999997019767761
mm_0137726,BioBERT,0.0,1.0,sapbert_full_len3,9,9,0,8,False,3,1.4355205042826666,0.4528562990069186,C0265267,False,9.0,3.0,"{""C0265267"": 5, ""UMLS:C1707887"": 2, ""C2935436"": 2}",1.4355205042826666,0.4528562990069186,0.0,C0265267,0.0,9.0,-0.5824236273765564,-0.5935701131820679,-0.688947319984436,0.4064294993877411,0.9999997019767761
mm_0137726,BioMistral-7B,0.0,1.0,sapbert_full_len3,9,9,0,8,False,2,0.7642045065086203,0.2410796804848405,C0041296,False,,,,,,,,,9.0,0.0224802494049072,0.0385483370886908,0.0224801301956176,0.9999999205271404,0.9614516496658324
mm_0137726,FLAN-T5-base,1.0,1.0,sapbert_full_len3,9,9,0,8,False,1,-0.0,-0.0,C0039298,True,,,,,,,,,9.0,0.0947870016098022,0.0947870016098022,0.0947870016098022,1.0,0.9052130579948424
mm_0137726,Llama3-OpenBioLLM-8B,1.0,1.0,sapbert_full_len3,9,9,0,8,False,2,0.7642045065086203,0.2410796804848405,C0039298,False,,,,,,,,,9.0,0.1016910076141357,0.0787591338157653,0.0224801301956176,0.9999999735090468,0.9212409257888794
mm_0137726,Meta-Llama-3-8B-Instruct,0.0,1.0,sapbert_full_len3,9,9,0,8,False,1,-0.0,-0.0,C0041296,True,,,,,,,,,9.0,0.0224802494049072,0.0300885836283365,0.0224802494049072,1.0,0.9699113368988036
mm_0137726,Mistral-7B-Instruct-v0.1,0.0,0.9999998807907104,sapbert_full_len3,9,9,0,8,False,1,-0.0,-0.0,C0041296,True,,,,,,,,,9.0,0.0224801301956176,0.0224801301956176,0.0224801301956176,0.9999998807907104,0.9775197505950928
mm_0137726,PubMedBERT,0.0,1.0,sapbert_full_len3,9,9,0,8,False,2,0.9182958340544896,0.2896900821428475,C1839576,False,9.0,2.0,"{""C1839576"": 6, ""C1447749"": 3}",0.9182958340544896,0.2896900821428475,0.0,C1839576,0.0,9.0,-0.6212385296821594,-0.605350136756897,-0.6212385296821594,0.3946495056152344,0.9999997019767761
mm_0138166,BERT-base,0.0,1.0,sapbert_full_len3,5,5,0,4,False,2,0.9709505944546686,0.4181656600790516,C0393786,False,5.0,2.0,"{""UMLS:C0393786"": 3, ""C1839576"": 2}",0.9709505944546686,0.4181656600790516,0.0,UMLS:C0393786,0.0,5.0,-0.6267870664596558,-0.6163873672485352,-0.6267870664596558,0.3836122155189514,0.9999996423721313
mm_0138166,BioBERT,0.0,1.0,sapbert_full_len3,5,5,0,4,False,1,-0.0,-0.0,C0265267,True,5.0,1.0,"{""C0265267"": 5}",-0.0,-0.0,0.0,C0265267,0.0,5.0,-0.5971537232398987,-0.5971537232398987,-0.5971537232398987,0.4028458595275879,0.9999996423721313
mm_0138166,BioMistral-7B,0.0,0.7070640325546265,sapbert_full_len3,5,5,0,4,False,2,0.9709505944546686,0.4181656600790516,C0222648,False,,,,,,,,,5.0,-0.0154249668121337,-0.0021624565124511,-0.0154249668121337,0.8161276340484619,0.8182900547981262
mm_0138166,FLAN-T5-base,0.0,0.9999998807907104,sapbert_full_len3,5,5,0,4,False,1,-0.0,-0.0,C0016658,True,,,,,,,,,5.0,1.1920928955078125e-07,2.1457672119140626e-07,1.1920928955078125e-07,0.999999976158142,0.9999998211860656
mm_0138166,Llama3-OpenBioLLM-8B,0.0,0.932353675365448,sapbert_full_len3,5,5,0,4,False,3,1.521928094887362,0.6554587535412855,C1397061,False,,,,,,,,,5.0,-0.0061618685722351,-0.0072833657264709,-0.0153658390045166,0.8506028413772583,0.8578861355781555
mm_0138166,Meta-Llama-3-8B-Instruct,0.0,0.7070640325546265,sapbert_full_len3,5,5,0,4,False,2,0.9709505944546686,0.4181656600790516,C0222648,False,,,,,,,,,5.0,-0.0154249668121337,0.0044727325439452,-0.0154249668121337,0.813996434211731,0.8095237016677856
mm_0138166,Mistral-7B-Instruct-v0.1,0.0,0.7071231603622437,sapbert_full_len3,5,5,0,4,False,2,0.9709505944546686,0.4181656600790516,C0222648,False,,,,,,,,,5.0,-0.0153658390045166,-0.0031495571136474,-0.0153658390045166,0.8242738962173461,0.8274233937263489
mm_0138166,PubMedBERT,0.0,1.0,sapbert_full_len3,5,5,0,4,False,2,0.9709505944546686,0.4181656600790516,C1839576,False,5.0,2.0,"{""C1839576"": 3, ""C0338508"": 2}",0.9709505944546686,0.4181656600790516,0.0,C1839576,0.0,5.0,-0.600787878036499,-0.5968169569969177,-0.600787878036499,0.40318259596824646,0.9999996423721313
mm_0138562,BERT-base,0.0,1.0,sapbert_full_len3,6,6,0,5,False,1,-0.0,-0.0,C1447749,True,6.0,1.0,"{""C1447749"": 6}",-0.0,-0.0,0.0,C1447749,0.0,6.0,-0.6344199180603027,-0.6344199180603027,-0.6344199180603027,0.36557987332344055,0.9999997615814209
mm_0138562,BioBERT,0.0,1.0,sapbert_full_len3,6,6,0,5,False,2,0.9182958340544896,0.355245321275764,C0027609,False,6.0,2.0,"{""C0027609"": 4, ""C1447749"": 2}",0.9182958340544896,0.355245321275764,0.0,C0027609,0.0,6.0,-0.7171958684921265,-0.689603865146637,-0.7171958684921265,0.31039586663246155,0.9999997615814209
mm_0138562,BioMistral-7B,0.0,0.9999998807907104,sapbert_full_len3,6,6,0,5,False,1,-0.0,-0.0,C0020699,True,,,,,,,,,6.0,4.76837158203125e-07,4.76837158203125e-07,4.76837158203125e-07,0.9999998807907104,0.999999463558197
mm_0138562,FLAN-T5-base,1.0,1.0,sapbert_full_len3,6,6,0,5,False,2,0.9182958340544896,0.355245321275764,C0020699,False,,,,,,,,,6.0,0.2497496604919433,0.0832502841949462,5.960464477539062e-07,1.0,0.9167497754096984
mm_0138562,Llama3-OpenBioLLM-8B,0.0,0.9999998211860656,sapbert_full_len3,6,6,0,5,False,1,-0.0,-0.0,C3178892,True,,,,,,,,,6.0,0.0541351437568663,0.0560269951820372,0.0541351437568663,0.9999998211860656,0.9439728260040284
mm_0138562,Meta-Llama-3-8B-Instruct,0.0,1.0,sapbert_full_len3,6,6,0,5,False,1,-0.0,-0.0,C3178892,True,,,,,,,,,6.0,0.0541353225708007,0.0541352927684783,0.0541351437568663,0.9999999701976776,0.9458646774291992
mm_0138562,Mistral-7B-Instruct-v0.1,0.0,1.0,sapbert_full_len3,6,6,0,5,False,1,-0.0,-0.0,C0020699,True,,,,,,,,,6.0,5.960464477539062e-07,4.967053731282552e-07,4.76837158203125e-07,0.9999999006589254,0.999999463558197
mm_0138562,PubMedBERT,0.0,1.0,sapbert_full_len3,6,6,0,5,False,1,-0.0,-0.0,C1447749,True,6.0,1.0,"{""C1447749"": 6}",-0.0,-0.0,0.0,C1447749,0.0,6.0,-0.6344199180603027,-0.6344199180603027,-0.6344199180603027,0.36557987332344055,0.9999997615814209
mm_0138803,BERT-base,0.0,1.0,sapbert_full_len3,5,5,0,4,False,1,-0.0,-0.0,C1257990,True,5.0,1.0,"{""UMLS:C1257990"": 5}",-0.0,-0.0,0.0,UMLS:C1257990,0.0,5.0,-0.5373133420944214,-0.5373133420944214,-0.5373133420944214,0.3191145360469818,0.8564278483390808
mm_0138803,BioBERT,0.0,1.0,sapbert_full_len3,5,5,0,4,False,1,-0.0,-0.0,C1839576,True,5.0,1.0,"{""C1839576"": 5}",-0.0,-0.0,0.0,C1839576,0.0,5.0,-0.4799771010875702,-0.4799770712852478,-0.4799771010875702,0.3764507472515106,0.8564278483390808
mm_0138803,BioMistral-7B,0.0,0.9999998807907104,sapbert_full_len3,5,5,0,4,False,2,0.9709505944546686,0.4181656600790516,C3658208,False,,,,,,,,,5.0,0.1007381677627563,0.0588627576828002,-0.0039504170417785,0.9409909248352052,0.882128119468689
mm_0138803,FLAN-T5-base,0.0,0.8524774312973022,sapbert_full_len3,5,5,0,4,False,1,-0.0,-0.0,C0006632,True,,,,,,,,,5.0,-0.0039504170417785,-0.0039294362068176,-0.0039504170417785,0.8524984121322632,0.8564278483390808
mm_0138803,Llama3-OpenBioLLM-8B,0.0,0.9999999403953552,sapbert_full_len3,5,5,0,4,False,2,0.9709505944546686,0.4181656600790516,C3658208,False,,,,,,,,,5.0,0.1007382273674011,0.0724735617637634,0.0300765633583069,0.9889420628547668,0.9164685010910034
mm_0138803,Meta-Llama-3-8B-Instruct,0.0,0.9999999403953552,sapbert_full_len3,5,5,0,4,False,1,-0.0,-0.0,C3658208,True,,,,,,,,,5.0,0.1007382273674011,0.1007382273674011,0.1007382273674011,0.9999999403953552,0.8992616534233093
mm_0138803,Mistral-7B-Instruct-v0.1,0.0,0.9999998807907104,sapbert_full_len3,5,5,0,4,False,2,0.9709505944546686,0.4181656600790516,C3658208,False,,,,,,,,,5.0,0.1007381677627563,0.0663861989974975,0.0148582458496092,0.9999998569488524,0.9336135983467102
mm_0138803,PubMedBERT,0.0,1.0,sapbert_full_len3,5,5,0,4,False,1,-0.0,-0.0,C1839576,True,5.0,1.0,"{""C1839576"": 5}",-0.0,-0.0,0.0,C1839576,0.0,5.0,-0.4799771010875702,-0.4799770712852478,-0.4799771010875702,0.3764507472515106,0.8564278483390808
mm_0139717,BERT-base,0.0,1.0,sapbert_full_len3,5,5,0,4,False,2,0.9709505944546686,0.4181656600790516,C1705920,False,5.0,2.0,"{""UMLS:C1705920"": 3, ""C0317597"": 2}",0.9709505944546686,0.4181656600790516,0.0,UMLS:C1705920,0.0,5.0,-0.1908259391784668,-0.3801403045654297,-0.664111852645874,0.6198592185974121,0.9999995231628418
mm_0139717,BioBERT,0.0,1.0,sapbert_full_len3,5,5,0,4,False,1,-0.0,-0.0,C1705920,True,5.0,1.0,"{""UMLS:C1705920"": 5}",-0.0,-0.0,0.0,UMLS:C1705920,0.0,5.0,-0.1908259391784668,-0.1908259391784668,-0.1908259391784668,0.809173583984375,0.9999995231628418
mm_0139717,BioMistral-7B,0.0,1.0,sapbert_full_len3,5,5,0,4,False,3,1.3709505944546687,0.5904362833084089,C1708235,False,,,,,,,,,5.0,8.940696716308594e-07,0.1123968839645385,8.940696716308594e-07,1.0,0.8876031041145325
mm_0139717,FLAN-T5-base,1.0,1.0,sapbert_full_len3,5,5,0,4,False,2,0.7219280948873623,0.3109175070825711,C1708235,False,,,,,,,,,5.0,0.1568946838378906,0.1255158543586731,5.364418029785156e-07,1.0,0.8744841814041138
mm_0139717,Llama3-OpenBioLLM-8B,1.0,1.0,sapbert_full_len3,5,5,0,4,False,3,1.521928094887362,0.6554587535412855,C1708235,False,,,,,,,,,5.0,0.1908265352249145,0.0860626935958862,2.980232238769531e-07,0.9999999642372132,0.9139372706413268
mm_0139717,Meta-Llama-3-8B-Instruct,1.0,1.0,sapbert_full_len3,5,5,0,4,False,3,1.3709505944546687,0.5904362833084089,C1705920,False,,,,,,,,,5.0,0.076099693775177,0.0293264985084532,1.7881393421514957e-07,0.9999998569488524,0.9706732630729676
mm_0139717,Mistral-7B-Instruct-v0.1,0.0,0.9999998211860656,sapbert_full_len3,5,5,0,4,False,3,1.521928094887362,0.6554587535412855,C1705920,False,,,,,,,,,5.0,1.7881393421514957e-07,0.0627170681953429,5.960464466436832e-08,0.9999998807907104,0.9372828602790833
mm_0139717,PubMedBERT,0.0,1.0,sapbert_full_len3,5,5,0,4,False,2,0.9709505944546686,0.4181656600790516,C1839576,False,5.0,2.0,"{""C1839576"": 3, ""C1447749"": 2}",0.9709505944546686,0.4181656600790516,0.0,C1839576,0.0,5.0,-0.6057666540145874,-0.6059200763702393,-0.606150209903717,0.39407941699028015,0.9999995231628418
mm_0139812,BERT-base,0.0,1.0,sapbert_full_len3,7,7,0,6,False,4,1.9502120649147463,0.6946795539074094,C0085104,False,7.0,4.0,"{""C0085104"": 2, ""UMLS:C0358514"": 1, ""UMLS:C1283169"": 2, ""C4042892"": 2}",1.9502120649147463,0.6946795539074094,0.0,C0085104,1.0,7.0,-0.44920170307159424,-0.49066728353500366,-0.5403863191604614,0.40841907262802124,0.8990863561630249
mm_0139812,BioBERT,0.0,1.0,sapbert_full_len3,7,7,0,6,False,1,-0.0,-0.0,C1707887,True,7.0,1.0,"{""UMLS:C1707887"": 7}",-0.0,-0.0,0.0,UMLS:C1707887,0.0,7.0,-0.5876204371452332,-0.5876204371452332,-0.5876204371452332,0.31146591901779175,0.8990863561630249
mm_0139812,BioMistral-7B,0.0,0.9999998807907104,sapbert_full_len3,7,7,0,6,False,5,2.235926350629032,0.7964530359382728,C1327622,False,,,,,,,,,7.0,0.0323258638381958,0.0217883842332022,-0.0062422156333923,0.9030125311442784,0.8812241554260254
mm_0139812,FLAN-T5-base,0.0,0.7921362519264221,sapbert_full_len3,7,7,0,6,False,2,0.863120568566631,0.3074497498641964,C1301773,False,,,,,,,,,7.0,0.0276125073432922,0.0157725725855146,-0.0062422156333923,0.8072971786771502,0.7915245890617371
mm_0139812,Llama3-OpenBioLLM-8B,0.0,0.7921687960624695,sapbert_full_len3,7,7,0,6,False,2,0.863120568566631,0.3074497498641964,C1301773,False,,,,,,,,,7.0,0.0276450514793396,0.0197465164320809,1.7881393421514957e-07,0.8515490889549255,0.831802487373352
mm_0139812,Meta-Llama-3-8B-Instruct,0.0,0.9999996423721312,sapbert_full_len3,7,7,0,6,False,1,-0.0,-0.0,C0018735,True,,,,,,,,,7.0,0.1554094552993773,0.1554096596581595,0.1554094552993773,0.9999998467309136,0.8445901870727539
mm_0139812,Mistral-7B-Instruct-v0.1,0.0,0.7809418439865112,sapbert_full_len3,7,7,0,6,False,3,1.448815635725185,0.516078542239789,C0018735,False,,,,,,,,,7.0,0.0141230225563049,0.010014533996582,3.5762786865234375e-07,0.8764401248523167,0.866425633430481
mm_0139812,PubMedBERT,0.0,1.0,sapbert_full_len3,7,7,0,6,False,1,-0.0,-0.0,C1447749,True,7.0,1.0,"{""C1447749"": 7}",-0.0,-0.0,0.0,C1447749,0.0,7.0,-0.5421781539916992,-0.5421781539916992,-0.5421781539916992,0.3569081723690033,0.8990863561630249
mm_0140869,BERT-base,0.0,1.0,sapbert_full_len3,5,5,0,4,False,1,-0.0,-0.0,C1257990,True,5.0,1.0,"{""UMLS:C1257990"": 5}",-0.0,-0.0,0.0,UMLS:C1257990,0.0,5.0,-0.6249074935913086,-0.6249074935913086,-0.6249074935913086,0.36078110337257385,0.9856885671615601
mm_0140869,BioBERT,0.0,1.0,sapbert_full_len3,5,5,0,4,False,1,-0.0,-0.0,C1257990,True,5.0,1.0,"{""UMLS:C1257990"": 5}",-0.0,-0.0,0.0,UMLS:C1257990,0.0,5.0,-0.6249074935913086,-0.6249074935913086,-0.6249074935913086,0.36078110337257385,0.9856885671615601
mm_0140869,BioMistral-7B,0.0,0.9617756605148317,sapbert_full_len3,5,5,0,4,False,1,-0.0,-0.0,C0600472,True,,,,,,,,,5.0,0.0817884206771851,0.0817884206771851,0.0817884206771851,0.9617756605148318,0.8799872398376465
mm_0140869,FLAN-T5-base,0.0,1.0,sapbert_full_len3,5,5,0,4,False,1,-0.0,-0.0,C0032043,True,,,,,,,,,5.0,0.0873776674270629,0.052426791191101,4.76837158203125e-07,0.999999976158142,0.947573184967041
mm_0140869,Llama3-OpenBioLLM-8B,0.0,0.9999998807907104,sapbert_full_len3,5,5,0,4,False,2,0.9709505944546686,0.4181656600790516,C1516924,False,,,,,,,,,5.0,3.5762786865234375e-07,0.0118793249130249,3.5762786865234375e-07,0.9999998807907104,0.9881205558776855
mm_0140869,Meta-Llama-3-8B-Instruct,0.0,0.9999998807907104,sapbert_full_len3,5,5,0,4,False,2,0.7219280948873623,0.3109175070825711,C0600472,False,,,,,,,,,5.0,3.5762786865234375e-07,0.0462430715560913,3.5762786865234375e-07,0.8280282735824585,0.7817851901054382
mm_0140869,Mistral-7B-Instruct-v0.1,0.0,0.7850353717803955,sapbert_full_len3,5,5,0,4,False,1,-0.0,-0.0,C0600472,True,,,,,,,,,5.0,0.0578037500381469,0.0578037500381469,0.0578037500381469,0.7850353717803955,0.7272316217422485
mm_0140869,PubMedBERT,0.0,1.0,sapbert_full_len3,5,5,0,4,False,1,-0.0,-0.0,C1839576,True,5.0,1.0,"{""C1839576"": 5}",-0.0,-0.0,0.0,C1839576,0.0,5.0,-0.6237771511077881,-0.6237771511077881,-0.6237771511077881,0.36191150546073914,0.9856885671615601
mm_0141066,BERT-base,0.0,1.0,sapbert_full_len3,6,6,0,5,False,1,-0.0,-0.0,C1257990,True,6.0,1.0,"{""UMLS:C1257990"": 6}",-0.0,-0.0,0.0,UMLS:C1257990,0.0,6.0,-0.6907781362533569,-0.6907780766487122,-0.6907781362533569,0.30922141671180725,0.9999995827674866
mm_0141066,BioBERT,0.0,1.0,sapbert_full_len3,6,6,0,5,False,1,-0.0,-0.0,C1257990,True,6.0,1.0,"{""UMLS:C1257990"": 6}",-0.0,-0.0,0.0,UMLS:C1257990,0.0,6.0,-0.6907781362533569,-0.6907780766487122,-0.6907781362533569,0.30922141671180725,0.9999995827674866
mm_0141066,BioMistral-7B,1.0,0.9999998211860656,sapbert_full_len3,6,6,0,5,False,1,-0.0,-0.0,C0021665,True,,,,,,,,,6.0,4.172325133167121e-07,0.0341585179169972,4.172325133167121e-07,0.9999999304612478,0.9658414721488952
mm_0141066,FLAN-T5-base,0.0,1.0,sapbert_full_len3,6,6,0,5,False,2,1.0,0.3868528072345416,C2936330,False,,,,,,,,,6.0,0.0774694085121154,0.0387348035971323,3.5762786865234375e-07,0.9999998609224956,0.9612650871276855
mm_0141066,Llama3-OpenBioLLM-8B,0.0,0.9999999403953552,sapbert_full_len3,6,6,0,5,False,2,0.6500224216483541,0.2514629985800606,C0017262,False,,,,,,,,,6.0,0.0379531979560852,0.0316174129645029,2.384185791015625e-07,0.9999999900658926,0.9683825373649596
mm_0141066,Meta-Llama-3-8B-Instruct,0.0,0.9999999403953552,sapbert_full_len3,6,6,0,5,False,2,0.6500224216483541,0.2514629985800606,C0017262,False,,,,,,,,,6.0,0.0379531979560852,0.0418203870455424,0.0379531979560852,0.999999980131785,0.958179533481598
mm_0141066,Mistral-7B-Instruct-v0.1,1.0,0.9999998211860656,sapbert_full_len3,6,6,0,5,False,2,0.9182958340544896,0.355245321275764,C0021665,False,,,,,,,,,6.0,4.172325133167121e-07,3.3775965365319866e-07,1.788139343261719e-07,0.9999998609224956,0.9999995231628418
mm_0141066,PubMedBERT,0.0,1.0,sapbert_full_len3,6,6,0,5,False,1,-0.0,-0.0,C1447749,True,6.0,1.0,"{""C1447749"": 6}",-0.0,-0.0,0.0,C1447749,0.0,6.0,-0.5945349931716919,-0.5945349931716919,-0.5945349931716919,0.40546461939811707,0.9999995827674866
mm_0141706,BERT-base,0.0,1.0,sapbert_full_len3,5,5,0,4,False,1,-0.0,-0.0,C0059563,True,5.0,1.0,"{""C0059563"": 5}",-0.0,-0.0,0.0,C0059563,0.0,5.0,-0.6327042579650879,-0.6327042579650879,-0.6327042579650879,0.3672952353954315,0.9999994039535522
mm_0141706,BioBERT,0.0,1.0,sapbert_full_len3,5,5,0,4,False,2,0.7219280948873623,0.3109175070825711,C1312419,False,5.0,2.0,"{""C1312419"": 4, ""C0059563"": 1}",0.7219280948873623,0.3109175070825711,0.0,C1312419,0.0,5.0,-0.622825026512146,-0.6248008608818054,-0.6327042579650879,0.3751985728740692,0.9999994039535522
mm_0141706,BioMistral-7B,1.0,1.0,sapbert_full_len3,5,5,0,4,False,1,-0.0,-0.0,C0596402,True,,,,,,,,,5.0,0.1409839391708374,0.1409839391708374,0.1409839391708374,1.0,0.8590160608291626
mm_0141706,FLAN-T5-base,0.0,1.0,sapbert_full_len3,5,5,0,4,False,1,-0.0,-0.0,C0026912,True,,,,,,,,,5.0,0.0481036305427551,0.0481036305427551,0.0481036305427551,1.0,0.9518963694572448
mm_0141706,Llama3-OpenBioLLM-8B,0.0,1.0,sapbert_full_len3,5,4,1,4,False,3,1.5,0.6460148371100897,C0035608,False,,,,,,,,,4.0,0.1624905467033386,0.1347126066684723,0.0802591443061828,1.0,0.8652874231338501
mm_0141706,Meta-Llama-3-8B-Instruct,0.0,1.0,sapbert_full_len3,5,5,0,4,False,2,0.9709505944546686,0.4181656600790516,C0026912,False,,,,,,,,,5.0,0.0481036305427551,0.0378378987312316,0.0224394202232359,0.9999998807907104,0.9621620178222656
mm_0141706,Mistral-7B-Instruct-v0.1,0.0,0.9999998807907104,sapbert_full_len3,5,5,0,4,False,2,0.9709505944546686,0.4181656600790516,C0026912,False,,,,,,,,,5.0,0.0481035113334655,0.0468553185462951,0.0449830293655394,0.9999998331069946,0.9531444311141968
mm_0141706,PubMedBERT,0.0,1.0,sapbert_full_len3,5,5,0,4,False,1,-0.0,-0.0,C0015131,True,5.0,1.0,"{""C0015131"": 5}",-0.0,-0.0,0.0,C0015131,0.0,5.0,-0.652365505695343,-0.652365505695343,-0.652365505695343,0.347633957862854,0.9999994039535522
mm_0141847,BERT-base,0.0,1.0,sapbert_full_len3,7,7,0,6,False,1,-0.0,-0.0,C1447749,True,7.0,1.0,"{""C1447749"": 7}",-0.0,-0.0,0.0,C1447749,0.0,7.0,-0.5965251922607422,-0.5965251922607422,-0.5965251922607422,0.40347447991371155,0.9999996423721313
mm_0141847,BioBERT,0.0,1.0,sapbert_full_len3,7,7,0,6,False,1,-0.0,-0.0,C1257990,True,7.0,1.0,"{""UMLS:C1257990"": 7}",-0.0,-0.0,0.0,UMLS:C1257990,0.0,7.0,-0.7228304743766785,-0.7228304743766785,-0.7228304743766785,0.2771691679954529,0.9999996423721313
mm_0141847,BioMistral-7B,0.0,1.0,sapbert_full_len3,7,7,0,6,False,1,-0.0,-0.0,C5200819,True,,,,,,,,,7.0,0.1653923988342285,0.1653921433857508,0.1653921008110045,0.9999997445515224,0.8346076011657715
mm_0141847,FLAN-T5-base,0.0,1.0000001192092896,sapbert_full_len3,7,7,0,6,False,3,1.1488348542809166,0.4092232318950598,C0394374,False,,,,,,,,,7.0,0.1058509349822998,0.1027105706078665,0.0899693369865417,1.0000000851494926,0.8972895741462708
mm_0141847,Llama3-OpenBioLLM-8B,0.0,1.0,sapbert_full_len3,7,7,0,6,False,1,-0.0,-0.0,C5200819,True,,,,,,,,,7.0,0.1653923988342285,0.1654231888907295,0.1653921008110045,0.9999997445515224,0.8345765471458435
mm_0141847,Meta-Llama-3-8B-Instruct,0.0,1.0,sapbert_full_len3,7,7,0,6,False,2,0.9852281360342516,0.3509453429964405,C0027059,False,,,,,,,,,7.0,0.0899693369865417,0.0955582771982465,0.0899693369865417,1.0,0.904441773891449
mm_0141847,Mistral-7B-Instruct-v0.1,0.0,1.0,sapbert_full_len3,7,7,0,6,False,3,1.1488348542809166,0.4092232318950598,C0027059,False,,,,,,,,,7.0,0.0997499823570251,0.1142311351639883,0.0997499823570251,0.9999999574252536,0.8857688307762146
mm_0141847,PubMedBERT,0.0,1.0,sapbert_full_len3,7,7,0,6,False,1,-0.0,-0.0,C1839576,True,7.0,1.0,"{""C1839576"": 7}",-0.0,-0.0,0.0,C1839576,0.0,7.0,-0.6176523566246033,-0.6176523566246033,-0.6176523566246033,0.3823472857475281,0.9999996423721313
mm_0142210,BERT-base,0.0,1.0,sapbert_full_len3,5,5,0,4,False,2,0.9709505944546686,0.4181656600790516,C1257990,False,5.0,2.0,"{""UMLS:C1257990"": 3, ""C0017263"": 2}",0.9709505944546686,0.4181656600790516,0.0,UMLS:C1257990,0.0,5.0,-0.307722270488739,-0.37741318345069885,-0.4819495379924774,0.4936649203300476,0.8710781335830688
mm_0142210,BioBERT,0.0,1.0,sapbert_full_len3,5,5,0,4,False,1,-0.0,-0.0,C1257990,True,5.0,1.0,"{""UMLS:C1257990"": 5}",-0.0,-0.0,0.0,UMLS:C1257990,0.0,5.0,-0.307722270488739,-0.307722270488739,-0.307722270488739,0.5633558630943298,0.8710781335830688
mm_0142210,BioMistral-7B,0.0,1.0000001192092896,sapbert_full_len3,5,5,0,4,False,3,1.521928094887362,0.6554587535412855,C0007581,False,,,,,,,,,5.0,0.0589256286621093,0.0545655012130737,0.0477714538574218,0.9484273195266724,0.8938617706298828
mm_0142210,FLAN-T5-base,0.0,0.8262165188789368,sapbert_full_len3,5,5,0,4,False,1,-0.0,-0.0,C0026820,True,,,,,,,,,5.0,0.0149925351142883,0.0149925351142883,0.0149925351142883,0.8262165188789368,0.8112239837646484
mm_0142210,Llama3-OpenBioLLM-8B,0.0,0.9999998807907104,sapbert_full_len3,5,5,0,4,False,3,1.521928094887362,0.6554587535412855,C1956422,False,,,,,,,,,5.0,0.0589253902435302,0.0312066793441772,-0.0035033226013183,0.9041117429733276,0.8729050755500793
mm_0142210,Meta-Llama-3-8B-Instruct,0.0,1.0000001192092896,sapbert_full_len3,5,5,0,4,False,2,0.9709505944546686,0.4181656600790516,C2699153,False,,,,,,,,,5.0,0.0589256286621093,0.0574211835861206,0.0551647543907165,0.982245683670044,0.9248245358467102
mm_0142210,Mistral-7B-Instruct-v0.1,0.0,0.8263002634048462,sapbert_full_len3,5,5,0,4,False,1,-0.0,-0.0,C0026820,True,,,,,,,,,5.0,0.0150112509727478,0.0150112509727478,0.0150112509727478,0.8263002634048462,0.8112890124320984
mm_0142210,PubMedBERT,0.0,1.0,sapbert_full_len3,5,5,0,4,False,1,-0.0,-0.0,C1257990,True,5.0,1.0,"{""UMLS:C1257990"": 5}",-0.0,-0.0,0.0,UMLS:C1257990,0.0,5.0,-0.307722270488739,-0.307722270488739,-0.307722270488739,0.5633558630943298,0.8710781335830688
mm_0142481,BERT-base,0.0,1.0,sapbert_full_len3,7,7,0,6,False,2,0.5916727785823275,0.2107580961471984,C1447749,False,7.0,2.0,"{""C1447749"": 6, ""UMLS:C0242193"": 1}",0.5916727785823275,0.2107580961471984,0.0,C1447749,0.0,7.0,-0.6024714112281799,-0.6180153489112854,-0.7112791538238525,0.3341084420681,0.9521238207817078
mm_0142481,BioBERT,0.0,1.0,sapbert_full_len3,7,7,0,6,False,2,0.863120568566631,0.3074497498641964,C1257990,False,7.0,2.0,"{""UMLS:C1257990"": 5, ""UMLS:C1707887"": 2}",0.863120568566631,0.3074497498641964,0.0,UMLS:C1257990,0.0,7.0,-0.6516776084899902,-0.6563704609870911,-0.6681026220321655,0.2957533299922943,0.9521238207817078
mm_0142481,BioMistral-7B,0.0,0.815127968788147,sapbert_full_len3,7,7,0,6,False,1,-0.0,-0.0,C4043169,True,,,,,,,,,7.0,0.0219166874885559,0.0218670793942042,0.021858811378479,0.8150783606937954,0.7932113409042358
mm_0142481,FLAN-T5-base,0.0,0.7720286846160889,sapbert_full_len3,7,7,0,6,False,3,1.3787834934861751,0.4911325898456825,C4061206,False,,,,,,,,,7.0,0.0086568593978881,0.0090384483337402,5.960464477539062e-07,0.8584664974893842,0.849428117275238
mm_0142481,Llama3-OpenBioLLM-8B,0.0,0.9999999403953552,sapbert_full_len3,7,7,0,6,False,3,1.3787834934861751,0.4911325898456825,C0038435,False,,,,,,,,,7.0,2.980232238769531e-07,0.0122129661696297,2.980232238769531e-07,0.941806469644819,0.9295935034751892
mm_0142481,Meta-Llama-3-8B-Instruct,0.0,0.7292393445968628,sapbert_full_len3,7,7,0,6,False,2,0.863120568566631,0.3074497498641964,C0038435,False,,,,,,,,,7.0,0.0389359593391418,0.0111247726849147,2.980232238769531e-07,0.9226397701672144,0.911514937877655
mm_0142481,Mistral-7B-Instruct-v0.1,0.0,0.9999999403953552,sapbert_full_len3,7,7,0,6,False,2,0.5916727785823275,0.2107580961471984,C0038435,False,,,,,,,,,7.0,2.980232238769531e-07,0.0184844732284545,2.980232238769531e-07,0.9999999744551522,0.9815154671669006
mm_0142481,PubMedBERT,0.0,1.0,sapbert_full_len3,7,7,0,6,False,3,1.3787834934861751,0.4911325898456825,C1447749,False,7.0,3.0,"{""C1839576"": 1, ""C1447749"": 4, ""C0018966"": 2}",1.3787834934861751,0.4911325898456825,0.0,C1447749,0.0,7.0,-0.6631650924682617,-0.6107580065727234,-0.6631650924682617,0.3413658142089844,0.9521238207817078
mm_0142698,BERT-base,0.0,1.0,sapbert_full_len3,7,7,0,6,False,1,-0.0,-0.0,C1257990,True,7.0,1.0,"{""UMLS:C1257990"": 7}",-0.0,-0.0,0.0,UMLS:C1257990,0.0,7.0,-0.663489580154419,-0.6634896397590637,-0.663489580154419,0.3365097939968109,0.9999993443489075
mm_0142698,BioBERT,0.0,1.0,sapbert_full_len3,7,7,0,6,False,1,-0.0,-0.0,C0018081,True,7.0,1.0,"{""C0018081"": 7}",-0.0,-0.0,0.0,C0018081,0.0,7.0,-0.5683920383453369,-0.5683920383453369,-0.5683920383453369,0.43160727620124817,0.9999993443489075
mm_0142698,BioMistral-7B,0.0,0.9999999403953552,sapbert_full_len3,7,7,0,6,False,1,-0.0,-0.0,C0456170,True,,,,,,,,,7.0,2.980232238769531e-07,2.980232238769531e-07,2.980232238769531e-07,0.9999999403953552,0.9999995827674866
mm_0142698,FLAN-T5-base,1.0,1.0,sapbert_full_len3,7,7,0,6,False,1,-0.0,-0.0,C1764827,True,,,,,,,,,7.0,0.1374208927154541,0.1935199669429234,0.1374208927154541,1.0,0.8064799904823303
mm_0142698,Llama3-OpenBioLLM-8B,1.0,1.0,sapbert_full_len3,7,7,0,6,False,1,-0.0,-0.0,C1764827,True,,,,,,,,,7.0,0.2355942726135254,0.2791910341807774,0.2355942726135254,1.0,0.7208089232444763
mm_0142698,Meta-Llama-3-8B-Instruct,1.0,0.8168736696243286,sapbert_full_len3,7,7,0,6,False,3,1.5566567074628228,0.5544923070581674,C3494793,False,,,,,,,,,7.0,-0.1617887020111084,0.031117490359715,-0.1617887020111084,0.9738386613982064,0.9427210688591005
mm_0142698,Mistral-7B-Instruct-v0.1,0.0,0.9999998807907104,sapbert_full_len3,7,7,0,6,False,2,0.5916727785823275,0.2107580961471984,C0032285,False,,,,,,,,,7.0,0.0075050592422485,0.0064330186162676,1.788139343261719e-07,0.9999999744551522,0.9935669302940368
mm_0142698,PubMedBERT,0.0,1.0,sapbert_full_len3,7,7,0,6,False,1,-0.0,-0.0,C1839576,True,7.0,1.0,"{""C1839576"": 7}",-0.0,-0.0,0.0,C1839576,0.0,7.0,-0.6552963256835938,-0.6552963256835938,-0.6552963256835938,0.34470298886299133,0.9999993443489075
mm_0143950,BERT-base,0.0,1.0,sapbert_full_len3,4,4,0,3,False,1,-0.0,-0.0,C0017973,True,4.0,1.0,"{""C0017973"": 4}",-0.0,-0.0,0.0,C0017973,0.0,4.0,-0.29170119762420654,-0.29170119762420654,-0.29170119762420654,0.7082984447479248,0.9999996423721313
mm_0143950,BioBERT,0.0,1.0,sapbert_full_len3,4,4,0,3,False,1,-0.0,-0.0,C1257880,True,4.0,1.0,"{""C1257880"": 4}",-0.0,-0.0,0.0,C1257880,0.0,4.0,-0.7035340070724487,-0.7035340070724487,-0.7035340070724487,0.296465665102005,0.9999996423721313
mm_0143950,BioMistral-7B,1.0,0.9999999403953552,sapbert_full_len3,4,4,0,3,False,2,0.8112781244591328,0.4056390622295664,C0032594,False,,,,,,,,,4.0,0.1226752996444702,0.1342785358428955,0.1226752996444702,0.9999999552965164,0.8657214045524597
mm_0143950,FLAN-T5-base,0.0,1.0000001192092896,sapbert_full_len3,4,4,0,3,False,2,1.0,0.5,C0001128,False,,,,,,,,,4.0,0.0656530261039733,0.0328266322612762,3.5762786865234375e-07,0.9999999403953552,0.9671733379364014
mm_0143950,Llama3-OpenBioLLM-8B,1.0,1.0,sapbert_full_len3,4,4,0,3,False,2,0.8112781244591328,0.4056390622295664,C0020291,False,,,,,,,,,4.0,0.1079074740409851,0.153792917728424,0.1079074740409851,0.9999998658895493,0.8462069034576416
mm_0143950,Meta-Llama-3-8B-Instruct,0.0,1.0,sapbert_full_len3,4,4,0,3,False,1,-0.0,-0.0,C0020291,True,,,,,,,,,4.0,0.1690882444381714,0.1690882444381714,0.1690882444381714,1.0,0.8309117555618286
mm_0143950,Mistral-7B-Instruct-v0.1,1.0,0.9999998807907104,sapbert_full_len3,4,4,0,3,False,1,-0.0,-0.0,C0032594,True,,,,,,,,,4.0,0.1300066113471985,0.1300066113471985,0.1300066113471985,0.9999998807907104,0.869993269443512
mm_0143950,PubMedBERT,0.0,1.0,sapbert_full_len3,4,4,0,3,False,1,-0.0,-0.0,C1447749,True,4.0,1.0,"{""C1447749"": 4}",-0.0,-0.0,0.0,C1447749,0.0,4.0,-0.6775631904602051,-0.6775631904602051,-0.6775631904602051,0.32243645191192627,0.9999996423721313
mm_0144339,BERT-base,0.0,1.0,sapbert_full_len3,7,7,0,6,False,1,-0.0,-0.0,C1257990,True,7.0,1.0,"{""UMLS:C1257990"": 7}",-0.0,-0.0,0.0,UMLS:C1257990,0.0,7.0,-0.6807442903518677,-0.6807442903518677,-0.6807442903518677,0.3192552626132965,0.9999995231628418
mm_0144339,BioBERT,0.0,1.0,sapbert_full_len3,7,7,0,6,False,1,-0.0,-0.0,C0061751,True,7.0,1.0,"{""C0061751"": 7}",-0.0,-0.0,0.0,C0061751,0.0,7.0,-0.6867067813873291,-0.6867068409919739,-0.6867067813873291,0.3132927417755127,0.9999995231628418
mm_0144339,BioMistral-7B,0.0,0.9999998807907104,sapbert_full_len3,7,7,0,6,False,2,0.5916727785823275,0.2107580961471984,C0330199,False,,,,,,,,,7.0,0.0370764136314392,0.0648974691118512,0.0370764136314392,0.9999998467309136,0.93510240316391
mm_0144339,FLAN-T5-base,0.0,1.0,sapbert_full_len3,7,7,0,6,False,2,0.5916727785823275,0.2107580961471984,C0008972,False,,,,,,,,,7.0,0.0452816486358642,0.0388128757476806,2.384185789905402e-07,0.999999965940203,0.9611870646476746
mm_0144339,Llama3-OpenBioLLM-8B,0.0,0.9999996423721312,sapbert_full_len3,7,7,0,6,False,2,0.863120568566631,0.3074497498641964,C1084254,False,,,,,,,,,7.0,0.2318238019943236,0.1726921456200736,0.0044429302215576,0.9999999489103044,0.8273078203201294
mm_0144339,Meta-Llama-3-8B-Instruct,0.0,1.0,sapbert_full_len3,7,7,0,6,False,2,0.863120568566631,0.3074497498641964,C0008972,False,,,,,,,,,7.0,0.0452816486358642,0.1083904760224478,0.0452816486358642,0.999999965940203,0.8916094899177551
mm_0144339,Mistral-7B-Instruct-v0.1,0.0,0.9999998807907104,sapbert_full_len3,7,7,0,6,False,2,0.9852281360342516,0.3509453429964405,C1265415,False,,,,,,,,,7.0,0.0619635581970214,0.0558644873755318,0.0452816486358642,0.9999999233654568,0.9441355466842652
mm_0144339,PubMedBERT,0.0,1.0,sapbert_full_len3,7,7,0,6,False,1,-0.0,-0.0,C1839576,True,7.0,1.0,"{""C1839576"": 7}",-0.0,-0.0,0.0,C1839576,0.0,7.0,-0.6493866443634033,-0.6493867039680481,-0.6493866443634033,0.35061290860176086,0.9999995231628418
mm_0144431,BERT-base,0.0,1.0,sapbert_full_len3,7,7,0,6,False,2,0.863120568566631,0.3074497498641964,C1447749,False,7.0,2.0,"{""C1447749"": 5, ""C1431519"": 2}",0.863120568566631,0.3074497498641964,0.0,C1447749,0.0,7.0,-0.6727611422538757,-0.6591411232948303,-0.6727611422538757,0.28031447529792786,0.9394555687904358
mm_0144431,BioBERT,0.0,1.0,sapbert_full_len3,7,7,0,6,False,2,0.5916727785823275,0.2107580961471984,C1312419,False,7.0,2.0,"{""C1312419"": 6, ""UMLS:C0280313"": 1}",0.5916727785823275,0.2107580961471984,0.0,C1312419,0.0,7.0,-0.614550769329071,-0.6257268190383911,-0.6927832365036011,0.3137287497520447,0.9394555687904358
mm_0144431,BioMistral-7B,0.0,0.7393244504928589,sapbert_full_len3,7,7,0,6,False,2,0.863120568566631,0.3074497498641964,C0153574,False,,,,,,,,,7.0,-0.008124828338623,0.0295123713357108,-0.008124828338623,0.8062822137560163,0.7767699360847473
mm_0144431,FLAN-T5-base,0.0,0.7393244504928589,sapbert_full_len3,7,7,0,6,False,2,0.863120568566631,0.3074497498641964,C0153574,False,,,,,,,,,7.0,-0.0083376169204711,-0.0059553555079868,-0.0083376169204711,0.8138031789234706,0.8197584748268127
mm_0144431,Llama3-OpenBioLLM-8B,0.0,0.7392690181732178,sapbert_full_len3,7,7,0,6,False,2,0.863120568566631,0.3074497498641964,C0153574,False,,,,,,,,,7.0,-0.0081802606582641,-0.0265415396009172,-0.0647114515304565,0.7566010270799909,0.783142626285553
mm_0144431,Meta-Llama-3-8B-Instruct,0.0,0.7393244504928589,sapbert_full_len3,7,7,0,6,False,2,0.5916727785823275,0.2107580961471984,C0153574,False,,,,,,,,,7.0,-0.008124828338623,-0.0066347122192382,-0.0159135460853576,0.7401571699551174,0.7467919588088989
mm_0144431,Mistral-7B-Instruct-v0.1,0.0,0.7392690181732178,sapbert_full_len3,7,7,0,6,False,1,-0.0,-0.0,C0153574,True,,,,,,,,,7.0,-0.0081802606582641,-0.0103665590286254,-0.0159727931022644,0.7374580417360578,0.7478246688842773
mm_0144431,PubMedBERT,0.0,1.0,sapbert_full_len3,7,7,0,6,False,2,0.863120568566631,0.3074497498641964,C1839576,False,7.0,2.0,"{""C0280321"": 2, ""C1839576"": 5}",0.863120568566631,0.3074497498641964,0.0,C1839576,0.0,7.0,-0.7233385443687439,-0.6713391542434692,-0.7233385443687439,0.26811638474464417,0.9394555687904358
mm_0144945,BERT-base,0.0,1.0,sapbert_full_len3,5,5,0,4,False,1,-0.0,-0.0,C1447749,True,5.0,1.0,"{""C1447749"": 5}",-0.0,-0.0,0.0,C1447749,0.0,5.0,-0.5869859457015991,-0.5869859457015991,-0.5869859457015991,0.41301339864730835,0.9999994039535522
mm_0144945,BioBERT,0.0,1.0,sapbert_full_len3,5,5,0,4,False,3,1.3709505944546687,0.5904362833084089,C1707887,False,5.0,3.0,"{""C1447749"": 1, ""UMLS:C1707887"": 3, ""C0075128"": 1}",1.3709505944546687,0.5904362833084089,0.0,UMLS:C1707887,1.0,5.0,-0.5869859457015991,-0.5982677340507507,-0.6641073822975159,0.4017316401004791,0.9999994039535522
mm_0144945,BioMistral-7B,0.0,0.9999998807907104,sapbert_full_len3,5,5,0,4,False,3,1.521928094887362,0.6554587535412855,C0004358,False,,,,,,,,,5.0,0.0614634752273559,0.0640279054641723,0.016024112701416,0.999999976158142,0.9359720349311828
mm_0144945,FLAN-T5-base,0.0,1.0,sapbert_full_len3,5,5,0,4,False,3,1.3709505944546687,0.5904362833084089,C1272321,False,,,,,,,,,5.0,0.0160228013992309,0.0491330027580261,0.0160228013992309,0.9915274024009704,0.9423944354057312
mm_0144945,Llama3-OpenBioLLM-8B,0.0,0.9999997615814208,sapbert_full_len3,5,5,0,4,False,2,0.9709505944546686,0.4181656600790516,C1272321,False,,,,,,,,,5.0,3.5762786854132145e-07,0.0275156259536742,3.5762786854132145e-07,0.9999998092651368,0.9724842309951782
mm_0144945,Meta-Llama-3-8B-Instruct,0.0,1.0,sapbert_full_len3,5,5,0,4,False,1,-0.0,-0.0,C0004358,True,,,,,,,,,5.0,0.016024112701416,0.0160240650177001,0.0160240530967712,0.999999952316284,0.983975887298584
mm_0144945,Mistral-7B-Instruct-v0.1,0.0,0.9858790040016174,sapbert_full_len3,5,5,0,4,False,2,0.9709505944546686,0.4181656600790516,C1272321,False,,,,,,,,,5.0,0.0387760996818542,0.1521139025688171,0.0387760996818542,0.9915274024009704,0.8394134640693665
mm_0144945,PubMedBERT,0.0,1.0,sapbert_full_len3,5,5,0,4,False,2,0.7219280948873623,0.3109175070825711,C1447749,False,5.0,2.0,"{""C1839576"": 1, ""C1447749"": 4}",0.7219280948873623,0.3109175070825711,0.0,C1447749,0.0,5.0,-0.5575891733169556,-0.5811065435409546,-0.5869859457015991,0.4188927710056305,0.9999994039535522
mm_0146127,BERT-base,0.0,1.0,sapbert_full_len3,7,7,0,6,False,1,-0.0,-0.0,C0358514,True,7.0,1.0,"{""UMLS:C0358514"": 7}",-0.0,-0.0,0.0,UMLS:C0358514,0.0,7.0,-0.3799220621585846,-0.3799220621585846,-0.3799220621585846,0.39390698075294495,0.7738290429115295
mm_0146127,BioBERT,0.0,1.0,sapbert_full_len3,7,7,0,6,False,2,0.863120568566631,0.3074497498641964,C1707887,False,7.0,2.0,"{""UMLS:C1707887"": 5, ""UMLS:C1257990"": 2}",0.863120568566631,0.3074497498641964,0.0,UMLS:C1707887,0.0,7.0,-0.4202866852283478,-0.4382782578468323,-0.4832572042942047,0.33555078506469727,0.7738290429115295
mm_0146127,BioMistral-7B,0.0,0.9999999403953552,sapbert_full_len3,7,7,0,6,False,1,-0.0,-0.0,C0009452,True,,,,,,,,,7.0,0.0273672342300415,0.027367285319737,0.0273672342300415,0.9999999914850508,0.9726327657699584
mm_0146127,FLAN-T5-base,0.0,0.7939708232879639,sapbert_full_len3,7,7,0,6,False,1,-0.0,-0.0,C0009460,True,,,,,,,,,7.0,-0.0065038204193115,-0.0063456467219761,-0.0065038204193115,0.7941289969852993,0.8004746437072754
mm_0146127,Llama3-OpenBioLLM-8B,0.0,0.9999996423721312,sapbert_full_len3,7,7,0,6,False,3,1.3787834934861751,0.4911325898456825,C0184661,False,,,,,,,,,7.0,-1.1102230246251563e-16,4.7683715815554404e-07,-1.1102230246251563e-16,0.9999997786113194,0.9999993443489076
mm_0146127,Meta-Llama-3-8B-Instruct,0.0,0.9999999403953552,sapbert_full_len3,7,7,0,6,False,1,-0.0,-0.0,C0009452,True,,,,,,,,,7.0,0.0273672342300415,0.027367285319737,0.0273672342300415,0.9999999914850508,0.9726327657699584
mm_0146127,Mistral-7B-Instruct-v0.1,0.0,0.9999999403953552,sapbert_full_len3,7,7,0,6,False,1,-0.0,-0.0,C0009452,True,,,,,,,,,7.0,0.0273672342300415,0.027367285319737,0.0273672342300415,0.9999999914850508,0.9726327657699584
mm_0146127,PubMedBERT,0.0,1.0,sapbert_full_len3,7,7,0,6,False,1,-0.0,-0.0,C0018966,True,7.0,1.0,"{""C0018966"": 7}",-0.0,-0.0,0.0,C0018966,0.0,7.0,-0.3554125726222992,-0.3554125726222992,-0.3554125726222992,0.41841647028923035,0.7738290429115295
mm_0146149,BERT-base,0.0,1.0,sapbert_full_len3,5,5,0,4,False,1,-0.0,-0.0,C1312419,True,5.0,1.0,"{""C1312419"": 5}",-0.0,-0.0,0.0,C1312419,0.0,5.0,-0.6610512733459473,-0.6610512733459473,-0.6610512733459473,0.3271494507789612,0.9882007837295532
mm_0146149,BioBERT,0.0,1.0,sapbert_full_len3,5,5,0,4,False,1,-0.0,-0.0,C1707887,True,5.0,1.0,"{""UMLS:C1707887"": 5}",-0.0,-0.0,0.0,UMLS:C1707887,0.0,5.0,-0.7660279273986816,-0.7660279273986816,-0.7660279273986816,0.2221727818250656,0.9882007837295532
mm_0146149,BioMistral-7B,0.0,0.9999997615814208,sapbert_full_len3,5,5,0,4,False,1,-0.0,-0.0,C2934004,True,,,,,,,,,5.0,3.5762786854132145e-07,5.006790160910768e-07,3.5762786854132145e-07,0.9999999046325684,0.9999994039535522
mm_0146149,FLAN-T5-base,0.0,0.8083714842796326,sapbert_full_len3,5,5,0,4,False,1,-0.0,-0.0,C1423498,True,,,,,,,,,5.0,0.0324232578277587,0.0519497394561768,0.0323453545570373,0.8802729725837708,0.828323245048523
mm_0146149,Llama3-OpenBioLLM-8B,0.0,0.7719107270240784,sapbert_full_len3,5,5,0,4,False,2,0.7219280948873623,0.3109175070825711,C1423498,False,,,,,,,,,5.0,0.0213703513145446,0.0214929103851318,0.0213703513145446,0.817528510093689,0.7960355877876282
mm_0146149,Meta-Llama-3-8B-Instruct,0.0,0.7264329195022583,sapbert_full_len3,5,5,0,4,False,1,-0.0,-0.0,C1423498,True,,,,,,,,,5.0,0.0179812908172607,0.0179544925689697,0.0179477930068969,0.7264061212539673,0.7084516286849976
mm_0146149,Mistral-7B-Instruct-v0.1,0.0,0.7264329195022583,sapbert_full_len3,5,5,0,4,False,1,-0.0,-0.0,C1423498,True,,,,,,,,,5.0,0.0179812908172607,0.0179544925689697,0.0179477930068969,0.7264061212539673,0.7084516286849976
mm_0146149,PubMedBERT,0.0,1.0,sapbert_full_len3,5,5,0,4,False,2,0.7219280948873623,0.3109175070825711,C1707887,False,5.0,2.0,"{""C1839576"": 1, ""UMLS:C1707887"": 4}",0.7219280948873623,0.3109175070825711,0.0,UMLS:C1707887,0.0,5.0,-0.594959020614624,-0.7318141460418701,-0.7660279273986816,0.25638657808303833,0.9882007837295532
mm_0146435,BERT-base,0.0,1.0,sapbert_full_len3,9,9,0,8,False,1,-0.0,-0.0,C1447749,True,9.0,1.0,"{""C1447749"": 9}",-0.0,-0.0,0.0,C1447749,0.0,9.0,-0.6270051598548889,-0.6270051598548889,-0.6270051598548889,0.3729943037033081,0.999999463558197
mm_0146435,BioBERT,0.0,1.0,sapbert_full_len3,9,9,0,8,False,2,0.7642045065086203,0.2410796804848405,C1257990,False,9.0,2.0,"{""UMLS:C1257990"": 7, ""UMLS:C1707887"": 2}",0.7642045065086203,0.2410796804848405,0.0,UMLS:C1257990,0.0,9.0,-0.6834863424301147,-0.6792110800743103,-0.6834863424301147,0.3207883834838867,0.999999463558197
mm_0146435,BioMistral-7B,0.0,0.9999998807907104,sapbert_full_len3,9,9,0,8,False,3,1.584962500721156,0.5,C3274768,False,,,,,,,,,9.0,0.128136932849884,0.0767843524614969,0.0151712894439696,0.9999999006589254,0.9232155680656432
mm_0146435,FLAN-T5-base,0.0,1.0,sapbert_full_len3,9,9,0,8,False,2,0.9910760598382222,0.3126496871021503,C0026549,False,,,,,,,,,9.0,0.0151900053024292,0.0813556777106391,0.0151900053024292,1.0,0.918644368648529
mm_0146435,Llama3-OpenBioLLM-8B,1.0,1.0,sapbert_full_len3,9,9,0,8,False,1,-0.0,-0.0,C0035397,True,,,,,,,,,9.0,0.1389748454093933,0.1438441409005059,0.1362383961677551,1.0,0.8561558127403259
mm_0146435,Meta-Llama-3-8B-Instruct,0.0,0.9999998807907104,sapbert_full_len3,9,9,0,8,False,2,0.7642045065086203,0.2410796804848405,C3274768,False,,,,,,,,,9.0,0.128136932849884,0.1381370690133836,0.128136932849884,0.9999999072816635,0.86186283826828
mm_0146435,Mistral-7B-Instruct-v0.1,0.0,0.9999998807907104,sapbert_full_len3,9,9,0,8,False,4,1.974937501201927,0.6230234154761809,C3274768,False,,,,,,,,,9.0,0.128136932849884,0.0783904592196146,0.0151712894439696,0.9999998675452338,0.9216094613075256
mm_0146435,PubMedBERT,0.0,1.0,sapbert_full_len3,9,9,0,8,False,1,-0.0,-0.0,C1447749,True,9.0,1.0,"{""C1447749"": 9}",-0.0,-0.0,0.0,C1447749,0.0,9.0,-0.6270051598548889,-0.6270051598548889,-0.6270051598548889,0.3729943037033081,0.999999463558197
mm_0146865,BERT-base,0.0,1.0,sapbert_full_len3,5,5,0,4,False,1,-0.0,-0.0,C0085472,True,5.0,1.0,"{""C0085472"": 5}",-0.0,-0.0,0.0,C0085472,0.0,5.0,-0.5814632177352905,-0.5814632177352905,-0.5814632177352905,0.41853633522987366,0.9999995231628418
mm_0146865,BioBERT,0.0,1.0,sapbert_full_len3,5,5,0,4,False,2,0.9709505944546686,0.4181656600790516,C1447749,False,5.0,2.0,"{""C0265267"": 2, ""C1447749"": 3}",0.9709505944546686,0.4181656600790516,0.0,C1447749,0.0,5.0,-0.6416976451873779,-0.6572498083114624,-0.6676179766654968,0.342749685049057,0.9999995231628418
mm_0146865,BioMistral-7B,0.0,0.9999999403953552,sapbert_full_len3,5,4,1,4,False,1,-0.0,-0.0,C0439751,True,,,,,,,,,4.0,0.2130500674247741,0.2130500227212906,0.2130500078201294,0.9999998956918716,0.786949872970581
mm_0146865,FLAN-T5-base,1.0,1.0,sapbert_full_len3,5,5,0,4,False,1,-0.0,-0.0,C0242724,True,,,,,,,,,5.0,0.0271731615066528,0.0271731615066528,0.0271731615066528,1.0,0.9728268384933472
mm_0146865,Llama3-OpenBioLLM-8B,1.0,0.7230697274208069,sapbert_full_len3,5,5,0,4,False,2,0.7219280948873623,0.3109175070825711,C0242724,False,,,,,,,,,5.0,-0.0480940341949462,-0.0384751439094543,-0.0480940341949462,0.7784557461738586,0.816930890083313
mm_0146865,Meta-Llama-3-8B-Instruct,1.0,1.0,sapbert_full_len3,5,5,0,4,False,1,-0.0,-0.0,C0242724,True,,,,,,,,,5.0,0.1495478153228759,-0.0056605815887451,-0.0444626808166503,0.7696883201599121,0.775348961353302
mm_0146865,Mistral-7B-Instruct-v0.1,1.0,1.0,sapbert_full_len3,5,5,0,4,False,2,0.9709505944546686,0.4181656600790516,C0242724,False,,,,,,,,,5.0,0.1049383282661438,0.1100879549980163,4.172325133167121e-07,0.9999999284744264,0.8899120092391968
mm_0146865,PubMedBERT,0.0,1.0,sapbert_full_len3,5,5,0,4,False,1,-0.0,-0.0,C1447749,True,5.0,1.0,"{""C1447749"": 5}",-0.0,-0.0,0.0,C1447749,0.0,5.0,-0.6676179766654968,-0.6676179766654968,-0.6676179766654968,0.33238154649734497,0.9999995231628418
mm_0146868,BERT-base,1.0,1.0,sapbert_full_len3,7,7,0,6,False,1,-0.0,-0.0,C0242724,True,7.0,1.0,"{""UMLS:C0242724"": 7}",-0.0,-0.0,1.0,UMLS:C0242724,0.0,7.0,-0.15343999862670898,-0.15343999862670898,-0.15343999862670898,0.6120577454566956,0.7654977440834045
mm_0146868,BioBERT,0.0,1.0,sapbert_full_len3,7,7,0,6,False,1,-0.0,-0.0,C0265267,True,7.0,1.0,"{""C0265267"": 7}",-0.0,-0.0,0.0,C0265267,0.0,7.0,-0.36936861276626587,-0.36936861276626587,-0.36936861276626587,0.39612913131713867,0.7654977440834045
mm_0146868,BioMistral-7B,0.0,0.7656632661819458,sapbert_full_len3,7,7,0,6,False,3,1.5566567074628228,0.5544923070581674,C3256389,False,,,,,,,,,7.0,0.0004267692565917,0.0223714794431413,0.0004267692565917,0.8179856709071568,0.7956141829490662
mm_0146868,FLAN-T5-base,0.0,1.0,sapbert_full_len3,7,7,0,6,False,3,1.1488348542809166,0.4092232318950598,C0037949,False,,,,,,,,,7.0,1.1920928955078125e-07,0.0050000633512223,-5.960464488641294e-08,0.9262310011046272,0.921230971813202
mm_0146868,Llama3-OpenBioLLM-8B,0.0,0.7384806871414185,sapbert_full_len3,7,7,0,6,False,5,2.1280852788913944,0.7580392711198944,C3256389,False,,,,,,,,,7.0,0.010979413986206,0.0140187059129987,-0.0021469593048095,0.8198983584131513,0.8058795928955078
mm_0146868,Meta-Llama-3-8B-Instruct,0.0,0.8669235706329346,sapbert_full_len3,7,7,0,6,False,3,1.5566567074628228,0.5544923070581674,C2265481,False,,,,,,,,,7.0,0.0254685282707214,0.0954444323267255,0.0254549980163574,0.9429633447102138,0.8475188612937927
mm_0146868,Mistral-7B-Instruct-v0.1,0.0,0.7656632661819458,sapbert_full_len3,7,7,0,6,False,3,1.5566567074628228,0.5544923070581674,C3256389,False,,,,,,,,,7.0,0.0004267692565917,0.0052527359553745,-0.0172083973884582,0.7896535566874913,0.7844007611274719
mm_0146868,PubMedBERT,0.0,1.0,sapbert_full_len3,7,7,0,6,False,2,0.9852281360342516,0.3509453429964405,C0242724,False,7.0,2.0,"{""C1447749"": 3, ""UMLS:C0242724"": 4}",0.9852281360342516,0.3509453429964405,0.5714285714285714,UMLS:C0242724,0.0,7.0,-0.48740458488464355,-0.2965676784515381,-0.48740458488464355,0.46893006563186646,0.7654977440834045
mm_0147167,BERT-base,0.0,1.0,sapbert_full_len3,5,5,0,4,False,1,-0.0,-0.0,C1257990,True,5.0,1.0,"{""UMLS:C1257990"": 5}",-0.0,-0.0,0.0,UMLS:C1257990,0.0,5.0,-0.6797434091567993,-0.6797434091567993,-0.6797434091567993,0.3202558159828186,0.9999992251396179
mm_0147167,BioBERT,0.0,1.0,sapbert_full_len3,5,5,0,4,False,1,-0.0,-0.0,C2919551,True,5.0,1.0,"{""UMLS:C2919551"": 5}",-0.0,-0.0,0.0,UMLS:C2919551,0.0,5.0,-0.6854938268661499,-0.6854938268661499,-0.6854938268661499,0.314505398273468,0.9999992251396179
mm_0147167,BioMistral-7B,1.0,1.0,sapbert_full_len3,5,5,0,4,False,1,-0.0,-0.0,C1513893,True,,,,,,,,,5.0,0.1199882626533508,0.1397998929023742,0.1058088541030883,1.0,0.8602001070976257
mm_0147167,FLAN-T5-base,1.0,1.0,sapbert_full_len3,5,5,0,4,False,1,-0.0,-0.0,C1513893,True,,,,,,,,,5.0,0.2008827328681945,0.2008827328681945,0.2008827328681945,1.0,0.7991172671318054
mm_0147167,Llama3-OpenBioLLM-8B,1.0,1.0,sapbert_full_len3,5,5,0,4,False,1,-0.0,-0.0,C1513893,True,,,,,,,,,5.0,0.1199882626533508,0.114337933063507,0.1058405041694641,1.0,0.8856620788574219
mm_0147167,Meta-Llama-3-8B-Instruct,1.0,1.0,sapbert_full_len3,5,5,0,4,False,1,-0.0,-0.0,C1513893,True,,,,,,,,,5.0,0.1200101971626281,0.1143296599388122,0.1058088541030883,1.0,0.8856703639030457
mm_0147167,Mistral-7B-Instruct-v0.1,0.0,1.0000001192092896,sapbert_full_len3,5,5,0,4,False,2,0.9709505944546686,0.4181656600790516,C0038952,False,,,,,,,,,5.0,3.5762786865234375e-07,0.0423557043075561,1.788139343261719e-07,1.0,0.9576442837715148
mm_0147167,PubMedBERT,0.0,1.0,sapbert_full_len3,5,5,0,4,False,1,-0.0,-0.0,C1839576,True,5.0,1.0,"{""C1839576"": 5}",-0.0,-0.0,0.0,C1839576,0.0,5.0,-0.6217231154441833,-0.6217231154441833,-0.6217231154441833,0.37827610969543457,0.9999992251396179
mm_0147345,BERT-base,0.0,1.0,sapbert_full_len3,5,5,0,4,False,1,-0.0,-0.0,C1447749,True,5.0,1.0,"{""C1447749"": 5}",-0.0,-0.0,0.0,C1447749,0.0,5.0,-0.7053190469741821,-0.7053190469741821,-0.7053190469741821,0.29468029737472534,0.9999993443489075
mm_0147345,BioBERT,0.0,1.0,sapbert_full_len3,5,5,0,4,False,1,-0.0,-0.0,C0008396,True,5.0,1.0,"{""C0008396"": 5}",-0.0,-0.0,0.0,C0008396,0.0,5.0,-0.6776957511901855,-0.6776957511901855,-0.6776957511901855,0.32230356335639954,0.9999993443489075
mm_0147345,BioMistral-7B,0.0,1.0,sapbert_full_len3,5,5,0,4,False,2,0.9709505944546686,0.4181656600790516,C1272641,False,,,,,,,,,5.0,0.0144346952438354,0.0494578599929809,3.5762786865234375e-07,0.999999952316284,0.9505420923233032
mm_0147345,FLAN-T5-base,0.0,1.0,sapbert_full_len3,5,5,0,4,False,4,1.9219280948873625,0.8277293767706428,C1272641,False,,,,,,,,,5.0,0.0627592206001281,0.0750423669815063,4.172325134277344e-07,1.000000011920929,0.9249576330184937
mm_0147345,Llama3-OpenBioLLM-8B,0.0,0.9999998211860656,sapbert_full_len3,5,5,0,4,False,2,0.9709505944546686,0.4181656600790516,C0166418,False,,,,,,,,,5.0,1.7881393421514957e-07,0.0465708851814269,1.7881393421514957e-07,0.9999998927116394,0.9534290432929992
mm_0147345,Meta-Llama-3-8B-Instruct,0.0,1.0,sapbert_full_len3,5,5,0,4,False,3,1.3709505944546687,0.5904362833084089,C1272641,False,,,,,,,,,5.0,0.054640769958496,0.0496248483657836,3.5762786865234375e-07,0.999999952316284,0.9503750801086426
mm_0147345,Mistral-7B-Instruct-v0.1,0.0,1.0,sapbert_full_len3,5,5,0,4,False,2,0.9709505944546686,0.4181656600790516,C1272641,False,,,,,,,,,5.0,0.116426944732666,0.0737696170806884,0.009783625602722,0.9999999046325684,0.926230251789093
mm_0147345,PubMedBERT,0.0,1.0,sapbert_full_len3,5,5,0,4,False,2,0.9709505944546686,0.4181656600790516,C1370369,False,5.0,2.0,"{""C1370369"": 3, ""C1447749"": 2}",0.9709505944546686,0.4181656600790516,0.0,C1370369,0.0,5.0,-0.7026727199554443,-0.7037312388420105,-0.7053190469741821,0.296268105506897,0.9999993443489075
mm_0148129,BERT-base,0.0,1.0,sapbert_full_len3,7,7,0,6,False,1,-0.0,-0.0,C1447749,True,7.0,1.0,"{""C1447749"": 7}",-0.0,-0.0,0.0,C1447749,0.0,7.0,-0.6861059665679932,-0.6861060261726379,-0.6861059665679932,0.31389299035072327,0.999998927116394
mm_0148129,BioBERT,0.0,1.0,sapbert_full_len3,7,7,0,6,False,1,-0.0,-0.0,C1257990,True,7.0,1.0,"{""UMLS:C1257990"": 7}",-0.0,-0.0,0.0,UMLS:C1257990,0.0,7.0,-0.6043288707733154,-0.6043288111686707,-0.6043288707733154,0.395670086145401,0.999998927116394
mm_0148129,BioMistral-7B,0.0,1.0000001192092896,sapbert_full_len3,7,7,0,6,False,2,0.9852281360342516,0.3509453429964405,C0251223,False,,,,,,,,,7.0,0.0563296675682067,0.0892398101942879,0.0563294291496276,0.9999999148505074,0.9107600450515748
mm_0148129,FLAN-T5-base,0.0,1.0,sapbert_full_len3,7,7,0,6,False,1,-0.0,-0.0,C0007301,True,,,,,,,,,7.0,0.1301555633544922,0.2152097225189209,0.1301555633544922,1.0,0.7847903370857239
mm_0148129,Llama3-OpenBioLLM-8B,0.0,1.0,sapbert_full_len3,7,7,0,6,False,1,-0.0,-0.0,C0251223,True,,,,,,,,,7.0,0.1139226555824279,0.1139225534030369,0.1139225363731384,0.9999998978206088,0.886077344417572
mm_0148129,Meta-Llama-3-8B-Instruct,0.0,1.0,sapbert_full_len3,7,7,0,6,False,1,-0.0,-0.0,C0007301,True,,,,,,,,,7.0,0.2408062815666198,0.2408062815666198,0.2408062815666198,1.0,0.7591937780380249
mm_0148129,Mistral-7B-Instruct-v0.1,0.0,1.0,sapbert_full_len3,7,7,0,6,False,2,0.863120568566631,0.3074497498641964,C0007301,False,,,,,,,,,7.0,0.021253228187561,0.0312749998910086,0.021253228187561,0.999999965940203,0.9687249064445496
mm_0148129,PubMedBERT,0.0,1.0,sapbert_full_len3,7,7,0,6,False,1,-0.0,-0.0,C1839576,True,7.0,1.0,"{""C1839576"": 7}",-0.0,-0.0,0.0,C1839576,0.0,7.0,-0.7100708484649658,-0.7100709080696106,-0.7100708484649658,0.2899281084537506,0.999998927116394
mm_0148711,BERT-base,0.0,1.0,sapbert_full_len3,7,7,0,6,False,4,1.9502120649147463,0.6946795539074094,C1136156,False,7.0,4.0,"{""UMLS:C0752046"": 1, ""C1136156"": 2, ""C2936621"": 2, ""C1308232"": 2}",1.9502120649147463,0.6946795539074094,0.0,C1136156,1.0,7.0,-0.5925208330154419,-0.5665770173072815,-0.7540426254272461,0.4334222674369812,0.9999993443489075
mm_0148711,BioBERT,0.0,1.0,sapbert_full_len3,7,7,0,6,False,2,0.863120568566631,0.3074497498641964,C1257990,False,7.0,2.0,"{""UMLS:C1257990"": 5, ""C1566790"": 2}",0.863120568566631,0.3074497498641964,0.0,UMLS:C1257990,0.0,7.0,-0.5548210144042969,-0.5676255226135254,-0.5996367335319519,0.4323737919330597,0.9999993443489075
mm_0148711,BioMistral-7B,1.0,1.0000001192092896,sapbert_full_len3,7,7,0,6,False,1,-0.0,-0.0,C1101610,True,,,,,,,,,7.0,0.0606187582015991,0.0606186049325125,0.0606185793876647,0.999999965940203,0.93938148021698
mm_0148711,FLAN-T5-base,1.0,1.0000001192092896,sapbert_full_len3,7,7,0,6,False,1,-0.0,-0.0,C1101610,True,,,,,,,,,7.0,0.0606187582015991,0.0606187582015991,0.0606187582015991,1.0000001192092896,0.93938148021698
mm_0148711,Llama3-OpenBioLLM-8B,1.0,1.0,sapbert_full_len3,7,7,0,6,False,2,0.863120568566631,0.3074497498641964,C1101610,False,,,,,,,,,7.0,0.0399845242500305,0.0344558358192443,2.980232237659308e-07,0.999999863760812,0.965544044971466
mm_0148711,Meta-Llama-3-8B-Instruct,1.0,1.0000001192092896,sapbert_full_len3,7,7,0,6,False,1,-0.0,-0.0,C1101610,True,,,,,,,,,7.0,0.0606187582015991,0.0547231180327278,0.0399842858314513,0.9999999403953552,0.9452767968177797
mm_0148711,Mistral-7B-Instruct-v0.1,1.0,0.9999999403953552,sapbert_full_len3,7,7,0,6,False,1,-0.0,-0.0,C1101610,True,,,,,,,,,7.0,0.0606185793876647,0.0606185793876647,0.0606185793876647,0.9999999403953552,0.93938148021698
mm_0148711,PubMedBERT,0.0,1.0,sapbert_full_len3,7,7,0,6,False,3,1.3787834934861751,0.4911325898456825,C1257990,False,7.0,3.0,"{""C1447749"": 1, ""C0752170"": 2, ""UMLS:C1257990"": 4}",1.3787834934861751,0.4911325898456825,0.0,UMLS:C1257990,0.0,7.0,-0.6724677085876465,-0.5941299200057983,-0.6724677085876465,0.40586939454078674,0.9999993443489075
mm_0148991,BERT-base,0.0,1.0,sapbert_full_len3,7,7,0,6,False,2,0.863120568566631,0.3074497498641964,C0752046,False,7.0,2.0,"{""UMLS:C0752046"": 5, ""UMLS:C1257990"": 2}",0.863120568566631,0.3074497498641964,0.0,UMLS:C0752046,0.0,7.0,-0.4346008896827698,-0.42962560057640076,-0.4346008896827698,0.34536829590797424,0.774993896484375
mm_0148991,BioBERT,0.0,1.0,sapbert_full_len3,7,7,0,6,False,2,0.9852281360342516,0.3509453429964405,C1707887,False,7.0,2.0,"{""UMLS:C1257990"": 3, ""UMLS:C1707887"": 4}",0.9852281360342516,0.3509453429964405,0.0,UMLS:C1707887,0.0,7.0,-0.4171873927116394,-0.3752942681312561,-0.4171873927116394,0.3996996283531189,0.774993896484375
mm_0148991,BioMistral-7B,0.0,0.7749166488647461,sapbert_full_len3,7,7,0,6,False,2,0.863120568566631,0.3074497498641964,C1424525,False,,,,,,,,,7.0,-7.724761962890625e-05,-7.220676967075893e-06,-7.724761962890625e-05,0.8392740317753383,0.8392812013626099
mm_0148991,FLAN-T5-base,0.0,0.999999701976776,sapbert_full_len3,7,7,0,6,False,4,1.8423709931771084,0.6562657890890309,C1504315,False,,,,,,,,,7.0,2.980232237659308e-07,0.0540429524012974,2.980232237659308e-07,0.9999999744551522,0.9459570050239564
mm_0148991,Llama3-OpenBioLLM-8B,0.0,0.9999998211860656,sapbert_full_len3,7,7,0,6,False,3,1.3787834934861751,0.4911325898456825,C1706245,False,,,,,,,,,7.0,4.172325133167121e-07,0.0062564355986458,-7.724761962890625e-05,0.9356903348650252,0.9294339418411256
mm_0148991,Meta-Llama-3-8B-Instruct,0.0,0.9999998807907104,sapbert_full_len3,7,7,0,6,False,2,0.863120568566631,0.3074497498641964,C0752046,False,,,,,,,,,7.0,0.0578262209892272,0.0413046138627188,5.960464477539062e-07,0.9999999148505074,0.9586952924728394
mm_0148991,Mistral-7B-Instruct-v0.1,0.0,0.7750003337860107,sapbert_full_len3,7,7,0,6,False,1,-0.0,-0.0,C1424525,True,,,,,,,,,7.0,6.437301635742188e-06,6.437301635742188e-06,6.437301635742188e-06,0.7750003337860107,0.774993896484375
mm_0148991,PubMedBERT,0.0,1.0,sapbert_full_len3,7,7,0,6,False,1,-0.0,-0.0,C1839576,True,7.0,1.0,"{""C1839576"": 7}",-0.0,-0.0,0.0,C1839576,0.0,7.0,-0.4289739727973938,-0.4289739727973938,-0.4289739727973938,0.3460199236869812,0.774993896484375
mm_0150343,BERT-base,0.0,1.0,sapbert_full_len3,7,7,0,6,False,1,-0.0,-0.0,C1257990,True,7.0,1.0,"{""UMLS:C1257990"": 7}",-0.0,-0.0,0.0,UMLS:C1257990,0.0,7.0,-0.5596827268600464,-0.5596827268600464,-0.5596827268600464,0.39423784613609314,0.9539206624031067
mm_0150343,BioBERT,0.0,1.0,sapbert_full_len3,7,7,0,6,False,2,0.863120568566631,0.3074497498641964,C1257990,False,7.0,2.0,"{""C1312419"": 2, ""UMLS:C1257990"": 5}",0.863120568566631,0.3074497498641964,0.0,UMLS:C1257990,0.0,7.0,-0.43545544147491455,-0.5241891741752625,-0.5596827268600464,0.4297313690185547,0.9539206624031067
mm_0150343,BioMistral-7B,0.0,0.9999999403953552,sapbert_full_len3,7,7,0,6,False,1,-0.0,-0.0,C2825796,True,,,,,,,,,7.0,0.0095441341400146,0.0095441852297101,0.0095441341400146,0.9999999914850508,0.9904557466506958
mm_0150343,FLAN-T5-base,0.0,1.0,sapbert_full_len3,7,7,0,6,False,2,0.863120568566631,0.3074497498641964,C2825796,False,,,,,,,,,7.0,0.0095441937446594,0.0040954436574663,-0.0095263123512268,0.9972780432019916,0.9931825399398804
mm_0150343,Llama3-OpenBioLLM-8B,0.0,0.9649214744567872,sapbert_full_len3,7,7,0,6,False,2,0.5916727785823275,0.2107580961471984,C4330677,False,,,,,,,,,7.0,0.143669605255127,0.122846748147692,0.0453354716300963,0.9671422924314228,0.8442955613136292
mm_0150343,Meta-Llama-3-8B-Instruct,0.0,0.9999997615814208,sapbert_full_len3,7,7,0,6,False,2,0.863120568566631,0.3074497498641964,C1101610,False,,,,,,,,,7.0,0.0399842858314513,0.0643724628857203,0.0290265083312988,0.9812553099223544,0.9168829321861268
mm_0150343,Mistral-7B-Instruct-v0.1,0.0,0.9999998211860656,sapbert_full_len3,7,7,0,6,False,1,-0.0,-0.0,C1101610,True,,,,,,,,,7.0,0.0357921719551085,0.0357921719551085,0.0357921719551085,0.9999998211860656,0.964207649230957
mm_0150343,PubMedBERT,0.0,1.0,sapbert_full_len3,7,7,0,6,False,1,-0.0,-0.0,C1447749,True,7.0,1.0,"{""C1447749"": 7}",-0.0,-0.0,0.0,C1447749,0.0,7.0,-0.4959501624107361,-0.4959501624107361,-0.4959501624107361,0.45797044038772583,0.9539206624031067
mm_0150931,BERT-base,0.0,1.0,sapbert_full_len3,6,6,0,5,False,1,-0.0,-0.0,C1257990,True,6.0,1.0,"{""UMLS:C1257990"": 6}",-0.0,-0.0,0.0,UMLS:C1257990,0.0,6.0,-0.23520827293395996,-0.23520827293395996,-0.23520827293395996,0.4889863431453705,0.7241945862770081
mm_0150931,BioBERT,0.0,1.0,sapbert_full_len3,6,6,0,5,False,2,0.6500224216483541,0.2514629985800606,C1257990,False,6.0,2.0,"{""UMLS:C1257990"": 5, ""C1868801"": 1}",0.6500224216483541,0.2514629985800606,0.0,UMLS:C1257990,0.0,6.0,-0.23520827293395996,-0.24352681636810303,-0.28511950373649597,0.4806677997112274,0.7241945862770081
mm_0150931,BioMistral-7B,0.0,0.7709967494010925,sapbert_full_len3,6,6,0,5,False,2,0.9182958340544896,0.355245321275764,C0740392,False,,,,,,,,,6.0,0.0240971446037292,0.0277026693026224,0.0240971446037292,0.8132660984992981,0.7855634689331055
mm_0150931,FLAN-T5-base,0.0,0.9999999403953552,sapbert_full_len3,6,6,0,5,False,2,0.9182958340544896,0.355245321275764,C0028778,False,,,,,,,,,6.0,2.384185791015625e-07,0.0153563916683197,1.788139343261719e-07,0.9999999304612478,0.9846434593200684
mm_0150931,Llama3-OpenBioLLM-8B,0.0,0.9999998807907104,sapbert_full_len3,6,6,0,5,False,2,0.6500224216483541,0.2514629985800606,C0022116,False,,,,,,,,,6.0,2.980232238769531e-07,0.007678210735321,2.980232238769531e-07,0.999999870856603,0.9923216700553894
mm_0150931,Meta-Llama-3-8B-Instruct,0.0,0.8977338671684265,sapbert_full_len3,6,6,0,5,False,3,1.4591479170272446,0.5644754678724235,C0740391,False,,,,,,,,,6.0,0.0348427891731262,0.0254518588383992,4.172325134277344e-07,0.9488669335842131,0.9234150052070618
mm_0150931,Mistral-7B-Instruct-v0.1,0.0,0.7710367441177368,sapbert_full_len3,6,6,0,5,False,2,0.9182958340544896,0.355245321275764,C0740392,False,,,,,,,,,6.0,0.0241371393203735,0.0160716076691945,5.364418029785156e-07,0.8473377923170725,0.8312661647796631
mm_0150931,PubMedBERT,0.0,1.0,sapbert_full_len3,6,6,0,5,False,1,-0.0,-0.0,C1839576,True,6.0,1.0,"{""C1839576"": 6}",-0.0,-0.0,0.0,C1839576,0.0,6.0,-0.29269683361053467,-0.29269683361053467,-0.29269683361053467,0.431497722864151,0.7241945862770081
mm_0151404,BERT-base,0.0,1.0,sapbert_full_len3,7,7,0,6,False,4,1.6644977792004614,0.5929060718765461,C1447749,False,7.0,4.0,"{""C0080092"": 1, ""C1447749"": 4, ""C0055966"": 1, ""C0524984"": 1}",1.6644977792004614,0.5929060718765461,0.0,C1447749,1.0,7.0,-0.677277147769928,-0.6276523470878601,-0.677277147769928,0.3723471462726593,0.9999995231628418
mm_0151404,BioBERT,0.0,1.0,sapbert_full_len3,7,7,0,6,False,3,1.1488348542809166,0.4092232318950598,C1707887,False,7.0,3.0,"{""UMLS:C1707887"": 5, ""UMLS:C1257990"": 1, ""C1370369"": 1}",1.1488348542809166,0.4092232318950598,0.0,UMLS:C1707887,0.0,7.0,-0.6816800832748413,-0.6667023301124573,-0.6816800832748413,0.3332971930503845,0.9999995231628418
mm_0151404,BioMistral-7B,0.0,0.9999998807907104,sapbert_full_len3,7,7,0,6,False,1,-0.0,-0.0,C0025219,True,,,,,,,,,7.0,3.5762786865234375e-07,4.598072596958706e-07,3.5762786865234375e-07,0.9999999829701016,0.9999995231628418
mm_0151404,FLAN-T5-base,1.0,1.0,sapbert_full_len3,7,7,0,6,False,1,-0.0,-0.0,C0242769,True,,,,,,,,,7.0,0.0340983271598815,0.0293151906558445,0.0173573493957518,0.999999931880406,0.970684826374054
mm_0151404,Llama3-OpenBioLLM-8B,1.0,1.0,sapbert_full_len3,7,7,0,6,False,2,0.9852281360342516,0.3509453429964405,C0242769,False,,,,,,,,,7.0,0.2011773586273193,0.1374180402074541,0.0544443726539611,0.9999999489103044,0.8625819087028503
mm_0151404,Meta-Llama-3-8B-Instruct,1.0,1.0,sapbert_full_len3,7,7,0,6,False,2,0.9852281360342516,0.3509453429964405,C0242769,False,,,,,,,,,7.0,0.0226814150810241,0.0237417646816798,4.76837158203125e-07,1.0,0.9762582778930664
mm_0151404,Mistral-7B-Instruct-v0.1,1.0,1.0,sapbert_full_len3,7,7,0,6,False,2,0.9852281360342516,0.3509453429964405,C0025219,False,,,,,,,,,7.0,0.0340983271598815,0.0146138412611825,4.76837158203125e-07,1.0,0.9853861927986144
mm_0151404,PubMedBERT,0.0,1.0,sapbert_full_len3,7,7,0,6,False,2,0.5916727785823275,0.2107580961471984,C1839576,False,7.0,2.0,"{""C1839576"": 6, ""C1447749"": 1}",0.5916727785823275,0.2107580961471984,0.0,C1839576,0.0,7.0,-0.631892740726471,-0.6320262551307678,-0.6328274011611938,0.367973268032074,0.9999995231628418
mm_0151426,BERT-base,0.0,1.0,sapbert_full_len3,5,5,0,4,False,2,0.9709505944546686,0.4181656600790516,C0242193,False,5.0,2.0,"{""UMLS:C0242193"": 3, ""UMLS:C0358514"": 2}",0.9709505944546686,0.4181656600790516,0.0,UMLS:C0242193,0.0,5.0,-0.596896231174469,-0.5323940515518188,-0.596896231174469,0.4676055908203125,0.9999996423721313
mm_0151426,BioBERT,0.0,1.0,sapbert_full_len3,5,5,0,4,False,1,-0.0,-0.0,C0265267,True,5.0,1.0,"{""C0265267"": 5}",-0.0,-0.0,0.0,C0265267,0.0,5.0,-0.6427245140075684,-0.6427245140075684,-0.6427245140075684,0.357275128364563,0.9999996423721313
mm_0151426,BioMistral-7B,1.0,1.0,sapbert_full_len3,5,5,0,4,False,2,0.9709505944546686,0.4181656600790516,C1705920,False,,,,,,,,,5.0,0.22257000207901,0.2413199067115783,0.1808002591133117,1.0,0.7586801052093506
mm_0151426,FLAN-T5-base,1.0,1.0,sapbert_full_len3,5,5,0,4,False,2,0.9709505944546686,0.4181656600790516,C1705920,False,,,,,,,,,5.0,0.1958421468734741,0.1175054788589477,4.76837158203125e-07,1.0,0.8824944496154785
mm_0151426,Llama3-OpenBioLLM-8B,0.0,0.9999999403953552,sapbert_full_len3,5,5,0,4,False,3,1.521928094887362,0.6554587535412855,C0337198,False,,,,,,,,,5.0,4.172325134277344e-07,0.0681462883949279,4.172325134277344e-07,0.9999999880790712,0.9318536520004272
mm_0151426,Meta-Llama-3-8B-Instruct,0.0,0.9999999403953552,sapbert_full_len3,5,5,0,4,False,2,0.9709505944546686,0.4181656600790516,C0013546,False,,,,,,,,,5.0,0.1286078095436096,0.1391927361488342,0.1286078095436096,1.000000035762787,0.8608072996139526
mm_0151426,Mistral-7B-Instruct-v0.1,1.0,1.0,sapbert_full_len3,5,5,0,4,False,2,0.9709505944546686,0.4181656600790516,C1705920,False,,,,,,,,,5.0,0.3490842580795288,0.2527728199958801,0.1077378988265991,1.0,0.7472271919250488
mm_0151426,PubMedBERT,0.0,1.0,sapbert_full_len3,5,5,0,4,False,1,-0.0,-0.0,C1839576,True,5.0,1.0,"{""C1839576"": 5}",-0.0,-0.0,0.0,C1839576,0.0,5.0,-0.6664605140686035,-0.6664605140686035,-0.6664605140686035,0.33353912830352783,0.9999996423721313
mm_0152117,BERT-base,0.0,1.0,sapbert_full_len3,9,9,0,8,False,3,1.3921472236645345,0.4391735523809267,C1739108,False,9.0,3.0,"{""C1739108"": 4, ""UMLS:C2350390"": 1, ""C3714500"": 4}",1.3921472236645345,0.4391735523809267,0.0,C1739108,0.0,9.0,-0.5201410055160522,-0.4375351071357727,-0.5994612574577332,0.4602859914302826,0.8978211283683777
mm_0152117,BioBERT,0.0,1.0,sapbert_full_len3,9,9,0,8,False,2,0.9910760598382222,0.3126496871021503,C0919821,False,9.0,2.0,"{""UMLS:C1707887"": 4, ""UMLS:C0919821"": 5}",0.9910760598382222,0.3126496871021503,0.0,UMLS:C0919821,0.0,9.0,-0.5540159940719604,-0.5555209517478943,-0.5567249059677124,0.342300146818161,0.8978211283683777
mm_0152117,BioMistral-7B,0.0,1.0,sapbert_full_len3,9,9,0,8,False,2,0.7642045065086203,0.2410796804848405,C0003234,False,,,,,,,,,9.0,4.76837158203125e-07,-1.0821554395887586e-05,-5.036592483520508e-05,0.970012585322062,0.9700234532356262
mm_0152117,FLAN-T5-base,0.0,1.0,sapbert_full_len3,9,9,0,8,False,2,0.7642045065086203,0.2410796804848405,C0003234,False,,,,,,,,,9.0,3.5762786865234375e-07,2.450413174099392e-07,1.1920928955078125e-07,0.999999913904402,0.999999701976776
mm_0152117,Llama3-OpenBioLLM-8B,0.0,0.8650493621826172,sapbert_full_len3,9,9,0,8,False,3,1.3921472236645345,0.4391735523809267,C0241397,False,,,,,,,,,9.0,-5.7637691497802734e-05,0.0420548717180887,-5.7637691497802734e-05,0.8974588778283861,0.8554040193557739
mm_0152117,Meta-Llama-3-8B-Instruct,0.0,1.0,sapbert_full_len3,9,9,0,8,False,1,-0.0,-0.0,C0876994,True,,,,,,,,,9.0,0.1794692277908325,0.1528755227724711,0.0996881127357482,1.0,0.847124457359314
mm_0152117,Mistral-7B-Instruct-v0.1,0.0,0.9999998807907104,sapbert_full_len3,9,9,0,8,False,1,-0.0,-0.0,C0003234,True,,,,,,,,,9.0,3.5762786865234375e-07,3.5762786865234375e-07,3.5762786865234375e-07,0.9999998807907104,0.9999995827674866
mm_0152117,PubMedBERT,0.0,1.0,sapbert_full_len3,9,9,0,8,False,2,0.7642045065086203,0.2410796804848405,C1839576,False,9.0,2.0,"{""C1839576"": 7, ""C1447749"": 2}",0.7642045065086203,0.2410796804848405,0.0,C1839576,0.0,9.0,-0.4909664988517761,-0.4708692729473114,-0.4909664988517761,0.4269518256187439,0.8978211283683777
mm_0152683,BERT-base,0.0,1.0,sapbert_full_len3,5,5,0,4,False,1,-0.0,-0.0,C0919821,True,5.0,1.0,"{""UMLS:C0919821"": 5}",-0.0,-0.0,0.0,UMLS:C0919821,0.0,5.0,-0.8160982131958008,-0.8160982131958008,-0.8160982131958008,0.18390129506587982,0.9999995231628418
mm_0152683,BioBERT,0.0,1.0,sapbert_full_len3,5,5,0,4,False,1,-0.0,-0.0,C1447749,True,5.0,1.0,"{""C1447749"": 5}",-0.0,-0.0,0.0,C1447749,0.0,5.0,-0.5934802293777466,-0.5934802293777466,-0.5934802293777466,0.4065193235874176,0.9999995231628418
mm_0152683,BioMistral-7B,0.0,1.0,sapbert_full_len3,5,5,0,4,False,2,0.9709505944546686,0.4181656600790516,C0042387,False,,,,,,,,,5.0,0.080093502998352,0.0480562448501586,3.5762786865234375e-07,1.0,0.9519436955451964
mm_0152683,FLAN-T5-base,0.0,1.0,sapbert_full_len3,5,5,0,4,False,3,1.521928094887362,0.6554587535412855,C0225226,False,,,,,,,,,5.0,0.0618236064910888,0.04088134765625,3.5762786865234375e-07,1.000000047683716,0.959118664264679
mm_0152683,Llama3-OpenBioLLM-8B,0.0,0.9999998807907104,sapbert_full_len3,5,5,0,4,False,1,-0.0,-0.0,C0010417,True,,,,,,,,,5.0,2.980232238769531e-07,2.980232238769531e-07,2.980232238769531e-07,0.9999998807907104,0.9999996423721312
mm_0152683,Meta-Llama-3-8B-Instruct,0.0,1.0,sapbert_full_len3,5,5,0,4,False,1,-0.0,-0.0,C0010417,True,,,,,,,,,5.0,4.172325134277344e-07,3.218650817871094e-07,2.980232238769531e-07,0.9999999046325684,0.9999996423721312
mm_0152683,Mistral-7B-Instruct-v0.1,0.0,0.9999998211860656,sapbert_full_len3,5,5,0,4,False,2,0.9709505944546686,0.4181656600790516,C1280903,False,,,,,,,,,5.0,0.1444697976112364,0.1113881230354308,0.061765432357788,0.9999999642372132,0.8886117935180664
mm_0152683,PubMedBERT,0.0,1.0,sapbert_full_len3,5,5,0,4,False,1,-0.0,-0.0,C1447749,True,5.0,1.0,"{""C1447749"": 5}",-0.0,-0.0,0.0,C1447749,0.0,5.0,-0.5934802293777466,-0.5934802293777466,-0.5934802293777466,0.4065193235874176,0.9999995231628418
mm_0153470,BERT-base,0.0,1.0,sapbert_full_len3,5,5,0,4,False,2,0.7219280948873623,0.3109175070825711,C2350390,False,5.0,2.0,"{""C1447749"": 1, ""UMLS:C2350390"": 4}",0.7219280948873623,0.3109175070825711,0.0,UMLS:C2350390,0.0,5.0,-0.6192224025726318,-0.6627323627471924,-0.6736098527908325,0.3372671604156494,0.9999995231628418
mm_0153470,BioBERT,0.0,1.0,sapbert_full_len3,5,5,0,4,False,2,0.9709505944546686,0.4181656600790516,C1707887,False,5.0,2.0,"{""UMLS:C1707887"": 3, ""UMLS:C1257990"": 2}",0.9709505944546686,0.4181656600790516,0.0,UMLS:C1707887,0.0,5.0,-0.7061994075775146,-0.6879885196685791,-0.7061994075775146,0.3120110034942627,0.9999995231628418
mm_0153470,BioMistral-7B,0.0,1.0,sapbert_full_len3,5,5,0,4,False,2,0.7219280948873623,0.3109175070825711,C0036572,False,,,,,,,,,5.0,0.0624399185180664,0.0455128669738769,0.0412811040878295,0.9999999046325684,0.9544870257377625
mm_0153470,FLAN-T5-base,0.0,1.0,sapbert_full_len3,5,5,0,4,False,2,0.9709505944546686,0.4181656600790516,C0886414,False,,,,,,,,,5.0,5.364418029785156e-07,0.0165127635002136,5.364418029785156e-07,0.999999952316284,0.9834872484207152
mm_0153470,Llama3-OpenBioLLM-8B,0.0,0.9999998807907104,sapbert_full_len3,5,5,0,4,False,2,0.9709505944546686,0.4181656600790516,C3161035,False,,,,,,,,,5.0,3.5762786865234375e-07,0.0050933837890625,3.5762786865234375e-07,0.999999976158142,0.9949066042900084
mm_0153470,Meta-Llama-3-8B-Instruct,0.0,1.0,sapbert_full_len3,5,5,0,4,False,2,0.9709505944546686,0.4181656600790516,C3161035,False,,,,,,,,,5.0,0.0624399185180664,0.037464165687561,5.364418029785156e-07,1.0,0.9625358581542968
mm_0153470,Mistral-7B-Instruct-v0.1,0.0,1.0,sapbert_full_len3,5,5,0,4,False,2,0.7219280948873623,0.3109175070825711,C0036572,False,,,,,,,,,5.0,0.2802772521972656,0.0890803337097168,0.0412811040878295,0.9999999046325684,0.9109195470809937
mm_0153470,PubMedBERT,0.0,1.0,sapbert_full_len3,5,5,0,4,False,2,0.9709505944546686,0.4181656600790516,C1447749,False,5.0,2.0,"{""C1447749"": 3, ""C1839576"": 2}",0.9709505944546686,0.4181656600790516,0.0,C1447749,0.0,5.0,-0.6192224025726318,-0.5983542799949646,-0.6192224025726318,0.4016452431678772,0.9999995231628418
mm_0153880,BERT-base,0.0,1.0,sapbert_full_len3,6,6,0,5,False,1,-0.0,-0.0,C1447749,True,6.0,1.0,"{""C1447749"": 6}",-0.0,-0.0,0.0,C1447749,0.0,6.0,-0.5597019195556641,-0.5597019195556641,-0.5597019195556641,0.39358946681022644,0.9532914161682129
mm_0153880,BioBERT,0.0,1.0,sapbert_full_len3,6,6,0,5,False,1,-0.0,-0.0,C0027609,True,6.0,1.0,"{""C0027609"": 6}",-0.0,-0.0,0.0,C0027609,0.0,6.0,-0.5881161093711853,-0.5881161093711853,-0.5881161093711853,0.36517533659935,0.9532914161682129
mm_0153880,BioMistral-7B,0.0,0.9999999403953552,sapbert_full_len3,6,6,0,5,False,2,0.9182958340544896,0.355245321275764,C0003211,False,,,,,,,,,6.0,0.0072346925735473,0.018272598584493,3.5762786854132145e-07,0.9637447694937388,0.9454721808433532
mm_0153880,FLAN-T5-base,0.0,0.8959579467773438,sapbert_full_len3,6,5,1,5,False,3,1.521928094887362,0.5887621559162939,C0003211,False,,,,,,,,,5.0,0.0511271357536315,0.0170714259147644,1.3470649719349304e-05,0.9336999654769896,0.9166285395622252
mm_0153880,Llama3-OpenBioLLM-8B,0.0,0.9999999403953552,sapbert_full_len3,6,6,0,5,False,2,1.0,0.3868528072345416,C0003211,False,,,,,,,,,6.0,0.0072323083877563,0.0268006424109141,1.0550022125355165e-05,0.9464088579018912,0.9196082949638368
mm_0153880,Meta-Llama-3-8B-Instruct,0.0,0.8959579467773438,sapbert_full_len3,6,6,0,5,False,3,1.584962500721156,0.6131471927654584,C3649274,False,,,,,,,,,6.0,0.0511271357536315,0.0642234683036804,0.0511271357536315,0.9525229732195536,0.8882995247840881
mm_0153880,Mistral-7B-Instruct-v0.1,0.0,0.9999997615814208,sapbert_full_len3,6,6,0,5,False,1,-0.0,-0.0,C0003211,True,,,,,,,,,6.0,3.5762786854132145e-07,3.5762786854132145e-07,3.5762786854132145e-07,0.9999997615814208,0.999999463558197
mm_0153880,PubMedBERT,0.0,1.0,sapbert_full_len3,6,6,0,5,False,1,-0.0,-0.0,C1839576,True,6.0,1.0,"{""C1839576"": 6}",-0.0,-0.0,0.0,C1839576,0.0,6.0,-0.6585993766784668,-0.6585993766784668,-0.6585993766784668,0.2946920096874237,0.9532914161682129
mm_0155776,BERT-base,0.0,1.0,sapbert_full_len3,5,5,0,4,False,2,0.9709505944546686,0.4181656600790516,C1447749,False,5.0,2.0,"{""C1447749"": 3, ""C0246486"": 2}",0.9709505944546686,0.4181656600790516,0.0,C1447749,0.0,5.0,-0.7084764242172241,-0.7222172617912292,-0.7428286075592041,0.27778246998786926,0.9999998211860657
mm_0155776,BioBERT,0.0,1.0,sapbert_full_len3,5,5,0,4,False,1,-0.0,-0.0,C1312419,True,5.0,1.0,"{""C1312419"": 5}",-0.0,-0.0,0.0,C1312419,0.0,5.0,-0.7321633100509644,-0.7321633100509644,-0.7321633100509644,0.26783642172813416,0.9999998211860657
mm_0155776,BioMistral-7B,0.0,0.9999998211860656,sapbert_full_len3,5,5,0,4,False,1,-0.0,-0.0,C0218975,True,,,,,,,,,5.0,2.384185789905402e-07,3.8146972654029553e-07,2.384185789905402e-07,0.9999999642372132,0.9999996423721312
mm_0155776,FLAN-T5-base,0.0,1.0,sapbert_full_len3,5,5,0,4,False,2,0.7219280948873623,0.3109175070825711,C0218975,False,,,,,,,,,5.0,4.172325134277344e-07,3.814697265625e-07,2.384185791015625e-07,1.0,0.9999996423721312
mm_0155776,Llama3-OpenBioLLM-8B,0.0,1.0,sapbert_full_len3,5,5,0,4,False,2,0.9709505944546686,0.4181656600790516,C3714500,False,,,,,,,,,5.0,0.023494005203247,0.0219030618667602,0.01951664686203,1.0,0.9780969619750975
mm_0155776,Meta-Llama-3-8B-Instruct,0.0,1.0,sapbert_full_len3,5,5,0,4,False,2,0.9709505944546686,0.4181656600790516,C3714500,False,,,,,,,,,5.0,0.023494005203247,0.0140965700149536,4.172325134277344e-07,1.0,0.9859034419059752
mm_0155776,Mistral-7B-Instruct-v0.1,0.0,0.9999998211860656,sapbert_full_len3,5,5,0,4,False,1,-0.0,-0.0,C0218975,True,,,,,,,,,5.0,2.384185789905402e-07,2.384185789905402e-07,2.384185789905402e-07,0.9999998211860656,0.9999996423721312
mm_0155776,PubMedBERT,0.0,1.0,sapbert_full_len3,5,5,0,4,False,1,-0.0,-0.0,C1447749,True,5.0,1.0,"{""C1447749"": 5}",-0.0,-0.0,0.0,C1447749,0.0,5.0,-0.7084764242172241,-0.7084764242172241,-0.7084764242172241,0.2915233373641968,0.9999998211860657
mm_0156493,BERT-base,0.0,1.0,sapbert_full_len3,7,7,0,6,False,2,0.863120568566631,0.3074497498641964,C1447749,False,7.0,2.0,"{""C1447749"": 5, ""C0525041"": 2}",0.863120568566631,0.3074497498641964,0.0,C1447749,0.0,7.0,-0.5426540374755859,-0.45559772849082947,-0.5426540374755859,0.378147155046463,0.8337448835372925
mm_0156493,BioBERT,0.0,1.0,sapbert_full_len3,7,7,0,6,False,2,0.9852281360342516,0.3509453429964405,C1447749,False,7.0,2.0,"{""UMLS:C1257990"": 3, ""C1447749"": 4}",0.9852281360342516,0.3509453429964405,0.0,C1447749,0.0,7.0,-0.49782267212867737,-0.5234405994415283,-0.5426540374755859,0.31030431389808655,0.8337448835372925
mm_0156493,BioMistral-7B,0.0,0.8075866103172302,sapbert_full_len3,7,7,0,6,False,2,0.5916727785823275,0.2107580961471984,C2922506,False,,,,,,,,,7.0,-0.0358772277832031,0.0066319533756801,-0.0358772277832031,0.8299474971635001,0.8233156204223633
mm_0156493,FLAN-T5-base,0.0,0.8336743116378784,sapbert_full_len3,7,7,0,6,False,1,-0.0,-0.0,C2922506,True,,,,,,,,,7.0,0.0137168169021606,0.0137168169021606,0.0137168169021606,0.8336743116378784,0.8199576139450073
mm_0156493,Llama3-OpenBioLLM-8B,0.0,0.8558675050735474,sapbert_full_len3,7,7,0,6,False,4,1.9502120649147463,0.6946795539074094,C2922506,False,,,,,,,,,7.0,0.0007262229919433,0.0807845251900809,0.0007262229919433,0.8906242166246686,0.8098397254943848
mm_0156493,Meta-Llama-3-8B-Instruct,0.0,0.8336743116378784,sapbert_full_len3,7,7,0,6,False,1,-0.0,-0.0,C2922506,True,,,,,,,,,7.0,0.0137168169021606,0.0137683664049421,0.0137168169021606,0.8337258611406598,0.8199576139450073
mm_0156493,Mistral-7B-Instruct-v0.1,0.0,0.8337344527244568,sapbert_full_len3,7,7,0,6,False,1,-0.0,-0.0,C2922506,True,,,,,,,,,7.0,0.013776957988739,0.013776957988739,0.013776957988739,0.8337344527244568,0.8199576139450073
mm_0156493,PubMedBERT,0.0,1.0,sapbert_full_len3,7,7,0,6,False,1,-0.0,-0.0,C1839576,True,7.0,1.0,"{""C1839576"": 7}",-0.0,-0.0,0.0,C1839576,0.0,7.0,-0.5463833212852478,-0.5463833212852478,-0.5463833212852478,0.2873615622520447,0.8337448835372925
mm_0156624,BERT-base,0.0,1.0,sapbert_full_len3,7,7,0,6,False,1,-0.0,-0.0,C1257990,True,7.0,1.0,"{""UMLS:C1257990"": 7}",-0.0,-0.0,0.0,UMLS:C1257990,0.0,7.0,-0.7558940649032593,-0.7558940649032593,-0.7558940649032593,0.24410511553287506,0.9999991655349731
mm_0156624,BioBERT,0.0,1.0,sapbert_full_len3,7,7,0,6,False,2,0.5916727785823275,0.2107580961471984,C1257990,False,7.0,2.0,"{""UMLS:C1257990"": 6, ""C1312419"": 1}",0.5916727785823275,0.2107580961471984,0.0,UMLS:C1257990,0.0,7.0,-0.7558940649032593,-0.7406283020973206,-0.7558940649032593,0.2593708336353302,0.9999991655349731
mm_0156624,BioMistral-7B,0.0,1.0,sapbert_full_len3,7,7,0,6,False,1,-0.0,-0.0,C5401281,True,,,,,,,,,7.0,0.1912376284599304,0.2060739483152117,0.1912376284599304,1.0,0.7939260601997375
mm_0156624,FLAN-T5-base,0.0,1.0,sapbert_full_len3,7,7,0,6,False,1,-0.0,-0.0,C5401281,True,,,,,,,,,7.0,0.1983203887939453,0.1962967429842267,0.1912376284599304,1.0,0.8037033081054688
mm_0156624,Llama3-OpenBioLLM-8B,0.0,0.9999998807907104,sapbert_full_len3,7,7,0,6,False,1,-0.0,-0.0,C0162638,True,,,,,,,,,7.0,0.0375574827194213,0.0375575338091169,0.0375574827194213,0.999999931880406,0.9624423980712892
mm_0156624,Meta-Llama-3-8B-Instruct,0.0,0.9999998807907104,sapbert_full_len3,7,7,0,6,False,1,-0.0,-0.0,C0162638,True,,,,,,,,,7.0,0.0375574827194213,0.0375575338091169,0.0375574827194213,0.999999931880406,0.9624423980712892
mm_0156624,Mistral-7B-Instruct-v0.1,0.0,0.9999998807907104,sapbert_full_len3,7,7,0,6,False,2,0.863120568566631,0.3074497498641964,C0162638,False,,,,,,,,,7.0,0.0375574827194213,0.0411391598837715,0.0375574827194213,0.999999829701015,0.9588606953620912
mm_0156624,PubMedBERT,0.0,1.0,sapbert_full_len3,7,7,0,6,False,1,-0.0,-0.0,C1447749,True,7.0,1.0,"{""C1447749"": 7}",-0.0,-0.0,0.0,C1447749,0.0,7.0,-0.5588902235031128,-0.5588902235031128,-0.5588902235031128,0.44110891222953796,0.9999991655349731
mm_0156642,BERT-base,0.0,1.0,sapbert_full_len3,5,5,0,4,False,1,-0.0,-0.0,C1257990,True,5.0,1.0,"{""UMLS:C1257990"": 5}",-0.0,-0.0,0.0,UMLS:C1257990,0.0,5.0,-0.49895551800727844,-0.49895554780960083,-0.49895551800727844,0.3041166365146637,0.8030721545219421
mm_0156642,BioBERT,0.0,1.0,sapbert_full_len3,5,5,0,4,False,1,-0.0,-0.0,C1257990,True,5.0,1.0,"{""UMLS:C1257990"": 5}",-0.0,-0.0,0.0,UMLS:C1257990,0.0,5.0,-0.49895551800727844,-0.49895554780960083,-0.49895551800727844,0.3041166365146637,0.8030721545219421
mm_0156642,BioMistral-7B,0.0,0.8085894584655762,sapbert_full_len3,5,5,0,4,False,3,1.3709505944546687,0.5904362833084089,C0049370,False,,,,,,,,,5.0,0.0267167091369628,0.0436540126800537,0.0159422755241394,0.8388715386390686,0.7952175736427307
mm_0156642,FLAN-T5-base,0.0,0.8085894584655762,sapbert_full_len3,5,5,0,4,False,1,-0.0,-0.0,C0049370,True,,,,,,,,,5.0,0.0267167091369628,0.0267091274261474,0.0266884565353393,0.8085668563842774,0.7818577289581299
mm_0156642,Llama3-OpenBioLLM-8B,0.0,0.9999998807907104,sapbert_full_len3,5,5,0,4,False,2,0.9709505944546686,0.4181656600790516,C0162638,False,,,,,,,,,5.0,0.0375574827194213,0.0332361936569213,0.0267542600631713,0.9234357118606568,0.8901994824409485
mm_0156642,Meta-Llama-3-8B-Instruct,0.0,0.9999999403953552,sapbert_full_len3,5,5,0,4,False,1,-0.0,-0.0,C0162638,True,,,,,,,,,5.0,0.0375575423240661,0.0375575423240661,0.0375575423240661,0.9999999403953552,0.9624423980712892
mm_0156642,Mistral-7B-Instruct-v0.1,0.0,0.8085612058639526,sapbert_full_len3,5,5,0,4,False,2,0.9709505944546686,0.4181656600790516,C0049370,False,,,,,,,,,5.0,0.0266884565353393,0.0479619979858398,0.0266884565353393,0.8785086393356323,0.8305466771125793
mm_0156642,PubMedBERT,0.0,1.0,sapbert_full_len3,5,5,0,4,False,3,1.3709505944546687,0.5904362833084089,C1447749,False,5.0,3.0,"{""C1447749"": 3, ""UMLS:C1257990"": 1, ""C1839576"": 1}",1.3709505944546687,0.5904362833084089,0.0,C1447749,1.0,5.0,-0.4831145405769348,-0.4801632761955261,-0.49895551800727844,0.322908878326416,0.8030721545219421
mm_0158296,BERT-base,0.0,1.0,sapbert_full_len3,6,6,0,5,False,2,0.6500224216483541,0.2514629985800606,C4277543,False,6.0,2.0,"{""C4277543"": 5, ""C0040048"": 1}",0.6500224216483541,0.2514629985800606,0.0,C4277543,0.0,6.0,-0.6977391242980957,-0.6963648200035095,-0.6977391242980957,0.28164324164390564,0.9780080318450928
mm_0158296,BioBERT,0.0,1.0,sapbert_full_len3,6,6,0,5,False,1,-0.0,-0.0,C0040048,True,6.0,1.0,"{""C0040048"": 6}",-0.0,-0.0,0.0,C0040048,0.0,6.0,-0.6894931197166443,-0.6894931197166443,-0.6894931197166443,0.2885149121284485,0.9780080318450928
mm_0158296,BioMistral-7B,0.0,1.0,sapbert_full_len3,6,6,0,5,False,1,-0.0,-0.0,C0032202,True,,,,,,,,,6.0,0.0714180469512939,0.0714180469512939,0.0714180469512939,1.0,0.9285820126533508
mm_0158296,FLAN-T5-base,0.0,1.0,sapbert_full_len3,6,6,0,5,False,1,-0.0,-0.0,C0032202,True,,,,,,,,,6.0,0.071431815624237,0.071431815624237,0.071431815624237,1.0,0.9285681843757628
mm_0158296,Llama3-OpenBioLLM-8B,0.0,0.8981462717056274,sapbert_full_len3,6,6,0,5,False,3,1.4591479170272446,0.5644754678724235,C2018123,False,,,,,,,,,6.0,-0.0475369095802307,-0.0079173346360524,-0.0475369095802307,0.9225706954797108,0.9304880499839784
mm_0158296,Meta-Llama-3-8B-Instruct,0.0,0.9999998807907104,sapbert_full_len3,6,6,0,5,False,3,1.4591479170272446,0.5644754678724235,C0019010,False,,,,,,,,,6.0,4.172325134277344e-07,0.023806204398473,2.980232237659308e-07,0.9999998410542806,0.9761936068534852
mm_0158296,Mistral-7B-Instruct-v0.1,0.0,0.9999998807907104,sapbert_full_len3,6,6,0,5,False,2,0.6500224216483541,0.2514629985800606,C0032202,False,,,,,,,,,6.0,0.0714179277420044,0.0735955834388732,0.0714179277420044,0.9992643396059672,0.925668716430664
mm_0158296,PubMedBERT,0.0,1.0,sapbert_full_len3,6,6,0,5,False,1,-0.0,-0.0,C1447749,True,6.0,1.0,"{""C1447749"": 6}",-0.0,-0.0,0.0,C1447749,0.0,6.0,-0.7219648361206055,-0.7219648361206055,-0.7219648361206055,0.2560431957244873,0.9780080318450928
mm_0158759,BERT-base,0.0,1.0,sapbert_full_len3,7,7,0,6,False,1,-0.0,-0.0,C0444254,True,7.0,1.0,"{""UMLS:C0444254"": 7}",-0.0,-0.0,0.0,UMLS:C0444254,0.0,7.0,-0.737311601638794,-0.7373116612434387,-0.737311601638794,0.26268818974494934,0.9999998211860657
mm_0158759,BioBERT,0.0,1.0,sapbert_full_len3,7,7,0,6,False,2,0.863120568566631,0.3074497498641964,C0027609,False,7.0,2.0,"{""C0027609"": 5, ""C1447749"": 2}",0.863120568566631,0.3074497498641964,0.0,C0027609,0.0,7.0,-0.7002499103546143,-0.7007123827934265,-0.7018686532974243,0.29928746819496155,0.9999998211860657
mm_0158759,BioMistral-7B,0.0,0.9999998807907104,sapbert_full_len3,7,7,0,6,False,2,0.863120568566631,0.3074497498641964,C0336789,False,,,,,,,,,7.0,0.0902060270309448,0.1138038124356951,0.0902060270309448,0.9999999829701016,0.8861961364746094
mm_0158759,FLAN-T5-base,0.0,0.9999998211860656,sapbert_full_len3,7,7,0,6,False,2,0.9852281360342516,0.3509453429964405,C0087111,False,,,,,,,,,7.0,0.0593534111976622,0.0620576398713247,0.0218763947486877,0.9999999233654568,0.937942385673523
mm_0158759,Llama3-OpenBioLLM-8B,1.0,1.0,sapbert_full_len3,7,7,0,6,False,2,0.863120568566631,0.3074497498641964,C0087111,False,,,,,,,,,7.0,0.1348474025726318,0.1398424250738961,0.1348474025726318,1.0,0.8601575493812561
mm_0158759,Meta-Llama-3-8B-Instruct,0.0,0.9999999403953552,sapbert_full_len3,7,7,0,6,False,3,1.5566567074628228,0.5544923070581674,C0740858,False,,,,,,,,,7.0,1.788139343261719e-07,5.364418029785156e-07,1.788139343261719e-07,0.9999999744551522,0.999999463558197
mm_0158759,Mistral-7B-Instruct-v0.1,1.0,1.0,sapbert_full_len3,7,7,0,6,False,1,-0.0,-0.0,C0087111,True,,,,,,,,,7.0,0.1727980375289917,0.1404428482055664,0.1144445538520813,1.0,0.8595571517944336
mm_0158759,PubMedBERT,0.0,1.0,sapbert_full_len3,7,7,0,6,False,1,-0.0,-0.0,C0018966,True,7.0,1.0,"{""C0018966"": 7}",-0.0,-0.0,0.0,C0018966,0.0,7.0,-0.5994327068328857,-0.599432647228241,-0.5994327068328857,0.40056711435317993,0.9999998211860657
mm_0159530,BERT-base,0.0,1.0,sapbert_full_len3,7,7,0,6,False,1,-0.0,-0.0,C1312419,True,7.0,1.0,"{""C1312419"": 7}",-0.0,-0.0,0.0,C1312419,0.0,7.0,-0.6999983191490173,-0.6999983191490173,-0.6999983191490173,0.30000096559524536,0.9999993443489075
mm_0159530,BioBERT,0.0,1.0,sapbert_full_len3,7,7,0,6,False,1,-0.0,-0.0,C1257990,True,7.0,1.0,"{""UMLS:C1257990"": 7}",-0.0,-0.0,0.0,UMLS:C1257990,0.0,7.0,-0.616211473941803,-0.616211473941803,-0.616211473941803,0.3837878108024597,0.9999993443489075
mm_0159530,BioMistral-7B,0.0,1.0,sapbert_full_len3,7,7,0,6,False,1,-0.0,-0.0,C1139855,True,,,,,,,,,7.0,0.1918090581893921,0.1918090581893921,0.1918090581893921,1.0,0.8081908822059631
mm_0159530,FLAN-T5-base,0.0,1.0,sapbert_full_len3,7,7,0,6,False,1,-0.0,-0.0,C1139855,True,,,,,,,,,7.0,0.1918090581893921,0.1918090581893921,0.1918090581893921,1.0,0.8081908822059631
mm_0159530,Llama3-OpenBioLLM-8B,0.0,0.9999998211860656,sapbert_full_len3,7,7,0,6,False,2,0.863120568566631,0.3074497498641964,C1139855,False,,,,,,,,,7.0,4.172325133167121e-07,0.035441551889692,4.172325133167121e-07,0.9999999489103044,0.9645583033561708
mm_0159530,Meta-Llama-3-8B-Instruct,0.0,0.9999998211860656,sapbert_full_len3,7,7,0,6,False,2,0.5916727785823275,0.2107580961471984,C4277689,False,,,,,,,,,7.0,4.172325133167121e-07,0.0169474056788852,4.172325133167121e-07,0.9999998467309136,0.9830525517463684
mm_0159530,Mistral-7B-Instruct-v0.1,0.0,1.0,sapbert_full_len3,7,7,0,6,False,1,-0.0,-0.0,C1139855,True,,,,,,,,,7.0,0.044226050376892,0.1278037854603358,0.044226050376892,1.0,0.8721961379051208
mm_0159530,PubMedBERT,0.0,1.0,sapbert_full_len3,7,7,0,6,False,1,-0.0,-0.0,C1447749,True,7.0,1.0,"{""C1447749"": 7}",-0.0,-0.0,0.0,C1447749,0.0,7.0,-0.6514639854431152,-0.6514639854431152,-0.6514639854431152,0.3485352694988251,0.9999993443489075
mm_0159654,BERT-base,0.0,1.0,sapbert_full_len3,8,8,0,7,False,2,0.8112781244591328,0.2704260414863776,C1447749,False,8.0,2.0,"{""C1447749"": 6, ""UMLS:C0358514"": 2}",0.8112781244591328,0.2704260414863776,0.0,C1447749,0.0,8.0,-0.5996164083480835,-0.6163490414619446,-0.6665469408035278,0.38365042209625244,0.999999463558197
mm_0159654,BioBERT,0.0,1.0,sapbert_full_len3,8,8,0,7,False,1,-0.0,-0.0,C1257990,True,8.0,1.0,"{""UMLS:C1257990"": 8}",-0.0,-0.0,0.0,UMLS:C1257990,0.0,8.0,-0.6562616229057312,-0.6562616229057312,-0.6562616229057312,0.3437378406524658,0.999999463558197
mm_0159654,BioMistral-7B,0.0,0.9999997615814208,sapbert_full_len3,8,8,0,7,False,1,-0.0,-0.0,C2985547,True,,,,,,,,,8.0,2.980232237659308e-07,5.066394805769425e-07,2.980232237659308e-07,0.9999999701976776,0.999999463558197
mm_0159654,FLAN-T5-base,0.0,1.0,sapbert_full_len3,8,8,0,7,False,1,-0.0,-0.0,C2985547,True,,,,,,,,,8.0,5.364418029785156e-07,3.278255461675039e-07,2.980232237659308e-07,0.9999997913837432,0.999999463558197
mm_0159654,Llama3-OpenBioLLM-8B,0.0,0.9999997615814208,sapbert_full_len3,8,8,0,7,False,5,2.1556390622295662,0.7185463540765221,C0544452,False,,,,,,,,,8.0,1.7881393421514957e-07,0.0286666229367255,-0.000158667564392,0.9688109830021858,0.9401443600654602
mm_0159654,Meta-Llama-3-8B-Instruct,0.0,0.9999997615814208,sapbert_full_len3,8,8,0,7,False,2,0.5435644431995964,0.1811881477331988,C2985547,False,,,,,,,,,8.0,2.980232237659308e-07,0.0274982452392578,-0.0046185255050659,0.9636294692754744,0.936131238937378
mm_0159654,Mistral-7B-Instruct-v0.1,0.0,0.6938046216964722,sapbert_full_len3,8,4,4,7,False,1,-0.0,-0.0,C2985547,True,,,,,,,,,4.0,,-9.53972339630127e-05,-0.000127375125885,0.8128903061151505,0.8129857182502747
mm_0159654,PubMedBERT,0.0,1.0,sapbert_full_len3,8,8,0,7,False,2,0.5435644431995964,0.1811881477331988,C1839576,False,8.0,2.0,"{""C1839576"": 7, ""C0015131"": 1}",0.5435644431995964,0.1811881477331988,0.0,C1839576,0.0,8.0,-0.6107892394065857,-0.598410427570343,-0.6107892394065857,0.4015890657901764,0.999999463558197
mm_0159899,BERT-base,0.0,1.0,sapbert_full_len3,7,7,0,6,False,1,-0.0,-0.0,C1257990,True,7.0,1.0,"{""UMLS:C1257990"": 7}",-0.0,-0.0,0.0,UMLS:C1257990,0.0,7.0,-0.6743137836456299,-0.6743138432502747,-0.6743137836456299,0.325685977935791,0.9999997019767761
mm_0159899,BioBERT,0.0,1.0,sapbert_full_len3,7,7,0,6,False,1,-0.0,-0.0,C1257990,True,7.0,1.0,"{""UMLS:C1257990"": 7}",-0.0,-0.0,0.0,UMLS:C1257990,0.0,7.0,-0.6743137836456299,-0.6743138432502747,-0.6743137836456299,0.325685977935791,0.9999997019767761
mm_0159899,BioMistral-7B,1.0,1.0,sapbert_full_len3,7,7,0,6,False,2,0.863120568566631,0.3074497498641964,C0017262,False,,,,,,,,,7.0,0.0706508159637451,0.0631369522639683,0.0443522930145263,0.999999965940203,0.9368629455566406
mm_0159899,FLAN-T5-base,1.0,1.0,sapbert_full_len3,7,7,0,6,False,2,0.9852281360342516,0.3509453429964405,C0017262,False,,,,,,,,,7.0,0.1827931404113769,0.120929649897984,0.0384449958801269,0.9999999744551522,0.8790703415870667
mm_0159899,Llama3-OpenBioLLM-8B,1.0,1.0,sapbert_full_len3,7,7,0,6,False,2,0.9852281360342516,0.3509453429964405,C0017262,False,,,,,,,,,7.0,0.0379532575607299,0.1181908505303519,0.0379532575607299,0.9999999489103044,0.8818091154098511
mm_0159899,Meta-Llama-3-8B-Instruct,1.0,1.0,sapbert_full_len3,7,7,0,6,False,1,-0.0,-0.0,C0017262,True,,,,,,,,,7.0,0.2503595352172851,0.1896627460207258,0.0379207730293273,1.0,0.810337245464325
mm_0159899,Mistral-7B-Instruct-v0.1,1.0,1.0,sapbert_full_len3,7,7,0,6,False,2,0.9852281360342516,0.3509453429964405,C1609488,False,,,,,,,,,7.0,0.1944324374198913,0.083167552947998,0.0158988237380981,0.999999931880406,0.9168323278427124
mm_0159899,PubMedBERT,0.0,1.0,sapbert_full_len3,7,7,0,6,False,2,0.5916727785823275,0.2107580961471984,C1447749,False,7.0,2.0,"{""C1839576"": 1, ""C1447749"": 6}",0.5916727785823275,0.2107580961471984,0.0,C1447749,0.0,7.0,-0.675780177116394,-0.6489475965499878,-0.675780177116394,0.3510521352291107,0.9999997019767761
mm_0160031,BERT-base,0.0,1.0,sapbert_full_len3,5,5,0,4,False,2,0.9709505944546686,0.4181656600790516,C0175173,False,5.0,2.0,"{""C0175173"": 3, ""UMLS:C1257990"": 2}",0.9709505944546686,0.4181656600790516,0.0,C0175173,0.0,5.0,-0.4202747941017151,-0.5081084966659546,-0.6398589611053467,0.3345833420753479,0.8426917791366577
mm_0160031,BioBERT,0.0,1.0,sapbert_full_len3,5,5,0,4,False,1,-0.0,-0.0,C0376671,True,5.0,1.0,"{""C0376671"": 5}",-0.0,-0.0,0.0,C0376671,0.0,5.0,-0.4965749680995941,-0.4965749680995941,-0.4965749680995941,0.3461168110370636,0.8426917791366577
mm_0160031,BioMistral-7B,0.0,0.8484697341918945,sapbert_full_len3,5,5,0,4,False,1,-0.0,-0.0,C0011334,True,,,,,,,,,5.0,-0.0069180130958557,-0.0055902361869812,-0.0070112347602844,0.8787198543548584,0.8843100666999817
mm_0160031,FLAN-T5-base,0.0,0.9999999403953552,sapbert_full_len3,5,5,0,4,False,2,0.7219280948873623,0.3109175070825711,C0011334,False,,,,,,,,,5.0,3.5762786865234375e-07,0.0010388970375061,3.5762786865234375e-07,0.9670385837554932,0.965999722480774
mm_0160031,Llama3-OpenBioLLM-8B,0.0,0.8763833045959473,sapbert_full_len3,5,5,0,4,False,2,0.7219280948873623,0.3109175070825711,C0011334,False,,,,,,,,,5.0,-7.56978988647461e-05,-0.0004087090492248,-0.0070112347602844,0.911979341506958,0.912388026714325
mm_0160031,Meta-Llama-3-8B-Instruct,0.0,1.0,sapbert_full_len3,5,5,0,4,False,1,-0.0,-0.0,C0011334,True,,,,,,,,,5.0,5.364418029785156e-07,5.364418029785156e-07,5.364418029785156e-07,1.0,0.9999994039535522
mm_0160031,Mistral-7B-Instruct-v0.1,0.0,1.0,sapbert_full_len3,5,5,0,4,False,1,-0.0,-0.0,C0011334,True,,,,,,,,,5.0,5.364418029785156e-07,4.887580871582031e-07,4.76837158203125e-07,0.999999952316284,0.9999994039535522
mm_0160031,PubMedBERT,0.0,1.0,sapbert_full_len3,5,5,0,4,False,2,0.9709505944546686,0.4181656600790516,C1839576,False,5.0,2.0,"{""C1839576"": 3, ""C1447749"": 2}",0.9709505944546686,0.4181656600790516,0.0,C1839576,0.0,5.0,-0.5757715702056885,-0.5657563209533691,-0.5757715702056885,0.27693548798561096,0.8426917791366577
mm_0160569,BERT-base,0.0,1.0,sapbert_full_len3,4,4,0,3,False,1,-0.0,-0.0,C1257990,True,4.0,1.0,"{""UMLS:C1257990"": 4}",-0.0,-0.0,0.0,UMLS:C1257990,0.0,4.0,-0.5786781311035156,-0.5786781311035156,-0.5786781311035156,0.4213212728500366,0.9999994039535522
mm_0160569,BioBERT,0.0,1.0,sapbert_full_len3,4,4,0,3,False,1,-0.0,-0.0,C1257990,True,4.0,1.0,"{""UMLS:C1257990"": 4}",-0.0,-0.0,0.0,UMLS:C1257990,0.0,4.0,-0.5786781311035156,-0.5786781311035156,-0.5786781311035156,0.4213212728500366,0.9999994039535522
mm_0160569,BioMistral-7B,0.0,1.0,sapbert_full_len3,4,4,0,3,False,2,1.0,0.5,C0812265,False,,,,,,,,,4.0,0.0196979045867919,0.1488738656044006,0.0196979045867919,1.0,0.8511260747909546
mm_0160569,FLAN-T5-base,0.0,1.0,sapbert_full_len3,4,4,0,3,False,2,1.0,0.5,C1864389,False,,,,,,,,,4.0,0.1435521245002746,0.052689328789711,-0.074617862701416,0.9263506233692168,0.8736612796783447
mm_0160569,Llama3-OpenBioLLM-8B,0.0,1.0,sapbert_full_len3,4,4,0,3,False,2,0.8112781244591328,0.4056390622295664,C1864389,False,,,,,,,,,4.0,0.0196979045867919,0.1579316705465316,0.0196979045867919,1.0,0.8420683741569519
mm_0160569,Meta-Llama-3-8B-Instruct,0.0,1.0,sapbert_full_len3,4,4,0,3,False,1,-0.0,-0.0,C0812265,True,,,,,,,,,4.0,0.0196979045867919,0.0196978598833084,0.0196978449821472,0.9999999552965164,0.980302095413208
mm_0160569,Mistral-7B-Instruct-v0.1,1.0,0.9999998211860656,sapbert_full_len3,4,4,0,3,False,3,1.5,0.75,C1864389,False,,,,,,,,,4.0,0.1112619042396544,0.1744725555181502,0.0305286645889281,0.9999998956918716,0.8255273103713989
mm_0160569,PubMedBERT,0.0,1.0,sapbert_full_len3,4,4,0,3,False,2,0.8112781244591328,0.4056390622295664,C1839576,False,4.0,2.0,"{""C1839576"": 3, ""C1447749"": 1}",0.8112781244591328,0.4056390622295664,0.0,C1839576,0.0,4.0,-0.60151207447052,-0.6142584085464478,-0.6524972915649414,0.3857409954071045,0.9999994039535522
mm_0161840,BERT-base,0.0,1.0,sapbert_full_len3,5,5,0,4,False,1,-0.0,-0.0,C0242193,True,5.0,1.0,"{""UMLS:C0242193"": 5}",-0.0,-0.0,0.0,UMLS:C0242193,0.0,5.0,-0.44234544038772583,-0.44234544038772583,-0.44234544038772583,0.557654082775116,0.9999995231628418
mm_0161840,BioBERT,0.0,1.0,sapbert_full_len3,5,5,0,4,False,1,-0.0,-0.0,C1707887,True,5.0,1.0,"{""UMLS:C1707887"": 5}",-0.0,-0.0,0.0,UMLS:C1707887,0.0,5.0,-0.6270351409912109,-0.6270351409912109,-0.6270351409912109,0.37296438217163086,0.9999995231628418
mm_0161840,BioMistral-7B,1.0,1.0,sapbert_full_len3,5,5,0,4,False,1,-0.0,-0.0,C0700287,True,,,,,,,,,5.0,0.1960778832435608,0.1960778832435608,0.1960778832435608,1.0,0.8039220571517944
mm_0161840,FLAN-T5-base,1.0,1.0,sapbert_full_len3,5,5,0,4,False,1,-0.0,-0.0,C0700287,True,,,,,,,,,5.0,0.1960778832435608,0.1960778832435608,0.1960778832435608,1.0,0.8039220571517944
mm_0161840,Llama3-OpenBioLLM-8B,0.0,0.9999990463256836,sapbert_full_len3,5,5,0,4,False,4,1.9219280948873625,0.8277293767706428,C0700287,False,,,,,,,,,5.0,0.0864640474319458,0.2025931477546692,0.0811229944229124,0.999999713897705,0.7974065542221069
mm_0161840,Meta-Llama-3-8B-Instruct,1.0,1.0,sapbert_full_len3,5,5,0,4,False,1,-0.0,-0.0,C0700287,True,,,,,,,,,5.0,0.3067476153373718,0.3067476153373718,0.3067476153373718,1.0,0.6932523846626282
mm_0161840,Mistral-7B-Instruct-v0.1,1.0,1.0,sapbert_full_len3,5,5,0,4,False,1,-0.0,-0.0,C0700287,True,,,,,,,,,5.0,0.1960778832435608,0.1960778832435608,0.1960778832435608,1.0,0.8039220571517944
mm_0161840,PubMedBERT,0.0,1.0,sapbert_full_len3,5,5,0,4,False,2,0.7219280948873623,0.3109175070825711,C1447749,False,5.0,2.0,"{""C1447749"": 4, ""UMLS:C1707887"": 1}",0.7219280948873623,0.3109175070825711,0.0,C1447749,0.0,5.0,-0.5965853929519653,-0.6026753187179565,-0.6270351409912109,0.39732420444488525,0.9999995231628418
mm_0161896,BERT-base,0.0,1.0,sapbert_full_len3,5,5,0,4,False,1,-0.0,-0.0,C0242193,True,5.0,1.0,"{""UMLS:C0242193"": 5}",-0.0,-0.0,0.0,UMLS:C0242193,0.0,5.0,-0.5739306211471558,-0.5739306211471558,-0.5739306211471558,0.42606884241104126,0.9999994039535522
mm_0161896,BioBERT,0.0,1.0,sapbert_full_len3,5,5,0,4,False,1,-0.0,-0.0,C0027609,True,5.0,1.0,"{""C0027609"": 5}",-0.0,-0.0,0.0,C0027609,0.0,5.0,-0.6798412203788757,-0.6798412203788757,-0.6798412203788757,0.3201581835746765,0.9999994039535522
mm_0161896,BioMistral-7B,0.0,0.9999998211860656,sapbert_full_len3,5,5,0,4,False,2,0.9709505944546686,0.4181656600790516,C0162340,False,,,,,,,,,5.0,4.172325133167121e-07,0.0847290396690368,4.172325133167121e-07,0.9999999642372132,0.9152709245681764
mm_0161896,FLAN-T5-base,1.0,1.0,sapbert_full_len3,5,5,0,4,False,1,-0.0,-0.0,C0162340,True,,,,,,,,,5.0,0.1821618676185608,0.1658910393714904,0.141484797000885,1.0,0.8341089487075806
mm_0161896,Llama3-OpenBioLLM-8B,0.0,1.0,sapbert_full_len3,5,5,0,4,False,2,0.7219280948873623,0.3109175070825711,C0162340,False,,,,,,,,,5.0,0.1006169319152832,0.1515806317329406,0.1006169319152832,1.0,0.8484193682670593
mm_0161896,Meta-Llama-3-8B-Instruct,0.0,0.9999998807907104,sapbert_full_len3,5,5,0,4,False,2,0.7219280948873623,0.3109175070825711,C0034379,False,,,,,,,,,5.0,0.0423459410667419,0.0483999133110046,0.0423459410667419,0.9999999046325684,0.9515999555587769
mm_0161896,Mistral-7B-Instruct-v0.1,1.0,1.0,sapbert_full_len3,5,5,0,4,False,1,-0.0,-0.0,C0162340,True,,,,,,,,,5.0,0.1821502447128296,0.1821595430374145,0.1821502447128296,1.0,0.8178404569625854
mm_0161896,PubMedBERT,0.0,1.0,sapbert_full_len3,5,5,0,4,False,2,0.7219280948873623,0.3109175070825711,C1447749,False,5.0,2.0,"{""C1839576"": 1, ""C1447749"": 4}",0.7219280948873623,0.3109175070825711,0.0,C1447749,0.0,5.0,-0.6580598950386047,-0.6773675680160522,-0.6821944713592529,0.3226318359375,0.9999994039535522
mm_0162411,BERT-base,0.0,1.0,sapbert_full_len3,4,4,0,3,False,2,0.8112781244591328,0.4056390622295664,C1312419,False,4.0,2.0,"{""C1312419"": 3, ""UMLS:C1257990"": 1}",0.8112781244591328,0.4056390622295664,0.0,C1312419,0.0,4.0,-0.41867852210998535,-0.4258447587490082,-0.44734346866607666,0.347715824842453,0.7735605835914612
mm_0162411,BioBERT,0.0,1.0,sapbert_full_len3,4,4,0,3,False,1,-0.0,-0.0,C0013728,True,4.0,1.0,"{""C0013728"": 4}",-0.0,-0.0,0.0,C0013728,0.0,4.0,-0.4078391194343567,-0.4078391194343567,-0.4078391194343567,0.3657214641571045,0.7735605835914612
mm_0162411,BioMistral-7B,0.0,0.9999998807907104,sapbert_full_len3,4,4,0,3,False,2,0.8112781244591328,0.4056390622295664,C1150999,False,,,,,,,,,4.0,0.1899977326393127,0.1425036340951919,2.110004425048828e-05,0.9764821827411652,0.833978533744812
mm_0162411,FLAN-T5-base,0.0,1.0,sapbert_full_len3,4,4,0,3,False,1,-0.0,-0.0,C1150999,True,,,,,,,,,4.0,0.1899978518486023,0.1899978518486023,0.1899978518486023,1.0,0.8100021481513977
mm_0162411,Llama3-OpenBioLLM-8B,0.0,0.9492889046669006,sapbert_full_len3,4,4,0,3,False,1,-0.0,-0.0,C1158193,True,,,,,,,,,4.0,0.0777624249458313,0.0774498283863067,0.0771372318267822,0.9519446492195128,0.8744947910308838
mm_0162411,Meta-Llama-3-8B-Instruct,0.0,0.9492889046669006,sapbert_full_len3,4,4,0,3,False,1,-0.0,-0.0,C1158193,True,,,,,,,,,4.0,0.0777624249458313,0.0774498283863067,0.0771372318267822,0.9519446492195128,0.8744947910308838
mm_0162411,Mistral-7B-Instruct-v0.1,0.0,0.9999998807907104,sapbert_full_len3,4,4,0,3,False,1,-0.0,-0.0,C1150999,True,,,,,,,,,4.0,0.1899977326393127,0.1899978220462799,0.1899977326393127,0.9999999701976776,0.8100021481513977
mm_0162411,PubMedBERT,0.0,1.0,sapbert_full_len3,4,4,0,3,False,2,1.0,0.5,C1447749,False,4.0,2.0,"{""C1447749"": 2, ""C1839576"": 2}",1.0,0.5,0.0,C1447749,1.0,4.0,-0.3902376592159271,-0.42584118247032166,-0.4614447057247162,0.3477194011211395,0.7735605835914612
mm_0162448,BERT-base,0.0,1.0,sapbert_full_len3,5,5,0,4,False,2,0.7219280948873623,0.3109175070825711,C0059563,False,5.0,2.0,"{""C0059563"": 4, ""C4505290"": 1}",0.7219280948873623,0.3109175070825711,0.0,C0059563,0.0,5.0,-0.5136077404022217,-0.5149132609367371,-0.5201353430747986,0.3584362268447876,0.8733494877815247
mm_0162448,BioBERT,0.0,1.0,sapbert_full_len3,5,5,0,4,False,1,-0.0,-0.0,C0059563,True,5.0,1.0,"{""C0059563"": 5}",-0.0,-0.0,0.0,C0059563,0.0,5.0,-0.5136077404022217,-0.5136077404022217,-0.5136077404022217,0.359741747379303,0.8733494877815247
mm_0162448,BioMistral-7B,0.0,0.9999998807907104,sapbert_full_len3,5,5,0,4,False,1,-0.0,-0.0,C1150999,True,,,,,,,,,5.0,0.1899977326393127,0.1899978280067444,0.1899977326393127,0.999999976158142,0.8100021481513977
mm_0162448,FLAN-T5-base,0.0,0.9999999403953552,sapbert_full_len3,5,5,0,4,False,3,1.521928094887362,0.6554587535412855,C0039959,False,,,,,,,,,5.0,6.556510925292969e-07,0.1084379076957702,6.556510925292969e-07,0.9999999880790712,0.8915621042251587
mm_0162448,Llama3-OpenBioLLM-8B,0.0,0.9077175855636596,sapbert_full_len3,5,5,0,4,False,1,-0.0,-0.0,C1150999,True,,,,,,,,,5.0,0.0501517057418822,0.1060901165008544,0.0501517057418822,0.94463050365448,0.8385403752326965
mm_0162448,Meta-Llama-3-8B-Instruct,0.0,0.855547308921814,sapbert_full_len3,5,5,0,4,False,3,1.521928094887362,0.6554587535412855,C1156853,False,,,,,,,,,5.0,0.0087126493453979,0.0436892271041869,0.0087126493453979,0.93810293674469,0.8944137692451477
mm_0162448,Mistral-7B-Instruct-v0.1,0.0,0.855547308921814,sapbert_full_len3,5,5,0,4,False,1,-0.0,-0.0,C1156853,True,,,,,,,,,5.0,0.0087126493453979,0.0087244749069213,0.0087126493453979,0.8555591344833374,0.846834659576416
mm_0162448,PubMedBERT,0.0,1.0,sapbert_full_len3,5,5,0,4,False,1,-0.0,-0.0,C0018966,True,5.0,1.0,"{""C0018966"": 5}",-0.0,-0.0,0.0,C0018966,0.0,5.0,-0.44129326939582825,-0.44129329919815063,-0.44129326939582825,0.4320562481880188,0.8733494877815247
mm_0162509,BERT-base,0.0,1.0,sapbert_full_len3,5,5,0,4,False,1,-0.0,-0.0,C1257990,True,5.0,1.0,"{""UMLS:C1257990"": 5}",-0.0,-0.0,0.0,UMLS:C1257990,0.0,5.0,-0.7582147121429443,-0.7582147121429443,-0.7582147121429443,0.24178460240364075,0.9999992251396179
mm_0162509,BioBERT,0.0,1.0,sapbert_full_len3,5,5,0,4,False,1,-0.0,-0.0,C1257990,True,5.0,1.0,"{""UMLS:C1257990"": 5}",-0.0,-0.0,0.0,UMLS:C1257990,0.0,5.0,-0.7582147121429443,-0.7582147121429443,-0.7582147121429443,0.24178460240364075,0.9999992251396179
mm_0162509,BioMistral-7B,0.0,0.983035445213318,sapbert_full_len3,5,5,0,4,False,1,-0.0,-0.0,C1456820,True,,,,,,,,,5.0,6.139278411976257e-06,5.006790161221631e-06,4.76837158203125e-07,0.9864283561706544,0.9864233732223512
mm_0162509,FLAN-T5-base,0.0,0.98698627948761,sapbert_full_len3,5,5,0,4,False,1,-0.0,-0.0,C1456820,True,,,,,,,,,5.0,-1.4305114745982728e-05,-1.4305114745982728e-05,-1.4305114745982728e-05,0.98698627948761,0.987000584602356
mm_0162509,Llama3-OpenBioLLM-8B,0.0,0.9999999403953552,sapbert_full_len3,5,5,0,4,False,1,-0.0,-0.0,C0162638,True,,,,,,,,,5.0,0.0375575423240661,0.0375575423240661,0.0375575423240661,0.9999999403953552,0.9624423980712892
mm_0162509,Meta-Llama-3-8B-Instruct,0.0,0.9999999403953552,sapbert_full_len3,5,5,0,4,False,1,-0.0,-0.0,C0162638,True,,,,,,,,,5.0,0.0375575423240661,0.0375575423240661,0.0375575423240661,0.9999999403953552,0.9624423980712892
mm_0162509,Mistral-7B-Instruct-v0.1,0.0,0.9999998807907104,sapbert_full_len3,5,5,0,4,False,1,-0.0,-0.0,C0162638,True,,,,,,,,,5.0,0.0375574827194213,0.0375574827194213,0.0375574827194213,0.9999998807907104,0.9624423980712892
mm_0162509,PubMedBERT,0.0,1.0,sapbert_full_len3,5,5,0,4,False,1,-0.0,-0.0,C1257990,True,5.0,1.0,"{""UMLS:C1257990"": 5}",-0.0,-0.0,0.0,UMLS:C1257990,0.0,5.0,-0.7582147121429443,-0.7582147121429443,-0.7582147121429443,0.24178460240364075,0.9999992251396179
mm_0162520,BERT-base,0.0,1.0,sapbert_full_len3,7,7,0,6,False,3,1.3787834934861751,0.4911325898456825,C1257990,False,7.0,3.0,"{""UMLS:C1257990"": 4, ""C1431322"": 1, ""C1312419"": 2}",1.3787834934861751,0.4911325898456825,0.0,UMLS:C1257990,0.0,7.0,-0.6591651439666748,-0.6681981682777405,-0.7121559381484985,0.3318013548851013,0.9999995231628418
mm_0162520,BioBERT,0.0,1.0,sapbert_full_len3,7,7,0,6,False,1,-0.0,-0.0,C1257990,True,7.0,1.0,"{""UMLS:C1257990"": 7}",-0.0,-0.0,0.0,UMLS:C1257990,0.0,7.0,-0.6591651439666748,-0.65916508436203,-0.6591651439666748,0.3408344089984894,0.9999995231628418
mm_0162520,BioMistral-7B,0.0,0.9999999403953552,sapbert_full_len3,7,7,0,6,False,1,-0.0,-0.0,C3898411,True,,,,,,,,,7.0,0.0661213994026184,0.0661213994026184,0.0661213994026184,0.9999999403953552,0.933878481388092
mm_0162520,FLAN-T5-base,0.0,1.0,sapbert_full_len3,7,7,0,6,False,2,0.863120568566631,0.3074497498641964,C3898411,False,,,,,,,,,7.0,0.0661214590072631,0.0952234523636954,4.172325134277344e-07,1.0,0.9047765135765076
mm_0162520,Llama3-OpenBioLLM-8B,0.0,0.9999999403953552,sapbert_full_len3,7,7,0,6,False,2,0.863120568566631,0.3074497498641964,C3898411,False,,,,,,,,,7.0,0.0661213994026184,0.0586596812520708,0.0400053858757017,0.9999998893056598,0.941340148448944
mm_0162520,Meta-Llama-3-8B-Instruct,0.0,0.9999999403953552,sapbert_full_len3,7,7,0,6,False,3,1.5566567074628228,0.5544923070581674,C3898411,False,,,,,,,,,7.0,0.0661213994026184,0.0819515415600368,3.933906555175781e-06,0.9951523286955696,0.9132007956504822
mm_0162520,Mistral-7B-Instruct-v0.1,0.0,1.0,sapbert_full_len3,7,7,0,6,False,2,0.863120568566631,0.3074497498641964,C3898411,False,,,,,,,,,7.0,0.0661214590072631,0.1008422545024326,0.0661213994026184,0.999999965940203,0.8991576433181763
mm_0162520,PubMedBERT,0.0,1.0,sapbert_full_len3,7,7,0,6,False,1,-0.0,-0.0,C1839576,True,7.0,1.0,"{""C1839576"": 7}",-0.0,-0.0,0.0,C1839576,0.0,7.0,-0.6998276710510254,-0.6998276710510254,-0.6998276710510254,0.3001718521118164,0.9999995231628418
mm_0162546,BERT-base,0.0,1.0,sapbert_full_len3,7,7,0,6,False,1,-0.0,-0.0,C1447749,True,7.0,1.0,"{""C1447749"": 7}",-0.0,-0.0,0.0,C1447749,0.0,7.0,-0.6002960205078125,-0.6002960205078125,-0.6002960205078125,0.3183614909648895,0.9186574816703796
mm_0162546,BioBERT,0.0,1.0,sapbert_full_len3,7,7,0,6,False,1,-0.0,-0.0,C1447749,True,7.0,1.0,"{""C1447749"": 7}",-0.0,-0.0,0.0,C1447749,0.0,7.0,-0.6002960205078125,-0.6002960205078125,-0.6002960205078125,0.3183614909648895,0.9186574816703796
mm_0162546,BioMistral-7B,1.0,0.9187334775924684,sapbert_full_len3,7,7,0,6,False,2,0.9852281360342516,0.3509453429964405,C0032460,False,,,,,,,,,7.0,0.0599253773689271,0.1508515817778451,0.0598903298377991,0.9651614768164498,0.8143099546432495
mm_0162546,FLAN-T5-base,1.0,0.9186984300613404,sapbert_full_len3,7,7,0,6,False,2,0.863120568566631,0.3074497498641964,C0028949,False,,,,,,,,,7.0,0.0598903298377991,0.0495750137737819,0.0201757550239563,0.907740422657558,0.858165442943573
mm_0162546,Llama3-OpenBioLLM-8B,0.0,0.9999997615814208,sapbert_full_len3,7,7,0,6,False,1,-0.0,-0.0,C0032460,True,,,,,,,,,7.0,0.0523223876953123,0.0462764757020131,0.0438581109046934,0.9552121928759982,0.908935844898224
mm_0162546,Meta-Llama-3-8B-Instruct,0.0,0.9999992847442628,sapbert_full_len3,7,7,0,6,False,1,-0.0,-0.0,C0032460,True,,,,,,,,,7.0,0.0962762832641602,0.0962768963405064,0.0962762832641602,0.9999998978206088,0.903722882270813
mm_0162546,Mistral-7B-Instruct-v0.1,0.0,0.9999992847442628,sapbert_full_len3,7,7,0,6,False,1,-0.0,-0.0,C0032460,True,,,,,,,,,7.0,0.0962762832641602,0.1313588278634207,0.0962762832641602,0.9999998978206088,0.8686410188674927
mm_0162546,PubMedBERT,0.0,1.0,sapbert_full_len3,7,7,0,6,False,1,-0.0,-0.0,C1447749,True,7.0,1.0,"{""C1447749"": 7}",-0.0,-0.0,0.0,C1447749,0.0,7.0,-0.6002960205078125,-0.6002960205078125,-0.6002960205078125,0.3183614909648895,0.9186574816703796
mm_0164466,BERT-base,0.0,1.0,sapbert_full_len3,9,9,0,8,False,2,0.5032583347756457,0.1587603285713901,C1447749,False,9.0,2.0,"{""C1447749"": 8, ""UMLS:C1257990"": 1}",0.5032583347756457,0.1587603285713901,0.0,C1447749,0.0,9.0,-0.5802149772644043,-0.5837712287902832,-0.6122214198112488,0.41622865200042725,0.9999998807907104
mm_0164466,BioBERT,0.0,1.0,sapbert_full_len3,9,9,0,8,False,2,0.7642045065086203,0.2410796804848405,C1257990,False,9.0,2.0,"{""UMLS:C1257990"": 7, ""C1447749"": 2}",0.7642045065086203,0.2410796804848405,0.0,UMLS:C1257990,0.0,9.0,-0.6122214198112488,-0.605108916759491,-0.6122214198112488,0.39489099383354187,0.9999998807907104
mm_0164466,BioMistral-7B,0.0,1.0,sapbert_full_len3,9,9,0,8,False,3,0.9864267287308424,0.3111829864372246,C0206686,False,,,,,,,,,9.0,1.1920928955078125e-07,0.0109843810399373,1.1920928955078125e-07,1.0,0.9890155792236328
mm_0164466,FLAN-T5-base,0.0,1.0,sapbert_full_len3,9,9,0,8,False,2,0.5032583347756457,0.1587603285713901,C0206686,False,,,,,,,,,9.0,1.1920928955078125e-07,0.0028916398684183,0.0,0.9999999006589254,0.9971082210540771
mm_0164466,Llama3-OpenBioLLM-8B,0.0,1.0,sapbert_full_len3,9,9,0,8,False,2,0.9182958340544896,0.2896900821428475,C0206686,False,,,,,,,,,9.0,0.1739102602005005,0.1335859298706054,-1.1102230246251563e-16,0.9999998807907104,0.8664138913154602
mm_0164466,Meta-Llama-3-8B-Instruct,0.0,1.0,sapbert_full_len3,9,9,0,8,False,2,0.9910760598382222,0.3126496871021503,C1274040,False,,,,,,,,,9.0,0.0260596275329589,0.0650292502509222,0.0260595083236694,0.999999788072374,0.9349705576896667
mm_0164466,Mistral-7B-Instruct-v0.1,0.0,0.9999998807907104,sapbert_full_len3,9,9,0,8,False,4,1.836591668108979,0.579380164285695,C0242428,False,,,,,,,,,9.0,0.0575771331787109,0.0222260687086317,-0.041196584701538,0.9536967145072088,0.9314706325531006
mm_0164466,PubMedBERT,0.0,1.0,sapbert_full_len3,9,9,0,8,False,2,0.7642045065086203,0.2410796804848405,C0015131,False,9.0,2.0,"{""C0015131"": 7, ""C1839576"": 2}",0.7642045065086203,0.2410796804848405,0.0,C0015131,0.0,9.0,-0.6193284392356873,-0.6042056679725647,-0.6193284392356873,0.39579424262046814,0.9999998807907104
mm_0164998,BERT-base,0.0,1.0,sapbert_full_len3,7,7,0,6,False,1,-0.0,-0.0,C0282597,True,7.0,1.0,"{""C0282597"": 7}",-0.0,-0.0,0.0,C0282597,0.0,7.0,-0.6252070665359497,-0.6252070665359497,-0.6252070665359497,0.3747924268245697,0.9999995231628418
mm_0164998,BioBERT,0.0,1.0,sapbert_full_len3,7,7,0,6,False,2,0.5916727785823275,0.2107580961471984,C1707887,False,7.0,2.0,"{""UMLS:C1707887"": 6, ""C0203378"": 1}",0.5916727785823275,0.2107580961471984,0.0,UMLS:C1707887,0.0,7.0,-0.6773210763931274,-0.6757227182388306,-0.6773210763931274,0.32427677512168884,0.9999995231628418
mm_0164998,BioMistral-7B,1.0,1.0,sapbert_full_len3,7,7,0,6,False,1,-0.0,-0.0,C0037585,True,,,,,,,,,7.0,0.22965669631958,0.19052369253976,0.0922695398330688,1.0,0.809476375579834
mm_0164998,FLAN-T5-base,1.0,1.0,sapbert_full_len3,7,7,0,6,False,1,-0.0,-0.0,C0037585,True,,,,,,,,,7.0,0.0922695398330688,0.1139245033264159,0.0721831917762755,0.9999999489103044,0.8860754370689392
mm_0164998,Llama3-OpenBioLLM-8B,1.0,1.0,sapbert_full_len3,7,7,0,6,False,1,-0.0,-0.0,C0037585,True,,,,,,,,,7.0,0.0377272963523864,0.0874151757785251,0.0377272963523864,0.9999998978206088,0.9125847220420836
mm_0164998,Meta-Llama-3-8B-Instruct,0.0,0.9999998807907104,sapbert_full_len3,7,7,0,6,False,3,1.3787834934861751,0.4911325898456825,C3826009,False,,,,,,,,,7.0,8.344650268554688e-07,0.0413098675864083,1.1920928955078125e-07,0.9999998978206088,0.9586899876594543
mm_0164998,Mistral-7B-Instruct-v0.1,1.0,1.0,sapbert_full_len3,7,7,0,6,False,1,-0.0,-0.0,C0037585,True,,,,,,,,,7.0,0.22965669631958,0.204979624067034,0.0922695398330688,1.0,0.7950204610824585
mm_0164998,PubMedBERT,0.0,1.0,sapbert_full_len3,7,7,0,6,False,2,0.5916727785823275,0.2107580961471984,C1447749,False,7.0,2.0,"{""C1447749"": 6, ""C1839576"": 1}",0.5916727785823275,0.2107580961471984,0.0,C1447749,0.0,7.0,-0.6579385995864868,-0.6557480692863464,-0.6579385995864868,0.3442513942718506,0.9999995231628418
mm_0165626,BERT-base,0.0,1.0,sapbert_full_len3,7,7,0,6,False,1,-0.0,-0.0,C1447749,True,7.0,1.0,"{""C1447749"": 7}",-0.0,-0.0,0.0,C1447749,0.0,7.0,-0.6148438453674316,-0.6148438453674316,-0.6148438453674316,0.38515543937683105,0.9999993443489075
mm_0165626,BioBERT,0.0,1.0,sapbert_full_len3,7,7,0,6,False,1,-0.0,-0.0,C1447749,True,7.0,1.0,"{""C1447749"": 7}",-0.0,-0.0,0.0,C1447749,0.0,7.0,-0.6148438453674316,-0.6148438453674316,-0.6148438453674316,0.38515543937683105,0.9999993443489075
mm_0165626,BioMistral-7B,0.0,1.0,sapbert_full_len3,7,7,0,6,False,2,0.9852281360342516,0.3509453429964405,C1416786,False,,,,,,,,,7.0,0.2978010177612304,0.0750525678907122,4.76837158203125e-07,1.0,0.9249474406242372
mm_0165626,FLAN-T5-base,0.0,1.0,sapbert_full_len3,7,7,0,6,False,2,0.9852281360342516,0.3509453429964405,C0007806,False,,,,,,,,,7.0,0.113782525062561,0.0487641096115112,2.980232238769531e-07,1.0,0.951235830783844
mm_0165626,Llama3-OpenBioLLM-8B,0.0,1.0,sapbert_full_len3,7,7,0,6,False,2,0.863120568566631,0.3074497498641964,C0011265,False,,,,,,,,,7.0,0.1555310487747192,0.1597279735973903,0.1159054040908812,0.999999931880406,0.8402719497680664
mm_0165626,Meta-Llama-3-8B-Instruct,0.0,1.0,sapbert_full_len3,7,7,0,6,False,1,-0.0,-0.0,C0011265,True,,,,,,,,,7.0,0.1910629272460937,0.1091790454728262,5.364418028674933e-07,0.9999999233654568,0.8908209204673767
mm_0165626,Mistral-7B-Instruct-v0.1,0.0,0.9999998211860656,sapbert_full_len3,7,7,0,6,False,1,-0.0,-0.0,C0011265,True,,,,,,,,,7.0,5.364418028674933e-07,5.364418028674933e-07,5.364418028674933e-07,0.9999998211860656,0.9999991655349731
mm_0165626,PubMedBERT,0.0,1.0,sapbert_full_len3,7,7,0,6,False,1,-0.0,-0.0,C1839576,True,7.0,1.0,"{""C1839576"": 7}",-0.0,-0.0,0.0,C1839576,0.0,7.0,-0.6310593485832214,-0.6310593485832214,-0.6310593485832214,0.36893993616104126,0.9999993443489075
mm_0166051,BERT-base,0.0,1.0,sapbert_full_len3,6,6,0,5,False,2,1.0,0.3868528072345416,C0597336,False,6.0,2.0,"{""C0597336"": 3, ""C1136156"": 3}",1.0,0.3868528072345416,0.0,C0597336,0.0,6.0,-0.5574876070022583,-0.5233990550041199,-0.5574876070022583,0.4766007363796234,0.9999997615814209
mm_0166051,BioBERT,0.0,1.0,sapbert_full_len3,6,6,0,5,False,1,-0.0,-0.0,C0027609,True,6.0,1.0,"{""C0027609"": 6}",-0.0,-0.0,0.0,C0027609,0.0,6.0,-0.6538144946098328,-0.6538144946098328,-0.6538144946098328,0.3461852967739105,0.9999997615814209
mm_0166051,BioMistral-7B,1.0,0.9999998211860656,sapbert_full_len3,6,6,0,5,False,2,0.6500224216483541,0.2514629985800606,C0449774,False,,,,,,,,,6.0,0.0590189695358275,0.0491825540860493,1.1920928955078125e-07,0.999999890724818,0.950817346572876
mm_0166051,FLAN-T5-base,0.0,0.6549481749534607,sapbert_full_len3,6,1,5,5,False,1,-0.0,-0.0,C0449774,True,,,,,,,,,1.0,,-0.0107614398002624,-0.0107614398002624,0.7895547747612,0.8003162145614624
mm_0166051,Llama3-OpenBioLLM-8B,0.0,0.6549205780029297,sapbert_full_len3,6,5,1,5,False,3,1.521928094887362,0.5887621559162939,C5392149,False,,,,,,,,,5.0,,0.1304320573806762,0.0696589946746825,0.999999952316284,0.86956787109375
mm_0166051,Meta-Llama-3-8B-Instruct,1.0,1.0,sapbert_full_len3,6,6,0,5,False,2,0.6500224216483541,0.2514629985800606,C0449774,False,,,,,,,,,6.0,0.0380331873893737,0.0433040360609689,0.0380330085754393,0.9999998410542806,0.9566958546638488
mm_0166051,Mistral-7B-Instruct-v0.1,1.0,0.7895547747612,sapbert_full_len3,6,6,0,5,False,2,0.6500224216483541,0.2514629985800606,C0449774,False,,,,,,,,,6.0,-0.0107614398002624,0.0142922898133595,-0.0107614398002624,0.8947773079077402,0.8804849982261658
mm_0166051,PubMedBERT,0.0,1.0,sapbert_full_len3,6,6,0,5,False,1,-0.0,-0.0,C1839576,True,6.0,1.0,"{""C1839576"": 6}",-0.0,-0.0,0.0,C1839576,0.0,6.0,-0.703214168548584,-0.703214168548584,-0.703214168548584,0.2967855930328369,0.9999997615814209
mm_0166571,BERT-base,0.0,1.0,sapbert_full_len3,6,6,0,5,False,1,-0.0,-0.0,C1257990,True,6.0,1.0,"{""UMLS:C1257990"": 6}",-0.0,-0.0,0.0,UMLS:C1257990,0.0,6.0,-0.5623563528060913,-0.5623563528060913,-0.5623563528060913,0.3487500250339508,0.9111063480377197
mm_0166571,BioBERT,1.0,1.0,sapbert_full_len3,6,6,0,5,False,1,-0.0,-0.0,C0026473,True,6.0,1.0,"{""UMLS:C0026473"": 6}",-0.0,-0.0,1.0,UMLS:C0026473,0.0,6.0,-0.26787054538726807,-0.26787054538726807,-0.26787054538726807,0.6432358026504517,0.9111063480377197
mm_0166571,BioMistral-7B,1.0,1.0000001192092896,sapbert_full_len3,6,6,0,5,False,2,1.0,0.3868528072345416,C0026473,False,,,,,,,,,6.0,0.090908944606781,0.0399228632450103,2.384185789905402e-07,0.999999890724818,0.9600769877433776
mm_0166571,FLAN-T5-base,0.0,0.943943202495575,sapbert_full_len3,6,6,0,5,False,1,-0.0,-0.0,C5776716,True,,,,,,,,,6.0,0.0118927359580993,0.0118927359580993,0.0118927359580993,0.943943202495575,0.9320505261421204
mm_0166571,Llama3-OpenBioLLM-8B,1.0,0.9999998807907104,sapbert_full_len3,6,6,0,5,False,1,-0.0,-0.0,C0026473,True,,,,,,,,,6.0,0.0743137598037719,0.0507724583148956,0.0272311568260192,0.9584936499595642,0.907721221446991
mm_0166571,Meta-Llama-3-8B-Instruct,0.0,1.0,sapbert_full_len3,6,6,0,5,False,1,-0.0,-0.0,C1336636,True,,,,,,,,,6.0,4.172325134277344e-07,1.9649664560953777e-05,4.172325134277344e-07,0.967426965634028,0.9674072861671448
mm_0166571,Mistral-7B-Instruct-v0.1,1.0,0.9999999403953552,sapbert_full_len3,6,6,0,5,False,1,-0.0,-0.0,C0026473,True,,,,,,,,,6.0,0.0909087657928466,0.0909087657928466,0.0909087657928466,0.9999999403953552,0.9090911746025084
mm_0166571,PubMedBERT,1.0,1.0,sapbert_full_len3,6,6,0,5,False,1,-0.0,-0.0,C0026473,True,6.0,1.0,"{""UMLS:C0026473"": 6}",-0.0,-0.0,1.0,UMLS:C0026473,0.0,6.0,-0.26787054538726807,-0.26787054538726807,-0.26787054538726807,0.6432358026504517,0.9111063480377197
mm_0166771,BERT-base,0.0,1.0,sapbert_full_len3,7,7,0,6,False,1,-0.0,-0.0,C1257990,True,7.0,1.0,"{""UMLS:C1257990"": 7}",-0.0,-0.0,0.0,UMLS:C1257990,0.0,7.0,-0.6226783394813538,-0.6226783394813538,-0.6226783394813538,0.3773208260536194,0.9999991655349731
mm_0166771,BioBERT,0.0,1.0,sapbert_full_len3,7,7,0,6,False,1,-0.0,-0.0,C1257990,True,7.0,1.0,"{""UMLS:C1257990"": 7}",-0.0,-0.0,0.0,UMLS:C1257990,0.0,7.0,-0.6226783394813538,-0.6226783394813538,-0.6226783394813538,0.3773208260536194,0.9999991655349731
mm_0166771,BioMistral-7B,1.0,1.0,sapbert_full_len3,7,7,0,6,False,1,-0.0,-0.0,C0242594,True,,,,,,,,,7.0,0.0575175285339355,0.0749293225152152,0.0575175285339355,1.0,0.9250707030296326
mm_0166771,FLAN-T5-base,1.0,1.0,sapbert_full_len3,7,7,0,6,False,2,0.5916727785823275,0.2107580961471984,C0242594,False,,,,,,,,,7.0,0.0661141872406005,0.070396738392966,-5.960464488641294e-08,0.9999999063355582,0.9296031594276428
mm_0166771,Llama3-OpenBioLLM-8B,1.0,1.0,sapbert_full_len3,7,7,0,6,False,3,1.448815635725185,0.516078542239789,C0242594,False,,,,,,,,,7.0,0.0432882905006408,0.0391464999743869,1.7881393421514957e-07,0.9999998893056598,0.960853397846222
mm_0166771,Meta-Llama-3-8B-Instruct,1.0,1.0,sapbert_full_len3,7,7,0,6,False,2,0.863120568566631,0.3074497498641964,C0242594,False,,,,,,,,,7.0,0.0696284174919128,0.0497346179825918,1.1920928943975897e-07,0.9999999148505074,0.9502652883529664
mm_0166771,Mistral-7B-Instruct-v0.1,1.0,1.0,sapbert_full_len3,7,7,0,6,False,2,0.9852281360342516,0.3509453429964405,C0021083,False,,,,,,,,,7.0,0.1716014742851257,0.0922152570315769,3.5762786865234375e-07,0.999999931880406,0.907784640789032
mm_0166771,PubMedBERT,0.0,1.0,sapbert_full_len3,7,7,0,6,False,2,0.863120568566631,0.3074497498641964,C1257990,False,7.0,2.0,"{""C1447749"": 2, ""UMLS:C1257990"": 5}",0.863120568566631,0.3074497498641964,0.0,UMLS:C1257990,0.0,7.0,-0.5929770469665527,-0.6141923069953918,-0.6226783394813538,0.3858068883419037,0.9999991655349731
mm_0168172,BERT-base,0.0,1.0,sapbert_full_len3,7,7,0,6,False,2,0.863120568566631,0.3074497498641964,C1257990,False,7.0,2.0,"{""UMLS:C1257990"": 5, ""UMLS:C0752046"": 2}",0.863120568566631,0.3074497498641964,0.0,UMLS:C1257990,0.0,7.0,-0.7662259340286255,-0.7299414873123169,-0.7662259340286255,0.27005818486213684,0.9999996423721313
mm_0168172,BioBERT,0.0,1.0,sapbert_full_len3,7,7,0,6,False,2,0.5916727785823275,0.2107580961471984,C1257990,False,7.0,2.0,"{""UMLS:C1257990"": 6, ""C1447749"": 1}",0.5916727785823275,0.2107580961471984,0.0,UMLS:C1257990,0.0,7.0,-0.7662259340286255,-0.7477779984474182,-0.7662259340286255,0.2522216737270355,0.9999996423721313
mm_0168172,BioMistral-7B,0.0,0.9999998807907104,sapbert_full_len3,7,7,0,6,False,1,-0.0,-0.0,C1521898,True,,,,,,,,,7.0,0.0,1.0217939104352679e-07,0.0,0.9999999829701016,0.9999999403953552
mm_0168172,FLAN-T5-base,0.0,1.0,sapbert_full_len3,7,7,0,6,False,2,0.5916727785823275,0.2107580961471984,C1707513,False,,,,,,,,,7.0,0.060350477695465,0.0760766948972429,0.0603503584861755,0.9999999148505074,0.9239231944084167
mm_0168172,Llama3-OpenBioLLM-8B,0.0,0.9331247806549072,sapbert_full_len3,7,7,0,6,False,4,1.6644977792004614,0.5929060718765461,C0966831,False,,,,,,,,,7.0,-0.0063317418098449,0.008955887385777,-0.0063317418098449,0.9617855037961688,0.952829658985138
mm_0168172,Meta-Llama-3-8B-Instruct,0.0,0.6376758813858032,sapbert_full_len3,7,1,6,6,False,1,-0.0,-0.0,C0966831,True,,,,,,,,,1.0,,0.2989387512207031,0.2989387512207031,1.0,0.7010612487792969
mm_0168172,Mistral-7B-Instruct-v0.1,0.0,0.6230131387710571,sapbert_full_len3,7,3,4,6,False,1,-0.0,-0.0,C0966831,True,,,,,,,,,3.0,,0.3125475446383158,0.3103801012039184,1.0,0.687452495098114
mm_0168172,PubMedBERT,0.0,1.0,sapbert_full_len3,7,7,0,6,False,1,-0.0,-0.0,C1447749,True,7.0,1.0,"{""C1447749"": 7}",-0.0,-0.0,0.0,C1447749,0.0,7.0,-0.6370904445648193,-0.6370903849601746,-0.6370904445648193,0.3629092276096344,0.9999996423721313
mm_0168205,BERT-base,0.0,1.0,sapbert_full_len3,4,4,0,3,False,1,-0.0,-0.0,C1739108,True,4.0,1.0,"{""C1739108"": 4}",-0.0,-0.0,0.0,C1739108,0.0,4.0,-0.6524378061294556,-0.6524378061294556,-0.6524378061294556,0.3475618064403534,0.9999995827674866
mm_0168205,BioBERT,0.0,1.0,sapbert_full_len3,4,4,0,3,False,1,-0.0,-0.0,C1447749,True,4.0,1.0,"{""C1447749"": 4}",-0.0,-0.0,0.0,C1447749,0.0,4.0,-0.7085815668106079,-0.7085815668106079,-0.7085815668106079,0.29141804575920105,0.9999995827674866
mm_0168205,BioMistral-7B,0.0,1.0,sapbert_full_len3,4,4,0,3,False,1,-0.0,-0.0,C0524620,True,,,,,,,,,4.0,0.1132955551147461,0.1132954657077789,0.1132954359054565,0.9999999105930328,0.8867044448852539
mm_0168205,FLAN-T5-base,0.0,1.0,sapbert_full_len3,4,4,0,3,False,2,0.8112781244591328,0.4056390622295664,C0011860,False,,,,,,,,,4.0,4.76837158203125e-07,0.0283242464065551,4.76837158203125e-07,1.0,0.9716757535934448
mm_0168205,Llama3-OpenBioLLM-8B,0.0,0.9999998211860656,sapbert_full_len3,4,4,0,3,False,3,1.5,0.75,C0524620,False,,,,,,,,,4.0,0.0574620366096495,0.0710132420063018,5.960464477539064e-08,0.9999998658895493,0.9289866089820862
mm_0168205,Meta-Llama-3-8B-Instruct,0.0,1.0,sapbert_full_len3,4,4,0,3,False,1,-0.0,-0.0,C0524620,True,,,,,,,,,4.0,0.1132955551147461,0.1132955551147461,0.1132955551147461,1.0,0.8867044448852539
mm_0168205,Mistral-7B-Instruct-v0.1,0.0,0.9999998807907104,sapbert_full_len3,4,4,0,3,False,2,0.8112781244591328,0.4056390622295664,C0524620,False,,,,,,,,,4.0,0.1132954359054565,0.1056105941534042,0.0825560688972472,0.9999998658895493,0.894389271736145
mm_0168205,PubMedBERT,0.0,1.0,sapbert_full_len3,4,4,0,3,False,2,1.0,0.5,C1447749,False,4.0,2.0,"{""C1447749"": 2, ""C1839576"": 2}",1.0,0.5,0.0,C1447749,1.0,4.0,-0.7085815668106079,-0.6998143196105957,-0.7085815668106079,0.30018532276153564,0.9999995827674866
mm_0168214,BERT-base,0.0,1.0,sapbert_full_len3,5,5,0,4,False,1,-0.0,-0.0,C1739108,True,5.0,1.0,"{""C1739108"": 5}",-0.0,-0.0,0.0,C1739108,0.0,5.0,-0.5083988904953003,-0.5083988904953003,-0.5083988904953003,0.4916004538536072,0.9999993443489075
mm_0168214,BioBERT,0.0,1.0,sapbert_full_len3,5,5,0,4,False,1,-0.0,-0.0,C1447749,True,5.0,1.0,"{""C1447749"": 5}",-0.0,-0.0,0.0,C1447749,0.0,5.0,-0.6511682271957397,-0.6511682271957397,-0.6511682271957397,0.3488311171531677,0.9999993443489075
mm_0168214,BioMistral-7B,0.0,1.0,sapbert_full_len3,5,5,0,4,False,1,-0.0,-0.0,C0524620,True,,,,,,,,,5.0,0.1132955551147461,0.1132955551147461,0.1132955551147461,1.0,0.8867044448852539
mm_0168214,FLAN-T5-base,0.0,1.0,sapbert_full_len3,5,5,0,4,False,2,0.9709505944546686,0.4181656600790516,C0011860,False,,,,,,,,,5.0,4.76837158203125e-07,0.0453185081481933,4.76837158203125e-07,1.0,0.9546815156936646
mm_0168214,Llama3-OpenBioLLM-8B,0.0,0.9999998211860656,sapbert_full_len3,5,5,0,4,False,3,1.521928094887362,0.6554587535412855,C0282440,False,,,,,,,,,5.0,0.0574620366096495,0.0568106055259704,5.960464477539064e-08,0.9999998688697816,0.943189263343811
mm_0168214,Meta-Llama-3-8B-Instruct,0.0,1.0,sapbert_full_len3,5,5,0,4,False,1,-0.0,-0.0,C0524620,True,,,,,,,,,5.0,0.1132955551147461,0.1132954597473144,0.1132954359054565,0.9999999046325684,0.8867044448852539
mm_0168214,Mistral-7B-Instruct-v0.1,0.0,0.9999998807907104,sapbert_full_len3,5,5,0,4,False,2,0.9709505944546686,0.4181656600790516,C0524620,False,,,,,,,,,5.0,0.1132954359054565,0.1009997844696044,0.0825561881065368,0.999999952316284,0.8990001678466797
mm_0168214,PubMedBERT,0.0,1.0,sapbert_full_len3,5,5,0,4,False,2,0.9709505944546686,0.4181656600790516,C1447749,False,5.0,2.0,"{""C1447749"": 3, ""C1839576"": 2}",0.9709505944546686,0.4181656600790516,0.0,C1447749,0.0,5.0,-0.6511682271957397,-0.6550744771957397,-0.6609339714050293,0.34492483735084534,0.9999993443489075
mm_0169244,BERT-base,0.0,1.0,sapbert_full_len3,5,5,0,4,False,1,-0.0,-0.0,C2350390,True,5.0,1.0,"{""UMLS:C2350390"": 5}",-0.0,-0.0,0.0,UMLS:C2350390,0.0,5.0,-0.8140067458152771,-0.8140066862106323,-0.8140067458152771,0.1859927773475647,0.9999995231628418
mm_0169244,BioBERT,0.0,1.0,sapbert_full_len3,5,5,0,4,False,2,0.9709505944546686,0.4181656600790516,C0919821,False,5.0,2.0,"{""UMLS:C0919821"": 3, ""UMLS:C1707887"": 2}",0.9709505944546686,0.4181656600790516,0.0,UMLS:C0919821,0.0,5.0,-0.7949291467666626,-0.7520964741706848,-0.7949291467666626,0.2479030191898346,0.9999995231628418
mm_0169244,BioMistral-7B,1.0,1.0,sapbert_full_len3,5,5,0,4,False,1,-0.0,-0.0,C0277608,True,,,,,,,,,5.0,0.2150791883468628,0.1733618974685669,0.110785961151123,1.0,0.8266380429267883
mm_0169244,FLAN-T5-base,1.0,1.0,sapbert_full_len3,5,5,0,4,False,1,-0.0,-0.0,C0277608,True,,,,,,,,,5.0,0.0773240327835083,0.1324260950088501,0.0773240327835083,1.0,0.8675739169120789
mm_0169244,Llama3-OpenBioLLM-8B,1.0,1.0,sapbert_full_len3,5,5,0,4,False,3,1.3709505944546687,0.5904362833084089,C0277608,False,,,,,,,,,5.0,0.2657074928283691,0.1646209478378296,0.0267577171325683,0.9999999880790712,0.8353790044784546
mm_0169244,Meta-Llama-3-8B-Instruct,1.0,1.0,sapbert_full_len3,5,5,0,4,False,1,-0.0,-0.0,C0277608,True,,,,,,,,,5.0,0.2240251302719116,0.2240251302719116,0.2240251302719116,1.0,0.7759748697280884
mm_0169244,Mistral-7B-Instruct-v0.1,1.0,1.0,sapbert_full_len3,5,5,0,4,False,1,-0.0,-0.0,C0277608,True,,,,,,,,,5.0,0.110785961151123,0.1525032520294189,0.110785961151123,1.0,0.8474966883659363
mm_0169244,PubMedBERT,0.0,1.0,sapbert_full_len3,5,5,0,4,False,2,0.7219280948873623,0.3109175070825711,C1447749,False,5.0,2.0,"{""C1839576"": 1, ""C1447749"": 4}",0.7219280948873623,0.3109175070825711,0.0,C1447749,0.0,5.0,-0.6568120718002319,-0.6516032218933105,-0.6568120718002319,0.34839633107185364,0.9999995231628418
mm_0169777,BERT-base,0.0,1.0,sapbert_full_len3,7,7,0,6,False,1,-0.0,-0.0,C1257990,True,7.0,1.0,"{""UMLS:C1257990"": 7}",-0.0,-0.0,0.0,UMLS:C1257990,0.0,7.0,-0.7073955535888672,-0.7073955535888672,-0.7073955535888672,0.29260411858558655,0.9999996423721313
mm_0169777,BioBERT,0.0,1.0,sapbert_full_len3,7,7,0,6,False,1,-0.0,-0.0,C1257990,True,7.0,1.0,"{""UMLS:C1257990"": 7}",-0.0,-0.0,0.0,UMLS:C1257990,0.0,7.0,-0.7073955535888672,-0.7073955535888672,-0.7073955535888672,0.29260411858558655,0.9999996423721313
mm_0169777,BioMistral-7B,0.0,0.9999998807907104,sapbert_full_len3,7,7,0,6,False,1,-0.0,-0.0,C0812303,True,,,,,,,,,7.0,4.76837158203125e-07,5.790165492466517e-07,4.76837158203125e-07,0.9999999829701016,0.999999463558197
mm_0169777,FLAN-T5-base,1.0,1.0,sapbert_full_len3,7,7,0,6,False,2,0.5916727785823275,0.2107580961471984,C1522579,False,,,,,,,,,7.0,0.0711727738380432,0.0610052943229675,4.172325134277344e-07,1.0,0.9389947652816772
mm_0169777,Llama3-OpenBioLLM-8B,0.0,0.9999998807907104,sapbert_full_len3,7,7,0,6,False,1,-0.0,-0.0,C1427627,True,,,,,,,,,7.0,1.1920928955078125e-07,1.1920928955078125e-07,1.1920928955078125e-07,0.9999998807907104,0.9999998807907104
mm_0169777,Meta-Llama-3-8B-Instruct,1.0,1.0,sapbert_full_len3,7,7,0,6,False,1,-0.0,-0.0,C1522579,True,,,,,,,,,7.0,0.2138388156890869,0.2275376319885254,0.2138388156890869,1.0,0.7724624276161194
mm_0169777,Mistral-7B-Instruct-v0.1,0.0,0.9999998211860656,sapbert_full_len3,7,7,0,6,False,2,0.5916727785823275,0.2107580961471984,C1326504,False,,,,,,,,,7.0,0.0261808037757872,0.022440731525421,2.980232238769531e-07,0.999999829701015,0.9775590896606444
mm_0169777,PubMedBERT,0.0,1.0,sapbert_full_len3,7,7,0,6,False,1,-0.0,-0.0,C1839576,True,7.0,1.0,"{""C1839576"": 7}",-0.0,-0.0,0.0,C1839576,0.0,7.0,-0.7379647493362427,-0.7379647493362427,-0.7379647493362427,0.26203489303588867,0.9999996423721313
mm_0169892,BERT-base,0.0,1.0,sapbert_full_len3,6,6,0,5,False,2,0.9182958340544896,0.355245321275764,C1739108,False,6.0,2.0,"{""C1739108"": 4, ""C1447749"": 2}",0.9182958340544896,0.355245321275764,0.0,C1739108,0.0,6.0,-0.6194502115249634,-0.6223365664482117,-0.6281091570854187,0.37766268849372864,0.9999992251396179
mm_0169892,BioBERT,0.0,1.0,sapbert_full_len3,6,6,0,5,False,1,-0.0,-0.0,C1707887,True,6.0,1.0,"{""UMLS:C1707887"": 6}",-0.0,-0.0,0.0,UMLS:C1707887,0.0,6.0,-0.6245031356811523,-0.6245031356811523,-0.6245031356811523,0.3754960596561432,0.9999992251396179
mm_0169892,BioMistral-7B,0.0,0.9999998807907104,sapbert_full_len3,6,6,0,5,False,1,-0.0,-0.0,C4316895,True,,,,,,,,,6.0,5.960464477539062e-07,5.463759103485621e-07,5.364418028674933e-07,0.9999998311201732,0.999999225139618
mm_0169892,FLAN-T5-base,0.0,1.0,sapbert_full_len3,6,6,0,5,False,1,-0.0,-0.0,C4316895,True,,,,,,,,,6.0,4.76837158203125e-07,4.76837158203125e-07,4.76837158203125e-07,1.0,0.9999995231628418
mm_0169892,Llama3-OpenBioLLM-8B,0.0,1.0000001192092896,sapbert_full_len3,6,6,0,5,False,3,1.4591479170272446,0.5644754678724235,C1514811,False,,,,,,,,,6.0,5.960464477539062e-07,0.1115354696909586,5.960464477539062e-07,0.9999999602635702,0.8884644508361816
mm_0169892,Meta-Llama-3-8B-Instruct,0.0,1.0000001192092896,sapbert_full_len3,6,6,0,5,False,1,-0.0,-0.0,C4316895,True,,,,,,,,,6.0,5.960464477539062e-07,5.960464477539062e-07,5.960464477539062e-07,1.0000001192092896,0.9999995231628418
mm_0169892,Mistral-7B-Instruct-v0.1,0.0,0.9999999403953552,sapbert_full_len3,6,6,0,5,False,1,-0.0,-0.0,C4316895,True,,,,,,,,,6.0,4.172325134277344e-07,4.172325134277344e-07,4.172325134277344e-07,0.9999999403953552,0.9999995231628418
mm_0169892,PubMedBERT,0.0,1.0,sapbert_full_len3,6,6,0,5,False,2,0.6500224216483541,0.2514629985800606,C1447749,False,6.0,2.0,"{""C1839576"": 1, ""C1447749"": 5}",0.6500224216483541,0.2514629985800606,0.0,C1447749,0.0,6.0,-0.6857695579528809,-0.6377192139625549,-0.6857695579528809,0.362280011177063,0.9999992251396179
mm_0170315,BERT-base,0.0,1.0,sapbert_full_len3,9,9,0,8,False,2,0.7642045065086203,0.2410796804848405,C1257880,False,9.0,2.0,"{""C1257880"": 7, ""C0949359"": 2}",0.7642045065086203,0.2410796804848405,0.0,C1257880,0.0,9.0,-0.6282294988632202,-0.632539689540863,-0.6476253271102905,0.36745956540107727,0.9999992847442627
mm_0170315,BioBERT,0.0,1.0,sapbert_full_len3,9,9,0,8,False,1,-0.0,-0.0,C0061751,True,9.0,1.0,"{""C0061751"": 9}",-0.0,-0.0,0.0,C0061751,0.0,9.0,-0.558664858341217,-0.558664858341217,-0.558664858341217,0.44133442640304565,0.9999992847442627
mm_0170315,BioMistral-7B,1.0,0.9999998807907104,sapbert_full_len3,9,9,0,8,False,1,-0.0,-0.0,C2934842,True,,,,,,,,,9.0,0.2050843834877014,0.2050843834877014,0.2050843834877014,0.9999998807907104,0.794915497303009
mm_0170315,FLAN-T5-base,1.0,0.9999998807907104,sapbert_full_len3,9,9,0,8,False,3,1.224394445405986,0.3862534428571301,C2934842,False,,,,,,,,,9.0,0.2050843834877014,0.120603150791592,3.5762786865234375e-07,1.0000000132454767,0.8793968558311462
mm_0170315,Llama3-OpenBioLLM-8B,1.0,0.9999998807907104,sapbert_full_len3,9,9,0,8,False,1,-0.0,-0.0,C2934842,True,,,,,,,,,9.0,0.2050843834877014,0.2050470842255486,0.1951576471328735,0.9999999602635702,0.7949528694152832
mm_0170315,Meta-Llama-3-8B-Instruct,1.0,1.0000001192092896,sapbert_full_len3,9,9,0,8,False,1,-0.0,-0.0,C2934842,True,,,,,,,,,9.0,0.2050846219062805,0.2050846219062805,0.2050846219062805,1.0000001192092896,0.794915497303009
mm_0170315,Mistral-7B-Instruct-v0.1,1.0,1.0000001192092896,sapbert_full_len3,9,9,0,8,False,1,-0.0,-0.0,C2934842,True,,,,,,,,,9.0,0.2050846219062805,0.2050843040148416,0.2050842642784117,0.9999998013178508,0.794915497303009
mm_0170315,PubMedBERT,0.0,1.0,sapbert_full_len3,9,9,0,8,False,3,1.224394445405986,0.3862534428571301,C0015131,False,9.0,3.0,"{""C0015131"": 6, ""C1431322"": 1, ""UMLS:C0048220"": 2}",1.224394445405986,0.3862534428571301,0.0,C0015131,0.0,9.0,-0.6102232933044434,-0.5888387560844421,-0.6102232933044434,0.41116055846214294,0.9999992847442627
mm_0170417,BERT-base,0.0,1.0,sapbert_full_len3,7,7,0,6,False,1,-0.0,-0.0,C1257990,True,7.0,1.0,"{""UMLS:C1257990"": 7}",-0.0,-0.0,0.0,UMLS:C1257990,0.0,7.0,-0.6868992447853088,-0.6868992447853088,-0.6868992447853088,0.3131003975868225,0.9999996423721313
mm_0170417,BioBERT,0.0,1.0,sapbert_full_len3,7,7,0,6,False,1,-0.0,-0.0,C1257990,True,7.0,1.0,"{""UMLS:C1257990"": 7}",-0.0,-0.0,0.0,UMLS:C1257990,0.0,7.0,-0.6868992447853088,-0.6868992447853088,-0.6868992447853088,0.3131003975868225,0.9999996423721313
mm_0170417,BioMistral-7B,1.0,1.0,sapbert_full_len3,7,7,0,6,False,2,0.863120568566631,0.3074497498641964,C0086661,False,,,,,,,,,7.0,0.1502710580825805,0.0429347583225795,2.384185791015625e-07,0.9999999148505074,0.9570651054382324
mm_0170417,FLAN-T5-base,1.0,1.0,sapbert_full_len3,7,7,0,6,False,2,0.863120568566631,0.3074497498641964,C0702240,False,,,,,,,,,7.0,0.1292849779129028,0.0838156087057931,0.0274633765220642,1.0,0.916184425354004
mm_0170417,Llama3-OpenBioLLM-8B,0.0,0.9999998807907104,sapbert_full_len3,7,7,0,6,False,3,1.1488348542809166,0.4092232318950598,C0007586,False,,,,,,,,,7.0,3.5762786865234375e-07,0.0147738541875566,3.5762786865234375e-07,0.9999998467309136,0.9852259755134584
mm_0170417,Meta-Llama-3-8B-Instruct,0.0,0.9999998807907104,sapbert_full_len3,7,7,0,6,False,1,-0.0,-0.0,C1155872,True,,,,,,,,,7.0,0.0385418534278869,0.0385417512484958,0.0385417342185973,0.9999997786113194,0.9614580869674684
mm_0170417,Mistral-7B-Instruct-v0.1,0.0,0.9999999403953552,sapbert_full_len3,7,7,0,6,False,1,-0.0,-0.0,C0007586,True,,,,,,,,,7.0,2.980232238769531e-07,2.809933253696987e-07,2.384185791015625e-07,0.9999998893056598,0.9999995827674866
mm_0170417,PubMedBERT,0.0,1.0,sapbert_full_len3,7,7,0,6,False,2,0.863120568566631,0.3074497498641964,C1447749,False,7.0,2.0,"{""C1447749"": 5, ""C1839576"": 2}",0.863120568566631,0.3074497498641964,0.0,C1447749,0.0,7.0,-0.6075767278671265,-0.6357040405273438,-0.7060222029685974,0.36429563164711,0.9999996423721313
mm_0170901,BERT-base,0.0,1.0,sapbert_full_len3,7,7,0,6,False,1,-0.0,-0.0,C1257990,True,7.0,1.0,"{""UMLS:C1257990"": 7}",-0.0,-0.0,0.0,UMLS:C1257990,0.0,7.0,-0.6238878965377808,-0.6238878965377808,-0.6238878965377808,0.3761116862297058,0.9999995827674866
mm_0170901,BioBERT,0.0,1.0,sapbert_full_len3,7,7,0,6,False,1,-0.0,-0.0,C1257990,True,7.0,1.0,"{""UMLS:C1257990"": 7}",-0.0,-0.0,0.0,UMLS:C1257990,0.0,7.0,-0.6238878965377808,-0.6238878965377808,-0.6238878965377808,0.3761116862297058,0.9999995827674866
mm_0170901,BioMistral-7B,0.0,0.9999998211860656,sapbert_full_len3,7,7,0,6,False,2,0.863120568566631,0.3074497498641964,C0051821,False,,,,,,,,,7.0,0.100616931915283,0.0748401028769356,0.0103976726531982,0.9999999744551522,0.9251599311828612
mm_0170901,FLAN-T5-base,0.0,0.9999999403953552,sapbert_full_len3,7,7,0,6,False,1,-0.0,-0.0,C0002395,True,,,,,,,,,7.0,0.0103976130485534,-0.0024120381900242,-0.0120192766189575,0.9281132306371416,0.930525243282318
mm_0170901,Llama3-OpenBioLLM-8B,0.0,0.9069792628288268,sapbert_full_len3,7,7,0,6,False,2,0.9852281360342516,0.3509453429964405,C1427969,False,,,,,,,,,7.0,-0.0003288388252259,-0.0004811031477792,-0.0030514001846313,0.8718940360205514,0.8723750710487366
mm_0170901,Meta-Llama-3-8B-Instruct,0.0,1.0,sapbert_full_len3,7,7,0,6,False,2,0.9852281360342516,0.3509453429964405,C3810577,False,,,,,,,,,7.0,4.76837158203125e-07,0.0184704576219831,4.76837158203125e-07,0.8651889051709857,0.846718430519104
mm_0170901,Mistral-7B-Instruct-v0.1,0.0,1.0,sapbert_full_len3,7,7,0,6,False,2,0.863120568566631,0.3074497498641964,C0051821,False,,,,,,,,,7.0,0.1006171107292175,0.0615272607122148,0.0103976130485534,0.9769390651157924,0.9154118299484252
mm_0170901,PubMedBERT,0.0,1.0,sapbert_full_len3,7,7,0,6,False,1,-0.0,-0.0,C1447749,True,7.0,1.0,"{""C1447749"": 7}",-0.0,-0.0,0.0,C1447749,0.0,7.0,-0.6991868019104004,-0.6991868019104004,-0.6991868019104004,0.3008127808570862,0.9999995827674866
mm_0171131,BERT-base,0.0,1.0,sapbert_full_len3,5,5,0,4,False,1,-0.0,-0.0,C1447749,True,5.0,1.0,"{""C1447749"": 5}",-0.0,-0.0,0.0,C1447749,0.0,5.0,-0.6590126752853394,-0.6590126752853394,-0.6590126752853394,0.3409867584705353,0.9999994039535522
mm_0171131,BioBERT,0.0,1.0,sapbert_full_len3,5,5,0,4,False,1,-0.0,-0.0,C1257990,True,5.0,1.0,"{""UMLS:C1257990"": 5}",-0.0,-0.0,0.0,UMLS:C1257990,0.0,5.0,-0.6292239427566528,-0.6292239427566528,-0.6292239427566528,0.3707754909992218,0.9999994039535522
mm_0171131,BioMistral-7B,0.0,0.6940188407897949,sapbert_full_len3,5,2,3,4,False,1,-0.0,-0.0,C0702221,True,,,,,,,,,2.0,,0.1415818929672241,0.1415818929672241,1.0,0.8584181070327759
mm_0171131,FLAN-T5-base,1.0,1.0000001192092896,sapbert_full_len3,5,5,0,4,False,2,0.9709505944546686,0.4181656600790516,C0702221,False,,,,,,,,,5.0,7.152557373046875e-07,0.0549242734909057,5.364418029785156e-07,0.999999952316284,0.9450756907463074
mm_0171131,Llama3-OpenBioLLM-8B,0.0,0.9999997615814208,sapbert_full_len3,5,5,0,4,False,2,0.9709505944546686,0.4181656600790516,C0037658,False,,,,,,,,,5.0,0.0439636707305907,0.0942901134490966,0.0439636707305907,0.9999998569488524,0.905709743499756
mm_0171131,Meta-Llama-3-8B-Instruct,0.0,0.9999997615814208,sapbert_full_len3,5,5,0,4,False,3,1.521928094887362,0.6554587535412855,C0027901,False,,,,,,,,,5.0,0.0523177981376646,0.0104641318321227,7.152557373046875e-07,1.000000047683716,0.9895359873771667
mm_0171131,Mistral-7B-Instruct-v0.1,0.0,0.9999997615814208,sapbert_full_len3,5,5,0,4,False,2,0.9709505944546686,0.4181656600790516,C2350522,False,,,,,,,,,5.0,0.0523177981376646,0.0643831610679626,0.0523177981376646,0.9999999284744264,0.9356167912483216
mm_0171131,PubMedBERT,0.0,1.0,sapbert_full_len3,5,5,0,4,False,1,-0.0,-0.0,C1447749,True,5.0,1.0,"{""C1447749"": 5}",-0.0,-0.0,0.0,C1447749,0.0,5.0,-0.6590126752853394,-0.6590126752853394,-0.6590126752853394,0.3409867584705353,0.9999994039535522
mm_0171518,BERT-base,0.0,1.0,sapbert_full_len3,5,5,0,4,False,1,-0.0,-0.0,C0016474,True,5.0,1.0,"{""C0016474"": 5}",-0.0,-0.0,0.0,C0016474,0.0,5.0,-0.5928443074226379,-0.5928443074226379,-0.5928443074226379,0.40715527534484863,0.9999996423721313
mm_0171518,BioBERT,0.0,1.0,sapbert_full_len3,5,5,0,4,False,3,1.521928094887362,0.6554587535412855,C1447749,False,5.0,3.0,"{""UMLS:C1707887"": 1, ""C1447749"": 2, ""UMLS:C1257990"": 2}",1.521928094887362,0.6554587535412855,0.0,C1447749,1.0,5.0,-0.6690536737442017,-0.6724798083305359,-0.7496520280838013,0.3275197744369507,0.9999996423721313
mm_0171518,BioMistral-7B,0.0,1.0,sapbert_full_len3,5,5,0,4,False,1,-0.0,-0.0,C0025424,True,,,,,,,,,5.0,0.0488278865814209,0.0488278865814209,0.0488278865814209,1.0,0.9511720538139344
mm_0171518,FLAN-T5-base,0.0,0.9999998807907104,sapbert_full_len3,5,5,0,4,False,1,-0.0,-0.0,C0025424,True,,,,,,,,,5.0,0.0487860441207885,0.0487861394882202,0.0487860441207885,0.999999976158142,0.951213836669922
mm_0171518,Llama3-OpenBioLLM-8B,1.0,1.0,sapbert_full_len3,5,5,0,4,False,1,-0.0,-0.0,C0008115,True,,,,,,,,,5.0,0.176410436630249,0.176410436630249,0.176410436630249,1.0,0.8235895037651062
mm_0171518,Meta-Llama-3-8B-Instruct,1.0,1.0,sapbert_full_len3,5,5,0,4,False,1,-0.0,-0.0,C0008115,True,,,,,,,,,5.0,0.135624349117279,0.135624349117279,0.135624349117279,1.0,0.8643757104873657
mm_0171518,Mistral-7B-Instruct-v0.1,0.0,0.9999998807907104,sapbert_full_len3,5,5,0,4,False,1,-0.0,-0.0,C0025424,True,,,,,,,,,5.0,0.0488277673721313,0.0488277673721313,0.0488277673721313,0.9999998807907104,0.9511720538139344
mm_0171518,PubMedBERT,0.0,1.0,sapbert_full_len3,5,5,0,4,False,2,0.9709505944546686,0.4181656600790516,C1447749,False,5.0,2.0,"{""C1447749"": 3, ""C1839576"": 2}",0.9709505944546686,0.4181656600790516,0.0,C1447749,0.0,5.0,-0.5970206260681152,-0.5882350206375122,-0.5970206260681152,0.411764532327652,0.9999996423721313
mm_0171649,BERT-base,0.0,1.0,sapbert_full_len3,7,7,0,6,False,2,0.9852281360342516,0.3509453429964405,C2347609,False,7.0,2.0,"{""UMLS:C2347609"": 4, ""C0752170"": 3}",0.9852281360342516,0.3509453429964405,0.0,UMLS:C2347609,0.0,7.0,-0.5208936929702759,-0.4992399513721466,-0.5208936929702759,0.400320440530777,0.8995603919029236
mm_0171649,BioBERT,0.0,1.0,sapbert_full_len3,7,7,0,6,False,2,0.9852281360342516,0.3509453429964405,C1257990,False,7.0,2.0,"{""UMLS:C1707887"": 3, ""UMLS:C1257990"": 4}",0.9852281360342516,0.3509453429964405,0.0,UMLS:C1257990,0.0,7.0,-0.5869283080101013,-0.5889934301376343,-0.5905422568321228,0.3105669617652893,0.8995603919029236
mm_0171649,BioMistral-7B,0.0,0.7735243439674377,sapbert_full_len3,7,7,0,6,False,2,0.5916727785823275,0.2107580961471984,C2717955,False,,,,,,,,,7.0,0.0181174874305725,0.0081554991858346,-0.0076690912246704,0.7793360097067696,0.7711805105209351
mm_0171649,FLAN-T5-base,0.0,0.899573564529419,sapbert_full_len3,7,7,0,6,False,1,-0.0,-0.0,C0450377,True,,,,,,,,,7.0,0.0691348910331726,0.0691404087202889,0.0691348910331726,0.8995790822165353,0.8304386734962463
mm_0171649,Llama3-OpenBioLLM-8B,0.0,0.7735243439674377,sapbert_full_len3,7,7,0,6,False,3,1.3787834934861751,0.4911325898456825,C0080089,False,,,,,,,,,7.0,0.0181174874305725,-0.0042923859187534,-0.0404667258262634,0.7534957698413304,0.7577881813049316
mm_0171649,Meta-Llama-3-8B-Instruct,0.0,0.9899885654449464,sapbert_full_len3,7,7,0,6,False,1,-0.0,-0.0,C6024506,True,,,,,,,,,,,,,,
mm_0171649,Mistral-7B-Instruct-v0.1,0.0,0.7734881639480591,sapbert_full_len3,7,7,0,6,False,2,0.5916727785823275,0.2107580961471984,C2717955,False,,,,,,,,,7.0,0.0180813074111938,0.002324742930276,-0.040427029132843,0.7762718370982579,0.7739471197128296
mm_0171649,PubMedBERT,0.0,1.0,sapbert_full_len3,7,7,0,6,False,1,-0.0,-0.0,C1447749,True,7.0,1.0,"{""C1447749"": 7}",-0.0,-0.0,0.0,C1447749,0.0,7.0,-0.49441373348236084,-0.49441370368003845,-0.49441373348236084,0.40514665842056274,0.8995603919029236
mm_0171666,BERT-base,0.0,1.0,sapbert_full_len3,8,8,0,7,False,2,1.0,0.3333333333333333,C1257990,False,8.0,2.0,"{""UMLS:C1257990"": 4, ""C1447749"": 4}",1.0,0.3333333333333333,0.0,UMLS:C1257990,0.0,8.0,-0.7694785594940186,-0.6830441951751709,-0.7694785594940186,0.3169550895690918,0.9999992847442627
mm_0171666,BioBERT,0.0,1.0,sapbert_full_len3,8,8,0,7,False,3,1.5,0.5,C0038436,False,8.0,3.0,"{""C1839576"": 2, ""C0038436"": 4, ""C0265267"": 2}",1.5,0.5,0.0,C0038436,1.0,8.0,-0.6605178117752075,-0.644761323928833,-0.6605178117752075,0.3552379608154297,0.9999992847442627
mm_0171666,BioMistral-7B,0.0,0.9999998807907104,sapbert_full_len3,8,8,0,7,False,1,-0.0,-0.0,C0019693,True,,,,,,,,,8.0,5.960464477539062e-07,5.960464477539062e-07,5.960464477539062e-07,0.9999998807907104,0.9999992847442628
mm_0171666,FLAN-T5-base,0.0,0.999999701976776,sapbert_full_len3,8,8,0,7,False,1,-0.0,-0.0,C0002940,True,,,,,,,,,8.0,0.0450348258018492,0.045035034418106,0.0450348258018492,0.9999999105930328,0.9549648761749268
mm_0171666,Llama3-OpenBioLLM-8B,0.0,0.9999997615814208,sapbert_full_len3,8,8,0,7,False,2,1.0,0.3333333333333333,C4476937,False,,,,,,,,,8.0,0.0572224855422972,0.0373630449175834,5.960464477539062e-07,0.9999999180436134,0.9626368284225464
mm_0171666,Meta-Llama-3-8B-Instruct,0.0,1.0,sapbert_full_len3,8,8,0,7,False,1,-0.0,-0.0,C0019693,True,,,,,,,,,8.0,0.1676217317581176,0.1488351821899414,0.0924755334854126,1.0,0.8511648178100586
mm_0171666,Mistral-7B-Instruct-v0.1,0.0,0.9999998807907104,sapbert_full_len3,8,8,0,7,False,1,-0.0,-0.0,C0019693,True,,,,,,,,,8.0,5.960464477539062e-07,5.960464477539062e-07,5.960464477539062e-07,0.9999998807907104,0.9999992847442628
mm_0171666,PubMedBERT,0.0,1.0,sapbert_full_len3,8,8,0,7,False,1,-0.0,-0.0,C1839576,True,8.0,1.0,"{""C1839576"": 8}",-0.0,-0.0,0.0,C1839576,0.0,8.0,-0.6605178117752075,-0.6605178117752075,-0.6605178117752075,0.3394814729690552,0.9999992847442627
mm_0171783,BERT-base,0.0,1.0,sapbert_full_len3,6,6,0,5,False,1,-0.0,-0.0,C1312419,True,6.0,1.0,"{""C1312419"": 6}",-0.0,-0.0,0.0,C1312419,0.0,6.0,-0.6594882011413574,-0.6594882011413574,-0.6594882011413574,0.3405114710330963,0.9999997019767761
mm_0171783,BioBERT,0.0,1.0,sapbert_full_len3,6,6,0,5,False,3,1.4591479170272446,0.5644754678724235,C0013728,False,6.0,3.0,"{""C0013728"": 3, ""C0050795"": 1, ""UMLS:C1257990"": 2}",1.4591479170272446,0.5644754678724235,0.0,C0013728,1.0,6.0,-0.7173333168029785,-0.7266738414764404,-0.7680944204330444,0.2733258903026581,0.9999997019767761
mm_0171783,BioMistral-7B,1.0,1.0,sapbert_full_len3,6,6,0,5,False,1,-0.0,-0.0,C0036485,True,,,,,,,,,6.0,0.0898367166519165,0.1313359538714091,0.0898367166519165,1.0,0.868664026260376
mm_0171783,FLAN-T5-base,1.0,1.0,sapbert_full_len3,6,6,0,5,False,3,1.4591479170272446,0.5644754678724235,C0036485,False,,,,,,,,,6.0,0.0689263939857482,0.1137818296750386,4.172325134277344e-07,0.999999980131785,0.8862181305885315
mm_0171783,Llama3-OpenBioLLM-8B,1.0,1.0,sapbert_full_len3,6,6,0,5,False,2,0.9182958340544896,0.355245321275764,C0036485,False,,,,,,,,,6.0,0.0255548357963562,0.1346747378508249,0.0255548357963562,0.9999999602635702,0.8653252124786377
mm_0171783,Meta-Llama-3-8B-Instruct,1.0,1.0,sapbert_full_len3,6,6,0,5,False,1,-0.0,-0.0,C0036485,True,,,,,,,,,6.0,0.1165030002593994,0.1261009176572164,0.0328957438468933,1.0,0.8738991618156433
mm_0171783,Mistral-7B-Instruct-v0.1,1.0,1.0,sapbert_full_len3,6,6,0,5,False,2,0.6500224216483541,0.2514629985800606,C0036485,False,,,,,,,,,6.0,0.163283109664917,0.172651727994283,0.0898367166519165,0.9999999701976776,0.8273482322692871
mm_0171783,PubMedBERT,0.0,1.0,sapbert_full_len3,6,6,0,5,False,2,0.9182958340544896,0.355245321275764,C1839576,False,6.0,2.0,"{""C1839576"": 4, ""C1447749"": 2}",0.9182958340544896,0.355245321275764,0.0,C1839576,0.0,6.0,-0.7510762214660645,-0.7247236371040344,-0.7510762214660645,0.2752760648727417,0.9999997019767761
mm_0172661,BERT-base,0.0,1.0,sapbert_full_len3,7,7,0,6,False,1,-0.0,-0.0,C1257990,True,7.0,1.0,"{""UMLS:C1257990"": 7}",-0.0,-0.0,0.0,UMLS:C1257990,0.0,7.0,-0.43986445665359497,-0.43986445665359497,-0.43986445665359497,0.38905245065689087,0.8289169073104858
mm_0172661,BioBERT,0.0,1.0,sapbert_full_len3,7,7,0,6,False,1,-0.0,-0.0,C1431322,True,7.0,1.0,"{""C1431322"": 7}",-0.0,-0.0,0.0,C1431322,0.0,7.0,-0.3104274272918701,-0.3104274272918701,-0.3104274272918701,0.5184894800186157,0.8289169073104858
mm_0172661,BioMistral-7B,0.0,0.9999998807907104,sapbert_full_len3,7,7,0,6,False,1,-0.0,-0.0,C0858617,True,,,,,,,,,7.0,4.172325134277344e-07,4.683222089494978e-07,4.172325134277344e-07,0.999999931880406,0.999999463558197
mm_0172661,FLAN-T5-base,0.0,0.9999998807907104,sapbert_full_len3,7,7,0,6,False,1,-0.0,-0.0,C0858617,True,,,,,,,,,7.0,4.172325134277344e-07,-0.0023945484842572,-0.0083820819854736,0.9447959320885796,0.9471904635429382
mm_0172661,Llama3-OpenBioLLM-8B,0.0,0.8067418932914734,sapbert_full_len3,7,7,0,6,False,2,0.5916727785823275,0.2107580961471984,C0858617,False,,,,,,,,,7.0,-0.0084261298179626,-0.0003741894449506,-0.0084261298179626,0.831854624407632,0.8322287201881409
mm_0172661,Meta-Llama-3-8B-Instruct,0.0,0.9783130884170532,sapbert_full_len3,7,7,0,6,False,1,-0.0,-0.0,C0566602,True,,,,,,,,,7.0,0.0638267397880554,0.0638267397880554,0.0638267397880554,0.9783130884170532,0.9144863486289978
mm_0172661,Mistral-7B-Instruct-v0.1,0.0,0.8067859411239624,sapbert_full_len3,7,7,0,6,False,1,-0.0,-0.0,C0858617,True,,,,,,,,,7.0,-0.0083820819854736,-0.0083820819854736,-0.0083820819854736,0.8067859411239624,0.8151679635047913
mm_0172661,PubMedBERT,0.0,1.0,sapbert_full_len3,7,7,0,6,False,2,0.863120568566631,0.3074497498641964,C1839576,False,7.0,2.0,"{""C1839576"": 5, ""C1447749"": 2}",0.863120568566631,0.3074497498641964,0.0,C1839576,0.0,7.0,-0.44607481360435486,-0.4283570945262909,-0.44607481360435486,0.40055981278419495,0.8289169073104858
mm_0173765,BERT-base,0.0,1.0,sapbert_full_len3,5,5,0,4,False,2,0.7219280948873623,0.3109175070825711,C0032521,False,5.0,2.0,"{""UMLS:C0032521"": 4, ""C0016474"": 1}",0.7219280948873623,0.3109175070825711,0.0,UMLS:C0032521,0.0,5.0,-0.5916049480438232,-0.6041387915611267,-0.6542742252349854,0.39586105942726135,0.9999998807907104
mm_0173765,BioBERT,0.0,1.0,sapbert_full_len3,5,5,0,4,False,1,-0.0,-0.0,C0032521,True,5.0,1.0,"{""UMLS:C0032521"": 5}",-0.0,-0.0,0.0,UMLS:C0032521,0.0,5.0,-0.5916049480438232,-0.5916049480438232,-0.5916049480438232,0.4083949029445648,0.9999998807907104
mm_0173765,BioMistral-7B,0.0,0.9370394945144652,sapbert_full_len3,5,5,0,4,False,1,-0.0,-0.0,C0323309,True,,,,,,,,,5.0,9.322166442859992e-05,9.322166442859992e-05,9.322166442859992e-05,0.9370394945144652,0.9369462728500366
mm_0173765,FLAN-T5-base,0.0,0.9999999403953552,sapbert_full_len3,5,5,0,4,False,3,1.521928094887362,0.6554587535412855,C0323309,False,,,,,,,,,5.0,2.980232238769531e-07,3.933906555175781e-07,2.980232238769531e-07,0.999999976158142,0.9999996423721312
mm_0173765,Llama3-OpenBioLLM-8B,0.0,0.9999997615814208,sapbert_full_len3,5,5,0,4,False,1,-0.0,-0.0,C0981971,True,,,,,,,,,5.0,3.5762786854132145e-07,3.5762786854132145e-07,3.5762786854132145e-07,0.9999997615814208,0.9999994039535522
mm_0173765,Meta-Llama-3-8B-Instruct,0.0,1.0,sapbert_full_len3,5,5,0,4,False,1,-0.0,-0.0,C0005479,True,,,,,,,,,5.0,4.172325134277344e-07,3.695487976074219e-07,3.5762786865234375e-07,0.999999952316284,0.9999996423721312
mm_0173765,Mistral-7B-Instruct-v0.1,0.0,0.9370406866073608,sapbert_full_len3,5,5,0,4,False,2,0.7219280948873623,0.3109175070825711,C0005479,False,,,,,,,,,5.0,9.441375732421876e-05,1.9216537475585936e-05,4.172325134277344e-07,0.987408137321472,0.9873889088630676
mm_0173765,PubMedBERT,0.0,1.0,sapbert_full_len3,5,5,0,4,False,1,-0.0,-0.0,C1447749,True,5.0,1.0,"{""C1447749"": 5}",-0.0,-0.0,0.0,C1447749,0.0,5.0,-0.656866729259491,-0.656866729259491,-0.656866729259491,0.3431331515312195,0.9999998807907104
mm_0174037,BERT-base,0.0,1.0,sapbert_full_len3,5,5,0,4,False,1,-0.0,-0.0,C1312419,True,5.0,1.0,"{""C1312419"": 5}",-0.0,-0.0,0.0,C1312419,0.0,5.0,-0.6393042206764221,-0.6393042206764221,-0.6393042206764221,0.3606951832771301,0.9999994039535522
mm_0174037,BioBERT,0.0,1.0,sapbert_full_len3,5,5,0,4,False,1,-0.0,-0.0,C0008354,True,5.0,1.0,"{""C0008354"": 5}",-0.0,-0.0,0.0,C0008354,0.0,5.0,-0.08555132150650024,-0.08555132150650024,-0.08555132150650024,0.914448082447052,0.9999994039535522
mm_0174037,BioMistral-7B,1.0,1.0,sapbert_full_len3,5,5,0,4,False,2,0.9709505944546686,0.4181656600790516,C0042629,False,,,,,,,,,5.0,0.0468695759773254,0.0493055939674377,0.0468695759773254,0.999999952316284,0.9506943821907043
mm_0174037,FLAN-T5-base,0.0,1.0,sapbert_full_len3,5,5,0,4,False,3,1.521928094887362,0.6554587535412855,C0008354,False,,,,,,,,,5.0,5.960464477539062e-07,0.0570838212966918,4.76837158203125e-07,0.9999998927116394,0.9429160952568054
mm_0174037,Llama3-OpenBioLLM-8B,0.0,0.9999998807907104,sapbert_full_len3,5,5,0,4,False,2,0.9709505944546686,0.4181656600790516,C0008018,False,,,,,,,,,5.0,0.0529596209526062,0.0505235314369201,0.046869397163391,0.9999998569488524,0.9494763612747192
mm_0174037,Meta-Llama-3-8B-Instruct,0.0,1.0,sapbert_full_len3,5,5,0,4,False,2,0.9709505944546686,0.4181656600790516,C0085672,False,,,,,,,,,5.0,4.172325134277344e-07,0.0211840987205505,4.172325134277344e-07,0.999999952316284,0.9788158535957336
mm_0174037,Mistral-7B-Instruct-v0.1,0.0,0.9999998807907104,sapbert_full_len3,5,5,0,4,False,2,0.7219280948873623,0.3109175070825711,C0008354,False,,,,,,,,,5.0,4.76837158203125e-07,0.0093742609024047,4.76837158203125e-07,0.9999998688697816,0.9906256794929504
mm_0174037,PubMedBERT,0.0,1.0,sapbert_full_len3,5,5,0,4,False,1,-0.0,-0.0,C1447749,True,5.0,1.0,"{""C1447749"": 5}",-0.0,-0.0,0.0,C1447749,0.0,5.0,-0.6697633266448975,-0.6697633266448975,-0.6697633266448975,0.3302361071109772,0.9999994039535522
mm_0174527,BERT-base,0.0,1.0,sapbert_full_len3,7,7,0,6,False,1,-0.0,-0.0,C1447749,True,7.0,1.0,"{""C1447749"": 7}",-0.0,-0.0,0.0,C1447749,0.0,7.0,-0.6549828052520752,-0.65498286485672,-0.6549828052520752,0.34501680731773376,0.9999996423721313
mm_0174527,BioBERT,0.0,1.0,sapbert_full_len3,7,7,0,6,False,2,0.863120568566631,0.3074497498641964,C0021665,False,7.0,2.0,"{""C0021665"": 5, ""C1431322"": 2}",0.863120568566631,0.3074497498641964,0.0,C0021665,0.0,7.0,-0.29736530780792236,-0.3866417109966278,-0.6098327040672302,0.6133579611778259,0.9999996423721313
mm_0174527,BioMistral-7B,1.0,1.0,sapbert_full_len3,7,7,0,6,False,2,0.9852281360342516,0.3509453429964405,C0018284,False,,,,,,,,,7.0,0.129834234714508,0.0881963797977992,1.788139343261719e-07,0.9999999829701016,0.911803662776947
mm_0174527,FLAN-T5-base,0.0,0.9999997615814208,sapbert_full_len3,7,7,0,6,False,1,-0.0,-0.0,C0525045,True,,,,,,,,,7.0,0.0763313770294188,0.0763313770294188,0.0763313770294188,0.9999997615814208,0.923668384552002
mm_0174527,Llama3-OpenBioLLM-8B,1.0,0.9999997615814208,sapbert_full_len3,7,7,0,6,False,1,-0.0,-0.0,C0018284,True,,,,,,,,,7.0,0.0087312459945677,0.0433320999145507,0.0087312459945677,0.9999998297010148,0.9566677808761596
mm_0174527,Meta-Llama-3-8B-Instruct,1.0,1.0,sapbert_full_len3,7,7,0,6,False,1,-0.0,-0.0,C0018284,True,,,,,,,,,7.0,0.129834234714508,0.129834234714508,0.129834234714508,1.0,0.8701657652854919
mm_0174527,Mistral-7B-Instruct-v0.1,1.0,1.0,sapbert_full_len3,7,7,0,6,False,1,-0.0,-0.0,C0018284,True,,,,,,,,,7.0,0.129834234714508,0.0952334318842206,0.0087314248085021,0.9999999829701016,0.90476655960083
mm_0174527,PubMedBERT,0.0,1.0,sapbert_full_len3,7,7,0,6,False,1,-0.0,-0.0,C1431322,True,7.0,1.0,"{""C1431322"": 7}",-0.0,-0.0,0.0,C1431322,0.0,7.0,-0.6098327040672302,-0.6098327040672302,-0.6098327040672302,0.3901669383049011,0.9999996423721313
mm_0174783,BERT-base,0.0,1.0,sapbert_full_len3,7,7,0,6,False,1,-0.0,-0.0,C1257990,True,7.0,1.0,"{""UMLS:C1257990"": 7}",-0.0,-0.0,0.0,UMLS:C1257990,0.0,7.0,-0.7164613008499146,-0.7164613008499146,-0.7164613008499146,0.2835383415222168,0.9999996423721313
mm_0174783,BioBERT,0.0,1.0,sapbert_full_len3,7,7,0,6,False,1,-0.0,-0.0,C1257990,True,7.0,1.0,"{""UMLS:C1257990"": 7}",-0.0,-0.0,0.0,UMLS:C1257990,0.0,7.0,-0.7164613008499146,-0.7164613008499146,-0.7164613008499146,0.2835383415222168,0.9999996423721313
mm_0174783,BioMistral-7B,0.0,0.9999998211860656,sapbert_full_len3,7,7,0,6,False,1,-0.0,-0.0,C0085215,True,,,,,,,,,7.0,2.980232237659308e-07,4.002026149046196e-07,2.980232237659308e-07,0.9999999233654568,0.9999995231628418
mm_0174783,FLAN-T5-base,0.0,0.9999998211860656,sapbert_full_len3,7,7,0,6,False,2,0.863120568566631,0.3074497498641964,C0085215,False,,,,,,,,,7.0,3.5762786854132145e-07,3.150531222731853e-07,2.980232237659308e-07,0.9999998211860656,0.9999995231628418
mm_0174783,Llama3-OpenBioLLM-8B,1.0,1.0,sapbert_full_len3,7,7,0,6,False,2,0.863120568566631,0.3074497498641964,C1420450,False,,,,,,,,,7.0,0.0489083528518676,0.027947791985103,1.7881393421514957e-07,0.9999998893056598,0.9720521569252014
mm_0174783,Meta-Llama-3-8B-Instruct,0.0,1.0,sapbert_full_len3,7,7,0,6,False,3,1.3787834934861751,0.4911325898456825,C1420450,False,,,,,,,,,7.0,0.0795869827270507,0.0480611409459795,4.172325134277344e-07,0.9999999914850508,0.9519387483596802
mm_0174783,Mistral-7B-Instruct-v0.1,1.0,1.0,sapbert_full_len3,7,7,0,6,False,1,-0.0,-0.0,C1420450,True,,,,,,,,,7.0,0.0175645351409912,0.0175645351409912,0.0175645351409912,1.0,0.9824353456497192
mm_0174783,PubMedBERT,0.0,1.0,sapbert_full_len3,7,7,0,6,False,1,-0.0,-0.0,C1839576,True,7.0,1.0,"{""C1839576"": 7}",-0.0,-0.0,0.0,C1839576,0.0,7.0,-0.5966840982437134,-0.5966840982437134,-0.5966840982437134,0.40331554412841797,0.9999996423721313
mm_0175215,BERT-base,0.0,1.0,sapbert_full_len3,7,7,0,6,False,1,-0.0,-0.0,C0242193,True,7.0,1.0,"{""UMLS:C0242193"": 7}",-0.0,-0.0,0.0,UMLS:C0242193,0.0,7.0,-0.4403390884399414,-0.4403390884399414,-0.4403390884399414,0.5309712886810303,0.9713103175163269
mm_0175215,BioBERT,0.0,1.0,sapbert_full_len3,7,7,0,6,False,1,-0.0,-0.0,C1707887,True,7.0,1.0,"{""UMLS:C1707887"": 7}",-0.0,-0.0,0.0,UMLS:C1707887,0.0,7.0,-0.5764240622520447,-0.5764240622520447,-0.5764240622520447,0.394886314868927,0.9713103175163269
mm_0175215,BioMistral-7B,0.0,0.9999997615814208,sapbert_full_len3,7,7,0,6,False,2,0.863120568566631,0.3074497498641964,C0946267,False,,,,,,,,,7.0,0.0875260233879088,0.0821987645966665,0.0688806176185606,0.9999997275216238,0.9178009629249572
mm_0175215,FLAN-T5-base,0.0,0.9999999403953552,sapbert_full_len3,7,7,0,6,False,2,0.863120568566631,0.3074497498641964,C0946267,False,,,,,,,,,7.0,0.0875262022018432,0.0499907732009888,-0.0438477993011473,0.9782872796058656,0.9282965660095216
mm_0175215,Llama3-OpenBioLLM-8B,0.0,0.8024208545684814,sapbert_full_len3,7,7,0,6,False,3,1.5566567074628228,0.5544923070581674,C1425385,False,,,,,,,,,7.0,-0.0001722574234008,0.0251556294304983,-0.0045765042304992,0.8509490830557687,0.8257933855056763
mm_0175215,Meta-Llama-3-8B-Instruct,0.0,1.0,sapbert_full_len3,7,7,0,6,False,2,0.863120568566631,0.3074497498641964,C0030193,False,,,,,,,,,7.0,5.364418029785156e-07,0.012455335685185,-0.0439330339431761,0.9782628672463554,0.965807557106018
mm_0175215,Mistral-7B-Instruct-v0.1,0.0,0.9999999403953552,sapbert_full_len3,7,7,0,6,False,2,0.863120568566631,0.3074497498641964,C0946267,False,,,,,,,,,7.0,0.0875262022018432,0.0617719207491192,-0.0026135444641113,0.963827908039093,0.9020560383796692
mm_0175215,PubMedBERT,0.0,1.0,sapbert_full_len3,7,7,0,6,False,3,1.5566567074628228,0.5544923070581674,C1447749,False,7.0,3.0,"{""C1447749"": 3, ""UMLS:C0681906"": 2, ""C1431322"": 2}",1.5566567074628228,0.5544923070581674,0.0,C1447749,1.0,7.0,-0.6204692125320435,-0.5892359018325806,-0.6204692125320435,0.38207441568374634,0.9713103175163269
mm_0175242,BERT-base,0.0,1.0,sapbert_full_len3,5,5,0,4,False,1,-0.0,-0.0,C1447749,True,5.0,1.0,"{""C1447749"": 5}",-0.0,-0.0,0.0,C1447749,0.0,5.0,-0.5545268654823303,-0.5545268654823303,-0.5545268654823303,0.4113764762878418,0.9659034013748169
mm_0175242,BioBERT,0.0,1.0,sapbert_full_len3,5,5,0,4,False,1,-0.0,-0.0,C0050795,True,5.0,1.0,"{""C0050795"": 5}",-0.0,-0.0,0.0,C0050795,0.0,5.0,-0.6435046792030334,-0.6435046792030334,-0.6435046792030334,0.32239866256713867,0.9659034013748169
mm_0175242,BioMistral-7B,1.0,0.9999998807907104,sapbert_full_len3,5,5,0,4,False,2,0.9709505944546686,0.4181656600790516,C0028128,False,,,,,,,,,5.0,0.0768229365348815,0.0765272736549377,0.0760837793350219,0.986358904838562,0.9098316431045532
mm_0175242,FLAN-T5-base,0.0,1.0,sapbert_full_len3,5,5,0,4,False,2,0.9709505944546686,0.4181656600790516,C0669365,False,,,,,,,,,5.0,2.980232238769531e-07,0.0209708333015441,2.980232238769531e-07,1.0,0.9790291786193848
mm_0175242,Llama3-OpenBioLLM-8B,0.0,0.9999999403953552,sapbert_full_len3,5,5,0,4,False,2,0.9709505944546686,0.4181656600790516,C0037083,False,,,,,,,,,5.0,4.76837158203125e-07,0.0271782875061034,4.172325134277344e-07,0.9999998688697816,0.9728215932846068
mm_0175242,Meta-Llama-3-8B-Instruct,1.0,0.9772871136665344,sapbert_full_len3,5,5,0,4,False,3,1.521928094887362,0.6554587535412855,C0028128,False,,,,,,,,,5.0,0.0785021185874939,0.0588180303573607,0.0349149107933043,0.9660085678100586,0.9071905016899108
mm_0175242,Mistral-7B-Instruct-v0.1,1.0,0.9999997615814208,sapbert_full_len3,5,5,0,4,False,1,-0.0,-0.0,C0028128,True,,,,,,,,,5.0,0.0768228173255919,0.0768228173255919,0.0768228173255919,0.9999997615814208,0.9231769442558287
mm_0175242,PubMedBERT,0.0,1.0,sapbert_full_len3,5,5,0,4,False,2,0.7219280948873623,0.3109175070825711,C1447749,False,5.0,2.0,"{""C1447749"": 4, ""C1370369"": 1}",0.7219280948873623,0.3109175070825711,0.0,C1447749,0.0,5.0,-0.5545268654823303,-0.5457199811935425,-0.5545268654823303,0.42018336057662964,0.9659034013748169
mm_0175769,BERT-base,0.0,1.0,sapbert_full_len3,6,6,0,5,False,2,0.9182958340544896,0.355245321275764,C0001623,False,6.0,2.0,"{""C4277667"": 2, ""C0001623"": 4}",0.9182958340544896,0.355245321275764,0.0,C0001623,0.0,6.0,-0.574509859085083,-0.6529083847999573,-0.692107617855072,0.34709110856056213,0.999999463558197
mm_0175769,BioBERT,0.0,1.0,sapbert_full_len3,6,6,0,5,False,3,1.584962500721156,0.6131471927654584,C0027609,False,6.0,3.0,"{""C0027609"": 2, ""C0265267"": 2, ""UMLS:C1707887"": 2}",1.584962500721156,0.6131471927654584,0.0,C0027609,1.0,6.0,-0.6835408210754395,-0.6657710671424866,-0.704418420791626,0.33422839641571045,0.999999463558197
mm_0175769,BioMistral-7B,1.0,0.845782995223999,sapbert_full_len3,6,6,0,5,False,1,-0.0,-0.0,C0015264,True,,,,,,,,,6.0,0.0060062408447265,0.0813912351926167,0.0060062408447265,0.897188663482666,0.8157975077629089
mm_0175769,FLAN-T5-base,0.0,1.0,sapbert_full_len3,6,6,0,5,False,1,-0.0,-0.0,C4050363,True,,,,,,,,,6.0,5.364418029785156e-07,5.364418029785156e-07,5.364418029785156e-07,1.0,0.999999463558197
mm_0175769,Llama3-OpenBioLLM-8B,1.0,1.0,sapbert_full_len3,6,6,0,5,False,1,-0.0,-0.0,C0015264,True,,,,,,,,,6.0,0.2321612238883972,0.0665781795978546,-0.0990048646926879,0.8703488111495972,0.8037706017494202
mm_0175769,Meta-Llama-3-8B-Instruct,1.0,0.845782995223999,sapbert_full_len3,6,6,0,5,False,1,-0.0,-0.0,C0015264,True,,,,,,,,,6.0,0.0060062408447265,0.0060062408447265,0.0060062408447265,0.845782995223999,0.8397768139839172
mm_0175769,Mistral-7B-Instruct-v0.1,1.0,0.8457520604133606,sapbert_full_len3,6,6,0,5,False,1,-0.0,-0.0,C0015264,True,,,,,,,,,6.0,0.0059753060340881,0.0059753060340881,0.0059753060340881,0.8457520604133606,0.8397768139839172
mm_0175769,PubMedBERT,0.0,1.0,sapbert_full_len3,6,6,0,5,False,2,0.9182958340544896,0.355245321275764,C0681906,False,6.0,2.0,"{""UMLS:C0681906"": 4, ""C1839576"": 2}",0.9182958340544896,0.355245321275764,0.0,UMLS:C0681906,0.0,6.0,-0.6103249788284302,-0.6310106515884399,-0.6723819971084595,0.3689887821674347,0.999999463558197
mm_0176132,BERT-base,0.0,1.0,sapbert_full_len3,7,7,0,6,False,1,-0.0,-0.0,C0242193,True,7.0,1.0,"{""UMLS:C0242193"": 7}",-0.0,-0.0,0.0,UMLS:C0242193,0.0,7.0,-0.6668437123298645,-0.6668437123298645,-0.6668437123298645,0.3331560492515564,0.9999997019767761
mm_0176132,BioBERT,0.0,1.0,sapbert_full_len3,7,7,0,6,False,3,1.5566567074628228,0.5544923070581674,C0008396,False,7.0,3.0,"{""UMLS:C1707887"": 2, ""C0008396"": 3, ""C0265267"": 2}",1.5566567074628228,0.5544923070581674,0.0,C0008396,1.0,7.0,-0.7184098958969116,-0.6766719818115234,-0.7184098958969116,0.32332780957221985,0.9999997019767761
mm_0176132,BioMistral-7B,1.0,1.0,sapbert_full_len3,7,7,0,6,False,2,0.5916727785823275,0.2107580961471984,C0008679,False,,,,,,,,,7.0,0.0903786420822143,0.0887843711035592,0.0841307640075683,1.0,0.911215603351593
mm_0176132,FLAN-T5-base,0.0,0.9999997615814208,sapbert_full_len3,7,7,0,6,False,1,-0.0,-0.0,C0012634,True,,,,,,,,,7.0,0.0436848402023314,0.0436850445611136,0.0436848402023314,0.999999965940203,0.956314980983734
mm_0176132,Llama3-OpenBioLLM-8B,1.0,1.0,sapbert_full_len3,7,7,0,6,False,2,0.863120568566631,0.3074497498641964,C0008679,False,,,,,,,,,7.0,0.0841307640075683,0.0865167294229779,0.0841307640075683,0.999999965940203,0.9134832620620728
mm_0176132,Meta-Llama-3-8B-Instruct,0.0,1.0,sapbert_full_len3,7,7,0,6,False,1,-0.0,-0.0,C4300518,True,,,,,,,,,7.0,0.1272280812263488,0.1272280812263488,0.1272280812263488,1.0,0.8727718591690063
mm_0176132,Mistral-7B-Instruct-v0.1,1.0,1.0,sapbert_full_len3,7,7,0,6,False,2,0.5916727785823275,0.2107580961471984,C0008679,False,,,,,,,,,7.0,0.2018371224403381,0.1571936777659825,0.0916531682014465,0.9999999574252536,0.8428062200546265
mm_0176132,PubMedBERT,0.0,1.0,sapbert_full_len3,7,7,0,6,False,1,-0.0,-0.0,C1839576,True,7.0,1.0,"{""C1839576"": 7}",-0.0,-0.0,0.0,C1839576,0.0,7.0,-0.7749858498573303,-0.7749858498573303,-0.7749858498573303,0.22501392662525177,0.9999997019767761
mm_0176153,BERT-base,0.0,1.0,sapbert_full_len3,7,7,0,6,False,3,1.5566567074628228,0.5544923070581674,C0358514,False,7.0,3.0,"{""UMLS:C0242193"": 2, ""UMLS:C0358514"": 3, ""UMLS:C0444254"": 2}",1.5566567074628228,0.5544923070581674,0.0,UMLS:C0358514,1.0,7.0,-0.5461556911468506,-0.5460758209228516,-0.5705687999725342,0.4072842597961426,0.9533600807189941
mm_0176153,BioBERT,0.0,1.0,sapbert_full_len3,7,7,0,6,False,2,0.5916727785823275,0.2107580961471984,C1257990,False,7.0,2.0,"{""UMLS:C1257990"": 6, ""C1447749"": 1}",0.5916727785823275,0.2107580961471984,0.0,UMLS:C1257990,0.0,7.0,-0.6743834018707275,-0.6582518815994263,-0.6743834018707275,0.29510822892189026,0.9533600807189941
mm_0176153,BioMistral-7B,0.0,0.9999998807907104,sapbert_full_len3,7,7,0,6,False,2,0.9852281360342516,0.3509453429964405,C0038454,False,,,,,,,,,7.0,5.364418029785156e-07,0.0447865298816135,5.364418029785156e-07,0.9999999829701016,0.95521342754364
mm_0176153,FLAN-T5-base,0.0,0.9999998807907104,sapbert_full_len3,7,7,0,6,False,1,-0.0,-0.0,C1419916,True,,,,,,,,,7.0,0.1045009493827819,0.104501051562173,0.1045009493827819,0.9999999829701016,0.8954988718032837
mm_0176153,Llama3-OpenBioLLM-8B,0.0,0.794839084148407,sapbert_full_len3,7,7,0,6,False,3,1.3787834934861751,0.4911325898456825,C2348152,False,,,,,,,,,7.0,-0.05220228433609,-0.0170761006219047,-0.05220228433609,0.9138636929648264,0.930939793586731
mm_0176153,Meta-Llama-3-8B-Instruct,0.0,1.0,sapbert_full_len3,7,7,0,6,False,1,-0.0,-0.0,C1419916,True,,,,,,,,,7.0,0.1045010685920715,0.0860145688056945,-0.0249044299125671,0.9694181850978306,0.8834035992622375
mm_0176153,Mistral-7B-Instruct-v0.1,0.0,1.0,sapbert_full_len3,7,7,0,6,False,2,0.5916727785823275,0.2107580961471984,C1419916,False,,,,,,,,,7.0,0.1045010685920715,0.0490757482392447,-0.0287597775459289,0.8693382143974304,0.8202624320983887
mm_0176153,PubMedBERT,0.0,1.0,sapbert_full_len3,7,7,0,6,False,1,-0.0,-0.0,C0018966,True,7.0,1.0,"{""C0018966"": 7}",-0.0,-0.0,0.0,C0018966,0.0,7.0,-0.49032366275787354,-0.4903236925601959,-0.49032366275787354,0.4630363881587982,0.9533600807189941
mm_0176433,BERT-base,0.0,1.0,sapbert_full_len3,5,5,0,4,False,1,-0.0,-0.0,C1447749,True,5.0,1.0,"{""C1447749"": 5}",-0.0,-0.0,0.0,C1447749,0.0,5.0,-0.620310366153717,-0.620310366153717,-0.620310366153717,0.3796890377998352,0.9999994039535522
mm_0176433,BioBERT,0.0,1.0,sapbert_full_len3,5,5,0,4,False,1,-0.0,-0.0,C1312419,True,5.0,1.0,"{""C1312419"": 5}",-0.0,-0.0,0.0,C1312419,0.0,5.0,-0.6481741666793823,-0.6481741666793823,-0.6481741666793823,0.3518252372741699,0.9999994039535522
mm_0176433,BioMistral-7B,1.0,1.0,sapbert_full_len3,5,5,0,4,False,2,0.9709505944546686,0.4181656600790516,C0005516,False,,,,,,,,,5.0,0.0553866028785705,0.0332321524620056,4.76837158203125e-07,1.000000047683716,0.9667679071426392
mm_0176433,FLAN-T5-base,1.0,1.0,sapbert_full_len3,5,5,0,4,False,1,-0.0,-0.0,C0005516,True,,,,,,,,,5.0,0.0553866028785705,0.052107560634613,0.0471889972686767,1.0,0.9478923678398132
mm_0176433,Llama3-OpenBioLLM-8B,1.0,1.0,sapbert_full_len3,5,5,0,4,False,1,-0.0,-0.0,C0005516,True,,,,,,,,,5.0,0.0553866028785705,0.0412471175193786,0.0200378894805908,1.0,0.9587528109550476
mm_0176433,Meta-Llama-3-8B-Instruct,0.0,0.9999998807907104,sapbert_full_len3,5,5,0,4,False,2,0.9709505944546686,0.4181656600790516,C0008312,False,,,,,,,,,5.0,0.0314139723777771,0.0268635869026184,0.0200378894805908,0.999999976158142,0.973136305809021
mm_0176433,Mistral-7B-Instruct-v0.1,0.0,0.9999998807907104,sapbert_full_len3,5,5,0,4,False,2,0.9709505944546686,0.4181656600790516,C0008312,False,,,,,,,,,5.0,0.0314139723777771,0.0268635392189025,0.0200378894805908,0.9999999284744264,0.973136305809021
mm_0176433,PubMedBERT,0.0,1.0,sapbert_full_len3,5,5,0,4,False,1,-0.0,-0.0,C1447749,True,5.0,1.0,"{""C1447749"": 5}",-0.0,-0.0,0.0,C1447749,0.0,5.0,-0.620310366153717,-0.620310366153717,-0.620310366153717,0.3796890377998352,0.9999994039535522
mm_0176562,BERT-base,0.0,1.0,sapbert_full_len3,6,6,0,5,False,3,1.4591479170272446,0.5644754678724235,C0681906,False,6.0,3.0,"{""UMLS:C0681906"": 3, ""C1447749"": 1, ""UMLS:C0242193"": 2}",1.4591479170272446,0.5644754678724235,0.0,UMLS:C0681906,1.0,6.0,-0.6053834557533264,-0.6399608254432678,-0.6844490170478821,0.3600388467311859,0.9999997019767761
mm_0176562,BioBERT,0.0,1.0,sapbert_full_len3,6,6,0,5,False,3,1.4591479170272446,0.5644754678724235,C1839576,False,6.0,3.0,"{""C1839576"": 3, ""C0027609"": 1, ""UMLS:C0681906"": 2}",1.4591479170272446,0.5644754678724235,0.0,C1839576,1.0,6.0,-0.6259989738464355,-0.6123650670051575,-0.6259989738464355,0.38763460516929626,0.9999997019767761
mm_0176562,BioMistral-7B,0.0,0.9999998211860656,sapbert_full_len3,6,6,0,5,False,1,-0.0,-0.0,C0025353,True,,,,,,,,,6.0,1.7881393421514957e-07,2.781550089333192e-07,1.7881393421514957e-07,0.9999999205271404,0.9999995827674866
mm_0176562,FLAN-T5-base,0.0,0.9999999403953552,sapbert_full_len3,6,6,0,5,False,2,0.9182958340544896,0.355245321275764,C0004936,False,,,,,,,,,6.0,2.980232238769531e-07,2.582867939896853e-07,1.7881393421514957e-07,0.9999999006589254,0.9999995827674866
mm_0176562,Llama3-OpenBioLLM-8B,0.0,0.9999998211860656,sapbert_full_len3,6,6,0,5,False,2,0.9182958340544896,0.355245321275764,C0025353,False,,,,,,,,,6.0,1.7881393421514957e-07,0.0252481897672017,1.7881393421514957e-07,0.9999996423721312,0.9747514724731444
mm_0176562,Meta-Llama-3-8B-Instruct,0.0,0.9999999403953552,sapbert_full_len3,6,6,0,5,False,1,-0.0,-0.0,C0025353,True,,,,,,,,,6.0,2.980232238769531e-07,2.980232238769531e-07,2.980232238769531e-07,0.9999999403953552,0.9999995827674866
mm_0176562,Mistral-7B-Instruct-v0.1,0.0,0.9999999403953552,sapbert_full_len3,6,6,0,5,False,1,-0.0,-0.0,C0025353,True,,,,,,,,,6.0,2.980232238769531e-07,3.377596537272136e-07,2.980232238769531e-07,0.9999999403953552,0.9999995827674866
mm_0176562,PubMedBERT,0.0,1.0,sapbert_full_len3,6,6,0,5,False,1,-0.0,-0.0,C1839576,True,6.0,1.0,"{""C1839576"": 6}",-0.0,-0.0,0.0,C1839576,0.0,6.0,-0.6259989738464355,-0.6259989738464355,-0.6259989738464355,0.3740006983280182,0.9999997019767761
mm_0177411,BERT-base,0.0,1.0,sapbert_full_len3,6,6,0,5,False,2,0.6500224216483541,0.2514629985800606,C1257990,False,6.0,2.0,"{""C0282597"": 1, ""UMLS:C1257990"": 5}",0.6500224216483541,0.2514629985800606,0.0,UMLS:C1257990,0.0,6.0,-0.48889434337615967,-0.5698922872543335,-0.5860918760299683,0.430107444524765,0.9999997615814209
mm_0177411,BioBERT,0.0,1.0,sapbert_full_len3,6,6,0,5,False,2,0.6500224216483541,0.2514629985800606,C1707887,False,6.0,2.0,"{""UMLS:C1707887"": 5, ""C1312419"": 1}",0.6500224216483541,0.2514629985800606,0.0,UMLS:C1707887,0.0,6.0,-0.7593470215797424,-0.7370851635932922,-0.7593470215797424,0.2629145383834839,0.9999997615814209
mm_0177411,BioMistral-7B,1.0,1.0,sapbert_full_len3,6,6,0,5,False,1,-0.0,-0.0,C0026237,True,,,,,,,,,6.0,0.1997180581092834,0.174837052822113,0.0504320263862609,1.0,0.825162947177887
mm_0177411,FLAN-T5-base,0.0,1.0000001192092896,sapbert_full_len3,6,6,0,5,False,2,0.9182958340544896,0.355245321275764,C0026237,False,,,,,,,,,6.0,5.960464477539062e-07,0.1142658789952596,5.960464477539062e-07,1.00000003973643,0.8857340812683105
mm_0177411,Llama3-OpenBioLLM-8B,1.0,1.0,sapbert_full_len3,6,6,0,5,False,2,1.0,0.3868528072345416,C0026237,False,,,,,,,,,6.0,0.0508725643157959,0.0620243350664774,0.0196408629417419,0.9999998807907104,0.9379755854606628
mm_0177411,Meta-Llama-3-8B-Instruct,1.0,1.0,sapbert_full_len3,6,6,0,5,False,1,-0.0,-0.0,C0026237,True,,,,,,,,,6.0,0.0896726250648498,0.0883547067642211,0.0857188701629638,1.0,0.911645233631134
mm_0177411,Mistral-7B-Instruct-v0.1,1.0,1.0,sapbert_full_len3,6,6,0,5,False,1,-0.0,-0.0,C0026237,True,,,,,,,,,6.0,0.0896726250648498,0.0883547067642211,0.0857188701629638,1.0,0.911645233631134
mm_0177411,PubMedBERT,0.0,1.0,sapbert_full_len3,6,6,0,5,False,1,-0.0,-0.0,C1447749,True,6.0,1.0,"{""C1447749"": 6}",-0.0,-0.0,0.0,C1447749,0.0,6.0,-0.5396648049354553,-0.5396648049354553,-0.5396648049354553,0.4603349268436432,0.9999997615814209
mm_0177471,BERT-base,0.0,1.0,sapbert_full_len3,7,7,0,6,False,3,1.448815635725185,0.516078542239789,C1096777,False,7.0,3.0,"{""C1096777"": 3, ""C0282440"": 3, ""C3850091"": 1}",1.448815635725185,0.516078542239789,0.0,C1096777,1.0,7.0,-0.6578702926635742,-0.6339002251625061,-0.6578702926635742,0.36609914898872375,0.9999994039535522
mm_0177471,BioBERT,0.0,1.0,sapbert_full_len3,7,7,0,6,False,1,-0.0,-0.0,C3850091,True,7.0,1.0,"{""C3850091"": 7}",-0.0,-0.0,0.0,C3850091,0.0,7.0,-0.6105108857154846,-0.6105108857154846,-0.6105108857154846,0.3894885182380676,0.9999994039535522
mm_0177471,BioMistral-7B,0.0,0.9999999403953552,sapbert_full_len3,7,7,0,6,False,2,0.9852281360342516,0.3509453429964405,C0456909,False,,,,,,,,,7.0,0.045382797718048,0.0194501110485621,5.960464477539062e-07,0.9999999744551522,0.9805498719215392
mm_0177471,FLAN-T5-base,0.0,0.9999998807907104,sapbert_full_len3,7,7,0,6,False,2,0.9852281360342516,0.3509453429964405,C0456909,False,,,,,,,,,7.0,7.152557373046875e-07,0.0083271690777369,-0.0071367621421813,0.9599960020610264,0.9516687989234924
mm_0177471,Llama3-OpenBioLLM-8B,0.0,1.0,sapbert_full_len3,7,7,0,6,False,1,-0.0,-0.0,C0456909,True,,,,,,,,,7.0,0.0115300416946411,0.0115300416946411,0.0115300416946411,1.0,0.9884700179100036
mm_0177471,Meta-Llama-3-8B-Instruct,0.0,0.9999999403953552,sapbert_full_len3,7,7,0,6,False,5,2.235926350629032,0.7964530359382728,C0599724,False,,,,,,,,,7.0,1.1920928955078125e-07,0.0201494438307625,-0.1373538374900818,0.9753428271838596,0.9551934003829956
mm_0177471,Mistral-7B-Instruct-v0.1,0.0,0.9999999403953552,sapbert_full_len3,7,7,0,6,False,1,-0.0,-0.0,C0008976,True,,,,,,,,,7.0,3.5762786865234375e-07,3.5762786865234375e-07,3.5762786865234375e-07,0.9999999403953552,0.9999995827674866
mm_0177471,PubMedBERT,0.0,1.0,sapbert_full_len3,7,7,0,6,False,1,-0.0,-0.0,C5197817,True,7.0,1.0,"{""C5197817"": 7}",-0.0,-0.0,0.0,C5197817,0.0,7.0,-0.636652946472168,-0.636652946472168,-0.636652946472168,0.3633464276790619,0.9999994039535522
mm_0177777,BERT-base,0.0,1.0,sapbert_full_len3,7,7,0,6,False,1,-0.0,-0.0,C0242193,True,7.0,1.0,"{""UMLS:C0242193"": 7}",-0.0,-0.0,0.0,UMLS:C0242193,0.0,7.0,-0.6064168214797974,-0.6064168214797974,-0.6064168214797974,0.30282798409461975,0.9092448353767395
mm_0177777,BioBERT,0.0,1.0,sapbert_full_len3,7,7,0,6,False,2,0.9852281360342516,0.3509453429964405,C0027609,False,7.0,2.0,"{""C0027609"": 4, ""C1447749"": 3}",0.9852281360342516,0.3509453429964405,0.0,C0027609,0.0,7.0,-0.4957609176635742,-0.5343850255012512,-0.5858837366104126,0.3748598098754883,0.9092448353767395
mm_0177777,BioMistral-7B,0.0,1.0,sapbert_full_len3,7,7,0,6,False,3,1.5566567074628228,0.5544923070581674,C0036916,False,,,,,,,,,7.0,8.940696716308594e-07,0.0335558908326285,8.940696716308594e-07,0.9999999829701016,0.9664440751075744
mm_0177777,FLAN-T5-base,0.0,0.9999998807907104,sapbert_full_len3,7,7,0,6,False,2,0.863120568566631,0.3074497498641964,C0036916,False,,,,,,,,,7.0,0.0757063627243042,0.0749062640326363,0.0671814084053039,0.999999931880406,0.9250936508178712
mm_0177777,Llama3-OpenBioLLM-8B,0.0,1.0,sapbert_full_len3,7,7,0,6,False,2,0.9852281360342516,0.3509453429964405,C0021682,False,,,,,,,,,7.0,0.0502628684043884,0.0603088055338178,0.0502628684043884,0.999999931880406,0.939691126346588
mm_0177777,Meta-Llama-3-8B-Instruct,0.0,0.9999998807907104,sapbert_full_len3,7,7,0,6,False,3,1.3787834934861751,0.4911325898456825,C0021682,False,,,,,,,,,7.0,0.0678432583808898,0.0732600944382803,0.0671814084053039,0.9966720172337123,0.9234119057655334
mm_0177777,Mistral-7B-Instruct-v0.1,0.0,0.9999998807907104,sapbert_full_len3,7,7,0,6,False,3,1.3787834934861751,0.4911325898456825,C0376629,False,,,,,,,,,7.0,0.0502627491950988,0.0426343083381652,-0.0051849484443664,0.9264001590865,0.8837658166885376
mm_0177777,PubMedBERT,0.0,1.0,sapbert_full_len3,7,7,0,6,False,2,0.9852281360342516,0.3509453429964405,C1839576,False,7.0,2.0,"{""C1839576"": 4, ""C1447749"": 3}",0.9852281360342516,0.3509453429964405,0.0,C1839576,0.0,7.0,-0.6111370921134949,-0.600314199924469,-0.6111370921134949,0.30893054604530334,0.9092448353767395
mm_0177855,BERT-base,0.0,1.0,sapbert_full_len3,9,9,0,8,False,1,-0.0,-0.0,C0358514,True,9.0,1.0,"{""UMLS:C0358514"": 9}",-0.0,-0.0,0.0,UMLS:C0358514,0.0,9.0,-0.4847402572631836,-0.4847402572631836,-0.4847402572631836,0.5152589082717896,0.9999991655349731
mm_0177855,BioBERT,0.0,1.0,sapbert_full_len3,9,9,0,8,False,2,0.7642045065086203,0.2410796804848405,C1257990,False,9.0,2.0,"{""UMLS:C1257990"": 7, ""UMLS:C1707887"": 2}",0.7642045065086203,0.2410796804848405,0.0,UMLS:C1257990,0.0,9.0,-0.7670636773109436,-0.7361980676651001,-0.7670636773109436,0.2638011574745178,0.9999991655349731
mm_0177855,BioMistral-7B,1.0,1.0,sapbert_full_len3,9,9,0,8,False,2,0.7642045065086203,0.2410796804848405,C0087130,False,,,,,,,,,9.0,0.1897845268249511,0.1766572925779554,0.1307119727134704,1.0,0.8233426809310913
mm_0177855,FLAN-T5-base,0.0,1.0,sapbert_full_len3,9,9,0,8,False,2,0.5032583347756457,0.1587603285713901,C0087130,False,,,,,,,,,9.0,0.0774502754211425,0.1773029433356391,0.0774502754211425,1.0,0.8226970434188843
mm_0177855,Llama3-OpenBioLLM-8B,1.0,1.0,sapbert_full_len3,9,9,0,8,False,2,0.7642045065086203,0.2410796804848405,C0087130,False,,,,,,,,,9.0,0.1470319628715515,0.1544288727972242,0.0960664749145507,0.9999999735090468,0.8455711007118225
mm_0177855,Meta-Llama-3-8B-Instruct,1.0,1.0,sapbert_full_len3,9,9,0,8,False,1,-0.0,-0.0,C0087130,True,,,,,,,,,9.0,0.1470319628715515,0.1384592784775627,0.1228410601615905,1.0,0.8615407347679138
mm_0177855,Mistral-7B-Instruct-v0.1,1.0,1.0,sapbert_full_len3,9,9,0,8,False,2,0.7642045065086203,0.2410796804848405,C0087130,False,,,,,,,,,9.0,0.1470319628715515,0.1948256691296895,0.130711793899536,0.9999999602635702,0.8051742911338806
mm_0177855,PubMedBERT,0.0,1.0,sapbert_full_len3,9,9,0,8,False,2,0.7642045065086203,0.2410796804848405,C0018966,False,9.0,2.0,"{""C0018966"": 7, ""C1447749"": 2}",0.7642045065086203,0.2410796804848405,0.0,C0018966,0.0,9.0,-0.6824306845664978,-0.6775184273719788,-0.6824306845664978,0.3224807679653168,0.9999991655349731
mm_0178262,BERT-base,0.0,1.0,sapbert_full_len3,9,9,0,8,False,1,-0.0,-0.0,C1257990,True,9.0,1.0,"{""UMLS:C1257990"": 9}",-0.0,-0.0,0.0,UMLS:C1257990,0.0,9.0,-0.7650132775306702,-0.7650132775306702,-0.7650132775306702,0.23498648405075073,0.9999997615814209
mm_0178262,BioBERT,0.0,1.0,sapbert_full_len3,9,9,0,8,False,2,0.9182958340544896,0.2896900821428475,C1257990,False,9.0,2.0,"{""UMLS:C1257990"": 6, ""C1431322"": 3}",0.9182958340544896,0.2896900821428475,0.0,UMLS:C1257990,0.0,9.0,-0.7650132775306702,-0.7190725207328796,-0.7650132775306702,0.28092724084854126,0.9999997615814209
mm_0178262,BioMistral-7B,0.0,0.9999998211860656,sapbert_full_len3,9,9,0,8,False,4,1.8910611120726528,0.5965633607142825,C5235637,False,,,,,,,,,9.0,0.0482419133186339,0.0808067785369025,0.0099983215332031,0.9999999536408318,0.9191932678222656
mm_0178262,FLAN-T5-base,0.0,1.0,sapbert_full_len3,9,9,0,8,False,2,0.7642045065086203,0.2410796804848405,C1313841,False,,,,,,,,,9.0,0.1688381433486938,0.1313184764650132,7.152557373046875e-07,0.9999997615814208,0.8686813116073608
mm_0178262,Llama3-OpenBioLLM-8B,1.0,0.9999998807907104,sapbert_full_len3,9,9,0,8,False,7,2.6416041678685933,0.8333333333333333,C0079613,False,,,,,,,,,9.0,0.0099983215332031,0.0566604667239718,5.960464477539062e-07,1.0000000132454767,0.9433395862579346
mm_0178262,Meta-Llama-3-8B-Instruct,1.0,0.9999999403953552,sapbert_full_len3,9,9,0,8,False,3,1.224394445405986,0.3862534428571301,C0022688,False,,,,,,,,,9.0,1.788139343261719e-07,0.004144549369812,1.788139343261719e-07,0.9999999867545234,0.995855450630188
mm_0178262,Mistral-7B-Instruct-v0.1,0.0,0.9999998211860656,sapbert_full_len3,9,9,0,8,False,4,1.6577427265048887,0.5229596049593027,C5235637,False,,,,,,,,,9.0,0.0482419133186339,0.0497051742341782,3.5762786865234375e-07,0.9999998145633272,0.9502947330474854
mm_0178262,PubMedBERT,0.0,1.0,sapbert_full_len3,9,9,0,8,False,2,0.5032583347756457,0.1587603285713901,C1257990,False,9.0,2.0,"{""UMLS:C1257990"": 8, ""C1431322"": 1}",0.5032583347756457,0.1587603285713901,0.0,UMLS:C1257990,0.0,9.0,-0.7650132775306702,-0.7496997117996216,-0.7650132775306702,0.2503000497817993,0.9999997615814209
mm_0178424,BERT-base,0.0,1.0,sapbert_full_len3,7,7,0,6,False,1,-0.0,-0.0,C3714500,True,7.0,1.0,"{""C3714500"": 7}",-0.0,-0.0,0.0,C3714500,0.0,7.0,-0.648076057434082,-0.648076057434082,-0.648076057434082,0.3519236147403717,0.9999997019767761
mm_0178424,BioBERT,0.0,1.0,sapbert_full_len3,7,7,0,6,False,1,-0.0,-0.0,C2935436,True,7.0,1.0,"{""C2935436"": 7}",-0.0,-0.0,0.0,C2935436,0.0,7.0,-0.5110906362533569,-0.5110906362533569,-0.5110906362533569,0.4889090359210968,0.9999997019767761
mm_0178424,BioMistral-7B,1.0,1.0,sapbert_full_len3,7,7,0,6,False,1,-0.0,-0.0,C1999375,True,,,,,,,,,7.0,0.0332311987876892,0.050300793988364,0.0332311987876892,1.0,0.9496992230415344
mm_0178424,FLAN-T5-base,1.0,1.0,sapbert_full_len3,7,7,0,6,False,2,0.863120568566631,0.3074497498641964,C1999375,False,,,,,,,,,7.0,0.0332311987876892,0.0419875468526567,0.0332311987876892,0.999999965940203,0.9580124020576476
mm_0178424,Llama3-OpenBioLLM-8B,1.0,1.0,sapbert_full_len3,7,7,0,6,False,2,0.863120568566631,0.3074497498641964,C1999375,False,,,,,,,,,7.0,0.1075385808944702,0.1918977669307163,0.1075385808944702,0.9999999489103044,0.8081021904945374
mm_0178424,Meta-Llama-3-8B-Instruct,1.0,1.0,sapbert_full_len3,7,7,0,6,False,3,1.3787834934861751,0.4911325898456825,C1999375,False,,,,,,,,,7.0,0.0323303341865539,0.0410126788275582,0.0323303341865539,0.9999999233654568,0.9589872360229492
mm_0178424,Mistral-7B-Instruct-v0.1,1.0,0.9999998807907104,sapbert_full_len3,7,7,0,6,False,4,1.8423709931771084,0.6562657890890309,C0040053,False,,,,,,,,,7.0,0.0332310795783996,0.0369806630270821,5.364418029785156e-07,0.999999863760812,0.9630192518234252
mm_0178424,PubMedBERT,0.0,1.0,sapbert_full_len3,7,7,0,6,False,2,0.863120568566631,0.3074497498641964,C1839576,False,7.0,2.0,"{""C0015131"": 2, ""C1839576"": 5}",0.863120568566631,0.3074497498641964,0.0,C1839576,0.0,7.0,-0.5882788896560669,-0.6413897275924683,-0.6626340746879578,0.35860997438430786,0.9999997019767761
mm_0178996,BERT-base,0.0,1.0,sapbert_full_len3,7,7,0,6,False,1,-0.0,-0.0,C1257990,True,7.0,1.0,"{""UMLS:C1257990"": 7}",-0.0,-0.0,0.0,UMLS:C1257990,0.0,7.0,-0.7042697072029114,-0.7042697072029114,-0.7042697072029114,0.2809376120567322,0.9852072596549988
mm_0178996,BioBERT,0.0,1.0,sapbert_full_len3,7,7,0,6,False,2,0.863120568566631,0.3074497498641964,C1312419,False,7.0,2.0,"{""C1312419"": 5, ""UMLS:C1257990"": 2}",0.863120568566631,0.3074497498641964,0.0,C1312419,0.0,7.0,-0.6411147117614746,-0.6591590046882629,-0.7042697072029114,0.326048344373703,0.9852072596549988
mm_0178996,BioMistral-7B,0.0,0.7373937368392944,sapbert_full_len3,7,7,0,6,False,1,-0.0,-0.0,C1881413,True,,,,,,,,,7.0,-0.0714868307113647,-0.0714167356491088,-0.0714868307113647,0.7374638319015503,0.8088806867599487
mm_0178996,FLAN-T5-base,0.0,0.9999999403953552,sapbert_full_len3,7,7,0,6,False,2,0.863120568566631,0.3074497498641964,C0344441,False,,,,,,,,,7.0,2.384185791015625e-07,0.0156295980725969,2.384185791015625e-07,0.9438070484570096,0.9281774759292604
mm_0178996,Llama3-OpenBioLLM-8B,0.0,0.7373937368392944,sapbert_full_len3,7,7,0,6,False,1,-0.0,-0.0,C1881413,True,,,,,,,,,7.0,-0.0714868307113647,-0.0714868307113647,-0.0714868307113647,0.7373937368392944,0.8088806867599487
mm_0178996,Meta-Llama-3-8B-Instruct,0.0,0.7374755144119263,sapbert_full_len3,7,7,0,6,False,1,-0.0,-0.0,C1881413,True,,,,,,,,,7.0,-0.0714050531387329,-0.0714050531387329,-0.0714050531387329,0.7374755144119263,0.8088806867599487
mm_0178996,Mistral-7B-Instruct-v0.1,0.0,0.7374755144119263,sapbert_full_len3,7,7,0,6,False,1,-0.0,-0.0,C1881413,True,,,,,,,,,7.0,-0.0714050531387329,-0.0714050531387329,-0.0714050531387329,0.7374755144119263,0.8088806867599487
mm_0178996,PubMedBERT,0.0,1.0,sapbert_full_len3,7,7,0,6,False,1,-0.0,-0.0,C1839576,True,7.0,1.0,"{""C1839576"": 7}",-0.0,-0.0,0.0,C1839576,0.0,7.0,-0.6283697485923767,-0.6283697485923767,-0.6283697485923767,0.35683757066726685,0.9852072596549988
mm_0179114,BERT-base,0.0,1.0,sapbert_full_len3,5,5,0,4,False,1,-0.0,-0.0,C1447749,True,5.0,1.0,"{""C1447749"": 5}",-0.0,-0.0,0.0,C1447749,0.0,5.0,-0.710394024848938,-0.710394024848938,-0.710394024848938,0.28960534930229187,0.9999994039535522
mm_0179114,BioBERT,0.0,1.0,sapbert_full_len3,5,5,0,4,False,1,-0.0,-0.0,C0681906,True,5.0,1.0,"{""UMLS:C0681906"": 5}",-0.0,-0.0,0.0,UMLS:C0681906,0.0,5.0,-0.6664894819259644,-0.6664894819259644,-0.6664894819259644,0.3335098922252655,0.9999994039535522
mm_0179114,BioMistral-7B,0.0,1.0,sapbert_full_len3,5,5,0,4,False,2,0.7219280948873623,0.3109175070825711,C0002020,False,,,,,,,,,5.0,0.0800818800926208,0.0664663672447204,0.0120043158531188,1.0,0.9335336685180664
mm_0179114,FLAN-T5-base,0.0,1.0,sapbert_full_len3,5,5,0,4,False,1,-0.0,-0.0,C0002020,True,,,,,,,,,5.0,0.0800818800926208,0.0800818800926208,0.0800818800926208,1.0,0.919918179512024
mm_0179114,Llama3-OpenBioLLM-8B,0.0,1.0,sapbert_full_len3,5,5,0,4,False,2,0.9709505944546686,0.4181656600790516,C6022365,False,,,,,,,,,5.0,0.0120043158531188,0.0392353415489196,0.0120043158531188,1.0,0.960764706134796
mm_0179114,Meta-Llama-3-8B-Instruct,0.0,1.0,sapbert_full_len3,5,5,0,4,False,1,-0.0,-0.0,C0002020,True,,,,,,,,,5.0,0.0800818800926208,0.0800817847251892,0.0800817608833313,0.9999999046325684,0.919918179512024
mm_0179114,Mistral-7B-Instruct-v0.1,0.0,0.9999998807907104,sapbert_full_len3,5,5,0,4,False,1,-0.0,-0.0,C0002020,True,,,,,,,,,5.0,0.0800817608833313,0.0800817608833313,0.0800817608833313,0.9999998807907104,0.919918179512024
mm_0179114,PubMedBERT,0.0,1.0,sapbert_full_len3,5,5,0,4,False,1,-0.0,-0.0,C0681906,True,5.0,1.0,"{""UMLS:C0681906"": 5}",-0.0,-0.0,0.0,UMLS:C0681906,0.0,5.0,-0.6664894819259644,-0.6664894819259644,-0.6664894819259644,0.3335098922252655,0.9999994039535522
mm_0180560,BERT-base,1.0,1.0,sapbert_full_len3,7,7,0,6,False,1,-0.0,-0.0,C0034394,True,7.0,2.0,"{""C0034394"": 5, ""UMLS:C0034394"": 2}",0.863120568566631,0.3074497498641964,0.2857142857142857,C0034394,0.0,7.0,0.12114036083221436,0.12114036083221436,0.12114036083221436,0.9999995231628418,0.8788591623306274
mm_0180560,BioBERT,0.0,1.0,sapbert_full_len3,7,7,0,6,False,2,0.5916727785823275,0.2107580961471984,C4042892,False,7.0,2.0,"{""C4042892"": 6, ""UMLS:C0034394"": 1}",0.5916727785823275,0.2107580961471984,0.1428571428571428,C4042892,0.0,7.0,-0.15802252292633057,-0.11814211308956146,-0.15802252292633057,0.8645516633987427,0.9826937317848206
mm_0180560,BioMistral-7B,1.0,1.0,sapbert_full_len3,7,7,0,6,False,2,0.5916727785823275,0.2107580961471984,C0034394,False,,,,,,,,,3.0,,0.1350632508595784,0.1042725443840026,0.9999999205271404,0.8649366497993469
mm_0180560,FLAN-T5-base,1.0,0.9999998807907104,sapbert_full_len3,7,7,0,6,False,1,-0.0,-0.0,C0034394,True,,,,,,,,,7.0,0.1042725443840026,0.1042725443840026,0.1042725443840026,0.9999998807907104,0.895727276802063
mm_0180560,Llama3-OpenBioLLM-8B,1.0,1.0,sapbert_full_len3,7,7,0,6,False,3,1.1488348542809166,0.4092232318950598,C0034394,False,,,,,,,,,7.0,0.2354849576950073,0.1307143568992614,5.960464466436832e-08,0.9999999063355582,0.869285523891449
mm_0180560,Meta-Llama-3-8B-Instruct,0.0,0.9999998211860656,sapbert_full_len3,7,7,0,6,False,3,1.5566567074628228,0.5544923070581674,C0242481,False,,,,,,,,,6.0,0.0944060087203978,0.04386834303538,1.1920928955078125e-07,0.9999998807907104,0.956131637096405
mm_0180560,Mistral-7B-Instruct-v0.1,1.0,0.9999998211860656,sapbert_full_len3,7,7,0,6,False,1,-0.0,-0.0,C0034394,True,,,,,,,,,6.0,0.1211406588554381,0.1183294256528218,0.1042725443840026,0.9999999503294628,0.8816705346107483
mm_0180560,PubMedBERT,0.0,1.0,sapbert_full_len3,7,7,0,6,False,2,0.5916727785823275,0.2107580961471984,C0681906,False,7.0,2.0,"{""UMLS:C0681906"": 6, ""C0036669"": 1}",0.5916727785823275,0.2107580961471984,0.0,UMLS:C0681906,0.0,7.0,-0.3804786205291748,-0.4165318012237549,-0.6328508853912354,0.5834677815437317,0.9999995231628418
mm_0180790,BERT-base,1.0,1.0,sapbert_full_len3,7,7,0,6,False,1,-0.0,-0.0,C1257990,True,7.0,1.0,"{""UMLS:C1257990"": 7}",-0.0,-0.0,1.0,UMLS:C1257990,0.0,7.0,-0.04079240560531616,-0.04079240560531616,-0.04079240560531616,0.6487666368484497,0.6895590424537659
mm_0180790,BioBERT,1.0,1.0,sapbert_full_len3,7,7,0,6,False,1,-0.0,-0.0,C1257990,True,7.0,1.0,"{""UMLS:C1257990"": 7}",-0.0,-0.0,1.0,UMLS:C1257990,0.0,7.0,-0.04079240560531616,-0.04079240560531616,-0.04079240560531616,0.6487666368484497,0.6895590424537659
mm_0180790,BioMistral-7B,0.0,0.9947333335876464,sapbert_full_len3,7,7,0,6,False,2,0.863120568566631,0.3074497498641964,C1528322,False,,,,,,,,,7.0,2.938508987415656e-05,2.2198472704126893e-05,4.172325134277344e-07,0.996239185333252,0.996216893196106
mm_0180790,FLAN-T5-base,0.0,1.0,sapbert_full_len3,7,7,0,6,False,3,1.3787834934861751,0.4911325898456825,C0040732,False,,,,,,,,,7.0,6.556510925292969e-07,4.002026148728989e-07,3.5762786854132145e-07,0.9999998893056598,0.999999463558197
mm_0180790,Llama3-OpenBioLLM-8B,0.0,1.0,sapbert_full_len3,7,7,0,6,False,1,-0.0,-0.0,C0017296,True,,,,,,,,,7.0,6.556510925292969e-07,6.556510925292969e-07,6.556510925292969e-07,1.0,0.9999994039535522
mm_0180790,Meta-Llama-3-8B-Instruct,0.0,1.0,sapbert_full_len3,7,7,0,6,False,2,0.9852281360342516,0.3509453429964405,C0038454,False,,,,,,,,,7.0,6.556510925292969e-07,0.0010885255677359,-0.0097554326057434,0.9807778171130588,0.9796892404556274
mm_0180790,Mistral-7B-Instruct-v0.1,0.0,0.9999998211860656,sapbert_full_len3,7,7,0,6,False,2,0.863120568566631,0.3074497498641964,C0040732,False,,,,,,,,,7.0,4.768371580921027e-07,4.4277736110931443e-07,3.5762786865234375e-07,0.9999998552458628,0.999999463558197
mm_0180790,PubMedBERT,1.0,1.0,sapbert_full_len3,7,7,0,6,False,1,-0.0,-0.0,C1257990,True,7.0,1.0,"{""UMLS:C1257990"": 7}",-0.0,-0.0,1.0,UMLS:C1257990,0.0,7.0,-0.04079240560531616,-0.04079240560531616,-0.04079240560531616,0.6487666368484497,0.6895590424537659
mm_0180796,BERT-base,0.0,1.0,sapbert_full_len3,7,7,0,6,False,1,-0.0,-0.0,C1257990,True,7.0,1.0,"{""UMLS:C1257990"": 7}",-0.0,-0.0,0.0,UMLS:C1257990,0.0,7.0,-0.6932980418205261,-0.6932980418205261,-0.6932980418205261,0.3067013621330261,0.9999994039535522
mm_0180796,BioBERT,0.0,1.0,sapbert_full_len3,7,7,0,6,False,1,-0.0,-0.0,C1257990,True,7.0,1.0,"{""UMLS:C1257990"": 7}",-0.0,-0.0,0.0,UMLS:C1257990,0.0,7.0,-0.6932980418205261,-0.6932980418205261,-0.6932980418205261,0.3067013621330261,0.9999994039535522
mm_0180796,BioMistral-7B,0.0,0.9947333335876464,sapbert_full_len3,7,7,0,6,False,2,0.863120568566631,0.3074497498641964,C1528322,False,,,,,,,,,7.0,2.938508987415656e-05,2.2198472704126893e-05,4.172325134277344e-07,0.996239185333252,0.996216893196106
mm_0180796,FLAN-T5-base,0.0,1.0,sapbert_full_len3,7,7,0,6,False,3,1.5566567074628228,0.5544923070581674,C0040732,False,,,,,,,,,7.0,6.556510925292969e-07,4.1723251339601373e-07,3.5762786854132145e-07,0.9999998978206088,0.999999463558197
mm_0180796,Llama3-OpenBioLLM-8B,0.0,0.9999995827674866,sapbert_full_len3,7,7,0,6,False,1,-0.0,-0.0,C0017296,True,,,,,,,,,7.0,2.384185791015625e-07,5.960464477539062e-07,2.384185791015625e-07,0.9999999403953552,0.9999994039535522
mm_0180796,Meta-Llama-3-8B-Instruct,0.0,0.9999998807907104,sapbert_full_len3,7,7,0,6,False,2,0.9852281360342516,0.3509453429964405,C0036537,False,,,,,,,,,7.0,5.364418029785156e-07,0.0240367906434195,5.364418029785156e-07,0.9999999829701016,0.9759632349014282
mm_0180796,Mistral-7B-Instruct-v0.1,0.0,0.9999998211860656,sapbert_full_len3,7,7,0,6,False,2,0.863120568566631,0.3074497498641964,C0040732,False,,,,,,,,,7.0,4.768371580921027e-07,0.0125753198351178,4.768371580921027e-07,0.9999998722757611,0.9874245524406432
mm_0180796,PubMedBERT,0.0,1.0,sapbert_full_len3,7,7,0,6,False,1,-0.0,-0.0,C1257990,True,7.0,1.0,"{""UMLS:C1257990"": 7}",-0.0,-0.0,0.0,UMLS:C1257990,0.0,7.0,-0.6932980418205261,-0.6932980418205261,-0.6932980418205261,0.3067013621330261,0.9999994039535522
mm_0181168,BERT-base,0.0,1.0,sapbert_full_len3,7,7,0,6,False,1,-0.0,-0.0,C0444254,True,7.0,1.0,"{""UMLS:C0444254"": 7}",-0.0,-0.0,0.0,UMLS:C0444254,0.0,7.0,-0.6530820727348328,-0.6530820727348328,-0.6530820727348328,0.3469170033931732,0.9999991059303284
mm_0181168,BioBERT,1.0,1.0,sapbert_full_len3,7,7,0,6,False,1,-0.0,-0.0,C0010362,True,7.0,1.0,"{""UMLS:C0010362"": 7}",-0.0,-0.0,1.0,UMLS:C0010362,0.0,7.0,0.18103474378585815,0.18103472888469696,0.18103474378585815,0.9999987483024597,0.8189640641212463
mm_0181168,BioMistral-7B,0.0,1.0,sapbert_full_len3,7,7,0,6,False,4,1.8423709931771084,0.6562657890890309,C0010362,False,,,,,,,,,7.0,5.960464477539064e-08,0.1045900753566197,5.960464477539064e-08,1.000000034059797,0.8954100012779236
mm_0181168,FLAN-T5-base,0.0,1.0,sapbert_full_len3,7,7,0,6,False,3,1.3787834934861751,0.4911325898456825,C0205653,False,,,,,,,,,7.0,0.0559380650520324,0.0466131057058061,4.76837158203125e-07,1.0,0.9533869028091432
mm_0181168,Llama3-OpenBioLLM-8B,1.0,1.0,sapbert_full_len3,7,7,0,6,False,2,0.9852281360342516,0.3509453429964405,C0033105,False,,,,,,,,,7.0,0.1808674335479736,0.0768827370234898,4.172325134277344e-07,1.0,0.923117220401764
mm_0181168,Meta-Llama-3-8B-Instruct,0.0,1.0,sapbert_full_len3,7,7,0,6,False,2,0.9852281360342516,0.3509453429964405,C0014507,False,,,,,,,,,7.0,0.0810825228691101,0.034749686717987,2.384185791015625e-07,0.999999829701015,0.9652500748634338
mm_0181168,Mistral-7B-Instruct-v0.1,0.0,0.9999998807907104,sapbert_full_len3,7,7,0,6,False,3,1.3787834934861751,0.4911325898456825,C0010362,False,,,,,,,,,7.0,0.0559379458427429,0.1331715328352791,0.0559379458427429,0.999999829701015,0.8668283820152283
mm_0181168,PubMedBERT,0.0,1.0,sapbert_full_len3,7,7,0,6,False,1,-0.0,-0.0,C1839576,True,7.0,1.0,"{""C1839576"": 7}",-0.0,-0.0,0.0,C1839576,0.0,7.0,-0.6642081141471863,-0.6642081141471863,-0.6642081141471863,0.3357909619808197,0.9999991059303284
mm_0181222,BERT-base,0.0,1.0,sapbert_full_len3,4,4,0,3,False,3,1.5,0.75,C1707887,False,4.0,3.0,"{""UMLS:C1283169"": 1, ""UMLS:C1257990"": 1, ""UMLS:C1707887"": 2}",1.5,0.75,0.0,UMLS:C1707887,1.0,4.0,-0.42720741033554077,-0.5741904377937317,-0.6644846200942993,0.42580926418304443,0.9999997019767761
mm_0181222,BioBERT,0.0,1.0,sapbert_full_len3,4,4,0,3,False,3,1.5,0.75,C1447749,False,4.0,3.0,"{""UMLS:C1707887"": 1, ""UMLS:C1257990"": 1, ""C1447749"": 2}",1.5,0.75,0.0,C1447749,1.0,4.0,-0.602534830570221,-0.6113322377204895,-0.6644846200942993,0.3886674642562866,0.9999997019767761
mm_0181222,BioMistral-7B,1.0,1.0,sapbert_full_len3,4,4,0,3,False,2,1.0,0.5,C0442726,False,,,,,,,,,4.0,0.0503441095352172,0.0551731586456298,0.0503441095352172,1.0,0.94482684135437
mm_0181222,FLAN-T5-base,0.0,1.0000001192092896,sapbert_full_len3,4,4,0,3,False,2,0.8112781244591328,0.4056390622295664,C0005516,False,,,,,,,,,4.0,0.0603949427604675,0.0578822344541549,0.0503441095352172,1.0000000894069672,0.9421178698539734
mm_0181222,Llama3-OpenBioLLM-8B,0.0,1.0,sapbert_full_len3,4,4,0,3,False,2,0.8112781244591328,0.4056390622295664,C0005516,False,,,,,,,,,4.0,0.0642531514167785,0.0695855021476745,0.0642531514167785,1.0,0.9304144978523254
mm_0181222,Meta-Llama-3-8B-Instruct,0.0,1.0000001192092896,sapbert_full_len3,4,4,0,3,False,1,-0.0,-0.0,C0005516,True,,,,,,,,,4.0,0.0603949427604675,0.0603948533535003,0.0603948235511779,1.0000000298023224,0.939605176448822
mm_0181222,Mistral-7B-Instruct-v0.1,1.0,1.0,sapbert_full_len3,4,4,0,3,False,3,1.5,0.75,C0025517,False,,,,,,,,,4.0,0.0503441095352172,0.0576858669519424,0.0503441095352172,1.0000000298023224,0.9423141479492188
mm_0181222,PubMedBERT,0.0,1.0,sapbert_full_len3,4,4,0,3,False,2,0.8112781244591328,0.4056390622295664,C1839576,False,4.0,2.0,"{""C1839576"": 3, ""C1447749"": 1}",0.8112781244591328,0.4056390622295664,0.0,C1839576,0.0,4.0,-0.690521240234375,-0.6651796102523804,-0.690521240234375,0.33482009172439575,0.9999997019767761
mm_0181309,BERT-base,0.0,1.0,sapbert_full_len3,7,7,0,6,False,3,1.3787834934861751,0.4911325898456825,C0282597,False,7.0,3.0,"{""C0282597"": 4, ""UMLS:C2350390"": 1, ""UMLS:C1257990"": 2}",1.3787834934861751,0.4911325898456825,0.0,C0282597,0.0,7.0,-0.5789262652397156,-0.6248918175697327,-0.6954174041748047,0.30531829595565796,0.9302101135253906
mm_0181309,BioBERT,0.0,1.0,sapbert_full_len3,7,7,0,6,False,1,-0.0,-0.0,C1707887,True,7.0,1.0,"{""UMLS:C1707887"": 7}",-0.0,-0.0,0.0,UMLS:C1707887,0.0,7.0,-0.5782845616340637,-0.5782845616340637,-0.5782845616340637,0.3519255518913269,0.9302101135253906
mm_0181309,BioMistral-7B,0.0,0.9999998807907104,sapbert_full_len3,7,7,0,6,False,1,-0.0,-0.0,C0600327,True,,,,,,,,,7.0,0.1247349381446838,0.1247349381446838,0.1247349381446838,0.9999998807907104,0.8752650022506714
mm_0181309,FLAN-T5-base,0.0,1.0,sapbert_full_len3,7,7,0,6,False,1,-0.0,-0.0,C0600327,True,,,,,,,,,7.0,0.1247350573539733,0.1247350573539733,0.1247350573539733,1.0,0.8752650022506714
mm_0181309,Llama3-OpenBioLLM-8B,1.0,1.0,sapbert_full_len3,7,7,0,6,False,4,1.8423709931771084,0.6562657890890309,C0014442,False,,,,,,,,,7.0,1.788139343261719e-07,0.0253398248127528,1.788139343261719e-07,0.9770418320383344,0.9517019987106324
mm_0181309,Meta-Llama-3-8B-Instruct,0.0,0.7106391191482544,sapbert_full_len3,7,7,0,6,False,2,0.5916727785823275,0.2107580961471984,C0600327,False,,,,,,,,,7.0,0.014392077922821,0.0056291988917759,-0.0158148407936096,0.7362204704965863,0.7305912375450134
mm_0181309,Mistral-7B-Instruct-v0.1,0.0,1.0,sapbert_full_len3,7,7,0,6,False,2,0.5916727785823275,0.2107580961471984,C0600327,False,,,,,,,,,7.0,0.1247350573539733,0.0749596697943551,0.0086053609848022,0.9283649410520282,0.8534052968025208
mm_0181309,PubMedBERT,0.0,1.0,sapbert_full_len3,7,7,0,6,False,3,1.1488348542809166,0.4092232318950598,C1257990,False,7.0,3.0,"{""UMLS:C1257990"": 5, ""C1447749"": 1, ""C1839576"": 1}",1.1488348542809166,0.4092232318950598,0.0,UMLS:C1257990,0.0,7.0,-0.6954174041748047,-0.6626896858215332,-0.6954174041748047,0.2675204277038574,0.9302101135253906
mm_0181675,BERT-base,0.0,1.0,sapbert_full_len3,7,7,0,6,False,2,0.9852281360342516,0.3509453429964405,C1257990,False,7.0,2.0,"{""UMLS:C1257990"": 4, ""C1447749"": 3}",0.9852281360342516,0.3509453429964405,0.0,UMLS:C1257990,0.0,7.0,-0.6003490090370178,-0.5831379890441895,-0.6003490090370178,0.4168612062931061,0.9999991655349731
mm_0181675,BioBERT,0.0,1.0,sapbert_full_len3,7,7,0,6,False,1,-0.0,-0.0,C1257990,True,7.0,1.0,"{""UMLS:C1257990"": 7}",-0.0,-0.0,0.0,UMLS:C1257990,0.0,7.0,-0.6003490090370178,-0.6003490090370178,-0.6003490090370178,0.3996501564979553,0.9999991655349731
mm_0181675,BioMistral-7B,0.0,0.9999997615814208,sapbert_full_len3,7,7,0,6,False,1,-0.0,-0.0,C1420369,True,,,,,,,,,7.0,5.96046447642884e-07,0.0840887342180524,5.96046447642884e-07,0.999999965940203,0.9159112572669984
mm_0181675,FLAN-T5-base,0.0,1.0,sapbert_full_len3,7,7,0,6,False,1,-0.0,-0.0,C1420369,True,,,,,,,,,7.0,0.1177239418029785,0.1177239418029785,0.1177239418029785,1.0,0.8822760581970215
mm_0181675,Llama3-OpenBioLLM-8B,0.0,0.9999998807907104,sapbert_full_len3,7,7,0,6,False,2,0.863120568566631,0.3074497498641964,C0029419,False,,,,,,,,,7.0,1.1920928955078125e-07,0.0298906905310494,1.1920928955078125e-07,1.0000000510896956,0.9701094031333924
mm_0181675,Meta-Llama-3-8B-Instruct,0.0,0.9999998807907104,sapbert_full_len3,7,7,0,6,False,1,-0.0,-0.0,C0029433,True,,,,,,,,,7.0,0.1278467178344726,0.1278467689241681,0.1278467178344726,0.999999931880406,0.8721532225608826
mm_0181675,Mistral-7B-Instruct-v0.1,0.0,0.9999998807907104,sapbert_full_len3,7,7,0,6,False,1,-0.0,-0.0,C0029433,True,,,,,,,,,7.0,0.1278467178344726,0.1278467178344726,0.1278467178344726,0.9999998807907104,0.8721532225608826
mm_0181675,PubMedBERT,0.0,1.0,sapbert_full_len3,7,7,0,6,False,1,-0.0,-0.0,C1447749,True,7.0,1.0,"{""C1447749"": 7}",-0.0,-0.0,0.0,C1447749,0.0,7.0,-0.560189962387085,-0.560189962387085,-0.560189962387085,0.4398091733455658,0.9999991655349731
mm_0184130,BERT-base,0.0,1.0,sapbert_full_len3,6,6,0,5,False,3,1.4591479170272448,0.5644754678724236,C1257990,False,6.0,3.0,"{""UMLS:C1257990"": 3, ""UMLS:C0358514"": 2, ""UMLS:C0444254"": 1}",1.4591479170272448,0.5644754678724236,0.0,UMLS:C1257990,1.0,6.0,-0.7604475021362305,-0.6520728468894958,-0.7604475021362305,0.3479264974594116,0.9999993443489075
mm_0184130,BioBERT,0.0,1.0,sapbert_full_len3,6,6,0,5,False,1,-0.0,-0.0,C1707887,True,6.0,1.0,"{""UMLS:C1707887"": 6}",-0.0,-0.0,0.0,UMLS:C1707887,0.0,6.0,-0.5671632885932922,-0.5671632885932922,-0.5671632885932922,0.43283605575561523,0.9999993443489075
mm_0184130,BioMistral-7B,0.0,1.0,sapbert_full_len3,6,6,0,5,False,2,0.9182958340544896,0.355245321275764,C0037199,False,,,,,,,,,6.0,0.0773258209228515,0.1179761687914529,0.0773256421089171,0.9999999105930328,0.8820237517356873
mm_0184130,FLAN-T5-base,0.0,1.0,sapbert_full_len3,6,6,0,5,False,2,0.6500224216483541,0.2514629985800606,C1446409,False,,,,,,,,,6.0,0.1252191662788391,0.1427432298660278,4.76837158203125e-07,1.0,0.8572568297386169
mm_0184130,Llama3-OpenBioLLM-8B,0.0,1.0,sapbert_full_len3,6,6,0,5,False,3,1.4591479170272448,0.5644754678724236,C0033105,False,,,,,,,,,6.0,4.76837158203125e-07,0.0208701789379119,2.980232237659308e-07,0.9999999701976776,0.9791297316551208
mm_0184130,Meta-Llama-3-8B-Instruct,0.0,1.0,sapbert_full_len3,6,6,0,5,False,2,1.0,0.3868528072345416,C0033105,False,,,,,,,,,6.0,4.172325134277344e-07,0.0386630296707152,4.172325134277344e-07,0.9999999105930328,0.96133691072464
mm_0184130,Mistral-7B-Instruct-v0.1,0.0,0.9999998211860656,sapbert_full_len3,6,6,0,5,False,2,0.6500224216483541,0.2514629985800606,C0037199,False,,,,,,,,,6.0,0.0773256421089171,0.0947004457314808,0.0773256421089171,0.999999850988388,0.905299425125122
mm_0184130,PubMedBERT,0.0,1.0,sapbert_full_len3,6,6,0,5,False,1,-0.0,-0.0,C1839576,True,6.0,1.0,"{""C1839576"": 6}",-0.0,-0.0,0.0,C1839576,0.0,6.0,-0.7148292064666748,-0.7148292064666748,-0.7148292064666748,0.2851701080799103,0.9999993443489075
mm_0184313,BERT-base,0.0,1.0,sapbert_full_len3,9,9,0,8,False,1,-0.0,-0.0,C0243095,True,9.0,1.0,"{""UMLS:C0243095"": 9}",-0.0,-0.0,0.0,UMLS:C0243095,0.0,9.0,-0.5399554371833801,-0.5399554371833801,-0.5399554371833801,0.46004411578178406,0.9999995827674866
mm_0184313,BioBERT,0.0,1.0,sapbert_full_len3,9,9,0,8,False,1,-0.0,-0.0,C1707887,True,9.0,1.0,"{""UMLS:C1707887"": 9}",-0.0,-0.0,0.0,UMLS:C1707887,0.0,9.0,-0.6086880564689636,-0.6086880564689636,-0.6086880564689636,0.39131152629852295,0.9999995827674866
mm_0184313,BioMistral-7B,0.0,1.0,sapbert_full_len3,9,9,0,8,False,4,1.974937501201927,0.6230234154761809,C4505224,False,,,,,,,,,9.0,0.1873998641967773,0.1514574024412367,0.0809996724128723,1.0,0.8485426306724548
mm_0184313,FLAN-T5-base,0.0,1.0,sapbert_full_len3,9,9,0,8,False,1,-0.0,-0.0,C0233929,True,,,,,,,,,9.0,0.2135941982269287,0.2135941982269287,0.2135941982269287,1.0,0.7864058017730713
mm_0184313,Llama3-OpenBioLLM-8B,0.0,0.9999999403953552,sapbert_full_len3,9,9,0,8,False,2,0.9910760598382222,0.3126496871021503,C2718051,False,,,,,,,,,9.0,0.0639697313308715,0.1315326690673828,0.0639697313308715,0.9999999668863084,0.8684672117233276
mm_0184313,Meta-Llama-3-8B-Instruct,0.0,1.0,sapbert_full_len3,9,9,0,8,False,2,0.9910760598382222,0.3126496871021503,C0233929,False,,,,,,,,,9.0,0.218378484249115,0.1211922301186455,0.0639697909355163,1.0,0.878807783126831
mm_0184313,Mistral-7B-Instruct-v0.1,0.0,1.0,sapbert_full_len3,9,9,0,8,False,2,0.7642045065086203,0.2410796804848405,C0233929,False,,,,,,,,,9.0,0.1259580254554748,0.1491047607527839,0.0639697313308715,0.9999999867545234,0.8508952260017395
mm_0184313,PubMedBERT,0.0,1.0,sapbert_full_len3,9,9,0,8,False,2,0.9182958340544896,0.2896900821428475,C1839576,False,9.0,2.0,"{""C1839576"": 6, ""C1447749"": 3}",0.9182958340544896,0.2896900821428475,0.0,C1839576,0.0,9.0,-0.62180095911026,-0.6321864724159241,-0.652957558631897,0.3678130805492401,0.9999995827674866
mm_0184320,BERT-base,0.0,1.0,sapbert_full_len3,6,6,0,5,False,1,-0.0,-0.0,C0242193,True,6.0,1.0,"{""UMLS:C0242193"": 6}",-0.0,-0.0,0.0,UMLS:C0242193,0.0,6.0,-0.5507349967956543,-0.5507349967956543,-0.5507349967956543,0.4492645263671875,0.9999995231628418
mm_0184320,BioBERT,0.0,1.0,sapbert_full_len3,6,6,0,5,False,3,1.584962500721156,0.6131471927654584,C1868801,False,6.0,3.0,"{""C1868801"": 2, ""C1312419"": 2, ""UMLS:C1707887"": 2}",1.584962500721156,0.6131471927654584,0.0,C1868801,1.0,6.0,-0.6858913898468018,-0.5821337103843689,-0.6858913898468018,0.4178657829761505,0.9999995231628418
mm_0184320,BioMistral-7B,0.0,1.0,sapbert_full_len3,6,6,0,5,False,1,-0.0,-0.0,C0008972,True,,,,,,,,,6.0,0.260222315788269,0.260222315788269,0.260222315788269,1.0,0.7397776246070862
mm_0184320,FLAN-T5-base,0.0,1.0,sapbert_full_len3,6,6,0,5,False,1,-0.0,-0.0,C0008972,True,,,,,,,,,6.0,0.260222315788269,0.260222315788269,0.260222315788269,1.0,0.7397776246070862
mm_0184320,Llama3-OpenBioLLM-8B,0.0,1.0,sapbert_full_len3,6,6,0,5,False,2,1.0,0.3868528072345416,C0008972,False,,,,,,,,,6.0,0.1055378913879394,0.1545847256978353,0.0990463495254516,0.9999999701976776,0.8454151749610901
mm_0184320,Meta-Llama-3-8B-Instruct,0.0,1.0,sapbert_full_len3,6,6,0,5,False,2,0.9182958340544896,0.355245321275764,C0008972,False,,,,,,,,,6.0,0.2020995616912841,0.1368545492490132,0.0152126550674437,0.9999998807907104,0.8631452918052673
mm_0184320,Mistral-7B-Instruct-v0.1,0.0,1.0,sapbert_full_len3,6,6,0,5,False,1,-0.0,-0.0,C0008972,True,,,,,,,,,6.0,0.260222315788269,0.260222315788269,0.260222315788269,1.0,0.7397776246070862
mm_0184320,PubMedBERT,0.0,1.0,sapbert_full_len3,6,6,0,5,False,1,-0.0,-0.0,C1447749,True,6.0,1.0,"{""C1447749"": 6}",-0.0,-0.0,0.0,C1447749,0.0,6.0,-0.5998173952102661,-0.5998173952102661,-0.5998173952102661,0.4001821279525757,0.9999995231628418
mm_0184337,BERT-base,0.0,1.0,sapbert_full_len3,5,5,0,4,False,2,0.7219280948873623,0.3109175070825711,C1257990,False,5.0,2.0,"{""UMLS:C0242193"": 1, ""UMLS:C1257990"": 4}",0.7219280948873623,0.3109175070825711,0.0,UMLS:C1257990,0.0,5.0,-0.6659391522407532,-0.6075338125228882,-0.6659391522407532,0.3924659192562103,0.9999998211860657
mm_0184337,BioBERT,0.0,1.0,sapbert_full_len3,5,5,0,4,False,1,-0.0,-0.0,C1707887,True,5.0,1.0,"{""UMLS:C1707887"": 5}",-0.0,-0.0,0.0,UMLS:C1707887,0.0,5.0,-0.7111511826515198,-0.7111511826515198,-0.7111511826515198,0.2888485789299011,0.9999998211860657
mm_0184337,BioMistral-7B,1.0,1.0,sapbert_full_len3,5,5,0,4,False,1,-0.0,-0.0,C0005841,True,,,,,,,,,5.0,3.5762786865234375e-07,0.059732437133789,3.5762786865234375e-07,1.0,0.9402675628662108
mm_0184337,FLAN-T5-base,1.0,1.0,sapbert_full_len3,5,5,0,4,False,1,-0.0,-0.0,C0005841,True,,,,,,,,,5.0,0.1493305563926696,0.0895984292030334,2.384185791015625e-07,1.0,0.9104015231132508
mm_0184337,Llama3-OpenBioLLM-8B,0.0,1.0,sapbert_full_len3,5,5,0,4,False,2,0.9709505944546686,0.4181656600790516,C0005841,False,,,,,,,,,5.0,0.0646096467971801,0.0287823915481567,-0.0422626137733459,0.8987573385238647,0.8699749112129211
mm_0184337,Meta-Llama-3-8B-Instruct,1.0,1.0,sapbert_full_len3,5,5,0,4,False,2,0.7219280948873623,0.3109175070825711,C0005841,False,,,,,,,,,5.0,3.5762786865234375e-07,-0.0041960358619689,-0.0421856641769409,0.8987880706787109,0.9029840230941772
mm_0184337,Mistral-7B-Instruct-v0.1,1.0,0.9999998807907104,sapbert_full_len3,5,5,0,4,False,1,-0.0,-0.0,C0005841,True,,,,,,,,,5.0,2.384185791015625e-07,-0.0148299932479858,-0.0370753407478332,0.8859015941619873,0.9007316827774048
mm_0184337,PubMedBERT,0.0,1.0,sapbert_full_len3,5,5,0,4,False,2,0.9709505944546686,0.4181656600790516,C1839576,False,5.0,2.0,"{""C1839576"": 3, ""UMLS:C1707887"": 2}",0.9709505944546686,0.4181656600790516,0.0,C1839576,0.0,5.0,-0.7130780220031738,-0.7123072743415833,-0.7130780220031738,0.28769248723983765,0.9999998211860657
mm_0185245,BERT-base,0.0,1.0,sapbert_full_len3,8,8,0,7,False,2,1.0,0.3333333333333333,C0358514,False,8.0,2.0,"{""UMLS:C0358514"": 4, ""C1447749"": 4}",1.0,0.3333333333333333,0.0,UMLS:C0358514,0.0,8.0,-0.5626042485237122,-0.5880879163742065,-0.6135716438293457,0.22738119959831238,0.8154691457748413
mm_0185245,BioBERT,0.0,1.0,sapbert_full_len3,8,8,0,7,False,2,0.5435644431995964,0.1811881477331988,C0008396,False,8.0,2.0,"{""C0008396"": 7, ""UMLS:C1257990"": 1}",0.5435644431995964,0.1811881477331988,0.0,C0008396,0.0,8.0,-0.5482190847396851,-0.5465262532234192,-0.5482190847396851,0.26894286274909973,0.8154691457748413
mm_0185245,BioMistral-7B,0.0,0.9698238372802734,sapbert_full_len3,8,8,0,7,False,3,1.2987949406953985,0.4329316468984661,C0006657,False,,,,,,,,,8.0,-1.8715858459472656e-05,6.936490535736084e-06,-1.8715858459472656e-05,0.9811584055423735,0.9811514616012572
mm_0185245,FLAN-T5-base,0.0,0.7224526405334473,sapbert_full_len3,8,8,0,7,False,3,1.5,0.5,C0010090,False,,,,,,,,,8.0,-0.0848594903945922,-0.0452465713024139,-0.0848594903945922,0.7201754301786423,0.765421986579895
mm_0185245,Llama3-OpenBioLLM-8B,0.0,0.9999998807907104,sapbert_full_len3,8,8,0,7,False,1,-0.0,-0.0,C1285573,True,,,,,,,,,8.0,1.1920928955078125e-07,2.2351741790771487e-07,1.1920928955078125e-07,0.9999999850988388,0.9999997615814208
mm_0185245,Meta-Llama-3-8B-Instruct,0.0,0.9999996423721312,sapbert_full_len3,8,8,0,7,False,3,1.561278124459133,0.5204260414863776,C0042870,False,,,,,,,,,8.0,1.7881393421514957e-07,3.650784492353898e-07,1.7881393421514957e-07,0.9999999552965164,0.9999996423721312
mm_0185245,Mistral-7B-Instruct-v0.1,0.0,0.9999998807907104,sapbert_full_len3,8,8,0,7,False,1,-0.0,-0.0,C1285573,True,,,,,,,,,8.0,1.1920928955078125e-07,1.1920928955078125e-07,1.1920928955078125e-07,0.9999998807907104,0.9999997615814208
mm_0185245,PubMedBERT,0.0,1.0,sapbert_full_len3,8,8,0,7,False,2,0.5435644431995964,0.1811881477331988,C1999375,False,8.0,2.0,"{""C1999375"": 7, ""C1839576"": 1}",0.5435644431995964,0.1811881477331988,0.0,C1999375,0.0,8.0,-0.4968017041683197,-0.5070006251335144,-0.5783929228782654,0.3084685504436493,0.8154691457748413
mm_0185936,BERT-base,0.0,1.0,sapbert_full_len3,5,5,0,4,False,2,0.9709505944546686,0.4181656600790516,C1447749,False,5.0,2.0,"{""C1447749"": 3, ""C2983775"": 2}",0.9709505944546686,0.4181656600790516,0.0,C1447749,0.0,5.0,-0.6555091738700867,-0.6366465091705322,-0.6555091738700867,0.3633531630039215,0.9999996423721313
mm_0185936,BioBERT,0.0,1.0,sapbert_full_len3,5,5,0,4,False,3,1.521928094887362,0.6554587535412855,C1447749,False,5.0,3.0,"{""UMLS:C1257990"": 1, ""C1447749"": 2, ""C1257880"": 2}",1.521928094887362,0.6554587535412855,0.0,C1447749,1.0,5.0,-0.7282485961914062,-0.5985228419303894,-0.7282485961914062,0.40147680044174194,0.9999996423721313
mm_0185936,BioMistral-7B,0.0,1.0000001192092896,sapbert_full_len3,5,5,0,4,False,2,0.9709505944546686,0.4181656600790516,C1450054,False,,,,,,,,,5.0,0.0735440254211425,0.0475909948348999,0.0211284160614013,1.0000000715255737,0.9524090886116028
mm_0185936,FLAN-T5-base,0.0,1.0000001192092896,sapbert_full_len3,5,5,0,4,False,3,1.521928094887362,0.6554587535412855,C1450054,False,,,,,,,,,5.0,0.0211284160614013,0.0863175630569458,0.0211284160614013,1.0000000715255737,0.913682460784912
mm_0185936,Llama3-OpenBioLLM-8B,0.0,1.0,sapbert_full_len3,5,5,0,4,False,2,0.9709505944546686,0.4181656600790516,C1450054,False,,,,,,,,,5.0,0.0610770583152771,0.0771109938621521,0.0610770583152771,1.000000047683716,0.9228890538215636
mm_0185936,Meta-Llama-3-8B-Instruct,0.0,1.0000001192092896,sapbert_full_len3,5,5,0,4,False,1,-0.0,-0.0,C1450054,True,,,,,,,,,5.0,0.0735440254211425,0.0735440254211425,0.0735440254211425,1.0000001192092896,0.926456093788147
mm_0185936,Mistral-7B-Instruct-v0.1,0.0,0.9999997615814208,sapbert_full_len3,5,5,0,4,False,1,-0.0,-0.0,C1450054,True,,,,,,,,,5.0,0.0735436677932738,0.0735436677932738,0.0735436677932738,0.9999997615814208,0.926456093788147
mm_0185936,PubMedBERT,0.0,1.0,sapbert_full_len3,5,5,0,4,False,1,-0.0,-0.0,C1447749,True,5.0,1.0,"{""C1447749"": 5}",-0.0,-0.0,0.0,C1447749,0.0,5.0,-0.6555091738700867,-0.6555091738700867,-0.6555091738700867,0.3444904685020447,0.9999996423721313
mm_0186119,BERT-base,0.0,1.0,sapbert_full_len3,5,5,0,4,False,2,0.9709505944546686,0.4181656600790516,C1312419,False,5.0,2.0,"{""C1312419"": 3, ""C4505290"": 2}",0.9709505944546686,0.4181656600790516,0.0,C1312419,0.0,5.0,-0.6737852692604065,-0.6676672101020813,-0.6737852692604065,0.3323323726654053,0.9999996423721313
mm_0186119,BioBERT,0.0,1.0,sapbert_full_len3,5,5,0,4,False,3,1.521928094887362,0.6554587535412855,C0013728,False,5.0,3.0,"{""C4042843"": 1, ""C0013728"": 2, ""C4505290"": 2}",1.521928094887362,0.6554587535412855,0.0,C0013728,1.0,5.0,-0.7292020320892334,-0.6835300326347351,-0.7292020320892334,0.3164695203304291,0.9999996423721313
mm_0186119,BioMistral-7B,1.0,1.0,sapbert_full_len3,5,5,0,4,False,1,-0.0,-0.0,C1271650,True,,,,,,,,,5.0,0.187176764011383,0.187176764011383,0.187176764011383,1.0,0.8128231763839722
mm_0186119,FLAN-T5-base,0.0,0.9999999403953552,sapbert_full_len3,5,5,0,4,False,1,-0.0,-0.0,C1136254,True,,,,,,,,,5.0,5.960464477539064e-08,-3.5762786954052224e-08,-5.960464488641294e-08,0.9999998450279236,0.9999998807907104
mm_0186119,Llama3-OpenBioLLM-8B,0.0,0.9999995231628418,sapbert_full_len3,5,5,0,4,False,1,-0.0,-0.0,C0031327,True,,,,,,,,,5.0,4.172325134277344e-07,4.172325134277344e-07,4.172325134277344e-07,0.9999995231628418,0.9999991655349731
mm_0186119,Meta-Llama-3-8B-Instruct,1.0,0.9999998211860656,sapbert_full_len3,5,5,0,4,False,1,-0.0,-0.0,C1271650,True,,,,,,,,,5.0,0.0224394202232359,0.0952871441841125,0.0224394202232359,0.9999999403953552,0.9047128558158876
mm_0186119,Mistral-7B-Instruct-v0.1,1.0,1.0,sapbert_full_len3,5,5,0,4,False,1,-0.0,-0.0,C1271650,True,,,,,,,,,5.0,0.2045586109161377,0.2045586109161377,0.2045586109161377,1.0,0.7954413890838623
mm_0186119,PubMedBERT,0.0,1.0,sapbert_full_len3,5,5,0,4,False,1,-0.0,-0.0,C1839576,True,5.0,1.0,"{""C1839576"": 5}",-0.0,-0.0,0.0,C1839576,0.0,5.0,-0.6884099841117859,-0.6884099841117859,-0.6884099841117859,0.3115895986557007,0.9999996423721313
mm_0186465,BERT-base,0.0,1.0,sapbert_full_len3,8,8,0,7,False,1,-0.0,-0.0,C0242193,True,8.0,1.0,"{""UMLS:C0242193"": 8}",-0.0,-0.0,0.0,UMLS:C0242193,0.0,8.0,-0.642594039440155,-0.642594039440155,-0.642594039440155,0.357405424118042,0.999999463558197
mm_0186465,BioBERT,0.0,1.0,sapbert_full_len3,8,8,0,7,False,1,-0.0,-0.0,C1707887,True,8.0,1.0,"{""UMLS:C1707887"": 8}",-0.0,-0.0,0.0,UMLS:C1707887,0.0,8.0,-0.6823978424072266,-0.6823978424072266,-0.6823978424072266,0.31760162115097046,0.999999463558197
mm_0186465,BioMistral-7B,0.0,1.0,sapbert_full_len3,8,8,0,7,False,1,-0.0,-0.0,C5419195,True,,,,,,,,,8.0,0.0851776599884033,0.1267145574092864,0.0851776599884033,0.9999999105930328,0.8732853531837463
mm_0186465,FLAN-T5-base,0.0,1.0,sapbert_full_len3,8,8,0,7,False,1,-0.0,-0.0,C5419195,True,,,,,,,,,8.0,0.0909753441810607,0.1011743918061256,0.0909753441810607,1.0,0.8988256454467773
mm_0186465,Llama3-OpenBioLLM-8B,0.0,1.0,sapbert_full_len3,8,8,0,7,False,1,-0.0,-0.0,C5419195,True,,,,,,,,,8.0,0.0925807952880859,0.1038980782032013,0.0925807952880859,0.9999999403953552,0.8961018323898315
mm_0186465,Meta-Llama-3-8B-Instruct,0.0,0.9174859523773192,sapbert_full_len3,8,8,0,7,False,1,-0.0,-0.0,C5419195,True,,,,,,,,,8.0,0.0206397175788878,0.0409496873617171,0.0206397175788878,0.9278002008795738,0.8868504762649536
mm_0186465,Mistral-7B-Instruct-v0.1,0.0,0.9174820780754088,sapbert_full_len3,8,8,0,7,False,1,-0.0,-0.0,C5419195,True,,,,,,,,,8.0,0.0206358432769774,0.0206358432769774,0.0206358432769774,0.9174820780754088,0.8968462347984314
mm_0186465,PubMedBERT,0.0,1.0,sapbert_full_len3,8,8,0,7,False,2,0.8112781244591328,0.2704260414863776,C1839576,False,8.0,2.0,"{""C1839576"": 6, ""C1447749"": 2}",0.8112781244591328,0.2704260414863776,0.0,C1839576,0.0,8.0,-0.5002935528755188,-0.521490752696991,-0.5850822925567627,0.47850874066352844,0.999999463558197
mm_0187173,BERT-base,0.0,1.0,sapbert_full_len3,4,4,0,3,False,1,-0.0,-0.0,C1447749,True,4.0,1.0,"{""C1447749"": 4}",-0.0,-0.0,0.0,C1447749,0.0,4.0,-0.6293504238128662,-0.6293504238128662,-0.6293504238128662,0.3706490993499756,0.9999995231628418
mm_0187173,BioBERT,0.0,1.0,sapbert_full_len3,4,4,0,3,False,1,-0.0,-0.0,C1447749,True,4.0,1.0,"{""C1447749"": 4}",-0.0,-0.0,0.0,C1447749,0.0,4.0,-0.6293504238128662,-0.6293504238128662,-0.6293504238128662,0.3706490993499756,0.9999995231628418
mm_0187173,BioMistral-7B,0.0,0.9999998807907104,sapbert_full_len3,4,4,0,3,False,2,0.8112781244591328,0.4056390622295664,C0011860,False,,,,,,,,,4.0,3.5762786865234375e-07,4.917383193969727e-07,3.5762786865234375e-07,0.9999999701976776,0.999999463558197
mm_0187173,FLAN-T5-base,0.0,0.9999998807907104,sapbert_full_len3,4,4,0,3,False,1,-0.0,-0.0,C0011860,True,,,,,,,,,4.0,3.5762786865234375e-07,3.5762786865234375e-07,3.5762786865234375e-07,0.9999998807907104,0.9999995231628418
mm_0187173,Llama3-OpenBioLLM-8B,0.0,1.0,sapbert_full_len3,4,4,0,3,False,3,1.5,0.75,C0037903,False,,,,,,,,,4.0,0.1784074306488037,0.0758254528045653,4.768371580921027e-07,0.9999998360872268,0.9241743683815002
mm_0187173,Meta-Llama-3-8B-Instruct,0.0,1.0,sapbert_full_len3,4,4,0,3,False,2,0.8112781244591328,0.4056390622295664,C5196589,False,,,,,,,,,4.0,0.2978160381317138,0.2268674522638321,6.556510925292969e-07,1.0,0.7731325030326843
mm_0187173,Mistral-7B-Instruct-v0.1,0.0,1.0,sapbert_full_len3,4,4,0,3,False,2,0.8112781244591328,0.4056390622295664,C0011860,False,,,,,,,,,4.0,4.76837158203125e-07,5.21540641784668e-07,4.76837158203125e-07,1.0,0.999999463558197
mm_0187173,PubMedBERT,0.0,1.0,sapbert_full_len3,4,4,0,3,False,2,1.0,0.5,C1839576,False,4.0,2.0,"{""C1839576"": 2, ""C1447749"": 2}",1.0,0.5,0.0,C1839576,1.0,4.0,-0.5029492378234863,-0.5661498308181763,-0.6293504238128662,0.4338496923446655,0.9999995231628418
mm_0187489,BERT-base,0.0,1.0,sapbert_full_len3,7,7,0,6,False,1,-0.0,-0.0,C1447749,True,7.0,1.0,"{""C1447749"": 7}",-0.0,-0.0,0.0,C1447749,0.0,7.0,-0.6512964367866516,-0.6512964367866516,-0.6512964367866516,0.3487030863761902,0.9999995231628418
mm_0187489,BioBERT,0.0,1.0,sapbert_full_len3,7,7,0,6,False,1,-0.0,-0.0,C1257990,True,7.0,1.0,"{""UMLS:C1257990"": 7}",-0.0,-0.0,0.0,UMLS:C1257990,0.0,7.0,-0.7047876119613647,-0.7047876119613647,-0.7047876119613647,0.29521194100379944,0.9999995231628418
mm_0187489,BioMistral-7B,0.0,1.0,sapbert_full_len3,7,7,0,6,False,1,-0.0,-0.0,C1970415,True,,,,,,,,,7.0,5.364418029785156e-07,6.726809910365514e-07,5.364418029785156e-07,0.999999931880406,0.999999225139618
mm_0187489,FLAN-T5-base,1.0,1.0,sapbert_full_len3,7,7,0,6,False,3,1.5566567074628228,0.5544923070581674,C1305855,False,,,,,,,,,7.0,0.1293600797653198,0.0554402896336146,3.5762786865234375e-07,0.9999999829701016,0.944559633731842
mm_0187489,Llama3-OpenBioLLM-8B,0.0,0.9999997615814208,sapbert_full_len3,7,7,0,6,False,2,0.9852281360342516,0.3509453429964405,C1970415,False,,,,,,,,,7.0,0.1567263603210448,0.0671688147953577,6.556510924182746e-07,0.9999997615814208,0.9328309297561646
mm_0187489,Meta-Llama-3-8B-Instruct,1.0,1.0,sapbert_full_len3,7,7,0,6,False,2,0.5916727785823275,0.2107580961471984,C1305855,False,,,,,,,,,7.0,0.1293600797653198,0.0751494084085736,7.748603820800781e-07,0.9999999829701016,0.9248505234718324
mm_0187489,Mistral-7B-Instruct-v0.1,1.0,1.0,sapbert_full_len3,7,7,0,6,False,2,0.5916727785823275,0.2107580961471984,C1305855,False,,,,,,,,,7.0,0.1293600797653198,0.0566693288939339,2.980232238769531e-07,0.9999998893056598,0.9433305859565736
mm_0187489,PubMedBERT,0.0,1.0,sapbert_full_len3,7,7,0,6,False,1,-0.0,-0.0,C1839576,True,7.0,1.0,"{""C1839576"": 7}",-0.0,-0.0,0.0,C1839576,0.0,7.0,-0.7155418395996094,-0.7155418395996094,-0.7155418395996094,0.2844577133655548,0.9999995231628418
mm_0187792,BERT-base,1.0,1.0,sapbert_full_len3,9,9,0,8,False,1,-0.0,-0.0,C0810516,True,9.0,1.0,"{""UMLS:C0810516"": 9}",-0.0,-0.0,1.0,UMLS:C0810516,0.0,9.0,-0.20091348886489868,-0.20091348886489868,-0.20091348886489868,0.7594612836837769,0.9603747129440308
mm_0187792,BioBERT,1.0,1.0,sapbert_full_len3,9,9,0,8,False,1,-0.0,-0.0,C0810516,True,9.0,1.0,"{""UMLS:C0810516"": 9}",-0.0,-0.0,1.0,UMLS:C0810516,0.0,9.0,-0.20091348886489868,-0.20091348886489868,-0.20091348886489868,0.7594612836837769,0.9603747129440308
mm_0187792,BioMistral-7B,0.0,1.0000001192092896,sapbert_full_len3,9,9,0,8,False,1,-0.0,-0.0,C0020725,True,,,,,,,,,9.0,5.364418029785156e-07,-0.0017458001772562,-0.0078579783439636,0.9664646916919284,0.968210518360138
mm_0187792,FLAN-T5-base,0.0,1.0,sapbert_full_len3,9,9,0,8,False,5,2.197159723424149,0.693126721428565,C0443315,False,,,,,,,,,9.0,4.76837158203125e-07,0.0311049355400933,-0.0078579783439636,0.9788306421703764,0.9477257132530212
mm_0187792,Llama3-OpenBioLLM-8B,0.0,0.9048362970352172,sapbert_full_len3,9,9,0,8,False,4,1.974937501201927,0.6230234154761809,C0162589,False,,,,,,,,,9.0,-9.530782699596065e-05,0.0048411620987786,-0.0061240196228027,0.8413439459270902,0.8365027904510498
mm_0187792,Meta-Llama-3-8B-Instruct,1.0,1.0,sapbert_full_len3,9,9,0,8,False,2,0.9182958340544896,0.2896900821428475,C0162589,False,,,,,,,,,9.0,0.0495032668113708,0.018885314464569,0.0035763978958129,0.9999998807907104,0.981114625930786
mm_0187792,Mistral-7B-Instruct-v0.1,0.0,0.9917336702346802,sapbert_full_len3,9,9,0,8,False,2,0.9182958340544896,0.2896900821428475,C5574644,False,,,,,,,,,9.0,0.0502794384956359,0.0322864916589524,-0.0077800154685974,0.977627178033193,0.9453406929969788
mm_0187792,PubMedBERT,1.0,1.0,sapbert_full_len3,9,9,0,8,False,2,0.7642045065086203,0.2410796804848405,C0810516,False,9.0,2.0,"{""UMLS:C0810516"": 7, ""C1839576"": 2}",0.7642045065086203,0.2410796804848405,0.7777777777777778,UMLS:C0810516,0.0,9.0,-0.20091348886489868,-0.30876022577285767,-0.6862238049507141,0.6516145467758179,0.9603747129440308
mm_0187940,BERT-base,0.0,1.0,sapbert_full_len3,8,8,0,7,False,1,-0.0,-0.0,C1257990,True,8.0,1.0,"{""UMLS:C1257990"": 8}",-0.0,-0.0,0.0,UMLS:C1257990,0.0,8.0,-0.607929527759552,-0.607929527759552,-0.607929527759552,0.39206987619400024,0.9999994039535522
mm_0187940,BioBERT,0.0,1.0,sapbert_full_len3,8,8,0,7,False,1,-0.0,-0.0,C0752046,True,8.0,1.0,"{""UMLS:C0752046"": 8}",-0.0,-0.0,0.0,UMLS:C0752046,0.0,8.0,-0.6017025709152222,-0.6017025709152222,-0.6017025709152222,0.3982968032360077,0.9999994039535522
mm_0187940,BioMistral-7B,0.0,1.0,sapbert_full_len3,8,8,0,7,False,2,0.954434002924965,0.318144667641655,C0027662,False,,,,,,,,,8.0,0.2259365320205688,0.1633485704660415,0.059035301208496,1.0,0.8366514444351196
mm_0187940,FLAN-T5-base,0.0,1.0,sapbert_full_len3,8,8,0,7,False,2,0.8112781244591328,0.2704260414863776,C0027662,False,,,,,,,,,8.0,0.0174975991249084,0.0319714099168777,0.0174975991249084,0.9999999701976776,0.9680285453796388
mm_0187940,Llama3-OpenBioLLM-8B,0.0,0.9999998807907104,sapbert_full_len3,8,8,0,7,False,1,-0.0,-0.0,C1285573,True,,,,,,,,,8.0,1.1920928955078125e-07,2.2351741790771487e-07,1.1920928955078125e-07,0.9999999850988388,0.9999997615814208
mm_0187940,Meta-Llama-3-8B-Instruct,0.0,1.0,sapbert_full_len3,8,8,0,7,False,2,0.8112781244591328,0.2704260414863776,C0027662,False,,,,,,,,,8.0,0.1778584718704223,0.1396931707859039,2.384185791015625e-07,1.0,0.8603068590164185
mm_0187940,Mistral-7B-Instruct-v0.1,0.0,1.0,sapbert_full_len3,8,8,0,7,False,2,0.5435644431995964,0.1811881477331988,C0740394,False,,,,,,,,,8.0,0.059035301208496,0.0728676319122314,0.0549539923667907,0.9999997317790984,0.9271321296691896
mm_0187940,PubMedBERT,0.0,1.0,sapbert_full_len3,8,8,0,7,False,2,1.0,0.3333333333333333,C1839576,False,8.0,2.0,"{""C1839576"": 4, ""UMLS:C0752046"": 4}",1.0,0.3333333333333333,0.0,C1839576,0.0,8.0,-0.6051948070526123,-0.6034486889839172,-0.6051948070526123,0.396550714969635,0.9999994039535522
mm_0188057,BERT-base,0.0,1.0,sapbert_full_len3,7,7,0,6,False,2,0.863120568566631,0.3074497498641964,C1447749,False,7.0,2.0,"{""C1447749"": 5, ""C0265267"": 2}",0.863120568566631,0.3074497498641964,0.0,C1447749,0.0,7.0,-0.6857341527938843,-0.6654649376869202,-0.6857341527938843,0.3077322840690613,0.9731972813606262
mm_0188057,BioBERT,0.0,1.0,sapbert_full_len3,7,7,0,6,False,2,0.9852281360342516,0.3509453429964405,C0265267,False,7.0,2.0,"{""C0265267"": 4, ""C1447749"": 3}",0.9852281360342516,0.3509453429964405,0.0,C0265267,0.0,7.0,-0.6147918701171875,-0.6451956629753113,-0.6857341527938843,0.3280014991760254,0.9731972813606262
mm_0188057,BioMistral-7B,0.0,0.9999998807907104,sapbert_full_len3,7,7,0,6,False,3,1.5566567074628228,0.5544923070581674,C0282611,False,,,,,,,,,7.0,3.5762786865234375e-07,0.0565430096217564,3.5762786865234375e-07,0.9570337874548775,0.9004907608032227
mm_0188057,FLAN-T5-base,0.0,0.9999998807907104,sapbert_full_len3,7,7,0,6,False,2,0.863120568566631,0.3074497498641964,C0282611,False,,,,,,,,,7.0,0.0784453749656677,0.0527582083429609,-0.0114597082138061,0.942525897707258,0.8897677063941956
mm_0188057,Llama3-OpenBioLLM-8B,0.0,0.9999997615814208,sapbert_full_len3,7,7,0,6,False,1,-0.0,-0.0,C0282611,True,,,,,,,,,7.0,0.1127361059188841,0.1127837726048059,0.1127361059188841,0.9999997615814208,0.8872160315513611
mm_0188057,Meta-Llama-3-8B-Instruct,0.0,0.8496185541152954,sapbert_full_len3,7,7,0,6,False,1,-0.0,-0.0,C0678910,True,,,,,,,,,7.0,0.0801948308944702,0.0801948308944702,0.0801948308944702,0.8496185541152954,0.76942378282547
mm_0188057,Mistral-7B-Instruct-v0.1,0.0,0.8496185541152954,sapbert_full_len3,7,7,0,6,False,1,-0.0,-0.0,C0678910,True,,,,,,,,,7.0,0.0801948308944702,0.0801948308944702,0.0801948308944702,0.8496185541152954,0.76942378282547
mm_0188057,PubMedBERT,0.0,1.0,sapbert_full_len3,7,7,0,6,False,1,-0.0,-0.0,C1447749,True,7.0,1.0,"{""C1447749"": 7}",-0.0,-0.0,0.0,C1447749,0.0,7.0,-0.6857341527938843,-0.6857341527938843,-0.6857341527938843,0.2874630391597748,0.9731972813606262
mm_0188249,BERT-base,0.0,1.0,sapbert_full_len3,6,6,0,5,False,1,-0.0,-0.0,C1447749,True,6.0,1.0,"{""C1447749"": 6}",-0.0,-0.0,0.0,C1447749,0.0,6.0,-0.5560759902000427,-0.5560759902000427,-0.5560759902000427,0.44392380118370056,0.9999997615814209
mm_0188249,BioBERT,0.0,1.0,sapbert_full_len3,6,6,0,5,False,1,-0.0,-0.0,C1257990,True,6.0,1.0,"{""UMLS:C1257990"": 6}",-0.0,-0.0,0.0,UMLS:C1257990,0.0,6.0,-0.7287158370018005,-0.7287158370018005,-0.7287158370018005,0.27128392457962036,0.9999997615814209
mm_0188249,BioMistral-7B,0.0,0.9999997615814208,sapbert_full_len3,6,6,0,5,False,1,-0.0,-0.0,C4042796,True,,,,,,,,,6.0,0.1405261754989623,0.1405263741811116,0.1405261754989623,0.9999999602635702,0.8594736456871033
mm_0188249,FLAN-T5-base,0.0,1.0,sapbert_full_len3,6,6,0,5,False,3,1.4591479170272448,0.5644754678724236,C0679221,False,,,,,,,,,6.0,0.1405264139175415,0.1155982315540313,0.1027516722679137,0.9999998410542806,0.8844016194343567
mm_0188249,Llama3-OpenBioLLM-8B,0.0,1.0,sapbert_full_len3,6,6,0,5,False,1,-0.0,-0.0,C0151514,True,,,,,,,,,6.0,0.1827041506767273,0.2107678254445394,0.1827041506767273,1.0,0.7892321944236755
mm_0188249,Meta-Llama-3-8B-Instruct,0.0,1.0,sapbert_full_len3,6,6,0,5,False,2,0.9182958340544896,0.355245321275764,C0151514,False,,,,,,,,,6.0,0.2605315446853637,0.216303288936615,0.1278467774391174,0.999999980131785,0.783696711063385
mm_0188249,Mistral-7B-Instruct-v0.1,0.0,0.9999997615814208,sapbert_full_len3,6,6,0,5,False,3,1.2516291673878228,0.4841962570206112,C4042796,False,,,,,,,,,6.0,0.1405261754989623,0.1228734453519184,0.0472892522811889,0.9999998211860656,0.8771263957023621
mm_0188249,PubMedBERT,0.0,1.0,sapbert_full_len3,6,6,0,5,False,1,-0.0,-0.0,C1257990,True,6.0,1.0,"{""UMLS:C1257990"": 6}",-0.0,-0.0,0.0,UMLS:C1257990,0.0,6.0,-0.7287158370018005,-0.7287158370018005,-0.7287158370018005,0.27128392457962036,0.9999997615814209
mm_0189033,BERT-base,0.0,1.0,sapbert_full_len3,7,7,0,6,False,2,0.863120568566631,0.3074497498641964,C1257990,False,7.0,2.0,"{""UMLS:C1257990"": 5, ""C1447749"": 2}",0.863120568566631,0.3074497498641964,0.0,UMLS:C1257990,0.0,7.0,-0.7546026110649109,-0.70560222864151,-0.7546026110649109,0.2943975329399109,0.9999997019767761
mm_0189033,BioBERT,0.0,1.0,sapbert_full_len3,7,7,0,6,False,2,0.9852281360342516,0.3509453429964405,C1257990,False,7.0,2.0,"{""C1839576"": 3, ""UMLS:C1257990"": 4}",0.9852281360342516,0.3509453429964405,0.0,UMLS:C1257990,0.0,7.0,-0.6482383608818054,-0.7090179324150085,-0.7546026110649109,0.29098182916641235,0.9999997019767761
mm_0189033,BioMistral-7B,0.0,0.9999998807907104,sapbert_full_len3,7,7,0,6,False,1,-0.0,-0.0,C0017125,True,,,,,,,,,7.0,0.0226513743400573,0.0226513743400573,0.0226513743400573,0.9999998807907104,0.9773484468460084
mm_0189033,FLAN-T5-base,0.0,0.9999998807907104,sapbert_full_len3,7,7,0,6,False,2,0.863120568566631,0.3074497498641964,C0017125,False,,,,,,,,,7.0,0.0226281285285949,0.0161630511283874,1.1920928955078125e-07,0.9999999489103044,0.983836829662323
mm_0189033,Llama3-OpenBioLLM-8B,0.0,0.7358394861221313,sapbert_full_len3,7,7,0,6,False,3,1.5566567074628228,0.5544923070581674,C4039248,False,,,,,,,,,7.0,-0.0168330669403076,0.0389021209308078,-0.0183551907539367,0.8431847946984428,0.8042826652526855
mm_0189033,Meta-Llama-3-8B-Instruct,0.0,1.0,sapbert_full_len3,7,7,0,6,False,2,0.5916727785823275,0.2107580961471984,C1262477,False,,,,,,,,,7.0,5.364418029785156e-07,0.0091615659849984,5.364418029785156e-07,1.0,0.9908384680747986
mm_0189033,Mistral-7B-Instruct-v0.1,0.0,1.0,sapbert_full_len3,7,7,0,6,False,2,0.5916727785823275,0.2107580961471984,C0017125,False,,,,,,,,,7.0,0.0226514935493469,0.0200291275978088,0.0042952299118043,0.9976121612957546,0.9775829911231996
mm_0189033,PubMedBERT,0.0,1.0,sapbert_full_len3,7,7,0,6,False,1,-0.0,-0.0,C1839576,True,7.0,1.0,"{""C1839576"": 7}",-0.0,-0.0,0.0,C1839576,0.0,7.0,-0.6482383608818054,-0.6482383608818054,-0.6482383608818054,0.3517614006996155,0.9999997019767761
mm_0189388,BERT-base,0.0,1.0,sapbert_full_len3,7,7,0,6,False,1,-0.0,-0.0,C0169661,True,7.0,1.0,"{""C0169661"": 7}",-0.0,-0.0,0.0,C0169661,0.0,7.0,-0.5564237236976624,-0.5564237236976624,-0.5564237236976624,0.4435758590698242,0.9999995827674866
mm_0189388,BioBERT,0.0,1.0,sapbert_full_len3,7,7,0,6,False,2,0.9852281360342516,0.3509453429964405,C1312419,False,7.0,2.0,"{""UMLS:C1257990"": 3, ""C1312419"": 4}",0.9852281360342516,0.3509453429964405,0.0,C1312419,0.0,7.0,-0.6968890428543091,-0.6481924653053284,-0.6968890428543091,0.3518071174621582,0.9999995827674866
mm_0189388,BioMistral-7B,0.0,0.9999998807907104,sapbert_full_len3,7,7,0,6,False,2,0.863120568566631,0.3074497498641964,C0653267,False,,,,,,,,,7.0,0.1114863753318786,0.0910413009779793,0.0399286150932312,0.9999999148505074,0.908958613872528
mm_0189388,FLAN-T5-base,0.0,0.9999998807907104,sapbert_full_len3,7,7,0,6,False,1,-0.0,-0.0,C0653267,True,,,,,,,,,7.0,0.1114863753318786,0.1114864775112697,0.1114863753318786,0.9999999829701016,0.8885135054588318
mm_0189388,Llama3-OpenBioLLM-8B,0.0,0.9999998807907104,sapbert_full_len3,7,7,0,6,False,2,0.863120568566631,0.3074497498641964,C0653267,False,,,,,,,,,7.0,0.1114863753318786,0.1136419517653329,0.1114863753318786,0.9999999148505074,0.8863579034805298
mm_0189388,Meta-Llama-3-8B-Instruct,1.0,1.0,sapbert_full_len3,7,7,0,6,False,1,-0.0,-0.0,C1158886,True,,,,,,,,,7.0,0.2185378670692443,0.2296872905322483,0.2143255472183227,1.0,0.7703127264976501
mm_0189388,Mistral-7B-Instruct-v0.1,1.0,1.0,sapbert_full_len3,7,7,0,6,False,2,0.9852281360342516,0.3509453429964405,C1158886,False,,,,,,,,,7.0,0.0312033295631408,0.1035994802202497,0.0312033295631408,0.9999999489103044,0.8964004516601562
mm_0189388,PubMedBERT,0.0,1.0,sapbert_full_len3,7,7,0,6,False,2,0.863120568566631,0.3074497498641964,C1447749,False,7.0,2.0,"{""C1447749"": 5, ""C1431322"": 2}",0.863120568566631,0.3074497498641964,0.0,C1447749,0.0,7.0,-0.6189253926277161,-0.6137543320655823,-0.6189253926277161,0.3862452507019043,0.9999995827674866
mm_0189542,BERT-base,0.0,1.0,sapbert_full_len3,5,5,0,4,False,1,-0.0,-0.0,C1447749,True,5.0,1.0,"{""C1447749"": 5}",-0.0,-0.0,0.0,C1447749,0.0,5.0,-0.424190878868103,-0.4241909086704254,-0.424190878868103,0.36540085077285767,0.7895917296409607
mm_0189542,BioBERT,0.0,1.0,sapbert_full_len3,5,5,0,4,False,1,-0.0,-0.0,C1431322,True,5.0,1.0,"{""C1431322"": 5}",-0.0,-0.0,0.0,C1431322,0.0,5.0,-0.3978762924671173,-0.3978762924671173,-0.3978762924671173,0.3917154371738434,0.7895917296409607
mm_0189542,BioMistral-7B,1.0,1.0,sapbert_full_len3,5,5,0,4,False,1,-0.0,-0.0,C1824675,True,,,,,,,,,5.0,0.0202926993370056,0.0202926993370056,0.0202926993370056,1.0,0.9797073602676392
mm_0189542,FLAN-T5-base,0.0,1.0,sapbert_full_len3,5,5,0,4,False,1,-0.0,-0.0,C0027950,True,,,,,,,,,5.0,0.0304502248764038,0.0304502248764038,0.0304502248764038,1.0,0.9695497751235962
mm_0189542,Llama3-OpenBioLLM-8B,0.0,0.8442015647888184,sapbert_full_len3,5,5,0,4,False,2,0.7219280948873623,0.3109175070825711,C0027950,False,,,,,,,,,5.0,-0.0055443048477172,-0.0003769040107727,-0.0055443048477172,0.8753612518310547,0.8757381439208984
mm_0189542,Meta-Llama-3-8B-Instruct,0.0,1.0,sapbert_full_len3,5,5,0,4,False,1,-0.0,-0.0,C0027950,True,,,,,,,,,5.0,5.960464477539062e-07,5.960464477539062e-07,5.960464477539062e-07,1.0,0.9999994039535522
mm_0189542,Mistral-7B-Instruct-v0.1,0.0,1.0,sapbert_full_len3,5,5,0,4,False,1,-0.0,-0.0,C0027950,True,,,,,,,,,5.0,5.960464477539062e-07,5.960464477539062e-07,5.960464477539062e-07,1.0,0.9999994039535522
mm_0189542,PubMedBERT,0.0,1.0,sapbert_full_len3,5,5,0,4,False,1,-0.0,-0.0,C0018966,True,5.0,1.0,"{""C0018966"": 5}",-0.0,-0.0,0.0,C0018966,0.0,5.0,-0.4262520670890808,-0.4262520670890808,-0.4262520670890808,0.3633396625518799,0.7895917296409607
mm_0190644,BERT-base,1.0,1.0,sapbert_full_len3,4,4,0,3,False,1,-0.0,-0.0,C0235946,True,4.0,1.0,"{""UMLS:C0235946"": 4}",-0.0,-0.0,1.0,UMLS:C0235946,0.0,4.0,1.1920928955078125e-07,1.1920928955078125e-07,1.1920928955078125e-07,0.9999991655349731,0.9999990463256836
mm_0190644,BioBERT,1.0,1.0,sapbert_full_len3,4,4,0,3,False,1,-0.0,-0.0,C0235946,True,4.0,1.0,"{""UMLS:C0235946"": 4}",-0.0,-0.0,1.0,UMLS:C0235946,0.0,4.0,1.1920928955078125e-07,1.1920928955078125e-07,1.1920928955078125e-07,0.9999991655349731,0.9999990463256836
mm_0190644,BioMistral-7B,1.0,0.9999998807907104,sapbert_full_len3,4,4,0,3,False,1,-0.0,-0.0,C0235946,True,,,,,,,,,4.0,8.344650268554688e-07,0.0412191450595855,8.344650268554688e-07,0.9999999105930328,0.9587807655334472
mm_0190644,FLAN-T5-base,1.0,0.9999998807907104,sapbert_full_len3,4,4,0,3,False,1,-0.0,-0.0,C0235946,True,,,,,,,,,4.0,5.364418029785156e-07,3.57627868569077e-07,2.980232237659308e-07,0.999999701976776,0.9999993443489076
mm_0190644,Llama3-OpenBioLLM-8B,0.0,0.9999997615814208,sapbert_full_len3,4,4,0,3,False,1,-0.0,-0.0,C0007820,True,,,,,,,,,4.0,0.122830033302307,0.122830033302307,0.122830033302307,0.9999997615814208,0.8771697282791138
mm_0190644,Meta-Llama-3-8B-Instruct,1.0,1.0,sapbert_full_len3,4,4,0,3,False,1,-0.0,-0.0,C0235946,True,,,,,,,,,4.0,0.0987507700920105,0.0987507700920105,0.0987507700920105,1.0,0.9012492299079896
mm_0190644,Mistral-7B-Instruct-v0.1,1.0,0.9999996423721312,sapbert_full_len3,4,4,0,3,False,1,-0.0,-0.0,C0235946,True,,,,,,,,,4.0,5.96046447642884e-07,5.96046447642884e-07,5.96046447642884e-07,0.9999996423721312,0.9999990463256836
mm_0190644,PubMedBERT,0.0,1.0,sapbert_full_len3,4,4,0,3,False,1,-0.0,-0.0,C1839576,True,4.0,1.0,"{""C1839576"": 4}",-0.0,-0.0,0.0,C1839576,0.0,4.0,-0.5365070104598999,-0.5365070104598999,-0.5365070104598999,0.4634920656681061,0.9999990463256836
mm_0191008,BERT-base,0.0,1.0,sapbert_full_len3,7,7,0,6,False,2,0.5916727785823275,0.2107580961471984,C1257990,False,7.0,2.0,"{""UMLS:C1257990"": 6, ""C4277543"": 1}",0.5916727785823275,0.2107580961471984,0.0,UMLS:C1257990,0.0,7.0,-0.6902382373809814,-0.685586154460907,-0.6902382373809814,0.3144133388996124,0.9999995231628418
mm_0191008,BioBERT,0.0,1.0,sapbert_full_len3,7,7,0,6,False,1,-0.0,-0.0,C0008396,True,7.0,1.0,"{""C0008396"": 7}",-0.0,-0.0,0.0,C0008396,0.0,7.0,-0.6807178258895874,-0.6807178258895874,-0.6807178258895874,0.3192817270755768,0.9999995231628418
mm_0191008,BioMistral-7B,0.0,0.9999999403953552,sapbert_full_len3,7,7,0,6,False,1,-0.0,-0.0,C0068355,True,,,,,,,,,7.0,2.980232238769531e-07,1.958438327382644e-07,1.7881393421514957e-07,0.9999998382159642,0.9999995827674866
mm_0191008,FLAN-T5-base,0.0,1.0,sapbert_full_len3,7,7,0,6,False,4,1.8423709931771084,0.6562657890890309,C0279017,False,,,,,,,,,7.0,1.430511474609375e-06,0.0604119556290762,1.430511474609375e-06,0.9999999829701016,0.9395880699157716
mm_0191008,Llama3-OpenBioLLM-8B,0.0,0.832078218460083,sapbert_full_len3,7,7,0,6,False,2,0.9852281360342516,0.3509453429964405,C1152553,False,,,,,,,,,7.0,0.02940034866333,0.016796622957502,1.7881393421514957e-07,0.9040409667151316,0.8872443437576294
mm_0191008,Meta-Llama-3-8B-Instruct,0.0,0.832078218460083,sapbert_full_len3,7,7,0,6,False,3,1.3787834934861751,0.4911325898456825,C1152553,False,,,,,,,,,7.0,0.02940034866333,0.0268843259130205,2.980232238769531e-07,0.9040446622031076,0.877160370349884
mm_0191008,Mistral-7B-Instruct-v0.1,0.0,0.8320696949958801,sapbert_full_len3,7,7,0,6,False,2,0.9852281360342516,0.3509453429964405,C1152553,False,,,,,,,,,7.0,0.0293918251991271,0.0167954053197587,1.7881393421514957e-07,0.9040397490773884,0.8872443437576294
mm_0191008,PubMedBERT,0.0,1.0,sapbert_full_len3,7,7,0,6,False,1,-0.0,-0.0,C1839576,True,7.0,1.0,"{""C1839576"": 7}",-0.0,-0.0,0.0,C1839576,0.0,7.0,-0.6774158477783203,-0.6774158477783203,-0.6774158477783203,0.3225836753845215,0.9999995231628418
mm_0191715,BERT-base,0.0,1.0,sapbert_full_len3,5,5,0,4,False,2,0.9709505944546686,0.4181656600790516,C0752046,False,5.0,2.0,"{""UMLS:C1257990"": 2, ""UMLS:C0752046"": 3}",0.9709505944546686,0.4181656600790516,0.0,UMLS:C0752046,0.0,5.0,-0.6028812527656555,-0.4771827161312103,-0.6028812527656555,0.5228169560432434,0.9999996423721313
mm_0191715,BioBERT,0.0,1.0,sapbert_full_len3,5,5,0,4,False,2,0.9709505944546686,0.4181656600790516,C0265267,False,5.0,2.0,"{""C0265267"": 3, ""C1447749"": 2}",0.9709505944546686,0.4181656600790516,0.0,C0265267,0.0,5.0,-0.6236746311187744,-0.5791414380073547,-0.6236746311187744,0.420858234167099,0.9999996423721313
mm_0191715,BioMistral-7B,0.0,1.0,sapbert_full_len3,5,5,0,4,False,1,-0.0,-0.0,C4049925,True,,,,,,,,,5.0,0.2000623941421508,0.2000623941421508,0.2000623941421508,1.0,0.7999376058578491
mm_0191715,FLAN-T5-base,0.0,1.0000001192092896,sapbert_full_len3,5,5,0,4,False,2,0.9709505944546686,0.4181656600790516,C0042333,False,,,,,,,,,5.0,0.0919498205184936,0.1406344413757324,0.0919496417045593,1.0,0.8593655824661255
mm_0191715,Llama3-OpenBioLLM-8B,0.0,0.9999999403953552,sapbert_full_len3,5,5,0,4,False,1,-0.0,-0.0,C0042333,True,,,,,,,,,5.0,0.0919496417045593,0.0919497847557067,0.0919496417045593,1.0000000834465026,0.9080503582954408
mm_0191715,Meta-Llama-3-8B-Instruct,0.0,0.9999999403953552,sapbert_full_len3,5,5,0,4,False,1,-0.0,-0.0,C0042333,True,,,,,,,,,5.0,0.0919496417045593,0.0919497847557067,0.0919496417045593,1.0000000834465026,0.9080503582954408
mm_0191715,Mistral-7B-Instruct-v0.1,0.0,0.9999999403953552,sapbert_full_len3,5,5,0,4,False,1,-0.0,-0.0,C0042333,True,,,,,,,,,5.0,0.0919496417045593,0.0919496417045593,0.0919496417045593,0.9999999403953552,0.9080503582954408
mm_0191715,PubMedBERT,0.0,1.0,sapbert_full_len3,5,5,0,4,False,1,-0.0,-0.0,C1447749,True,5.0,1.0,"{""C1447749"": 5}",-0.0,-0.0,0.0,C1447749,0.0,5.0,-0.5123415589332581,-0.5123415589332581,-0.5123415589332581,0.4876580834388733,0.9999996423721313
mm_0192165,BERT-base,0.0,1.0,sapbert_full_len3,5,5,0,4,False,2,0.7219280948873623,0.3109175070825711,C1257990,False,5.0,2.0,"{""UMLS:C1257990"": 4, ""UMLS:C0232772"": 1}",0.7219280948873623,0.3109175070825711,0.0,UMLS:C1257990,0.0,5.0,-0.6955642700195312,-0.7061601281166077,-0.7485435009002686,0.29383936524391174,0.9999994039535522
mm_0192165,BioBERT,0.0,1.0,sapbert_full_len3,5,5,0,4,False,2,0.7219280948873623,0.3109175070825711,C0032914,False,5.0,2.0,"{""C0032914"": 4, ""C1700928"": 1}",0.7219280948873623,0.3109175070825711,0.0,C0032914,0.0,5.0,-0.6025071740150452,-0.6051663756370544,-0.6158032417297363,0.3948330879211426,0.9999994039535522
mm_0192165,BioMistral-7B,0.0,1.0,sapbert_full_len3,5,5,0,4,False,3,1.521928094887362,0.6554587535412855,C0175693,False,,,,,,,,,5.0,3.5762786865234375e-07,0.0972023844718933,3.5762786865234375e-07,1.0,0.9027975797653198
mm_0192165,FLAN-T5-base,0.0,0.9999998807907104,sapbert_full_len3,5,5,0,4,False,1,-0.0,-0.0,C0020541,True,,,,,,,,,5.0,0.0312123298645019,0.0312124252319335,0.0312123298645019,0.999999976158142,0.9687875509262084
mm_0192165,Llama3-OpenBioLLM-8B,0.0,0.9999996423721312,sapbert_full_len3,5,5,0,4,False,3,1.3709505944546687,0.5904362833084089,C0020541,False,,,,,,,,,5.0,0.0930574536323546,0.0758269429206847,0.0312123298645019,0.9999998569488524,0.9241729974746704
mm_0192165,Meta-Llama-3-8B-Instruct,0.0,1.0,sapbert_full_len3,5,5,0,4,False,1,-0.0,-0.0,C0020541,True,,,,,,,,,5.0,0.0312124490737915,0.0312123775482177,0.0312123298645019,0.9999999284744264,0.9687875509262084
mm_0192165,Mistral-7B-Instruct-v0.1,0.0,0.9999998807907104,sapbert_full_len3,5,5,0,4,False,1,-0.0,-0.0,C0020541,True,,,,,,,,,5.0,0.0312215089797973,0.0312178373336792,0.0312123298645019,0.9999998807907104,0.9687820672988892
mm_0192165,PubMedBERT,0.0,1.0,sapbert_full_len3,5,5,0,4,False,2,0.7219280948873623,0.3109175070825711,C1839576,False,5.0,2.0,"{""C1839576"": 4, ""C1447749"": 1}",0.7219280948873623,0.3109175070825711,0.0,C1839576,0.0,5.0,-0.6290372610092163,-0.633189857006073,-0.649800181388855,0.366809606552124,0.9999994039535522
mm_0193015,BERT-base,0.0,1.0,sapbert_full_len3,5,5,0,4,False,2,0.7219280948873623,0.3109175070825711,C0265267,False,5.0,2.0,"{""C0265267"": 4, ""UMLS:C1257990"": 1}",0.7219280948873623,0.3109175070825711,0.0,C0265267,0.0,5.0,-0.5742361545562744,-0.5916770100593567,-0.6614403128623962,0.2795993387699127,0.8712762594223022
mm_0193015,BioBERT,0.0,1.0,sapbert_full_len3,5,5,0,4,False,2,0.9709505944546686,0.4181656600790516,C1868801,False,5.0,2.0,"{""C1868801"": 3, ""C0265267"": 2}",0.9709505944546686,0.4181656600790516,0.0,C1868801,0.0,5.0,-0.6262597441673279,-0.6054502725601196,-0.6262597441673279,0.265826016664505,0.8712762594223022
mm_0193015,BioMistral-7B,0.0,0.9999999403953552,sapbert_full_len3,5,5,0,4,False,1,-0.0,-0.0,C0019080,True,,,,,,,,,5.0,0.076666235923767,0.076666235923767,0.076666235923767,0.9999999403953552,0.9233337640762328
mm_0193015,FLAN-T5-base,0.0,0.9999999403953552,sapbert_full_len3,5,5,0,4,False,1,-0.0,-0.0,C0019080,True,,,,,,,,,5.0,0.081360638141632,0.079482877254486,0.076666235923767,0.9999999403953552,0.920517086982727
mm_0193015,Llama3-OpenBioLLM-8B,0.0,0.7776634693145752,sapbert_full_len3,5,5,0,4,False,2,0.9709505944546686,0.4181656600790516,C0019080,False,,,,,,,,,5.0,-0.0055118203163146,0.0480514645576476,-0.0055118203163146,0.8665980100631714,0.8185465931892395
mm_0193015,Meta-Llama-3-8B-Instruct,0.0,0.9999999403953552,sapbert_full_len3,5,5,0,4,False,1,-0.0,-0.0,C0019080,True,,,,,,,,,5.0,0.076666235923767,0.027358865737915,-0.0055145621299743,0.8665980696678162,0.839239239692688
mm_0193015,Mistral-7B-Instruct-v0.1,0.0,1.0,sapbert_full_len3,5,5,0,4,False,1,-0.0,-0.0,C0019080,True,,,,,,,,,5.0,0.0766662955284118,0.0602306723594665,-0.0055118203163146,0.9555326938629152,0.8953019976615906
mm_0193015,PubMedBERT,0.0,1.0,sapbert_full_len3,5,5,0,4,False,1,-0.0,-0.0,C1839576,True,5.0,1.0,"{""C1839576"": 5}",-0.0,-0.0,0.0,C1839576,0.0,5.0,-0.5311610102653503,-0.5311610102653503,-0.5311610102653503,0.3401153087615967,0.8712762594223022
mm_0193331,BERT-base,0.0,1.0,sapbert_full_len3,5,5,0,4,False,3,1.3709505944546687,0.5904362833084089,C0242193,False,5.0,3.0,"{""C0030201"": 1, ""UMLS:C0242193"": 3, ""C0005976"": 1}",1.3709505944546687,0.5904362833084089,0.0,UMLS:C0242193,1.0,5.0,-0.5045537352561951,-0.4439321458339691,-0.5115597248077393,0.36532479524612427,0.809256911277771
mm_0193331,BioBERT,0.0,1.0,sapbert_full_len3,5,5,0,4,False,1,-0.0,-0.0,C0376671,True,5.0,1.0,"{""C0376671"": 5}",-0.0,-0.0,0.0,C0376671,0.0,5.0,-0.5680493116378784,-0.5680493116378784,-0.5680493116378784,0.2412075698375702,0.809256911277771
mm_0193331,BioMistral-7B,0.0,0.8435762524604797,sapbert_full_len3,5,5,0,4,False,3,1.521928094887362,0.6554587535412855,C0376495,False,,,,,,,,,5.0,0.0785542130470275,0.0172985315322876,-0.035490870475769,0.8060503840446472,0.7887519001960754
mm_0193331,FLAN-T5-base,0.0,1.0,sapbert_full_len3,5,5,0,4,False,2,0.9709505944546686,0.4181656600790516,C0376495,False,,,,,,,,,5.0,0.1292978525161743,0.1068700075149535,0.0732282400131224,0.9999999046325684,0.8931299448013306
mm_0193331,Llama3-OpenBioLLM-8B,0.0,1.0,sapbert_full_len3,5,5,0,4,False,4,1.9219280948873625,0.8277293767706428,C0001758,False,,,,,,,,,5.0,0.1292978525161743,0.0309642434120178,-0.0453591346740722,0.8958877921104431,0.8649235963821411
mm_0193331,Meta-Llama-3-8B-Instruct,0.0,1.0,sapbert_full_len3,5,5,0,4,False,2,0.9709505944546686,0.4181656600790516,C0376495,False,,,,,,,,,5.0,0.1292978525161743,0.0775787115097045,1.1920928943975897e-07,0.9999998569488524,0.922421097755432
mm_0193331,Mistral-7B-Instruct-v0.1,0.0,0.9999998807907104,sapbert_full_len3,5,5,0,4,False,2,0.9709505944546686,0.4181656600790516,C0376495,False,,,,,,,,,5.0,0.1292977333068847,0.1021376848220824,0.061397612094879,0.9999998569488524,0.8978621363639832
mm_0193331,PubMedBERT,0.0,1.0,sapbert_full_len3,5,5,0,4,False,2,0.7219280948873623,0.3109175070825711,C1839576,False,5.0,2.0,"{""C1839576"": 4, ""UMLS:C1707887"": 1}",0.7219280948873623,0.3109175070825711,0.0,C1839576,0.0,5.0,-0.4708492159843445,-0.4638102650642395,-0.4708492159843445,0.3454466760158539,0.809256911277771
mm_0193351,BERT-base,0.0,1.0,sapbert_full_len3,6,6,0,5,False,3,1.584962500721156,0.6131471927654584,C2350390,False,6.0,3.0,"{""UMLS:C2350390"": 2, ""C0079172"": 2, ""C1447749"": 2}",1.584962500721156,0.6131471927654584,0.0,UMLS:C2350390,1.0,6.0,-0.6675451993942261,-0.6028723120689392,-0.6675451993942261,0.3351656496524811,0.9380380511283875
mm_0193351,BioBERT,0.0,1.0,sapbert_full_len3,6,6,0,5,False,1,-0.0,-0.0,C0376671,True,6.0,1.0,"{""C0376671"": 6}",-0.0,-0.0,0.0,C0376671,0.0,6.0,-0.4824058711528778,-0.4824058711528778,-0.4824058711528778,0.45563212037086487,0.9380380511283875
mm_0193351,BioMistral-7B,0.0,0.845721423625946,sapbert_full_len3,6,6,0,5,False,3,1.584962500721156,0.6131471927654584,C4299009,False,,,,,,,,,6.0,0.0346422791481018,0.06605926156044,0.0346390008926391,0.94857324163119,0.8825139999389648
mm_0193351,FLAN-T5-base,0.0,0.9999999403953552,sapbert_full_len3,6,6,0,5,False,4,1.9182958340544896,0.7420981285103057,C0398939,False,,,,,,,,,6.0,1.1920928955078125e-07,0.0165509084860483,-0.0033251643180847,0.8233514527479807,0.8068005442619324
mm_0193351,Llama3-OpenBioLLM-8B,0.0,0.7043830752372742,sapbert_full_len3,6,6,0,5,False,4,1.9182958340544896,0.7420981285103057,C0031740,False,,,,,,,,,6.0,-0.004524290561676,0.0203235348065694,-0.004524290561676,0.8654063741366068,0.8450828194618225
mm_0193351,Meta-Llama-3-8B-Instruct,0.0,1.0,sapbert_full_len3,6,6,0,5,False,2,0.6500224216483541,0.2514629985800606,C0031740,False,,,,,,,,,6.0,0.0554192662239074,0.0478501419226327,0.010005235671997,0.9524779121081034,0.9046277403831482
mm_0193351,Mistral-7B-Instruct-v0.1,0.0,0.9999998211860656,sapbert_full_len3,6,6,0,5,False,1,-0.0,-0.0,C0031740,True,,,,,,,,,6.0,0.055419087409973,0.055419087409973,0.055419087409973,0.9999998211860656,0.9445807337760924
mm_0193351,PubMedBERT,0.0,1.0,sapbert_full_len3,6,6,0,5,False,3,1.4591479170272446,0.5644754678724235,C1839576,False,6.0,3.0,"{""C1839576"": 3, ""C1447749"": 1, ""UMLS:C1257990"": 2}",1.4591479170272446,0.5644754678724235,0.0,C1839576,1.0,6.0,-0.6125947833061218,-0.5986031889915466,-0.6125947833061218,0.33943477272987366,0.9380380511283875
mm_0193717,BERT-base,0.0,1.0,sapbert_full_len3,5,5,0,4,False,1,-0.0,-0.0,C0242193,True,5.0,1.0,"{""UMLS:C0242193"": 5}",-0.0,-0.0,0.0,UMLS:C0242193,0.0,5.0,-0.5484033823013306,-0.5484033823013306,-0.5484033823013306,0.4515964388847351,0.9999998807907104
mm_0193717,BioBERT,0.0,1.0,sapbert_full_len3,5,5,0,4,False,2,0.9709505944546686,0.4181656600790516,C0242193,False,5.0,2.0,"{""UMLS:C0242193"": 3, ""C1839576"": 2}",0.9709505944546686,0.4181656600790516,0.0,UMLS:C0242193,0.0,5.0,-0.5484033823013306,-0.5890957713127136,-0.6501344442367554,0.41090407967567444,0.9999998807907104
mm_0193717,BioMistral-7B,0.0,1.0000001192092896,sapbert_full_len3,5,5,0,4,False,2,0.9709505944546686,0.4181656600790516,C0007222,False,,,,,,,,,5.0,0.0887138843536377,0.053228211402893,0.0,0.9999999046325684,0.9467717409133912
mm_0193717,FLAN-T5-base,0.0,1.0,sapbert_full_len3,5,5,0,4,False,1,-0.0,-0.0,C1623258,True,,,,,,,,,5.0,5.364418029785156e-07,5.364418029785156e-07,5.364418029785156e-07,1.0,0.9999994039535522
mm_0193717,Llama3-OpenBioLLM-8B,0.0,0.9999997615814208,sapbert_full_len3,5,5,0,4,False,2,0.9709505944546686,0.4181656600790516,C1623258,False,,,,,,,,,5.0,2.980232237659308e-07,0.0388146519660949,2.980232237659308e-07,0.9999998569488524,0.9611851572990416
mm_0193717,Meta-Llama-3-8B-Instruct,0.0,1.0,sapbert_full_len3,5,5,0,4,False,1,-0.0,-0.0,C0007222,True,,,,,,,,,5.0,0.0954971313476562,0.0954971313476562,0.0954971313476562,1.0,0.9045028686523438
mm_0193717,Mistral-7B-Instruct-v0.1,0.0,0.9999996423721312,sapbert_full_len3,5,5,0,4,False,2,0.9709505944546686,0.4181656600790516,C0007222,False,,,,,,,,,5.0,0.0954967737197874,0.0330216050148009,-0.064028799533844,0.974745273590088,0.941723644733429
mm_0193717,PubMedBERT,0.0,1.0,sapbert_full_len3,5,5,0,4,False,1,-0.0,-0.0,C1839576,True,5.0,1.0,"{""C1839576"": 5}",-0.0,-0.0,0.0,C1839576,0.0,5.0,-0.6501344442367554,-0.6501344442367554,-0.6501344442367554,0.3498654365539551,0.9999998807907104
mm_0194015,BERT-base,0.0,1.0,sapbert_full_len3,9,9,0,8,False,3,1.4355205042826666,0.4528562990069186,C1283169,False,9.0,3.0,"{""UMLS:C0242193"": 2, ""UMLS:C1283169"": 5, ""UMLS:C0358514"": 2}",1.4355205042826666,0.4528562990069186,0.0,UMLS:C1283169,0.0,9.0,-0.7141093015670776,-0.6233505010604858,-0.7141093015670776,0.3766491413116455,0.9999997019767761
mm_0194015,BioBERT,0.0,1.0,sapbert_full_len3,9,9,0,8,False,4,1.8910611120726528,0.5965633607142825,C0027609,False,9.0,4.0,"{""C0027609"": 3, ""C1447749"": 3, ""UMLS:C1707887"": 2, ""C1309905"": 1}",1.8910611120726528,0.5965633607142825,0.0,C0027609,1.0,9.0,-0.6077777743339539,-0.6332215070724487,-0.6680569648742676,0.3667781352996826,0.9999997019767761
mm_0194015,BioMistral-7B,0.0,0.9999998807907104,sapbert_full_len3,9,9,0,8,False,1,-0.0,-0.0,C0000545,True,,,,,,,,,9.0,4.76837158203125e-07,5.828009711371528e-07,4.76837158203125e-07,0.9999999867545234,0.9999993443489076
mm_0194015,FLAN-T5-base,1.0,1.0,sapbert_full_len3,9,9,0,8,False,2,0.9910760598382222,0.3126496871021503,C0038435,False,,,,,,,,,9.0,3.5762786865234375e-07,3.841188218858507e-07,2.980232238769531e-07,0.9999999205271404,0.999999463558197
mm_0194015,Llama3-OpenBioLLM-8B,1.0,0.9999999403953552,sapbert_full_len3,9,9,0,8,False,2,0.7642045065086203,0.2410796804848405,C0035648,False,,,,,,,,,9.0,2.980232238769531e-07,0.0307051208284165,2.384185789905402e-07,0.9999998476770188,0.9692946672439576
mm_0194015,Meta-Llama-3-8B-Instruct,1.0,0.9999999403953552,sapbert_full_len3,9,9,0,8,False,1,-0.0,-0.0,C0038435,True,,,,,,,,,9.0,2.980232238769531e-07,3.510051303439671e-07,2.980232238769531e-07,0.9999999933772616,0.999999701976776
mm_0194015,Mistral-7B-Instruct-v0.1,1.0,1.0,sapbert_full_len3,9,9,0,8,False,1,-0.0,-0.0,C0038435,True,,,,,,,,,9.0,0.2261958122253418,0.1507973273595174,3.5762786865234375e-07,1.0,0.8492026329040527
mm_0194015,PubMedBERT,0.0,1.0,sapbert_full_len3,9,9,0,8,False,2,0.7642045065086203,0.2410796804848405,C1447749,False,9.0,2.0,"{""C1447749"": 7, ""C1839576"": 2}",0.7642045065086203,0.2410796804848405,0.0,C1447749,0.0,9.0,-0.6337528824806213,-0.6464290022850037,-0.6907954216003418,0.3535706400871277,0.9999997019767761
mm_0194562,BERT-base,0.0,1.0,sapbert_full_len3,5,5,0,4,False,2,0.7219280948873623,0.3109175070825711,C1447749,False,5.0,2.0,"{""C1447749"": 4, ""UMLS:C1257990"": 1}",0.7219280948873623,0.3109175070825711,0.0,C1447749,0.0,5.0,-0.5366376042366028,-0.5822439193725586,-0.7646690607070923,0.3974486291408539,0.9796925783157349
mm_0194562,BioBERT,0.0,1.0,sapbert_full_len3,5,5,0,4,False,1,-0.0,-0.0,C1257990,True,5.0,1.0,"{""UMLS:C1257990"": 5}",-0.0,-0.0,0.0,UMLS:C1257990,0.0,5.0,-0.7646690607070923,-0.7646690607070923,-0.7646690607070923,0.2150234431028366,0.9796925783157349
mm_0194562,BioMistral-7B,0.0,0.9999996423721312,sapbert_full_len3,5,5,0,4,False,2,0.7219280948873623,0.3109175070825711,C1412149,False,,,,,,,,,5.0,-1.1920928966180358e-07,-0.006892454624176,-0.0323719382286071,0.9214483499526978,0.9283407926559448
mm_0194562,FLAN-T5-base,0.0,0.9999998211860656,sapbert_full_len3,5,5,0,4,False,3,1.521928094887362,0.6554587535412855,C0001271,False,,,,,,,,,5.0,0.0512294769287108,0.0304562926292418,4.76837158203125e-07,0.9681316137313842,0.9376752972602844
mm_0194562,Llama3-OpenBioLLM-8B,0.0,0.9999996423721312,sapbert_full_len3,5,5,0,4,False,3,1.521928094887362,0.6554587535412855,C3158583,False,,,,,,,,,5.0,5.960464466436832e-08,0.0576200604438781,5.960464466436832e-08,0.9999997854232788,0.9423796534538268
mm_0194562,Meta-Llama-3-8B-Instruct,0.0,0.9999997615814208,sapbert_full_len3,5,5,0,4,False,2,0.9709505944546686,0.4181656600790516,C3158583,False,,,,,,,,,5.0,0.1440498828887938,0.0864300251007079,2.384185791015625e-07,0.9999998092651368,0.9135697484016418
mm_0194562,Mistral-7B-Instruct-v0.1,0.0,0.9999997615814208,sapbert_full_len3,5,5,0,4,False,2,0.9709505944546686,0.4181656600790516,C3158583,False,,,,,,,,,5.0,0.1440498828887938,0.1511999130249023,0.1440498828887938,1.0,0.8488000631332397
mm_0194562,PubMedBERT,0.0,1.0,sapbert_full_len3,5,5,0,4,False,2,0.7219280948873623,0.3109175070825711,C1447749,False,5.0,2.0,"{""C1370369"": 1, ""C1447749"": 4}",0.7219280948873623,0.3109175070825711,0.0,C1447749,0.0,5.0,-0.575320303440094,-0.5443741083145142,-0.575320303440094,0.43531838059425354,0.9796925783157349
mm_0195338,BERT-base,0.0,1.0,sapbert_full_len3,7,7,0,6,False,3,1.3787834934861751,0.4911325898456825,C0444254,False,7.0,3.0,"{""UMLS:C0444254"": 4, ""C1706962"": 1, ""C2985410"": 2}",1.3787834934861751,0.4911325898456825,0.0,UMLS:C0444254,0.0,7.0,-0.6855672597885132,-0.6712421178817749,-0.6855672597885132,0.32875770330429077,0.9999997019767761
mm_0195338,BioBERT,0.0,1.0,sapbert_full_len3,7,7,0,6,False,1,-0.0,-0.0,C1257990,True,7.0,1.0,"{""UMLS:C1257990"": 7}",-0.0,-0.0,0.0,UMLS:C1257990,0.0,7.0,-0.7486646175384521,-0.7486645579338074,-0.7486646175384521,0.25133514404296875,0.9999997019767761
mm_0195338,BioMistral-7B,0.0,0.9999991655349731,sapbert_full_len3,7,7,0,6,False,2,0.5916727785823275,0.2107580961471984,C0009932,False,,,,,,,,,7.0,0.1363934278488159,0.1169092740331377,1.788139343261719e-07,0.9999998722757611,0.8830905556678772
mm_0195338,FLAN-T5-base,0.0,1.0,sapbert_full_len3,7,7,0,6,False,3,1.448815635725185,0.516078542239789,C0162574,False,,,,,,,,,7.0,1.1920928955078125e-07,2.29903629784494e-07,1.1920928955078125e-07,0.9999998978206088,0.999999701976776
mm_0195338,Llama3-OpenBioLLM-8B,1.0,1.0,sapbert_full_len3,7,7,0,6,False,2,0.863120568566631,0.3074497498641964,C0027361,False,,,,,,,,,7.0,0.1001687049865722,0.0943516833441598,0.0798091292381286,1.0,0.9056482911109924
mm_0195338,Meta-Llama-3-8B-Instruct,0.0,1.0,sapbert_full_len3,7,7,0,6,False,1,-0.0,-0.0,C4264318,True,,,,,,,,,7.0,5.960464477539062e-07,5.960464477539062e-07,5.960464477539062e-07,1.0,0.999999463558197
mm_0195338,Mistral-7B-Instruct-v0.1,0.0,1.0,sapbert_full_len3,7,7,0,6,False,1,-0.0,-0.0,C0162574,True,,,,,,,,,7.0,1.1920928955078125e-07,1.1920928955078125e-07,1.1920928955078125e-07,1.0,0.9999999403953552
mm_0195338,PubMedBERT,0.0,1.0,sapbert_full_len3,7,7,0,6,False,1,-0.0,-0.0,C1839576,True,7.0,1.0,"{""C1839576"": 7}",-0.0,-0.0,0.0,C1839576,0.0,7.0,-0.6588796377182007,-0.6588796377182007,-0.6588796377182007,0.3411200940608978,0.9999997019767761
mm_0196116,BERT-base,0.0,1.0,sapbert_full_len3,4,4,0,3,False,1,-0.0,-0.0,C1312419,True,4.0,1.0,"{""C1312419"": 4}",-0.0,-0.0,0.0,C1312419,0.0,4.0,-0.6478758454322815,-0.6478758454322815,-0.6478758454322815,0.35212403535842896,0.9999998807907104
mm_0196116,BioBERT,0.0,1.0,sapbert_full_len3,4,4,0,3,False,1,-0.0,-0.0,C1312419,True,4.0,1.0,"{""C1312419"": 4}",-0.0,-0.0,0.0,C1312419,0.0,4.0,-0.6478758454322815,-0.6478758454322815,-0.6478758454322815,0.35212403535842896,0.9999998807907104
mm_0196116,BioMistral-7B,0.0,0.9999998807907104,sapbert_full_len3,4,4,0,3,False,1,-0.0,-0.0,C0005740,True,,,,,,,,,4.0,0.0141491889953613,0.0141492784023284,0.0141491889953613,0.9999999701976776,0.9858506917953492
mm_0196116,FLAN-T5-base,0.0,0.9999998807907104,sapbert_full_len3,4,4,0,3,False,1,-0.0,-0.0,C0005740,True,,,,,,,,,4.0,0.0141127705574035,0.0141127705574035,0.0141127705574035,0.9999998807907104,0.9858871102333068
mm_0196116,Llama3-OpenBioLLM-8B,0.0,0.9999998211860656,sapbert_full_len3,4,4,0,3,False,3,1.5,0.75,C0013216,False,,,,,,,,,4.0,0.1240431666374205,0.0174967795610427,-0.0540564060211181,0.9361152797937392,0.9186185002326964
mm_0196116,Meta-Llama-3-8B-Instruct,1.0,0.7446078062057495,sapbert_full_len3,4,4,0,3,False,2,1.0,0.5,C0162326,False,,,,,,,,,4.0,-0.0539101362228393,-0.0198804140090942,-0.0539101362228393,0.8723039031028748,0.8921843767166138
mm_0196116,Mistral-7B-Instruct-v0.1,0.0,1.0,sapbert_full_len3,4,4,0,3,False,1,-0.0,-0.0,C0005740,True,,,,,,,,,4.0,0.0141493082046508,0.0141493082046508,0.0141493082046508,1.0,0.9858506917953492
mm_0196116,PubMedBERT,0.0,1.0,sapbert_full_len3,4,4,0,3,False,1,-0.0,-0.0,C1447749,True,4.0,1.0,"{""C1447749"": 4}",-0.0,-0.0,0.0,C1447749,0.0,4.0,-0.6552581787109375,-0.6552581787109375,-0.6552581787109375,0.34474170207977295,0.9999998807907104
mm_0196264,BERT-base,0.0,1.0,sapbert_full_len3,6,6,0,5,False,2,0.9182958340544896,0.355245321275764,C1257990,False,6.0,2.0,"{""C1447749"": 2, ""UMLS:C1257990"": 4}",0.9182958340544896,0.355245321275764,0.0,UMLS:C1257990,0.0,6.0,-0.565259575843811,-0.5520198941230774,-0.565259575843811,0.355303555727005,0.9073235392570496
mm_0196264,BioBERT,0.0,1.0,sapbert_full_len3,6,6,0,5,False,1,-0.0,-0.0,C1257990,True,6.0,1.0,"{""UMLS:C1257990"": 6}",-0.0,-0.0,0.0,UMLS:C1257990,0.0,6.0,-0.5454000234603882,-0.5454000234603882,-0.5454000234603882,0.3619234263896942,0.9073235392570496
mm_0196264,BioMistral-7B,0.0,1.0,sapbert_full_len3,6,6,0,5,False,1,-0.0,-0.0,C1415468,True,,,,,,,,,6.0,0.1654356122016906,0.1654356122016906,0.1654356122016906,1.0,0.8345643877983093
mm_0196264,FLAN-T5-base,0.0,1.0,sapbert_full_len3,6,6,0,5,False,2,0.6500224216483541,0.2514629985800606,C1415468,False,,,,,,,,,6.0,0.1654356122016906,0.1661421060562133,0.1654356122016906,1.0,0.8338578343391418
mm_0196264,Llama3-OpenBioLLM-8B,0.0,1.0,sapbert_full_len3,6,6,0,5,False,3,1.584962500721156,0.6131471927654584,C0041904,False,,,,,,,,,6.0,0.0646842718124389,0.0458620985349019,3.5762786865234375e-07,0.9999999602635702,0.9541378617286682
mm_0196264,Meta-Llama-3-8B-Instruct,0.0,0.8027536273002625,sapbert_full_len3,6,6,0,5,False,2,0.9182958340544896,0.355245321275764,C1415468,False,,,,,,,,,6.0,0.0846307873725891,0.0690632164478302,0.0379531979560852,0.8684940238793691,0.799430787563324
mm_0196264,Mistral-7B-Instruct-v0.1,0.0,0.9999998211860656,sapbert_full_len3,6,6,0,5,False,1,-0.0,-0.0,C1415468,True,,,,,,,,,6.0,0.1654354333877562,0.1654354333877562,0.1654354333877562,0.9999998211860656,0.8345643877983093
mm_0196264,PubMedBERT,0.0,1.0,sapbert_full_len3,6,6,0,5,False,1,-0.0,-0.0,C1447749,True,6.0,1.0,"{""C1447749"": 6}",-0.0,-0.0,0.0,C1447749,0.0,6.0,-0.565259575843811,-0.565259575843811,-0.565259575843811,0.34206387400627136,0.9073235392570496
mm_0196838,BERT-base,0.0,1.0,sapbert_full_len3,8,8,0,7,False,1,-0.0,-0.0,C1257990,True,8.0,1.0,"{""UMLS:C1257990"": 8}",-0.0,-0.0,0.0,UMLS:C1257990,0.0,8.0,-0.461628258228302,-0.461628258228302,-0.461628258228302,0.40183669328689575,0.8634649515151978
mm_0196838,BioBERT,0.0,1.0,sapbert_full_len3,8,8,0,7,False,1,-0.0,-0.0,C1447749,True,8.0,1.0,"{""C1447749"": 8}",-0.0,-0.0,0.0,C1447749,0.0,8.0,-0.4277905821800232,-0.4277905821800232,-0.4277905821800232,0.43567436933517456,0.8634649515151978
mm_0196838,BioMistral-7B,0.0,0.8633868098258972,sapbert_full_len3,8,8,0,7,False,1,-0.0,-0.0,C0067320,True,,,,,,,,,8.0,0.0272229313850402,0.0272428542375564,0.0272229313850402,0.8634067326784134,0.8361638784408569
mm_0196838,FLAN-T5-base,0.0,0.8633868098258972,sapbert_full_len3,8,8,0,7,False,1,-0.0,-0.0,C0067320,True,,,,,,,,,8.0,0.0272229313850402,0.0272229313850402,0.0272229313850402,0.8633868098258972,0.8361638784408569
mm_0196838,Llama3-OpenBioLLM-8B,0.0,0.9999997615814208,sapbert_full_len3,8,8,0,7,False,2,0.954434002924965,0.318144667641655,C6016633,False,,,,,,,,,8.0,0.2822840809822081,0.1579495966434478,-0.0441093444824218,0.9259624928236008,0.7680129408836365
mm_0196838,Meta-Llama-3-8B-Instruct,0.0,0.7289314270019531,sapbert_full_len3,8,8,0,7,False,3,1.5,0.5,C0067320,False,,,,,,,,,8.0,-0.0069019794464111,0.0119024813175201,-0.0069019794464111,0.844482034444809,0.8325795531272888
mm_0196838,Mistral-7B-Instruct-v0.1,0.0,0.8634095788002014,sapbert_full_len3,8,8,0,7,False,2,0.8112781244591328,0.2704260414863776,C0067320,False,,,,,,,,,8.0,0.0272457003593444,0.0234650522470474,0.0121800303459167,0.8349767923355103,0.811511754989624
mm_0196838,PubMedBERT,0.0,1.0,sapbert_full_len3,8,8,0,7,False,1,-0.0,-0.0,C1447749,True,8.0,1.0,"{""C1447749"": 8}",-0.0,-0.0,0.0,C1447749,0.0,8.0,-0.4277905821800232,-0.4277905821800232,-0.4277905821800232,0.43567436933517456,0.8634649515151978
mm_0197067,BERT-base,0.0,1.0,sapbert_full_len3,8,8,0,7,False,3,1.2987949406953985,0.4329316468984661,C0444254,False,8.0,3.0,"{""UMLS:C0444254"": 5, ""UMLS:C0242193"": 1, ""UMLS:C0441633"": 2}",1.2987949406953985,0.4329316468984661,0.25,UMLS:C0444254,0.0,8.0,-0.3532574474811554,-0.28497686982154846,-0.35718464851379395,0.42795976996421814,0.7129366397857666
mm_0197067,BioBERT,1.0,1.0,sapbert_full_len3,8,8,0,7,False,1,-0.0,-0.0,C0441633,True,8.0,1.0,"{""UMLS:C0441633"": 8}",-0.0,-0.0,1.0,UMLS:C0441633,0.0,8.0,-0.07817155122756958,-0.07817155122756958,-0.07817155122756958,0.634765088558197,0.7129366397857666
mm_0197067,BioMistral-7B,0.0,0.8264365196228027,sapbert_full_len3,8,8,0,7,False,1,-0.0,-0.0,C0597368,True,,,,,,,,,8.0,0.0181615352630615,0.0231889337301254,0.01807701587677,0.8282707780599594,0.805081844329834
mm_0197067,FLAN-T5-base,0.0,0.8406962752342224,sapbert_full_len3,8,8,0,7,False,2,0.5435644431995964,0.1811881477331988,C0597368,False,,,,,,,,,8.0,0.0517401099205017,0.0502658188343048,0.0399457812309265,0.8530795872211456,0.8028137683868408
mm_0197067,Llama3-OpenBioLLM-8B,0.0,0.8264365196228027,sapbert_full_len3,8,8,0,7,False,3,1.061278124459133,0.353759374819711,C0597368,False,,,,,,,,,8.0,0.0181615352630615,0.0234936848282814,4.172325134277344e-07,0.8573288321495056,0.8338351249694824
mm_0197067,Meta-Llama-3-8B-Instruct,0.0,0.8406928777694702,sapbert_full_len3,8,8,0,7,False,1,-0.0,-0.0,C0597368,True,,,,,,,,,8.0,0.0518639087677001,0.0485185384750366,0.01807701587677,0.8390158712863922,0.7904973030090332
mm_0197067,Mistral-7B-Instruct-v0.1,0.0,0.8406928777694702,sapbert_full_len3,8,8,0,7,False,1,-0.0,-0.0,C0597368,True,,,,,,,,,8.0,0.0518639087677001,0.0349861085414886,0.01807701587677,0.8335224390029907,0.7985363006591797
mm_0197067,PubMedBERT,1.0,1.0,sapbert_full_len3,8,8,0,7,False,1,-0.0,-0.0,C0441633,True,8.0,1.0,"{""UMLS:C0441633"": 8}",-0.0,-0.0,1.0,UMLS:C0441633,0.0,8.0,-0.07817155122756958,-0.07817155122756958,-0.07817155122756958,0.634765088558197,0.7129366397857666
mm_0197241,BERT-base,0.0,1.0,sapbert_full_len3,6,6,0,5,False,2,0.9182958340544896,0.355245321275764,C0358514,False,6.0,2.0,"{""UMLS:C1707887"": 2, ""UMLS:C0358514"": 4}",0.9182958340544896,0.355245321275764,0.0,UMLS:C0358514,0.0,6.0,-0.5353384017944336,-0.5209338068962097,-0.5353384017944336,0.3231683075428009,0.844102144241333
mm_0197241,BioBERT,0.0,1.0,sapbert_full_len3,6,6,0,5,False,1,-0.0,-0.0,C1707887,True,6.0,1.0,"{""UMLS:C1707887"": 6}",-0.0,-0.0,0.0,UMLS:C1707887,0.0,6.0,-0.5353384017944336,-0.5353384017944336,-0.5353384017944336,0.308763712644577,0.844102144241333
mm_0197241,BioMistral-7B,0.0,0.7987178564071655,sapbert_full_len3,6,6,0,5,False,1,-0.0,-0.0,C3810549,True,,,,,,,,,6.0,-0.10296231508255,-0.10296231508255,-0.10296231508255,0.7987178564071655,0.9016801714897156
mm_0197241,FLAN-T5-base,0.0,0.9999998807907104,sapbert_full_len3,6,6,0,5,False,1,-0.0,-0.0,C0600688,True,,,,,,,,,6.0,3.5762786865234375e-07,3.5762786865234375e-07,3.5762786865234375e-07,0.9999998807907104,0.9999995231628418
mm_0197241,Llama3-OpenBioLLM-8B,0.0,0.8101459741592407,sapbert_full_len3,6,6,0,5,False,2,0.6500224216483541,0.2514629985800606,C0274829,False,,,,,,,,,6.0,-0.0187863111495971,0.0095804929733276,-0.0332710146903991,0.8701935907204946,0.8606131076812744
mm_0197241,Meta-Llama-3-8B-Instruct,0.0,0.9999998807907104,sapbert_full_len3,6,6,0,5,False,1,-0.0,-0.0,C0600688,True,,,,,,,,,6.0,5.364418029785156e-07,4.867712655731715e-07,4.768371580921027e-07,0.9999998311201732,0.9999993443489076
mm_0197241,Mistral-7B-Instruct-v0.1,0.0,0.9999998211860656,sapbert_full_len3,6,6,0,5,False,2,0.9182958340544896,0.355245321275764,C0600688,False,,,,,,,,,6.0,4.768371580921027e-07,0.02451487382253,4.768371580921027e-07,0.9999998013178506,0.9754849076271056
mm_0197241,PubMedBERT,0.0,1.0,sapbert_full_len3,6,6,0,5,False,1,-0.0,-0.0,C1839576,True,6.0,1.0,"{""C1839576"": 6}",-0.0,-0.0,0.0,C1839576,0.0,6.0,-0.3755340278148651,-0.3755340278148651,-0.3755340278148651,0.4685681164264679,0.844102144241333
mm_0197765,BERT-base,0.0,1.0,sapbert_full_len3,7,7,0,6,False,1,-0.0,-0.0,C1257990,True,7.0,1.0,"{""UMLS:C1257990"": 7}",-0.0,-0.0,0.0,UMLS:C1257990,0.0,7.0,-0.6083795428276062,-0.6083795428276062,-0.6083795428276062,0.2622178792953491,0.8705974221229553
mm_0197765,BioBERT,0.0,1.0,sapbert_full_len3,7,7,0,6,False,1,-0.0,-0.0,C1257990,True,7.0,1.0,"{""UMLS:C1257990"": 7}",-0.0,-0.0,0.0,UMLS:C1257990,0.0,7.0,-0.6083795428276062,-0.6083795428276062,-0.6083795428276062,0.2622178792953491,0.8705974221229553
mm_0197765,BioMistral-7B,0.0,1.0,sapbert_full_len3,7,7,0,6,False,1,-0.0,-0.0,C1312689,True,,,,,,,,,7.0,2.384185791015625e-07,2.384185791015625e-07,2.384185791015625e-07,1.0,0.9999998807907104
mm_0197765,FLAN-T5-base,0.0,1.0,sapbert_full_len3,7,6,1,6,False,2,0.9182958340544896,0.3271035759815648,C1312689,False,,,,,,,,,6.0,2.384185791015625e-07,1.3907750443890404e-07,1.1920928943975897e-07,0.9999998609224956,0.999999701976776
mm_0197765,Llama3-OpenBioLLM-8B,0.0,0.9999999403953552,sapbert_full_len3,7,7,0,6,False,2,0.5916727785823275,0.2107580961471984,C0017262,False,,,,,,,,,7.0,0.0379531979560852,0.0388646466391427,0.0379531979560852,0.9868532078606742,0.947988510131836
mm_0197765,Meta-Llama-3-8B-Instruct,0.0,0.9439362287521362,sapbert_full_len3,7,7,0,6,False,1,-0.0,-0.0,C1312689,True,,,,,,,,,7.0,-0.0017163753509521,-0.0016969101769583,-0.0017163753509521,0.9439524241856166,0.945649266242981
mm_0197765,Mistral-7B-Instruct-v0.1,0.0,0.9999998807907104,sapbert_full_len3,7,7,0,6,False,1,-0.0,-0.0,C1312689,True,,,,,,,,,7.0,1.1920928955078125e-07,1.1920928955078125e-07,1.1920928955078125e-07,0.9999998807907104,0.9999998807907104
mm_0197765,PubMedBERT,0.0,1.0,sapbert_full_len3,7,7,0,6,False,1,-0.0,-0.0,C1257990,True,7.0,1.0,"{""UMLS:C1257990"": 7}",-0.0,-0.0,0.0,UMLS:C1257990,0.0,7.0,-0.6083795428276062,-0.6083795428276062,-0.6083795428276062,0.2622178792953491,0.8705974221229553
mm_0198299,BERT-base,0.0,1.0,sapbert_full_len3,7,7,0,6,False,1,-0.0,-0.0,C1257990,True,7.0,1.0,"{""UMLS:C1257990"": 7}",-0.0,-0.0,0.0,UMLS:C1257990,0.0,7.0,-0.5784355401992798,-0.5784355401992798,-0.5784355401992798,0.3427460193634033,0.9211815595626831
mm_0198299,BioBERT,1.0,1.0,sapbert_full_len3,7,7,0,6,False,2,0.863120568566631,0.3074497498641964,C1432679,False,7.0,2.0,"{""UMLS:C1432679"": 5, ""C0075128"": 2}",0.863120568566631,0.3074497498641964,0.7142857142857143,UMLS:C1432679,0.0,7.0,-0.2566906213760376,-0.3049962818622589,-0.4257603883743286,0.6161853075027466,0.9211815595626831
mm_0198299,BioMistral-7B,0.0,0.9387853741645812,sapbert_full_len3,7,7,0,6,False,1,-0.0,-0.0,C1883036,True,,,,,,,,,7.0,0.1588492989540099,0.1588492989540098,0.1588492989540099,0.9387853741645812,0.7799361348152161
mm_0198299,FLAN-T5-base,0.0,0.9387853741645812,sapbert_full_len3,7,7,0,6,False,1,-0.0,-0.0,C1883036,True,,,,,,,,,7.0,0.1588492989540099,0.1588492989540098,0.1588492989540099,0.9387853741645812,0.7799361348152161
mm_0198299,Llama3-OpenBioLLM-8B,0.0,1.0,sapbert_full_len3,7,7,0,6,False,1,-0.0,-0.0,C0003250,True,,,,,,,,,7.0,6.556510925292969e-07,6.556510925292969e-07,6.556510925292969e-07,1.0,0.9999994039535522
mm_0198299,Meta-Llama-3-8B-Instruct,0.0,1.0000001192092896,sapbert_full_len3,7,7,0,6,False,3,1.1488348542809166,0.4092232318950598,C0021083,False,,,,,,,,,7.0,5.960464477539062e-07,0.0340598736490522,2.980232238769531e-07,1.0000000851494926,0.9659401774406432
mm_0198299,Mistral-7B-Instruct-v0.1,0.0,0.9999998807907104,sapbert_full_len3,7,7,0,6,False,2,0.9852281360342516,0.3509453429964405,C0003250,False,,,,,,,,,7.0,3.5762786865234375e-07,3.576278685889024e-07,3.5762786854132145e-07,0.9999997786113194,0.999999463558197
mm_0198299,PubMedBERT,0.0,1.0,sapbert_full_len3,7,7,0,6,False,2,0.863120568566631,0.3074497498641964,C1431322,False,7.0,2.0,"{""C1431322"": 5, ""C1447749"": 2}",0.863120568566631,0.3074497498641964,0.0,C1431322,0.0,7.0,-0.46506017446517944,-0.4899101257324219,-0.5520349740982056,0.43127140402793884,0.9211815595626831
mm_0198407,BERT-base,0.0,1.0,sapbert_full_len3,9,9,0,8,False,1,-0.0,-0.0,C0242193,True,9.0,1.0,"{""UMLS:C0242193"": 9}",-0.0,-0.0,0.0,UMLS:C0242193,0.0,9.0,-0.5767282843589783,-0.5767282843589783,-0.5767282843589783,0.42327141761779785,0.9999997019767761
mm_0198407,BioBERT,0.0,1.0,sapbert_full_len3,9,9,0,8,False,3,1.5304930567574826,0.4828168035714126,C1447749,False,9.0,3.0,"{""C0027609"": 2, ""UMLS:C1707887"": 3, ""C1447749"": 4}",1.5304930567574826,0.4828168035714126,0.0,C1447749,0.0,9.0,-0.7001961469650269,-0.6244427561759949,-0.7001961469650269,0.375557005405426,0.9999997019767761
mm_0198407,BioMistral-7B,0.0,0.9999998807907104,sapbert_full_len3,9,9,0,8,False,4,1.6577427265048887,0.5229596049593027,C0005684,False,,,,,,,,,9.0,4.76837158203125e-07,0.0346948107083637,-5.960464488641294e-08,0.9999998344315424,0.9653050303459167
mm_0198407,FLAN-T5-base,0.0,0.9999998807907104,sapbert_full_len3,9,9,0,8,False,1,-0.0,-0.0,C0005684,True,,,,,,,,,9.0,5.364418029785156e-07,5.364418029785156e-07,5.364418029785156e-07,0.9999998807907104,0.9999993443489076
mm_0198407,Llama3-OpenBioLLM-8B,0.0,1.0,sapbert_full_len3,9,9,0,8,False,5,2.197159723424149,0.693126721428565,C0010362,False,,,,,,,,,9.0,5.960464477539062e-07,0.1078751352098252,1.788139343261719e-07,0.9999998211860656,0.8921247124671936
mm_0198407,Meta-Llama-3-8B-Instruct,0.0,0.9999998807907104,sapbert_full_len3,9,9,0,8,False,2,0.7642045065086203,0.2410796804848405,C0005684,False,,,,,,,,,9.0,5.364418029785156e-07,4.3047799004448796e-07,5.960464477539064e-08,0.999999894036187,0.999999463558197
mm_0198407,Mistral-7B-Instruct-v0.1,0.0,0.9999997615814208,sapbert_full_len3,9,9,0,8,False,2,0.9182958340544896,0.2896900821428475,C0005684,False,,,,,,,,,9.0,4.172325133167121e-07,0.0857468777232699,3.5762786854132145e-07,0.9999998410542806,0.9142529368400574
mm_0198407,PubMedBERT,0.0,1.0,sapbert_full_len3,9,9,0,8,False,3,1.3516441151533922,0.4263962442450202,C1431322,False,9.0,3.0,"{""C1431322"": 5, ""C1839576"": 3, ""C1447749"": 1}",1.3516441151533922,0.4263962442450202,0.0,C1431322,0.0,9.0,-0.6815794706344604,-0.6797469258308411,-0.6873898506164551,0.32025277614593506,0.9999997019767761
mm_0198476,BERT-base,0.0,1.0,sapbert_full_len3,5,5,0,4,False,1,-0.0,-0.0,C1447749,True,5.0,1.0,"{""C1447749"": 5}",-0.0,-0.0,0.0,C1447749,0.0,5.0,-0.6337528824806213,-0.6337528824806213,-0.6337528824806213,0.36624675989151,0.9999996423721313
mm_0198476,BioBERT,0.0,1.0,sapbert_full_len3,5,5,0,4,False,1,-0.0,-0.0,C1257990,True,5.0,1.0,"{""UMLS:C1257990"": 5}",-0.0,-0.0,0.0,UMLS:C1257990,0.0,5.0,-0.6712387800216675,-0.6712387800216675,-0.6712387800216675,0.32876086235046387,0.9999996423721313
mm_0198476,BioMistral-7B,0.0,1.0,sapbert_full_len3,5,5,0,4,False,2,0.9709505944546686,0.4181656600790516,C0014912,False,,,,,,,,,5.0,4.172325134277344e-07,0.0253117442131042,2.384185789905402e-07,0.9999999284744264,0.9746881723403932
mm_0198476,FLAN-T5-base,1.0,1.0,sapbert_full_len3,5,5,0,4,False,2,0.9709505944546686,0.4181656600790516,C0038435,False,,,,,,,,,5.0,0.0205428004264831,0.0123258471488952,4.172325134277344e-07,1.0,0.987674117088318
mm_0198476,Llama3-OpenBioLLM-8B,0.0,0.9999998807907104,sapbert_full_len3,5,5,0,4,False,2,0.7219280948873623,0.3109175070825711,C0279494,False,,,,,,,,,5.0,0.0123925805091857,0.0099141240119934,2.980232238769531e-07,0.9999998927116394,0.990085780620575
mm_0198476,Meta-Llama-3-8B-Instruct,0.0,1.0,sapbert_full_len3,5,5,0,4,False,1,-0.0,-0.0,C0014912,True,,,,,,,,,5.0,4.172325134277344e-07,4.172325134277344e-07,4.172325134277344e-07,1.0,0.9999996423721312
mm_0198476,Mistral-7B-Instruct-v0.1,1.0,1.0,sapbert_full_len3,5,5,0,4,False,2,0.9709505944546686,0.4181656600790516,C0038435,False,,,,,,,,,5.0,0.1953909993171692,0.1172346949577331,2.384185789905402e-07,0.9999999284744264,0.8827651739120483
mm_0198476,PubMedBERT,0.0,1.0,sapbert_full_len3,5,5,0,4,False,1,-0.0,-0.0,C1447749,True,5.0,1.0,"{""C1447749"": 5}",-0.0,-0.0,0.0,C1447749,0.0,5.0,-0.6337528824806213,-0.6337528824806213,-0.6337528824806213,0.36624675989151,0.9999996423721313
mm_0198970,BERT-base,1.0,1.0,sapbert_full_len3,6,6,0,5,False,2,0.9182958340544896,0.355245321275764,C0393786,False,6.0,3.0,"{""C0393786"": 3, ""UMLS:C0393786"": 1, ""C1447749"": 2}",1.4591479170272446,0.5644754678724235,0.1666666666666666,C0393786,1.0,6.0,0.04023092985153198,-0.17357809841632843,-0.6011961698532104,0.7996008992195129,0.973179042339325
mm_0198970,BioBERT,1.0,1.0,sapbert_full_len3,6,6,0,5,False,3,1.4591479170272446,0.5644754678724235,C0393786,False,6.0,4.0,"{""UMLS:C0393786"": 2, ""C1447749"": 1, ""C0393786"": 1, ""C1839576"": 2}",1.9182958340544896,0.7420981285103057,0.3333333333333333,UMLS:C0393786,1.0,6.0,0.04023092985153198,-0.25793278217315674,-0.6011961698532104,0.721951425075531,0.979884147644043
mm_0198970,BioMistral-7B,0.0,1.0000001192092896,sapbert_full_len3,6,6,0,5,False,1,-0.0,-0.0,C0040997,True,,,,,,,,,6.0,0.0669606924057006,0.0669606924057006,0.0669606924057006,1.0000001192092896,0.9330394864082336
mm_0198970,FLAN-T5-base,0.0,0.9999998211860656,sapbert_full_len3,6,6,0,5,False,3,1.584962500721156,0.6131471927654584,C0332240,False,,,,,,,,,6.0,0.0576619505882262,0.0468118488788604,8.344650268554688e-07,0.999999870856603,0.9531880021095276
mm_0198970,Llama3-OpenBioLLM-8B,0.0,0.9999998807907104,sapbert_full_len3,6,6,0,5,False,3,1.4591479170272448,0.5644754678724236,C0086330,False,,,,,,,,,6.0,0.0684096813201904,0.0687054991722107,0.0488060116767883,0.9999999006589254,0.9312943816184998
mm_0198970,Meta-Llama-3-8B-Instruct,0.0,1.0000001192092896,sapbert_full_len3,6,6,0,5,False,2,0.9182958340544896,0.355245321275764,C0040997,False,,,,,,,,,6.0,0.0669606924057006,0.0609186391035715,0.0488060116767883,0.9999999205271404,0.939081370830536
mm_0198970,Mistral-7B-Instruct-v0.1,0.0,0.9999998807907104,sapbert_full_len3,6,6,0,5,False,2,0.6500224216483541,0.2514629985800606,C0086330,False,,,,,,,,,6.0,0.0488060116767883,0.0518317520618438,0.0488060116767883,0.9999998807907104,0.9481680989265442
mm_0198970,PubMedBERT,0.0,1.0,sapbert_full_len3,6,6,0,5,False,2,0.6500224216483541,0.2514629985800606,C1447749,False,6.0,2.0,"{""C1447749"": 5, ""C1839576"": 1}",0.6500224216483541,0.2514629985800606,0.0,C1447749,0.0,6.0,-0.6011961698532104,-0.589921236038208,-0.6011961698532104,0.41007840633392334,0.9999997019767761
mm_0199321,BERT-base,0.0,1.0,sapbert_full_len3,7,7,0,6,False,2,0.863120568566631,0.3074497498641964,C0282597,False,7.0,2.0,"{""C0282597"": 5, ""UMLS:C0032521"": 2}",0.863120568566631,0.3074497498641964,0.0,C0282597,0.0,7.0,-0.5574689507484436,-0.5909331440925598,-0.6745935082435608,0.4090662896633148,0.9999994039535522
mm_0199321,BioBERT,0.0,1.0,sapbert_full_len3,7,7,0,6,False,1,-0.0,-0.0,C1707887,True,7.0,1.0,"{""UMLS:C1707887"": 7}",-0.0,-0.0,0.0,UMLS:C1707887,0.0,7.0,-0.645126461982727,-0.645126461982727,-0.645126461982727,0.3548729419708252,0.9999994039535522
mm_0199321,BioMistral-7B,1.0,0.999999701976776,sapbert_full_len3,7,7,0,6,False,1,-0.0,-0.0,C0043491,True,,,,,,,,,7.0,0.1829850673675536,0.1829853228160313,0.1829850673675536,0.9999999574252536,0.8170146346092224
mm_0199321,FLAN-T5-base,1.0,1.0,sapbert_full_len3,7,7,0,6,False,1,-0.0,-0.0,C0043491,True,,,,,,,,,7.0,0.0563648343086242,0.0563648343086242,0.0563648343086242,1.0,0.943635106086731
mm_0199321,Llama3-OpenBioLLM-8B,1.0,0.7071652412414551,sapbert_full_len3,7,7,0,6,False,1,-0.0,-0.0,C0043491,True,,,,,,,,,7.0,0.0133664608001708,0.07988269839968,0.0133664608001708,0.9163329260689872,0.8364501595497131
mm_0199321,Meta-Llama-3-8B-Instruct,1.0,1.0,sapbert_full_len3,7,7,0,6,False,1,-0.0,-0.0,C0043491,True,,,,,,,,,7.0,0.0563648343086242,0.0563648343086242,0.0563648343086242,1.0,0.943635106086731
mm_0199321,Mistral-7B-Instruct-v0.1,1.0,0.7071652412414551,sapbert_full_len3,7,7,0,6,False,1,-0.0,-0.0,C0043491,True,,,,,,,,,7.0,0.0133664608001708,0.0247066872460501,0.0133290886878967,0.7275106906890869,0.7028040289878845
mm_0199321,PubMedBERT,0.0,1.0,sapbert_full_len3,7,7,0,6,False,3,1.1488348542809166,0.4092232318950598,C1257990,False,7.0,3.0,"{""UMLS:C1257990"": 5, ""C1839576"": 1, ""C1447749"": 1}",1.1488348542809166,0.4092232318950598,0.0,UMLS:C1257990,0.0,7.0,-0.8122000694274902,-0.7692738175392151,-0.8122000694274902,0.23072557151317596,0.9999994039535522
mm_0199585,BERT-base,0.0,1.0,sapbert_full_len3,8,8,0,7,False,3,1.2987949406953985,0.4329316468984661,C1257990,False,8.0,3.0,"{""C1312419"": 2, ""UMLS:C1257990"": 5, ""C1447749"": 1}",1.2987949406953985,0.4329316468984661,0.0,UMLS:C1257990,0.0,8.0,-0.666425347328186,-0.6629892587661743,-0.6675425171852112,0.33701035380363464,0.9999995827674866
mm_0199585,BioBERT,0.0,1.0,sapbert_full_len3,8,8,0,7,False,1,-0.0,-0.0,C0008396,True,8.0,1.0,"{""C0008396"": 8}",-0.0,-0.0,0.0,C0008396,0.0,8.0,-0.6748909950256348,-0.6748909950256348,-0.6748909950256348,0.3251086175441742,0.9999995827674866
mm_0199585,BioMistral-7B,0.0,1.0,sapbert_full_len3,8,8,0,7,False,2,0.954434002924965,0.318144667641655,C0598754,False,,,,,,,,,8.0,0.08735191822052,0.0545951053500175,4.172325134277344e-07,1.0,0.945404887199402
mm_0199585,FLAN-T5-base,0.0,0.9999998211860656,sapbert_full_len3,8,8,0,7,False,2,0.8112781244591328,0.2704260414863776,C0598754,False,,,,,,,,,8.0,0.0873517394065855,0.0790604278445243,0.0541860461235046,0.999999962747097,0.920939564704895
mm_0199585,Llama3-OpenBioLLM-8B,0.0,0.9999998211860656,sapbert_full_len3,8,8,0,7,False,3,1.2987949406953985,0.4329316468984661,C0598754,False,,,,,,,,,8.0,0.0873835682868956,0.0681612119078635,3.5762786865234375e-07,0.9999997913837432,0.9318385720252992
mm_0199585,Meta-Llama-3-8B-Instruct,0.0,1.0,sapbert_full_len3,8,8,0,7,False,1,-0.0,-0.0,C0598754,True,,,,,,,,,8.0,0.08738374710083,0.0873757898807525,0.08735191822052,1.0,0.9126242399215698
mm_0199585,Mistral-7B-Instruct-v0.1,0.0,1.0,sapbert_full_len3,8,8,0,7,False,1,-0.0,-0.0,C0598754,True,,,,,,,,,8.0,0.08735191822052,0.0873717218637465,0.0873517394065855,0.9999999105930328,0.912628173828125
mm_0199585,PubMedBERT,0.0,1.0,sapbert_full_len3,8,8,0,7,False,3,1.5,0.5,C1447749,False,8.0,3.0,"{""C1370369"": 2, ""C1447749"": 4, ""C0008396"": 2}",1.5,0.5,0.0,C1447749,1.0,8.0,-0.665372371673584,-0.6517411470413208,-0.6748909950256348,0.34825843572616577,0.9999995827674866
mm_0199599,BERT-base,0.0,1.0,sapbert_full_len3,7,7,0,6,False,1,-0.0,-0.0,C1257990,True,7.0,1.0,"{""UMLS:C1257990"": 7}",-0.0,-0.0,0.0,UMLS:C1257990,0.0,7.0,-0.7009714841842651,-0.7009714841842651,-0.7009714841842651,0.2990281879901886,0.9999997019767761
mm_0199599,BioBERT,0.0,1.0,sapbert_full_len3,7,7,0,6,False,1,-0.0,-0.0,C1839576,True,7.0,1.0,"{""C1839576"": 7}",-0.0,-0.0,0.0,C1839576,0.0,7.0,-0.6961281299591064,-0.6961281895637512,-0.6961281299591064,0.30387160181999207,0.9999997019767761
mm_0199599,BioMistral-7B,0.0,1.0,sapbert_full_len3,7,7,0,6,False,1,-0.0,-0.0,C1366674,True,,,,,,,,,7.0,4.172325134277344e-07,4.172325134277344e-07,4.172325134277344e-07,1.0,0.9999995827674866
mm_0199599,FLAN-T5-base,0.0,1.0,sapbert_full_len3,7,7,0,6,False,1,-0.0,-0.0,C0022658,True,,,,,,,,,7.0,0.1604148149490356,0.1604148149490356,0.1604148149490356,1.0,0.8395852446556091
mm_0199599,Llama3-OpenBioLLM-8B,1.0,1.0,sapbert_full_len3,7,7,0,6,False,2,0.863120568566631,0.3074497498641964,C0005558,False,,,,,,,,,7.0,0.0884503722190857,0.0889711039406912,1.1920928955078125e-06,1.0,0.9110288619995116
mm_0199599,Meta-Llama-3-8B-Instruct,0.0,1.0,sapbert_full_len3,7,7,0,6,False,2,0.5916727785823275,0.2107580961471984,C0403592,False,,,,,,,,,7.0,0.0691806674003601,0.0719334823744637,0.0691806674003601,1.0,0.928066611289978
mm_0199599,Mistral-7B-Instruct-v0.1,1.0,1.0,sapbert_full_len3,7,7,0,6,False,1,-0.0,-0.0,C0005558,True,,,,,,,,,7.0,0.059178352355957,0.0656979084014892,0.059178352355957,1.0,0.934302031993866
mm_0199599,PubMedBERT,0.0,1.0,sapbert_full_len3,7,7,0,6,False,1,-0.0,-0.0,C1839576,True,7.0,1.0,"{""C1839576"": 7}",-0.0,-0.0,0.0,C1839576,0.0,7.0,-0.6961281299591064,-0.6961281895637512,-0.6961281299591064,0.30387160181999207,0.9999997019767761
mm_0199662,BERT-base,0.0,1.0,sapbert_full_len3,5,5,0,4,False,2,0.9709505944546686,0.4181656600790516,C1283169,False,5.0,2.0,"{""UMLS:C1158849"": 2, ""UMLS:C1283169"": 3}",0.9709505944546686,0.4181656600790516,0.0,UMLS:C1283169,0.0,5.0,-0.7187264561653137,-0.5606979131698608,-0.7187264561653137,0.43930187821388245,0.9999998211860657
mm_0199662,BioBERT,0.0,1.0,sapbert_full_len3,5,5,0,4,False,2,0.7219280948873623,0.3109175070825711,C1447749,False,5.0,2.0,"{""C1447749"": 4, ""UMLS:C1707887"": 1}",0.7219280948873623,0.3109175070825711,0.0,C1447749,0.0,5.0,-0.6387404203414917,-0.6512788534164429,-0.7014327049255371,0.3487209379673004,0.9999998211860657
mm_0199662,BioMistral-7B,0.0,1.0,sapbert_full_len3,5,5,0,4,False,4,1.9219280948873625,0.8277293767706428,C0598783,False,,,,,,,,,5.0,5.960464477539062e-07,0.0343560457229614,-0.003475546836853,0.964586591720581,0.9302304983139038
mm_0199662,FLAN-T5-base,0.0,1.0000001192092896,sapbert_full_len3,5,5,0,4,False,3,1.3709505944546687,0.5904362833084089,C1428607,False,,,,,,,,,5.0,8.940696716308594e-07,6.437301635742188e-07,5.960464477539064e-08,1.000000047683716,0.9999994039535522
mm_0199662,Llama3-OpenBioLLM-8B,0.0,0.8754222989082336,sapbert_full_len3,5,5,0,4,False,3,1.521928094887362,0.6554587535412855,C4235808,False,,,,,,,,,5.0,0.079224407672882,0.0256662487983703,-0.0150589942932128,0.8625974774360656,0.8369312286376953
mm_0199662,Meta-Llama-3-8B-Instruct,0.0,1.0,sapbert_full_len3,5,5,0,4,False,4,1.9219280948873625,0.8277293767706428,C0030274,False,,,,,,,,,5.0,0.0486257672309875,0.0097254037857055,1.7881393421514957e-07,0.9999998569488524,0.9902744293212892
mm_0199662,Mistral-7B-Instruct-v0.1,0.0,0.9999998211860656,sapbert_full_len3,5,5,0,4,False,1,-0.0,-0.0,C0598783,True,,,,,,,,,5.0,0.0456452965736388,0.0456454396247863,0.0456452965736388,0.9999999642372132,0.954354465007782
mm_0199662,PubMedBERT,0.0,1.0,sapbert_full_len3,5,5,0,4,False,1,-0.0,-0.0,C1447749,True,5.0,1.0,"{""C1447749"": 5}",-0.0,-0.0,0.0,C1447749,0.0,5.0,-0.6387404203414917,-0.6387404203414917,-0.6387404203414917,0.361259400844574,0.9999998211860657
mm_0199885,BERT-base,0.0,1.0,sapbert_full_len3,5,5,0,4,False,1,-0.0,-0.0,C1257990,True,5.0,1.0,"{""UMLS:C1257990"": 5}",-0.0,-0.0,0.0,UMLS:C1257990,0.0,5.0,-0.7184555530548096,-0.7184555530548096,-0.7184555530548096,0.28154316544532776,0.9999986886978149
mm_0199885,BioBERT,0.0,1.0,sapbert_full_len3,5,5,0,4,False,1,-0.0,-0.0,C1257990,True,5.0,1.0,"{""UMLS:C1257990"": 5}",-0.0,-0.0,0.0,UMLS:C1257990,0.0,5.0,-0.7184555530548096,-0.7184555530548096,-0.7184555530548096,0.28154316544532776,0.9999986886978149
mm_0199885,BioMistral-7B,0.0,0.9999998807907104,sapbert_full_len3,5,5,0,4,False,2,0.7219280948873623,0.3109175070825711,C0005961,False,,,,,,,,,5.0,0.0673485398292541,0.0921941399574279,0.04409921169281,1.0000000238418578,0.9078058004379272
mm_0199885,FLAN-T5-base,0.0,1.0,sapbert_full_len3,5,5,0,4,False,1,-0.0,-0.0,C1415525,True,,,,,,,,,5.0,7.152557373046875e-07,7.152557373046875e-07,7.152557373046875e-07,1.0,0.999999225139618
mm_0199885,Llama3-OpenBioLLM-8B,0.0,0.9999997615814208,sapbert_full_len3,5,5,0,4,False,2,0.9709505944546686,0.4181656600790516,C0040113,False,,,,,,,,,5.0,5.364418028674933e-07,0.0839135289192199,5.364418028674933e-07,0.9999998569488524,0.9160863161087036
mm_0199885,Meta-Llama-3-8B-Instruct,0.0,1.0,sapbert_full_len3,5,5,0,4,False,2,0.9709505944546686,0.4181656600790516,C1415525,False,,,,,,,,,5.0,0.2097830176353454,0.1555119395256042,0.0741053223609924,0.9976748943328856,0.8421629667282104
mm_0199885,Mistral-7B-Instruct-v0.1,0.0,1.0,sapbert_full_len3,5,5,0,4,False,1,-0.0,-0.0,C0018133,True,,,,,,,,,5.0,0.0554605722427368,0.0554605245590209,0.055460512638092,0.999999952316284,0.9445394277572632
mm_0199885,PubMedBERT,0.0,1.0,sapbert_full_len3,5,5,0,4,False,3,1.521928094887362,0.6554587535412855,C1447749,False,5.0,3.0,"{""UMLS:C1423931"": 1, ""C1447749"": 2, ""C1839576"": 2}",1.521928094887362,0.6554587535412855,0.0,C1447749,1.0,5.0,-0.46275728940963745,-0.5256747007369995,-0.5791476964950562,0.47432392835617065,0.9999986886978149
mm_0200523,BERT-base,0.0,1.0,sapbert_full_len3,7,7,0,6,False,1,-0.0,-0.0,C3714500,True,7.0,1.0,"{""C3714500"": 7}",-0.0,-0.0,0.0,C3714500,0.0,7.0,-0.7485341429710388,-0.7485341429710388,-0.7485341429710388,0.2514656186103821,0.9999997019767761
mm_0200523,BioBERT,0.0,1.0,sapbert_full_len3,7,7,0,6,False,2,0.863120568566631,0.3074497498641964,C1257990,False,7.0,2.0,"{""UMLS:C1257990"": 5, ""C1839576"": 2}",0.863120568566631,0.3074497498641964,0.0,UMLS:C1257990,0.0,7.0,-0.7428481578826904,-0.7244065403938293,-0.7428481578826904,0.27559328079223633,0.9999997019767761
mm_0200523,BioMistral-7B,0.0,0.9999997615814208,sapbert_full_len3,7,7,0,6,False,1,-0.0,-0.0,C0001617,True,,,,,,,,,7.0,4.768371580921027e-07,4.768371580921027e-07,4.768371580921027e-07,0.9999997615814208,0.9999991655349731
mm_0200523,FLAN-T5-base,0.0,0.9999997615814208,sapbert_full_len3,7,7,0,6,False,3,1.3787834934861751,0.4911325898456825,C0025677,False,,,,,,,,,7.0,4.768371580921027e-07,0.0958940301622663,4.768371580921027e-07,0.999999965940203,0.9041059613227844
mm_0200523,Llama3-OpenBioLLM-8B,1.0,1.0,sapbert_full_len3,7,7,0,6,False,2,0.9852281360342516,0.3509453429964405,C0001617,False,,,,,,,,,7.0,0.1678141355514526,0.0719206162861414,4.768371580921027e-07,0.999999863760812,0.9280791878700256
mm_0200523,Meta-Llama-3-8B-Instruct,1.0,1.0,sapbert_full_len3,7,7,0,6,False,1,-0.0,-0.0,C0025677,True,,,,,,,,,7.0,0.0703274607658386,0.1402519771030971,0.0703274607658386,1.0,0.8597480058670044
mm_0200523,Mistral-7B-Instruct-v0.1,0.0,1.0,sapbert_full_len3,7,7,0,6,False,2,0.9852281360342516,0.3509453429964405,C0001617,False,,,,,,,,,7.0,7.152557373046875e-07,4.853521073615903e-07,4.172325133167121e-07,0.9999998211860656,0.9999993443489076
mm_0200523,PubMedBERT,0.0,1.0,sapbert_full_len3,7,7,0,6,False,2,0.9852281360342516,0.3509453429964405,C0015131,False,7.0,2.0,"{""C1839576"": 3, ""C0015131"": 4}",0.9852281360342516,0.3509453429964405,0.0,C0015131,0.0,7.0,-0.6783022880554199,-0.6484317779541016,-0.6783022880554199,0.35156798362731934,0.9999997019767761
mm_0200689,BERT-base,0.0,1.0,sapbert_full_len3,5,5,0,4,False,2,0.9709505944546686,0.4181656600790516,C0040048,False,5.0,2.0,"{""C0040048"": 3, ""UMLS:C0919821"": 2}",0.9709505944546686,0.4181656600790516,0.4,C0040048,0.0,5.0,-0.5846275091171265,-0.311249703168869,-0.5846275091171265,0.5987003445625305,0.9099500775337219
mm_0200689,BioBERT,1.0,1.0,sapbert_full_len3,5,5,0,4,False,1,-0.0,-0.0,C0919821,True,5.0,1.0,"{""UMLS:C0919821"": 5}",-0.0,-0.0,1.0,UMLS:C0919821,0.0,5.0,0.09881699085235596,0.09881699085235596,0.09881699085235596,0.9494768381118774,0.8506598472595215
mm_0200689,BioMistral-7B,1.0,0.930716872215271,sapbert_full_len3,5,5,0,4,False,4,1.9219280948873625,0.8277293767706428,C0919821,False,,,,,,,,,5.0,0.0647248029708862,0.0254352092742919,-0.0162105560302734,0.8710129380226135,0.8455777168273926
mm_0200689,FLAN-T5-base,0.0,1.0,sapbert_full_len3,5,5,0,4,False,3,1.521928094887362,0.6554587535412855,C0020564,False,,,,,,,,,5.0,0.0361649990081787,0.0574006795883178,0.02504563331604,0.9380205631256104,0.8806198835372925
mm_0200689,Llama3-OpenBioLLM-8B,0.0,0.7855940461158752,sapbert_full_len3,5,5,0,4,False,3,1.3709505944546687,0.5904362833084089,C0179406,False,,,,,,,,,5.0,-0.0006584525108337,0.0114073157310485,-0.0006584525108337,0.8482036709785461,0.8367964029312134
mm_0200689,Meta-Llama-3-8B-Instruct,0.0,0.9072588682174684,sapbert_full_len3,5,5,0,4,False,2,0.7219280948873623,0.3109175070825711,C0149721,False,,,,,,,,,5.0,-0.0024883747100828,0.0162533760070801,-0.0024883747100828,0.9443588972091674,0.9281054735183716
mm_0200689,Mistral-7B-Instruct-v0.1,0.0,0.7855940461158752,sapbert_full_len3,5,5,0,4,False,3,1.3709505944546687,0.5904362833084089,C0179406,False,,,,,,,,,5.0,-0.0006584525108337,0.0090548634529113,-0.0006584525108337,0.8373947262763977,0.8283398747444153
mm_0200689,PubMedBERT,1.0,1.0,sapbert_full_len3,5,5,0,4,False,2,0.9709505944546686,0.4181656600790516,C1447749,False,5.0,2.0,"{""UMLS:C0919821"": 2, ""C1447749"": 3}",0.9709505944546686,0.4181656600790516,0.4,C1447749,0.0,5.0,0.09881699085235596,-0.351736843585968,-0.6521060466766357,0.5582132339477539,0.9099500775337219
mm_0200899,BERT-base,0.0,1.0,sapbert_full_len3,7,7,0,6,False,2,0.863120568566631,0.3074497498641964,C1447749,False,7.0,2.0,"{""C1447749"": 5, ""UMLS:C1257990"": 2}",0.863120568566631,0.3074497498641964,0.0,C1447749,0.0,7.0,-0.6617638468742371,-0.664758563041687,-0.6722452640533447,0.3352411091327667,0.9999996423721313
mm_0200899,BioBERT,0.0,1.0,sapbert_full_len3,7,7,0,6,False,1,-0.0,-0.0,C0265267,True,7.0,1.0,"{""C0265267"": 7}",-0.0,-0.0,0.0,C0265267,0.0,7.0,-0.6463121175765991,-0.6463121175765991,-0.6463121175765991,0.3536875247955322,0.9999996423721313
mm_0200899,BioMistral-7B,0.0,0.9999997615814208,sapbert_full_len3,7,7,0,6,False,1,-0.0,-0.0,C1826310,True,,,,,,,,,7.0,0.1067044734954832,0.1067044734954832,0.1067044734954832,0.9999997615814208,0.8932952880859375
mm_0200899,FLAN-T5-base,0.0,0.9999998807907104,sapbert_full_len3,7,7,0,6,False,2,0.9852281360342516,0.3509453429964405,C0026882,False,,,,,,,,,7.0,0.1067045927047729,0.0943676914487566,0.0732461214065551,0.9999999489103044,0.9056323170661926
mm_0200899,Llama3-OpenBioLLM-8B,1.0,1.0,sapbert_full_len3,7,7,0,6,False,1,-0.0,-0.0,C0026882,True,,,,,,,,,7.0,0.250930905342102,0.1981528997421264,0.0662078857421875,1.0,0.8018471598625183
mm_0200899,Meta-Llama-3-8B-Instruct,1.0,1.0,sapbert_full_len3,7,7,0,6,False,1,-0.0,-0.0,C0026882,True,,,,,,,,,7.0,0.0662078857421875,0.1283831766673497,0.0662078857421875,1.0,0.8716168999671936
mm_0200899,Mistral-7B-Instruct-v0.1,0.0,1.0,sapbert_full_len3,7,7,0,6,False,2,0.863120568566631,0.3074497498641964,C3494415,False,,,,,,,,,7.0,0.1672704815864563,0.1477926032883779,0.0990983843803405,0.999999863760812,0.8522073030471802
mm_0200899,PubMedBERT,0.0,1.0,sapbert_full_len3,7,7,0,6,False,1,-0.0,-0.0,C1839576,True,7.0,1.0,"{""C1839576"": 7}",-0.0,-0.0,0.0,C1839576,0.0,7.0,-0.68806391954422,-0.68806391954422,-0.68806391954422,0.3119357228279114,0.9999996423721313
mm_0201109,BERT-base,0.0,1.0,sapbert_full_len3,4,4,0,3,False,2,1.0,0.5,C1447749,False,4.0,2.0,"{""C1447749"": 2, ""UMLS:C0242193"": 2}",1.0,0.5,0.0,C1447749,1.0,4.0,-0.6615190505981445,-0.6353816986083984,-0.6615190505981445,0.3646180033683777,0.9999997019767761
mm_0201109,BioBERT,0.0,1.0,sapbert_full_len3,4,4,0,3,False,1,-0.0,-0.0,C1707887,True,4.0,1.0,"{""UMLS:C1707887"": 4}",-0.0,-0.0,0.0,UMLS:C1707887,0.0,4.0,-0.6862867474555969,-0.6862867474555969,-0.6862867474555969,0.3137129545211792,0.9999997019767761
mm_0201109,BioMistral-7B,0.0,0.9999997615814208,sapbert_full_len3,4,4,0,3,False,1,-0.0,-0.0,C0033023,True,,,,,,,,,4.0,0.0583983659744261,0.0583984553813934,0.0583983659744261,0.999999850988388,0.9416013956069946
mm_0201109,FLAN-T5-base,0.0,1.0,sapbert_full_len3,4,4,0,3,False,2,1.0,0.5,C4551656,False,,,,,,,,,4.0,0.0879977345466613,0.1164969503879547,0.0879977345466613,0.9999999403953552,0.8835029602050781
mm_0201109,Llama3-OpenBioLLM-8B,0.0,1.0,sapbert_full_len3,4,4,0,3,False,3,1.5,0.75,C0018684,False,,,,,,,,,4.0,7.152557373046875e-07,0.1089509576559066,7.152557373046875e-07,1.0,0.8910490274429321
mm_0201109,Meta-Llama-3-8B-Instruct,0.0,1.0,sapbert_full_len3,4,4,0,3,False,2,1.0,0.5,C4551656,False,,,,,,,,,4.0,0.0879977345466613,0.0959701538085937,0.0879977345466613,1.0,0.9040298461914062
mm_0201109,Mistral-7B-Instruct-v0.1,0.0,0.9999998807907104,sapbert_full_len3,4,4,0,3,False,3,1.5,0.75,C0033023,False,,,,,,,,,4.0,4.172325134277344e-07,0.1058529764413833,4.172325134277344e-07,0.999999850988388,0.8941468000411987
mm_0201109,PubMedBERT,0.0,1.0,sapbert_full_len3,4,4,0,3,False,1,-0.0,-0.0,C1447749,True,4.0,1.0,"{""C1447749"": 4}",-0.0,-0.0,0.0,C1447749,0.0,4.0,-0.6615190505981445,-0.6615190505981445,-0.6615190505981445,0.3384806513786316,0.9999997019767761
mm_0201459,BERT-base,0.0,1.0,sapbert_full_len3,7,7,0,6,False,1,-0.0,-0.0,C1309905,True,7.0,1.0,"{""C1309905"": 7}",-0.0,-0.0,0.0,C1309905,0.0,7.0,-0.6364006996154785,-0.6364006996154785,-0.6364006996154785,0.3024197518825531,0.9388204216957092
mm_0201459,BioBERT,0.0,1.0,sapbert_full_len3,7,7,0,6,False,1,-0.0,-0.0,C1707887,True,7.0,1.0,"{""UMLS:C1707887"": 7}",-0.0,-0.0,0.0,UMLS:C1707887,0.0,7.0,-0.6016878485679626,-0.6016878485679626,-0.6016878485679626,0.33713260293006897,0.9388204216957092
mm_0201459,BioMistral-7B,0.0,0.9351990222930908,sapbert_full_len3,7,7,0,6,False,1,-0.0,-0.0,C0024535,True,,,,,,,,,7.0,-0.0036084651947021,-0.0036085673740932,-0.0036085844039918,0.9351989201136998,0.938807487487793
mm_0201459,FLAN-T5-base,0.0,0.9351990222930908,sapbert_full_len3,7,7,0,6,False,2,0.863120568566631,0.3074497498641964,C0024535,False,,,,,,,,,7.0,-0.0036084651947021,-0.002577475139073,-0.0036085844039918,0.9537135192326136,0.9562910199165344
mm_0201459,Llama3-OpenBioLLM-8B,0.0,0.9999998211860656,sapbert_full_len3,7,7,0,6,False,3,1.3787834934861751,0.4911325898456825,C5554306,False,,,,,,,,,7.0,1.7881393421514957e-07,0.0280739068984985,-0.0661790370941162,0.8870069980621338,0.8589330315589905
mm_0201459,Meta-Llama-3-8B-Instruct,0.0,0.9999999403953552,sapbert_full_len3,7,7,0,6,False,2,0.863120568566631,0.3074497498641964,C1705920,False,,,,,,,,,7.0,2.980232238769531e-07,2.809933253696987e-07,2.384185791015625e-07,0.9999999574252536,0.9999996423721312
mm_0201459,Mistral-7B-Instruct-v0.1,0.0,1.0,sapbert_full_len3,7,7,0,6,False,1,-0.0,-0.0,C0024530,True,,,,,,,,,7.0,2.384185791015625e-07,2.384185791015625e-07,2.384185791015625e-07,1.0,0.9999998807907104
mm_0201459,PubMedBERT,0.0,1.0,sapbert_full_len3,7,7,0,6,False,2,0.9852281360342516,0.3509453429964405,C1447749,False,7.0,2.0,"{""C1839576"": 3, ""C1447749"": 4}",0.9852281360342516,0.3509453429964405,0.0,C1447749,0.0,7.0,-0.6575424671173096,-0.6254761815071106,-0.6575424671173096,0.31334424018859863,0.9388204216957092
