coverage,n_keep,n_total,selective_accuracy,risk,dataset,model,signal,n,small_n
1.0,139.0,139.0,0.11510791366906475,0.8848920863309353,SQuAD2,BioMistral-7B,entropy,139,True
0.95,133.0,139.0,0.12030075187969924,0.8796992481203008,SQuAD2,BioMistral-7B,entropy,139,True
0.9,126.0,139.0,0.11904761904761904,0.8809523809523809,SQuAD2,BioMistral-7B,entropy,139,True
0.85,119.0,139.0,0.12605042016806722,0.8739495798319328,SQuAD2,BioMistral-7B,entropy,139,True
0.8,112.0,139.0,0.13392857142857142,0.8660714285714286,SQuAD2,BioMistral-7B,entropy,139,True
0.75,105.0,139.0,0.14285714285714285,0.8571428571428572,SQuAD2,BioMistral-7B,entropy,139,True
0.7,98.0,139.0,0.14285714285714285,0.8571428571428572,SQuAD2,BioMistral-7B,entropy,139,True
0.65,91.0,139.0,0.14285714285714285,0.8571428571428572,SQuAD2,BioMistral-7B,entropy,139,True
0.6,84.0,139.0,0.15476190476190477,0.8452380952380952,SQuAD2,BioMistral-7B,entropy,139,True
0.55,77.0,139.0,0.16883116883116883,0.8311688311688312,SQuAD2,BioMistral-7B,entropy,139,True
0.5,70.0,139.0,0.17142857142857143,0.8285714285714285,SQuAD2,BioMistral-7B,entropy,139,True
0.45,63.0,139.0,0.1746031746031746,0.8253968253968254,SQuAD2,BioMistral-7B,entropy,139,True
0.4,56.0,139.0,0.19642857142857142,0.8035714285714286,SQuAD2,BioMistral-7B,entropy,139,True
0.35,49.0,139.0,0.22448979591836735,0.7755102040816326,SQuAD2,BioMistral-7B,entropy,139,True
0.3,42.0,139.0,0.21428571428571427,0.7857142857142857,SQuAD2,BioMistral-7B,entropy,139,True
0.25,35.0,139.0,0.2,0.8,SQuAD2,BioMistral-7B,entropy,139,True
0.2,28.0,139.0,0.17857142857142858,0.8214285714285714,SQuAD2,BioMistral-7B,entropy,139,True
0.15,21.0,139.0,0.19047619047619047,0.8095238095238095,SQuAD2,BioMistral-7B,entropy,139,True
0.1,14.0,139.0,0.14285714285714285,0.8571428571428572,SQuAD2,BioMistral-7B,entropy,139,True
1.0,139.0,139.0,0.11510791366906475,0.8848920863309353,SQuAD2,BioMistral-7B,confidence,139,True
0.95,133.0,139.0,0.10526315789473684,0.8947368421052632,SQuAD2,BioMistral-7B,confidence,139,True
0.9,126.0,139.0,0.0873015873015873,0.9126984126984127,SQuAD2,BioMistral-7B,confidence,139,True
0.85,119.0,139.0,0.08403361344537816,0.9159663865546218,SQuAD2,BioMistral-7B,confidence,139,True
0.8,112.0,139.0,0.08035714285714286,0.9196428571428571,SQuAD2,BioMistral-7B,confidence,139,True
0.75,105.0,139.0,0.08571428571428572,0.9142857142857143,SQuAD2,BioMistral-7B,confidence,139,True
0.7,98.0,139.0,0.08163265306122448,0.9183673469387755,SQuAD2,BioMistral-7B,confidence,139,True
0.65,91.0,139.0,0.07692307692307693,0.9230769230769231,SQuAD2,BioMistral-7B,confidence,139,True
0.6,84.0,139.0,0.07142857142857142,0.9285714285714286,SQuAD2,BioMistral-7B,confidence,139,True
0.55,77.0,139.0,0.05194805194805195,0.948051948051948,SQuAD2,BioMistral-7B,confidence,139,True
0.5,70.0,139.0,0.04285714285714286,0.9571428571428572,SQuAD2,BioMistral-7B,confidence,139,True
0.45,63.0,139.0,0.047619047619047616,0.9523809523809523,SQuAD2,BioMistral-7B,confidence,139,True
0.4,56.0,139.0,0.017857142857142856,0.9821428571428571,SQuAD2,BioMistral-7B,confidence,139,True
0.35,49.0,139.0,0.02040816326530612,0.9795918367346939,SQuAD2,BioMistral-7B,confidence,139,True
0.3,42.0,139.0,0.0,1.0,SQuAD2,BioMistral-7B,confidence,139,True
0.25,35.0,139.0,0.0,1.0,SQuAD2,BioMistral-7B,confidence,139,True
0.2,28.0,139.0,0.0,1.0,SQuAD2,BioMistral-7B,confidence,139,True
0.15,21.0,139.0,0.0,1.0,SQuAD2,BioMistral-7B,confidence,139,True
0.1,14.0,139.0,0.0,1.0,SQuAD2,BioMistral-7B,confidence,139,True
1.0,139.0,139.0,0.11510791366906475,0.8848920863309353,SQuAD2,BioMistral-7B,margin,139,True
0.95,133.0,139.0,0.09774436090225563,0.9022556390977443,SQuAD2,BioMistral-7B,margin,139,True
0.9,126.0,139.0,0.0873015873015873,0.9126984126984127,SQuAD2,BioMistral-7B,margin,139,True
0.85,119.0,139.0,0.08403361344537816,0.9159663865546218,SQuAD2,BioMistral-7B,margin,139,True
0.8,112.0,139.0,0.08035714285714286,0.9196428571428571,SQuAD2,BioMistral-7B,margin,139,True
0.75,105.0,139.0,0.08571428571428572,0.9142857142857143,SQuAD2,BioMistral-7B,margin,139,True
0.7,98.0,139.0,0.09183673469387756,0.9081632653061225,SQuAD2,BioMistral-7B,margin,139,True
0.65,91.0,139.0,0.0989010989010989,0.9010989010989011,SQuAD2,BioMistral-7B,margin,139,True
0.6,84.0,139.0,0.10714285714285714,0.8928571428571429,SQuAD2,BioMistral-7B,margin,139,True
0.55,77.0,139.0,0.11688311688311688,0.8831168831168831,SQuAD2,BioMistral-7B,margin,139,True
0.5,70.0,139.0,0.12857142857142856,0.8714285714285714,SQuAD2,BioMistral-7B,margin,139,True
0.45,63.0,139.0,0.14285714285714285,0.8571428571428572,SQuAD2,BioMistral-7B,margin,139,True
0.4,56.0,139.0,0.16071428571428573,0.8392857142857143,SQuAD2,BioMistral-7B,margin,139,True
0.35,49.0,139.0,0.16326530612244897,0.8367346938775511,SQuAD2,BioMistral-7B,margin,139,True
0.3,42.0,139.0,0.19047619047619047,0.8095238095238095,SQuAD2,BioMistral-7B,margin,139,True
0.25,35.0,139.0,0.17142857142857143,0.8285714285714285,SQuAD2,BioMistral-7B,margin,139,True
0.2,28.0,139.0,0.14285714285714285,0.8571428571428572,SQuAD2,BioMistral-7B,margin,139,True
0.15,21.0,139.0,0.19047619047619047,0.8095238095238095,SQuAD2,BioMistral-7B,margin,139,True
0.1,14.0,139.0,0.14285714285714285,0.8571428571428572,SQuAD2,BioMistral-7B,margin,139,True
1.0,139.0,139.0,0.11510791366906475,0.8848920863309353,SQuAD2,BioMistral-7B,combined,139,True
0.95,133.0,139.0,0.11278195488721804,0.887218045112782,SQuAD2,BioMistral-7B,combined,139,True
0.9,126.0,139.0,0.11904761904761904,0.8809523809523809,SQuAD2,BioMistral-7B,combined,139,True
0.85,119.0,139.0,0.12605042016806722,0.8739495798319328,SQuAD2,BioMistral-7B,combined,139,True
0.8,112.0,139.0,0.13392857142857142,0.8660714285714286,SQuAD2,BioMistral-7B,combined,139,True
0.75,105.0,139.0,0.12380952380952381,0.8761904761904762,SQuAD2,BioMistral-7B,combined,139,True
0.7,98.0,139.0,0.1326530612244898,0.8673469387755102,SQuAD2,BioMistral-7B,combined,139,True
0.65,91.0,139.0,0.14285714285714285,0.8571428571428572,SQuAD2,BioMistral-7B,combined,139,True
0.6,84.0,139.0,0.14285714285714285,0.8571428571428572,SQuAD2,BioMistral-7B,combined,139,True
0.55,77.0,139.0,0.15584415584415584,0.8441558441558441,SQuAD2,BioMistral-7B,combined,139,True
0.5,70.0,139.0,0.17142857142857143,0.8285714285714285,SQuAD2,BioMistral-7B,combined,139,True
0.45,63.0,139.0,0.1746031746031746,0.8253968253968254,SQuAD2,BioMistral-7B,combined,139,True
0.4,56.0,139.0,0.19642857142857142,0.8035714285714286,SQuAD2,BioMistral-7B,combined,139,True
0.35,49.0,139.0,0.1836734693877551,0.8163265306122449,SQuAD2,BioMistral-7B,combined,139,True
0.3,42.0,139.0,0.14285714285714285,0.8571428571428572,SQuAD2,BioMistral-7B,combined,139,True
0.25,35.0,139.0,0.11428571428571428,0.8857142857142857,SQuAD2,BioMistral-7B,combined,139,True
0.2,28.0,139.0,0.14285714285714285,0.8571428571428572,SQuAD2,BioMistral-7B,combined,139,True
0.15,21.0,139.0,0.19047619047619047,0.8095238095238095,SQuAD2,BioMistral-7B,combined,139,True
0.1,14.0,139.0,0.07142857142857142,0.9285714285714286,SQuAD2,BioMistral-7B,combined,139,True
1.0,139.0,139.0,0.11510791366906475,0.8848920863309353,SQuAD2,BioMistral-7B,combined_3,139,True
0.95,133.0,139.0,0.11278195488721804,0.887218045112782,SQuAD2,BioMistral-7B,combined_3,139,True
0.9,126.0,139.0,0.09523809523809523,0.9047619047619048,SQuAD2,BioMistral-7B,combined_3,139,True
0.85,119.0,139.0,0.09243697478991597,0.907563025210084,SQuAD2,BioMistral-7B,combined_3,139,True
0.8,112.0,139.0,0.08035714285714286,0.9196428571428571,SQuAD2,BioMistral-7B,combined_3,139,True
0.75,105.0,139.0,0.08571428571428572,0.9142857142857143,SQuAD2,BioMistral-7B,combined_3,139,True
0.7,98.0,139.0,0.08163265306122448,0.9183673469387755,SQuAD2,BioMistral-7B,combined_3,139,True
0.65,91.0,139.0,0.08791208791208792,0.9120879120879121,SQuAD2,BioMistral-7B,combined_3,139,True
0.6,84.0,139.0,0.09523809523809523,0.9047619047619048,SQuAD2,BioMistral-7B,combined_3,139,True
0.55,77.0,139.0,0.1038961038961039,0.8961038961038961,SQuAD2,BioMistral-7B,combined_3,139,True
0.5,70.0,139.0,0.11428571428571428,0.8857142857142857,SQuAD2,BioMistral-7B,combined_3,139,True
0.45,63.0,139.0,0.12698412698412698,0.873015873015873,SQuAD2,BioMistral-7B,combined_3,139,True
0.4,56.0,139.0,0.14285714285714285,0.8571428571428572,SQuAD2,BioMistral-7B,combined_3,139,True
0.35,49.0,139.0,0.14285714285714285,0.8571428571428572,SQuAD2,BioMistral-7B,combined_3,139,True
0.3,42.0,139.0,0.16666666666666666,0.8333333333333334,SQuAD2,BioMistral-7B,combined_3,139,True
0.25,35.0,139.0,0.2,0.8,SQuAD2,BioMistral-7B,combined_3,139,True
0.2,28.0,139.0,0.17857142857142858,0.8214285714285714,SQuAD2,BioMistral-7B,combined_3,139,True
0.15,21.0,139.0,0.14285714285714285,0.8571428571428572,SQuAD2,BioMistral-7B,combined_3,139,True
0.1,14.0,139.0,0.07142857142857142,0.9285714285714286,SQuAD2,BioMistral-7B,combined_3,139,True
1.0,,,0.11510791366906477,0.8848920863309352,SQuAD2,BioMistral-7B,random,139,True
0.95,,,0.11578947368421053,0.8842105263157894,SQuAD2,BioMistral-7B,random,139,True
0.9,,,0.11746031746031746,0.8825396825396825,SQuAD2,BioMistral-7B,random,139,True
0.85,,,0.11596638655462185,0.8840336134453781,SQuAD2,BioMistral-7B,random,139,True
0.8,,,0.11517857142857142,0.8848214285714285,SQuAD2,BioMistral-7B,random,139,True
0.75,,,0.11571428571428573,0.8842857142857142,SQuAD2,BioMistral-7B,random,139,True
0.7,,,0.1173469387755102,0.8826530612244898,SQuAD2,BioMistral-7B,random,139,True
0.65,,,0.11538461538461539,0.8846153846153846,SQuAD2,BioMistral-7B,random,139,True
0.6,,,0.11488095238095239,0.8851190476190476,SQuAD2,BioMistral-7B,random,139,True
0.55,,,0.1181818181818182,0.8818181818181818,SQuAD2,BioMistral-7B,random,139,True
0.5,,,0.11857142857142858,0.8814285714285715,SQuAD2,BioMistral-7B,random,139,True
0.45,,,0.11587301587301588,0.8841269841269841,SQuAD2,BioMistral-7B,random,139,True
0.4,,,0.11428571428571428,0.8857142857142857,SQuAD2,BioMistral-7B,random,139,True
0.35,,,0.11224489795918369,0.8877551020408163,SQuAD2,BioMistral-7B,random,139,True
0.3,,,0.11785714285714285,0.8821428571428571,SQuAD2,BioMistral-7B,random,139,True
0.25,,,0.12142857142857141,0.8785714285714286,SQuAD2,BioMistral-7B,random,139,True
0.2,,,0.13035714285714284,0.8696428571428572,SQuAD2,BioMistral-7B,random,139,True
0.15,,,0.14285714285714285,0.8571428571428572,SQuAD2,BioMistral-7B,random,139,True
0.1,,,0.15714285714285714,0.8428571428571429,SQuAD2,BioMistral-7B,random,139,True
1.0,139.0,139.0,0.12949640287769784,0.8705035971223022,SQuAD2,Mistral-7B-Instruct-v0.1,entropy,139,True
0.95,133.0,139.0,0.13533834586466165,0.8646616541353384,SQuAD2,Mistral-7B-Instruct-v0.1,entropy,139,True
0.9,126.0,139.0,0.1349206349206349,0.8650793650793651,SQuAD2,Mistral-7B-Instruct-v0.1,entropy,139,True
0.85,119.0,139.0,0.14285714285714285,0.8571428571428572,SQuAD2,Mistral-7B-Instruct-v0.1,entropy,139,True
0.8,112.0,139.0,0.14285714285714285,0.8571428571428572,SQuAD2,Mistral-7B-Instruct-v0.1,entropy,139,True
0.75,105.0,139.0,0.1523809523809524,0.8476190476190476,SQuAD2,Mistral-7B-Instruct-v0.1,entropy,139,True
0.7,98.0,139.0,0.16326530612244897,0.8367346938775511,SQuAD2,Mistral-7B-Instruct-v0.1,entropy,139,True
0.65,91.0,139.0,0.17582417582417584,0.8241758241758241,SQuAD2,Mistral-7B-Instruct-v0.1,entropy,139,True
0.6,84.0,139.0,0.17857142857142858,0.8214285714285714,SQuAD2,Mistral-7B-Instruct-v0.1,entropy,139,True
0.55,77.0,139.0,0.18181818181818182,0.8181818181818181,SQuAD2,Mistral-7B-Instruct-v0.1,entropy,139,True
0.5,70.0,139.0,0.18571428571428572,0.8142857142857143,SQuAD2,Mistral-7B-Instruct-v0.1,entropy,139,True
0.45,63.0,139.0,0.19047619047619047,0.8095238095238095,SQuAD2,Mistral-7B-Instruct-v0.1,entropy,139,True
0.4,56.0,139.0,0.19642857142857142,0.8035714285714286,SQuAD2,Mistral-7B-Instruct-v0.1,entropy,139,True
0.35,49.0,139.0,0.20408163265306123,0.7959183673469388,SQuAD2,Mistral-7B-Instruct-v0.1,entropy,139,True
0.3,42.0,139.0,0.21428571428571427,0.7857142857142857,SQuAD2,Mistral-7B-Instruct-v0.1,entropy,139,True
0.25,35.0,139.0,0.22857142857142856,0.7714285714285715,SQuAD2,Mistral-7B-Instruct-v0.1,entropy,139,True
0.2,28.0,139.0,0.25,0.75,SQuAD2,Mistral-7B-Instruct-v0.1,entropy,139,True
0.15,21.0,139.0,0.23809523809523808,0.7619047619047619,SQuAD2,Mistral-7B-Instruct-v0.1,entropy,139,True
0.1,14.0,139.0,0.21428571428571427,0.7857142857142857,SQuAD2,Mistral-7B-Instruct-v0.1,entropy,139,True
1.0,139.0,139.0,0.12949640287769784,0.8705035971223022,SQuAD2,Mistral-7B-Instruct-v0.1,confidence,139,True
0.95,133.0,139.0,0.12030075187969924,0.8796992481203008,SQuAD2,Mistral-7B-Instruct-v0.1,confidence,139,True
0.9,126.0,139.0,0.11904761904761904,0.8809523809523809,SQuAD2,Mistral-7B-Instruct-v0.1,confidence,139,True
0.85,119.0,139.0,0.11764705882352941,0.8823529411764706,SQuAD2,Mistral-7B-Instruct-v0.1,confidence,139,True
0.8,112.0,139.0,0.10714285714285714,0.8928571428571429,SQuAD2,Mistral-7B-Instruct-v0.1,confidence,139,True
0.75,105.0,139.0,0.10476190476190476,0.8952380952380953,SQuAD2,Mistral-7B-Instruct-v0.1,confidence,139,True
0.7,98.0,139.0,0.08163265306122448,0.9183673469387755,SQuAD2,Mistral-7B-Instruct-v0.1,confidence,139,True
0.65,91.0,139.0,0.07692307692307693,0.9230769230769231,SQuAD2,Mistral-7B-Instruct-v0.1,confidence,139,True
0.6,84.0,139.0,0.05952380952380952,0.9404761904761905,SQuAD2,Mistral-7B-Instruct-v0.1,confidence,139,True
0.55,77.0,139.0,0.03896103896103896,0.961038961038961,SQuAD2,Mistral-7B-Instruct-v0.1,confidence,139,True
0.5,70.0,139.0,0.04285714285714286,0.9571428571428572,SQuAD2,Mistral-7B-Instruct-v0.1,confidence,139,True
0.45,63.0,139.0,0.031746031746031744,0.9682539682539683,SQuAD2,Mistral-7B-Instruct-v0.1,confidence,139,True
0.4,56.0,139.0,0.03571428571428571,0.9642857142857143,SQuAD2,Mistral-7B-Instruct-v0.1,confidence,139,True
0.35,49.0,139.0,0.02040816326530612,0.9795918367346939,SQuAD2,Mistral-7B-Instruct-v0.1,confidence,139,True
0.3,42.0,139.0,0.023809523809523808,0.9761904761904762,SQuAD2,Mistral-7B-Instruct-v0.1,confidence,139,True
0.25,35.0,139.0,0.02857142857142857,0.9714285714285714,SQuAD2,Mistral-7B-Instruct-v0.1,confidence,139,True
0.2,28.0,139.0,0.03571428571428571,0.9642857142857143,SQuAD2,Mistral-7B-Instruct-v0.1,confidence,139,True
0.15,21.0,139.0,0.047619047619047616,0.9523809523809523,SQuAD2,Mistral-7B-Instruct-v0.1,confidence,139,True
0.1,14.0,139.0,0.0,1.0,SQuAD2,Mistral-7B-Instruct-v0.1,confidence,139,True
1.0,139.0,139.0,0.12949640287769784,0.8705035971223022,SQuAD2,Mistral-7B-Instruct-v0.1,margin,139,True
0.95,133.0,139.0,0.12030075187969924,0.8796992481203008,SQuAD2,Mistral-7B-Instruct-v0.1,margin,139,True
0.9,126.0,139.0,0.11904761904761904,0.8809523809523809,SQuAD2,Mistral-7B-Instruct-v0.1,margin,139,True
0.85,119.0,139.0,0.12605042016806722,0.8739495798319328,SQuAD2,Mistral-7B-Instruct-v0.1,margin,139,True
0.8,112.0,139.0,0.125,0.875,SQuAD2,Mistral-7B-Instruct-v0.1,margin,139,True
0.75,105.0,139.0,0.13333333333333333,0.8666666666666667,SQuAD2,Mistral-7B-Instruct-v0.1,margin,139,True
0.7,98.0,139.0,0.1326530612244898,0.8673469387755102,SQuAD2,Mistral-7B-Instruct-v0.1,margin,139,True
0.65,91.0,139.0,0.13186813186813187,0.8681318681318682,SQuAD2,Mistral-7B-Instruct-v0.1,margin,139,True
0.6,84.0,139.0,0.14285714285714285,0.8571428571428572,SQuAD2,Mistral-7B-Instruct-v0.1,margin,139,True
0.55,77.0,139.0,0.15584415584415584,0.8441558441558441,SQuAD2,Mistral-7B-Instruct-v0.1,margin,139,True
0.5,70.0,139.0,0.17142857142857143,0.8285714285714285,SQuAD2,Mistral-7B-Instruct-v0.1,margin,139,True
0.45,63.0,139.0,0.19047619047619047,0.8095238095238095,SQuAD2,Mistral-7B-Instruct-v0.1,margin,139,True
0.4,56.0,139.0,0.19642857142857142,0.8035714285714286,SQuAD2,Mistral-7B-Instruct-v0.1,margin,139,True
0.35,49.0,139.0,0.22448979591836735,0.7755102040816326,SQuAD2,Mistral-7B-Instruct-v0.1,margin,139,True
0.3,42.0,139.0,0.21428571428571427,0.7857142857142857,SQuAD2,Mistral-7B-Instruct-v0.1,margin,139,True
0.25,35.0,139.0,0.22857142857142856,0.7714285714285715,SQuAD2,Mistral-7B-Instruct-v0.1,margin,139,True
0.2,28.0,139.0,0.21428571428571427,0.7857142857142857,SQuAD2,Mistral-7B-Instruct-v0.1,margin,139,True
0.15,21.0,139.0,0.23809523809523808,0.7619047619047619,SQuAD2,Mistral-7B-Instruct-v0.1,margin,139,True
0.1,14.0,139.0,0.21428571428571427,0.7857142857142857,SQuAD2,Mistral-7B-Instruct-v0.1,margin,139,True
1.0,139.0,139.0,0.12949640287769784,0.8705035971223022,SQuAD2,Mistral-7B-Instruct-v0.1,combined,139,True
0.95,133.0,139.0,0.13533834586466165,0.8646616541353384,SQuAD2,Mistral-7B-Instruct-v0.1,combined,139,True
0.9,126.0,139.0,0.14285714285714285,0.8571428571428572,SQuAD2,Mistral-7B-Instruct-v0.1,combined,139,True
0.85,119.0,139.0,0.14285714285714285,0.8571428571428572,SQuAD2,Mistral-7B-Instruct-v0.1,combined,139,True
0.8,112.0,139.0,0.15178571428571427,0.8482142857142857,SQuAD2,Mistral-7B-Instruct-v0.1,combined,139,True
0.75,105.0,139.0,0.14285714285714285,0.8571428571428572,SQuAD2,Mistral-7B-Instruct-v0.1,combined,139,True
0.7,98.0,139.0,0.15306122448979592,0.846938775510204,SQuAD2,Mistral-7B-Instruct-v0.1,combined,139,True
0.65,91.0,139.0,0.16483516483516483,0.8351648351648352,SQuAD2,Mistral-7B-Instruct-v0.1,combined,139,True
0.6,84.0,139.0,0.16666666666666666,0.8333333333333334,SQuAD2,Mistral-7B-Instruct-v0.1,combined,139,True
0.55,77.0,139.0,0.16883116883116883,0.8311688311688312,SQuAD2,Mistral-7B-Instruct-v0.1,combined,139,True
0.5,70.0,139.0,0.15714285714285714,0.8428571428571429,SQuAD2,Mistral-7B-Instruct-v0.1,combined,139,True
0.45,63.0,139.0,0.14285714285714285,0.8571428571428572,SQuAD2,Mistral-7B-Instruct-v0.1,combined,139,True
0.4,56.0,139.0,0.14285714285714285,0.8571428571428572,SQuAD2,Mistral-7B-Instruct-v0.1,combined,139,True
0.35,49.0,139.0,0.16326530612244897,0.8367346938775511,SQuAD2,Mistral-7B-Instruct-v0.1,combined,139,True
0.3,42.0,139.0,0.19047619047619047,0.8095238095238095,SQuAD2,Mistral-7B-Instruct-v0.1,combined,139,True
0.25,35.0,139.0,0.2,0.8,SQuAD2,Mistral-7B-Instruct-v0.1,combined,139,True
0.2,28.0,139.0,0.25,0.75,SQuAD2,Mistral-7B-Instruct-v0.1,combined,139,True
0.15,21.0,139.0,0.09523809523809523,0.9047619047619048,SQuAD2,Mistral-7B-Instruct-v0.1,combined,139,True
0.1,14.0,139.0,0.0,1.0,SQuAD2,Mistral-7B-Instruct-v0.1,combined,139,True
1.0,139.0,139.0,0.12949640287769784,0.8705035971223022,SQuAD2,Mistral-7B-Instruct-v0.1,combined_3,139,True
0.95,133.0,139.0,0.12781954887218044,0.8721804511278195,SQuAD2,Mistral-7B-Instruct-v0.1,combined_3,139,True
0.9,126.0,139.0,0.11904761904761904,0.8809523809523809,SQuAD2,Mistral-7B-Instruct-v0.1,combined_3,139,True
0.85,119.0,139.0,0.12605042016806722,0.8739495798319328,SQuAD2,Mistral-7B-Instruct-v0.1,combined_3,139,True
0.8,112.0,139.0,0.13392857142857142,0.8660714285714286,SQuAD2,Mistral-7B-Instruct-v0.1,combined_3,139,True
0.75,105.0,139.0,0.14285714285714285,0.8571428571428572,SQuAD2,Mistral-7B-Instruct-v0.1,combined_3,139,True
0.7,98.0,139.0,0.15306122448979592,0.846938775510204,SQuAD2,Mistral-7B-Instruct-v0.1,combined_3,139,True
0.65,91.0,139.0,0.14285714285714285,0.8571428571428572,SQuAD2,Mistral-7B-Instruct-v0.1,combined_3,139,True
0.6,84.0,139.0,0.14285714285714285,0.8571428571428572,SQuAD2,Mistral-7B-Instruct-v0.1,combined_3,139,True
0.55,77.0,139.0,0.14285714285714285,0.8571428571428572,SQuAD2,Mistral-7B-Instruct-v0.1,combined_3,139,True
0.5,70.0,139.0,0.12857142857142856,0.8714285714285714,SQuAD2,Mistral-7B-Instruct-v0.1,combined_3,139,True
0.45,63.0,139.0,0.12698412698412698,0.873015873015873,SQuAD2,Mistral-7B-Instruct-v0.1,combined_3,139,True
0.4,56.0,139.0,0.125,0.875,SQuAD2,Mistral-7B-Instruct-v0.1,combined_3,139,True
0.35,49.0,139.0,0.12244897959183673,0.8775510204081632,SQuAD2,Mistral-7B-Instruct-v0.1,combined_3,139,True
0.3,42.0,139.0,0.11904761904761904,0.8809523809523809,SQuAD2,Mistral-7B-Instruct-v0.1,combined_3,139,True
0.25,35.0,139.0,0.14285714285714285,0.8571428571428572,SQuAD2,Mistral-7B-Instruct-v0.1,combined_3,139,True
0.2,28.0,139.0,0.17857142857142858,0.8214285714285714,SQuAD2,Mistral-7B-Instruct-v0.1,combined_3,139,True
0.15,21.0,139.0,0.19047619047619047,0.8095238095238095,SQuAD2,Mistral-7B-Instruct-v0.1,combined_3,139,True
0.1,14.0,139.0,0.21428571428571427,0.7857142857142857,SQuAD2,Mistral-7B-Instruct-v0.1,combined_3,139,True
1.0,,,0.12949640287769787,0.8705035971223021,SQuAD2,Mistral-7B-Instruct-v0.1,random,139,True
0.95,,,0.12894736842105262,0.8710526315789474,SQuAD2,Mistral-7B-Instruct-v0.1,random,139,True
0.9,,,0.12380952380952381,0.8761904761904762,SQuAD2,Mistral-7B-Instruct-v0.1,random,139,True
0.85,,,0.1264705882352941,0.8735294117647059,SQuAD2,Mistral-7B-Instruct-v0.1,random,139,True
0.8,,,0.12589285714285714,0.8741071428571429,SQuAD2,Mistral-7B-Instruct-v0.1,random,139,True
0.75,,,0.12380952380952381,0.8761904761904762,SQuAD2,Mistral-7B-Instruct-v0.1,random,139,True
0.7,,,0.1260204081632653,0.8739795918367347,SQuAD2,Mistral-7B-Instruct-v0.1,random,139,True
0.65,,,0.12472527472527473,0.8752747252747253,SQuAD2,Mistral-7B-Instruct-v0.1,random,139,True
0.6,,,0.12916666666666665,0.8708333333333333,SQuAD2,Mistral-7B-Instruct-v0.1,random,139,True
0.55,,,0.12857142857142856,0.8714285714285714,SQuAD2,Mistral-7B-Instruct-v0.1,random,139,True
0.5,,,0.12714285714285714,0.8728571428571429,SQuAD2,Mistral-7B-Instruct-v0.1,random,139,True
0.45,,,0.12380952380952381,0.8761904761904762,SQuAD2,Mistral-7B-Instruct-v0.1,random,139,True
0.4,,,0.125,0.875,SQuAD2,Mistral-7B-Instruct-v0.1,random,139,True
0.35,,,0.12448979591836735,0.8755102040816326,SQuAD2,Mistral-7B-Instruct-v0.1,random,139,True
0.3,,,0.11547619047619048,0.8845238095238095,SQuAD2,Mistral-7B-Instruct-v0.1,random,139,True
0.25,,,0.11571428571428573,0.8842857142857142,SQuAD2,Mistral-7B-Instruct-v0.1,random,139,True
0.2,,,0.10357142857142856,0.8964285714285715,SQuAD2,Mistral-7B-Instruct-v0.1,random,139,True
0.15,,,0.09999999999999998,0.9,SQuAD2,Mistral-7B-Instruct-v0.1,random,139,True
0.1,,,0.08214285714285713,0.9178571428571429,SQuAD2,Mistral-7B-Instruct-v0.1,random,139,True
1.0,139.0,139.0,0.050359712230215826,0.9496402877697842,SQuAD2,OpenBioLLM-8B,entropy,139,True
0.95,133.0,139.0,0.045112781954887216,0.9548872180451128,SQuAD2,OpenBioLLM-8B,entropy,139,True
0.9,126.0,139.0,0.03968253968253968,0.9603174603174603,SQuAD2,OpenBioLLM-8B,entropy,139,True
0.85,119.0,139.0,0.04201680672268908,0.957983193277311,SQuAD2,OpenBioLLM-8B,entropy,139,True
0.8,112.0,139.0,0.044642857142857144,0.9553571428571429,SQuAD2,OpenBioLLM-8B,entropy,139,True
0.75,105.0,139.0,0.0380952380952381,0.9619047619047619,SQuAD2,OpenBioLLM-8B,entropy,139,True
0.7,98.0,139.0,0.04081632653061224,0.9591836734693877,SQuAD2,OpenBioLLM-8B,entropy,139,True
0.65,91.0,139.0,0.04395604395604396,0.9560439560439561,SQuAD2,OpenBioLLM-8B,entropy,139,True
0.6,84.0,139.0,0.047619047619047616,0.9523809523809523,SQuAD2,OpenBioLLM-8B,entropy,139,True
0.55,77.0,139.0,0.05194805194805195,0.948051948051948,SQuAD2,OpenBioLLM-8B,entropy,139,True
0.5,70.0,139.0,0.05714285714285714,0.9428571428571428,SQuAD2,OpenBioLLM-8B,entropy,139,True
0.45,63.0,139.0,0.047619047619047616,0.9523809523809523,SQuAD2,OpenBioLLM-8B,entropy,139,True
0.4,56.0,139.0,0.05357142857142857,0.9464285714285714,SQuAD2,OpenBioLLM-8B,entropy,139,True
0.35,49.0,139.0,0.061224489795918366,0.9387755102040817,SQuAD2,OpenBioLLM-8B,entropy,139,True
0.3,42.0,139.0,0.047619047619047616,0.9523809523809523,SQuAD2,OpenBioLLM-8B,entropy,139,True
0.25,35.0,139.0,0.05714285714285714,0.9428571428571428,SQuAD2,OpenBioLLM-8B,entropy,139,True
0.2,28.0,139.0,0.03571428571428571,0.9642857142857143,SQuAD2,OpenBioLLM-8B,entropy,139,True
0.15,21.0,139.0,0.047619047619047616,0.9523809523809523,SQuAD2,OpenBioLLM-8B,entropy,139,True
0.1,14.0,139.0,0.07142857142857142,0.9285714285714286,SQuAD2,OpenBioLLM-8B,entropy,139,True
1.0,139.0,139.0,0.050359712230215826,0.9496402877697842,SQuAD2,OpenBioLLM-8B,confidence,139,True
0.95,133.0,139.0,0.045112781954887216,0.9548872180451128,SQuAD2,OpenBioLLM-8B,confidence,139,True
0.9,126.0,139.0,0.047619047619047616,0.9523809523809523,SQuAD2,OpenBioLLM-8B,confidence,139,True
0.85,119.0,139.0,0.05042016806722689,0.9495798319327731,SQuAD2,OpenBioLLM-8B,confidence,139,True
0.8,112.0,139.0,0.026785714285714284,0.9732142857142857,SQuAD2,OpenBioLLM-8B,confidence,139,True
0.75,105.0,139.0,0.01904761904761905,0.9809523809523809,SQuAD2,OpenBioLLM-8B,confidence,139,True
0.7,98.0,139.0,0.01020408163265306,0.9897959183673469,SQuAD2,OpenBioLLM-8B,confidence,139,True
0.65,91.0,139.0,0.0,1.0,SQuAD2,OpenBioLLM-8B,confidence,139,True
0.6,84.0,139.0,0.0,1.0,SQuAD2,OpenBioLLM-8B,confidence,139,True
0.55,77.0,139.0,0.0,1.0,SQuAD2,OpenBioLLM-8B,confidence,139,True
0.5,70.0,139.0,0.0,1.0,SQuAD2,OpenBioLLM-8B,confidence,139,True
0.45,63.0,139.0,0.0,1.0,SQuAD2,OpenBioLLM-8B,confidence,139,True
0.4,56.0,139.0,0.0,1.0,SQuAD2,OpenBioLLM-8B,confidence,139,True
0.35,49.0,139.0,0.0,1.0,SQuAD2,OpenBioLLM-8B,confidence,139,True
0.3,42.0,139.0,0.0,1.0,SQuAD2,OpenBioLLM-8B,confidence,139,True
0.25,35.0,139.0,0.0,1.0,SQuAD2,OpenBioLLM-8B,confidence,139,True
0.2,28.0,139.0,0.0,1.0,SQuAD2,OpenBioLLM-8B,confidence,139,True
0.15,21.0,139.0,0.0,1.0,SQuAD2,OpenBioLLM-8B,confidence,139,True
0.1,14.0,139.0,0.0,1.0,SQuAD2,OpenBioLLM-8B,confidence,139,True
1.0,139.0,139.0,0.050359712230215826,0.9496402877697842,SQuAD2,OpenBioLLM-8B,margin,139,True
0.95,133.0,139.0,0.05263157894736842,0.9473684210526316,SQuAD2,OpenBioLLM-8B,margin,139,True
0.9,126.0,139.0,0.05555555555555555,0.9444444444444444,SQuAD2,OpenBioLLM-8B,margin,139,True
0.85,119.0,139.0,0.058823529411764705,0.9411764705882353,SQuAD2,OpenBioLLM-8B,margin,139,True
0.8,112.0,139.0,0.0625,0.9375,SQuAD2,OpenBioLLM-8B,margin,139,True
0.75,105.0,139.0,0.06666666666666667,0.9333333333333333,SQuAD2,OpenBioLLM-8B,margin,139,True
0.7,98.0,139.0,0.061224489795918366,0.9387755102040817,SQuAD2,OpenBioLLM-8B,margin,139,True
0.65,91.0,139.0,0.06593406593406594,0.9340659340659341,SQuAD2,OpenBioLLM-8B,margin,139,True
0.6,84.0,139.0,0.07142857142857142,0.9285714285714286,SQuAD2,OpenBioLLM-8B,margin,139,True
0.55,77.0,139.0,0.06493506493506493,0.935064935064935,SQuAD2,OpenBioLLM-8B,margin,139,True
0.5,70.0,139.0,0.07142857142857142,0.9285714285714286,SQuAD2,OpenBioLLM-8B,margin,139,True
0.45,63.0,139.0,0.06349206349206349,0.9365079365079365,SQuAD2,OpenBioLLM-8B,margin,139,True
0.4,56.0,139.0,0.07142857142857142,0.9285714285714286,SQuAD2,OpenBioLLM-8B,margin,139,True
0.35,49.0,139.0,0.08163265306122448,0.9183673469387755,SQuAD2,OpenBioLLM-8B,margin,139,True
0.3,42.0,139.0,0.09523809523809523,0.9047619047619048,SQuAD2,OpenBioLLM-8B,margin,139,True
0.25,35.0,139.0,0.08571428571428572,0.9142857142857143,SQuAD2,OpenBioLLM-8B,margin,139,True
0.2,28.0,139.0,0.03571428571428571,0.9642857142857143,SQuAD2,OpenBioLLM-8B,margin,139,True
0.15,21.0,139.0,0.047619047619047616,0.9523809523809523,SQuAD2,OpenBioLLM-8B,margin,139,True
0.1,14.0,139.0,0.07142857142857142,0.9285714285714286,SQuAD2,OpenBioLLM-8B,margin,139,True
1.0,139.0,139.0,0.050359712230215826,0.9496402877697842,SQuAD2,OpenBioLLM-8B,combined,139,True
0.95,133.0,139.0,0.05263157894736842,0.9473684210526316,SQuAD2,OpenBioLLM-8B,combined,139,True
0.9,126.0,139.0,0.03968253968253968,0.9603174603174603,SQuAD2,OpenBioLLM-8B,combined,139,True
0.85,119.0,139.0,0.04201680672268908,0.957983193277311,SQuAD2,OpenBioLLM-8B,combined,139,True
0.8,112.0,139.0,0.044642857142857144,0.9553571428571429,SQuAD2,OpenBioLLM-8B,combined,139,True
0.75,105.0,139.0,0.047619047619047616,0.9523809523809523,SQuAD2,OpenBioLLM-8B,combined,139,True
0.7,98.0,139.0,0.04081632653061224,0.9591836734693877,SQuAD2,OpenBioLLM-8B,combined,139,True
0.65,91.0,139.0,0.04395604395604396,0.9560439560439561,SQuAD2,OpenBioLLM-8B,combined,139,True
0.6,84.0,139.0,0.047619047619047616,0.9523809523809523,SQuAD2,OpenBioLLM-8B,combined,139,True
0.55,77.0,139.0,0.05194805194805195,0.948051948051948,SQuAD2,OpenBioLLM-8B,combined,139,True
0.5,70.0,139.0,0.05714285714285714,0.9428571428571428,SQuAD2,OpenBioLLM-8B,combined,139,True
0.45,63.0,139.0,0.047619047619047616,0.9523809523809523,SQuAD2,OpenBioLLM-8B,combined,139,True
0.4,56.0,139.0,0.03571428571428571,0.9642857142857143,SQuAD2,OpenBioLLM-8B,combined,139,True
0.35,49.0,139.0,0.02040816326530612,0.9795918367346939,SQuAD2,OpenBioLLM-8B,combined,139,True
0.3,42.0,139.0,0.023809523809523808,0.9761904761904762,SQuAD2,OpenBioLLM-8B,combined,139,True
0.25,35.0,139.0,0.02857142857142857,0.9714285714285714,SQuAD2,OpenBioLLM-8B,combined,139,True
0.2,28.0,139.0,0.03571428571428571,0.9642857142857143,SQuAD2,OpenBioLLM-8B,combined,139,True
0.15,21.0,139.0,0.047619047619047616,0.9523809523809523,SQuAD2,OpenBioLLM-8B,combined,139,True
0.1,14.0,139.0,0.0,1.0,SQuAD2,OpenBioLLM-8B,combined,139,True
1.0,139.0,139.0,0.050359712230215826,0.9496402877697842,SQuAD2,OpenBioLLM-8B,combined_3,139,True
0.95,133.0,139.0,0.05263157894736842,0.9473684210526316,SQuAD2,OpenBioLLM-8B,combined_3,139,True
0.9,126.0,139.0,0.05555555555555555,0.9444444444444444,SQuAD2,OpenBioLLM-8B,combined_3,139,True
0.85,119.0,139.0,0.05042016806722689,0.9495798319327731,SQuAD2,OpenBioLLM-8B,combined_3,139,True
0.8,112.0,139.0,0.05357142857142857,0.9464285714285714,SQuAD2,OpenBioLLM-8B,combined_3,139,True
0.75,105.0,139.0,0.05714285714285714,0.9428571428571428,SQuAD2,OpenBioLLM-8B,combined_3,139,True
0.7,98.0,139.0,0.05102040816326531,0.9489795918367347,SQuAD2,OpenBioLLM-8B,combined_3,139,True
0.65,91.0,139.0,0.04395604395604396,0.9560439560439561,SQuAD2,OpenBioLLM-8B,combined_3,139,True
0.6,84.0,139.0,0.047619047619047616,0.9523809523809523,SQuAD2,OpenBioLLM-8B,combined_3,139,True
0.55,77.0,139.0,0.05194805194805195,0.948051948051948,SQuAD2,OpenBioLLM-8B,combined_3,139,True
0.5,70.0,139.0,0.02857142857142857,0.9714285714285714,SQuAD2,OpenBioLLM-8B,combined_3,139,True
0.45,63.0,139.0,0.015873015873015872,0.9841269841269842,SQuAD2,OpenBioLLM-8B,combined_3,139,True
0.4,56.0,139.0,0.017857142857142856,0.9821428571428571,SQuAD2,OpenBioLLM-8B,combined_3,139,True
0.35,49.0,139.0,0.02040816326530612,0.9795918367346939,SQuAD2,OpenBioLLM-8B,combined_3,139,True
0.3,42.0,139.0,0.0,1.0,SQuAD2,OpenBioLLM-8B,combined_3,139,True
0.25,35.0,139.0,0.0,1.0,SQuAD2,OpenBioLLM-8B,combined_3,139,True
0.2,28.0,139.0,0.0,1.0,SQuAD2,OpenBioLLM-8B,combined_3,139,True
0.15,21.0,139.0,0.0,1.0,SQuAD2,OpenBioLLM-8B,combined_3,139,True
0.1,14.0,139.0,0.0,1.0,SQuAD2,OpenBioLLM-8B,combined_3,139,True
1.0,,,0.050359712230215826,0.9496402877697842,SQuAD2,OpenBioLLM-8B,random,139,True
0.95,,,0.05075187969924812,0.9492481203007519,SQuAD2,OpenBioLLM-8B,random,139,True
0.9,,,0.050793650793650794,0.9492063492063492,SQuAD2,OpenBioLLM-8B,random,139,True
0.85,,,0.049579831932773114,0.9504201680672268,SQuAD2,OpenBioLLM-8B,random,139,True
0.8,,,0.049107142857142856,0.9508928571428571,SQuAD2,OpenBioLLM-8B,random,139,True
0.75,,,0.04904761904761905,0.950952380952381,SQuAD2,OpenBioLLM-8B,random,139,True
0.7,,,0.04744897959183674,0.9525510204081633,SQuAD2,OpenBioLLM-8B,random,139,True
0.65,,,0.04835164835164835,0.9516483516483516,SQuAD2,OpenBioLLM-8B,random,139,True
0.6,,,0.04583333333333333,0.9541666666666667,SQuAD2,OpenBioLLM-8B,random,139,True
0.55,,,0.04415584415584416,0.9558441558441558,SQuAD2,OpenBioLLM-8B,random,139,True
0.5,,,0.04428571428571429,0.9557142857142857,SQuAD2,OpenBioLLM-8B,random,139,True
0.45,,,0.04126984126984126,0.9587301587301588,SQuAD2,OpenBioLLM-8B,random,139,True
0.4,,,0.044642857142857144,0.9553571428571429,SQuAD2,OpenBioLLM-8B,random,139,True
0.35,,,0.04285714285714286,0.9571428571428572,SQuAD2,OpenBioLLM-8B,random,139,True
0.3,,,0.040476190476190485,0.9595238095238096,SQuAD2,OpenBioLLM-8B,random,139,True
0.25,,,0.037142857142857144,0.9628571428571429,SQuAD2,OpenBioLLM-8B,random,139,True
0.2,,,0.033928571428571426,0.9660714285714286,SQuAD2,OpenBioLLM-8B,random,139,True
0.15,,,0.023809523809523808,0.9761904761904762,SQuAD2,OpenBioLLM-8B,random,139,True
0.1,,,0.017857142857142856,0.9821428571428571,SQuAD2,OpenBioLLM-8B,random,139,True
1.0,139.0,139.0,0.5971223021582733,0.40287769784172667,SQuAD2,Meta-Llama-3-8B-Instruct,entropy,139,True
0.95,133.0,139.0,0.6015037593984962,0.3984962406015038,SQuAD2,Meta-Llama-3-8B-Instruct,entropy,139,True
0.9,126.0,139.0,0.6111111111111112,0.38888888888888884,SQuAD2,Meta-Llama-3-8B-Instruct,entropy,139,True
0.85,119.0,139.0,0.6302521008403361,0.3697478991596639,SQuAD2,Meta-Llama-3-8B-Instruct,entropy,139,True
0.8,112.0,139.0,0.6428571428571429,0.3571428571428571,SQuAD2,Meta-Llama-3-8B-Instruct,entropy,139,True
0.75,105.0,139.0,0.6761904761904762,0.32380952380952377,SQuAD2,Meta-Llama-3-8B-Instruct,entropy,139,True
0.7,98.0,139.0,0.6938775510204082,0.30612244897959184,SQuAD2,Meta-Llama-3-8B-Instruct,entropy,139,True
0.65,91.0,139.0,0.6923076923076923,0.3076923076923077,SQuAD2,Meta-Llama-3-8B-Instruct,entropy,139,True
0.6,84.0,139.0,0.6904761904761905,0.30952380952380953,SQuAD2,Meta-Llama-3-8B-Instruct,entropy,139,True
0.55,77.0,139.0,0.6883116883116883,0.3116883116883117,SQuAD2,Meta-Llama-3-8B-Instruct,entropy,139,True
0.5,70.0,139.0,0.7,0.30000000000000004,SQuAD2,Meta-Llama-3-8B-Instruct,entropy,139,True
0.45,63.0,139.0,0.7142857142857143,0.2857142857142857,SQuAD2,Meta-Llama-3-8B-Instruct,entropy,139,True
0.4,56.0,139.0,0.7321428571428571,0.2678571428571429,SQuAD2,Meta-Llama-3-8B-Instruct,entropy,139,True
0.35,49.0,139.0,0.7142857142857143,0.2857142857142857,SQuAD2,Meta-Llama-3-8B-Instruct,entropy,139,True
0.3,42.0,139.0,0.6904761904761905,0.30952380952380953,SQuAD2,Meta-Llama-3-8B-Instruct,entropy,139,True
0.25,35.0,139.0,0.6857142857142857,0.3142857142857143,SQuAD2,Meta-Llama-3-8B-Instruct,entropy,139,True
0.2,28.0,139.0,0.6428571428571429,0.3571428571428571,SQuAD2,Meta-Llama-3-8B-Instruct,entropy,139,True
0.15,21.0,139.0,0.6666666666666666,0.33333333333333337,SQuAD2,Meta-Llama-3-8B-Instruct,entropy,139,True
0.1,14.0,139.0,0.6428571428571429,0.3571428571428571,SQuAD2,Meta-Llama-3-8B-Instruct,entropy,139,True
1.0,139.0,139.0,0.5971223021582733,0.40287769784172667,SQuAD2,Meta-Llama-3-8B-Instruct,confidence,139,True
0.95,133.0,139.0,0.6090225563909775,0.39097744360902253,SQuAD2,Meta-Llama-3-8B-Instruct,confidence,139,True
0.9,126.0,139.0,0.6111111111111112,0.38888888888888884,SQuAD2,Meta-Llama-3-8B-Instruct,confidence,139,True
0.85,119.0,139.0,0.6218487394957983,0.37815126050420167,SQuAD2,Meta-Llama-3-8B-Instruct,confidence,139,True
0.8,112.0,139.0,0.625,0.375,SQuAD2,Meta-Llama-3-8B-Instruct,confidence,139,True
0.75,105.0,139.0,0.6285714285714286,0.37142857142857144,SQuAD2,Meta-Llama-3-8B-Instruct,confidence,139,True
0.7,98.0,139.0,0.6326530612244898,0.36734693877551017,SQuAD2,Meta-Llama-3-8B-Instruct,confidence,139,True
0.65,91.0,139.0,0.6373626373626373,0.3626373626373627,SQuAD2,Meta-Llama-3-8B-Instruct,confidence,139,True
0.6,84.0,139.0,0.6428571428571429,0.3571428571428571,SQuAD2,Meta-Llama-3-8B-Instruct,confidence,139,True
0.55,77.0,139.0,0.6753246753246753,0.3246753246753247,SQuAD2,Meta-Llama-3-8B-Instruct,confidence,139,True
0.5,70.0,139.0,0.6571428571428571,0.34285714285714286,SQuAD2,Meta-Llama-3-8B-Instruct,confidence,139,True
0.45,63.0,139.0,0.6507936507936508,0.3492063492063492,SQuAD2,Meta-Llama-3-8B-Instruct,confidence,139,True
0.4,56.0,139.0,0.7142857142857143,0.2857142857142857,SQuAD2,Meta-Llama-3-8B-Instruct,confidence,139,True
0.35,49.0,139.0,0.6938775510204082,0.30612244897959184,SQuAD2,Meta-Llama-3-8B-Instruct,confidence,139,True
0.3,42.0,139.0,0.7142857142857143,0.2857142857142857,SQuAD2,Meta-Llama-3-8B-Instruct,confidence,139,True
0.25,35.0,139.0,0.6857142857142857,0.3142857142857143,SQuAD2,Meta-Llama-3-8B-Instruct,confidence,139,True
0.2,28.0,139.0,0.7142857142857143,0.2857142857142857,SQuAD2,Meta-Llama-3-8B-Instruct,confidence,139,True
0.15,21.0,139.0,0.8095238095238095,0.19047619047619047,SQuAD2,Meta-Llama-3-8B-Instruct,confidence,139,True
0.1,14.0,139.0,0.9285714285714286,0.0714285714285714,SQuAD2,Meta-Llama-3-8B-Instruct,confidence,139,True
1.0,139.0,139.0,0.5971223021582733,0.40287769784172667,SQuAD2,Meta-Llama-3-8B-Instruct,margin,139,True
0.95,133.0,139.0,0.5864661654135338,0.4135338345864662,SQuAD2,Meta-Llama-3-8B-Instruct,margin,139,True
0.9,126.0,139.0,0.5873015873015873,0.4126984126984127,SQuAD2,Meta-Llama-3-8B-Instruct,margin,139,True
0.85,119.0,139.0,0.5798319327731093,0.4201680672268907,SQuAD2,Meta-Llama-3-8B-Instruct,margin,139,True
0.8,112.0,139.0,0.5892857142857143,0.4107142857142857,SQuAD2,Meta-Llama-3-8B-Instruct,margin,139,True
0.75,105.0,139.0,0.5904761904761905,0.4095238095238095,SQuAD2,Meta-Llama-3-8B-Instruct,margin,139,True
0.7,98.0,139.0,0.6020408163265306,0.3979591836734694,SQuAD2,Meta-Llama-3-8B-Instruct,margin,139,True
0.65,91.0,139.0,0.6373626373626373,0.3626373626373627,SQuAD2,Meta-Llama-3-8B-Instruct,margin,139,True
0.6,84.0,139.0,0.6666666666666666,0.33333333333333337,SQuAD2,Meta-Llama-3-8B-Instruct,margin,139,True
0.55,77.0,139.0,0.6363636363636364,0.36363636363636365,SQuAD2,Meta-Llama-3-8B-Instruct,margin,139,True
0.5,70.0,139.0,0.6,0.4,SQuAD2,Meta-Llama-3-8B-Instruct,margin,139,True
0.45,63.0,139.0,0.5555555555555556,0.4444444444444444,SQuAD2,Meta-Llama-3-8B-Instruct,margin,139,True
0.4,56.0,139.0,0.5178571428571429,0.4821428571428571,SQuAD2,Meta-Llama-3-8B-Instruct,margin,139,True
0.35,49.0,139.0,0.5102040816326531,0.4897959183673469,SQuAD2,Meta-Llama-3-8B-Instruct,margin,139,True
0.3,42.0,139.0,0.5238095238095238,0.47619047619047616,SQuAD2,Meta-Llama-3-8B-Instruct,margin,139,True
0.25,35.0,139.0,0.5142857142857142,0.48571428571428577,SQuAD2,Meta-Llama-3-8B-Instruct,margin,139,True
0.2,28.0,139.0,0.5357142857142857,0.4642857142857143,SQuAD2,Meta-Llama-3-8B-Instruct,margin,139,True
0.15,21.0,139.0,0.47619047619047616,0.5238095238095238,SQuAD2,Meta-Llama-3-8B-Instruct,margin,139,True
0.1,14.0,139.0,0.5,0.5,SQuAD2,Meta-Llama-3-8B-Instruct,margin,139,True
1.0,139.0,139.0,0.5971223021582733,0.40287769784172667,SQuAD2,Meta-Llama-3-8B-Instruct,combined,139,True
0.95,133.0,139.0,0.6165413533834586,0.3834586466165414,SQuAD2,Meta-Llama-3-8B-Instruct,combined,139,True
0.9,126.0,139.0,0.626984126984127,0.373015873015873,SQuAD2,Meta-Llama-3-8B-Instruct,combined,139,True
0.85,119.0,139.0,0.6470588235294118,0.3529411764705882,SQuAD2,Meta-Llama-3-8B-Instruct,combined,139,True
0.8,112.0,139.0,0.6517857142857143,0.3482142857142857,SQuAD2,Meta-Llama-3-8B-Instruct,combined,139,True
0.75,105.0,139.0,0.6857142857142857,0.3142857142857143,SQuAD2,Meta-Llama-3-8B-Instruct,combined,139,True
0.7,98.0,139.0,0.673469387755102,0.326530612244898,SQuAD2,Meta-Llama-3-8B-Instruct,combined,139,True
0.65,91.0,139.0,0.6813186813186813,0.31868131868131866,SQuAD2,Meta-Llama-3-8B-Instruct,combined,139,True
0.6,84.0,139.0,0.6785714285714286,0.3214285714285714,SQuAD2,Meta-Llama-3-8B-Instruct,combined,139,True
0.55,77.0,139.0,0.6883116883116883,0.3116883116883117,SQuAD2,Meta-Llama-3-8B-Instruct,combined,139,True
0.5,70.0,139.0,0.7,0.30000000000000004,SQuAD2,Meta-Llama-3-8B-Instruct,combined,139,True
0.45,63.0,139.0,0.6825396825396826,0.31746031746031744,SQuAD2,Meta-Llama-3-8B-Instruct,combined,139,True
0.4,56.0,139.0,0.6785714285714286,0.3214285714285714,SQuAD2,Meta-Llama-3-8B-Instruct,combined,139,True
0.35,49.0,139.0,0.6938775510204082,0.30612244897959184,SQuAD2,Meta-Llama-3-8B-Instruct,combined,139,True
0.3,42.0,139.0,0.7142857142857143,0.2857142857142857,SQuAD2,Meta-Llama-3-8B-Instruct,combined,139,True
0.25,35.0,139.0,0.7428571428571429,0.2571428571428571,SQuAD2,Meta-Llama-3-8B-Instruct,combined,139,True
0.2,28.0,139.0,0.75,0.25,SQuAD2,Meta-Llama-3-8B-Instruct,combined,139,True
0.15,21.0,139.0,0.7142857142857143,0.2857142857142857,SQuAD2,Meta-Llama-3-8B-Instruct,combined,139,True
0.1,14.0,139.0,0.7857142857142857,0.2142857142857143,SQuAD2,Meta-Llama-3-8B-Instruct,combined,139,True
1.0,139.0,139.0,0.5971223021582733,0.40287769784172667,SQuAD2,Meta-Llama-3-8B-Instruct,combined_3,139,True
0.95,133.0,139.0,0.6090225563909775,0.39097744360902253,SQuAD2,Meta-Llama-3-8B-Instruct,combined_3,139,True
0.9,126.0,139.0,0.626984126984127,0.373015873015873,SQuAD2,Meta-Llama-3-8B-Instruct,combined_3,139,True
0.85,119.0,139.0,0.6302521008403361,0.3697478991596639,SQuAD2,Meta-Llama-3-8B-Instruct,combined_3,139,True
0.8,112.0,139.0,0.6339285714285714,0.3660714285714286,SQuAD2,Meta-Llama-3-8B-Instruct,combined_3,139,True
0.75,105.0,139.0,0.6476190476190476,0.35238095238095235,SQuAD2,Meta-Llama-3-8B-Instruct,combined_3,139,True
0.7,98.0,139.0,0.6428571428571429,0.3571428571428571,SQuAD2,Meta-Llama-3-8B-Instruct,combined_3,139,True
0.65,91.0,139.0,0.6703296703296703,0.3296703296703297,SQuAD2,Meta-Llama-3-8B-Instruct,combined_3,139,True
0.6,84.0,139.0,0.6904761904761905,0.30952380952380953,SQuAD2,Meta-Llama-3-8B-Instruct,combined_3,139,True
0.55,77.0,139.0,0.6753246753246753,0.3246753246753247,SQuAD2,Meta-Llama-3-8B-Instruct,combined_3,139,True
0.5,70.0,139.0,0.7,0.30000000000000004,SQuAD2,Meta-Llama-3-8B-Instruct,combined_3,139,True
0.45,63.0,139.0,0.6984126984126984,0.3015873015873016,SQuAD2,Meta-Llama-3-8B-Instruct,combined_3,139,True
0.4,56.0,139.0,0.6785714285714286,0.3214285714285714,SQuAD2,Meta-Llama-3-8B-Instruct,combined_3,139,True
0.35,49.0,139.0,0.7142857142857143,0.2857142857142857,SQuAD2,Meta-Llama-3-8B-Instruct,combined_3,139,True
0.3,42.0,139.0,0.6904761904761905,0.30952380952380953,SQuAD2,Meta-Llama-3-8B-Instruct,combined_3,139,True
0.25,35.0,139.0,0.6571428571428571,0.34285714285714286,SQuAD2,Meta-Llama-3-8B-Instruct,combined_3,139,True
0.2,28.0,139.0,0.6428571428571429,0.3571428571428571,SQuAD2,Meta-Llama-3-8B-Instruct,combined_3,139,True
0.15,21.0,139.0,0.5714285714285714,0.4285714285714286,SQuAD2,Meta-Llama-3-8B-Instruct,combined_3,139,True
0.1,14.0,139.0,0.6428571428571429,0.3571428571428571,SQuAD2,Meta-Llama-3-8B-Instruct,combined_3,139,True
1.0,,,0.5971223021582734,0.40287769784172656,SQuAD2,Meta-Llama-3-8B-Instruct,random,139,True
0.95,,,0.5981203007518798,0.40187969924812017,SQuAD2,Meta-Llama-3-8B-Instruct,random,139,True
0.9,,,0.5964285714285713,0.4035714285714287,SQuAD2,Meta-Llama-3-8B-Instruct,random,139,True
0.85,,,0.5932773109243696,0.40672268907563036,SQuAD2,Meta-Llama-3-8B-Instruct,random,139,True
0.8,,,0.5959821428571427,0.4040178571428573,SQuAD2,Meta-Llama-3-8B-Instruct,random,139,True
0.75,,,0.5966666666666667,0.4033333333333333,SQuAD2,Meta-Llama-3-8B-Instruct,random,139,True
0.7,,,0.5999999999999999,0.40000000000000013,SQuAD2,Meta-Llama-3-8B-Instruct,random,139,True
0.65,,,0.5994505494505494,0.40054945054945057,SQuAD2,Meta-Llama-3-8B-Instruct,random,139,True
0.6,,,0.6047619047619047,0.3952380952380953,SQuAD2,Meta-Llama-3-8B-Instruct,random,139,True
0.55,,,0.6025974025974026,0.3974025974025974,SQuAD2,Meta-Llama-3-8B-Instruct,random,139,True
0.5,,,0.6078571428571429,0.3921428571428571,SQuAD2,Meta-Llama-3-8B-Instruct,random,139,True
0.45,,,0.6047619047619047,0.3952380952380953,SQuAD2,Meta-Llama-3-8B-Instruct,random,139,True
0.4,,,0.6044642857142858,0.3955357142857142,SQuAD2,Meta-Llama-3-8B-Instruct,random,139,True
0.35,,,0.6030612244897959,0.39693877551020407,SQuAD2,Meta-Llama-3-8B-Instruct,random,139,True
0.3,,,0.613095238095238,0.386904761904762,SQuAD2,Meta-Llama-3-8B-Instruct,random,139,True
0.25,,,0.6199999999999999,0.3800000000000001,SQuAD2,Meta-Llama-3-8B-Instruct,random,139,True
0.2,,,0.6303571428571428,0.36964285714285716,SQuAD2,Meta-Llama-3-8B-Instruct,random,139,True
0.15,,,0.6309523809523809,0.36904761904761907,SQuAD2,Meta-Llama-3-8B-Instruct,random,139,True
0.1,,,0.6249999999999999,0.3750000000000001,SQuAD2,Meta-Llama-3-8B-Instruct,random,139,True
1.0,139.0,139.0,0.6402877697841727,0.3597122302158273,SQuAD2,FLAN-T5-base,entropy,139,True
0.95,133.0,139.0,0.6466165413533834,0.3533834586466166,SQuAD2,FLAN-T5-base,entropy,139,True
0.9,126.0,139.0,0.6428571428571429,0.3571428571428571,SQuAD2,FLAN-T5-base,entropy,139,True
0.85,119.0,139.0,0.6554621848739496,0.3445378151260504,SQuAD2,FLAN-T5-base,entropy,139,True
0.8,112.0,139.0,0.6696428571428571,0.3303571428571429,SQuAD2,FLAN-T5-base,entropy,139,True
0.75,105.0,139.0,0.6761904761904762,0.32380952380952377,SQuAD2,FLAN-T5-base,entropy,139,True
0.7,98.0,139.0,0.6632653061224489,0.33673469387755106,SQuAD2,FLAN-T5-base,entropy,139,True
0.65,91.0,139.0,0.6593406593406593,0.34065934065934067,SQuAD2,FLAN-T5-base,entropy,139,True
0.6,84.0,139.0,0.6785714285714286,0.3214285714285714,SQuAD2,FLAN-T5-base,entropy,139,True
0.55,77.0,139.0,0.7402597402597403,0.2597402597402597,SQuAD2,FLAN-T5-base,entropy,139,True
0.5,70.0,139.0,0.7714285714285715,0.22857142857142854,SQuAD2,FLAN-T5-base,entropy,139,True
0.45,63.0,139.0,0.7936507936507936,0.2063492063492064,SQuAD2,FLAN-T5-base,entropy,139,True
0.4,56.0,139.0,0.8035714285714286,0.1964285714285714,SQuAD2,FLAN-T5-base,entropy,139,True
0.35,49.0,139.0,0.8163265306122449,0.18367346938775508,SQuAD2,FLAN-T5-base,entropy,139,True
0.3,42.0,139.0,0.8095238095238095,0.19047619047619047,SQuAD2,FLAN-T5-base,entropy,139,True
0.25,35.0,139.0,0.8285714285714286,0.17142857142857137,SQuAD2,FLAN-T5-base,entropy,139,True
0.2,28.0,139.0,0.8214285714285714,0.1785714285714286,SQuAD2,FLAN-T5-base,entropy,139,True
0.15,21.0,139.0,0.8571428571428571,0.1428571428571429,SQuAD2,FLAN-T5-base,entropy,139,True
0.1,14.0,139.0,0.8571428571428571,0.1428571428571429,SQuAD2,FLAN-T5-base,entropy,139,True
1.0,139.0,139.0,0.6402877697841727,0.3597122302158273,SQuAD2,FLAN-T5-base,confidence,139,True
0.95,133.0,139.0,0.6541353383458647,0.3458646616541353,SQuAD2,FLAN-T5-base,confidence,139,True
0.9,126.0,139.0,0.6587301587301587,0.3412698412698413,SQuAD2,FLAN-T5-base,confidence,139,True
0.85,119.0,139.0,0.6386554621848739,0.3613445378151261,SQuAD2,FLAN-T5-base,confidence,139,True
0.8,112.0,139.0,0.6339285714285714,0.3660714285714286,SQuAD2,FLAN-T5-base,confidence,139,True
0.75,105.0,139.0,0.6666666666666666,0.33333333333333337,SQuAD2,FLAN-T5-base,confidence,139,True
0.7,98.0,139.0,0.6836734693877551,0.3163265306122449,SQuAD2,FLAN-T5-base,confidence,139,True
0.65,91.0,139.0,0.7252747252747253,0.27472527472527475,SQuAD2,FLAN-T5-base,confidence,139,True
0.6,84.0,139.0,0.75,0.25,SQuAD2,FLAN-T5-base,confidence,139,True
0.55,77.0,139.0,0.7532467532467533,0.24675324675324672,SQuAD2,FLAN-T5-base,confidence,139,True
0.5,70.0,139.0,0.8,0.19999999999999996,SQuAD2,FLAN-T5-base,confidence,139,True
0.45,63.0,139.0,0.8412698412698413,0.15873015873015872,SQuAD2,FLAN-T5-base,confidence,139,True
0.4,56.0,139.0,0.8928571428571429,0.1071428571428571,SQuAD2,FLAN-T5-base,confidence,139,True
0.35,49.0,139.0,0.8979591836734694,0.10204081632653061,SQuAD2,FLAN-T5-base,confidence,139,True
0.3,42.0,139.0,0.9047619047619048,0.09523809523809523,SQuAD2,FLAN-T5-base,confidence,139,True
0.25,35.0,139.0,0.9428571428571428,0.05714285714285716,SQuAD2,FLAN-T5-base,confidence,139,True
0.2,28.0,139.0,0.9642857142857143,0.0357142857142857,SQuAD2,FLAN-T5-base,confidence,139,True
0.15,21.0,139.0,0.9523809523809523,0.04761904761904767,SQuAD2,FLAN-T5-base,confidence,139,True
0.1,14.0,139.0,0.9285714285714286,0.0714285714285714,SQuAD2,FLAN-T5-base,confidence,139,True
1.0,139.0,139.0,0.6402877697841727,0.3597122302158273,SQuAD2,FLAN-T5-base,margin,139,True
0.95,133.0,139.0,0.631578947368421,0.368421052631579,SQuAD2,FLAN-T5-base,margin,139,True
0.9,126.0,139.0,0.626984126984127,0.373015873015873,SQuAD2,FLAN-T5-base,margin,139,True
0.85,119.0,139.0,0.6386554621848739,0.3613445378151261,SQuAD2,FLAN-T5-base,margin,139,True
0.8,112.0,139.0,0.6428571428571429,0.3571428571428571,SQuAD2,FLAN-T5-base,margin,139,True
0.75,105.0,139.0,0.6476190476190476,0.35238095238095235,SQuAD2,FLAN-T5-base,margin,139,True
0.7,98.0,139.0,0.6632653061224489,0.33673469387755106,SQuAD2,FLAN-T5-base,margin,139,True
0.65,91.0,139.0,0.6813186813186813,0.31868131868131866,SQuAD2,FLAN-T5-base,margin,139,True
0.6,84.0,139.0,0.6785714285714286,0.3214285714285714,SQuAD2,FLAN-T5-base,margin,139,True
0.55,77.0,139.0,0.6623376623376623,0.33766233766233766,SQuAD2,FLAN-T5-base,margin,139,True
0.5,70.0,139.0,0.6285714285714286,0.37142857142857144,SQuAD2,FLAN-T5-base,margin,139,True
0.45,63.0,139.0,0.5873015873015873,0.4126984126984127,SQuAD2,FLAN-T5-base,margin,139,True
0.4,56.0,139.0,0.5714285714285714,0.4285714285714286,SQuAD2,FLAN-T5-base,margin,139,True
0.35,49.0,139.0,0.5510204081632653,0.44897959183673475,SQuAD2,FLAN-T5-base,margin,139,True
0.3,42.0,139.0,0.5238095238095238,0.47619047619047616,SQuAD2,FLAN-T5-base,margin,139,True
0.25,35.0,139.0,0.5142857142857142,0.48571428571428577,SQuAD2,FLAN-T5-base,margin,139,True
0.2,28.0,139.0,0.5714285714285714,0.4285714285714286,SQuAD2,FLAN-T5-base,margin,139,True
0.15,21.0,139.0,0.5714285714285714,0.4285714285714286,SQuAD2,FLAN-T5-base,margin,139,True
0.1,14.0,139.0,0.5,0.5,SQuAD2,FLAN-T5-base,margin,139,True
1.0,139.0,139.0,0.6402877697841727,0.3597122302158273,SQuAD2,FLAN-T5-base,combined,139,True
0.95,133.0,139.0,0.631578947368421,0.368421052631579,SQuAD2,FLAN-T5-base,combined,139,True
0.9,126.0,139.0,0.6507936507936508,0.3492063492063492,SQuAD2,FLAN-T5-base,combined,139,True
0.85,119.0,139.0,0.6722689075630253,0.32773109243697474,SQuAD2,FLAN-T5-base,combined,139,True
0.8,112.0,139.0,0.6785714285714286,0.3214285714285714,SQuAD2,FLAN-T5-base,combined,139,True
0.75,105.0,139.0,0.6857142857142857,0.3142857142857143,SQuAD2,FLAN-T5-base,combined,139,True
0.7,98.0,139.0,0.6938775510204082,0.30612244897959184,SQuAD2,FLAN-T5-base,combined,139,True
0.65,91.0,139.0,0.7142857142857143,0.2857142857142857,SQuAD2,FLAN-T5-base,combined,139,True
0.6,84.0,139.0,0.7261904761904762,0.27380952380952384,SQuAD2,FLAN-T5-base,combined,139,True
0.55,77.0,139.0,0.7662337662337663,0.23376623376623373,SQuAD2,FLAN-T5-base,combined,139,True
0.5,70.0,139.0,0.7428571428571429,0.2571428571428571,SQuAD2,FLAN-T5-base,combined,139,True
0.45,63.0,139.0,0.8095238095238095,0.19047619047619047,SQuAD2,FLAN-T5-base,combined,139,True
0.4,56.0,139.0,0.8392857142857143,0.1607142857142857,SQuAD2,FLAN-T5-base,combined,139,True
0.35,49.0,139.0,0.8979591836734694,0.10204081632653061,SQuAD2,FLAN-T5-base,combined,139,True
0.3,42.0,139.0,0.9047619047619048,0.09523809523809523,SQuAD2,FLAN-T5-base,combined,139,True
0.25,35.0,139.0,0.8857142857142857,0.11428571428571432,SQuAD2,FLAN-T5-base,combined,139,True
0.2,28.0,139.0,0.9642857142857143,0.0357142857142857,SQuAD2,FLAN-T5-base,combined,139,True
0.15,21.0,139.0,0.9523809523809523,0.04761904761904767,SQuAD2,FLAN-T5-base,combined,139,True
0.1,14.0,139.0,0.9285714285714286,0.0714285714285714,SQuAD2,FLAN-T5-base,combined,139,True
1.0,139.0,139.0,0.6402877697841727,0.3597122302158273,SQuAD2,FLAN-T5-base,combined_3,139,True
0.95,133.0,139.0,0.6466165413533834,0.3533834586466166,SQuAD2,FLAN-T5-base,combined_3,139,True
0.9,126.0,139.0,0.6507936507936508,0.3492063492063492,SQuAD2,FLAN-T5-base,combined_3,139,True
0.85,119.0,139.0,0.6638655462184874,0.33613445378151263,SQuAD2,FLAN-T5-base,combined_3,139,True
0.8,112.0,139.0,0.6785714285714286,0.3214285714285714,SQuAD2,FLAN-T5-base,combined_3,139,True
0.75,105.0,139.0,0.6857142857142857,0.3142857142857143,SQuAD2,FLAN-T5-base,combined_3,139,True
0.7,98.0,139.0,0.6836734693877551,0.3163265306122449,SQuAD2,FLAN-T5-base,combined_3,139,True
0.65,91.0,139.0,0.6923076923076923,0.3076923076923077,SQuAD2,FLAN-T5-base,combined_3,139,True
0.6,84.0,139.0,0.7261904761904762,0.27380952380952384,SQuAD2,FLAN-T5-base,combined_3,139,True
0.55,77.0,139.0,0.7662337662337663,0.23376623376623373,SQuAD2,FLAN-T5-base,combined_3,139,True
0.5,70.0,139.0,0.7857142857142857,0.2142857142857143,SQuAD2,FLAN-T5-base,combined_3,139,True
0.45,63.0,139.0,0.7936507936507936,0.2063492063492064,SQuAD2,FLAN-T5-base,combined_3,139,True
0.4,56.0,139.0,0.8035714285714286,0.1964285714285714,SQuAD2,FLAN-T5-base,combined_3,139,True
0.35,49.0,139.0,0.7959183673469388,0.20408163265306123,SQuAD2,FLAN-T5-base,combined_3,139,True
0.3,42.0,139.0,0.8095238095238095,0.19047619047619047,SQuAD2,FLAN-T5-base,combined_3,139,True
0.25,35.0,139.0,0.8,0.19999999999999996,SQuAD2,FLAN-T5-base,combined_3,139,True
0.2,28.0,139.0,0.7857142857142857,0.2142857142857143,SQuAD2,FLAN-T5-base,combined_3,139,True
0.15,21.0,139.0,0.8571428571428571,0.1428571428571429,SQuAD2,FLAN-T5-base,combined_3,139,True
0.1,14.0,139.0,0.7857142857142857,0.2142857142857143,SQuAD2,FLAN-T5-base,combined_3,139,True
1.0,,,0.6402877697841728,0.3597122302158272,SQuAD2,FLAN-T5-base,random,139,True
0.95,,,0.6398496240601504,0.36015037593984955,SQuAD2,FLAN-T5-base,random,139,True
0.9,,,0.6388888888888887,0.36111111111111127,SQuAD2,FLAN-T5-base,random,139,True
0.85,,,0.6390756302521007,0.3609243697478993,SQuAD2,FLAN-T5-base,random,139,True
0.8,,,0.6379464285714286,0.3620535714285714,SQuAD2,FLAN-T5-base,random,139,True
0.75,,,0.6352380952380952,0.36476190476190484,SQuAD2,FLAN-T5-base,random,139,True
0.7,,,0.6270408163265306,0.37295918367346936,SQuAD2,FLAN-T5-base,random,139,True
0.65,,,0.6285714285714284,0.37142857142857155,SQuAD2,FLAN-T5-base,random,139,True
0.6,,,0.631547619047619,0.368452380952381,SQuAD2,FLAN-T5-base,random,139,True
0.55,,,0.627922077922078,0.372077922077922,SQuAD2,FLAN-T5-base,random,139,True
0.5,,,0.6328571428571428,0.3671428571428572,SQuAD2,FLAN-T5-base,random,139,True
0.45,,,0.6277777777777777,0.37222222222222234,SQuAD2,FLAN-T5-base,random,139,True
0.4,,,0.6232142857142857,0.3767857142857143,SQuAD2,FLAN-T5-base,random,139,True
0.35,,,0.616326530612245,0.38367346938775504,SQuAD2,FLAN-T5-base,random,139,True
0.3,,,0.619047619047619,0.38095238095238104,SQuAD2,FLAN-T5-base,random,139,True
0.25,,,0.6014285714285712,0.3985714285714288,SQuAD2,FLAN-T5-base,random,139,True
0.2,,,0.6000000000000001,0.3999999999999999,SQuAD2,FLAN-T5-base,random,139,True
0.15,,,0.5928571428571427,0.40714285714285725,SQuAD2,FLAN-T5-base,random,139,True
0.1,,,0.607142857142857,0.392857142857143,SQuAD2,FLAN-T5-base,random,139,True
1.0,392.0,392.0,0.22704081632653061,0.7729591836734694,BioASQ,BioMistral-7B,entropy,392,False
0.95,373.0,392.0,0.23056300268096513,0.7694369973190349,BioASQ,BioMistral-7B,entropy,392,False
0.9,353.0,392.0,0.24079320113314448,0.7592067988668555,BioASQ,BioMistral-7B,entropy,392,False
0.85,334.0,392.0,0.24850299401197604,0.7514970059880239,BioASQ,BioMistral-7B,entropy,392,False
0.8,314.0,392.0,0.2643312101910828,0.7356687898089171,BioASQ,BioMistral-7B,entropy,392,False
0.75,294.0,392.0,0.282312925170068,0.717687074829932,BioASQ,BioMistral-7B,entropy,392,False
0.7,275.0,392.0,0.29454545454545455,0.7054545454545454,BioASQ,BioMistral-7B,entropy,392,False
0.65,255.0,392.0,0.3058823529411765,0.6941176470588235,BioASQ,BioMistral-7B,entropy,392,False
0.6,236.0,392.0,0.3050847457627119,0.6949152542372881,BioASQ,BioMistral-7B,entropy,392,False
0.55,216.0,392.0,0.3194444444444444,0.6805555555555556,BioASQ,BioMistral-7B,entropy,392,False
0.5,196.0,392.0,0.336734693877551,0.6632653061224489,BioASQ,BioMistral-7B,entropy,392,False
0.45,177.0,392.0,0.3502824858757062,0.6497175141242938,BioASQ,BioMistral-7B,entropy,392,False
0.4,157.0,392.0,0.36942675159235666,0.6305732484076434,BioASQ,BioMistral-7B,entropy,392,False
0.35,138.0,392.0,0.39855072463768115,0.6014492753623188,BioASQ,BioMistral-7B,entropy,392,False
0.3,118.0,392.0,0.423728813559322,0.576271186440678,BioASQ,BioMistral-7B,entropy,392,False
0.25,98.0,392.0,0.46938775510204084,0.5306122448979591,BioASQ,BioMistral-7B,entropy,392,False
0.2,79.0,392.0,0.4810126582278481,0.5189873417721519,BioASQ,BioMistral-7B,entropy,392,False
0.15,59.0,392.0,0.4576271186440678,0.5423728813559322,BioASQ,BioMistral-7B,entropy,392,False
0.1,40.0,392.0,0.5,0.5,BioASQ,BioMistral-7B,entropy,392,False
1.0,392.0,392.0,0.22704081632653061,0.7729591836734694,BioASQ,BioMistral-7B,confidence,392,False
0.95,373.0,392.0,0.23324396782841822,0.7667560321715818,BioASQ,BioMistral-7B,confidence,392,False
0.9,353.0,392.0,0.24079320113314448,0.7592067988668555,BioASQ,BioMistral-7B,confidence,392,False
0.85,334.0,392.0,0.24550898203592814,0.7544910179640718,BioASQ,BioMistral-7B,confidence,392,False
0.8,314.0,392.0,0.25796178343949044,0.7420382165605095,BioASQ,BioMistral-7B,confidence,392,False
0.75,294.0,392.0,0.272108843537415,0.727891156462585,BioASQ,BioMistral-7B,confidence,392,False
0.7,275.0,392.0,0.28,0.72,BioASQ,BioMistral-7B,confidence,392,False
0.65,255.0,392.0,0.2901960784313726,0.7098039215686274,BioASQ,BioMistral-7B,confidence,392,False
0.6,236.0,392.0,0.3050847457627119,0.6949152542372881,BioASQ,BioMistral-7B,confidence,392,False
0.55,216.0,392.0,0.3055555555555556,0.6944444444444444,BioASQ,BioMistral-7B,confidence,392,False
0.5,196.0,392.0,0.32142857142857145,0.6785714285714286,BioASQ,BioMistral-7B,confidence,392,False
0.45,177.0,392.0,0.3333333333333333,0.6666666666666667,BioASQ,BioMistral-7B,confidence,392,False
0.4,157.0,392.0,0.3503184713375796,0.6496815286624205,BioASQ,BioMistral-7B,confidence,392,False
0.35,138.0,392.0,0.3695652173913043,0.6304347826086957,BioASQ,BioMistral-7B,confidence,392,False
0.3,118.0,392.0,0.3813559322033898,0.6186440677966102,BioASQ,BioMistral-7B,confidence,392,False
0.25,98.0,392.0,0.40816326530612246,0.5918367346938775,BioASQ,BioMistral-7B,confidence,392,False
0.2,79.0,392.0,0.4177215189873418,0.5822784810126582,BioASQ,BioMistral-7B,confidence,392,False
0.15,59.0,392.0,0.4406779661016949,0.5593220338983051,BioASQ,BioMistral-7B,confidence,392,False
0.1,40.0,392.0,0.45,0.55,BioASQ,BioMistral-7B,confidence,392,False
1.0,392.0,392.0,0.22704081632653061,0.7729591836734694,BioASQ,BioMistral-7B,margin,392,False
0.95,373.0,392.0,0.225201072386059,0.774798927613941,BioASQ,BioMistral-7B,margin,392,False
0.9,353.0,392.0,0.22662889518413598,0.773371104815864,BioASQ,BioMistral-7B,margin,392,False
0.85,334.0,392.0,0.2125748502994012,0.7874251497005988,BioASQ,BioMistral-7B,margin,392,False
0.8,314.0,392.0,0.20382165605095542,0.7961783439490446,BioASQ,BioMistral-7B,margin,392,False
0.75,294.0,392.0,0.20748299319727892,0.7925170068027211,BioASQ,BioMistral-7B,margin,392,False
0.7,275.0,392.0,0.20727272727272728,0.7927272727272727,BioASQ,BioMistral-7B,margin,392,False
0.65,255.0,392.0,0.21176470588235294,0.788235294117647,BioASQ,BioMistral-7B,margin,392,False
0.6,236.0,392.0,0.211864406779661,0.788135593220339,BioASQ,BioMistral-7B,margin,392,False
0.55,216.0,392.0,0.2222222222222222,0.7777777777777778,BioASQ,BioMistral-7B,margin,392,False
0.5,196.0,392.0,0.21428571428571427,0.7857142857142857,BioASQ,BioMistral-7B,margin,392,False
0.45,177.0,392.0,0.20903954802259886,0.7909604519774012,BioASQ,BioMistral-7B,margin,392,False
0.4,157.0,392.0,0.21019108280254778,0.7898089171974523,BioASQ,BioMistral-7B,margin,392,False
0.35,138.0,392.0,0.2318840579710145,0.7681159420289855,BioASQ,BioMistral-7B,margin,392,False
0.3,118.0,392.0,0.2457627118644068,0.7542372881355932,BioASQ,BioMistral-7B,margin,392,False
0.25,98.0,392.0,0.2653061224489796,0.7346938775510203,BioASQ,BioMistral-7B,margin,392,False
0.2,79.0,392.0,0.3037974683544304,0.6962025316455696,BioASQ,BioMistral-7B,margin,392,False
0.15,59.0,392.0,0.288135593220339,0.711864406779661,BioASQ,BioMistral-7B,margin,392,False
0.1,40.0,392.0,0.325,0.675,BioASQ,BioMistral-7B,margin,392,False
1.0,392.0,392.0,0.22704081632653061,0.7729591836734694,BioASQ,BioMistral-7B,combined,392,False
0.95,373.0,392.0,0.2359249329758713,0.7640750670241288,BioASQ,BioMistral-7B,combined,392,False
0.9,353.0,392.0,0.24362606232294617,0.7563739376770539,BioASQ,BioMistral-7B,combined,392,False
0.85,334.0,392.0,0.25449101796407186,0.7455089820359282,BioASQ,BioMistral-7B,combined,392,False
0.8,314.0,392.0,0.2643312101910828,0.7356687898089171,BioASQ,BioMistral-7B,combined,392,False
0.75,294.0,392.0,0.2789115646258503,0.7210884353741497,BioASQ,BioMistral-7B,combined,392,False
0.7,275.0,392.0,0.29818181818181816,0.7018181818181819,BioASQ,BioMistral-7B,combined,392,False
0.65,255.0,392.0,0.3058823529411765,0.6941176470588235,BioASQ,BioMistral-7B,combined,392,False
0.6,236.0,392.0,0.3305084745762712,0.6694915254237288,BioASQ,BioMistral-7B,combined,392,False
0.55,216.0,392.0,0.35185185185185186,0.6481481481481481,BioASQ,BioMistral-7B,combined,392,False
0.5,196.0,392.0,0.35714285714285715,0.6428571428571428,BioASQ,BioMistral-7B,combined,392,False
0.45,177.0,392.0,0.3954802259887006,0.6045197740112994,BioASQ,BioMistral-7B,combined,392,False
0.4,157.0,392.0,0.42038216560509556,0.5796178343949044,BioASQ,BioMistral-7B,combined,392,False
0.35,138.0,392.0,0.41304347826086957,0.5869565217391304,BioASQ,BioMistral-7B,combined,392,False
0.3,118.0,392.0,0.4491525423728814,0.5508474576271186,BioASQ,BioMistral-7B,combined,392,False
0.25,98.0,392.0,0.4489795918367347,0.5510204081632653,BioASQ,BioMistral-7B,combined,392,False
0.2,79.0,392.0,0.46835443037974683,0.5316455696202531,BioASQ,BioMistral-7B,combined,392,False
0.15,59.0,392.0,0.5084745762711864,0.4915254237288136,BioASQ,BioMistral-7B,combined,392,False
0.1,40.0,392.0,0.5,0.5,BioASQ,BioMistral-7B,combined,392,False
1.0,392.0,392.0,0.22704081632653061,0.7729591836734694,BioASQ,BioMistral-7B,combined_3,392,False
0.95,373.0,392.0,0.23324396782841822,0.7667560321715818,BioASQ,BioMistral-7B,combined_3,392,False
0.9,353.0,392.0,0.24645892351274787,0.7535410764872521,BioASQ,BioMistral-7B,combined_3,392,False
0.85,334.0,392.0,0.25449101796407186,0.7455089820359282,BioASQ,BioMistral-7B,combined_3,392,False
0.8,314.0,392.0,0.2611464968152866,0.7388535031847134,BioASQ,BioMistral-7B,combined_3,392,False
0.75,294.0,392.0,0.2687074829931973,0.7312925170068028,BioASQ,BioMistral-7B,combined_3,392,False
0.7,275.0,392.0,0.28,0.72,BioASQ,BioMistral-7B,combined_3,392,False
0.65,255.0,392.0,0.2980392156862745,0.7019607843137254,BioASQ,BioMistral-7B,combined_3,392,False
0.6,236.0,392.0,0.3135593220338983,0.6864406779661016,BioASQ,BioMistral-7B,combined_3,392,False
0.55,216.0,392.0,0.3287037037037037,0.6712962962962963,BioASQ,BioMistral-7B,combined_3,392,False
0.5,196.0,392.0,0.35714285714285715,0.6428571428571428,BioASQ,BioMistral-7B,combined_3,392,False
0.45,177.0,392.0,0.3785310734463277,0.6214689265536724,BioASQ,BioMistral-7B,combined_3,392,False
0.4,157.0,392.0,0.3821656050955414,0.6178343949044586,BioASQ,BioMistral-7B,combined_3,392,False
0.35,138.0,392.0,0.39855072463768115,0.6014492753623188,BioASQ,BioMistral-7B,combined_3,392,False
0.3,118.0,392.0,0.423728813559322,0.576271186440678,BioASQ,BioMistral-7B,combined_3,392,False
0.25,98.0,392.0,0.40816326530612246,0.5918367346938775,BioASQ,BioMistral-7B,combined_3,392,False
0.2,79.0,392.0,0.4050632911392405,0.5949367088607596,BioASQ,BioMistral-7B,combined_3,392,False
0.15,59.0,392.0,0.4576271186440678,0.5423728813559322,BioASQ,BioMistral-7B,combined_3,392,False
0.1,40.0,392.0,0.425,0.575,BioASQ,BioMistral-7B,combined_3,392,False
1.0,,,0.2270408163265306,0.7729591836734694,BioASQ,BioMistral-7B,random,392,False
0.95,,,0.22680965147453086,0.7731903485254692,BioASQ,BioMistral-7B,random,392,False
0.9,,,0.22804532577903683,0.7719546742209632,BioASQ,BioMistral-7B,random,392,False
0.85,,,0.22904191616766473,0.7709580838323353,BioASQ,BioMistral-7B,random,392,False
0.8,,,0.22770700636942673,0.7722929936305732,BioASQ,BioMistral-7B,random,392,False
0.75,,,0.22772108843537414,0.7722789115646258,BioASQ,BioMistral-7B,random,392,False
0.7,,,0.2290909090909091,0.7709090909090909,BioASQ,BioMistral-7B,random,392,False
0.65,,,0.2288235294117647,0.7711764705882354,BioASQ,BioMistral-7B,random,392,False
0.6,,,0.2266949152542373,0.7733050847457628,BioASQ,BioMistral-7B,random,392,False
0.55,,,0.22754629629629627,0.7724537037037037,BioASQ,BioMistral-7B,random,392,False
0.5,,,0.22806122448979588,0.7719387755102041,BioASQ,BioMistral-7B,random,392,False
0.45,,,0.2225988700564972,0.7774011299435029,BioASQ,BioMistral-7B,random,392,False
0.4,,,0.2235668789808917,0.7764331210191083,BioASQ,BioMistral-7B,random,392,False
0.35,,,0.21920289855072467,0.7807971014492754,BioASQ,BioMistral-7B,random,392,False
0.3,,,0.21991525423728814,0.7800847457627118,BioASQ,BioMistral-7B,random,392,False
0.25,,,0.22346938775510203,0.7765306122448979,BioASQ,BioMistral-7B,random,392,False
0.2,,,0.220253164556962,0.779746835443038,BioASQ,BioMistral-7B,random,392,False
0.15,,,0.23135593220338985,0.7686440677966102,BioASQ,BioMistral-7B,random,392,False
0.1,,,0.23374999999999999,0.76625,BioASQ,BioMistral-7B,random,392,False
1.0,392.0,392.0,0.17857142857142858,0.8214285714285714,BioASQ,Mistral-7B-Instruct-v0.1,entropy,392,False
0.95,373.0,392.0,0.18498659517426275,0.8150134048257373,BioASQ,Mistral-7B-Instruct-v0.1,entropy,392,False
0.9,353.0,392.0,0.18696883852691218,0.8130311614730878,BioASQ,Mistral-7B-Instruct-v0.1,entropy,392,False
0.85,334.0,392.0,0.19461077844311378,0.8053892215568862,BioASQ,Mistral-7B-Instruct-v0.1,entropy,392,False
0.8,314.0,392.0,0.20382165605095542,0.7961783439490446,BioASQ,Mistral-7B-Instruct-v0.1,entropy,392,False
0.75,294.0,392.0,0.20408163265306123,0.7959183673469388,BioASQ,Mistral-7B-Instruct-v0.1,entropy,392,False
0.7,275.0,392.0,0.2109090909090909,0.7890909090909091,BioASQ,Mistral-7B-Instruct-v0.1,entropy,392,False
0.65,255.0,392.0,0.2196078431372549,0.7803921568627451,BioASQ,Mistral-7B-Instruct-v0.1,entropy,392,False
0.6,236.0,392.0,0.2288135593220339,0.771186440677966,BioASQ,Mistral-7B-Instruct-v0.1,entropy,392,False
0.55,216.0,392.0,0.24537037037037038,0.7546296296296297,BioASQ,Mistral-7B-Instruct-v0.1,entropy,392,False
0.5,196.0,392.0,0.27040816326530615,0.7295918367346939,BioASQ,Mistral-7B-Instruct-v0.1,entropy,392,False
0.45,177.0,392.0,0.2711864406779661,0.728813559322034,BioASQ,Mistral-7B-Instruct-v0.1,entropy,392,False
0.4,157.0,392.0,0.2929936305732484,0.7070063694267517,BioASQ,Mistral-7B-Instruct-v0.1,entropy,392,False
0.35,138.0,392.0,0.2971014492753623,0.7028985507246377,BioASQ,Mistral-7B-Instruct-v0.1,entropy,392,False
0.3,118.0,392.0,0.3135593220338983,0.6864406779661016,BioASQ,Mistral-7B-Instruct-v0.1,entropy,392,False
0.25,98.0,392.0,0.32653061224489793,0.6734693877551021,BioASQ,Mistral-7B-Instruct-v0.1,entropy,392,False
0.2,79.0,392.0,0.31645569620253167,0.6835443037974683,BioASQ,Mistral-7B-Instruct-v0.1,entropy,392,False
0.15,59.0,392.0,0.3220338983050847,0.6779661016949152,BioASQ,Mistral-7B-Instruct-v0.1,entropy,392,False
0.1,40.0,392.0,0.325,0.675,BioASQ,Mistral-7B-Instruct-v0.1,entropy,392,False
1.0,392.0,392.0,0.17857142857142858,0.8214285714285714,BioASQ,Mistral-7B-Instruct-v0.1,confidence,392,False
0.95,373.0,392.0,0.18230563002680966,0.8176943699731903,BioASQ,Mistral-7B-Instruct-v0.1,confidence,392,False
0.9,353.0,392.0,0.18696883852691218,0.8130311614730878,BioASQ,Mistral-7B-Instruct-v0.1,confidence,392,False
0.85,334.0,392.0,0.18862275449101795,0.811377245508982,BioASQ,Mistral-7B-Instruct-v0.1,confidence,392,False
0.8,314.0,392.0,0.18789808917197454,0.8121019108280254,BioASQ,Mistral-7B-Instruct-v0.1,confidence,392,False
0.75,294.0,392.0,0.19047619047619047,0.8095238095238095,BioASQ,Mistral-7B-Instruct-v0.1,confidence,392,False
0.7,275.0,392.0,0.2,0.8,BioASQ,Mistral-7B-Instruct-v0.1,confidence,392,False
0.65,255.0,392.0,0.21176470588235294,0.788235294117647,BioASQ,Mistral-7B-Instruct-v0.1,confidence,392,False
0.6,236.0,392.0,0.2245762711864407,0.7754237288135593,BioASQ,Mistral-7B-Instruct-v0.1,confidence,392,False
0.55,216.0,392.0,0.24074074074074073,0.7592592592592593,BioASQ,Mistral-7B-Instruct-v0.1,confidence,392,False
0.5,196.0,392.0,0.24489795918367346,0.7551020408163265,BioASQ,Mistral-7B-Instruct-v0.1,confidence,392,False
0.45,177.0,392.0,0.24858757062146894,0.751412429378531,BioASQ,Mistral-7B-Instruct-v0.1,confidence,392,False
0.4,157.0,392.0,0.25477707006369427,0.7452229299363058,BioASQ,Mistral-7B-Instruct-v0.1,confidence,392,False
0.35,138.0,392.0,0.2608695652173913,0.7391304347826086,BioASQ,Mistral-7B-Instruct-v0.1,confidence,392,False
0.3,118.0,392.0,0.2542372881355932,0.7457627118644068,BioASQ,Mistral-7B-Instruct-v0.1,confidence,392,False
0.25,98.0,392.0,0.2755102040816326,0.7244897959183674,BioASQ,Mistral-7B-Instruct-v0.1,confidence,392,False
0.2,79.0,392.0,0.26582278481012656,0.7341772151898734,BioASQ,Mistral-7B-Instruct-v0.1,confidence,392,False
0.15,59.0,392.0,0.3050847457627119,0.6949152542372881,BioASQ,Mistral-7B-Instruct-v0.1,confidence,392,False
0.1,40.0,392.0,0.375,0.625,BioASQ,Mistral-7B-Instruct-v0.1,confidence,392,False
1.0,392.0,392.0,0.17857142857142858,0.8214285714285714,BioASQ,Mistral-7B-Instruct-v0.1,margin,392,False
0.95,373.0,392.0,0.1742627345844504,0.8257372654155496,BioASQ,Mistral-7B-Instruct-v0.1,margin,392,False
0.9,353.0,392.0,0.17280453257790368,0.8271954674220963,BioASQ,Mistral-7B-Instruct-v0.1,margin,392,False
0.85,334.0,392.0,0.17065868263473055,0.8293413173652695,BioASQ,Mistral-7B-Instruct-v0.1,margin,392,False
0.8,314.0,392.0,0.16560509554140126,0.8343949044585988,BioASQ,Mistral-7B-Instruct-v0.1,margin,392,False
0.75,294.0,392.0,0.17006802721088435,0.8299319727891157,BioASQ,Mistral-7B-Instruct-v0.1,margin,392,False
0.7,275.0,392.0,0.17454545454545456,0.8254545454545454,BioASQ,Mistral-7B-Instruct-v0.1,margin,392,False
0.65,255.0,392.0,0.17254901960784313,0.8274509803921568,BioASQ,Mistral-7B-Instruct-v0.1,margin,392,False
0.6,236.0,392.0,0.1652542372881356,0.8347457627118644,BioASQ,Mistral-7B-Instruct-v0.1,margin,392,False
0.55,216.0,392.0,0.17592592592592593,0.8240740740740741,BioASQ,Mistral-7B-Instruct-v0.1,margin,392,False
0.5,196.0,392.0,0.17857142857142858,0.8214285714285714,BioASQ,Mistral-7B-Instruct-v0.1,margin,392,False
0.45,177.0,392.0,0.192090395480226,0.807909604519774,BioASQ,Mistral-7B-Instruct-v0.1,margin,392,False
0.4,157.0,392.0,0.19745222929936307,0.802547770700637,BioASQ,Mistral-7B-Instruct-v0.1,margin,392,False
0.35,138.0,392.0,0.2028985507246377,0.7971014492753623,BioASQ,Mistral-7B-Instruct-v0.1,margin,392,False
0.3,118.0,392.0,0.2288135593220339,0.771186440677966,BioASQ,Mistral-7B-Instruct-v0.1,margin,392,False
0.25,98.0,392.0,0.25510204081632654,0.7448979591836735,BioASQ,Mistral-7B-Instruct-v0.1,margin,392,False
0.2,79.0,392.0,0.26582278481012656,0.7341772151898734,BioASQ,Mistral-7B-Instruct-v0.1,margin,392,False
0.15,59.0,392.0,0.2711864406779661,0.728813559322034,BioASQ,Mistral-7B-Instruct-v0.1,margin,392,False
0.1,40.0,392.0,0.275,0.725,BioASQ,Mistral-7B-Instruct-v0.1,margin,392,False
1.0,392.0,392.0,0.17857142857142858,0.8214285714285714,BioASQ,Mistral-7B-Instruct-v0.1,combined,392,False
0.95,373.0,392.0,0.18498659517426275,0.8150134048257373,BioASQ,Mistral-7B-Instruct-v0.1,combined,392,False
0.9,353.0,392.0,0.18696883852691218,0.8130311614730878,BioASQ,Mistral-7B-Instruct-v0.1,combined,392,False
0.85,334.0,392.0,0.19760479041916168,0.8023952095808383,BioASQ,Mistral-7B-Instruct-v0.1,combined,392,False
0.8,314.0,392.0,0.21019108280254778,0.7898089171974523,BioASQ,Mistral-7B-Instruct-v0.1,combined,392,False
0.75,294.0,392.0,0.20748299319727892,0.7925170068027211,BioASQ,Mistral-7B-Instruct-v0.1,combined,392,False
0.7,275.0,392.0,0.21454545454545454,0.7854545454545454,BioASQ,Mistral-7B-Instruct-v0.1,combined,392,False
0.65,255.0,392.0,0.2235294117647059,0.7764705882352941,BioASQ,Mistral-7B-Instruct-v0.1,combined,392,False
0.6,236.0,392.0,0.2245762711864407,0.7754237288135593,BioASQ,Mistral-7B-Instruct-v0.1,combined,392,False
0.55,216.0,392.0,0.24537037037037038,0.7546296296296297,BioASQ,Mistral-7B-Instruct-v0.1,combined,392,False
0.5,196.0,392.0,0.2653061224489796,0.7346938775510203,BioASQ,Mistral-7B-Instruct-v0.1,combined,392,False
0.45,177.0,392.0,0.2824858757062147,0.7175141242937852,BioASQ,Mistral-7B-Instruct-v0.1,combined,392,False
0.4,157.0,392.0,0.2929936305732484,0.7070063694267517,BioASQ,Mistral-7B-Instruct-v0.1,combined,392,False
0.35,138.0,392.0,0.3115942028985507,0.6884057971014492,BioASQ,Mistral-7B-Instruct-v0.1,combined,392,False
0.3,118.0,392.0,0.3050847457627119,0.6949152542372881,BioASQ,Mistral-7B-Instruct-v0.1,combined,392,False
0.25,98.0,392.0,0.30612244897959184,0.6938775510204082,BioASQ,Mistral-7B-Instruct-v0.1,combined,392,False
0.2,79.0,392.0,0.34177215189873417,0.6582278481012658,BioASQ,Mistral-7B-Instruct-v0.1,combined,392,False
0.15,59.0,392.0,0.3050847457627119,0.6949152542372881,BioASQ,Mistral-7B-Instruct-v0.1,combined,392,False
0.1,40.0,392.0,0.325,0.675,BioASQ,Mistral-7B-Instruct-v0.1,combined,392,False
1.0,392.0,392.0,0.17857142857142858,0.8214285714285714,BioASQ,Mistral-7B-Instruct-v0.1,combined_3,392,False
0.95,373.0,392.0,0.17962466487935658,0.8203753351206434,BioASQ,Mistral-7B-Instruct-v0.1,combined_3,392,False
0.9,353.0,392.0,0.1813031161473088,0.8186968838526912,BioASQ,Mistral-7B-Instruct-v0.1,combined_3,392,False
0.85,334.0,392.0,0.18562874251497005,0.8143712574850299,BioASQ,Mistral-7B-Instruct-v0.1,combined_3,392,False
0.8,314.0,392.0,0.19745222929936307,0.802547770700637,BioASQ,Mistral-7B-Instruct-v0.1,combined_3,392,False
0.75,294.0,392.0,0.20408163265306123,0.7959183673469388,BioASQ,Mistral-7B-Instruct-v0.1,combined_3,392,False
0.7,275.0,392.0,0.21454545454545454,0.7854545454545454,BioASQ,Mistral-7B-Instruct-v0.1,combined_3,392,False
0.65,255.0,392.0,0.21568627450980393,0.7843137254901961,BioASQ,Mistral-7B-Instruct-v0.1,combined_3,392,False
0.6,236.0,392.0,0.2330508474576271,0.7669491525423728,BioASQ,Mistral-7B-Instruct-v0.1,combined_3,392,False
0.55,216.0,392.0,0.24074074074074073,0.7592592592592593,BioASQ,Mistral-7B-Instruct-v0.1,combined_3,392,False
0.5,196.0,392.0,0.25510204081632654,0.7448979591836735,BioASQ,Mistral-7B-Instruct-v0.1,combined_3,392,False
0.45,177.0,392.0,0.2655367231638418,0.7344632768361582,BioASQ,Mistral-7B-Instruct-v0.1,combined_3,392,False
0.4,157.0,392.0,0.267515923566879,0.7324840764331211,BioASQ,Mistral-7B-Instruct-v0.1,combined_3,392,False
0.35,138.0,392.0,0.2826086956521739,0.7173913043478262,BioASQ,Mistral-7B-Instruct-v0.1,combined_3,392,False
0.3,118.0,392.0,0.3050847457627119,0.6949152542372881,BioASQ,Mistral-7B-Instruct-v0.1,combined_3,392,False
0.25,98.0,392.0,0.3163265306122449,0.6836734693877551,BioASQ,Mistral-7B-Instruct-v0.1,combined_3,392,False
0.2,79.0,392.0,0.31645569620253167,0.6835443037974683,BioASQ,Mistral-7B-Instruct-v0.1,combined_3,392,False
0.15,59.0,392.0,0.4067796610169492,0.5932203389830508,BioASQ,Mistral-7B-Instruct-v0.1,combined_3,392,False
0.1,40.0,392.0,0.45,0.55,BioASQ,Mistral-7B-Instruct-v0.1,combined_3,392,False
1.0,,,0.17857142857142855,0.8214285714285714,BioASQ,Mistral-7B-Instruct-v0.1,random,392,False
0.95,,,0.17908847184986595,0.820911528150134,BioASQ,Mistral-7B-Instruct-v0.1,random,392,False
0.9,,,0.17946175637393766,0.8205382436260623,BioASQ,Mistral-7B-Instruct-v0.1,random,392,False
0.85,,,0.18008982035928142,0.8199101796407186,BioASQ,Mistral-7B-Instruct-v0.1,random,392,False
0.8,,,0.17914012738853505,0.820859872611465,BioASQ,Mistral-7B-Instruct-v0.1,random,392,False
0.75,,,0.18061224489795918,0.8193877551020408,BioASQ,Mistral-7B-Instruct-v0.1,random,392,False
0.7,,,0.18072727272727274,0.8192727272727273,BioASQ,Mistral-7B-Instruct-v0.1,random,392,False
0.65,,,0.1815686274509804,0.8184313725490195,BioASQ,Mistral-7B-Instruct-v0.1,random,392,False
0.6,,,0.18305084745762715,0.8169491525423729,BioASQ,Mistral-7B-Instruct-v0.1,random,392,False
0.55,,,0.17754629629629629,0.8224537037037037,BioASQ,Mistral-7B-Instruct-v0.1,random,392,False
0.5,,,0.17653061224489794,0.823469387755102,BioASQ,Mistral-7B-Instruct-v0.1,random,392,False
0.45,,,0.17485875706214687,0.8251412429378531,BioASQ,Mistral-7B-Instruct-v0.1,random,392,False
0.4,,,0.17770700636942677,0.8222929936305732,BioASQ,Mistral-7B-Instruct-v0.1,random,392,False
0.35,,,0.17608695652173914,0.8239130434782609,BioASQ,Mistral-7B-Instruct-v0.1,random,392,False
0.3,,,0.17203389830508475,0.8279661016949152,BioASQ,Mistral-7B-Instruct-v0.1,random,392,False
0.25,,,0.17193877551020412,0.8280612244897959,BioASQ,Mistral-7B-Instruct-v0.1,random,392,False
0.2,,,0.16835443037974682,0.8316455696202532,BioASQ,Mistral-7B-Instruct-v0.1,random,392,False
0.15,,,0.16949152542372883,0.8305084745762712,BioASQ,Mistral-7B-Instruct-v0.1,random,392,False
0.1,,,0.18,0.8200000000000001,BioASQ,Mistral-7B-Instruct-v0.1,random,392,False
1.0,392.0,392.0,0.18112244897959184,0.8188775510204082,BioASQ,OpenBioLLM-8B,entropy,392,False
0.95,373.0,392.0,0.1876675603217158,0.8123324396782842,BioASQ,OpenBioLLM-8B,entropy,392,False
0.9,353.0,392.0,0.1813031161473088,0.8186968838526912,BioASQ,OpenBioLLM-8B,entropy,392,False
0.85,334.0,392.0,0.18263473053892215,0.8173652694610778,BioASQ,OpenBioLLM-8B,entropy,392,False
0.8,314.0,392.0,0.1942675159235669,0.805732484076433,BioASQ,OpenBioLLM-8B,entropy,392,False
0.75,294.0,392.0,0.20068027210884354,0.7993197278911565,BioASQ,OpenBioLLM-8B,entropy,392,False
0.7,275.0,392.0,0.20363636363636364,0.7963636363636364,BioASQ,OpenBioLLM-8B,entropy,392,False
0.65,255.0,392.0,0.20784313725490197,0.792156862745098,BioASQ,OpenBioLLM-8B,entropy,392,False
0.6,236.0,392.0,0.22033898305084745,0.7796610169491526,BioASQ,OpenBioLLM-8B,entropy,392,False
0.55,216.0,392.0,0.2175925925925926,0.7824074074074074,BioASQ,OpenBioLLM-8B,entropy,392,False
0.5,196.0,392.0,0.2193877551020408,0.7806122448979592,BioASQ,OpenBioLLM-8B,entropy,392,False
0.45,177.0,392.0,0.22033898305084745,0.7796610169491526,BioASQ,OpenBioLLM-8B,entropy,392,False
0.4,157.0,392.0,0.24203821656050956,0.7579617834394905,BioASQ,OpenBioLLM-8B,entropy,392,False
0.35,138.0,392.0,0.2318840579710145,0.7681159420289855,BioASQ,OpenBioLLM-8B,entropy,392,False
0.3,118.0,392.0,0.23728813559322035,0.7627118644067796,BioASQ,OpenBioLLM-8B,entropy,392,False
0.25,98.0,392.0,0.25510204081632654,0.7448979591836735,BioASQ,OpenBioLLM-8B,entropy,392,False
0.2,79.0,392.0,0.24050632911392406,0.759493670886076,BioASQ,OpenBioLLM-8B,entropy,392,False
0.15,59.0,392.0,0.22033898305084745,0.7796610169491526,BioASQ,OpenBioLLM-8B,entropy,392,False
0.1,40.0,392.0,0.225,0.775,BioASQ,OpenBioLLM-8B,entropy,392,False
1.0,392.0,392.0,0.18112244897959184,0.8188775510204082,BioASQ,OpenBioLLM-8B,confidence,392,False
0.95,373.0,392.0,0.1903485254691689,0.8096514745308311,BioASQ,OpenBioLLM-8B,confidence,392,False
0.9,353.0,392.0,0.1954674220963173,0.8045325779036827,BioASQ,OpenBioLLM-8B,confidence,392,False
0.85,334.0,392.0,0.20359281437125748,0.7964071856287425,BioASQ,OpenBioLLM-8B,confidence,392,False
0.8,314.0,392.0,0.21019108280254778,0.7898089171974523,BioASQ,OpenBioLLM-8B,confidence,392,False
0.75,294.0,392.0,0.21768707482993196,0.782312925170068,BioASQ,OpenBioLLM-8B,confidence,392,False
0.7,275.0,392.0,0.21454545454545454,0.7854545454545454,BioASQ,OpenBioLLM-8B,confidence,392,False
0.65,255.0,392.0,0.23137254901960785,0.7686274509803921,BioASQ,OpenBioLLM-8B,confidence,392,False
0.6,236.0,392.0,0.23728813559322035,0.7627118644067796,BioASQ,OpenBioLLM-8B,confidence,392,False
0.55,216.0,392.0,0.23148148148148148,0.7685185185185185,BioASQ,OpenBioLLM-8B,confidence,392,False
0.5,196.0,392.0,0.25,0.75,BioASQ,OpenBioLLM-8B,confidence,392,False
0.45,177.0,392.0,0.2542372881355932,0.7457627118644068,BioASQ,OpenBioLLM-8B,confidence,392,False
0.4,157.0,392.0,0.2611464968152866,0.7388535031847134,BioASQ,OpenBioLLM-8B,confidence,392,False
0.35,138.0,392.0,0.2826086956521739,0.7173913043478262,BioASQ,OpenBioLLM-8B,confidence,392,False
0.3,118.0,392.0,0.288135593220339,0.711864406779661,BioASQ,OpenBioLLM-8B,confidence,392,False
0.25,98.0,392.0,0.30612244897959184,0.6938775510204082,BioASQ,OpenBioLLM-8B,confidence,392,False
0.2,79.0,392.0,0.2911392405063291,0.7088607594936709,BioASQ,OpenBioLLM-8B,confidence,392,False
0.15,59.0,392.0,0.3559322033898305,0.6440677966101696,BioASQ,OpenBioLLM-8B,confidence,392,False
0.1,40.0,392.0,0.4,0.6,BioASQ,OpenBioLLM-8B,confidence,392,False
1.0,392.0,392.0,0.18112244897959184,0.8188775510204082,BioASQ,OpenBioLLM-8B,margin,392,False
0.95,373.0,392.0,0.18230563002680966,0.8176943699731903,BioASQ,OpenBioLLM-8B,margin,392,False
0.9,353.0,392.0,0.18696883852691218,0.8130311614730878,BioASQ,OpenBioLLM-8B,margin,392,False
0.85,334.0,392.0,0.18562874251497005,0.8143712574850299,BioASQ,OpenBioLLM-8B,margin,392,False
0.8,314.0,392.0,0.18789808917197454,0.8121019108280254,BioASQ,OpenBioLLM-8B,margin,392,False
0.75,294.0,392.0,0.1870748299319728,0.8129251700680272,BioASQ,OpenBioLLM-8B,margin,392,False
0.7,275.0,392.0,0.19272727272727272,0.8072727272727273,BioASQ,OpenBioLLM-8B,margin,392,False
0.65,255.0,392.0,0.19607843137254902,0.803921568627451,BioASQ,OpenBioLLM-8B,margin,392,False
0.6,236.0,392.0,0.19491525423728814,0.8050847457627118,BioASQ,OpenBioLLM-8B,margin,392,False
0.55,216.0,392.0,0.19444444444444445,0.8055555555555556,BioASQ,OpenBioLLM-8B,margin,392,False
0.5,196.0,392.0,0.19387755102040816,0.8061224489795918,BioASQ,OpenBioLLM-8B,margin,392,False
0.45,177.0,392.0,0.1694915254237288,0.8305084745762712,BioASQ,OpenBioLLM-8B,margin,392,False
0.4,157.0,392.0,0.17197452229299362,0.8280254777070064,BioASQ,OpenBioLLM-8B,margin,392,False
0.35,138.0,392.0,0.15942028985507245,0.8405797101449275,BioASQ,OpenBioLLM-8B,margin,392,False
0.3,118.0,392.0,0.16101694915254236,0.8389830508474576,BioASQ,OpenBioLLM-8B,margin,392,False
0.25,98.0,392.0,0.1836734693877551,0.8163265306122449,BioASQ,OpenBioLLM-8B,margin,392,False
0.2,79.0,392.0,0.20253164556962025,0.7974683544303798,BioASQ,OpenBioLLM-8B,margin,392,False
0.15,59.0,392.0,0.2033898305084746,0.7966101694915254,BioASQ,OpenBioLLM-8B,margin,392,False
0.1,40.0,392.0,0.175,0.825,BioASQ,OpenBioLLM-8B,margin,392,False
1.0,392.0,392.0,0.18112244897959184,0.8188775510204082,BioASQ,OpenBioLLM-8B,combined,392,False
0.95,373.0,392.0,0.1903485254691689,0.8096514745308311,BioASQ,OpenBioLLM-8B,combined,392,False
0.9,353.0,392.0,0.1954674220963173,0.8045325779036827,BioASQ,OpenBioLLM-8B,combined,392,False
0.85,334.0,392.0,0.19760479041916168,0.8023952095808383,BioASQ,OpenBioLLM-8B,combined,392,False
0.8,314.0,392.0,0.1942675159235669,0.805732484076433,BioASQ,OpenBioLLM-8B,combined,392,False
0.75,294.0,392.0,0.20408163265306123,0.7959183673469388,BioASQ,OpenBioLLM-8B,combined,392,False
0.7,275.0,392.0,0.2109090909090909,0.7890909090909091,BioASQ,OpenBioLLM-8B,combined,392,False
0.65,255.0,392.0,0.21568627450980393,0.7843137254901961,BioASQ,OpenBioLLM-8B,combined,392,False
0.6,236.0,392.0,0.21610169491525424,0.7838983050847458,BioASQ,OpenBioLLM-8B,combined,392,False
0.55,216.0,392.0,0.22685185185185186,0.7731481481481481,BioASQ,OpenBioLLM-8B,combined,392,False
0.5,196.0,392.0,0.24489795918367346,0.7551020408163265,BioASQ,OpenBioLLM-8B,combined,392,False
0.45,177.0,392.0,0.2542372881355932,0.7457627118644068,BioASQ,OpenBioLLM-8B,combined,392,False
0.4,157.0,392.0,0.2484076433121019,0.7515923566878981,BioASQ,OpenBioLLM-8B,combined,392,False
0.35,138.0,392.0,0.2391304347826087,0.7608695652173914,BioASQ,OpenBioLLM-8B,combined,392,False
0.3,118.0,392.0,0.2542372881355932,0.7457627118644068,BioASQ,OpenBioLLM-8B,combined,392,False
0.25,98.0,392.0,0.24489795918367346,0.7551020408163265,BioASQ,OpenBioLLM-8B,combined,392,False
0.2,79.0,392.0,0.3037974683544304,0.6962025316455696,BioASQ,OpenBioLLM-8B,combined,392,False
0.15,59.0,392.0,0.3050847457627119,0.6949152542372881,BioASQ,OpenBioLLM-8B,combined,392,False
0.1,40.0,392.0,0.3,0.7,BioASQ,OpenBioLLM-8B,combined,392,False
1.0,392.0,392.0,0.18112244897959184,0.8188775510204082,BioASQ,OpenBioLLM-8B,combined_3,392,False
0.95,373.0,392.0,0.18230563002680966,0.8176943699731903,BioASQ,OpenBioLLM-8B,combined_3,392,False
0.9,353.0,392.0,0.18980169971671387,0.8101983002832861,BioASQ,OpenBioLLM-8B,combined_3,392,False
0.85,334.0,392.0,0.19760479041916168,0.8023952095808383,BioASQ,OpenBioLLM-8B,combined_3,392,False
0.8,314.0,392.0,0.19745222929936307,0.802547770700637,BioASQ,OpenBioLLM-8B,combined_3,392,False
0.75,294.0,392.0,0.20068027210884354,0.7993197278911565,BioASQ,OpenBioLLM-8B,combined_3,392,False
0.7,275.0,392.0,0.2109090909090909,0.7890909090909091,BioASQ,OpenBioLLM-8B,combined_3,392,False
0.65,255.0,392.0,0.2235294117647059,0.7764705882352941,BioASQ,OpenBioLLM-8B,combined_3,392,False
0.6,236.0,392.0,0.2288135593220339,0.771186440677966,BioASQ,OpenBioLLM-8B,combined_3,392,False
0.55,216.0,392.0,0.22685185185185186,0.7731481481481481,BioASQ,OpenBioLLM-8B,combined_3,392,False
0.5,196.0,392.0,0.23469387755102042,0.7653061224489796,BioASQ,OpenBioLLM-8B,combined_3,392,False
0.45,177.0,392.0,0.24293785310734464,0.7570621468926554,BioASQ,OpenBioLLM-8B,combined_3,392,False
0.4,157.0,392.0,0.2484076433121019,0.7515923566878981,BioASQ,OpenBioLLM-8B,combined_3,392,False
0.35,138.0,392.0,0.26811594202898553,0.7318840579710144,BioASQ,OpenBioLLM-8B,combined_3,392,False
0.3,118.0,392.0,0.3135593220338983,0.6864406779661016,BioASQ,OpenBioLLM-8B,combined_3,392,False
0.25,98.0,392.0,0.32653061224489793,0.6734693877551021,BioASQ,OpenBioLLM-8B,combined_3,392,False
0.2,79.0,392.0,0.34177215189873417,0.6582278481012658,BioASQ,OpenBioLLM-8B,combined_3,392,False
0.15,59.0,392.0,0.3220338983050847,0.6779661016949152,BioASQ,OpenBioLLM-8B,combined_3,392,False
0.1,40.0,392.0,0.35,0.65,BioASQ,OpenBioLLM-8B,combined_3,392,False
1.0,,,0.18112244897959187,0.8188775510204082,BioASQ,OpenBioLLM-8B,random,392,False
0.95,,,0.1813672922252011,0.8186327077747989,BioASQ,OpenBioLLM-8B,random,392,False
0.9,,,0.1813031161473088,0.8186968838526912,BioASQ,OpenBioLLM-8B,random,392,False
0.85,,,0.18068862275449102,0.819311377245509,BioASQ,OpenBioLLM-8B,random,392,False
0.8,,,0.18152866242038215,0.8184713375796179,BioASQ,OpenBioLLM-8B,random,392,False
0.75,,,0.18197278911564627,0.8180272108843537,BioASQ,OpenBioLLM-8B,random,392,False
0.7,,,0.18036363636363636,0.8196363636363636,BioASQ,OpenBioLLM-8B,random,392,False
0.65,,,0.1815686274509804,0.8184313725490195,BioASQ,OpenBioLLM-8B,random,392,False
0.6,,,0.1788135593220339,0.8211864406779661,BioASQ,OpenBioLLM-8B,random,392,False
0.55,,,0.18032407407407408,0.8196759259259259,BioASQ,OpenBioLLM-8B,random,392,False
0.5,,,0.18290816326530612,0.8170918367346939,BioASQ,OpenBioLLM-8B,random,392,False
0.45,,,0.18531073446327687,0.8146892655367232,BioASQ,OpenBioLLM-8B,random,392,False
0.4,,,0.18598726114649683,0.8140127388535032,BioASQ,OpenBioLLM-8B,random,392,False
0.35,,,0.1855072463768116,0.8144927536231884,BioASQ,OpenBioLLM-8B,random,392,False
0.3,,,0.1864406779661017,0.8135593220338984,BioASQ,OpenBioLLM-8B,random,392,False
0.25,,,0.19030612244897957,0.8096938775510204,BioASQ,OpenBioLLM-8B,random,392,False
0.2,,,0.19113924050632908,0.808860759493671,BioASQ,OpenBioLLM-8B,random,392,False
0.15,,,0.1906779661016949,0.8093220338983051,BioASQ,OpenBioLLM-8B,random,392,False
0.1,,,0.17750000000000002,0.8225,BioASQ,OpenBioLLM-8B,random,392,False
1.0,392.0,392.0,0.23979591836734693,0.7602040816326531,BioASQ,Meta-Llama-3-8B-Instruct,entropy,392,False
0.95,373.0,392.0,0.2520107238605898,0.7479892761394102,BioASQ,Meta-Llama-3-8B-Instruct,entropy,392,False
0.9,353.0,392.0,0.26628895184135976,0.7337110481586402,BioASQ,Meta-Llama-3-8B-Instruct,entropy,392,False
0.85,334.0,392.0,0.2754491017964072,0.7245508982035929,BioASQ,Meta-Llama-3-8B-Instruct,entropy,392,False
0.8,314.0,392.0,0.2802547770700637,0.7197452229299364,BioASQ,Meta-Llama-3-8B-Instruct,entropy,392,False
0.75,294.0,392.0,0.2789115646258503,0.7210884353741497,BioASQ,Meta-Llama-3-8B-Instruct,entropy,392,False
0.7,275.0,392.0,0.28363636363636363,0.7163636363636363,BioASQ,Meta-Llama-3-8B-Instruct,entropy,392,False
0.65,255.0,392.0,0.29411764705882354,0.7058823529411764,BioASQ,Meta-Llama-3-8B-Instruct,entropy,392,False
0.6,236.0,392.0,0.3008474576271186,0.6991525423728814,BioASQ,Meta-Llama-3-8B-Instruct,entropy,392,False
0.55,216.0,392.0,0.3101851851851852,0.6898148148148149,BioASQ,Meta-Llama-3-8B-Instruct,entropy,392,False
0.5,196.0,392.0,0.33163265306122447,0.6683673469387755,BioASQ,Meta-Llama-3-8B-Instruct,entropy,392,False
0.45,177.0,392.0,0.3389830508474576,0.6610169491525424,BioASQ,Meta-Llama-3-8B-Instruct,entropy,392,False
0.4,157.0,392.0,0.35668789808917195,0.6433121019108281,BioASQ,Meta-Llama-3-8B-Instruct,entropy,392,False
0.35,138.0,392.0,0.36231884057971014,0.6376811594202898,BioASQ,Meta-Llama-3-8B-Instruct,entropy,392,False
0.3,118.0,392.0,0.3898305084745763,0.6101694915254237,BioASQ,Meta-Llama-3-8B-Instruct,entropy,392,False
0.25,98.0,392.0,0.3877551020408163,0.6122448979591837,BioASQ,Meta-Llama-3-8B-Instruct,entropy,392,False
0.2,79.0,392.0,0.3924050632911392,0.6075949367088608,BioASQ,Meta-Llama-3-8B-Instruct,entropy,392,False
0.15,59.0,392.0,0.4406779661016949,0.5593220338983051,BioASQ,Meta-Llama-3-8B-Instruct,entropy,392,False
0.1,40.0,392.0,0.375,0.625,BioASQ,Meta-Llama-3-8B-Instruct,entropy,392,False
1.0,392.0,392.0,0.23979591836734693,0.7602040816326531,BioASQ,Meta-Llama-3-8B-Instruct,confidence,392,False
0.95,373.0,392.0,0.2520107238605898,0.7479892761394102,BioASQ,Meta-Llama-3-8B-Instruct,confidence,392,False
0.9,353.0,392.0,0.26062322946175637,0.7393767705382437,BioASQ,Meta-Llama-3-8B-Instruct,confidence,392,False
0.85,334.0,392.0,0.2694610778443114,0.7305389221556886,BioASQ,Meta-Llama-3-8B-Instruct,confidence,392,False
0.8,314.0,392.0,0.2770700636942675,0.7229299363057324,BioASQ,Meta-Llama-3-8B-Instruct,confidence,392,False
0.75,294.0,392.0,0.2925170068027211,0.7074829931972789,BioASQ,Meta-Llama-3-8B-Instruct,confidence,392,False
0.7,275.0,392.0,0.3054545454545455,0.6945454545454546,BioASQ,Meta-Llama-3-8B-Instruct,confidence,392,False
0.65,255.0,392.0,0.3254901960784314,0.6745098039215687,BioASQ,Meta-Llama-3-8B-Instruct,confidence,392,False
0.6,236.0,392.0,0.3432203389830508,0.6567796610169492,BioASQ,Meta-Llama-3-8B-Instruct,confidence,392,False
0.55,216.0,392.0,0.36574074074074076,0.6342592592592593,BioASQ,Meta-Llama-3-8B-Instruct,confidence,392,False
0.5,196.0,392.0,0.37244897959183676,0.6275510204081632,BioASQ,Meta-Llama-3-8B-Instruct,confidence,392,False
0.45,177.0,392.0,0.3785310734463277,0.6214689265536724,BioASQ,Meta-Llama-3-8B-Instruct,confidence,392,False
0.4,157.0,392.0,0.4140127388535032,0.5859872611464968,BioASQ,Meta-Llama-3-8B-Instruct,confidence,392,False
0.35,138.0,392.0,0.45652173913043476,0.5434782608695652,BioASQ,Meta-Llama-3-8B-Instruct,confidence,392,False
0.3,118.0,392.0,0.4915254237288136,0.5084745762711864,BioASQ,Meta-Llama-3-8B-Instruct,confidence,392,False
0.25,98.0,392.0,0.5204081632653061,0.47959183673469385,BioASQ,Meta-Llama-3-8B-Instruct,confidence,392,False
0.2,79.0,392.0,0.5316455696202531,0.4683544303797469,BioASQ,Meta-Llama-3-8B-Instruct,confidence,392,False
0.15,59.0,392.0,0.5254237288135594,0.47457627118644063,BioASQ,Meta-Llama-3-8B-Instruct,confidence,392,False
0.1,40.0,392.0,0.6,0.4,BioASQ,Meta-Llama-3-8B-Instruct,confidence,392,False
1.0,392.0,392.0,0.23979591836734693,0.7602040816326531,BioASQ,Meta-Llama-3-8B-Instruct,margin,392,False
0.95,373.0,392.0,0.23324396782841822,0.7667560321715818,BioASQ,Meta-Llama-3-8B-Instruct,margin,392,False
0.9,353.0,392.0,0.23512747875354106,0.7648725212464589,BioASQ,Meta-Llama-3-8B-Instruct,margin,392,False
0.85,334.0,392.0,0.23652694610778444,0.7634730538922155,BioASQ,Meta-Llama-3-8B-Instruct,margin,392,False
0.8,314.0,392.0,0.23248407643312102,0.7675159235668789,BioASQ,Meta-Llama-3-8B-Instruct,margin,392,False
0.75,294.0,392.0,0.22108843537414966,0.7789115646258503,BioASQ,Meta-Llama-3-8B-Instruct,margin,392,False
0.7,275.0,392.0,0.21818181818181817,0.7818181818181819,BioASQ,Meta-Llama-3-8B-Instruct,margin,392,False
0.65,255.0,392.0,0.2196078431372549,0.7803921568627451,BioASQ,Meta-Llama-3-8B-Instruct,margin,392,False
0.6,236.0,392.0,0.22033898305084745,0.7796610169491526,BioASQ,Meta-Llama-3-8B-Instruct,margin,392,False
0.55,216.0,392.0,0.2361111111111111,0.7638888888888888,BioASQ,Meta-Llama-3-8B-Instruct,margin,392,False
0.5,196.0,392.0,0.23979591836734693,0.7602040816326531,BioASQ,Meta-Llama-3-8B-Instruct,margin,392,False
0.45,177.0,392.0,0.24858757062146894,0.751412429378531,BioASQ,Meta-Llama-3-8B-Instruct,margin,392,False
0.4,157.0,392.0,0.2611464968152866,0.7388535031847134,BioASQ,Meta-Llama-3-8B-Instruct,margin,392,False
0.35,138.0,392.0,0.2753623188405797,0.7246376811594203,BioASQ,Meta-Llama-3-8B-Instruct,margin,392,False
0.3,118.0,392.0,0.2796610169491525,0.7203389830508475,BioASQ,Meta-Llama-3-8B-Instruct,margin,392,False
0.25,98.0,392.0,0.25510204081632654,0.7448979591836735,BioASQ,Meta-Llama-3-8B-Instruct,margin,392,False
0.2,79.0,392.0,0.27848101265822783,0.7215189873417722,BioASQ,Meta-Llama-3-8B-Instruct,margin,392,False
0.15,59.0,392.0,0.2711864406779661,0.728813559322034,BioASQ,Meta-Llama-3-8B-Instruct,margin,392,False
0.1,40.0,392.0,0.3,0.7,BioASQ,Meta-Llama-3-8B-Instruct,margin,392,False
1.0,392.0,392.0,0.23979591836734693,0.7602040816326531,BioASQ,Meta-Llama-3-8B-Instruct,combined,392,False
0.95,373.0,392.0,0.2520107238605898,0.7479892761394102,BioASQ,Meta-Llama-3-8B-Instruct,combined,392,False
0.9,353.0,392.0,0.26628895184135976,0.7337110481586402,BioASQ,Meta-Llama-3-8B-Instruct,combined,392,False
0.85,334.0,392.0,0.27844311377245506,0.721556886227545,BioASQ,Meta-Llama-3-8B-Instruct,combined,392,False
0.8,314.0,392.0,0.2898089171974522,0.7101910828025477,BioASQ,Meta-Llama-3-8B-Instruct,combined,392,False
0.75,294.0,392.0,0.30272108843537415,0.6972789115646258,BioASQ,Meta-Llama-3-8B-Instruct,combined,392,False
0.7,275.0,392.0,0.3054545454545455,0.6945454545454546,BioASQ,Meta-Llama-3-8B-Instruct,combined,392,False
0.65,255.0,392.0,0.3058823529411765,0.6941176470588235,BioASQ,Meta-Llama-3-8B-Instruct,combined,392,False
0.6,236.0,392.0,0.3050847457627119,0.6949152542372881,BioASQ,Meta-Llama-3-8B-Instruct,combined,392,False
0.55,216.0,392.0,0.3148148148148148,0.6851851851851851,BioASQ,Meta-Llama-3-8B-Instruct,combined,392,False
0.5,196.0,392.0,0.33163265306122447,0.6683673469387755,BioASQ,Meta-Llama-3-8B-Instruct,combined,392,False
0.45,177.0,392.0,0.3559322033898305,0.6440677966101696,BioASQ,Meta-Llama-3-8B-Instruct,combined,392,False
0.4,157.0,392.0,0.3885350318471338,0.6114649681528662,BioASQ,Meta-Llama-3-8B-Instruct,combined,392,False
0.35,138.0,392.0,0.42028985507246375,0.5797101449275363,BioASQ,Meta-Llama-3-8B-Instruct,combined,392,False
0.3,118.0,392.0,0.3983050847457627,0.6016949152542372,BioASQ,Meta-Llama-3-8B-Instruct,combined,392,False
0.25,98.0,392.0,0.40816326530612246,0.5918367346938775,BioASQ,Meta-Llama-3-8B-Instruct,combined,392,False
0.2,79.0,392.0,0.4177215189873418,0.5822784810126582,BioASQ,Meta-Llama-3-8B-Instruct,combined,392,False
0.15,59.0,392.0,0.5084745762711864,0.4915254237288136,BioASQ,Meta-Llama-3-8B-Instruct,combined,392,False
0.1,40.0,392.0,0.525,0.475,BioASQ,Meta-Llama-3-8B-Instruct,combined,392,False
1.0,392.0,392.0,0.23979591836734693,0.7602040816326531,BioASQ,Meta-Llama-3-8B-Instruct,combined_3,392,False
0.95,373.0,392.0,0.24932975871313673,0.7506702412868633,BioASQ,Meta-Llama-3-8B-Instruct,combined_3,392,False
0.9,353.0,392.0,0.26062322946175637,0.7393767705382437,BioASQ,Meta-Llama-3-8B-Instruct,combined_3,392,False
0.85,334.0,392.0,0.2694610778443114,0.7305389221556886,BioASQ,Meta-Llama-3-8B-Instruct,combined_3,392,False
0.8,314.0,392.0,0.2770700636942675,0.7229299363057324,BioASQ,Meta-Llama-3-8B-Instruct,combined_3,392,False
0.75,294.0,392.0,0.2925170068027211,0.7074829931972789,BioASQ,Meta-Llama-3-8B-Instruct,combined_3,392,False
0.7,275.0,392.0,0.3018181818181818,0.6981818181818182,BioASQ,Meta-Llama-3-8B-Instruct,combined_3,392,False
0.65,255.0,392.0,0.3137254901960784,0.6862745098039216,BioASQ,Meta-Llama-3-8B-Instruct,combined_3,392,False
0.6,236.0,392.0,0.3347457627118644,0.6652542372881356,BioASQ,Meta-Llama-3-8B-Instruct,combined_3,392,False
0.55,216.0,392.0,0.3472222222222222,0.6527777777777778,BioASQ,Meta-Llama-3-8B-Instruct,combined_3,392,False
0.5,196.0,392.0,0.3520408163265306,0.6479591836734694,BioASQ,Meta-Llama-3-8B-Instruct,combined_3,392,False
0.45,177.0,392.0,0.3785310734463277,0.6214689265536724,BioASQ,Meta-Llama-3-8B-Instruct,combined_3,392,False
0.4,157.0,392.0,0.37579617834394907,0.6242038216560509,BioASQ,Meta-Llama-3-8B-Instruct,combined_3,392,False
0.35,138.0,392.0,0.38405797101449274,0.6159420289855073,BioASQ,Meta-Llama-3-8B-Instruct,combined_3,392,False
0.3,118.0,392.0,0.3898305084745763,0.6101694915254237,BioASQ,Meta-Llama-3-8B-Instruct,combined_3,392,False
0.25,98.0,392.0,0.3673469387755102,0.6326530612244898,BioASQ,Meta-Llama-3-8B-Instruct,combined_3,392,False
0.2,79.0,392.0,0.379746835443038,0.620253164556962,BioASQ,Meta-Llama-3-8B-Instruct,combined_3,392,False
0.15,59.0,392.0,0.4745762711864407,0.5254237288135593,BioASQ,Meta-Llama-3-8B-Instruct,combined_3,392,False
0.1,40.0,392.0,0.4,0.6,BioASQ,Meta-Llama-3-8B-Instruct,combined_3,392,False
1.0,,,0.23979591836734687,0.7602040816326532,BioASQ,Meta-Llama-3-8B-Instruct,random,392,False
0.95,,,0.2414209115281501,0.75857908847185,BioASQ,Meta-Llama-3-8B-Instruct,random,392,False
0.9,,,0.24376770538243625,0.7562322946175637,BioASQ,Meta-Llama-3-8B-Instruct,random,392,False
0.85,,,0.24341317365269463,0.7565868263473053,BioASQ,Meta-Llama-3-8B-Instruct,random,392,False
0.8,,,0.24554140127388532,0.7544585987261146,BioASQ,Meta-Llama-3-8B-Instruct,random,392,False
0.75,,,0.24506802721088436,0.7549319727891156,BioASQ,Meta-Llama-3-8B-Instruct,random,392,False
0.7,,,0.24199999999999994,0.758,BioASQ,Meta-Llama-3-8B-Instruct,random,392,False
0.65,,,0.24176470588235296,0.758235294117647,BioASQ,Meta-Llama-3-8B-Instruct,random,392,False
0.6,,,0.24512711864406778,0.7548728813559322,BioASQ,Meta-Llama-3-8B-Instruct,random,392,False
0.55,,,0.24560185185185185,0.7543981481481481,BioASQ,Meta-Llama-3-8B-Instruct,random,392,False
0.5,,,0.24464285714285708,0.755357142857143,BioASQ,Meta-Llama-3-8B-Instruct,random,392,False
0.45,,,0.23983050847457626,0.7601694915254238,BioASQ,Meta-Llama-3-8B-Instruct,random,392,False
0.4,,,0.23694267515923567,0.7630573248407644,BioASQ,Meta-Llama-3-8B-Instruct,random,392,False
0.35,,,0.2344202898550724,0.7655797101449275,BioASQ,Meta-Llama-3-8B-Instruct,random,392,False
0.3,,,0.23389830508474577,0.7661016949152543,BioASQ,Meta-Llama-3-8B-Instruct,random,392,False
0.25,,,0.2362244897959184,0.7637755102040816,BioASQ,Meta-Llama-3-8B-Instruct,random,392,False
0.2,,,0.23607594936708862,0.7639240506329114,BioASQ,Meta-Llama-3-8B-Instruct,random,392,False
0.15,,,0.2508474576271187,0.7491525423728813,BioASQ,Meta-Llama-3-8B-Instruct,random,392,False
0.1,,,0.25625,0.74375,BioASQ,Meta-Llama-3-8B-Instruct,random,392,False
1.0,392.0,392.0,0.007653061224489796,0.9923469387755102,BioASQ,FLAN-T5-base,entropy,392,False
0.95,373.0,392.0,0.00804289544235925,0.9919571045576407,BioASQ,FLAN-T5-base,entropy,392,False
0.9,353.0,392.0,0.0056657223796034,0.9943342776203966,BioASQ,FLAN-T5-base,entropy,392,False
0.85,334.0,392.0,0.005988023952095809,0.9940119760479041,BioASQ,FLAN-T5-base,entropy,392,False
0.8,314.0,392.0,0.006369426751592357,0.9936305732484076,BioASQ,FLAN-T5-base,entropy,392,False
0.75,294.0,392.0,0.003401360544217687,0.9965986394557823,BioASQ,FLAN-T5-base,entropy,392,False
0.7,275.0,392.0,0.0036363636363636364,0.9963636363636363,BioASQ,FLAN-T5-base,entropy,392,False
0.65,255.0,392.0,0.00392156862745098,0.996078431372549,BioASQ,FLAN-T5-base,entropy,392,False
0.6,236.0,392.0,0.00423728813559322,0.9957627118644068,BioASQ,FLAN-T5-base,entropy,392,False
0.55,216.0,392.0,0.004629629629629629,0.9953703703703703,BioASQ,FLAN-T5-base,entropy,392,False
0.5,196.0,392.0,0.00510204081632653,0.9948979591836735,BioASQ,FLAN-T5-base,entropy,392,False
0.45,177.0,392.0,0.005649717514124294,0.9943502824858758,BioASQ,FLAN-T5-base,entropy,392,False
0.4,157.0,392.0,0.006369426751592357,0.9936305732484076,BioASQ,FLAN-T5-base,entropy,392,False
0.35,138.0,392.0,0.007246376811594203,0.9927536231884058,BioASQ,FLAN-T5-base,entropy,392,False
0.3,118.0,392.0,0.00847457627118644,0.9915254237288136,BioASQ,FLAN-T5-base,entropy,392,False
0.25,98.0,392.0,0.01020408163265306,0.9897959183673469,BioASQ,FLAN-T5-base,entropy,392,False
0.2,79.0,392.0,0.012658227848101266,0.9873417721518988,BioASQ,FLAN-T5-base,entropy,392,False
0.15,59.0,392.0,0.0,1.0,BioASQ,FLAN-T5-base,entropy,392,False
0.1,40.0,392.0,0.0,1.0,BioASQ,FLAN-T5-base,entropy,392,False
1.0,392.0,392.0,0.007653061224489796,0.9923469387755102,BioASQ,FLAN-T5-base,confidence,392,False
0.95,373.0,392.0,0.00804289544235925,0.9919571045576407,BioASQ,FLAN-T5-base,confidence,392,False
0.9,353.0,392.0,0.0084985835694051,0.9915014164305949,BioASQ,FLAN-T5-base,confidence,392,False
0.85,334.0,392.0,0.005988023952095809,0.9940119760479041,BioASQ,FLAN-T5-base,confidence,392,False
0.8,314.0,392.0,0.006369426751592357,0.9936305732484076,BioASQ,FLAN-T5-base,confidence,392,False
0.75,294.0,392.0,0.006802721088435374,0.9931972789115646,BioASQ,FLAN-T5-base,confidence,392,False
0.7,275.0,392.0,0.0036363636363636364,0.9963636363636363,BioASQ,FLAN-T5-base,confidence,392,False
0.65,255.0,392.0,0.00392156862745098,0.996078431372549,BioASQ,FLAN-T5-base,confidence,392,False
0.6,236.0,392.0,0.00423728813559322,0.9957627118644068,BioASQ,FLAN-T5-base,confidence,392,False
0.55,216.0,392.0,0.004629629629629629,0.9953703703703703,BioASQ,FLAN-T5-base,confidence,392,False
0.5,196.0,392.0,0.00510204081632653,0.9948979591836735,BioASQ,FLAN-T5-base,confidence,392,False
0.45,177.0,392.0,0.005649717514124294,0.9943502824858758,BioASQ,FLAN-T5-base,confidence,392,False
0.4,157.0,392.0,0.006369426751592357,0.9936305732484076,BioASQ,FLAN-T5-base,confidence,392,False
0.35,138.0,392.0,0.007246376811594203,0.9927536231884058,BioASQ,FLAN-T5-base,confidence,392,False
0.3,118.0,392.0,0.00847457627118644,0.9915254237288136,BioASQ,FLAN-T5-base,confidence,392,False
0.25,98.0,392.0,0.01020408163265306,0.9897959183673469,BioASQ,FLAN-T5-base,confidence,392,False
0.2,79.0,392.0,0.012658227848101266,0.9873417721518988,BioASQ,FLAN-T5-base,confidence,392,False
0.15,59.0,392.0,0.01694915254237288,0.9830508474576272,BioASQ,FLAN-T5-base,confidence,392,False
0.1,40.0,392.0,0.025,0.975,BioASQ,FLAN-T5-base,confidence,392,False
1.0,392.0,392.0,0.007653061224489796,0.9923469387755102,BioASQ,FLAN-T5-base,margin,392,False
0.95,373.0,392.0,0.00804289544235925,0.9919571045576407,BioASQ,FLAN-T5-base,margin,392,False
0.9,353.0,392.0,0.0084985835694051,0.9915014164305949,BioASQ,FLAN-T5-base,margin,392,False
0.85,334.0,392.0,0.008982035928143712,0.9910179640718563,BioASQ,FLAN-T5-base,margin,392,False
0.8,314.0,392.0,0.009554140127388535,0.9904458598726115,BioASQ,FLAN-T5-base,margin,392,False
0.75,294.0,392.0,0.01020408163265306,0.9897959183673469,BioASQ,FLAN-T5-base,margin,392,False
0.7,275.0,392.0,0.007272727272727273,0.9927272727272727,BioASQ,FLAN-T5-base,margin,392,False
0.65,255.0,392.0,0.00784313725490196,0.9921568627450981,BioASQ,FLAN-T5-base,margin,392,False
0.6,236.0,392.0,0.00847457627118644,0.9915254237288136,BioASQ,FLAN-T5-base,margin,392,False
0.55,216.0,392.0,0.004629629629629629,0.9953703703703703,BioASQ,FLAN-T5-base,margin,392,False
0.5,196.0,392.0,0.0,1.0,BioASQ,FLAN-T5-base,margin,392,False
0.45,177.0,392.0,0.0,1.0,BioASQ,FLAN-T5-base,margin,392,False
0.4,157.0,392.0,0.0,1.0,BioASQ,FLAN-T5-base,margin,392,False
0.35,138.0,392.0,0.0,1.0,BioASQ,FLAN-T5-base,margin,392,False
0.3,118.0,392.0,0.0,1.0,BioASQ,FLAN-T5-base,margin,392,False
0.25,98.0,392.0,0.0,1.0,BioASQ,FLAN-T5-base,margin,392,False
0.2,79.0,392.0,0.0,1.0,BioASQ,FLAN-T5-base,margin,392,False
0.15,59.0,392.0,0.0,1.0,BioASQ,FLAN-T5-base,margin,392,False
0.1,40.0,392.0,0.0,1.0,BioASQ,FLAN-T5-base,margin,392,False
1.0,392.0,392.0,0.007653061224489796,0.9923469387755102,BioASQ,FLAN-T5-base,combined,392,False
0.95,373.0,392.0,0.00804289544235925,0.9919571045576407,BioASQ,FLAN-T5-base,combined,392,False
0.9,353.0,392.0,0.0056657223796034,0.9943342776203966,BioASQ,FLAN-T5-base,combined,392,False
0.85,334.0,392.0,0.005988023952095809,0.9940119760479041,BioASQ,FLAN-T5-base,combined,392,False
0.8,314.0,392.0,0.0031847133757961785,0.9968152866242038,BioASQ,FLAN-T5-base,combined,392,False
0.75,294.0,392.0,0.003401360544217687,0.9965986394557823,BioASQ,FLAN-T5-base,combined,392,False
0.7,275.0,392.0,0.0036363636363636364,0.9963636363636363,BioASQ,FLAN-T5-base,combined,392,False
0.65,255.0,392.0,0.00392156862745098,0.996078431372549,BioASQ,FLAN-T5-base,combined,392,False
0.6,236.0,392.0,0.00423728813559322,0.9957627118644068,BioASQ,FLAN-T5-base,combined,392,False
0.55,216.0,392.0,0.004629629629629629,0.9953703703703703,BioASQ,FLAN-T5-base,combined,392,False
0.5,196.0,392.0,0.00510204081632653,0.9948979591836735,BioASQ,FLAN-T5-base,combined,392,False
0.45,177.0,392.0,0.005649717514124294,0.9943502824858758,BioASQ,FLAN-T5-base,combined,392,False
0.4,157.0,392.0,0.006369426751592357,0.9936305732484076,BioASQ,FLAN-T5-base,combined,392,False
0.35,138.0,392.0,0.007246376811594203,0.9927536231884058,BioASQ,FLAN-T5-base,combined,392,False
0.3,118.0,392.0,0.00847457627118644,0.9915254237288136,BioASQ,FLAN-T5-base,combined,392,False
0.25,98.0,392.0,0.01020408163265306,0.9897959183673469,BioASQ,FLAN-T5-base,combined,392,False
0.2,79.0,392.0,0.012658227848101266,0.9873417721518988,BioASQ,FLAN-T5-base,combined,392,False
0.15,59.0,392.0,0.0,1.0,BioASQ,FLAN-T5-base,combined,392,False
0.1,40.0,392.0,0.0,1.0,BioASQ,FLAN-T5-base,combined,392,False
1.0,392.0,392.0,0.007653061224489796,0.9923469387755102,BioASQ,FLAN-T5-base,combined_3,392,False
0.95,373.0,392.0,0.00804289544235925,0.9919571045576407,BioASQ,FLAN-T5-base,combined_3,392,False
0.9,353.0,392.0,0.0028328611898017,0.9971671388101983,BioASQ,FLAN-T5-base,combined_3,392,False
0.85,334.0,392.0,0.0029940119760479044,0.9970059880239521,BioASQ,FLAN-T5-base,combined_3,392,False
0.8,314.0,392.0,0.0031847133757961785,0.9968152866242038,BioASQ,FLAN-T5-base,combined_3,392,False
0.75,294.0,392.0,0.003401360544217687,0.9965986394557823,BioASQ,FLAN-T5-base,combined_3,392,False
0.7,275.0,392.0,0.0036363636363636364,0.9963636363636363,BioASQ,FLAN-T5-base,combined_3,392,False
0.65,255.0,392.0,0.00392156862745098,0.996078431372549,BioASQ,FLAN-T5-base,combined_3,392,False
0.6,236.0,392.0,0.00423728813559322,0.9957627118644068,BioASQ,FLAN-T5-base,combined_3,392,False
0.55,216.0,392.0,0.004629629629629629,0.9953703703703703,BioASQ,FLAN-T5-base,combined_3,392,False
0.5,196.0,392.0,0.00510204081632653,0.9948979591836735,BioASQ,FLAN-T5-base,combined_3,392,False
0.45,177.0,392.0,0.005649717514124294,0.9943502824858758,BioASQ,FLAN-T5-base,combined_3,392,False
0.4,157.0,392.0,0.006369426751592357,0.9936305732484076,BioASQ,FLAN-T5-base,combined_3,392,False
0.35,138.0,392.0,0.007246376811594203,0.9927536231884058,BioASQ,FLAN-T5-base,combined_3,392,False
0.3,118.0,392.0,0.00847457627118644,0.9915254237288136,BioASQ,FLAN-T5-base,combined_3,392,False
0.25,98.0,392.0,0.01020408163265306,0.9897959183673469,BioASQ,FLAN-T5-base,combined_3,392,False
0.2,79.0,392.0,0.012658227848101266,0.9873417721518988,BioASQ,FLAN-T5-base,combined_3,392,False
0.15,59.0,392.0,0.01694915254237288,0.9830508474576272,BioASQ,FLAN-T5-base,combined_3,392,False
0.1,40.0,392.0,0.0,1.0,BioASQ,FLAN-T5-base,combined_3,392,False
1.0,,,0.0076530612244897975,0.9923469387755102,BioASQ,FLAN-T5-base,random,392,False
0.95,,,0.007908847184986596,0.9920911528150134,BioASQ,FLAN-T5-base,random,392,False
0.9,,,0.007507082152974505,0.9924929178470255,BioASQ,FLAN-T5-base,random,392,False
0.85,,,0.007634730538922154,0.9923652694610778,BioASQ,FLAN-T5-base,random,392,False
0.8,,,0.007484076433121019,0.992515923566879,BioASQ,FLAN-T5-base,random,392,False
0.75,,,0.007312925170068027,0.992687074829932,BioASQ,FLAN-T5-base,random,392,False
0.7,,,0.00709090909090909,0.992909090909091,BioASQ,FLAN-T5-base,random,392,False
0.65,,,0.007058823529411765,0.9929411764705882,BioASQ,FLAN-T5-base,random,392,False
0.6,,,0.006991525423728814,0.9930084745762712,BioASQ,FLAN-T5-base,random,392,False
0.55,,,0.0060185185185185185,0.9939814814814815,BioASQ,FLAN-T5-base,random,392,False
0.5,,,0.006377551020408163,0.9936224489795918,BioASQ,FLAN-T5-base,random,392,False
0.45,,,0.005932203389830509,0.9940677966101695,BioASQ,FLAN-T5-base,random,392,False
0.4,,,0.0057324840764331215,0.9942675159235669,BioASQ,FLAN-T5-base,random,392,False
0.35,,,0.006159420289855073,0.993840579710145,BioASQ,FLAN-T5-base,random,392,False
0.3,,,0.00635593220338983,0.9936440677966102,BioASQ,FLAN-T5-base,random,392,False
0.25,,,0.00510204081632653,0.9948979591836735,BioASQ,FLAN-T5-base,random,392,False
0.2,,,0.00569620253164557,0.9943037974683544,BioASQ,FLAN-T5-base,random,392,False
0.15,,,0.006779661016949152,0.9932203389830508,BioASQ,FLAN-T5-base,random,392,False
0.1,,,0.0075,0.9925,BioASQ,FLAN-T5-base,random,392,False
